season,Date,HomeTeam,AwayTeam,FTR,dc_pA,dc_pD,dc_pH,dcx_pA,dcx_pD,dcx_pH
2020-21,2020-09-12,Fulham,Arsenal,A,0.6739,0.1975,0.1286,0.29,0.26,0.45
2020-21,2020-09-12,Liverpool,Leeds,H,0.29,0.26,0.45,0.29,0.26,0.45
2020-21,2020-09-12,Crystal Palace,Southampton,H,0.3185,0.2921,0.3894,0.29,0.26,0.45
2020-21,2020-09-12,West Ham,Newcastle,A,0.2572,0.2716,0.4712,0.29,0.26,0.45
2020-21,2020-09-12,Cadiz,Osasuna,A,0.29,0.26,0.45,0.29,0.26,0.45
2020-21,2020-09-12,Granada,Ath Bilbao,H,0.2869,0.3023,0.4108,0.29,0.26,0.45
2020-21,2020-09-12,Eibar,Celta,D,0.2952,0.2808,0.4241,0.29,0.26,0.45
2020-21,2020-09-13,Tottenham,Everton,A,0.1638,0.2342,0.602,0.29,0.26,0.45
2020-21,2020-09-13,Villarreal,Huesca,D,0.1521,0.2043,0.6436,0.29,0.26,0.45
2020-21,2020-09-13,West Brom,Leicester,A,0.4568,0.2945,0.2487,0.29,0.26,0.45
2020-21,2020-09-13,Alaves,Betis,A,0.3478,0.2909,0.3613,0.29,0.26,0.45
2020-21,2020-09-13,Valencia,Levante,H,0.2361,0.2547,0.5093,0.29,0.26,0.45
2020-21,2020-09-13,Valladolid,Sociedad,D,0.3851,0.3192,0.2956,0.29,0.26,0.45
2020-21,2020-09-14,Brighton,Chelsea,A,0.5227,0.2625,0.2148,0.29,0.26,0.45
2020-21,2020-09-14,Sheffield United,Wolves,A,0.3132,0.3542,0.3326,0.29,0.26,0.45
2020-21,2020-09-18,Bayern Munich,Schalke 04,H,0.0379,0.1019,0.8602,0.29,0.26,0.45
2020-21,2020-09-19,Celta,Valencia,H,0.3603,0.2831,0.3566,0.29,0.26,0.45
2020-21,2020-09-19,Arsenal,West Ham,H,0.1734,0.2134,0.6132,0.29,0.26,0.45
2020-21,2020-09-19,Man United,Crystal Palace,A,0.1199,0.2242,0.6559,0.29,0.26,0.45
2020-21,2020-09-19,Leeds,Fulham,H,0.29,0.26,0.45,0.29,0.26,0.45
2020-21,2020-09-19,Everton,West Brom,H,0.2002,0.2892,0.5106,0.29,0.26,0.45
2020-21,2020-09-19,Getafe,Osasuna,H,0.1971,0.2808,0.5222,0.29,0.26,0.45
2020-21,2020-09-19,Union Berlin,Augsburg,A,0.3063,0.2672,0.4265,0.29,0.26,0.45
2020-21,2020-09-19,Werder Bremen,Hertha,A,0.3047,0.2587,0.4366,0.29,0.26,0.45
2020-21,2020-09-19,Stuttgart,Freiburg,A,0.3794,0.292,0.3286,0.29,0.26,0.45
2020-21,2020-09-19,FC Koln,Hoffenheim,A,0.4611,0.233,0.3059,0.29,0.26,0.45
2020-21,2020-09-19,Ein Frankfurt,Bielefeld,D,0.29,0.26,0.45,0.29,0.26,0.45
2020-21,2020-09-19,Dortmund,M'gladbach,H,0.2149,0.2251,0.56,0.29,0.26,0.45
2020-21,2020-09-19,Villarreal,Eibar,H,0.1915,0.2448,0.5636,0.29,0.26,0.45
2020-21,2020-09-20,Southampton,Tottenham,A,0.4818,0.2609,0.2573,0.29,0.26,0.45
2020-21,2020-09-20,Leicester,Burnley,H,0.1904,0.2566,0.553,0.29,0.26,0.45
2020-21,2020-09-20,Chelsea,Liverpool,A,0.4691,0.252,0.2789,0.29,0.26,0.45
2020-21,2020-09-20,Betis,Valladolid,H,0.2469,0.3062,0.4469,0.29,0.26,0.45
2020-21,2020-09-20,Newcastle,Brighton,A,0.2441,0.3061,0.4497,0.29,0.26,0.45
2020-21,2020-09-20,Granada,Alaves,H,0.1913,0.2656,0.5431,0.29,0.26,0.45
2020-21,2020-09-20,Huesca,Cadiz,A,0.29,0.26,0.45,0.29,0.26,0.45
2020-21,2020-09-20,Wolfsburg,Leverkusen,D,0.3737,0.2616,0.3647,0.29,0.26,0.45
2020-21,2020-09-20,RB Leipzig,Mainz,H,0.0976,0.1699,0.7325,0.29,0.26,0.45
2020-21,2020-09-20,Sociedad,Real Madrid,D,0.5149,0.2513,0.2338,0.29,0.26,0.45
2020-21,2020-09-21,Aston Villa,Sheffield United,H,0.399,0.3267,0.2743,0.29,0.26,0.45
2020-21,2020-09-21,Wolves,Man City,A,0.5735,0.2506,0.1759,0.29,0.26,0.45
2020-21,2020-09-25,Hertha,Ein Frankfurt,A,0.3451,0.255,0.3999,0.29,0.26,0.45
2020-21,2020-09-26,M'gladbach,Union Berlin,D,0.1465,0.2199,0.6336,0.29,0.26,0.45
2020-21,2020-09-26,Burnley,Southampton,A,0.2944,0.2807,0.4249,0.29,0.26,0.45
2020-21,2020-09-26,West Brom,Chelsea,D,0.6082,0.2242,0.1676,0.29,0.26,0.45
2020-21,2020-09-26,Crystal Palace,Everton,A,0.3323,0.3048,0.363,0.29,0.26,0.45
2020-21,2020-09-26,Brighton,Man United,A,0.526,0.2746,0.1993,0.29,0.26,0.45
2020-21,2020-09-26,Betis,Real Madrid,A,0.6014,0.2269,0.1717,0.29,0.26,0.45
2020-21,2020-09-26,Alaves,Getafe,D,0.4117,0.3382,0.2501,0.29,0.26,0.45
2020-21,2020-09-26,Valencia,Huesca,D,0.1593,0.2228,0.618,0.29,0.26,0.45
2020-21,2020-09-26,Mainz,Stuttgart,A,0.2437,0.2679,0.4884,0.29,0.26,0.45
2020-21,2020-09-26,Leverkusen,RB Leipzig,D,0.4019,0.2582,0.3399,0.29,0.26,0.45
2020-21,2020-09-26,Bielefeld,FC Koln,H,0.3588,0.3477,0.2935,0.29,0.26,0.45
2020-21,2020-09-26,Augsburg,Dortmund,H,0.6117,0.2066,0.1818,0.29,0.26,0.45
2020-21,2020-09-26,Elche,Sociedad,A,0.4598,0.2852,0.2549,0.29,0.26,0.45
2020-21,2020-09-26,Schalke 04,Werder Bremen,A,0.3458,0.274,0.3802,0.29,0.26,0.45
2020-21,2020-09-27,Sheffield United,Leeds,A,0.2839,0.2332,0.483,0.29,0.26,0.45
2020-21,2020-09-27,Tottenham,Newcastle,D,0.1321,0.2238,0.6441,0.29,0.26,0.45
2020-21,2020-09-27,West Ham,Wolves,H,0.399,0.2933,0.3077,0.29,0.26,0.45
2020-21,2020-09-27,Man City,Leicester,A,0.0895,0.1568,0.7537,0.29,0.26,0.45
2020-21,2020-09-27,Hoffenheim,Bayern Munich,H,0.6602,0.1883,0.1514,0.29,0.26,0.45
2020-21,2020-09-27,Barcelona,Villarreal,H,0.1141,0.1708,0.7151,0.29,0.26,0.45
2020-21,2020-09-27,Freiburg,Wolfsburg,D,0.3441,0.2833,0.3726,0.29,0.26,0.45
2020-21,2020-09-27,Cadiz,Sevilla,A,0.4453,0.3267,0.2279,0.29,0.26,0.45
2020-21,2020-09-27,Ath Madrid,Granada,H,0.1484,0.2715,0.58,0.29,0.26,0.45
2020-21,2020-09-27,Eibar,Ath Bilbao,A,0.3268,0.3188,0.3544,0.29,0.26,0.45
2020-21,2020-09-27,Osasuna,Levante,A,0.3126,0.2548,0.4326,0.29,0.26,0.45
2020-21,2020-09-27,Valladolid,Celta,D,0.3296,0.3257,0.3447,0.29,0.26,0.45
2020-21,2020-09-28,Fulham,Aston Villa,A,0.4004,0.2823,0.3173,0.29,0.26,0.45
2020-21,2020-09-28,Liverpool,Arsenal,H,0.1677,0.2177,0.6146,0.29,0.26,0.45
2020-21,2020-09-29,Sociedad,Valencia,A,0.2926,0.2761,0.4314,0.29,0.26,0.45
2020-21,2020-09-29,Getafe,Betis,H,0.2177,0.2952,0.4871,0.29,0.26,0.45
2020-21,2020-09-30,Eibar,Elche,A,0.2124,0.285,0.5026,0.29,0.26,0.45
2020-21,2020-09-30,Villarreal,Alaves,H,0.1546,0.2418,0.6036,0.29,0.26,0.45
2020-21,2020-09-30,Huesca,Ath Madrid,D,0.6226,0.2464,0.1309,0.29,0.26,0.45
2020-21,2020-09-30,Real Madrid,Valladolid,H,0.0789,0.1975,0.7236,0.29,0.26,0.45
2020-21,2020-10-01,Ath Bilbao,Cadiz,A,0.1992,0.3436,0.4572,0.29,0.26,0.45
2020-21,2020-10-01,Sevilla,Levante,H,0.184,0.2317,0.5843,0.29,0.26,0.45
2020-21,2020-10-01,Celta,Barcelona,A,0.6654,0.195,0.1396,0.29,0.26,0.45
2020-21,2020-10-02,Union Berlin,Mainz,H,0.3201,0.276,0.4039,0.29,0.26,0.45
2020-21,2020-10-03,Sociedad,Getafe,H,0.2965,0.3189,0.3846,0.29,0.26,0.45
2020-21,2020-10-03,Newcastle,Burnley,H,0.3027,0.3076,0.3898,0.29,0.26,0.45
2020-21,2020-10-03,Leeds,Man City,D,0.8301,0.0942,0.0757,0.29,0.26,0.45
2020-21,2020-10-03,Everton,Brighton,H,0.2098,0.2787,0.5115,0.29,0.26,0.45
2020-21,2020-10-03,Chelsea,Crystal Palace,H,0.1616,0.2368,0.6017,0.29,0.26,0.45
2020-21,2020-10-03,Valencia,Betis,A,0.2363,0.2586,0.5051,0.29,0.26,0.45
2020-21,2020-10-03,Elche,Huesca,D,0.298,0.2853,0.4166,0.29,0.26,0.45
2020-21,2020-10-03,Ath Madrid,Villarreal,D,0.1669,0.2732,0.5598,0.29,0.26,0.45
2020-21,2020-10-03,RB Leipzig,Schalke 04,H,0.0846,0.1663,0.7492,0.29,0.26,0.45
2020-21,2020-10-03,Werder Bremen,Bielefeld,H,0.1839,0.3309,0.4852,0.29,0.26,0.45
2020-21,2020-10-03,Stuttgart,Leverkusen,D,0.5404,0.2483,0.2113,0.29,0.26,0.45
2020-21,2020-10-03,FC Koln,M'gladbach,A,0.4847,0.2448,0.2704,0.29,0.26,0.45
2020-21,2020-10-03,Ein Frankfurt,Hoffenheim,H,0.3511,0.2412,0.4076,0.29,0.26,0.45
2020-21,2020-10-03,Dortmund,Freiburg,H,0.1164,0.1773,0.7063,0.29,0.26,0.45
2020-21,2020-10-03,Valladolid,Eibar,A,0.3122,0.3369,0.3509,0.29,0.26,0.45
2020-21,2020-10-04,Barcelona,Sevilla,D,0.1403,0.2003,0.6593,0.29,0.26,0.45
2020-21,2020-10-04,Alaves,Ath Bilbao,H,0.3803,0.3287,0.291,0.29,0.26,0.45
2020-21,2020-10-04,Osasuna,Celta,H,0.3052,0.2706,0.4242,0.29,0.26,0.45
2020-21,2020-10-04,Bayern Munich,Hertha,H,0.0464,0.1031,0.8505,0.29,0.26,0.45
2020-21,2020-10-04,Levante,Real Madrid,A,0.6105,0.217,0.1725,0.29,0.26,0.45
2020-21,2020-10-04,Wolfsburg,Augsburg,D,0.2172,0.2481,0.5347,0.29,0.26,0.45
2020-21,2020-10-04,Cadiz,Granada,D,0.385,0.3343,0.2808,0.29,0.26,0.45
2020-21,2020-10-04,Southampton,West Brom,H,0.1909,0.2445,0.5647,0.29,0.26,0.45
2020-21,2020-10-04,Leicester,West Ham,A,0.2074,0.2326,0.56,0.29,0.26,0.45
2020-21,2020-10-04,Arsenal,Sheffield United,H,0.1791,0.2836,0.5373,0.29,0.26,0.45
2020-21,2020-10-04,Aston Villa,Liverpool,H,0.706,0.1872,0.1068,0.29,0.26,0.45
2020-21,2020-10-04,Man United,Tottenham,A,0.2895,0.2738,0.4368,0.29,0.26,0.45
2020-21,2020-10-04,Wolves,Fulham,H,0.089,0.1991,0.7119,0.29,0.26,0.45
2020-21,2020-10-17,Man City,Arsenal,H,0.1312,0.1926,0.6763,0.2828,0.2942,0.423
2020-21,2020-10-17,Mainz,Leverkusen,A,0.5102,0.2536,0.2362,0.2828,0.2942,0.423
2020-21,2020-10-17,Newcastle,Man United,A,0.4895,0.2809,0.2296,0.2828,0.2942,0.423
2020-21,2020-10-17,Chelsea,Southampton,D,0.1658,0.2187,0.6156,0.2828,0.2942,0.423
2020-21,2020-10-17,Celta,Ath Madrid,A,0.5454,0.2876,0.167,0.2828,0.2942,0.423
2020-21,2020-10-17,Everton,Liverpool,D,0.543,0.2415,0.2154,0.2828,0.2942,0.423
2020-21,2020-10-17,Getafe,Barcelona,H,0.5509,0.2663,0.1828,0.2828,0.2942,0.423
2020-21,2020-10-17,M'gladbach,Wolfsburg,D,0.2309,0.2711,0.4981,0.29,0.26,0.45
2020-21,2020-10-17,Granada,Sevilla,H,0.4077,0.2831,0.3092,0.2828,0.2942,0.423
2020-21,2020-10-17,Bielefeld,Bayern Munich,A,0.6107,0.3097,0.0797,0.2828,0.2942,0.423
2020-21,2020-10-17,Hoffenheim,Dortmund,A,0.4559,0.2365,0.3076,0.2828,0.2942,0.423
2020-21,2020-10-17,Hertha,Stuttgart,A,0.2424,0.255,0.5026,0.2828,0.2942,0.423
2020-21,2020-10-17,Freiburg,Werder Bremen,D,0.2991,0.2677,0.4333,0.2828,0.2942,0.423
2020-21,2020-10-17,Augsburg,RB Leipzig,A,0.5843,0.2332,0.1824,0.2828,0.2942,0.423
2020-21,2020-10-17,Real Madrid,Cadiz,A,0.0813,0.1953,0.7234,0.2828,0.2942,0.423
2020-21,2020-10-18,Betis,Sociedad,A,0.3861,0.2727,0.3412,0.2828,0.2942,0.423
2020-21,2020-10-18,Tottenham,West Ham,D,0.1638,0.2141,0.6221,0.2828,0.2942,0.423
2020-21,2020-10-18,Crystal Palace,Brighton,D,0.2485,0.3093,0.4422,0.2828,0.2942,0.423
2020-21,2020-10-18,Sheffield United,Fulham,D,0.1391,0.2926,0.5682,0.2828,0.2942,0.423
2020-21,2020-10-18,Alaves,Elche,A,0.146,0.3767,0.4773,0.2828,0.2942,0.423
2020-21,2020-10-18,Huesca,Valladolid,D,0.2918,0.341,0.3673,0.2828,0.2942,0.423
2020-21,2020-10-18,Ath Bilbao,Levante,H,0.276,0.2925,0.4315,0.2828,0.2942,0.423
2020-21,2020-10-18,Eibar,Osasuna,D,0.3068,0.2849,0.4084,0.2828,0.2942,0.423
2020-21,2020-10-18,Schalke 04,Union Berlin,D,0.3583,0.2889,0.3527,0.2828,0.2942,0.423
2020-21,2020-10-18,FC Koln,Ein Frankfurt,D,0.4439,0.2411,0.3151,0.2828,0.2942,0.423
2020-21,2020-10-18,Leicester,Aston Villa,A,0.183,0.2297,0.5873,0.2828,0.2942,0.423
2020-21,2020-10-18,Villarreal,Valencia,H,0.2634,0.2707,0.4659,0.2828,0.2942,0.423
2020-21,2020-10-19,West Brom,Burnley,D,0.3758,0.2982,0.326,0.29,0.26,0.45
2020-21,2020-10-19,Leeds,Wolves,A,0.2975,0.2629,0.4396,0.2828,0.2942,0.423
2020-21,2020-10-23,Stuttgart,FC Koln,D,0.287,0.2554,0.4576,0.2828,0.2942,0.423
2020-21,2020-10-23,Elche,Valencia,H,0.5159,0.3441,0.14,0.2828,0.2942,0.423
2020-21,2020-10-23,Aston Villa,Leeds,A,0.4461,0.233,0.3208,0.2828,0.2942,0.423
2020-21,2020-10-24,Union Berlin,Freiburg,D,0.3088,0.2817,0.4095,0.2828,0.2942,0.423
2020-21,2020-10-24,Dortmund,Schalke 04,H,0.0768,0.1498,0.7733,0.2828,0.2942,0.423
2020-21,2020-10-24,Bayern Munich,Ein Frankfurt,H,0.0738,0.1269,0.7993,0.2828,0.2942,0.423
2020-21,2020-10-24,Mainz,M'gladbach,A,0.5027,0.2593,0.2381,0.29,0.26,0.45
2020-21,2020-10-24,RB Leipzig,Hertha,H,0.1224,0.1895,0.6881,0.2828,0.2942,0.423
2020-21,2020-10-24,Barcelona,Real Madrid,A,0.2414,0.2447,0.5139,0.2828,0.2942,0.423
2020-21,2020-10-24,Ath Madrid,Betis,H,0.1073,0.2286,0.6642,0.2828,0.2942,0.423
2020-21,2020-10-24,Sevilla,Eibar,A,0.1569,0.2499,0.5932,0.2828,0.2942,0.423
2020-21,2020-10-24,West Ham,Man City,D,0.6909,0.1813,0.1278,0.2828,0.2942,0.423
2020-21,2020-10-24,Fulham,Crystal Palace,A,0.4529,0.3041,0.243,0.2828,0.2942,0.423
2020-21,2020-10-24,Man United,Chelsea,D,0.2881,0.2577,0.4543,0.2828,0.2942,0.423
2020-21,2020-10-24,Liverpool,Sheffield United,H,0.1058,0.2336,0.6606,0.2828,0.2942,0.423
2020-21,2020-10-24,Osasuna,Ath Bilbao,H,0.3233,0.3078,0.3689,0.2828,0.2942,0.423
2020-21,2020-10-25,Valladolid,Alaves,A,0.2591,0.3519,0.389,0.2828,0.2942,0.423
2020-21,2020-10-25,Wolfsburg,Bielefeld,H,0.1378,0.4358,0.4263,0.2828,0.2942,0.423
2020-21,2020-10-25,Werder Bremen,Hoffenheim,D,0.4301,0.2471,0.3228,0.2828,0.2942,0.423
2020-21,2020-10-25,Cadiz,Villarreal,D,0.428,0.3013,0.2708,0.2828,0.2942,0.423
2020-21,2020-10-25,Getafe,Granada,A,0.2527,0.31,0.4373,0.2828,0.2942,0.423
2020-21,2020-10-25,Southampton,Everton,H,0.3598,0.2775,0.3627,0.2828,0.2942,0.423
2020-21,2020-10-25,Wolves,Newcastle,D,0.1949,0.3058,0.4993,0.2828,0.2942,0.423
2020-21,2020-10-25,Arsenal,Leicester,A,0.2567,0.255,0.4883,0.2828,0.2942,0.423
2020-21,2020-10-25,Sociedad,Huesca,H,0.1619,0.2436,0.5944,0.2828,0.2942,0.423
2020-21,2020-10-26,Leverkusen,Augsburg,H,0.1683,0.2256,0.6061,0.2828,0.2942,0.423
2020-21,2020-10-26,Levante,Celta,D,0.2786,0.2631,0.4583,0.2828,0.2942,0.423
2020-21,2020-10-26,Brighton,West Brom,D,0.25,0.2861,0.464,0.29,0.26,0.45
2020-21,2020-10-26,Burnley,Tottenham,A,0.5251,0.2667,0.2082,0.2828,0.2942,0.423
2020-21,2020-10-30,Schalke 04,Stuttgart,D,0.3313,0.2885,0.3802,0.2828,0.2942,0.423
2020-21,2020-10-30,Eibar,Cadiz,A,0.2622,0.3191,0.4187,0.2828,0.2942,0.423
2020-21,2020-10-30,Wolves,Crystal Palace,H,0.1933,0.3074,0.4993,0.2828,0.2942,0.423
2020-21,2020-10-31,Bielefeld,Dortmund,A,0.6458,0.2333,0.121,0.2828,0.2942,0.423
2020-21,2020-10-31,Augsburg,Mainz,H,0.2633,0.2552,0.4816,0.2828,0.2942,0.423
2020-21,2020-10-31,Ath Bilbao,Sevilla,H,0.3807,0.3219,0.2975,0.2828,0.2942,0.423
2020-21,2020-10-31,Real Madrid,Huesca,H,0.0654,0.1419,0.7927,0.2828,0.2942,0.423
2020-21,2020-10-31,Burnley,Chelsea,A,0.496,0.2673,0.2367,0.2828,0.2942,0.423
2020-21,2020-10-31,Ein Frankfurt,Werder Bremen,D,0.2505,0.2381,0.5114,0.2828,0.2942,0.423
2020-21,2020-10-31,Osasuna,Ath Madrid,A,0.5469,0.2799,0.1732,0.2828,0.2942,0.423
2020-21,2020-10-31,M'gladbach,RB Leipzig,H,0.4019,0.2616,0.3364,0.29,0.26,0.45
2020-21,2020-10-31,Alaves,Barcelona,D,0.7231,0.1788,0.0981,0.2828,0.2942,0.423
2020-21,2020-10-31,Sheffield United,Man City,A,0.633,0.2398,0.1271,0.2828,0.2942,0.423
2020-21,2020-10-31,Liverpool,West Ham,H,0.107,0.1612,0.7318,0.2828,0.2942,0.423
2020-21,2020-10-31,FC Koln,Bayern Munich,A,0.8103,0.1193,0.0705,0.2828,0.2942,0.423
2020-21,2020-11-01,Valencia,Getafe,D,0.3095,0.3278,0.3627,0.2828,0.2942,0.423
2020-21,2020-11-01,Freiburg,Leverkusen,A,0.4546,0.2657,0.2797,0.2828,0.2942,0.423
2020-21,2020-11-01,Hertha,Wolfsburg,D,0.3454,0.2787,0.3759,0.2828,0.2942,0.423
2020-21,2020-11-01,Betis,Elche,H,0.3359,0.3169,0.3471,0.2828,0.2942,0.423
2020-21,2020-11-01,Celta,Sociedad,A,0.4335,0.2734,0.2932,0.2828,0.2942,0.423
2020-21,2020-11-01,Granada,Levante,D,0.2485,0.2508,0.5007,0.2828,0.2942,0.423
2020-21,2020-11-01,Tottenham,Brighton,H,0.1077,0.1979,0.6944,0.2828,0.2942,0.423
2020-21,2020-11-01,Man United,Arsenal,A,0.2642,0.2601,0.4757,0.2828,0.2942,0.423
2020-21,2020-11-01,Newcastle,Everton,H,0.3754,0.291,0.3335,0.2828,0.2942,0.423
2020-21,2020-11-01,Aston Villa,Southampton,A,0.3393,0.2746,0.3861,0.2828,0.2942,0.423
2020-21,2020-11-02,Leeds,Leicester,A,0.3,0.2472,0.4528,0.2828,0.2942,0.423
2020-21,2020-11-02,Villarreal,Valladolid,H,0.1554,0.265,0.5796,0.2828,0.2942,0.423
2020-21,2020-11-02,Hoffenheim,Union Berlin,A,0.1719,0.2186,0.6095,0.2828,0.2942,0.423
2020-21,2020-11-02,Fulham,West Brom,H,0.3932,0.2995,0.3073,0.29,0.26,0.45
2020-21,2020-11-06,Southampton,Newcastle,H,0.2637,0.2795,0.4569,0.2828,0.2942,0.423
2020-21,2020-11-06,Werder Bremen,FC Koln,D,0.2623,0.2396,0.498,0.2828,0.2942,0.423
2020-21,2020-11-06,Elche,Celta,D,0.2356,0.3147,0.4497,0.2828,0.2942,0.423
2020-21,2020-11-06,Brighton,Burnley,D,0.3166,0.3109,0.3725,0.2828,0.2942,0.423
2020-21,2020-11-07,Sevilla,Osasuna,H,0.1665,0.2462,0.5872,0.2828,0.2942,0.423
2020-21,2020-11-07,Everton,Man United,A,0.4448,0.2654,0.2898,0.2828,0.2942,0.423
2020-21,2020-11-07,Augsburg,Hertha,A,0.341,0.2636,0.3954,0.2828,0.2942,0.423
2020-21,2020-11-07,West Ham,Fulham,H,0.0967,0.1709,0.7324,0.2828,0.2942,0.423
2020-21,2020-11-07,Crystal Palace,Leeds,H,0.4579,0.2672,0.275,0.2828,0.2942,0.423
2020-21,2020-11-07,Ath Madrid,Cadiz,H,0.1919,0.3738,0.4343,0.2828,0.2942,0.423
2020-21,2020-11-07,Barcelona,Betis,H,0.0597,0.1157,0.8246,0.2828,0.2942,0.423
2020-21,2020-11-07,Dortmund,Bayern Munich,A,0.4704,0.229,0.3006,0.2828,0.2942,0.423
2020-21,2020-11-07,Union Berlin,Bielefeld,H,0.2163,0.3149,0.4687,0.2828,0.2942,0.423
2020-21,2020-11-07,Stuttgart,Ein Frankfurt,D,0.3885,0.2652,0.3463,0.2828,0.2942,0.423
2020-21,2020-11-07,RB Leipzig,Freiburg,H,0.1207,0.192,0.6872,0.2828,0.2942,0.423
2020-21,2020-11-07,Mainz,Schalke 04,D,0.2802,0.2717,0.4481,0.2828,0.2942,0.423
2020-21,2020-11-07,Chelsea,Sheffield United,H,0.1722,0.2713,0.5565,0.2828,0.2942,0.423
2020-21,2020-11-07,Huesca,Eibar,D,0.336,0.2884,0.3756,0.2828,0.2942,0.423
2020-21,2020-11-08,Valencia,Real Madrid,H,0.5379,0.2541,0.208,0.2828,0.2942,0.423
2020-21,2020-11-08,Arsenal,Aston Villa,A,0.1447,0.2171,0.6382,0.2828,0.2942,0.423
2020-21,2020-11-08,Man City,Liverpool,D,0.2229,0.2268,0.5503,0.2828,0.2942,0.423
2020-21,2020-11-08,Leicester,Wolves,H,0.2666,0.2933,0.44,0.2828,0.2942,0.423
2020-21,2020-11-08,West Brom,Tottenham,A,0.6204,0.2318,0.1478,0.29,0.26,0.45
2020-21,2020-11-08,Sociedad,Granada,H,0.2416,0.2591,0.4993,0.2828,0.2942,0.423
2020-21,2020-11-08,Levante,Alaves,D,0.235,0.2703,0.4947,0.2828,0.2942,0.423
2020-21,2020-11-08,Getafe,Villarreal,A,0.3016,0.3177,0.3806,0.2828,0.2942,0.423
2020-21,2020-11-08,Leverkusen,M'gladbach,H,0.2875,0.2602,0.4523,0.29,0.26,0.45
2020-21,2020-11-08,Wolfsburg,Hoffenheim,H,0.3559,0.2698,0.3742,0.2828,0.2942,0.423
2020-21,2020-11-08,Valladolid,Ath Bilbao,H,0.3627,0.3531,0.2841,0.2828,0.2942,0.423
2020-21,2020-11-20,Osasuna,Huesca,D,0.2611,0.2706,0.4684,0.2828,0.2942,0.423
2020-21,2020-11-21,Sevilla,Celta,H,0.1571,0.2423,0.6006,0.2828,0.2942,0.423
2020-21,2020-11-21,Ath Madrid,Barcelona,H,0.2956,0.2928,0.4116,0.2828,0.2942,0.423
2020-21,2020-11-21,Villarreal,Real Madrid,D,0.4457,0.2634,0.2909,0.2828,0.2942,0.423
2020-21,2020-11-21,Bayern Munich,Werder Bremen,D,0.0383,0.0862,0.8755,0.2828,0.2942,0.423
2020-21,2020-11-21,Aston Villa,Brighton,A,0.2457,0.2751,0.4792,0.2828,0.2942,0.423
2020-21,2020-11-21,Newcastle,Chelsea,A,0.5235,0.2564,0.2201,0.2828,0.2942,0.423
2020-21,2020-11-21,Levante,Elche,D,0.2719,0.2875,0.4406,0.2828,0.2942,0.423
2020-21,2020-11-21,Tottenham,Man City,H,0.4981,0.2526,0.2493,0.2828,0.2942,0.423
2020-21,2020-11-21,Ein Frankfurt,RB Leipzig,D,0.5246,0.2382,0.2372,0.2828,0.2942,0.423
2020-21,2020-11-21,Schalke 04,Wolfsburg,A,0.4382,0.2892,0.2725,0.2828,0.2942,0.423
2020-21,2020-11-21,M'gladbach,Augsburg,D,0.1564,0.213,0.6306,0.29,0.26,0.45
2020-21,2020-11-21,Hoffenheim,Stuttgart,D,0.1755,0.2198,0.6047,0.2828,0.2942,0.423
2020-21,2020-11-21,Bielefeld,Leverkusen,A,0.7349,0.1866,0.0785,0.2828,0.2942,0.423
2020-21,2020-11-21,Man United,West Brom,H,0.0696,0.1678,0.7626,0.29,0.26,0.45
2020-21,2020-11-21,Hertha,Dortmund,A,0.5595,0.2278,0.2127,0.2828,0.2942,0.423
2020-21,2020-11-22,Fulham,Everton,A,0.5811,0.2431,0.1758,0.2828,0.2942,0.423
2020-21,2020-11-22,Granada,Valladolid,A,0.1988,0.2997,0.5015,0.2828,0.2942,0.423
2020-21,2020-11-22,Sheffield United,West Ham,A,0.3428,0.3082,0.3491,0.2828,0.2942,0.423
2020-21,2020-11-22,Freiburg,Mainz,A,0.2462,0.2552,0.4986,0.2828,0.2942,0.423
2020-21,2020-11-22,FC Koln,Union Berlin,A,0.3645,0.2603,0.3752,0.2828,0.2942,0.423
2020-21,2020-11-22,Eibar,Getafe,D,0.3648,0.335,0.3002,0.2828,0.2942,0.423
2020-21,2020-11-22,Cadiz,Sociedad,A,0.3801,0.3124,0.3075,0.2828,0.2942,0.423
2020-21,2020-11-22,Alaves,Valencia,D,0.4247,0.2992,0.2761,0.2828,0.2942,0.423
2020-21,2020-11-22,Liverpool,Leicester,H,0.1768,0.2204,0.6027,0.2828,0.2942,0.423
2020-21,2020-11-22,Leeds,Arsenal,D,0.5405,0.2122,0.2473,0.2828,0.2942,0.423
2020-21,2020-11-23,Ath Bilbao,Betis,H,0.253,0.2829,0.4641,0.2828,0.2942,0.423
2020-21,2020-11-23,Wolves,Southampton,D,0.2374,0.2874,0.4753,0.2828,0.2942,0.423
2020-21,2020-11-23,Burnley,Crystal Palace,H,0.3141,0.3178,0.3681,0.2828,0.2942,0.423
2020-21,2020-11-27,Valladolid,Levante,D,0.3478,0.3117,0.3405,0.2828,0.2942,0.423
2020-21,2020-11-27,Wolfsburg,Werder Bremen,H,0.2325,0.2651,0.5024,0.2828,0.2942,0.423
2020-21,2020-11-27,Crystal Palace,Newcastle,A,0.275,0.3063,0.4187,0.2828,0.2942,0.423
2020-21,2020-11-28,Man City,Burnley,H,0.0471,0.1272,0.8257,0.2828,0.2942,0.423
2020-21,2020-11-28,Augsburg,Freiburg,D,0.3194,0.2696,0.4109,0.2828,0.2942,0.423
2020-21,2020-11-28,Brighton,Liverpool,D,0.6635,0.2101,0.1265,0.2828,0.2942,0.423
2020-21,2020-11-28,Dortmund,FC Koln,A,0.0791,0.1368,0.784,0.2828,0.2942,0.423
2020-21,2020-11-28,RB Leipzig,Bielefeld,H,0.0247,0.0969,0.8784,0.2828,0.2942,0.423
2020-21,2020-11-28,Stuttgart,Bayern Munich,A,0.7903,0.1359,0.0738,0.2828,0.2942,0.423
2020-21,2020-11-28,Union Berlin,Ein Frankfurt,D,0.3413,0.2581,0.4006,0.2828,0.2942,0.423
2020-21,2020-11-28,Valencia,Ath Madrid,A,0.501,0.2942,0.2048,0.2828,0.2942,0.423
2020-21,2020-11-28,Huesca,Sevilla,A,0.5133,0.2697,0.217,0.2828,0.2942,0.423
2020-21,2020-11-28,Real Madrid,Alaves,A,0.0779,0.1763,0.7458,0.2828,0.2942,0.423
2020-21,2020-11-28,West Brom,Sheffield United,H,0.3865,0.3508,0.2627,0.29,0.26,0.45
2020-21,2020-11-28,M'gladbach,Schalke 04,H,0.1252,0.2044,0.6704,0.29,0.26,0.45
2020-21,2020-11-28,Everton,Leeds,A,0.225,0.2029,0.5721,0.2828,0.2942,0.423
2020-21,2020-11-28,Elche,Cadiz,D,0.3272,0.3451,0.3276,0.2828,0.2942,0.423
2020-21,2020-11-29,Barcelona,Osasuna,H,0.0669,0.1334,0.7997,0.2828,0.2942,0.423
2020-21,2020-11-29,Getafe,Ath Bilbao,D,0.245,0.3419,0.4132,0.2828,0.2942,0.423
2020-21,2020-11-29,Chelsea,Tottenham,D,0.3115,0.2574,0.4312,0.2828,0.2942,0.423
2020-21,2020-11-29,Mainz,Hoffenheim,D,0.5073,0.2392,0.2535,0.2828,0.2942,0.423
2020-21,2020-11-29,Arsenal,Wolves,A,0.233,0.2936,0.4734,0.2828,0.2942,0.423
2020-21,2020-11-29,Southampton,Man United,A,0.4961,0.251,0.2528,0.2828,0.2942,0.423
2020-21,2020-11-29,Sociedad,Villarreal,D,0.2926,0.268,0.4395,0.2828,0.2942,0.423
2020-21,2020-11-29,Celta,Granada,H,0.3649,0.2836,0.3515,0.2828,0.2942,0.423
2020-21,2020-11-29,Leverkusen,Hertha,D,0.1879,0.2211,0.591,0.2828,0.2942,0.423
2020-21,2020-11-30,Leicester,Fulham,A,0.065,0.1488,0.7862,0.2828,0.2942,0.423
2020-21,2020-11-30,Betis,Eibar,A,0.2863,0.2758,0.4379,0.2828,0.2942,0.423
2020-21,2020-11-30,West Ham,Aston Villa,H,0.2494,0.2436,0.507,0.2828,0.2942,0.423
2020-21,2020-12-04,Ath Bilbao,Celta,A,0.2269,0.2849,0.4882,0.2828,0.2942,0.423
2020-21,2020-12-04,Hertha,Union Berlin,H,0.3129,0.2587,0.4284,0.2828,0.2942,0.423
2020-21,2020-12-05,Sevilla,Real Madrid,A,0.4046,0.286,0.3094,0.2828,0.2942,0.423
2020-21,2020-12-05,Levante,Getafe,H,0.3655,0.3148,0.3197,0.2828,0.2942,0.423
2020-21,2020-12-05,FC Koln,Wolfsburg,D,0.4271,0.269,0.304,0.2828,0.2942,0.423
2020-21,2020-12-05,Freiburg,M'gladbach,D,0.478,0.2611,0.2609,0.29,0.26,0.45
2020-21,2020-12-05,Ath Madrid,Valladolid,H,0.078,0.2457,0.6763,0.2828,0.2942,0.423
2020-21,2020-12-05,Cadiz,Barcelona,H,0.6076,0.2488,0.1435,0.2828,0.2942,0.423
2020-21,2020-12-05,Chelsea,Leeds,H,0.1417,0.1878,0.6705,0.2828,0.2942,0.423
2020-21,2020-12-05,Man City,Fulham,H,0.0169,0.0563,0.9268,0.2828,0.2942,0.423
2020-21,2020-12-05,West Ham,Man United,A,0.4623,0.2559,0.2818,0.2828,0.2942,0.423
2020-21,2020-12-05,Bayern Munich,RB Leipzig,D,0.1712,0.2086,0.6203,0.2828,0.2942,0.423
2020-21,2020-12-05,Bielefeld,Mainz,H,0.453,0.2956,0.2514,0.2828,0.2942,0.423
2020-21,2020-12-05,Ein Frankfurt,Dortmund,D,0.5406,0.2237,0.2357,0.2828,0.2942,0.423
2020-21,2020-12-05,Burnley,Everton,D,0.3928,0.2945,0.3127,0.2828,0.2942,0.423
2020-21,2020-12-06,Liverpool,Wolves,H,0.1488,0.2414,0.6098,0.2828,0.2942,0.423
2020-21,2020-12-06,Tottenham,Arsenal,H,0.2478,0.2706,0.4815,0.2828,0.2942,0.423
2020-21,2020-12-06,Sheffield United,Leicester,A,0.4216,0.3186,0.2598,0.2828,0.2942,0.423
2020-21,2020-12-06,West Brom,Crystal Palace,A,0.3838,0.3374,0.2788,0.29,0.26,0.45
2020-21,2020-12-06,Alaves,Sociedad,D,0.4734,0.2879,0.2387,0.2828,0.2942,0.423
2020-21,2020-12-06,Villarreal,Elche,D,0.1678,0.2634,0.5688,0.2828,0.2942,0.423
2020-21,2020-12-06,Osasuna,Betis,A,0.3041,0.2698,0.426,0.2828,0.2942,0.423
2020-21,2020-12-06,Granada,Huesca,D,0.2113,0.2597,0.529,0.2828,0.2942,0.423
2020-21,2020-12-06,Schalke 04,Leverkusen,A,0.5635,0.2432,0.1933,0.2828,0.2942,0.423
2020-21,2020-12-06,Werder Bremen,Stuttgart,A,0.2817,0.259,0.4593,0.2828,0.2942,0.423
2020-21,2020-12-07,Eibar,Valencia,D,0.3694,0.2985,0.3321,0.2828,0.2942,0.423
2020-21,2020-12-07,Brighton,Southampton,A,0.3727,0.2877,0.3396,0.2828,0.2942,0.423
2020-21,2020-12-07,Hoffenheim,Augsburg,H,0.1907,0.223,0.5864,0.2828,0.2942,0.423
2020-21,2020-12-11,Leeds,West Ham,A,0.3589,0.2474,0.3937,0.2828,0.2942,0.423
2020-21,2020-12-11,Wolfsburg,Ein Frankfurt,H,0.2729,0.2579,0.4692,0.2828,0.2942,0.423
2020-21,2020-12-11,Valladolid,Osasuna,H,0.3013,0.3244,0.3742,0.2828,0.2942,0.423
2020-21,2020-12-12,Getafe,Sevilla,A,0.3359,0.3369,0.3272,0.2828,0.2942,0.423
2020-21,2020-12-12,Mainz,FC Koln,A,0.3207,0.259,0.4203,0.2828,0.2942,0.423
2020-21,2020-12-12,Valencia,Ath Bilbao,D,0.2781,0.3015,0.4204,0.2828,0.2942,0.423
2020-21,2020-12-12,M'gladbach,Hertha,D,0.1924,0.2301,0.5776,0.29,0.26,0.45
2020-21,2020-12-12,RB Leipzig,Werder Bremen,H,0.1165,0.1875,0.696,0.2828,0.2942,0.423
2020-21,2020-12-12,Union Berlin,Bayern Munich,D,0.717,0.1677,0.1153,0.2828,0.2942,0.423
2020-21,2020-12-12,Real Madrid,Ath Madrid,H,0.3372,0.3245,0.3383,0.2828,0.2942,0.423
2020-21,2020-12-12,Freiburg,Bielefeld,H,0.1422,0.2533,0.6045,0.2828,0.2942,0.423
2020-21,2020-12-12,Newcastle,West Brom,H,0.1909,0.3079,0.5012,0.29,0.26,0.45
2020-21,2020-12-12,Man United,Man City,D,0.4921,0.2535,0.2544,0.2828,0.2942,0.423
2020-21,2020-12-12,Everton,Chelsea,H,0.4597,0.2576,0.2827,0.2828,0.2942,0.423
2020-21,2020-12-12,Dortmund,Stuttgart,A,0.0946,0.158,0.7474,0.2828,0.2942,0.423
2020-21,2020-12-12,Wolves,Aston Villa,A,0.2028,0.2765,0.5208,0.2828,0.2942,0.423
2020-21,2020-12-12,Huesca,Alaves,H,0.3157,0.3058,0.3785,0.2828,0.2942,0.423
2020-21,2020-12-13,Barcelona,Levante,H,0.0632,0.1229,0.8139,0.2828,0.2942,0.423
2020-21,2020-12-13,Augsburg,Schalke 04,D,0.2375,0.2662,0.4963,0.2828,0.2942,0.423
2020-21,2020-12-13,Leverkusen,Hoffenheim,H,0.2521,0.2378,0.5101,0.2828,0.2942,0.423
2020-21,2020-12-13,Betis,Villarreal,D,0.4679,0.2577,0.2744,0.2828,0.2942,0.423
2020-21,2020-12-13,Elche,Granada,A,0.3379,0.311,0.3511,0.2828,0.2942,0.423
2020-21,2020-12-13,Sociedad,Eibar,D,0.1776,0.2603,0.5621,0.2828,0.2942,0.423
2020-21,2020-12-13,Southampton,Sheffield United,H,0.2382,0.3085,0.4533,0.2828,0.2942,0.423
2020-21,2020-12-13,Fulham,Liverpool,D,0.7917,0.1388,0.0694,0.2828,0.2942,0.423
2020-21,2020-12-13,Arsenal,Burnley,A,0.1423,0.2429,0.6148,0.2828,0.2942,0.423
2020-21,2020-12-13,Leicester,Brighton,H,0.159,0.2415,0.5994,0.2828,0.2942,0.423
2020-21,2020-12-13,Crystal Palace,Tottenham,D,0.5214,0.2743,0.2044,0.2828,0.2942,0.423
2020-21,2020-12-14,Celta,Cadiz,H,0.3053,0.3266,0.368,0.2828,0.2942,0.423
2020-21,2020-12-15,Wolves,Chelsea,H,0.3879,0.2987,0.3134,0.2828,0.2942,0.423
2020-21,2020-12-15,Real Madrid,Ath Bilbao,H,0.1442,0.2438,0.612,0.2828,0.2942,0.423
2020-21,2020-12-15,Werder Bremen,Dortmund,A,0.5947,0.2154,0.1899,0.2828,0.2942,0.423
2020-21,2020-12-15,Hertha,Mainz,D,0.2307,0.2449,0.5244,0.2828,0.2942,0.423
2020-21,2020-12-15,Ein Frankfurt,M'gladbach,D,0.4085,0.254,0.3374,0.29,0.26,0.45
2020-21,2020-12-15,Man City,West Brom,D,0.027,0.0988,0.8742,0.29,0.26,0.45
2020-21,2020-12-15,Stuttgart,Union Berlin,D,0.3584,0.2651,0.3765,0.2828,0.2942,0.423
2020-21,2020-12-16,Arsenal,Southampton,D,0.1929,0.2397,0.5674,0.2828,0.2942,0.423
2020-21,2020-12-16,Liverpool,Tottenham,H,0.2283,0.2483,0.5233,0.2828,0.2942,0.423
2020-21,2020-12-16,Bayern Munich,Wolfsburg,H,0.0812,0.1491,0.7697,0.2828,0.2942,0.423
2020-21,2020-12-16,Bielefeld,Augsburg,A,0.4772,0.2937,0.2292,0.2828,0.2942,0.423
2020-21,2020-12-16,Hoffenheim,RB Leipzig,A,0.4567,0.252,0.2914,0.2828,0.2942,0.423
2020-21,2020-12-16,Barcelona,Sociedad,H,0.1405,0.1979,0.6616,0.2828,0.2942,0.423
2020-21,2020-12-16,Leeds,Newcastle,H,0.2686,0.2662,0.4652,0.2828,0.2942,0.423
2020-21,2020-12-16,FC Koln,Leverkusen,A,0.5178,0.2417,0.2405,0.2828,0.2942,0.423
2020-21,2020-12-16,Fulham,Brighton,D,0.4091,0.2911,0.2998,0.2828,0.2942,0.423
2020-21,2020-12-16,West Ham,Crystal Palace,D,0.2264,0.2676,0.506,0.2828,0.2942,0.423
2020-21,2020-12-16,Schalke 04,Freiburg,A,0.3693,0.2859,0.3448,0.2828,0.2942,0.423
2020-21,2020-12-16,Leicester,Everton,A,0.2362,0.252,0.5118,0.2828,0.2942,0.423
2020-21,2020-12-17,Sheffield United,Man United,A,0.4962,0.3015,0.2022,0.2828,0.2942,0.423
2020-21,2020-12-17,Aston Villa,Burnley,D,0.2623,0.2839,0.4538,0.2828,0.2942,0.423
2020-21,2020-12-18,Union Berlin,Dortmund,H,0.5381,0.229,0.2329,0.2828,0.2942,0.423
2020-21,2020-12-18,Ath Bilbao,Huesca,H,0.2269,0.284,0.4891,0.2828,0.2942,0.423
2020-21,2020-12-19,Leverkusen,Bayern Munich,A,0.548,0.221,0.231,0.2828,0.2942,0.423
2020-21,2020-12-19,Schalke 04,Bielefeld,A,0.1903,0.3029,0.5068,0.2828,0.2942,0.423
2020-21,2020-12-19,RB Leipzig,FC Koln,D,0.0848,0.1561,0.7591,0.2828,0.2942,0.423
2020-21,2020-12-19,Osasuna,Villarreal,A,0.4915,0.2694,0.2391,0.2828,0.2942,0.423
2020-21,2020-12-19,Ath Madrid,Elche,H,0.0974,0.2819,0.6207,0.2828,0.2942,0.423
2020-21,2020-12-19,Levante,Sociedad,H,0.411,0.276,0.313,0.2828,0.2942,0.423
2020-21,2020-12-19,M'gladbach,Hoffenheim,A,0.2715,0.2421,0.4864,0.29,0.26,0.45
2020-21,2020-12-19,Southampton,Man City,A,0.6645,0.1989,0.1366,0.2828,0.2942,0.423
2020-21,2020-12-19,Augsburg,Ein Frankfurt,A,0.3929,0.2579,0.3492,0.2828,0.2942,0.423
2020-21,2020-12-19,Barcelona,Valencia,D,0.1086,0.1745,0.7169,0.2828,0.2942,0.423
2020-21,2020-12-19,Sevilla,Valladolid,D,0.1529,0.2772,0.5699,0.2828,0.2942,0.423
2020-21,2020-12-19,Crystal Palace,Liverpool,A,0.6076,0.2335,0.1589,0.2828,0.2942,0.423
2020-21,2020-12-19,Everton,Arsenal,H,0.3661,0.2844,0.3495,0.2828,0.2942,0.423
2020-21,2020-12-19,Newcastle,Fulham,D,0.2014,0.2835,0.5151,0.2828,0.2942,0.423
2020-21,2020-12-19,Mainz,Werder Bremen,A,0.3648,0.2721,0.3631,0.2828,0.2942,0.423
2020-21,2020-12-20,Freiburg,Hertha,H,0.3389,0.273,0.3881,0.2828,0.2942,0.423
2020-21,2020-12-20,Eibar,Real Madrid,A,0.5881,0.2523,0.1596,0.2828,0.2942,0.423
2020-21,2020-12-20,Wolfsburg,Stuttgart,H,0.2479,0.261,0.4911,0.2828,0.2942,0.423
2020-21,2020-12-20,West Brom,Aston Villa,A,0.4033,0.3043,0.2924,0.29,0.26,0.45
2020-21,2020-12-20,Man United,Leeds,H,0.1459,0.1741,0.68,0.2828,0.2942,0.423
2020-21,2020-12-20,Brighton,Sheffield United,D,0.2864,0.3468,0.3669,0.2828,0.2942,0.423
2020-21,2020-12-20,Cadiz,Getafe,A,0.3205,0.365,0.3145,0.2828,0.2942,0.423
2020-21,2020-12-20,Granada,Betis,H,0.2673,0.2543,0.4783,0.2828,0.2942,0.423
2020-21,2020-12-20,Celta,Alaves,H,0.2394,0.2897,0.4709,0.2828,0.2942,0.423
2020-21,2020-12-20,Tottenham,Leicester,A,0.2195,0.252,0.5285,0.2828,0.2942,0.423
2020-21,2020-12-21,Burnley,Wolves,H,0.3833,0.3386,0.2781,0.2828,0.2942,0.423
2020-21,2020-12-21,Chelsea,West Ham,H,0.173,0.2137,0.6132,0.2828,0.2942,0.423
2020-21,2020-12-22,Sociedad,Ath Madrid,A,0.4312,0.3196,0.2492,0.2828,0.2942,0.423
2020-21,2020-12-22,Villarreal,Ath Bilbao,D,0.2284,0.2863,0.4853,0.2828,0.2942,0.423
2020-21,2020-12-22,Valladolid,Barcelona,A,0.6759,0.2106,0.1135,0.2828,0.2942,0.423
2020-21,2020-12-22,Valencia,Sevilla,A,0.3651,0.2924,0.3425,0.2828,0.2942,0.423
2020-21,2020-12-22,Elche,Osasuna,D,0.258,0.3303,0.4118,0.2828,0.2942,0.423
2020-21,2020-12-22,Huesca,Levante,D,0.3635,0.2732,0.3632,0.2828,0.2942,0.423
2020-21,2020-12-23,Betis,Cadiz,H,0.2936,0.3012,0.4051,0.2828,0.2942,0.423
2020-21,2020-12-23,Getafe,Celta,D,0.2581,0.3096,0.4323,0.2828,0.2942,0.423
2020-21,2020-12-23,Alaves,Eibar,H,0.3251,0.3364,0.3385,0.2828,0.2942,0.423
2020-21,2020-12-23,Real Madrid,Granada,H,0.1068,0.1845,0.7087,0.2828,0.2942,0.423
2020-21,2020-12-26,Aston Villa,Crystal Palace,H,0.3132,0.294,0.3928,0.2828,0.2942,0.423
2020-21,2020-12-26,Fulham,Southampton,D,0.4913,0.2705,0.2382,0.2828,0.2942,0.423
2020-21,2020-12-26,Arsenal,Chelsea,H,0.3716,0.2748,0.3536,0.2828,0.2942,0.423
2020-21,2020-12-26,Man City,Newcastle,H,0.055,0.1367,0.8083,0.2828,0.2942,0.423
2020-21,2020-12-26,Sheffield United,Everton,A,0.3974,0.3191,0.2835,0.2828,0.2942,0.423
2020-21,2020-12-26,Leicester,Man United,D,0.4087,0.263,0.3282,0.2828,0.2942,0.423
2020-21,2020-12-27,West Ham,Brighton,D,0.2034,0.261,0.5357,0.2828,0.2942,0.423
2020-21,2020-12-27,Wolves,Tottenham,D,0.4234,0.3047,0.2718,0.2828,0.2942,0.423
2020-21,2020-12-27,Liverpool,West Brom,D,0.0469,0.13,0.8231,0.29,0.26,0.45
2020-21,2020-12-27,Leeds,Burnley,H,0.228,0.2468,0.5251,0.2828,0.2942,0.423
2020-21,2020-12-28,Chelsea,Aston Villa,D,0.1303,0.1994,0.6703,0.2828,0.2942,0.423
2020-21,2020-12-28,Crystal Palace,Leicester,D,0.4185,0.2859,0.2956,0.2828,0.2942,0.423
2020-21,2020-12-29,Man United,Wolves,H,0.1826,0.2627,0.5547,0.2828,0.2942,0.423
2020-21,2020-12-29,Cadiz,Valladolid,D,0.2452,0.3461,0.4087,0.2828,0.2942,0.423
2020-21,2020-12-29,Southampton,West Ham,D,0.3095,0.2517,0.4388,0.2828,0.2942,0.423
2020-21,2020-12-29,Burnley,Sheffield United,H,0.2702,0.3535,0.3763,0.2828,0.2942,0.423
2020-21,2020-12-29,Brighton,Arsenal,A,0.4831,0.2901,0.2268,0.2828,0.2942,0.423
2020-21,2020-12-29,Levante,Betis,H,0.2796,0.2552,0.4652,0.2828,0.2942,0.423
2020-21,2020-12-29,West Brom,Leeds,A,0.4933,0.2526,0.2541,0.29,0.26,0.45
2020-21,2020-12-29,Sevilla,Villarreal,H,0.2848,0.2891,0.4261,0.2828,0.2942,0.423
2020-21,2020-12-29,Barcelona,Eibar,D,0.0808,0.1687,0.7505,0.2828,0.2942,0.423
2020-21,2020-12-30,Celta,Huesca,H,0.2554,0.2613,0.4834,0.2828,0.2942,0.423
2020-21,2020-12-30,Granada,Valencia,H,0.3399,0.2741,0.3859,0.2828,0.2942,0.423
2020-21,2020-12-30,Ath Madrid,Getafe,H,0.1311,0.3082,0.5607,0.2828,0.2942,0.423
2020-21,2020-12-30,Newcastle,Liverpool,D,0.6376,0.2186,0.1438,0.2828,0.2942,0.423
2020-21,2020-12-30,Elche,Real Madrid,D,0.5829,0.2717,0.1454,0.2828,0.2942,0.423
2020-21,2020-12-31,Osasuna,Alaves,D,0.2996,0.3129,0.3875,0.2828,0.2942,0.423
2020-21,2020-12-31,Ath Bilbao,Sociedad,A,0.3686,0.3074,0.324,0.2828,0.2942,0.423
2020-21,2021-01-01,Man United,Aston Villa,H,0.1407,0.2028,0.6565,0.2828,0.2942,0.423
2020-21,2021-01-01,Everton,West Ham,A,0.2869,0.2594,0.4537,0.2828,0.2942,0.423
2020-21,2021-01-02,Crystal Palace,Sheffield United,H,0.2503,0.3364,0.4133,0.2828,0.2942,0.423
2020-21,2021-01-02,Tottenham,Leeds,H,0.1832,0.1891,0.6277,0.2828,0.2942,0.423
2020-21,2021-01-02,Brighton,Wolves,D,0.4025,0.3265,0.2709,0.2828,0.2942,0.423
2020-21,2021-01-02,Bielefeld,M'gladbach,A,0.6132,0.2456,0.1411,0.29,0.26,0.45
2020-21,2021-01-02,FC Koln,Augsburg,A,0.3099,0.2657,0.4244,0.2828,0.2942,0.423
2020-21,2021-01-02,Real Madrid,Celta,H,0.102,0.1767,0.7213,0.2828,0.2942,0.423
2020-21,2021-01-02,West Brom,Arsenal,A,0.5935,0.2539,0.1526,0.29,0.26,0.45
2020-21,2021-01-02,Hoffenheim,Freiburg,A,0.2291,0.2352,0.5357,0.2828,0.2942,0.423
2020-21,2021-01-02,Betis,Sevilla,D,0.4713,0.2697,0.259,0.2828,0.2942,0.423
2020-21,2021-01-02,Villarreal,Levante,H,0.2311,0.248,0.5209,0.2828,0.2942,0.423
2020-21,2021-01-02,Stuttgart,RB Leipzig,A,0.5593,0.2395,0.2012,0.2828,0.2942,0.423
2020-21,2021-01-02,Hertha,Schalke 04,H,0.1874,0.2355,0.5771,0.2828,0.2942,0.423
2020-21,2021-01-02,Werder Bremen,Union Berlin,A,0.3422,0.2591,0.3987,0.2828,0.2942,0.423
2020-21,2021-01-02,Ein Frankfurt,Leverkusen,H,0.4532,0.2403,0.3065,0.2828,0.2942,0.423
2020-21,2021-01-02,Getafe,Valladolid,A,0.2004,0.3419,0.4577,0.2828,0.2942,0.423
2020-21,2021-01-03,Huesca,Barcelona,A,0.7235,0.1723,0.1042,0.2828,0.2942,0.423
2020-21,2021-01-03,Dortmund,Wolfsburg,H,0.1912,0.2273,0.5815,0.2828,0.2942,0.423
2020-21,2021-01-03,Bayern Munich,Mainz,H,0.0308,0.0759,0.8934,0.2828,0.2942,0.423
2020-21,2021-01-03,Ath Bilbao,Elche,H,0.2278,0.3198,0.4523,0.2828,0.2942,0.423
2020-21,2021-01-03,Eibar,Granada,H,0.343,0.2991,0.3579,0.2828,0.2942,0.423
2020-21,2021-01-03,Sociedad,Osasuna,D,0.1506,0.2263,0.6231,0.2828,0.2942,0.423
2020-21,2021-01-03,Newcastle,Leicester,A,0.4561,0.2817,0.2623,0.2828,0.2942,0.423
2020-21,2021-01-03,Chelsea,Man City,A,0.5086,0.2491,0.2423,0.2828,0.2942,0.423
2020-21,2021-01-03,Alaves,Ath Madrid,A,0.5936,0.2806,0.1258,0.2828,0.2942,0.423
2020-21,2021-01-04,Valencia,Cadiz,D,0.1918,0.2969,0.5113,0.2828,0.2942,0.423
2020-21,2021-01-04,Southampton,Liverpool,H,0.5888,0.2241,0.1871,0.2828,0.2942,0.423
2020-21,2021-01-06,Ath Bilbao,Barcelona,A,0.5782,0.2442,0.1776,0.2828,0.2942,0.423
2020-21,2021-01-08,M'gladbach,Bayern Munich,H,0.6261,0.1973,0.1766,0.29,0.26,0.45
2020-21,2021-01-08,Celta,Villarreal,A,0.4037,0.2705,0.3259,0.2828,0.2942,0.423
2020-21,2021-01-09,Union Berlin,Wolfsburg,D,0.3712,0.2699,0.3588,0.2828,0.2942,0.423
2020-21,2021-01-09,Freiburg,FC Koln,H,0.265,0.2581,0.4769,0.2828,0.2942,0.423
2020-21,2021-01-09,Leverkusen,Werder Bremen,D,0.1581,0.207,0.6349,0.2828,0.2942,0.423
2020-21,2021-01-09,Schalke 04,Hoffenheim,H,0.5426,0.2413,0.2161,0.2828,0.2942,0.423
2020-21,2021-01-09,Mainz,Ein Frankfurt,A,0.4607,0.2511,0.2883,0.2828,0.2942,0.423
2020-21,2021-01-09,Sevilla,Sociedad,H,0.2758,0.2923,0.4318,0.2828,0.2942,0.423
2020-21,2021-01-09,Osasuna,Real Madrid,D,0.6997,0.19,0.1102,0.2828,0.2942,0.423
2020-21,2021-01-09,RB Leipzig,Dortmund,A,0.2798,0.2449,0.4753,0.2828,0.2942,0.423
2020-21,2021-01-09,Granada,Barcelona,A,0.6172,0.2131,0.1697,0.2828,0.2942,0.423
2020-21,2021-01-10,Augsburg,Stuttgart,A,0.3837,0.2723,0.3441,0.2828,0.2942,0.423
2020-21,2021-01-10,Bielefeld,Hertha,H,0.5085,0.2807,0.2108,0.2828,0.2942,0.423
2020-21,2021-01-10,Levante,Eibar,H,0.274,0.2816,0.4444,0.2828,0.2942,0.423
2020-21,2021-01-10,Valladolid,Valencia,A,0.4135,0.3085,0.278,0.2828,0.2942,0.423
2020-21,2021-01-10,Cadiz,Alaves,H,0.2841,0.3592,0.3567,0.2828,0.2942,0.423
2020-21,2021-01-11,Elche,Getafe,A,0.352,0.3547,0.2933,0.2828,0.2942,0.423
2020-21,2021-01-11,Huesca,Betis,A,0.3681,0.2678,0.3642,0.2828,0.2942,0.423
2020-21,2021-01-12,Ath Madrid,Sevilla,H,0.1791,0.3039,0.5169,0.2828,0.2942,0.423
2020-21,2021-01-12,Wolves,Everton,A,0.3049,0.3083,0.3868,0.2828,0.2942,0.423
2020-21,2021-01-12,Granada,Osasuna,H,0.2088,0.2496,0.5416,0.2828,0.2942,0.423
2020-21,2021-01-12,Burnley,Man United,A,0.5754,0.2537,0.1708,0.2828,0.2942,0.423
2020-21,2021-01-12,Sheffield United,Newcastle,H,0.3233,0.3527,0.324,0.2828,0.2942,0.423
2020-21,2021-01-13,Man City,Brighton,H,0.0457,0.1283,0.826,0.2828,0.2942,0.423
2020-21,2021-01-13,Tottenham,Fulham,D,0.0793,0.1816,0.7391,0.2828,0.2942,0.423
2020-21,2021-01-14,Arsenal,Crystal Palace,D,0.1715,0.2504,0.5781,0.2828,0.2942,0.423
2020-21,2021-01-15,Union Berlin,Leverkusen,H,0.4474,0.2534,0.2992,0.2828,0.2942,0.423
2020-21,2021-01-16,Hoffenheim,Bielefeld,D,0.1178,0.2405,0.6417,0.2828,0.2942,0.423
2020-21,2021-01-16,Wolfsburg,RB Leipzig,D,0.462,0.2718,0.2662,0.2828,0.2942,0.423
2020-21,2021-01-16,Dortmund,Mainz,D,0.0817,0.1489,0.7694,0.2828,0.2942,0.423
2020-21,2021-01-16,FC Koln,Hertha,D,0.408,0.2605,0.3314,0.2828,0.2942,0.423
2020-21,2021-01-16,Werder Bremen,Augsburg,H,0.2608,0.2657,0.4735,0.2828,0.2942,0.423
2020-21,2021-01-16,Stuttgart,M'gladbach,D,0.4013,0.2632,0.3355,0.29,0.26,0.45
2020-21,2021-01-16,Leeds,Brighton,A,0.2291,0.2259,0.545,0.2828,0.2942,0.423
2020-21,2021-01-16,West Ham,Burnley,H,0.2156,0.2759,0.5085,0.2828,0.2942,0.423
2020-21,2021-01-16,Fulham,Chelsea,A,0.6089,0.2394,0.1518,0.2828,0.2942,0.423
2020-21,2021-01-16,Leicester,Southampton,H,0.2253,0.2473,0.5274,0.2828,0.2942,0.423
2020-21,2021-01-16,Wolves,West Brom,A,0.1247,0.2551,0.6201,0.29,0.26,0.45
2020-21,2021-01-17,Bayern Munich,Freiburg,H,0.0704,0.1242,0.8054,0.2828,0.2942,0.423
2020-21,2021-01-17,Man City,Crystal Palace,H,0.0452,0.1286,0.8262,0.2828,0.2942,0.423
2020-21,2021-01-17,Liverpool,Man United,D,0.2372,0.2428,0.52,0.2828,0.2942,0.423
2020-21,2021-01-17,Sheffield United,Tottenham,A,0.5509,0.2915,0.1576,0.2828,0.2942,0.423
2020-21,2021-01-17,Ein Frankfurt,Schalke 04,H,0.1664,0.2179,0.6157,0.2828,0.2942,0.423
2020-21,2021-01-18,Arsenal,Newcastle,H,0.1679,0.2542,0.5779,0.2828,0.2942,0.423
2020-21,2021-01-19,West Ham,West Brom,H,0.1207,0.2131,0.6662,0.29,0.26,0.45
2020-21,2021-01-19,Leverkusen,Dortmund,H,0.3826,0.2508,0.3666,0.2828,0.2942,0.423
2020-21,2021-01-19,Alaves,Sevilla,A,0.4862,0.2947,0.2192,0.2828,0.2942,0.423
2020-21,2021-01-19,Cadiz,Levante,D,0.3394,0.3104,0.3502,0.2828,0.2942,0.423
2020-21,2021-01-19,M'gladbach,Werder Bremen,H,0.1815,0.2273,0.5911,0.29,0.26,0.45
2020-21,2021-01-19,Mainz,Wolfsburg,A,0.476,0.2699,0.2541,0.2828,0.2942,0.423
2020-21,2021-01-19,Valladolid,Elche,D,0.2705,0.3429,0.3867,0.2828,0.2942,0.423
2020-21,2021-01-19,Leicester,Chelsea,H,0.347,0.263,0.39,0.2828,0.2942,0.423
2020-21,2021-01-19,Hertha,Hoffenheim,A,0.3605,0.2475,0.392,0.2828,0.2942,0.423
2020-21,2021-01-20,Schalke 04,FC Koln,A,0.3333,0.2776,0.3892,0.2828,0.2942,0.423
2020-21,2021-01-20,Getafe,Huesca,H,0.18,0.2991,0.5209,0.2828,0.2942,0.423
2020-21,2021-01-20,Augsburg,Bayern Munich,A,0.7769,0.1401,0.083,0.2828,0.2942,0.423
2020-21,2021-01-20,Man City,Aston Villa,H,0.0543,0.13,0.8156,0.2828,0.2942,0.423
2020-21,2021-01-20,Bielefeld,Stuttgart,H,0.5089,0.3072,0.1839,0.2828,0.2942,0.423
2020-21,2021-01-20,Villarreal,Granada,D,0.2144,0.257,0.5285,0.2828,0.2942,0.423
2020-21,2021-01-20,Fulham,Man United,A,0.6515,0.2225,0.126,0.2828,0.2942,0.423
2020-21,2021-01-20,RB Leipzig,Union Berlin,H,0.1441,0.2063,0.6496,0.2828,0.2942,0.423
2020-21,2021-01-20,Betis,Celta,H,0.3229,0.2601,0.417,0.2828,0.2942,0.423
2020-21,2021-01-20,Freiburg,Ein Frankfurt,D,0.3461,0.2541,0.3998,0.2828,0.2942,0.423
2020-21,2021-01-21,Liverpool,Burnley,A,0.0761,0.1731,0.7508,0.2828,0.2942,0.423
2020-21,2021-01-21,Valencia,Osasuna,D,0.1976,0.2567,0.5457,0.2828,0.2942,0.423
2020-21,2021-01-21,Eibar,Ath Madrid,A,0.5588,0.2918,0.1493,0.2828,0.2942,0.423
2020-21,2021-01-22,M'gladbach,Dortmund,H,0.4143,0.2496,0.3361,0.29,0.26,0.45
2020-21,2021-01-22,Levante,Valladolid,D,0.2386,0.2895,0.4719,0.2828,0.2942,0.423
2020-21,2021-01-23,Sociedad,Betis,D,0.1959,0.238,0.5661,0.2828,0.2942,0.423
2020-21,2021-01-23,Augsburg,Union Berlin,H,0.4116,0.2664,0.322,0.2828,0.2942,0.423
2020-21,2021-01-23,Bielefeld,Ein Frankfurt,A,0.5368,0.2849,0.1782,0.2828,0.2942,0.423
2020-21,2021-01-23,Leverkusen,Wolfsburg,A,0.2353,0.2549,0.5099,0.2828,0.2942,0.423
2020-21,2021-01-23,Mainz,RB Leipzig,H,0.6501,0.2109,0.1389,0.2828,0.2942,0.423
2020-21,2021-01-23,Hertha,Werder Bremen,A,0.2872,0.2597,0.4531,0.2828,0.2942,0.423
2020-21,2021-01-23,Freiburg,Stuttgart,H,0.3298,0.2687,0.4016,0.2828,0.2942,0.423
2020-21,2021-01-23,Aston Villa,Newcastle,H,0.2657,0.2822,0.4521,0.2828,0.2942,0.423
2020-21,2021-01-23,Alaves,Real Madrid,A,0.6302,0.2372,0.1326,0.2828,0.2942,0.423
2020-21,2021-01-23,Huesca,Villarreal,D,0.5169,0.2695,0.2136,0.2828,0.2942,0.423
2020-21,2021-01-23,Sevilla,Cadiz,H,0.1662,0.2948,0.5391,0.2828,0.2942,0.423
2020-21,2021-01-24,Elche,Barcelona,A,0.7014,0.1938,0.1048,0.2828,0.2942,0.423
2020-21,2021-01-24,Ath Madrid,Valencia,H,0.1292,0.252,0.6188,0.2828,0.2942,0.423
2020-21,2021-01-24,Hoffenheim,FC Koln,H,0.1896,0.217,0.5934,0.2828,0.2942,0.423
2020-21,2021-01-24,Schalke 04,Bayern Munich,A,0.8116,0.1242,0.0642,0.2828,0.2942,0.423
2020-21,2021-01-24,Celta,Eibar,D,0.2886,0.2899,0.4216,0.2828,0.2942,0.423
2020-21,2021-01-24,Osasuna,Granada,H,0.3736,0.2878,0.3386,0.2828,0.2942,0.423
2020-21,2021-01-25,Ath Bilbao,Getafe,H,0.2813,0.3438,0.3748,0.2828,0.2942,0.423
2020-21,2021-01-26,West Brom,Man City,A,0.8487,0.1154,0.0358,0.29,0.26,0.45
2020-21,2021-01-26,Southampton,Arsenal,A,0.3948,0.2803,0.325,0.2828,0.2942,0.423
2020-21,2021-01-26,Newcastle,Leeds,A,0.3723,0.2453,0.3824,0.2828,0.2942,0.423
2020-21,2021-01-26,Crystal Palace,West Ham,A,0.392,0.2834,0.3247,0.2828,0.2942,0.423
2020-21,2021-01-27,Brighton,Fulham,D,0.2403,0.3076,0.4521,0.2828,0.2942,0.423
2020-21,2021-01-27,Man United,Sheffield United,A,0.0966,0.2253,0.6781,0.2828,0.2942,0.423
2020-21,2021-01-27,Chelsea,Wolves,D,0.2021,0.2681,0.5298,0.2828,0.2942,0.423
2020-21,2021-01-27,Everton,Leicester,D,0.3765,0.2719,0.3516,0.2828,0.2942,0.423
2020-21,2021-01-27,Burnley,Aston Villa,H,0.3495,0.3073,0.3432,0.2828,0.2942,0.423
2020-21,2021-01-28,Tottenham,Liverpool,A,0.3976,0.2704,0.332,0.2828,0.2942,0.423
2020-21,2021-01-29,Stuttgart,Mainz,H,0.2293,0.243,0.5277,0.2828,0.2942,0.423
2020-21,2021-01-29,Valladolid,Huesca,A,0.2227,0.3044,0.4729,0.2828,0.2942,0.423
2020-21,2021-01-30,Valencia,Elche,H,0.1946,0.2714,0.534,0.2828,0.2942,0.423
2020-21,2021-01-30,Bayern Munich,Hoffenheim,H,0.0897,0.1376,0.7726,0.2828,0.2942,0.423
2020-21,2021-01-30,Dortmund,Augsburg,H,0.1162,0.1826,0.7012,0.2828,0.2942,0.423
2020-21,2021-01-30,Ein Frankfurt,Hertha,H,0.2356,0.2293,0.5352,0.2828,0.2942,0.423
2020-21,2021-01-30,Union Berlin,M'gladbach,D,0.4256,0.2597,0.3147,0.29,0.26,0.45
2020-21,2021-01-30,RB Leipzig,Leverkusen,H,0.2483,0.2539,0.4978,0.2828,0.2942,0.423
2020-21,2021-01-30,Real Madrid,Levante,A,0.1254,0.187,0.6876,0.2828,0.2942,0.423
2020-21,2021-01-30,Werder Bremen,Schalke 04,D,0.2037,0.2526,0.5437,0.2828,0.2942,0.423
2020-21,2021-01-30,Villarreal,Sociedad,D,0.2882,0.279,0.4327,0.2828,0.2942,0.423
2020-21,2021-01-30,Everton,Newcastle,A,0.2139,0.2757,0.5104,0.2828,0.2942,0.423
2020-21,2021-01-30,Crystal Palace,Wolves,H,0.3905,0.313,0.2966,0.2828,0.2942,0.423
2020-21,2021-01-30,Man City,Sheffield United,H,0.0354,0.1398,0.8248,0.2828,0.2942,0.423
2020-21,2021-01-30,West Brom,Fulham,D,0.3129,0.3053,0.3818,0.29,0.26,0.45
2020-21,2021-01-30,Arsenal,Man United,D,0.3783,0.2746,0.3471,0.2828,0.2942,0.423
2020-21,2021-01-30,Southampton,Aston Villa,A,0.3142,0.268,0.4178,0.2828,0.2942,0.423
2020-21,2021-01-30,Eibar,Sevilla,A,0.4739,0.2949,0.2312,0.2828,0.2942,0.423
2020-21,2021-01-31,Brighton,Tottenham,H,0.5464,0.2647,0.1889,0.2828,0.2942,0.423
2020-21,2021-01-31,Granada,Celta,D,0.2768,0.2628,0.4604,0.2828,0.2942,0.423
2020-21,2021-01-31,FC Koln,Bielefeld,H,0.2247,0.3039,0.4714,0.2828,0.2942,0.423
2020-21,2021-01-31,Wolfsburg,Freiburg,H,0.2521,0.2702,0.4777,0.2828,0.2942,0.423
2020-21,2021-01-31,Getafe,Alaves,D,0.2001,0.3105,0.4893,0.2828,0.2942,0.423
2020-21,2021-01-31,Chelsea,Burnley,H,0.1622,0.2542,0.5836,0.2828,0.2942,0.423
2020-21,2021-01-31,Barcelona,Ath Bilbao,H,0.1569,0.2309,0.6122,0.2828,0.2942,0.423
2020-21,2021-01-31,Leicester,Leeds,A,0.1467,0.1788,0.6745,0.2828,0.2942,0.423
2020-21,2021-01-31,West Ham,Liverpool,A,0.571,0.2301,0.199,0.2828,0.2942,0.423
2020-21,2021-01-31,Cadiz,Ath Madrid,A,0.6253,0.2703,0.1044,0.2828,0.2942,0.423
2020-21,2021-02-01,Betis,Osasuna,H,0.3001,0.2692,0.4308,0.2828,0.2942,0.423
2020-21,2021-02-02,Newcastle,Crystal Palace,A,0.3138,0.3038,0.3825,0.2828,0.2942,0.423
2020-21,2021-02-02,Man United,Southampton,H,0.1597,0.2219,0.6184,0.2828,0.2942,0.423
2020-21,2021-02-02,Wolves,Arsenal,H,0.3814,0.3069,0.3117,0.2828,0.2942,0.423
2020-21,2021-02-02,Sheffield United,West Brom,H,0.2174,0.3126,0.47,0.29,0.26,0.45
2020-21,2021-02-03,Fulham,Leicester,A,0.6451,0.2262,0.1286,0.2828,0.2942,0.423
2020-21,2021-02-03,Burnley,Man City,A,0.7214,0.1989,0.0797,0.2828,0.2942,0.423
2020-21,2021-02-03,Leeds,Everton,A,0.4265,0.244,0.3296,0.2828,0.2942,0.423
2020-21,2021-02-03,Aston Villa,West Ham,A,0.3344,0.2598,0.4058,0.2828,0.2942,0.423
2020-21,2021-02-03,Liverpool,Brighton,A,0.0832,0.1745,0.7423,0.2828,0.2942,0.423
2020-21,2021-02-04,Tottenham,Chelsea,A,0.295,0.2703,0.4347,0.2828,0.2942,0.423
2020-21,2021-02-05,Hertha,Bayern Munich,A,0.7519,0.1496,0.0984,0.2828,0.2942,0.423
2020-21,2021-02-05,Alaves,Valladolid,H,0.3304,0.323,0.3466,0.2828,0.2942,0.423
2020-21,2021-02-06,M'gladbach,FC Koln,A,0.1428,0.2057,0.6515,0.29,0.26,0.45
2020-21,2021-02-06,Man United,Everton,D,0.1797,0.2361,0.5842,0.2828,0.2942,0.423
2020-21,2021-02-06,Fulham,West Ham,D,0.534,0.2661,0.1999,0.2828,0.2942,0.423
2020-21,2021-02-06,Burnley,Brighton,D,0.263,0.3209,0.4161,0.2828,0.2942,0.423
2020-21,2021-02-06,Aston Villa,Arsenal,H,0.4385,0.2677,0.2938,0.2828,0.2942,0.423
2020-21,2021-02-06,Elche,Villarreal,D,0.5091,0.2811,0.2098,0.2828,0.2942,0.423
2020-21,2021-02-06,Huesca,Real Madrid,A,0.7075,0.1942,0.0983,0.2828,0.2942,0.423
2020-21,2021-02-06,Newcastle,Southampton,H,0.3841,0.2946,0.3213,0.2828,0.2942,0.423
2020-21,2021-02-06,Sevilla,Getafe,H,0.2052,0.3059,0.4889,0.2828,0.2942,0.423
2020-21,2021-02-06,Schalke 04,RB Leipzig,A,0.6731,0.2023,0.1245,0.2828,0.2942,0.423
2020-21,2021-02-06,Leverkusen,Stuttgart,H,0.199,0.2303,0.5707,0.2828,0.2942,0.423
2020-21,2021-02-06,Freiburg,Dortmund,H,0.4983,0.2448,0.2569,0.2828,0.2942,0.423
2020-21,2021-02-06,Augsburg,Wolfsburg,A,0.4622,0.2775,0.2603,0.2828,0.2942,0.423
2020-21,2021-02-06,Mainz,Union Berlin,H,0.4293,0.265,0.3058,0.2828,0.2942,0.423
2020-21,2021-02-06,Levante,Granada,D,0.316,0.2573,0.4267,0.2828,0.2942,0.423
2020-21,2021-02-07,Betis,Barcelona,A,0.6442,0.1995,0.1563,0.2828,0.2942,0.423
2020-21,2021-02-07,Tottenham,West Brom,H,0.0619,0.1421,0.796,0.29,0.26,0.45
2020-21,2021-02-07,Sheffield United,Chelsea,A,0.5367,0.2864,0.1768,0.2828,0.2942,0.423
2020-21,2021-02-07,Wolves,Leicester,D,0.3961,0.2959,0.3081,0.2828,0.2942,0.423
2020-21,2021-02-07,Osasuna,Eibar,H,0.2957,0.3038,0.4004,0.2828,0.2942,0.423
2020-21,2021-02-07,Sociedad,Cadiz,H,0.1656,0.2687,0.5657,0.2828,0.2942,0.423
2020-21,2021-02-07,Hoffenheim,Ein Frankfurt,A,0.3235,0.24,0.4365,0.2828,0.2942,0.423
2020-21,2021-02-07,Liverpool,Man City,A,0.4793,0.2701,0.2506,0.2828,0.2942,0.423
2020-21,2021-02-07,Ath Bilbao,Valencia,D,0.2704,0.2907,0.4389,0.2828,0.2942,0.423
2020-21,2021-02-08,Ath Madrid,Celta,D,0.0834,0.2029,0.7137,0.2828,0.2942,0.423
2020-21,2021-02-08,Leeds,Crystal Palace,H,0.3148,0.2479,0.4373,0.2828,0.2942,0.423
2020-21,2021-02-09,Real Madrid,Getafe,H,0.144,0.2538,0.6022,0.2828,0.2942,0.423
2020-21,2021-02-12,RB Leipzig,Augsburg,H,0.0953,0.1691,0.7355,0.2828,0.2942,0.423
2020-21,2021-02-12,Celta,Elche,H,0.2444,0.2759,0.4797,0.2828,0.2942,0.423
2020-21,2021-02-13,Leicester,Liverpool,H,0.4432,0.2525,0.3042,0.2828,0.2942,0.423
2020-21,2021-02-13,Man City,Tottenham,H,0.1239,0.2078,0.6682,0.2828,0.2942,0.423
2020-21,2021-02-13,Brighton,Aston Villa,D,0.3695,0.2873,0.3432,0.2828,0.2942,0.423
2020-21,2021-02-13,Barcelona,Alaves,H,0.0677,0.1435,0.7888,0.2828,0.2942,0.423
2020-21,2021-02-13,Eibar,Valladolid,D,0.2694,0.31,0.4206,0.2828,0.2942,0.423
2020-21,2021-02-13,Granada,Ath Madrid,A,0.5715,0.2577,0.1708,0.2828,0.2942,0.423
2020-21,2021-02-13,Sevilla,Huesca,H,0.1024,0.2016,0.696,0.2828,0.2942,0.423
2020-21,2021-02-13,Dortmund,Hoffenheim,D,0.1832,0.1961,0.6208,0.2828,0.2942,0.423
2020-21,2021-02-13,Crystal Palace,Burnley,A,0.2905,0.3122,0.3973,0.2828,0.2942,0.423
2020-21,2021-02-13,Werder Bremen,Freiburg,D,0.328,0.2644,0.4076,0.2828,0.2942,0.423
2020-21,2021-02-13,Stuttgart,Hertha,D,0.2985,0.242,0.4596,0.2828,0.2942,0.423
2020-21,2021-02-13,Leverkusen,Mainz,D,0.1264,0.1876,0.686,0.2828,0.2942,0.423
2020-21,2021-02-13,Union Berlin,Schalke 04,D,0.1788,0.234,0.5873,0.2828,0.2942,0.423
2020-21,2021-02-14,Real Madrid,Valencia,H,0.1366,0.1984,0.665,0.2828,0.2942,0.423
2020-21,2021-02-14,Getafe,Sociedad,A,0.3711,0.3154,0.3135,0.2828,0.2942,0.423
2020-21,2021-02-14,Wolfsburg,M'gladbach,D,0.3201,0.2693,0.4106,0.29,0.26,0.45
2020-21,2021-02-14,Villarreal,Betis,A,0.2009,0.232,0.5671,0.2828,0.2942,0.423
2020-21,2021-02-14,Southampton,Wolves,A,0.3419,0.2938,0.3643,0.2828,0.2942,0.423
2020-21,2021-02-14,West Brom,Man United,D,0.764,0.1506,0.0855,0.29,0.26,0.45
2020-21,2021-02-14,Everton,Fulham,A,0.1399,0.2259,0.6341,0.2828,0.2942,0.423
2020-21,2021-02-14,Ein Frankfurt,FC Koln,H,0.1975,0.2096,0.5929,0.2828,0.2942,0.423
2020-21,2021-02-14,Levante,Osasuna,A,0.2552,0.2533,0.4915,0.2828,0.2942,0.423
2020-21,2021-02-14,Arsenal,Leeds,H,0.2048,0.2225,0.5727,0.2828,0.2942,0.423
2020-21,2021-02-15,Chelsea,Newcastle,H,0.141,0.2186,0.6403,0.2828,0.2942,0.423
2020-21,2021-02-15,West Ham,Sheffield United,H,0.2005,0.2881,0.5114,0.2828,0.2942,0.423
2020-21,2021-02-15,Cadiz,Ath Bilbao,A,0.4637,0.2915,0.2448,0.2828,0.2942,0.423
2020-21,2021-02-15,Bayern Munich,Bielefeld,D,0.0291,0.0922,0.8787,0.2828,0.2942,0.423
2020-21,2021-02-17,Levante,Ath Madrid,D,0.564,0.2554,0.1806,0.2828,0.2942,0.423
2020-21,2021-02-17,Everton,Man City,A,0.6785,0.2038,0.1177,0.2828,0.2942,0.423
2020-21,2021-02-17,Burnley,Fulham,D,0.1981,0.2988,0.503,0.2828,0.2942,0.423
2020-21,2021-02-19,Betis,Getafe,H,0.3083,0.2996,0.3921,0.2828,0.2942,0.423
2020-21,2021-02-19,Bielefeld,Wolfsburg,A,0.5393,0.2877,0.173,0.2828,0.2942,0.423
2020-21,2021-02-19,Wolves,Leeds,H,0.274,0.262,0.464,0.2828,0.2942,0.423
2020-21,2021-02-20,M'gladbach,Mainz,A,0.148,0.2039,0.6481,0.29,0.26,0.45
2020-21,2021-02-20,Liverpool,Everton,A,0.1354,0.1892,0.6754,0.2828,0.2942,0.423
2020-21,2021-02-20,Burnley,West Brom,D,0.1814,0.2599,0.5588,0.29,0.26,0.45
2020-21,2021-02-20,Southampton,Chelsea,D,0.4916,0.2513,0.2571,0.2828,0.2942,0.423
2020-21,2021-02-20,Valladolid,Real Madrid,A,0.6346,0.2234,0.142,0.2828,0.2942,0.423
2020-21,2021-02-20,Valencia,Celta,H,0.2558,0.2557,0.4886,0.2828,0.2942,0.423
2020-21,2021-02-20,Ath Madrid,Levante,A,0.1137,0.2095,0.6768,0.2828,0.2942,0.423
2020-21,2021-02-20,Elche,Eibar,H,0.33,0.3161,0.354,0.2828,0.2942,0.423
2020-21,2021-02-20,Schalke 04,Dortmund,A,0.6656,0.1933,0.1411,0.2828,0.2942,0.423
2020-21,2021-02-20,Freiburg,Union Berlin,A,0.31,0.2602,0.4298,0.2828,0.2942,0.423
2020-21,2021-02-20,FC Koln,Stuttgart,A,0.3678,0.2478,0.3844,0.2828,0.2942,0.423
2020-21,2021-02-20,Ein Frankfurt,Bayern Munich,H,0.653,0.1807,0.1664,0.2828,0.2942,0.423
2020-21,2021-02-20,Fulham,Sheffield United,H,0.3523,0.3423,0.3054,0.2828,0.2942,0.423
2020-21,2021-02-21,Ath Bilbao,Villarreal,D,0.338,0.2933,0.3688,0.2828,0.2942,0.423
2020-21,2021-02-21,Huesca,Granada,H,0.4345,0.2687,0.2969,0.2828,0.2942,0.423
2020-21,2021-02-21,Hertha,RB Leipzig,A,0.5829,0.2257,0.1914,0.2828,0.2942,0.423
2020-21,2021-02-21,Barcelona,Cadiz,D,0.0632,0.1301,0.8068,0.2828,0.2942,0.423
2020-21,2021-02-21,Aston Villa,Leicester,A,0.429,0.2586,0.3124,0.2828,0.2942,0.423
2020-21,2021-02-21,West Ham,Tottenham,H,0.4496,0.2593,0.2912,0.2828,0.2942,0.423
2020-21,2021-02-21,Man United,Newcastle,H,0.1092,0.1858,0.705,0.2828,0.2942,0.423
2020-21,2021-02-21,Hoffenheim,Werder Bremen,H,0.2721,0.2454,0.4825,0.2828,0.2942,0.423
2020-21,2021-02-21,Augsburg,Leverkusen,D,0.5441,0.2368,0.2191,0.2828,0.2942,0.423
2020-21,2021-02-21,Sociedad,Alaves,H,0.156,0.2453,0.5987,0.2828,0.2942,0.423
2020-21,2021-02-21,Arsenal,Man City,A,0.584,0.2508,0.1652,0.2828,0.2942,0.423
2020-21,2021-02-22,Brighton,Crystal Palace,A,0.2997,0.3064,0.3939,0.2828,0.2942,0.423
2020-21,2021-02-22,Osasuna,Sevilla,A,0.5028,0.2758,0.2214,0.2828,0.2942,0.423
2020-21,2021-02-23,Leeds,Southampton,H,0.3085,0.2342,0.4573,0.2828,0.2942,0.423
2020-21,2021-02-24,Barcelona,Elche,H,0.0733,0.1503,0.7763,0.2828,0.2942,0.423
2020-21,2021-02-26,Werder Bremen,Ein Frankfurt,H,0.4406,0.2494,0.31,0.2828,0.2942,0.423
2020-21,2021-02-26,Levante,Ath Bilbao,D,0.3624,0.2776,0.36,0.2828,0.2942,0.423
2020-21,2021-02-27,RB Leipzig,M'gladbach,H,0.2106,0.2378,0.5516,0.29,0.26,0.45
2020-21,2021-02-27,Leeds,Aston Villa,A,0.2937,0.229,0.4772,0.2828,0.2942,0.423
2020-21,2021-02-27,Dortmund,Bielefeld,H,0.0841,0.1575,0.7584,0.2828,0.2942,0.423
2020-21,2021-02-27,Newcastle,Wolves,D,0.3913,0.3157,0.293,0.2828,0.2942,0.423
2020-21,2021-02-27,Bayern Munich,FC Koln,H,0.0448,0.0929,0.8623,0.2828,0.2942,0.423
2020-21,2021-02-27,Stuttgart,Schalke 04,H,0.1764,0.2319,0.5917,0.2828,0.2942,0.423
2020-21,2021-02-27,Getafe,Valencia,H,0.3329,0.3195,0.3476,0.2828,0.2942,0.423
2020-21,2021-02-27,Eibar,Huesca,D,0.2811,0.3032,0.4157,0.2828,0.2942,0.423
2020-21,2021-02-27,Sevilla,Barcelona,A,0.42,0.2582,0.3218,0.2828,0.2942,0.423
2020-21,2021-02-27,Alaves,Osasuna,A,0.3777,0.3,0.3223,0.2828,0.2942,0.423
2020-21,2021-02-27,Wolfsburg,Hertha,H,0.1832,0.2401,0.5767,0.2828,0.2942,0.423
2020-21,2021-02-27,Man City,West Ham,H,0.0656,0.1418,0.7925,0.2828,0.2942,0.423
2020-21,2021-02-27,West Brom,Brighton,H,0.4027,0.3093,0.288,0.29,0.26,0.45
2020-21,2021-02-28,Sheffield United,Liverpool,A,0.6457,0.2294,0.1249,0.2828,0.2942,0.423
2020-21,2021-02-28,Tottenham,Burnley,H,0.1548,0.2475,0.5978,0.2828,0.2942,0.423
2020-21,2021-02-28,Leicester,Arsenal,A,0.3032,0.2726,0.4242,0.2828,0.2942,0.423
2020-21,2021-02-28,Crystal Palace,Fulham,D,0.2313,0.3037,0.4649,0.2828,0.2942,0.423
2020-21,2021-02-28,Villarreal,Ath Madrid,A,0.4491,0.3,0.2509,0.2828,0.2942,0.423
2020-21,2021-02-28,Celta,Valladolid,D,0.2692,0.2857,0.4451,0.2828,0.2942,0.423
2020-21,2021-02-28,Cadiz,Betis,A,0.4417,0.2684,0.2899,0.2828,0.2942,0.423
2020-21,2021-02-28,Union Berlin,Hoffenheim,D,0.3455,0.2587,0.3958,0.2828,0.2942,0.423
2020-21,2021-02-28,Mainz,Augsburg,A,0.3162,0.2729,0.4109,0.2828,0.2942,0.423
2020-21,2021-02-28,Leverkusen,Freiburg,A,0.1962,0.2312,0.5726,0.2828,0.2942,0.423
2020-21,2021-02-28,Granada,Elche,H,0.206,0.2566,0.5374,0.2828,0.2942,0.423
2020-21,2021-02-28,Chelsea,Man United,D,0.3726,0.2678,0.3596,0.2828,0.2942,0.423
2020-21,2021-03-01,Everton,Southampton,H,0.2388,0.2456,0.5156,0.2828,0.2942,0.423
2020-21,2021-03-01,Real Madrid,Sociedad,D,0.1868,0.2433,0.5699,0.2828,0.2942,0.423
2020-21,2021-03-02,Man City,Wolves,H,0.0679,0.1764,0.7557,0.2828,0.2942,0.423
2020-21,2021-03-03,Burnley,Leicester,D,0.4887,0.2832,0.228,0.2828,0.2942,0.423
2020-21,2021-03-03,Sheffield United,Aston Villa,H,0.3973,0.3198,0.2828,0.2828,0.2942,0.423
2020-21,2021-03-03,Crystal Palace,Man United,D,0.6199,0.2245,0.1556,0.2828,0.2942,0.423
2020-21,2021-03-04,Fulham,Tottenham,A,0.6006,0.2473,0.1521,0.2828,0.2942,0.423
2020-21,2021-03-04,West Brom,Everton,A,0.5628,0.2441,0.193,0.29,0.26,0.45
2020-21,2021-03-04,Liverpool,Chelsea,A,0.2506,0.2436,0.5058,0.2828,0.2942,0.423
2020-21,2021-03-05,Schalke 04,Mainz,D,0.3727,0.2791,0.3483,0.2828,0.2942,0.423
2020-21,2021-03-05,Valencia,Villarreal,H,0.3705,0.2835,0.346,0.2828,0.2942,0.423
2020-21,2021-03-06,Hertha,Augsburg,H,0.2811,0.2638,0.4551,0.2828,0.2942,0.423
2020-21,2021-03-06,Hoffenheim,Wolfsburg,H,0.378,0.2623,0.3596,0.2828,0.2942,0.423
2020-21,2021-03-06,Bayern Munich,Dortmund,H,0.1886,0.1872,0.6243,0.2828,0.2942,0.423
2020-21,2021-03-06,M'gladbach,Leverkusen,A,0.3466,0.2545,0.399,0.29,0.26,0.45
2020-21,2021-03-06,Ein Frankfurt,Stuttgart,D,0.2548,0.2302,0.515,0.2828,0.2942,0.423
2020-21,2021-03-06,Elche,Sevilla,H,0.5808,0.2613,0.1578,0.2828,0.2942,0.423
2020-21,2021-03-06,Freiburg,RB Leipzig,A,0.5489,0.2454,0.2057,0.2828,0.2942,0.423
2020-21,2021-03-06,Osasuna,Barcelona,A,0.6614,0.1975,0.1411,0.2828,0.2942,0.423
2020-21,2021-03-06,Burnley,Arsenal,D,0.4693,0.2969,0.2338,0.2828,0.2942,0.423
2020-21,2021-03-06,Sheffield United,Southampton,A,0.3748,0.3185,0.3067,0.2828,0.2942,0.423
2020-21,2021-03-06,Aston Villa,Wolves,D,0.3305,0.3051,0.3644,0.2828,0.2942,0.423
2020-21,2021-03-06,Brighton,Leicester,A,0.5155,0.2721,0.2124,0.2828,0.2942,0.423
2020-21,2021-03-06,Valladolid,Getafe,H,0.3455,0.344,0.3105,0.2828,0.2942,0.423
2020-21,2021-03-06,Cadiz,Eibar,H,0.3622,0.3081,0.3297,0.2828,0.2942,0.423
2020-21,2021-03-07,Bielefeld,Union Berlin,D,0.461,0.2872,0.2517,0.2828,0.2942,0.423
2020-21,2021-03-07,Tottenham,Crystal Palace,H,0.139,0.2161,0.6449,0.2828,0.2942,0.423
2020-21,2021-03-07,Man City,Man United,A,0.1509,0.2195,0.6296,0.2828,0.2942,0.423
2020-21,2021-03-07,FC Koln,Werder Bremen,D,0.3745,0.2736,0.3519,0.2828,0.2942,0.423
2020-21,2021-03-07,Huesca,Celta,A,0.3622,0.2804,0.3574,0.2828,0.2942,0.423
2020-21,2021-03-07,Sociedad,Levante,H,0.2484,0.2476,0.504,0.2828,0.2942,0.423
2020-21,2021-03-07,West Brom,Newcastle,D,0.4092,0.2944,0.2964,0.29,0.26,0.45
2020-21,2021-03-07,Ath Bilbao,Granada,H,0.2423,0.2639,0.4938,0.2828,0.2942,0.423
2020-21,2021-03-07,Ath Madrid,Real Madrid,D,0.2913,0.3046,0.4041,0.2828,0.2942,0.423
2020-21,2021-03-07,Liverpool,Fulham,A,0.0619,0.1472,0.7909,0.2828,0.2942,0.423
2020-21,2021-03-08,Betis,Alaves,H,0.2161,0.2499,0.534,0.2828,0.2942,0.423
2020-21,2021-03-08,Chelsea,Everton,H,0.2141,0.2419,0.544,0.2828,0.2942,0.423
2020-21,2021-03-08,West Ham,Leeds,H,0.2988,0.2228,0.4784,0.2828,0.2942,0.423
2020-21,2021-03-10,Bielefeld,Werder Bremen,A,0.4148,0.2899,0.2953,0.2828,0.2942,0.423
2020-21,2021-03-10,Man City,Southampton,H,0.0419,0.1102,0.8478,0.2828,0.2942,0.423
2020-21,2021-03-10,Ath Madrid,Ath Bilbao,H,0.1677,0.2807,0.5517,0.2828,0.2942,0.423
2020-21,2021-03-12,Newcastle,Aston Villa,D,0.3818,0.289,0.3292,0.2828,0.2942,0.423
2020-21,2021-03-12,Levante,Valencia,H,0.3255,0.2607,0.4138,0.2828,0.2942,0.423
2020-21,2021-03-12,Augsburg,M'gladbach,H,0.5035,0.2501,0.2464,0.29,0.26,0.45
2020-21,2021-03-13,Dortmund,Hertha,H,0.1265,0.1721,0.7015,0.2828,0.2942,0.423
2020-21,2021-03-13,Alaves,Cadiz,D,0.3008,0.3033,0.3958,0.2828,0.2942,0.423
2020-21,2021-03-13,Wolfsburg,Schalke 04,H,0.117,0.2085,0.6744,0.2828,0.2942,0.423
2020-21,2021-03-13,Werder Bremen,Bayern Munich,A,0.7125,0.1661,0.1214,0.2828,0.2942,0.423
2020-21,2021-03-13,Union Berlin,FC Koln,H,0.2219,0.2552,0.5229,0.2828,0.2942,0.423
2020-21,2021-03-13,Mainz,Freiburg,H,0.4068,0.2708,0.3224,0.2828,0.2942,0.423
2020-21,2021-03-13,Osasuna,Valladolid,D,0.2743,0.3067,0.419,0.2828,0.2942,0.423
2020-21,2021-03-13,Fulham,Man City,A,0.7907,0.1556,0.0537,0.2828,0.2942,0.423
2020-21,2021-03-13,Getafe,Ath Madrid,D,0.5201,0.3089,0.171,0.2828,0.2942,0.423
2020-21,2021-03-13,Leeds,Chelsea,D,0.5426,0.2283,0.2292,0.2828,0.2942,0.423
2020-21,2021-03-13,Crystal Palace,West Brom,H,0.2104,0.274,0.5156,0.29,0.26,0.45
2020-21,2021-03-13,Everton,Burnley,A,0.2235,0.278,0.4985,0.2828,0.2942,0.423
2020-21,2021-03-13,Real Madrid,Elche,H,0.0753,0.164,0.7607,0.2828,0.2942,0.423
2020-21,2021-03-14,Granada,Sociedad,H,0.4197,0.2654,0.3149,0.2828,0.2942,0.423
2020-21,2021-03-14,Sevilla,Betis,H,0.1734,0.2277,0.5989,0.2828,0.2942,0.423
2020-21,2021-03-14,Stuttgart,Hoffenheim,H,0.3609,0.2379,0.4012,0.2828,0.2942,0.423
2020-21,2021-03-14,Celta,Ath Bilbao,D,0.4282,0.2731,0.2986,0.2828,0.2942,0.423
2020-21,2021-03-14,Eibar,Villarreal,A,0.4674,0.2853,0.2473,0.2828,0.2942,0.423
2020-21,2021-03-14,RB Leipzig,Ein Frankfurt,D,0.1693,0.2029,0.6279,0.2828,0.2942,0.423
2020-21,2021-03-14,Southampton,Brighton,A,0.2684,0.2823,0.4493,0.2828,0.2942,0.423
2020-21,2021-03-14,Arsenal,Tottenham,H,0.3384,0.2679,0.3937,0.2828,0.2942,0.423
2020-21,2021-03-14,Man United,West Ham,H,0.163,0.2156,0.6214,0.2828,0.2942,0.423
2020-21,2021-03-14,Leverkusen,Bielefeld,A,0.0852,0.1801,0.7347,0.2828,0.2942,0.423
2020-21,2021-03-14,Leicester,Sheffield United,H,0.1234,0.2399,0.6367,0.2828,0.2942,0.423
2020-21,2021-03-15,Barcelona,Huesca,H,0.0598,0.1208,0.8194,0.2828,0.2942,0.423
2020-21,2021-03-15,Wolves,Liverpool,A,0.5093,0.2658,0.2249,0.2828,0.2942,0.423
2020-21,2021-03-17,Sevilla,Elche,H,0.1201,0.2238,0.6561,0.2828,0.2942,0.423
2020-21,2021-03-19,Betis,Levante,H,0.345,0.2479,0.4071,0.2828,0.2942,0.423
2020-21,2021-03-19,Bielefeld,RB Leipzig,A,0.7239,0.1893,0.0868,0.2828,0.2942,0.423
2020-21,2021-03-19,Fulham,Leeds,A,0.4334,0.2753,0.2913,0.2828,0.2942,0.423
2020-21,2021-03-20,Brighton,Newcastle,H,0.3006,0.3102,0.3892,0.2828,0.2942,0.423
2020-21,2021-03-20,Bayern Munich,Stuttgart,H,0.08,0.1214,0.7986,0.2828,0.2942,0.423
2020-21,2021-03-20,Ein Frankfurt,Union Berlin,H,0.26,0.2482,0.4917,0.2828,0.2942,0.423
2020-21,2021-03-20,FC Koln,Dortmund,D,0.6327,0.199,0.1682,0.2828,0.2942,0.423
2020-21,2021-03-20,Werder Bremen,Wolfsburg,A,0.4237,0.2809,0.2954,0.2828,0.2942,0.423
2020-21,2021-03-20,Schalke 04,M'gladbach,A,0.5959,0.2282,0.1759,0.29,0.26,0.45
2020-21,2021-03-20,Celta,Real Madrid,A,0.6329,0.2084,0.1587,0.2828,0.2942,0.423
2020-21,2021-03-20,Huesca,Osasuna,D,0.3674,0.2893,0.3432,0.2828,0.2942,0.423
2020-21,2021-03-20,Valladolid,Sevilla,D,0.5166,0.2812,0.2022,0.2828,0.2942,0.423
2020-21,2021-03-20,Ath Bilbao,Eibar,D,0.1858,0.277,0.5372,0.2828,0.2942,0.423
2020-21,2021-03-21,Hertha,Leverkusen,H,0.5255,0.2368,0.2377,0.2828,0.2942,0.423
2020-21,2021-03-21,Getafe,Elche,D,0.2168,0.3132,0.47,0.2828,0.2942,0.423
2020-21,2021-03-21,Valencia,Granada,H,0.2923,0.2582,0.4495,0.2828,0.2942,0.423
2020-21,2021-03-21,Villarreal,Cadiz,H,0.1352,0.2273,0.6375,0.2828,0.2942,0.423
2020-21,2021-03-21,Ath Madrid,Alaves,H,0.0648,0.1752,0.7601,0.2828,0.2942,0.423
2020-21,2021-03-21,West Ham,Arsenal,D,0.4021,0.2681,0.3298,0.2828,0.2942,0.423
2020-21,2021-03-21,Aston Villa,Tottenham,A,0.4805,0.2595,0.26,0.2828,0.2942,0.423
2020-21,2021-03-21,Hoffenheim,Mainz,A,0.1887,0.2157,0.5956,0.2828,0.2942,0.423
2020-21,2021-03-21,Freiburg,Augsburg,H,0.2429,0.2576,0.4995,0.2828,0.2942,0.423
2020-21,2021-03-21,Sociedad,Barcelona,A,0.5027,0.2457,0.2515,0.2828,0.2942,0.423
2020-21,2021-04-02,Levante,Huesca,A,0.2137,0.2526,0.5337,0.2828,0.2942,0.423
2020-21,2021-04-03,Osasuna,Getafe,D,0.3153,0.3456,0.339,0.2828,0.2942,0.423
2020-21,2021-04-03,Chelsea,West Brom,A,0.0706,0.1781,0.7513,0.29,0.26,0.45
2020-21,2021-04-03,Real Madrid,Eibar,H,0.0901,0.1943,0.7156,0.2828,0.2942,0.423
2020-21,2021-04-03,Leicester,Man City,A,0.5879,0.2331,0.179,0.2828,0.2942,0.423
2020-21,2021-04-03,Leeds,Sheffield United,H,0.1713,0.2587,0.57,0.2828,0.2942,0.423
2020-21,2021-04-03,Arsenal,Liverpool,A,0.4003,0.2663,0.3334,0.2828,0.2942,0.423
2020-21,2021-04-03,Granada,Villarreal,A,0.4055,0.2735,0.321,0.2828,0.2942,0.423
2020-21,2021-04-03,RB Leipzig,Bayern Munich,A,0.428,0.2431,0.3289,0.2828,0.2942,0.423
2020-21,2021-04-03,Wolfsburg,FC Koln,H,0.1424,0.2221,0.6356,0.2828,0.2942,0.423
2020-21,2021-04-03,Mainz,Bielefeld,D,0.2393,0.2987,0.462,0.2828,0.2942,0.423
2020-21,2021-04-03,Leverkusen,Schalke 04,H,0.0931,0.1737,0.7332,0.2828,0.2942,0.423
2020-21,2021-04-03,Dortmund,Ein Frankfurt,A,0.2208,0.2105,0.5687,0.2828,0.2942,0.423
2020-21,2021-04-03,Augsburg,Hoffenheim,H,0.4341,0.2581,0.3078,0.2828,0.2942,0.423
2020-21,2021-04-03,M'gladbach,Freiburg,H,0.2179,0.2488,0.5333,0.29,0.26,0.45
2020-21,2021-04-04,Sevilla,Ath Madrid,H,0.3784,0.3291,0.2926,0.2828,0.2942,0.423
2020-21,2021-04-04,Southampton,Burnley,H,0.2701,0.2934,0.4366,0.2828,0.2942,0.423
2020-21,2021-04-04,Stuttgart,Werder Bremen,H,0.2593,0.2598,0.481,0.2828,0.2942,0.423
2020-21,2021-04-04,Aston Villa,Fulham,H,0.1826,0.297,0.5204,0.2828,0.2942,0.423
2020-21,2021-04-04,Man United,Brighton,H,0.1039,0.2089,0.6872,0.2828,0.2942,0.423
2020-21,2021-04-04,Cadiz,Valencia,H,0.4451,0.2934,0.2616,0.2828,0.2942,0.423
2020-21,2021-04-04,Elche,Betis,D,0.4002,0.2881,0.3117,0.2828,0.2942,0.423
2020-21,2021-04-04,Newcastle,Tottenham,D,0.5521,0.255,0.1929,0.2828,0.2942,0.423
2020-21,2021-04-04,Union Berlin,Hertha,D,0.2634,0.2697,0.4669,0.2828,0.2942,0.423
2020-21,2021-04-04,Alaves,Celta,A,0.3874,0.2845,0.3281,0.2828,0.2942,0.423
2020-21,2021-04-05,Barcelona,Valladolid,H,0.0647,0.145,0.7903,0.2828,0.2942,0.423
2020-21,2021-04-05,Wolves,West Ham,A,0.3216,0.3029,0.3755,0.2828,0.2942,0.423
2020-21,2021-04-05,Everton,Crystal Palace,D,0.2099,0.2662,0.5239,0.2828,0.2942,0.423
2020-21,2021-04-07,Sociedad,Ath Bilbao,D,0.2972,0.2986,0.4042,0.2828,0.2942,0.423
2020-21,2021-04-09,Fulham,Wolves,A,0.4197,0.3459,0.2344,0.2828,0.2942,0.423
2020-21,2021-04-09,Bielefeld,Freiburg,H,0.4325,0.3042,0.2633,0.2828,0.2942,0.423
2020-21,2021-04-09,Huesca,Elche,H,0.2831,0.3032,0.4137,0.2828,0.2942,0.423
2020-21,2021-04-10,Getafe,Cadiz,A,0.1893,0.3104,0.5002,0.2828,0.2942,0.423
2020-21,2021-04-10,Bayern Munich,Union Berlin,D,0.072,0.131,0.7969,0.2828,0.2942,0.423
2020-21,2021-04-10,Ein Frankfurt,Wolfsburg,H,0.3389,0.263,0.3981,0.2828,0.2942,0.423
2020-21,2021-04-10,Hertha,M'gladbach,D,0.4572,0.2586,0.2842,0.29,0.26,0.45
2020-21,2021-04-10,Werder Bremen,RB Leipzig,A,0.567,0.2455,0.1875,0.2828,0.2942,0.423
2020-21,2021-04-10,Stuttgart,Dortmund,A,0.4876,0.2384,0.274,0.2828,0.2942,0.423
2020-21,2021-04-10,Real Madrid,Barcelona,H,0.3765,0.2555,0.368,0.2828,0.2942,0.423
2020-21,2021-04-10,Eibar,Levante,A,0.3835,0.2909,0.3256,0.2828,0.2942,0.423
2020-21,2021-04-10,Man City,Leeds,A,0.0429,0.0987,0.8584,0.2828,0.2942,0.423
2020-21,2021-04-10,Liverpool,Aston Villa,H,0.1261,0.2032,0.6707,0.2828,0.2942,0.423
2020-21,2021-04-10,Crystal Palace,Chelsea,A,0.5411,0.27,0.1889,0.2828,0.2942,0.423
2020-21,2021-04-10,Ath Bilbao,Alaves,D,0.1463,0.2555,0.5983,0.2828,0.2942,0.423
2020-21,2021-04-11,Burnley,Newcastle,A,0.2639,0.3146,0.4214,0.2828,0.2942,0.423
2020-21,2021-04-11,Valladolid,Granada,A,0.3565,0.298,0.3455,0.2828,0.2942,0.423
2020-21,2021-04-11,Tottenham,Man United,A,0.3701,0.2729,0.357,0.2828,0.2942,0.423
2020-21,2021-04-11,West Ham,Leicester,H,0.4152,0.262,0.3228,0.2828,0.2942,0.423
2020-21,2021-04-11,Betis,Ath Madrid,D,0.5616,0.2635,0.175,0.2828,0.2942,0.423
2020-21,2021-04-11,Schalke 04,Augsburg,H,0.4008,0.2863,0.3129,0.2828,0.2942,0.423
2020-21,2021-04-11,Valencia,Sociedad,D,0.3552,0.2865,0.3583,0.2828,0.2942,0.423
2020-21,2021-04-11,Sheffield United,Arsenal,A,0.5549,0.2828,0.1622,0.2828,0.2942,0.423
2020-21,2021-04-11,FC Koln,Mainz,A,0.3127,0.2756,0.4117,0.2828,0.2942,0.423
2020-21,2021-04-11,Villarreal,Osasuna,A,0.1882,0.2732,0.5386,0.2828,0.2942,0.423
2020-21,2021-04-12,Celta,Sevilla,A,0.505,0.2667,0.2283,0.2828,0.2942,0.423
2020-21,2021-04-12,West Brom,Southampton,H,0.4629,0.2834,0.2537,0.29,0.26,0.45
2020-21,2021-04-12,Brighton,Everton,D,0.3852,0.3007,0.3141,0.2828,0.2942,0.423
2020-21,2021-04-12,Hoffenheim,Leverkusen,D,0.3946,0.2494,0.356,0.2828,0.2942,0.423
2020-21,2021-04-16,Everton,Tottenham,D,0.4353,0.2684,0.2964,0.2828,0.2942,0.423
2020-21,2021-04-16,RB Leipzig,Hoffenheim,D,0.1558,0.2066,0.6375,0.2828,0.2942,0.423
2020-21,2021-04-17,Augsburg,Bielefeld,D,0.2414,0.2977,0.4609,0.2828,0.2942,0.423
2020-21,2021-04-17,Leverkusen,FC Koln,H,0.151,0.2081,0.6409,0.2828,0.2942,0.423
2020-21,2021-04-17,Union Berlin,Stuttgart,H,0.332,0.2699,0.3981,0.2828,0.2942,0.423
2020-21,2021-04-17,M'gladbach,Ein Frankfurt,H,0.3192,0.2387,0.4421,0.29,0.26,0.45
2020-21,2021-04-17,Freiburg,Schalke 04,H,0.1709,0.2449,0.5842,0.2828,0.2942,0.423
2020-21,2021-04-17,Wolves,Sheffield United,H,0.1531,0.3161,0.5308,0.2828,0.2942,0.423
2020-21,2021-04-17,Wolfsburg,Bayern Munich,A,0.5888,0.2172,0.194,0.2828,0.2942,0.423
2020-21,2021-04-17,Newcastle,West Ham,H,0.4457,0.2713,0.283,0.2828,0.2942,0.423
2020-21,2021-04-18,Man United,Burnley,H,0.1128,0.2154,0.6717,0.2828,0.2942,0.423
2020-21,2021-04-18,Arsenal,Fulham,D,0.101,0.2203,0.6787,0.2828,0.2942,0.423
2020-21,2021-04-18,Levante,Villarreal,A,0.4184,0.2714,0.3101,0.2828,0.2942,0.423
2020-21,2021-04-18,Getafe,Real Madrid,D,0.5292,0.2903,0.1805,0.2828,0.2942,0.423
2020-21,2021-04-18,Cadiz,Celta,D,0.4085,0.2777,0.3138,0.2828,0.2942,0.423
2020-21,2021-04-18,Betis,Valencia,D,0.3364,0.2695,0.3941,0.2828,0.2942,0.423
2020-21,2021-04-18,Ath Madrid,Eibar,H,0.0888,0.2293,0.6819,0.2828,0.2942,0.423
2020-21,2021-04-18,Sociedad,Sevilla,A,0.3969,0.2868,0.3163,0.2828,0.2942,0.423
2020-21,2021-04-18,Osasuna,Elche,H,0.2212,0.2983,0.4806,0.2828,0.2942,0.423
2020-21,2021-04-18,Dortmund,Werder Bremen,H,0.1494,0.2007,0.6499,0.2828,0.2942,0.423
2020-21,2021-04-18,Alaves,Huesca,H,0.3644,0.2935,0.3421,0.2828,0.2942,0.423
2020-21,2021-04-19,Leeds,Liverpool,D,0.5546,0.2171,0.2283,0.2828,0.2942,0.423
2020-21,2021-04-20,Bayern Munich,Leverkusen,H,0.124,0.1679,0.7081,0.2828,0.2942,0.423
2020-21,2021-04-20,Bielefeld,Schalke 04,H,0.2765,0.312,0.4116,0.2828,0.2942,0.423
2020-21,2021-04-20,FC Koln,RB Leipzig,H,0.658,0.2043,0.1376,0.2828,0.2942,0.423
2020-21,2021-04-20,Ein Frankfurt,Augsburg,H,0.1741,0.2104,0.6155,0.2828,0.2942,0.423
2020-21,2021-04-20,Chelsea,Brighton,D,0.1443,0.2459,0.6098,0.2828,0.2942,0.423
2020-21,2021-04-21,Dortmund,Union Berlin,H,0.1828,0.2225,0.5947,0.2828,0.2942,0.423
2020-21,2021-04-21,Hoffenheim,M'gladbach,H,0.3908,0.2513,0.3579,0.29,0.26,0.45
2020-21,2021-04-21,Stuttgart,Wolfsburg,A,0.3996,0.2687,0.3318,0.2828,0.2942,0.423
2020-21,2021-04-21,Werder Bremen,Mainz,A,0.2746,0.2724,0.4529,0.2828,0.2942,0.423
2020-21,2021-04-21,Levante,Sevilla,A,0.4731,0.2702,0.2567,0.2828,0.2942,0.423
2020-21,2021-04-21,Osasuna,Valencia,H,0.3524,0.3018,0.3458,0.2828,0.2942,0.423
2020-21,2021-04-21,Betis,Ath Bilbao,D,0.3883,0.2883,0.3235,0.2828,0.2942,0.423
2020-21,2021-04-21,Alaves,Villarreal,H,0.5438,0.2636,0.1927,0.2828,0.2942,0.423
2020-21,2021-04-21,Elche,Valladolid,D,0.3592,0.3235,0.3174,0.2828,0.2942,0.423
2020-21,2021-04-21,Cadiz,Real Madrid,A,0.6799,0.2099,0.1102,0.2828,0.2942,0.423
2020-21,2021-04-21,Tottenham,Southampton,H,0.1689,0.217,0.6141,0.2828,0.2942,0.423
2020-21,2021-04-21,Aston Villa,Man City,A,0.7283,0.1804,0.0913,0.2828,0.2942,0.423
2020-21,2021-04-22,Barcelona,Getafe,H,0.1115,0.2133,0.6751,0.2828,0.2942,0.423
2020-21,2021-04-22,Ath Madrid,Huesca,H,0.0862,0.2022,0.7116,0.2828,0.2942,0.423
2020-21,2021-04-22,Granada,Eibar,H,0.2636,0.2866,0.4498,0.2828,0.2942,0.423
2020-21,2021-04-22,Leicester,West Brom,H,0.0996,0.1821,0.7183,0.29,0.26,0.45
2020-21,2021-04-22,Sociedad,Celta,H,0.2206,0.2406,0.5388,0.2828,0.2942,0.423
2020-21,2021-04-23,Augsburg,FC Koln,A,0.2995,0.2689,0.4315,0.2828,0.2942,0.423
2020-21,2021-04-23,Arsenal,Everton,A,0.215,0.2525,0.5325,0.2828,0.2942,0.423
2020-21,2021-04-24,Wolfsburg,Dortmund,A,0.3819,0.26,0.3581,0.2828,0.2942,0.423
2020-21,2021-04-24,Mainz,Bayern Munich,H,0.7882,0.1343,0.0776,0.2828,0.2942,0.423
2020-21,2021-04-24,Freiburg,Hoffenheim,D,0.3582,0.2646,0.3772,0.2828,0.2942,0.423
2020-21,2021-04-24,Elche,Levante,H,0.4513,0.2796,0.2691,0.2828,0.2942,0.423
2020-21,2021-04-24,Valladolid,Cadiz,D,0.2482,0.3146,0.4372,0.2828,0.2942,0.423
2020-21,2021-04-24,Valencia,Alaves,D,0.189,0.2609,0.5501,0.2828,0.2942,0.423
2020-21,2021-04-24,West Ham,Chelsea,A,0.43,0.2665,0.3035,0.2828,0.2942,0.423
2020-21,2021-04-24,Real Madrid,Betis,D,0.1203,0.1936,0.686,0.2828,0.2942,0.423
2020-21,2021-04-24,Liverpool,Newcastle,D,0.1002,0.1828,0.7169,0.2828,0.2942,0.423
2020-21,2021-04-24,Leverkusen,Ein Frankfurt,H,0.3062,0.2405,0.4534,0.2828,0.2942,0.423
2020-21,2021-04-24,Sheffield United,Brighton,H,0.3802,0.3563,0.2634,0.2828,0.2942,0.423
2020-21,2021-04-24,Union Berlin,Werder Bremen,H,0.2704,0.2784,0.4512,0.2828,0.2942,0.423
2020-21,2021-04-25,Celta,Osasuna,H,0.3106,0.2826,0.4068,0.2828,0.2942,0.423
2020-21,2021-04-25,RB Leipzig,Stuttgart,H,0.1511,0.207,0.6419,0.2828,0.2942,0.423
2020-21,2021-04-25,M'gladbach,Bielefeld,H,0.1287,0.2255,0.6459,0.29,0.26,0.45
2020-21,2021-04-25,Huesca,Getafe,A,0.3539,0.3236,0.3225,0.2828,0.2942,0.423
2020-21,2021-04-25,Villarreal,Barcelona,A,0.504,0.2443,0.2517,0.2828,0.2942,0.423
2020-21,2021-04-25,Wolves,Burnley,A,0.229,0.3162,0.4548,0.2828,0.2942,0.423
2020-21,2021-04-25,Leeds,Man United,D,0.5432,0.2271,0.2297,0.2828,0.2942,0.423
2020-21,2021-04-25,Aston Villa,West Brom,D,0.1797,0.2538,0.5665,0.29,0.26,0.45
2020-21,2021-04-25,Ath Bilbao,Ath Madrid,H,0.4574,0.3225,0.22,0.2828,0.2942,0.423
2020-21,2021-04-25,Sevilla,Granada,H,0.1609,0.2331,0.6061,0.2828,0.2942,0.423
2020-21,2021-04-26,Eibar,Sociedad,A,0.4503,0.2914,0.2582,0.2828,0.2942,0.423
2020-21,2021-04-26,Leicester,Crystal Palace,H,0.1425,0.2167,0.6408,0.2828,0.2942,0.423
2020-21,2021-04-28,Ath Bilbao,Valladolid,D,0.1925,0.2989,0.5087,0.2828,0.2942,0.423
2020-21,2021-04-29,Barcelona,Granada,A,0.0904,0.1511,0.7584,0.2828,0.2942,0.423
2020-21,2021-04-30,Celta,Levante,H,0.33,0.2606,0.4094,0.2828,0.2942,0.423
2020-21,2021-04-30,Southampton,Leicester,D,0.5166,0.2455,0.2379,0.2828,0.2942,0.423
2020-21,2021-05-01,Everton,Aston Villa,A,0.2887,0.278,0.4333,0.2828,0.2942,0.423
2020-21,2021-05-01,Chelsea,Fulham,H,0.0946,0.223,0.6824,0.2828,0.2942,0.423
2020-21,2021-05-01,Real Madrid,Osasuna,H,0.1147,0.2207,0.6645,0.2828,0.2942,0.423
2020-21,2021-05-01,Huesca,Sociedad,H,0.4718,0.2761,0.2522,0.2828,0.2942,0.423
2020-21,2021-05-01,Elche,Ath Madrid,A,0.6452,0.246,0.1088,0.2828,0.2942,0.423
2020-21,2021-05-01,Eibar,Alaves,H,0.2919,0.3116,0.3965,0.2828,0.2942,0.423
2020-21,2021-05-01,Crystal Palace,Man City,A,0.7682,0.163,0.0688,0.2828,0.2942,0.423
2020-21,2021-05-01,Brighton,Leeds,H,0.4073,0.2855,0.3072,0.2828,0.2942,0.423
2020-21,2021-05-02,Tottenham,Sheffield United,H,0.1033,0.2262,0.6705,0.2828,0.2942,0.423
2020-21,2021-05-02,Newcastle,Arsenal,A,0.4987,0.2674,0.2338,0.2828,0.2942,0.423
2020-21,2021-05-02,Valencia,Barcelona,A,0.6272,0.206,0.1668,0.2828,0.2942,0.423
2020-21,2021-05-02,Villarreal,Getafe,H,0.2095,0.2962,0.4943,0.2828,0.2942,0.423
2020-21,2021-05-02,Valladolid,Betis,D,0.36,0.3005,0.3395,0.2828,0.2942,0.423
2020-21,2021-05-02,Granada,Cadiz,A,0.2053,0.2688,0.5259,0.2828,0.2942,0.423
2020-21,2021-05-03,West Brom,Wolves,D,0.4322,0.3059,0.262,0.29,0.26,0.45
2020-21,2021-05-03,Sevilla,Ath Bilbao,A,0.2208,0.2905,0.4887,0.2828,0.2942,0.423
2020-21,2021-05-03,Burnley,West Ham,A,0.3943,0.285,0.3207,0.2828,0.2942,0.423
2020-21,2021-05-03,Mainz,Hertha,D,0.3374,0.2731,0.3895,0.2828,0.2942,0.423
2020-21,2021-05-06,Hertha,Freiburg,H,0.3546,0.2739,0.3715,0.2828,0.2942,0.423
2020-21,2021-05-07,Sociedad,Elche,H,0.1543,0.2496,0.5961,0.2828,0.2942,0.423
2020-21,2021-05-07,Stuttgart,Augsburg,H,0.2283,0.2494,0.5223,0.2828,0.2942,0.423
2020-21,2021-05-07,Leicester,Newcastle,A,0.1431,0.217,0.6399,0.2828,0.2942,0.423
2020-21,2021-05-08,Bayern Munich,M'gladbach,H,0.1276,0.1623,0.7101,0.29,0.26,0.45
2020-21,2021-05-08,Werder Bremen,Leverkusen,D,0.4897,0.2589,0.2514,0.2828,0.2942,0.423
2020-21,2021-05-08,Hoffenheim,Schalke 04,H,0.1293,0.2003,0.6703,0.2828,0.2942,0.423
2020-21,2021-05-08,Dortmund,RB Leipzig,H,0.3585,0.2555,0.3861,0.2828,0.2942,0.423
2020-21,2021-05-08,Sheffield United,Crystal Palace,A,0.3593,0.3414,0.2993,0.2828,0.2942,0.423
2020-21,2021-05-08,Wolfsburg,Union Berlin,H,0.2365,0.2707,0.4928,0.2828,0.2942,0.423
2020-21,2021-05-08,Ath Bilbao,Osasuna,D,0.2325,0.3035,0.4639,0.2828,0.2942,0.423
2020-21,2021-05-08,Alaves,Levante,D,0.3993,0.2884,0.3123,0.2828,0.2942,0.423
2020-21,2021-05-08,Man City,Chelsea,A,0.1372,0.2297,0.6331,0.2828,0.2942,0.423
2020-21,2021-05-08,Liverpool,Southampton,H,0.1127,0.1794,0.7079,0.2828,0.2942,0.423
2020-21,2021-05-08,Cadiz,Huesca,H,0.3306,0.3096,0.3598,0.2828,0.2942,0.423
2020-21,2021-05-08,Barcelona,Ath Madrid,D,0.2994,0.2809,0.4196,0.2828,0.2942,0.423
2020-21,2021-05-08,Leeds,Tottenham,H,0.4249,0.2514,0.3238,0.2828,0.2942,0.423
2020-21,2021-05-09,Aston Villa,Man United,A,0.5283,0.2574,0.2144,0.2828,0.2942,0.423
2020-21,2021-05-09,Wolves,Brighton,H,0.2399,0.3234,0.4368,0.2828,0.2942,0.423
2020-21,2021-05-09,Getafe,Eibar,A,0.2148,0.3214,0.4638,0.2828,0.2942,0.423
2020-21,2021-05-09,West Ham,Everton,A,0.2956,0.2652,0.4392,0.2828,0.2942,0.423
2020-21,2021-05-09,Real Madrid,Sevilla,D,0.2308,0.2787,0.4905,0.2828,0.2942,0.423
2020-21,2021-05-09,FC Koln,Freiburg,A,0.4062,0.269,0.3248,0.2828,0.2942,0.423
2020-21,2021-05-09,Valencia,Valladolid,H,0.245,0.2912,0.4639,0.2828,0.2942,0.423
2020-21,2021-05-09,Hertha,Bielefeld,D,0.201,0.2787,0.5203,0.2828,0.2942,0.423
2020-21,2021-05-09,Ein Frankfurt,Mainz,D,0.1937,0.219,0.5872,0.2828,0.2942,0.423
2020-21,2021-05-09,Arsenal,West Brom,H,0.119,0.2054,0.6756,0.29,0.26,0.45
2020-21,2021-05-09,Villarreal,Celta,A,0.1882,0.2299,0.5819,0.2828,0.2942,0.423
2020-21,2021-05-10,Betis,Granada,H,0.3122,0.2662,0.4216,0.2828,0.2942,0.423
2020-21,2021-05-10,Fulham,Burnley,A,0.3785,0.3371,0.2843,0.2828,0.2942,0.423
2020-21,2021-05-11,Osasuna,Cadiz,H,0.2133,0.3015,0.4852,0.2828,0.2942,0.423
2020-21,2021-05-11,Elche,Alaves,A,0.307,0.3168,0.3762,0.2828,0.2942,0.423
2020-21,2021-05-11,Levante,Barcelona,D,0.6642,0.1901,0.1457,0.2828,0.2942,0.423
2020-21,2021-05-11,Man United,Leicester,A,0.2515,0.2568,0.4917,0.2828,0.2942,0.423
2020-21,2021-05-11,Southampton,Crystal Palace,H,0.2759,0.2747,0.4494,0.2828,0.2942,0.423
2020-21,2021-05-12,Schalke 04,Hertha,A,0.4718,0.2683,0.26,0.2828,0.2942,0.423
2020-21,2021-05-12,Sevilla,Valencia,H,0.18,0.2507,0.5693,0.2828,0.2942,0.423
2020-21,2021-05-12,Celta,Getafe,H,0.3277,0.3067,0.3656,0.2828,0.2942,0.423
2020-21,2021-05-12,Huesca,Ath Bilbao,H,0.45,0.2953,0.2547,0.2828,0.2942,0.423
2020-21,2021-05-12,Ath Madrid,Sociedad,H,0.1577,0.2642,0.5781,0.2828,0.2942,0.423
2020-21,2021-05-12,Chelsea,Arsenal,A,0.2616,0.2746,0.4638,0.2828,0.2942,0.423
2020-21,2021-05-13,Man United,Liverpool,A,0.3211,0.2676,0.4113,0.2828,0.2942,0.423
2020-21,2021-05-13,Aston Villa,Everton,D,0.3319,0.2824,0.3857,0.2828,0.2942,0.423
2020-21,2021-05-13,Granada,Real Madrid,A,0.5816,0.2387,0.1796,0.2828,0.2942,0.423
2020-21,2021-05-13,Valladolid,Villarreal,A,0.4666,0.2905,0.243,0.2828,0.2942,0.423
2020-21,2021-05-13,Eibar,Betis,D,0.4091,0.29,0.3009,0.2828,0.2942,0.423
2020-21,2021-05-14,Newcastle,Man City,A,0.7513,0.1719,0.0768,0.2828,0.2942,0.423
2020-21,2021-05-15,Burnley,Leeds,A,0.3912,0.2759,0.3329,0.2828,0.2942,0.423
2020-21,2021-05-15,Brighton,West Ham,D,0.3788,0.298,0.3232,0.2828,0.2942,0.423
2020-21,2021-05-15,Southampton,Fulham,H,0.1896,0.2857,0.5247,0.2828,0.2942,0.423
2020-21,2021-05-15,Schalke 04,Ein Frankfurt,H,0.6029,0.218,0.1791,0.2828,0.2942,0.423
2020-21,2021-05-15,Augsburg,Werder Bremen,H,0.3342,0.2848,0.381,0.2828,0.2942,0.423
2020-21,2021-05-15,Leverkusen,Union Berlin,D,0.2101,0.2542,0.5357,0.2828,0.2942,0.423
2020-21,2021-05-15,Hertha,FC Koln,D,0.249,0.2499,0.5011,0.2828,0.2942,0.423
2020-21,2021-05-15,Freiburg,Bayern Munich,D,0.6892,0.1794,0.1314,0.2828,0.2942,0.423
2020-21,2021-05-15,Bielefeld,Hoffenheim,D,0.5002,0.2805,0.2193,0.2828,0.2942,0.423
2020-21,2021-05-15,M'gladbach,Stuttgart,A,0.2335,0.2319,0.5346,0.29,0.26,0.45
2020-21,2021-05-16,Barcelona,Celta,A,0.0889,0.1408,0.7703,0.2828,0.2942,0.423
2020-21,2021-05-16,Betis,Huesca,H,0.2295,0.2694,0.5012,0.2828,0.2942,0.423
2020-21,2021-05-16,Mainz,Dortmund,A,0.5954,0.2196,0.185,0.2828,0.2942,0.423
2020-21,2021-05-16,RB Leipzig,Wolfsburg,D,0.2248,0.2564,0.5188,0.2828,0.2942,0.423
2020-21,2021-05-16,Alaves,Granada,H,0.3879,0.2866,0.3255,0.2828,0.2942,0.423
2020-21,2021-05-16,Ath Bilbao,Real Madrid,A,0.477,0.2874,0.2356,0.2828,0.2942,0.423
2020-21,2021-05-16,Ath Madrid,Osasuna,H,0.1086,0.2445,0.6469,0.2828,0.2942,0.423
2020-21,2021-05-16,Cadiz,Elche,A,0.2584,0.3218,0.4197,0.2828,0.2942,0.423
2020-21,2021-05-16,West Brom,Liverpool,A,0.6864,0.1972,0.1163,0.29,0.26,0.45
2020-21,2021-05-16,Getafe,Levante,H,0.2892,0.3151,0.3957,0.2828,0.2942,0.423
2020-21,2021-05-16,Sociedad,Valladolid,H,0.1869,0.2771,0.5359,0.2828,0.2942,0.423
2020-21,2021-05-16,Villarreal,Sevilla,H,0.343,0.2924,0.3646,0.2828,0.2942,0.423
2020-21,2021-05-16,Crystal Palace,Aston Villa,H,0.3737,0.2925,0.3338,0.2828,0.2942,0.423
2020-21,2021-05-16,Tottenham,Wolves,H,0.1928,0.2616,0.5456,0.2828,0.2942,0.423
2020-21,2021-05-16,Valencia,Eibar,H,0.218,0.2754,0.5066,0.2828,0.2942,0.423
2020-21,2021-05-16,Everton,Sheffield United,A,0.1453,0.2846,0.57,0.2828,0.2942,0.423
2020-21,2021-05-18,Chelsea,Leicester,H,0.2641,0.2686,0.4673,0.2828,0.2942,0.423
2020-21,2021-05-18,Brighton,Man City,H,0.7116,0.2024,0.0859,0.2828,0.2942,0.423
2020-21,2021-05-18,Man United,Fulham,D,0.0709,0.1851,0.7439,0.2828,0.2942,0.423
2020-21,2021-05-18,Southampton,Leeds,A,0.3991,0.2538,0.3471,0.2828,0.2942,0.423
2020-21,2021-05-19,West Brom,West Ham,A,0.484,0.2677,0.2482,0.29,0.26,0.45
2020-21,2021-05-19,Burnley,Liverpool,A,0.5747,0.2466,0.1788,0.2828,0.2942,0.423
2020-21,2021-05-19,Crystal Palace,Arsenal,A,0.5067,0.27,0.2233,0.2828,0.2942,0.423
2020-21,2021-05-19,Newcastle,Sheffield United,H,0.1925,0.312,0.4956,0.2828,0.2942,0.423
2020-21,2021-05-19,Everton,Wolves,H,0.2865,0.3082,0.4052,0.2828,0.2942,0.423
2020-21,2021-05-19,Tottenham,Aston Villa,A,0.1851,0.2355,0.5793,0.2828,0.2942,0.423
2020-21,2021-05-21,Levante,Cadiz,D,0.219,0.2702,0.5107,0.2828,0.2942,0.423
2020-21,2021-05-22,Osasuna,Sociedad,A,0.3709,0.298,0.3311,0.2828,0.2942,0.423
2020-21,2021-05-22,Celta,Betis,A,0.3248,0.2636,0.4116,0.2828,0.2942,0.423
2020-21,2021-05-22,Hoffenheim,Hertha,H,0.2463,0.2441,0.5096,0.2828,0.2942,0.423
2020-21,2021-05-22,Stuttgart,Bielefeld,A,0.161,0.2584,0.5806,0.2828,0.2942,0.423
2020-21,2021-05-22,Union Berlin,RB Leipzig,H,0.5009,0.2631,0.236,0.2828,0.2942,0.423
2020-21,2021-05-22,Werder Bremen,M'gladbach,A,0.466,0.2573,0.2768,0.29,0.26,0.45
2020-21,2021-05-22,Wolfsburg,Mainz,A,0.1693,0.2412,0.5895,0.2828,0.2942,0.423
2020-21,2021-05-22,Eibar,Barcelona,A,0.6897,0.1909,0.1194,0.2828,0.2942,0.423
2020-21,2021-05-22,Ein Frankfurt,Freiburg,H,0.2531,0.2413,0.5055,0.2828,0.2942,0.423
2020-21,2021-05-22,Huesca,Valencia,D,0.3959,0.2885,0.3156,0.2828,0.2942,0.423
2020-21,2021-05-22,Real Madrid,Villarreal,H,0.1913,0.2479,0.5608,0.2828,0.2942,0.423
2020-21,2021-05-22,Valladolid,Ath Madrid,A,0.5859,0.2815,0.1325,0.2828,0.2942,0.423
2020-21,2021-05-22,FC Koln,Schalke 04,H,0.2156,0.2469,0.5375,0.2828,0.2942,0.423
2020-21,2021-05-22,Dortmund,Leverkusen,H,0.2395,0.2313,0.5292,0.2828,0.2942,0.423
2020-21,2021-05-22,Bayern Munich,Augsburg,H,0.0412,0.0921,0.8667,0.2828,0.2942,0.423
2020-21,2021-05-22,Elche,Ath Bilbao,H,0.4848,0.3068,0.2084,0.2828,0.2942,0.423
2020-21,2021-05-23,Sevilla,Alaves,H,0.1113,0.2204,0.6683,0.2828,0.2942,0.423
2020-21,2021-05-23,Fulham,Newcastle,A,0.3844,0.3275,0.2881,0.2828,0.2942,0.423
2020-21,2021-05-23,Granada,Getafe,D,0.2963,0.3181,0.3856,0.2828,0.2942,0.423
2020-21,2021-05-23,Leeds,West Brom,H,0.1555,0.2156,0.6289,0.29,0.26,0.45
2020-21,2021-05-23,Wolves,Man United,A,0.4824,0.2845,0.2331,0.2828,0.2942,0.423
2020-21,2021-05-23,Arsenal,Brighton,H,0.1624,0.2609,0.5767,0.2828,0.2942,0.423
2020-21,2021-05-23,Sheffield United,Burnley,H,0.4004,0.3477,0.2519,0.2828,0.2942,0.423
2020-21,2021-05-23,Man City,Everton,H,0.0656,0.158,0.7764,0.2828,0.2942,0.423
2020-21,2021-05-23,Liverpool,Crystal Palace,H,0.0922,0.1748,0.733,0.2828,0.2942,0.423
2020-21,2021-05-23,Leicester,Tottenham,A,0.3179,0.2565,0.4255,0.2828,0.2942,0.423
2020-21,2021-05-23,Aston Villa,Chelsea,H,0.4794,0.2784,0.2421,0.2828,0.2942,0.423
2020-21,2021-05-23,West Ham,Southampton,H,0.242,0.2502,0.5078,0.2828,0.2942,0.423
2021-22,2021-08-13,Brentford,Arsenal,H,0.4011,0.2821,0.3168,0.29,0.26,0.45
2021-22,2021-08-13,M'gladbach,Bayern Munich,D,0.6192,0.1887,0.1921,0.29,0.26,0.45
2021-22,2021-08-13,Valencia,Getafe,H,0.2565,0.3183,0.4252,0.2828,0.2942,0.423
2021-22,2021-08-14,Wolfsburg,Bochum,H,0.0694,0.1156,0.815,0.29,0.26,0.45
2021-22,2021-08-14,Norwich,Liverpool,A,0.8123,0.1396,0.0481,0.29,0.26,0.45
2021-22,2021-08-14,Cadiz,Levante,D,0.4357,0.266,0.2983,0.2828,0.2942,0.423
2021-22,2021-08-14,Augsburg,Hoffenheim,A,0.4333,0.254,0.3128,0.2828,0.2942,0.423
2021-22,2021-08-14,Bielefeld,Freiburg,D,0.4794,0.2926,0.228,0.2828,0.2942,0.423
2021-22,2021-08-14,Stuttgart,Greuther Furth,H,0.1328,0.1686,0.6986,0.29,0.26,0.45
2021-22,2021-08-14,Union Berlin,Leverkusen,D,0.4096,0.2696,0.3208,0.2828,0.2942,0.423
2021-22,2021-08-14,Mallorca,Betis,D,0.3935,0.2638,0.3427,0.29,0.26,0.45
2021-22,2021-08-14,Dortmund,Ein Frankfurt,H,0.1826,0.1815,0.6359,0.2828,0.2942,0.423
2021-22,2021-08-14,Watford,Aston Villa,H,0.4566,0.2562,0.2873,0.29,0.26,0.45
2021-22,2021-08-14,Osasuna,Espanol,D,0.2344,0.2892,0.4764,0.29,0.26,0.45
2021-22,2021-08-14,Man United,Leeds,H,0.2053,0.2184,0.5763,0.2828,0.2942,0.423
2021-22,2021-08-14,Burnley,Brighton,A,0.3173,0.3179,0.3648,0.2828,0.2942,0.423
2021-22,2021-08-14,Chelsea,Crystal Palace,H,0.1275,0.2237,0.6488,0.2828,0.2942,0.423
2021-22,2021-08-14,Everton,Southampton,H,0.2714,0.2595,0.4691,0.2828,0.2942,0.423
2021-22,2021-08-14,Leicester,Wolves,H,0.2004,0.261,0.5385,0.2828,0.2942,0.423
2021-22,2021-08-14,Alaves,Real Madrid,A,0.6844,0.2036,0.112,0.2828,0.2942,0.423
2021-22,2021-08-15,FC Koln,Hertha,H,0.3806,0.264,0.3555,0.2828,0.2942,0.423
2021-22,2021-08-15,Mainz,RB Leipzig,H,0.5835,0.2299,0.1866,0.2828,0.2942,0.423
2021-22,2021-08-15,Barcelona,Sociedad,H,0.1467,0.1899,0.6633,0.2828,0.2942,0.423
2021-22,2021-08-15,Celta,Ath Madrid,A,0.5755,0.2554,0.1692,0.2828,0.2942,0.423
2021-22,2021-08-15,Tottenham,Man City,H,0.5615,0.2356,0.2029,0.2828,0.2942,0.423
2021-22,2021-08-15,Newcastle,West Ham,A,0.4017,0.2645,0.3339,0.2828,0.2942,0.423
2021-22,2021-08-15,Sevilla,Vallecano,H,0.1752,0.2371,0.5877,0.29,0.26,0.45
2021-22,2021-08-16,Villarreal,Granada,D,0.1756,0.2188,0.6056,0.2828,0.2942,0.423
2021-22,2021-08-16,Elche,Ath Bilbao,D,0.4693,0.2958,0.235,0.2828,0.2942,0.423
2021-22,2021-08-20,Betis,Cadiz,D,0.1907,0.2419,0.5674,0.2828,0.2942,0.423
2021-22,2021-08-20,RB Leipzig,Stuttgart,H,0.1431,0.195,0.6619,0.2828,0.2942,0.423
2021-22,2021-08-21,Granada,Valencia,D,0.376,0.2625,0.3615,0.2828,0.2942,0.423
2021-22,2021-08-21,Bochum,Mainz,H,0.5578,0.211,0.2312,0.29,0.26,0.45
2021-22,2021-08-21,Ein Frankfurt,Augsburg,D,0.2028,0.2148,0.5823,0.2828,0.2942,0.423
2021-22,2021-08-21,Freiburg,Dortmund,H,0.5423,0.2226,0.2351,0.2828,0.2942,0.423
2021-22,2021-08-21,Greuther Furth,Bielefeld,D,0.3675,0.2814,0.3511,0.29,0.26,0.45
2021-22,2021-08-21,Hertha,Wolfsburg,A,0.4289,0.2681,0.303,0.2828,0.2942,0.423
2021-22,2021-08-21,Leverkusen,M'gladbach,H,0.3036,0.2431,0.4533,0.29,0.26,0.45
2021-22,2021-08-21,Alaves,Mallorca,A,0.356,0.2841,0.3599,0.29,0.26,0.45
2021-22,2021-08-21,Ath Bilbao,Barcelona,D,0.5535,0.2367,0.2099,0.2828,0.2942,0.423
2021-22,2021-08-21,Aston Villa,Newcastle,H,0.2648,0.2584,0.4768,0.2828,0.2942,0.423
2021-22,2021-08-21,Crystal Palace,Brentford,D,0.4122,0.2865,0.3013,0.29,0.26,0.45
2021-22,2021-08-21,Leeds,Everton,D,0.2568,0.2436,0.4996,0.2828,0.2942,0.423
2021-22,2021-08-21,Man City,Norwich,H,0.0131,0.0659,0.9211,0.29,0.26,0.45
2021-22,2021-08-21,Brighton,Watford,H,0.2512,0.28,0.4688,0.29,0.26,0.45
2021-22,2021-08-21,Liverpool,Burnley,H,0.0988,0.1826,0.7186,0.2828,0.2942,0.423
2021-22,2021-08-21,Espanol,Villarreal,D,0.5556,0.2541,0.1902,0.29,0.26,0.45
2021-22,2021-08-22,Hoffenheim,Union Berlin,D,0.3051,0.2587,0.4362,0.2828,0.2942,0.423
2021-22,2021-08-22,Ath Madrid,Elche,H,0.0707,0.1963,0.7329,0.2828,0.2942,0.423
2021-22,2021-08-22,Bayern Munich,FC Koln,H,0.0444,0.0876,0.868,0.2828,0.2942,0.423
2021-22,2021-08-22,Sociedad,Vallecano,H,0.226,0.2462,0.5277,0.29,0.26,0.45
2021-22,2021-08-22,Wolves,Tottenham,A,0.4662,0.2744,0.2594,0.2828,0.2942,0.423
2021-22,2021-08-22,Levante,Real Madrid,D,0.6311,0.2114,0.1575,0.2828,0.2942,0.423
2021-22,2021-08-22,Southampton,Man United,D,0.585,0.2243,0.1907,0.2828,0.2942,0.423
2021-22,2021-08-22,Arsenal,Chelsea,A,0.3601,0.291,0.3488,0.2828,0.2942,0.423
2021-22,2021-08-23,Getafe,Sevilla,A,0.4238,0.3371,0.2392,0.2828,0.2942,0.423
2021-22,2021-08-23,Osasuna,Celta,D,0.3373,0.27,0.3926,0.2828,0.2942,0.423
2021-22,2021-08-23,West Ham,Leicester,H,0.415,0.2537,0.3313,0.2828,0.2942,0.423
2021-22,2021-08-27,Valencia,Alaves,H,0.1873,0.2479,0.5649,0.2828,0.2942,0.423
2021-22,2021-08-27,Dortmund,Hoffenheim,H,0.1798,0.1864,0.6339,0.2828,0.2942,0.423
2021-22,2021-08-27,Mallorca,Espanol,H,0.2636,0.293,0.4434,0.2828,0.2942,0.423
2021-22,2021-08-28,Liverpool,Chelsea,D,0.2579,0.2644,0.4777,0.2828,0.2942,0.423
2021-22,2021-08-28,Man City,Arsenal,H,0.1182,0.1921,0.6897,0.2828,0.2942,0.423
2021-22,2021-08-28,Norwich,Leicester,A,0.6547,0.1943,0.1511,0.2828,0.2942,0.423
2021-22,2021-08-28,Newcastle,Southampton,D,0.3288,0.2668,0.4044,0.2828,0.2942,0.423
2021-22,2021-08-28,Brighton,Everton,A,0.3457,0.303,0.3513,0.2828,0.2942,0.423
2021-22,2021-08-28,Aston Villa,Brentford,D,0.4607,0.2972,0.2421,0.2828,0.2942,0.423
2021-22,2021-08-28,Augsburg,Leverkusen,A,0.5368,0.2423,0.2209,0.2828,0.2942,0.423
2021-22,2021-08-28,Bielefeld,Ein Frankfurt,D,0.5146,0.2652,0.2202,0.2828,0.2942,0.423
2021-22,2021-08-28,Mainz,Greuther Furth,H,0.1058,0.148,0.7462,0.29,0.26,0.45
2021-22,2021-08-28,Betis,Real Madrid,A,0.5879,0.2256,0.1865,0.2828,0.2942,0.423
2021-22,2021-08-28,Stuttgart,Freiburg,A,0.3394,0.2586,0.4019,0.2828,0.2942,0.423
2021-22,2021-08-28,Bayern Munich,Hertha,H,0.0714,0.1253,0.8032,0.2828,0.2942,0.423
2021-22,2021-08-28,Celta,Ath Bilbao,A,0.3583,0.2827,0.359,0.2828,0.2942,0.423
2021-22,2021-08-28,Elche,Sevilla,D,0.5389,0.2755,0.1856,0.2828,0.2942,0.423
2021-22,2021-08-28,Sociedad,Levante,H,0.227,0.2417,0.5313,0.2828,0.2942,0.423
2021-22,2021-08-28,West Ham,Crystal Palace,D,0.1786,0.2279,0.5935,0.2828,0.2942,0.423
2021-22,2021-08-28,FC Koln,Bochum,H,0.3171,0.2692,0.4137,0.2828,0.2942,0.423
2021-22,2021-08-29,Burnley,Leeds,D,0.4492,0.2572,0.2936,0.2828,0.2942,0.423
2021-22,2021-08-29,Wolves,Man United,A,0.5039,0.276,0.2201,0.2828,0.2942,0.423
2021-22,2021-08-29,Tottenham,Watford,H,0.1083,0.1699,0.7218,0.2828,0.2942,0.423
2021-22,2021-08-29,Ath Madrid,Villarreal,D,0.1961,0.2817,0.5221,0.2828,0.2942,0.423
2021-22,2021-08-29,Vallecano,Granada,H,0.3656,0.2739,0.3605,0.2828,0.2942,0.423
2021-22,2021-08-29,Cadiz,Osasuna,A,0.3809,0.3031,0.316,0.2828,0.2942,0.423
2021-22,2021-08-29,Wolfsburg,RB Leipzig,H,0.4212,0.2642,0.3146,0.2828,0.2942,0.423
2021-22,2021-08-29,Union Berlin,M'gladbach,H,0.3701,0.2605,0.3694,0.29,0.26,0.45
2021-22,2021-08-29,Barcelona,Getafe,H,0.0967,0.1921,0.7112,0.2828,0.2942,0.423
2021-22,2021-09-11,Brentford,Brighton,A,0.1473,0.3026,0.55,0.2828,0.2942,0.423
2021-22,2021-09-11,RB Leipzig,Bayern Munich,A,0.4943,0.2296,0.2761,0.2828,0.2942,0.423
2021-22,2021-09-11,Levante,Vallecano,D,0.3198,0.2599,0.4203,0.2828,0.2942,0.423
2021-22,2021-09-11,Ath Bilbao,Mallorca,H,0.2102,0.2859,0.504,0.2828,0.2942,0.423
2021-22,2021-09-11,Leicester,Man City,A,0.6073,0.2278,0.1649,0.2828,0.2942,0.423
2021-22,2021-09-11,Chelsea,Aston Villa,H,0.1627,0.2455,0.5918,0.2828,0.2942,0.423
2021-22,2021-09-11,Watford,Wolves,A,0.3944,0.3135,0.2921,0.2828,0.2942,0.423
2021-22,2021-09-11,Arsenal,Norwich,H,0.0842,0.1466,0.7692,0.2828,0.2942,0.423
2021-22,2021-09-11,Man United,Newcastle,H,0.1169,0.1966,0.6865,0.2828,0.2942,0.423
2021-22,2021-09-11,Crystal Palace,Tottenham,H,0.5546,0.2482,0.1973,0.2828,0.2942,0.423
2021-22,2021-09-11,Freiburg,FC Koln,D,0.2424,0.2482,0.5094,0.2828,0.2942,0.423
2021-22,2021-09-11,Hoffenheim,Mainz,A,0.231,0.2379,0.5311,0.2828,0.2942,0.423
2021-22,2021-09-11,Greuther Furth,Wolfsburg,A,0.7335,0.1717,0.0947,0.29,0.26,0.45
2021-22,2021-09-11,Leverkusen,Dortmund,A,0.3948,0.2375,0.3676,0.2828,0.2942,0.423
2021-22,2021-09-11,Union Berlin,Augsburg,D,0.2068,0.2571,0.5361,0.2828,0.2942,0.423
2021-22,2021-09-11,Southampton,West Ham,D,0.4225,0.2518,0.3257,0.2828,0.2942,0.423
2021-22,2021-09-12,M'gladbach,Bielefeld,H,0.1196,0.2245,0.656,0.29,0.26,0.45
2021-22,2021-09-12,Leeds,Liverpool,A,0.53,0.2228,0.2472,0.2828,0.2942,0.423
2021-22,2021-09-12,Real Madrid,Celta,H,0.1157,0.1837,0.7006,0.2828,0.2942,0.423
2021-22,2021-09-12,Cadiz,Sociedad,A,0.5336,0.2612,0.2052,0.2828,0.2942,0.423
2021-22,2021-09-12,Osasuna,Valencia,A,0.3629,0.2896,0.3475,0.2828,0.2942,0.423
2021-22,2021-09-12,Ein Frankfurt,Stuttgart,D,0.2651,0.219,0.5159,0.2828,0.2942,0.423
2021-22,2021-09-12,Espanol,Ath Madrid,A,0.6096,0.2732,0.1172,0.2828,0.2942,0.423
2021-22,2021-09-12,Bochum,Hertha,A,0.326,0.281,0.3931,0.2828,0.2942,0.423
2021-22,2021-09-13,Getafe,Elche,A,0.2179,0.354,0.4281,0.2828,0.2942,0.423
2021-22,2021-09-13,Granada,Betis,A,0.3616,0.2695,0.3689,0.2828,0.2942,0.423
2021-22,2021-09-13,Everton,Burnley,H,0.222,0.2853,0.4927,0.2828,0.2942,0.423
2021-22,2021-09-17,Newcastle,Leeds,D,0.4572,0.2411,0.3017,0.2828,0.2942,0.423
2021-22,2021-09-17,Celta,Cadiz,A,0.1871,0.2356,0.5774,0.2828,0.2942,0.423
2021-22,2021-09-17,Hertha,Greuther Furth,H,0.1164,0.1858,0.6978,0.29,0.26,0.45
2021-22,2021-09-18,Alaves,Osasuna,A,0.3992,0.3041,0.2968,0.2828,0.2942,0.423
2021-22,2021-09-18,Bayern Munich,Bochum,H,0.0482,0.1013,0.8504,0.2828,0.2942,0.423
2021-22,2021-09-18,Bielefeld,Hoffenheim,D,0.5326,0.2718,0.1956,0.2828,0.2942,0.423
2021-22,2021-09-18,Ath Madrid,Ath Bilbao,D,0.1515,0.2963,0.5522,0.2828,0.2942,0.423
2021-22,2021-09-18,FC Koln,RB Leipzig,D,0.5996,0.2215,0.1789,0.2828,0.2942,0.423
2021-22,2021-09-18,Mainz,Freiburg,D,0.3735,0.2773,0.3492,0.2828,0.2942,0.423
2021-22,2021-09-18,Wolves,Brentford,A,0.4199,0.3549,0.2253,0.2828,0.2942,0.423
2021-22,2021-09-18,Vallecano,Getafe,H,0.2774,0.3288,0.3938,0.2828,0.2942,0.423
2021-22,2021-09-18,Elche,Levante,D,0.4131,0.2886,0.2983,0.2828,0.2942,0.423
2021-22,2021-09-18,Liverpool,Crystal Palace,H,0.0893,0.1753,0.7353,0.2828,0.2942,0.423
2021-22,2021-09-18,Norwich,Watford,A,0.4038,0.2579,0.3384,0.2828,0.2942,0.423
2021-22,2021-09-18,Burnley,Arsenal,A,0.4875,0.2805,0.232,0.2828,0.2942,0.423
2021-22,2021-09-18,Aston Villa,Everton,H,0.3304,0.2777,0.3919,0.2828,0.2942,0.423
2021-22,2021-09-18,Augsburg,M'gladbach,H,0.507,0.244,0.249,0.29,0.26,0.45
2021-22,2021-09-18,Man City,Southampton,D,0.047,0.1163,0.8367,0.2828,0.2942,0.423
2021-22,2021-09-19,Betis,Espanol,D,0.2092,0.283,0.5078,0.2828,0.2942,0.423
2021-22,2021-09-19,Tottenham,Chelsea,A,0.3528,0.2879,0.3592,0.2828,0.2942,0.423
2021-22,2021-09-19,West Ham,Man United,A,0.4672,0.2525,0.2803,0.2828,0.2942,0.423
2021-22,2021-09-19,Dortmund,Union Berlin,H,0.173,0.2084,0.6186,0.2828,0.2942,0.423
2021-22,2021-09-19,Brighton,Leicester,H,0.4689,0.2824,0.2488,0.2828,0.2942,0.423
2021-22,2021-09-19,Mallorca,Villarreal,D,0.4922,0.268,0.2398,0.2828,0.2942,0.423
2021-22,2021-09-19,Valencia,Real Madrid,A,0.5402,0.2486,0.2112,0.2828,0.2942,0.423
2021-22,2021-09-19,Sociedad,Sevilla,D,0.3744,0.2968,0.3287,0.2828,0.2942,0.423
2021-22,2021-09-19,Stuttgart,Leverkusen,A,0.4838,0.2388,0.2774,0.2828,0.2942,0.423
2021-22,2021-09-19,Wolfsburg,Ein Frankfurt,D,0.2652,0.2421,0.4926,0.2828,0.2942,0.423
2021-22,2021-09-20,Barcelona,Granada,D,0.0886,0.1416,0.7699,0.2828,0.2942,0.423
2021-22,2021-09-21,Levante,Celta,A,0.3347,0.2537,0.4115,0.2828,0.2942,0.423
2021-22,2021-09-21,Ath Bilbao,Vallecano,A,0.2411,0.2847,0.4742,0.2828,0.2942,0.423
2021-22,2021-09-21,Getafe,Ath Madrid,A,0.5093,0.3391,0.1516,0.2828,0.2942,0.423
2021-22,2021-09-22,Sevilla,Valencia,H,0.2163,0.2677,0.516,0.2828,0.2942,0.423
2021-22,2021-09-22,Villarreal,Elche,H,0.1262,0.2307,0.6432,0.2828,0.2942,0.423
2021-22,2021-09-22,Real Madrid,Mallorca,H,0.0939,0.1794,0.7268,0.2828,0.2942,0.423
2021-22,2021-09-22,Espanol,Alaves,H,0.2817,0.3215,0.3968,0.2828,0.2942,0.423
2021-22,2021-09-23,Granada,Sociedad,A,0.4247,0.2717,0.3036,0.2828,0.2942,0.423
2021-22,2021-09-23,Osasuna,Betis,A,0.3362,0.2897,0.3741,0.2828,0.2942,0.423
2021-22,2021-09-23,Cadiz,Barcelona,D,0.7663,0.1483,0.0854,0.2828,0.2942,0.423
2021-22,2021-09-24,Greuther Furth,Bayern Munich,A,0.9442,0.0409,0.0149,0.29,0.26,0.45
2021-22,2021-09-25,Ein Frankfurt,FC Koln,D,0.2212,0.2241,0.5547,0.2828,0.2942,0.423
2021-22,2021-09-25,Hoffenheim,Wolfsburg,H,0.3846,0.2722,0.3432,0.2828,0.2942,0.423
2021-22,2021-09-25,Leverkusen,Mainz,H,0.1793,0.2346,0.5861,0.2828,0.2942,0.423
2021-22,2021-09-25,RB Leipzig,Hertha,H,0.1498,0.2116,0.6387,0.2828,0.2942,0.423
2021-22,2021-09-25,M'gladbach,Dortmund,H,0.4865,0.2187,0.2948,0.29,0.26,0.45
2021-22,2021-09-25,Alaves,Ath Madrid,H,0.6201,0.2657,0.1142,0.2828,0.2942,0.423
2021-22,2021-09-25,Union Berlin,Bielefeld,H,0.191,0.2923,0.5168,0.2828,0.2942,0.423
2021-22,2021-09-25,Valencia,Ath Bilbao,D,0.3237,0.3022,0.3741,0.2828,0.2942,0.423
2021-22,2021-09-25,Sevilla,Espanol,H,0.1327,0.2687,0.5986,0.2828,0.2942,0.423
2021-22,2021-09-25,Brentford,Liverpool,D,0.3406,0.3453,0.314,0.2828,0.2942,0.423
2021-22,2021-09-25,Leicester,Burnley,D,0.1679,0.2547,0.5775,0.2828,0.2942,0.423
2021-22,2021-09-25,Watford,Newcastle,D,0.371,0.2767,0.3523,0.2828,0.2942,0.423
2021-22,2021-09-25,Everton,Norwich,H,0.123,0.2055,0.6715,0.2828,0.2942,0.423
2021-22,2021-09-25,Man United,Aston Villa,A,0.1709,0.228,0.6011,0.2828,0.2942,0.423
2021-22,2021-09-25,Chelsea,Man City,A,0.4538,0.3055,0.2407,0.2828,0.2942,0.423
2021-22,2021-09-25,Real Madrid,Villarreal,D,0.175,0.2396,0.5854,0.2828,0.2942,0.423
2021-22,2021-09-25,Leeds,West Ham,A,0.3794,0.257,0.3636,0.2828,0.2942,0.423
2021-22,2021-09-26,Freiburg,Augsburg,H,0.2249,0.2723,0.5028,0.2828,0.2942,0.423
2021-22,2021-09-26,Arsenal,Tottenham,H,0.3232,0.2705,0.4063,0.2828,0.2942,0.423
2021-22,2021-09-26,Betis,Getafe,H,0.229,0.3177,0.4533,0.2828,0.2942,0.423
2021-22,2021-09-26,Bochum,Stuttgart,D,0.5532,0.2333,0.2135,0.2828,0.2942,0.423
2021-22,2021-09-26,Barcelona,Levante,H,0.0922,0.1443,0.7634,0.2828,0.2942,0.423
2021-22,2021-09-26,Mallorca,Osasuna,A,0.3541,0.2989,0.347,0.2828,0.2942,0.423
2021-22,2021-09-26,Sociedad,Elche,H,0.1614,0.2615,0.5771,0.2828,0.2942,0.423
2021-22,2021-09-26,Vallecano,Cadiz,H,0.1873,0.25,0.5627,0.2828,0.2942,0.423
2021-22,2021-09-26,Southampton,Wolves,A,0.3012,0.3063,0.3925,0.2828,0.2942,0.423
2021-22,2021-09-27,Celta,Granada,H,0.2918,0.253,0.4553,0.2828,0.2942,0.423
2021-22,2021-09-27,Crystal Palace,Brighton,D,0.3212,0.3253,0.3535,0.2828,0.2942,0.423
2021-22,2021-10-01,Ath Bilbao,Alaves,H,0.1477,0.2804,0.5719,0.2828,0.2942,0.423
2021-22,2021-10-01,FC Koln,Greuther Furth,H,0.1349,0.2183,0.6468,0.29,0.26,0.45
2021-22,2021-10-02,Mallorca,Levante,H,0.3975,0.2789,0.3236,0.2828,0.2942,0.423
2021-22,2021-10-02,Ath Madrid,Barcelona,H,0.3299,0.2875,0.3826,0.2828,0.2942,0.423
2021-22,2021-10-02,Cadiz,Valencia,D,0.4558,0.2779,0.2663,0.2828,0.2942,0.423
2021-22,2021-10-02,Man United,Everton,D,0.1675,0.2301,0.6023,0.2828,0.2942,0.423
2021-22,2021-10-02,RB Leipzig,Bochum,H,0.0554,0.1269,0.8177,0.2828,0.2942,0.423
2021-22,2021-10-02,Stuttgart,Hoffenheim,H,0.3634,0.2436,0.393,0.2828,0.2942,0.423
2021-22,2021-10-02,Hertha,Freiburg,A,0.3526,0.2785,0.3689,0.2828,0.2942,0.423
2021-22,2021-10-02,Wolfsburg,M'gladbach,A,0.283,0.264,0.453,0.29,0.26,0.45
2021-22,2021-10-02,Chelsea,Southampton,H,0.1386,0.2379,0.6234,0.2828,0.2942,0.423
2021-22,2021-10-02,Leeds,Watford,H,0.1949,0.2252,0.5799,0.2828,0.2942,0.423
2021-22,2021-10-02,Wolves,Newcastle,H,0.2581,0.3098,0.4321,0.2828,0.2942,0.423
2021-22,2021-10-02,Brighton,Arsenal,D,0.4153,0.3104,0.2743,0.2828,0.2942,0.423
2021-22,2021-10-02,Osasuna,Vallecano,H,0.3788,0.2818,0.3394,0.2828,0.2942,0.423
2021-22,2021-10-02,Burnley,Norwich,D,0.1919,0.2768,0.5313,0.2828,0.2942,0.423
2021-22,2021-10-02,Dortmund,Augsburg,H,0.0928,0.1522,0.755,0.2828,0.2942,0.423
2021-22,2021-10-03,West Ham,Brentford,A,0.3709,0.3404,0.2886,0.2828,0.2942,0.423
2021-22,2021-10-03,Bielefeld,Leverkusen,A,0.5341,0.2742,0.1917,0.2828,0.2942,0.423
2021-22,2021-10-03,Getafe,Sociedad,D,0.4004,0.3406,0.259,0.2828,0.2942,0.423
2021-22,2021-10-03,Liverpool,Man City,D,0.4409,0.2778,0.2813,0.2828,0.2942,0.423
2021-22,2021-10-03,Tottenham,Aston Villa,H,0.2378,0.2443,0.5179,0.2828,0.2942,0.423
2021-22,2021-10-03,Villarreal,Betis,H,0.223,0.2561,0.5209,0.2828,0.2942,0.423
2021-22,2021-10-03,Granada,Sevilla,H,0.4598,0.2864,0.2538,0.2828,0.2942,0.423
2021-22,2021-10-03,Elche,Celta,H,0.4135,0.2841,0.3025,0.2828,0.2942,0.423
2021-22,2021-10-03,Espanol,Real Madrid,H,0.6518,0.2287,0.1195,0.2828,0.2942,0.423
2021-22,2021-10-03,Bayern Munich,Ein Frankfurt,A,0.081,0.127,0.792,0.2828,0.2942,0.423
2021-22,2021-10-03,Crystal Palace,Leicester,D,0.4681,0.2765,0.2555,0.2828,0.2942,0.423
2021-22,2021-10-03,Mainz,Union Berlin,A,0.3471,0.2904,0.3625,0.2828,0.2942,0.423
2021-22,2021-10-15,Hoffenheim,FC Koln,H,0.2405,0.221,0.5384,0.2828,0.2942,0.423
2021-22,2021-10-16,Man City,Burnley,H,0.0495,0.1378,0.8127,0.2828,0.2942,0.423
2021-22,2021-10-16,Brentford,Chelsea,A,0.3341,0.3358,0.3301,0.2828,0.2942,0.423
2021-22,2021-10-16,Ein Frankfurt,Hertha,A,0.224,0.2171,0.5589,0.2828,0.2942,0.423
2021-22,2021-10-16,Southampton,Leeds,H,0.341,0.249,0.41,0.2828,0.2942,0.423
2021-22,2021-10-16,Dortmund,Mainz,H,0.1224,0.1689,0.7087,0.2828,0.2942,0.423
2021-22,2021-10-16,Norwich,Brighton,D,0.4735,0.3038,0.2227,0.2828,0.2942,0.423
2021-22,2021-10-16,Freiburg,RB Leipzig,D,0.4675,0.2522,0.2803,0.2828,0.2942,0.423
2021-22,2021-10-16,Watford,Liverpool,A,0.711,0.1732,0.1158,0.2828,0.2942,0.423
2021-22,2021-10-16,Union Berlin,Wolfsburg,H,0.3748,0.2805,0.3447,0.2828,0.2942,0.423
2021-22,2021-10-16,M'gladbach,Stuttgart,D,0.2272,0.2123,0.5606,0.29,0.26,0.45
2021-22,2021-10-16,Levante,Getafe,D,0.2554,0.3044,0.4402,0.2828,0.2942,0.423
2021-22,2021-10-16,Sociedad,Mallorca,H,0.1697,0.2317,0.5985,0.2828,0.2942,0.423
2021-22,2021-10-16,Aston Villa,Wolves,A,0.2643,0.2896,0.4461,0.2828,0.2942,0.423
2021-22,2021-10-16,Leicester,Man United,H,0.4164,0.2581,0.3255,0.2828,0.2942,0.423
2021-22,2021-10-16,Greuther Furth,Bochum,A,0.2923,0.3165,0.3912,0.29,0.26,0.45
2021-22,2021-10-17,Newcastle,Tottenham,A,0.4883,0.246,0.2658,0.2828,0.2942,0.423
2021-22,2021-10-17,Everton,West Ham,A,0.3513,0.256,0.3927,0.2828,0.2942,0.423
2021-22,2021-10-17,Leverkusen,Bayern Munich,A,0.5461,0.2178,0.2361,0.2828,0.2942,0.423
2021-22,2021-10-17,Augsburg,Bielefeld,D,0.2481,0.3,0.4519,0.2828,0.2942,0.423
2021-22,2021-10-17,Celta,Sevilla,A,0.4562,0.2687,0.2751,0.2828,0.2942,0.423
2021-22,2021-10-17,Villarreal,Osasuna,A,0.1837,0.24,0.5763,0.2828,0.2942,0.423
2021-22,2021-10-17,Barcelona,Valencia,H,0.1374,0.1721,0.6905,0.2828,0.2942,0.423
2021-22,2021-10-17,Vallecano,Elche,H,0.2043,0.2596,0.5362,0.2828,0.2942,0.423
2021-22,2021-10-18,Alaves,Betis,A,0.4569,0.2752,0.2679,0.2828,0.2942,0.423
2021-22,2021-10-18,Espanol,Cadiz,H,0.274,0.3049,0.4211,0.2828,0.2942,0.423
2021-22,2021-10-18,Arsenal,Crystal Palace,D,0.169,0.238,0.593,0.2828,0.2942,0.423
2021-22,2021-10-22,Arsenal,Aston Villa,H,0.25,0.2545,0.4954,0.2828,0.2942,0.423
2021-22,2021-10-22,Mainz,Augsburg,H,0.2659,0.2731,0.461,0.2828,0.2942,0.423
2021-22,2021-10-22,Osasuna,Granada,D,0.3317,0.2671,0.4012,0.2828,0.2942,0.423
2021-22,2021-10-23,Chelsea,Norwich,H,0.0529,0.1521,0.795,0.2828,0.2942,0.423
2021-22,2021-10-23,Elche,Espanol,D,0.3016,0.3241,0.3743,0.2828,0.2942,0.423
2021-22,2021-10-23,Valencia,Mallorca,D,0.1942,0.2318,0.574,0.2828,0.2942,0.423
2021-22,2021-10-23,Cadiz,Alaves,A,0.2794,0.3019,0.4187,0.2828,0.2942,0.423
2021-22,2021-10-23,Hertha,M'gladbach,H,0.4754,0.2371,0.2875,0.29,0.26,0.45
2021-22,2021-10-23,Ath Bilbao,Villarreal,H,0.3514,0.3033,0.3453,0.2828,0.2942,0.423
2021-22,2021-10-23,RB Leipzig,Greuther Furth,H,0.0409,0.1019,0.8572,0.29,0.26,0.45
2021-22,2021-10-23,Leeds,Wolves,D,0.2923,0.2856,0.4222,0.2828,0.2942,0.423
2021-22,2021-10-23,Crystal Palace,Newcastle,D,0.3133,0.2793,0.4074,0.2828,0.2942,0.423
2021-22,2021-10-23,Bielefeld,Dortmund,A,0.6729,0.1972,0.1298,0.2828,0.2942,0.423
2021-22,2021-10-23,Bayern Munich,Hoffenheim,H,0.0857,0.1277,0.7866,0.2828,0.2942,0.423
2021-22,2021-10-23,Everton,Watford,A,0.1774,0.2207,0.6019,0.2828,0.2942,0.423
2021-22,2021-10-23,Southampton,Burnley,D,0.2508,0.2715,0.4777,0.2828,0.2942,0.423
2021-22,2021-10-23,Brighton,Man City,A,0.6776,0.2182,0.1042,0.2828,0.2942,0.423
2021-22,2021-10-23,Wolfsburg,Freiburg,A,0.2537,0.2617,0.4846,0.2828,0.2942,0.423
2021-22,2021-10-24,Man United,Liverpool,A,0.3728,0.2569,0.3703,0.2828,0.2942,0.423
2021-22,2021-10-24,Brentford,Leicester,A,0.2487,0.2812,0.4701,0.2828,0.2942,0.423
2021-22,2021-10-24,Ath Madrid,Sociedad,D,0.1761,0.2745,0.5494,0.2828,0.2942,0.423
2021-22,2021-10-24,Betis,Vallecano,H,0.3279,0.2523,0.4198,0.2828,0.2942,0.423
2021-22,2021-10-24,FC Koln,Leverkusen,D,0.512,0.2348,0.2532,0.2828,0.2942,0.423
2021-22,2021-10-24,Sevilla,Levante,H,0.1739,0.2392,0.587,0.2828,0.2942,0.423
2021-22,2021-10-24,Bochum,Ein Frankfurt,H,0.6435,0.2178,0.1387,0.2828,0.2942,0.423
2021-22,2021-10-24,Stuttgart,Union Berlin,D,0.3361,0.2562,0.4077,0.2828,0.2942,0.423
2021-22,2021-10-24,West Ham,Tottenham,H,0.3494,0.2461,0.4046,0.2828,0.2942,0.423
2021-22,2021-10-24,Barcelona,Real Madrid,A,0.3164,0.238,0.4456,0.2828,0.2942,0.423
2021-22,2021-10-25,Getafe,Celta,A,0.3616,0.3078,0.3306,0.2828,0.2942,0.423
2021-22,2021-10-26,Villarreal,Cadiz,D,0.1301,0.2158,0.654,0.2828,0.2942,0.423
2021-22,2021-10-26,Espanol,Ath Bilbao,D,0.4207,0.3207,0.2586,0.2828,0.2942,0.423
2021-22,2021-10-26,Alaves,Elche,H,0.3276,0.3217,0.3507,0.2828,0.2942,0.423
2021-22,2021-10-27,Mallorca,Sevilla,D,0.5397,0.2645,0.1958,0.2828,0.2942,0.423
2021-22,2021-10-27,Vallecano,Barcelona,H,0.5816,0.2075,0.2108,0.2828,0.2942,0.423
2021-22,2021-10-27,Betis,Valencia,H,0.3434,0.2533,0.4034,0.2828,0.2942,0.423
2021-22,2021-10-27,Real Madrid,Osasuna,D,0.1093,0.1855,0.7052,0.2828,0.2942,0.423
2021-22,2021-10-28,Levante,Ath Madrid,D,0.5512,0.2631,0.1857,0.2828,0.2942,0.423
2021-22,2021-10-28,Granada,Getafe,D,0.2473,0.3075,0.4451,0.2828,0.2942,0.423
2021-22,2021-10-28,Celta,Sociedad,A,0.3908,0.2588,0.3504,0.2828,0.2942,0.423
2021-22,2021-10-29,Hoffenheim,Hertha,H,0.2254,0.2265,0.5481,0.2828,0.2942,0.423
2021-22,2021-10-30,Valencia,Villarreal,H,0.4395,0.2627,0.2979,0.2828,0.2942,0.423
2021-22,2021-10-30,Man City,Crystal Palace,A,0.0471,0.1239,0.829,0.2828,0.2942,0.423
2021-22,2021-10-30,Newcastle,Chelsea,A,0.5914,0.2486,0.16,0.2828,0.2942,0.423
2021-22,2021-10-30,Watford,Southampton,A,0.3804,0.2663,0.3533,0.2828,0.2942,0.423
2021-22,2021-10-30,Burnley,Brentford,H,0.4173,0.334,0.2488,0.2828,0.2942,0.423
2021-22,2021-10-30,Leicester,Arsenal,A,0.3334,0.2608,0.4058,0.2828,0.2942,0.423
2021-22,2021-10-30,Barcelona,Alaves,D,0.0653,0.1399,0.7948,0.2828,0.2942,0.423
2021-22,2021-10-30,Sevilla,Osasuna,H,0.1823,0.2676,0.5501,0.2828,0.2942,0.423
2021-22,2021-10-30,Liverpool,Brighton,D,0.0913,0.1825,0.7263,0.2828,0.2942,0.423
2021-22,2021-10-30,Ein Frankfurt,RB Leipzig,D,0.4912,0.2347,0.2741,0.2828,0.2942,0.423
2021-22,2021-10-30,Union Berlin,Bayern Munich,A,0.6779,0.1846,0.1374,0.2828,0.2942,0.423
2021-22,2021-10-30,Leverkusen,Wolfsburg,A,0.2426,0.2523,0.5051,0.2828,0.2942,0.423
2021-22,2021-10-30,Tottenham,Man United,A,0.3665,0.258,0.3755,0.2828,0.2942,0.423
2021-22,2021-10-30,Bielefeld,Mainz,A,0.4518,0.3022,0.246,0.2828,0.2942,0.423
2021-22,2021-10-30,Freiburg,Greuther Furth,H,0.081,0.1682,0.7508,0.29,0.26,0.45
2021-22,2021-10-30,Dortmund,FC Koln,H,0.1075,0.1493,0.7432,0.2828,0.2942,0.423
2021-22,2021-10-30,Elche,Real Madrid,A,0.6999,0.2002,0.0999,0.2828,0.2942,0.423
2021-22,2021-10-31,Getafe,Espanol,H,0.2769,0.371,0.3521,0.2828,0.2942,0.423
2021-22,2021-10-31,Ath Madrid,Betis,H,0.1407,0.2398,0.6195,0.2828,0.2942,0.423
2021-22,2021-10-31,Norwich,Leeds,A,0.6164,0.2147,0.1689,0.2828,0.2942,0.423
2021-22,2021-10-31,Sociedad,Ath Bilbao,D,0.2833,0.3088,0.4079,0.2828,0.2942,0.423
2021-22,2021-10-31,Augsburg,Stuttgart,H,0.4004,0.2654,0.3342,0.2828,0.2942,0.423
2021-22,2021-10-31,Cadiz,Mallorca,D,0.3398,0.2884,0.3718,0.2828,0.2942,0.423
2021-22,2021-10-31,M'gladbach,Bochum,H,0.1418,0.2132,0.6451,0.29,0.26,0.45
2021-22,2021-10-31,Aston Villa,West Ham,A,0.3787,0.273,0.3484,0.2828,0.2942,0.423
2021-22,2021-11-01,Wolves,Everton,H,0.2845,0.3055,0.41,0.2828,0.2942,0.423
2021-22,2021-11-01,Levante,Granada,A,0.3192,0.2611,0.4198,0.2828,0.2942,0.423
2021-22,2021-11-01,Vallecano,Celta,D,0.2807,0.2556,0.4637,0.2828,0.2942,0.423
2021-22,2021-11-05,Ath Bilbao,Cadiz,A,0.1483,0.263,0.5886,0.2828,0.2942,0.423
2021-22,2021-11-05,Southampton,Aston Villa,H,0.3622,0.2695,0.3683,0.2828,0.2942,0.423
2021-22,2021-11-05,Mainz,M'gladbach,D,0.434,0.2608,0.3053,0.29,0.26,0.45
2021-22,2021-11-06,Real Madrid,Vallecano,H,0.1169,0.1869,0.6962,0.2828,0.2942,0.423
2021-22,2021-11-06,Alaves,Levante,H,0.3872,0.2883,0.3245,0.2828,0.2942,0.423
2021-22,2021-11-06,Man United,Man City,A,0.5228,0.2529,0.2243,0.2828,0.2942,0.423
2021-22,2021-11-06,Brighton,Newcastle,D,0.278,0.3005,0.4216,0.2828,0.2942,0.423
2021-22,2021-11-06,Chelsea,Burnley,D,0.1001,0.2255,0.6744,0.2828,0.2942,0.423
2021-22,2021-11-06,Brentford,Norwich,A,0.0873,0.1956,0.7171,0.2828,0.2942,0.423
2021-22,2021-11-06,Celta,Barcelona,D,0.6173,0.2016,0.1811,0.2828,0.2942,0.423
2021-22,2021-11-06,Bayern Munich,Freiburg,H,0.0831,0.1376,0.7794,0.2828,0.2942,0.423
2021-22,2021-11-06,RB Leipzig,Dortmund,H,0.3306,0.2277,0.4418,0.2828,0.2942,0.423
2021-22,2021-11-06,Wolfsburg,Augsburg,H,0.1799,0.2433,0.5768,0.2828,0.2942,0.423
2021-22,2021-11-06,Stuttgart,Bielefeld,A,0.1591,0.252,0.5889,0.2828,0.2942,0.423
2021-22,2021-11-06,Bochum,Hoffenheim,H,0.5201,0.2462,0.2337,0.2828,0.2942,0.423
2021-22,2021-11-06,Crystal Palace,Wolves,H,0.3667,0.3131,0.3201,0.2828,0.2942,0.423
2021-22,2021-11-06,Espanol,Granada,H,0.3386,0.303,0.3585,0.2828,0.2942,0.423
2021-22,2021-11-07,Hertha,Leverkusen,D,0.502,0.2432,0.2548,0.2828,0.2942,0.423
2021-22,2021-11-07,FC Koln,Union Berlin,D,0.3893,0.274,0.3368,0.2828,0.2942,0.423
2021-22,2021-11-07,Greuther Furth,Ein Frankfurt,A,0.6835,0.1897,0.1268,0.29,0.26,0.45
2021-22,2021-11-07,Valencia,Ath Madrid,D,0.5166,0.2762,0.2072,0.2828,0.2942,0.423
2021-22,2021-11-07,Mallorca,Elche,D,0.2827,0.2975,0.4198,0.2828,0.2942,0.423
2021-22,2021-11-07,Villarreal,Getafe,H,0.1436,0.2762,0.5802,0.2828,0.2942,0.423
2021-22,2021-11-07,Betis,Sevilla,A,0.432,0.2826,0.2853,0.2828,0.2942,0.423
2021-22,2021-11-07,Arsenal,Watford,H,0.1302,0.2014,0.6684,0.2828,0.2942,0.423
2021-22,2021-11-07,Everton,Tottenham,D,0.4422,0.2626,0.2953,0.2828,0.2942,0.423
2021-22,2021-11-07,Leeds,Leicester,D,0.4218,0.2489,0.3293,0.2828,0.2942,0.423
2021-22,2021-11-07,West Ham,Liverpool,H,0.523,0.2421,0.2349,0.2828,0.2942,0.423
2021-22,2021-11-07,Osasuna,Sociedad,A,0.3835,0.2935,0.323,0.2828,0.2942,0.423
2021-22,2021-11-19,Levante,Ath Bilbao,D,0.3999,0.2847,0.3153,0.2828,0.2942,0.423
2021-22,2021-11-19,Augsburg,Bayern Munich,H,0.7778,0.1371,0.0851,0.2828,0.2942,0.423
2021-22,2021-11-20,Newcastle,Brentford,D,0.386,0.2889,0.3251,0.2828,0.2942,0.423
2021-22,2021-11-20,Norwich,Southampton,H,0.5607,0.2375,0.2018,0.2828,0.2942,0.423
2021-22,2021-11-20,Watford,Man United,H,0.62,0.2136,0.1664,0.2828,0.2942,0.423
2021-22,2021-11-20,Bielefeld,Wolfsburg,D,0.511,0.2797,0.2092,0.2828,0.2942,0.423
2021-22,2021-11-20,Liverpool,Arsenal,H,0.1866,0.2241,0.5892,0.2828,0.2942,0.423
2021-22,2021-11-20,Aston Villa,Brighton,H,0.2688,0.2842,0.447,0.2828,0.2942,0.423
2021-22,2021-11-20,Dortmund,Stuttgart,H,0.1197,0.1544,0.7259,0.2828,0.2942,0.423
2021-22,2021-11-20,Wolves,West Ham,H,0.3917,0.2934,0.3149,0.2828,0.2942,0.423
2021-22,2021-11-20,Burnley,Crystal Palace,D,0.3239,0.3013,0.3748,0.2828,0.2942,0.423
2021-22,2021-11-20,Hoffenheim,RB Leipzig,H,0.4902,0.2342,0.2755,0.2828,0.2942,0.423
2021-22,2021-11-20,Barcelona,Espanol,H,0.0942,0.1656,0.7402,0.2828,0.2942,0.423
2021-22,2021-11-20,Ath Madrid,Osasuna,H,0.1301,0.2412,0.6287,0.2828,0.2942,0.423
2021-22,2021-11-20,Sevilla,Alaves,D,0.1194,0.2393,0.6413,0.2828,0.2942,0.423
2021-22,2021-11-20,Union Berlin,Hertha,H,0.2626,0.2556,0.4819,0.2828,0.2942,0.423
2021-22,2021-11-20,M'gladbach,Greuther Furth,H,0.0755,0.15,0.7745,0.29,0.26,0.45
2021-22,2021-11-20,Leverkusen,Bochum,H,0.157,0.2197,0.6233,0.2828,0.2942,0.423
2021-22,2021-11-20,Celta,Villarreal,D,0.4504,0.2547,0.2949,0.2828,0.2942,0.423
2021-22,2021-11-20,Leicester,Chelsea,A,0.4553,0.2761,0.2687,0.2828,0.2942,0.423
2021-22,2021-11-21,Mainz,FC Koln,D,0.2866,0.253,0.4604,0.2828,0.2942,0.423
2021-22,2021-11-21,Man City,Everton,H,0.0761,0.1578,0.7661,0.2828,0.2942,0.423
2021-22,2021-11-21,Getafe,Cadiz,H,0.2564,0.3361,0.4075,0.2828,0.2942,0.423
2021-22,2021-11-21,Granada,Real Madrid,A,0.614,0.2189,0.167,0.2828,0.2942,0.423
2021-22,2021-11-21,Tottenham,Leeds,H,0.2291,0.2339,0.537,0.2828,0.2942,0.423
2021-22,2021-11-21,Freiburg,Ein Frankfurt,A,0.3138,0.2484,0.4378,0.2828,0.2942,0.423
2021-22,2021-11-21,Sociedad,Valencia,D,0.2672,0.2563,0.4765,0.2828,0.2942,0.423
2021-22,2021-11-21,Elche,Betis,A,0.4208,0.2786,0.3006,0.2828,0.2942,0.423
2021-22,2021-11-22,Vallecano,Mallorca,H,0.2202,0.2508,0.529,0.2828,0.2942,0.423
2021-22,2021-11-26,Stuttgart,Mainz,H,0.336,0.2553,0.4087,0.2828,0.2942,0.423
2021-22,2021-11-26,Ath Bilbao,Granada,D,0.2445,0.2829,0.4725,0.2828,0.2942,0.423
2021-22,2021-11-27,Mallorca,Getafe,D,0.2989,0.3289,0.3721,0.2828,0.2942,0.423
2021-22,2021-11-27,Norwich,Wolves,D,0.5334,0.2685,0.198,0.2828,0.2942,0.423
2021-22,2021-11-27,Bochum,Freiburg,H,0.4291,0.2811,0.2899,0.2828,0.2942,0.423
2021-22,2021-11-27,Brighton,Leeds,D,0.3388,0.2938,0.3674,0.2828,0.2942,0.423
2021-22,2021-11-27,Arsenal,Newcastle,H,0.1627,0.229,0.6083,0.2828,0.2942,0.423
2021-22,2021-11-27,Villarreal,Barcelona,A,0.4392,0.2424,0.3184,0.2828,0.2942,0.423
2021-22,2021-11-27,Valencia,Vallecano,D,0.3036,0.2572,0.4392,0.2828,0.2942,0.423
2021-22,2021-11-27,Greuther Furth,Hoffenheim,A,0.6501,0.2043,0.1456,0.29,0.26,0.45
2021-22,2021-11-27,Liverpool,Southampton,H,0.1016,0.1607,0.7377,0.2828,0.2942,0.423
2021-22,2021-11-27,Wolfsburg,Dortmund,A,0.4579,0.2413,0.3007,0.2828,0.2942,0.423
2021-22,2021-11-27,Hertha,Augsburg,D,0.2744,0.2603,0.4653,0.2828,0.2942,0.423
2021-22,2021-11-27,FC Koln,M'gladbach,H,0.4649,0.2435,0.2916,0.29,0.26,0.45
2021-22,2021-11-27,Bayern Munich,Bielefeld,H,0.0342,0.0866,0.8792,0.2828,0.2942,0.423
2021-22,2021-11-27,Crystal Palace,Aston Villa,A,0.3625,0.2724,0.3651,0.2828,0.2942,0.423
2021-22,2021-11-27,Alaves,Celta,A,0.4305,0.2795,0.29,0.2828,0.2942,0.423
2021-22,2021-11-28,Brentford,Everton,H,0.3072,0.2849,0.4079,0.2828,0.2942,0.423
2021-22,2021-11-28,Chelsea,Man United,D,0.2498,0.2781,0.4721,0.2828,0.2942,0.423
2021-22,2021-11-28,Man City,West Ham,H,0.109,0.1898,0.7012,0.2828,0.2942,0.423
2021-22,2021-11-28,Leicester,Watford,H,0.1505,0.1991,0.6504,0.2828,0.2942,0.423
2021-22,2021-11-28,Real Madrid,Sevilla,H,0.2163,0.2663,0.5174,0.2828,0.2942,0.423
2021-22,2021-11-28,Betis,Levante,H,0.282,0.2421,0.4759,0.2828,0.2942,0.423
2021-22,2021-11-28,Espanol,Sociedad,H,0.4462,0.2936,0.2602,0.2828,0.2942,0.423
2021-22,2021-11-28,Cadiz,Ath Madrid,A,0.6294,0.2408,0.1298,0.2828,0.2942,0.423
2021-22,2021-11-28,RB Leipzig,Leverkusen,A,0.248,0.2348,0.5172,0.2828,0.2942,0.423
2021-22,2021-11-28,Ein Frankfurt,Union Berlin,H,0.307,0.2467,0.4463,0.2828,0.2942,0.423
2021-22,2021-11-29,Osasuna,Elche,D,0.2354,0.2872,0.4774,0.2828,0.2942,0.423
2021-22,2021-11-30,Newcastle,Norwich,D,0.1698,0.2254,0.6048,0.2828,0.2942,0.423
2021-22,2021-11-30,Leeds,Crystal Palace,H,0.277,0.266,0.457,0.2828,0.2942,0.423
2021-22,2021-12-01,West Ham,Brighton,D,0.2077,0.2695,0.5228,0.2828,0.2942,0.423
2021-22,2021-12-01,Aston Villa,Man City,A,0.6829,0.1966,0.1205,0.2828,0.2942,0.423
2021-22,2021-12-01,Southampton,Leicester,D,0.4119,0.2555,0.3326,0.2828,0.2942,0.423
2021-22,2021-12-01,Watford,Chelsea,A,0.649,0.2213,0.1297,0.2828,0.2942,0.423
2021-22,2021-12-01,Wolves,Burnley,D,0.2515,0.3132,0.4353,0.2828,0.2942,0.423
2021-22,2021-12-01,Everton,Liverpool,A,0.605,0.2132,0.1818,0.2828,0.2942,0.423
2021-22,2021-12-01,Real Madrid,Ath Bilbao,H,0.1538,0.2454,0.6008,0.2828,0.2942,0.423
2021-22,2021-12-02,Tottenham,Brentford,H,0.241,0.2621,0.497,0.2828,0.2942,0.423
2021-22,2021-12-02,Man United,Arsenal,H,0.2789,0.2644,0.4567,0.2828,0.2942,0.423
2021-22,2021-12-03,Granada,Alaves,H,0.2313,0.2713,0.4974,0.2828,0.2942,0.423
2021-22,2021-12-03,Union Berlin,RB Leipzig,H,0.484,0.2645,0.2515,0.2828,0.2942,0.423
2021-22,2021-12-04,Newcastle,Burnley,H,0.321,0.2962,0.3828,0.2828,0.2942,0.423
2021-22,2021-12-04,Watford,Man City,A,0.8013,0.1374,0.0613,0.2828,0.2942,0.423
2021-22,2021-12-04,West Ham,Chelsea,H,0.4411,0.29,0.2689,0.2828,0.2942,0.423
2021-22,2021-12-04,Sociedad,Real Madrid,A,0.4646,0.2834,0.252,0.2828,0.2942,0.423
2021-22,2021-12-04,Ath Madrid,Mallorca,A,0.1149,0.2244,0.6606,0.2828,0.2942,0.423
2021-22,2021-12-04,Barcelona,Betis,A,0.1627,0.1995,0.6378,0.2828,0.2942,0.423
2021-22,2021-12-04,Sevilla,Villarreal,H,0.2595,0.2929,0.4475,0.2828,0.2942,0.423
2021-22,2021-12-04,Dortmund,Bayern Munich,A,0.5164,0.2105,0.2731,0.2828,0.2942,0.423
2021-22,2021-12-04,Mainz,Wolfsburg,H,0.4152,0.2797,0.3051,0.2828,0.2942,0.423
2021-22,2021-12-04,Wolves,Liverpool,A,0.6099,0.2409,0.1492,0.2828,0.2942,0.423
2021-22,2021-12-04,Hoffenheim,Ein Frankfurt,H,0.324,0.2278,0.4481,0.2828,0.2942,0.423
2021-22,2021-12-04,Bielefeld,FC Koln,D,0.3648,0.2942,0.341,0.2828,0.2942,0.423
2021-22,2021-12-04,Augsburg,Bochum,A,0.2999,0.3054,0.3947,0.2828,0.2942,0.423
2021-22,2021-12-04,Southampton,Brighton,D,0.2736,0.301,0.4254,0.2828,0.2942,0.423
2021-22,2021-12-04,Leverkusen,Greuther Furth,H,0.0699,0.1424,0.7877,0.29,0.26,0.45
2021-22,2021-12-05,Tottenham,Norwich,H,0.0997,0.1906,0.7097,0.2828,0.2942,0.423
2021-22,2021-12-05,Aston Villa,Leicester,H,0.3854,0.2542,0.3603,0.2828,0.2942,0.423
2021-22,2021-12-05,Leeds,Brentford,D,0.3358,0.2913,0.373,0.2828,0.2942,0.423
2021-22,2021-12-05,Celta,Valencia,A,0.3643,0.2538,0.3819,0.2828,0.2942,0.423
2021-22,2021-12-05,Man United,Crystal Palace,H,0.1466,0.2192,0.6341,0.2828,0.2942,0.423
2021-22,2021-12-05,Elche,Cadiz,H,0.2736,0.302,0.4245,0.2828,0.2942,0.423
2021-22,2021-12-05,Stuttgart,Hertha,D,0.2987,0.2644,0.4369,0.2828,0.2942,0.423
2021-22,2021-12-05,Vallecano,Espanol,H,0.2315,0.2898,0.4787,0.2828,0.2942,0.423
2021-22,2021-12-05,M'gladbach,Freiburg,A,0.2688,0.2523,0.4789,0.29,0.26,0.45
2021-22,2021-12-05,Levante,Osasuna,D,0.3299,0.28,0.3901,0.2828,0.2942,0.423
2021-22,2021-12-06,Everton,Arsenal,H,0.4329,0.2708,0.2963,0.2828,0.2942,0.423
2021-22,2021-12-06,Getafe,Ath Bilbao,D,0.3558,0.3659,0.2783,0.2828,0.2942,0.423
2021-22,2021-12-10,FC Koln,Augsburg,A,0.2916,0.2667,0.4417,0.2828,0.2942,0.423
2021-22,2021-12-10,Mallorca,Celta,D,0.3857,0.2707,0.3437,0.2828,0.2942,0.423
2021-22,2021-12-10,Brentford,Watford,H,0.205,0.2491,0.546,0.2828,0.2942,0.423
2021-22,2021-12-11,Hertha,Bielefeld,H,0.262,0.2965,0.4416,0.2828,0.2942,0.423
2021-22,2021-12-11,Freiburg,Hoffenheim,A,0.3519,0.2537,0.3944,0.2828,0.2942,0.423
2021-22,2021-12-11,RB Leipzig,M'gladbach,H,0.2307,0.235,0.5343,0.29,0.26,0.45
2021-22,2021-12-11,Man City,Wolves,H,0.0711,0.1876,0.7413,0.2828,0.2942,0.423
2021-22,2021-12-11,Bayern Munich,Mainz,H,0.0652,0.1219,0.8129,0.2828,0.2942,0.423
2021-22,2021-12-11,Bochum,Dortmund,D,0.5991,0.2287,0.1722,0.2828,0.2942,0.423
2021-22,2021-12-11,Wolfsburg,Stuttgart,A,0.221,0.251,0.5279,0.2828,0.2942,0.423
2021-22,2021-12-11,Liverpool,Aston Villa,H,0.1016,0.1655,0.7328,0.2828,0.2942,0.423
2021-22,2021-12-11,Valencia,Elche,H,0.192,0.2561,0.5519,0.2828,0.2942,0.423
2021-22,2021-12-11,Ath Bilbao,Sevilla,A,0.3848,0.3303,0.2849,0.2828,0.2942,0.423
2021-22,2021-12-11,Alaves,Getafe,D,0.3418,0.3514,0.3068,0.2828,0.2942,0.423
2021-22,2021-12-11,Arsenal,Southampton,H,0.1964,0.242,0.5615,0.2828,0.2942,0.423
2021-22,2021-12-11,Chelsea,Leeds,H,0.1355,0.2421,0.6224,0.2828,0.2942,0.423
2021-22,2021-12-11,Norwich,Man United,A,0.6795,0.2069,0.1136,0.2828,0.2942,0.423
2021-22,2021-12-11,Espanol,Levante,H,0.3112,0.2896,0.3991,0.2828,0.2942,0.423
2021-22,2021-12-12,Crystal Palace,Everton,H,0.3863,0.2807,0.3329,0.2828,0.2942,0.423
2021-22,2021-12-12,Ein Frankfurt,Leverkusen,H,0.3933,0.2461,0.3606,0.2828,0.2942,0.423
2021-22,2021-12-12,Burnley,West Ham,D,0.4786,0.2792,0.2422,0.2828,0.2942,0.423
2021-22,2021-12-12,Greuther Furth,Union Berlin,H,0.5892,0.239,0.1718,0.29,0.26,0.45
2021-22,2021-12-12,Villarreal,Vallecano,H,0.27,0.2774,0.4526,0.2828,0.2942,0.423
2021-22,2021-12-12,Osasuna,Barcelona,D,0.5615,0.2421,0.1965,0.2828,0.2942,0.423
2021-22,2021-12-12,Betis,Sociedad,H,0.3815,0.276,0.3425,0.2828,0.2942,0.423
2021-22,2021-12-12,Leicester,Newcastle,H,0.1853,0.2208,0.5939,0.2828,0.2942,0.423
2021-22,2021-12-12,Real Madrid,Ath Madrid,H,0.2816,0.3029,0.4155,0.2828,0.2942,0.423
2021-22,2021-12-13,Cadiz,Granada,D,0.4323,0.2713,0.2964,0.2828,0.2942,0.423
2021-22,2021-12-14,Man City,Leeds,H,0.0684,0.1576,0.774,0.2828,0.2942,0.423
2021-22,2021-12-14,Wolfsburg,FC Koln,A,0.2088,0.2463,0.5448,0.2828,0.2942,0.423
2021-22,2021-12-14,Mainz,Hertha,H,0.2906,0.2726,0.4368,0.2828,0.2942,0.423
2021-22,2021-12-14,Bielefeld,Bochum,H,0.3159,0.3321,0.3519,0.2828,0.2942,0.423
2021-22,2021-12-14,Stuttgart,Bayern Munich,A,0.7455,0.1516,0.1028,0.2828,0.2942,0.423
2021-22,2021-12-14,Norwich,Aston Villa,A,0.5344,0.2642,0.2014,0.2828,0.2942,0.423
2021-22,2021-12-15,Brighton,Wolves,A,0.3173,0.3535,0.3291,0.2828,0.2942,0.423
2021-22,2021-12-15,Arsenal,West Ham,H,0.2925,0.2698,0.4377,0.2828,0.2942,0.423
2021-22,2021-12-15,Augsburg,RB Leipzig,D,0.5836,0.237,0.1794,0.2828,0.2942,0.423
2021-22,2021-12-15,M'gladbach,Ein Frankfurt,A,0.2924,0.2316,0.476,0.29,0.26,0.45
2021-22,2021-12-15,Crystal Palace,Southampton,D,0.361,0.2803,0.3587,0.2828,0.2942,0.423
2021-22,2021-12-15,Dortmund,Greuther Furth,H,0.0401,0.0901,0.8698,0.29,0.26,0.45
2021-22,2021-12-15,Leverkusen,Hoffenheim,D,0.2713,0.2322,0.4965,0.2828,0.2942,0.423
2021-22,2021-12-15,Union Berlin,Freiburg,D,0.3249,0.2839,0.3912,0.2828,0.2942,0.423
2021-22,2021-12-16,Liverpool,Newcastle,H,0.0614,0.1267,0.8119,0.2828,0.2942,0.423
2021-22,2021-12-16,Chelsea,Everton,D,0.1413,0.2359,0.6227,0.2828,0.2942,0.423
2021-22,2021-12-17,Bayern Munich,Wolfsburg,H,0.0881,0.1406,0.7713,0.2828,0.2942,0.423
2021-22,2021-12-17,Celta,Espanol,H,0.2672,0.2685,0.4643,0.2828,0.2942,0.423
2021-22,2021-12-18,Vallecano,Alaves,H,0.1792,0.2545,0.5663,0.2828,0.2942,0.423
2021-22,2021-12-18,Bochum,Union Berlin,A,0.369,0.2891,0.3419,0.2828,0.2942,0.423
2021-22,2021-12-18,Sevilla,Ath Madrid,H,0.3349,0.3158,0.3494,0.2828,0.2942,0.423
2021-22,2021-12-18,Leeds,Arsenal,A,0.4818,0.2509,0.2672,0.2828,0.2942,0.423
2021-22,2021-12-18,Hertha,Dortmund,H,0.6193,0.1973,0.1834,0.2828,0.2942,0.423
2021-22,2021-12-18,Barcelona,Elche,H,0.0877,0.1561,0.7562,0.2828,0.2942,0.423
2021-22,2021-12-18,Greuther Furth,Augsburg,D,0.5677,0.2297,0.2025,0.29,0.26,0.45
2021-22,2021-12-18,Ein Frankfurt,Mainz,H,0.2725,0.2311,0.4963,0.2828,0.2942,0.423
2021-22,2021-12-18,RB Leipzig,Bielefeld,A,0.0993,0.1878,0.7129,0.2828,0.2942,0.423
2021-22,2021-12-18,Sociedad,Villarreal,A,0.3387,0.2819,0.3794,0.2828,0.2942,0.423
2021-22,2021-12-18,Hoffenheim,M'gladbach,D,0.3149,0.2187,0.4664,0.29,0.26,0.45
2021-22,2021-12-19,Wolves,Chelsea,D,0.4931,0.3043,0.2025,0.2828,0.2942,0.423
2021-22,2021-12-19,Newcastle,Man City,A,0.7942,0.1394,0.0663,0.2828,0.2942,0.423
2021-22,2021-12-19,Granada,Mallorca,H,0.2725,0.2663,0.4613,0.2828,0.2942,0.423
2021-22,2021-12-19,FC Koln,Stuttgart,H,0.3308,0.2444,0.4248,0.2828,0.2942,0.423
2021-22,2021-12-19,Ath Bilbao,Betis,H,0.2878,0.2922,0.42,0.2828,0.2942,0.423
2021-22,2021-12-19,Getafe,Osasuna,H,0.3277,0.3361,0.3362,0.2828,0.2942,0.423
2021-22,2021-12-19,Real Madrid,Cadiz,D,0.0481,0.1184,0.8336,0.2828,0.2942,0.423
2021-22,2021-12-19,Freiburg,Leverkusen,H,0.3848,0.2529,0.3623,0.2828,0.2942,0.423
2021-22,2021-12-19,Tottenham,Liverpool,D,0.585,0.2101,0.2049,0.2828,0.2942,0.423
2021-22,2021-12-20,Levante,Valencia,A,0.4156,0.2405,0.3439,0.2828,0.2942,0.423
2021-22,2021-12-21,Sevilla,Barcelona,D,0.3636,0.267,0.3694,0.2828,0.2942,0.423
2021-22,2021-12-21,Villarreal,Alaves,H,0.1393,0.2276,0.6331,0.2828,0.2942,0.423
2021-22,2021-12-22,Granada,Ath Madrid,H,0.5451,0.2525,0.2023,0.2828,0.2942,0.423
2021-22,2021-12-22,Ath Bilbao,Real Madrid,A,0.5067,0.2877,0.2056,0.2828,0.2942,0.423
2021-22,2021-12-26,Brighton,Brentford,H,0.3633,0.3108,0.3259,0.2828,0.2942,0.423
2021-22,2021-12-26,Aston Villa,Chelsea,A,0.5015,0.2612,0.2373,0.2828,0.2942,0.423
2021-22,2021-12-26,West Ham,Southampton,A,0.2151,0.2298,0.555,0.2828,0.2942,0.423
2021-22,2021-12-26,Tottenham,Crystal Palace,H,0.198,0.2279,0.5742,0.2828,0.2942,0.423
2021-22,2021-12-26,Norwich,Arsenal,A,0.6893,0.2037,0.1071,0.2828,0.2942,0.423
2021-22,2021-12-26,Man City,Leicester,H,0.0761,0.1389,0.785,0.2828,0.2942,0.423
2021-22,2021-12-27,Newcastle,Man United,D,0.5704,0.2297,0.1999,0.2828,0.2942,0.423
2021-22,2021-12-28,Crystal Palace,Norwich,H,0.1352,0.2289,0.6359,0.2828,0.2942,0.423
2021-22,2021-12-28,Southampton,Tottenham,D,0.431,0.2451,0.324,0.2828,0.2942,0.423
2021-22,2021-12-28,Watford,West Ham,A,0.5373,0.2317,0.231,0.2828,0.2942,0.423
2021-22,2021-12-28,Leicester,Liverpool,H,0.6132,0.1985,0.1883,0.2828,0.2942,0.423
2021-22,2021-12-29,Chelsea,Brighton,D,0.1129,0.2368,0.6503,0.2828,0.2942,0.423
2021-22,2021-12-29,Brentford,Man City,A,0.6882,0.1967,0.1151,0.2828,0.2942,0.423
2021-22,2021-12-30,Man United,Burnley,H,0.1334,0.2188,0.6478,0.2828,0.2942,0.423
2021-22,2021-12-31,Valencia,Espanol,A,0.22,0.2669,0.5131,0.2828,0.2942,0.423
2021-22,2022-01-01,Watford,Tottenham,A,0.5469,0.2362,0.2168,0.2828,0.2942,0.423
2021-22,2022-01-01,Crystal Palace,West Ham,A,0.4522,0.2751,0.2727,0.2828,0.2942,0.423
2021-22,2022-01-01,Arsenal,Man City,A,0.5541,0.2538,0.1921,0.2828,0.2942,0.423
2021-22,2022-01-02,Leeds,Burnley,H,0.2667,0.2937,0.4396,0.2828,0.2942,0.423
2021-22,2022-01-02,Betis,Celta,A,0.271,0.2556,0.4734,0.2828,0.2942,0.423
2021-22,2022-01-02,Getafe,Real Madrid,H,0.5492,0.2974,0.1534,0.2828,0.2942,0.423
2021-22,2022-01-02,Ath Madrid,Vallecano,H,0.1873,0.2791,0.5336,0.2828,0.2942,0.423
2021-22,2022-01-02,Chelsea,Liverpool,D,0.3576,0.2882,0.3542,0.2828,0.2942,0.423
2021-22,2022-01-02,Alaves,Sociedad,D,0.4765,0.2953,0.2282,0.2828,0.2942,0.423
2021-22,2022-01-02,Everton,Brighton,A,0.2489,0.3076,0.4435,0.2828,0.2942,0.423
2021-22,2022-01-02,Brentford,Aston Villa,H,0.2995,0.29,0.4104,0.2828,0.2942,0.423
2021-22,2022-01-02,Mallorca,Barcelona,A,0.5714,0.2411,0.1875,0.2828,0.2942,0.423
2021-22,2022-01-02,Elche,Granada,D,0.3516,0.2933,0.3551,0.2828,0.2942,0.423
2021-22,2022-01-03,Man United,Wolves,A,0.1724,0.2824,0.5452,0.2828,0.2942,0.423
2021-22,2022-01-03,Cadiz,Sevilla,A,0.5446,0.2811,0.1742,0.2828,0.2942,0.423
2021-22,2022-01-03,Villarreal,Levante,H,0.1747,0.2269,0.5985,0.2828,0.2942,0.423
2021-22,2022-01-03,Osasuna,Ath Bilbao,A,0.3337,0.343,0.3233,0.2828,0.2942,0.423
2021-22,2022-01-07,Bayern Munich,M'gladbach,A,0.0748,0.1221,0.8031,0.29,0.26,0.45
2021-22,2022-01-08,Granada,Barcelona,D,0.5409,0.2352,0.224,0.2828,0.2942,0.423
2021-22,2022-01-08,Sociedad,Celta,H,0.24,0.2719,0.4881,0.2828,0.2942,0.423
2021-22,2022-01-08,Greuther Furth,Stuttgart,D,0.529,0.2671,0.2039,0.29,0.26,0.45
2021-22,2022-01-08,Real Madrid,Valencia,H,0.1412,0.2209,0.6379,0.2828,0.2942,0.423
2021-22,2022-01-08,Hoffenheim,Augsburg,H,0.1891,0.2264,0.5845,0.2828,0.2942,0.423
2021-22,2022-01-08,Leverkusen,Union Berlin,D,0.2242,0.2581,0.5177,0.2828,0.2942,0.423
2021-22,2022-01-08,RB Leipzig,Mainz,H,0.1616,0.2313,0.6071,0.2828,0.2942,0.423
2021-22,2022-01-08,Ein Frankfurt,Dortmund,A,0.4584,0.2268,0.3148,0.2828,0.2942,0.423
2021-22,2022-01-08,Freiburg,Bielefeld,D,0.1975,0.2841,0.5184,0.2828,0.2942,0.423
2021-22,2022-01-08,Levante,Mallorca,H,0.2874,0.2723,0.4403,0.2828,0.2942,0.423
2021-22,2022-01-09,Villarreal,Ath Madrid,D,0.3708,0.3052,0.324,0.2828,0.2942,0.423
2021-22,2022-01-09,Sevilla,Getafe,H,0.142,0.3029,0.5552,0.2828,0.2942,0.423
2021-22,2022-01-09,Vallecano,Betis,D,0.2852,0.2764,0.4385,0.2828,0.2942,0.423
2021-22,2022-01-09,Bochum,Wolfsburg,H,0.3866,0.3072,0.3062,0.2828,0.2942,0.423
2021-22,2022-01-09,Hertha,FC Koln,A,0.3037,0.2703,0.4261,0.2828,0.2942,0.423
2021-22,2022-01-09,Osasuna,Cadiz,H,0.2243,0.2984,0.4773,0.2828,0.2942,0.423
2021-22,2022-01-09,Alaves,Ath Bilbao,D,0.4259,0.329,0.2451,0.2828,0.2942,0.423
2021-22,2022-01-10,Espanol,Elche,A,0.2677,0.3151,0.4171,0.2828,0.2942,0.423
2021-22,2022-01-11,Southampton,Brentford,H,0.328,0.288,0.384,0.2828,0.2942,0.423
2021-22,2022-01-12,West Ham,Norwich,H,0.0526,0.1512,0.7962,0.2828,0.2942,0.423
2021-22,2022-01-14,Brighton,Crystal Palace,D,0.2697,0.2819,0.4484,0.2828,0.2942,0.423
2021-22,2022-01-14,Dortmund,Freiburg,H,0.2047,0.1996,0.5957,0.2828,0.2942,0.423
2021-22,2022-01-15,Wolves,Southampton,H,0.2628,0.2755,0.4617,0.2828,0.2942,0.423
2021-22,2022-01-15,Man City,Chelsea,H,0.2118,0.2476,0.5406,0.2828,0.2942,0.423
2021-22,2022-01-15,Newcastle,Watford,D,0.3207,0.2448,0.4345,0.2828,0.2942,0.423
2021-22,2022-01-15,Norwich,Everton,H,0.6059,0.253,0.1411,0.2828,0.2942,0.423
2021-22,2022-01-15,Union Berlin,Hoffenheim,H,0.3935,0.2375,0.369,0.2828,0.2942,0.423
2021-22,2022-01-15,M'gladbach,Leverkusen,A,0.3924,0.2185,0.3892,0.29,0.26,0.45
2021-22,2022-01-15,Wolfsburg,Hertha,D,0.2335,0.2305,0.5361,0.2828,0.2942,0.423
2021-22,2022-01-15,FC Koln,Bayern Munich,A,0.7813,0.1258,0.0929,0.2828,0.2942,0.423
2021-22,2022-01-15,Stuttgart,RB Leipzig,A,0.5518,0.2184,0.2298,0.2828,0.2942,0.423
2021-22,2022-01-15,Mainz,Bochum,H,0.2264,0.2623,0.5113,0.2828,0.2942,0.423
2021-22,2022-01-15,Aston Villa,Man United,D,0.474,0.2442,0.2818,0.2828,0.2942,0.423
2021-22,2022-01-16,Elche,Villarreal,H,0.4863,0.254,0.2596,0.2828,0.2942,0.423
2021-22,2022-01-16,Liverpool,Brentford,H,0.1266,0.1679,0.7055,0.2828,0.2942,0.423
2021-22,2022-01-16,Augsburg,Ein Frankfurt,D,0.4716,0.2248,0.3036,0.2828,0.2942,0.423
2021-22,2022-01-16,Bielefeld,Greuther Furth,D,0.1185,0.2376,0.6439,0.29,0.26,0.45
2021-22,2022-01-16,West Ham,Leeds,A,0.1934,0.2059,0.6007,0.2828,0.2942,0.423
2021-22,2022-01-18,Cadiz,Espanol,D,0.3593,0.2834,0.3572,0.2828,0.2942,0.423
2021-22,2022-01-18,Brighton,Chelsea,D,0.5359,0.2698,0.1943,0.2828,0.2942,0.423
2021-22,2022-01-18,Betis,Alaves,H,0.1657,0.2046,0.6297,0.2828,0.2942,0.423
2021-22,2022-01-19,Leicester,Tottenham,A,0.3218,0.22,0.4582,0.2828,0.2942,0.423
2021-22,2022-01-19,Valencia,Sevilla,D,0.4359,0.2569,0.3072,0.2828,0.2942,0.423
2021-22,2022-01-19,Celta,Osasuna,H,0.2863,0.2585,0.4552,0.2828,0.2942,0.423
2021-22,2022-01-19,Brentford,Man United,A,0.4632,0.2361,0.3008,0.2828,0.2942,0.423
2021-22,2022-01-20,Getafe,Granada,H,0.3169,0.2926,0.3904,0.2828,0.2942,0.423
2021-22,2022-01-21,Espanol,Betis,A,0.3923,0.2546,0.3531,0.2828,0.2942,0.423
2021-22,2022-01-21,Ein Frankfurt,Bielefeld,A,0.1922,0.2235,0.5843,0.2828,0.2942,0.423
2021-22,2022-01-21,Watford,Norwich,A,0.1228,0.2302,0.647,0.2828,0.2942,0.423
2021-22,2022-01-22,Freiburg,Stuttgart,H,0.2426,0.2348,0.5226,0.2828,0.2942,0.423
2021-22,2022-01-22,Hoffenheim,Dortmund,A,0.4149,0.207,0.3781,0.2828,0.2942,0.423
2021-22,2022-01-22,Leverkusen,Augsburg,H,0.147,0.1749,0.6781,0.2828,0.2942,0.423
2021-22,2022-01-22,Levante,Cadiz,A,0.2811,0.2386,0.4803,0.2828,0.2942,0.423
2021-22,2022-01-22,Bochum,FC Koln,D,0.3616,0.2752,0.3632,0.2828,0.2942,0.423
2021-22,2022-01-22,M'gladbach,Union Berlin,A,0.2723,0.2363,0.4914,0.29,0.26,0.45
2021-22,2022-01-22,Greuther Furth,Mainz,H,0.6333,0.2216,0.1452,0.29,0.26,0.45
2021-22,2022-01-22,Everton,Aston Villa,A,0.3326,0.2536,0.4137,0.2828,0.2942,0.423
2021-22,2022-01-22,Sevilla,Celta,D,0.1759,0.2287,0.5954,0.2828,0.2942,0.423
2021-22,2022-01-22,Ath Madrid,Valencia,H,0.1753,0.2069,0.6177,0.2828,0.2942,0.423
2021-22,2022-01-22,Brentford,Wolves,A,0.3011,0.2821,0.4169,0.2828,0.2942,0.423
2021-22,2022-01-22,Leeds,Newcastle,A,0.2318,0.2282,0.54,0.2828,0.2942,0.423
2021-22,2022-01-22,Southampton,Man City,D,0.707,0.1736,0.1193,0.2828,0.2942,0.423
2021-22,2022-01-22,Villarreal,Mallorca,H,0.1669,0.2071,0.626,0.2828,0.2942,0.423
2021-22,2022-01-22,Man United,West Ham,H,0.2612,0.2296,0.5092,0.2828,0.2942,0.423
2021-22,2022-01-23,Arsenal,Burnley,D,0.1201,0.1955,0.6844,0.2828,0.2942,0.423
2021-22,2022-01-23,Granada,Osasuna,A,0.3022,0.2614,0.4363,0.2828,0.2942,0.423
2021-22,2022-01-23,Leicester,Brighton,D,0.1931,0.2214,0.5855,0.2828,0.2942,0.423
2021-22,2022-01-23,Crystal Palace,Liverpool,A,0.6522,0.1951,0.1527,0.2828,0.2942,0.423
2021-22,2022-01-23,Alaves,Barcelona,A,0.6487,0.1954,0.1559,0.2828,0.2942,0.423
2021-22,2022-01-23,Sociedad,Getafe,D,0.2152,0.2869,0.4979,0.2828,0.2942,0.423
2021-22,2022-01-23,Vallecano,Ath Bilbao,A,0.2907,0.2904,0.4189,0.2828,0.2942,0.423
2021-22,2022-01-23,Real Madrid,Elche,D,0.0994,0.1833,0.7173,0.2828,0.2942,0.423
2021-22,2022-01-23,Hertha,Bayern Munich,A,0.7982,0.1187,0.0832,0.2828,0.2942,0.423
2021-22,2022-01-23,RB Leipzig,Wolfsburg,H,0.17,0.1995,0.6305,0.2828,0.2942,0.423
2021-22,2022-01-23,Chelsea,Tottenham,H,0.2048,0.2314,0.5638,0.2828,0.2942,0.423
2021-22,2022-02-04,Hertha,Bochum,D,0.2923,0.2714,0.4363,0.2828,0.2942,0.423
2021-22,2022-02-04,Getafe,Levante,H,0.2562,0.2731,0.4707,0.2828,0.2942,0.423
2021-22,2022-02-05,Osasuna,Sevilla,D,0.4375,0.2957,0.2668,0.2828,0.2942,0.423
2021-22,2022-02-05,Celta,Vallecano,H,0.3651,0.271,0.3639,0.2828,0.2942,0.423
2021-22,2022-02-05,Mallorca,Cadiz,H,0.2878,0.2826,0.4296,0.2828,0.2942,0.423
2021-22,2022-02-05,Elche,Alaves,H,0.229,0.2764,0.4946,0.2828,0.2942,0.423
2021-22,2022-02-05,Stuttgart,Ein Frankfurt,A,0.4013,0.2416,0.3571,0.2828,0.2942,0.423
2021-22,2022-02-05,Mainz,Hoffenheim,H,0.422,0.2348,0.3432,0.2828,0.2942,0.423
2021-22,2022-02-05,FC Koln,Freiburg,H,0.4207,0.252,0.3273,0.2828,0.2942,0.423
2021-22,2022-02-05,Bielefeld,M'gladbach,D,0.4143,0.2784,0.3072,0.29,0.26,0.45
2021-22,2022-02-05,Burnley,Watford,D,0.2809,0.2725,0.4467,0.2828,0.2942,0.423
2021-22,2022-02-05,Bayern Munich,RB Leipzig,H,0.1649,0.1734,0.6617,0.2828,0.2942,0.423
2021-22,2022-02-05,Augsburg,Union Berlin,H,0.4153,0.2657,0.319,0.2828,0.2942,0.423
2021-22,2022-02-06,Dortmund,Leverkusen,A,0.2806,0.1996,0.5198,0.2828,0.2942,0.423
2021-22,2022-02-06,Wolfsburg,Greuther Furth,H,0.0892,0.1708,0.74,0.29,0.26,0.45
2021-22,2022-02-06,Real Madrid,Granada,H,0.0938,0.1602,0.746,0.2828,0.2942,0.423
2021-22,2022-02-06,Betis,Villarreal,A,0.3855,0.2375,0.377,0.2828,0.2942,0.423
2021-22,2022-02-06,Barcelona,Ath Madrid,H,0.2868,0.243,0.4702,0.2828,0.2942,0.423
2021-22,2022-02-06,Valencia,Sociedad,D,0.3223,0.2597,0.418,0.2828,0.2942,0.423
2021-22,2022-02-07,Ath Bilbao,Espanol,H,0.2211,0.2843,0.4947,0.2828,0.2942,0.423
2021-22,2022-02-08,West Ham,Watford,H,0.1459,0.1944,0.6597,0.2828,0.2942,0.423
2021-22,2022-02-08,Burnley,Man United,D,0.5592,0.245,0.1958,0.2828,0.2942,0.423
2021-22,2022-02-08,Newcastle,Everton,H,0.3774,0.2654,0.3572,0.2828,0.2942,0.423
2021-22,2022-02-09,Aston Villa,Leeds,D,0.288,0.2508,0.4613,0.2828,0.2942,0.423
2021-22,2022-02-09,Norwich,Crystal Palace,D,0.4942,0.2957,0.2101,0.2828,0.2942,0.423
2021-22,2022-02-09,Man City,Brentford,H,0.0781,0.1374,0.7845,0.2828,0.2942,0.423
2021-22,2022-02-09,Tottenham,Southampton,A,0.1767,0.206,0.6172,0.2828,0.2942,0.423
2021-22,2022-02-10,Wolves,Arsenal,A,0.3922,0.3032,0.3046,0.2828,0.2942,0.423
2021-22,2022-02-10,Liverpool,Leicester,H,0.1584,0.1755,0.6661,0.2828,0.2942,0.423
2021-22,2022-02-11,RB Leipzig,FC Koln,H,0.1149,0.1651,0.72,0.2828,0.2942,0.423
2021-22,2022-02-11,Sevilla,Elche,H,0.1645,0.2572,0.5783,0.2828,0.2942,0.423
2021-22,2022-02-12,Freiburg,Mainz,D,0.2408,0.244,0.5152,0.2828,0.2942,0.423
2021-22,2022-02-12,Ein Frankfurt,Wolfsburg,A,0.2784,0.2398,0.4818,0.2828,0.2942,0.423
2021-22,2022-02-12,Greuther Furth,Hertha,H,0.5656,0.2339,0.2005,0.29,0.26,0.45
2021-22,2022-02-12,Cadiz,Celta,D,0.3899,0.273,0.3371,0.2828,0.2942,0.423
2021-22,2022-02-12,Leverkusen,Stuttgart,H,0.1599,0.1872,0.6529,0.2828,0.2942,0.423
2021-22,2022-02-12,Bochum,Bayern Munich,H,0.7893,0.1337,0.077,0.2828,0.2942,0.423
2021-22,2022-02-12,M'gladbach,Augsburg,H,0.207,0.2163,0.5767,0.29,0.26,0.45
2021-22,2022-02-12,Brentford,Crystal Palace,D,0.2382,0.2311,0.5307,0.2828,0.2942,0.423
2021-22,2022-02-12,Vallecano,Osasuna,A,0.2406,0.2779,0.4815,0.2828,0.2942,0.423
2021-22,2022-02-12,Norwich,Man City,A,0.8359,0.1263,0.0378,0.2828,0.2942,0.423
2021-22,2022-02-12,Watford,Brighton,A,0.3873,0.2872,0.3255,0.2828,0.2942,0.423
2021-22,2022-02-12,Everton,Leeds,H,0.3381,0.253,0.4089,0.2828,0.2942,0.423
2021-22,2022-02-12,Villarreal,Real Madrid,D,0.432,0.253,0.315,0.2828,0.2942,0.423
2021-22,2022-02-12,Man United,Southampton,D,0.1422,0.189,0.6688,0.2828,0.2942,0.423
2021-22,2022-02-12,Ath Madrid,Getafe,H,0.1538,0.264,0.5822,0.2828,0.2942,0.423
2021-22,2022-02-13,Hoffenheim,Bielefeld,H,0.1901,0.2319,0.578,0.2828,0.2942,0.423
2021-22,2022-02-13,Sociedad,Granada,H,0.2352,0.2504,0.5145,0.2828,0.2942,0.423
2021-22,2022-02-13,Burnley,Liverpool,A,0.6757,0.1985,0.1258,0.2828,0.2942,0.423
2021-22,2022-02-13,Tottenham,Wolves,A,0.2408,0.2763,0.4829,0.2828,0.2942,0.423
2021-22,2022-02-13,Alaves,Valencia,H,0.4816,0.2525,0.2659,0.2828,0.2942,0.423
2021-22,2022-02-13,Levante,Betis,A,0.5137,0.2185,0.2678,0.2828,0.2942,0.423
2021-22,2022-02-13,Newcastle,Aston Villa,H,0.427,0.2657,0.3073,0.2828,0.2942,0.423
2021-22,2022-02-13,Union Berlin,Dortmund,A,0.4913,0.2285,0.2802,0.2828,0.2942,0.423
2021-22,2022-02-13,Leicester,West Ham,D,0.3046,0.2273,0.468,0.2828,0.2942,0.423
2021-22,2022-02-13,Espanol,Barcelona,D,0.5948,0.2135,0.1917,0.2828,0.2942,0.423
2021-22,2022-02-14,Mallorca,Ath Bilbao,H,0.4004,0.3024,0.2973,0.2828,0.2942,0.423
2021-22,2022-02-15,Man United,Brighton,H,0.1607,0.2359,0.6033,0.2828,0.2942,0.423
2021-22,2022-02-16,Ath Madrid,Levante,A,0.1112,0.1711,0.7177,0.2828,0.2942,0.423
2021-22,2022-02-18,Elche,Vallecano,H,0.3418,0.2988,0.3594,0.2828,0.2942,0.423
2021-22,2022-02-18,Mainz,Leverkusen,H,0.4614,0.2391,0.2995,0.2828,0.2942,0.423
2021-22,2022-02-19,Stuttgart,Bochum,D,0.3659,0.2692,0.3649,0.2828,0.2942,0.423
2021-22,2022-02-19,Augsburg,Freiburg,A,0.4302,0.2631,0.3068,0.2828,0.2942,0.423
2021-22,2022-02-19,Bielefeld,Union Berlin,H,0.3614,0.3053,0.3333,0.2828,0.2942,0.423
2021-22,2022-02-19,Wolfsburg,Hoffenheim,A,0.3358,0.2416,0.4226,0.2828,0.2942,0.423
2021-22,2022-02-19,FC Koln,Ein Frankfurt,H,0.4284,0.2356,0.3359,0.2828,0.2942,0.423
2021-22,2022-02-19,Granada,Villarreal,A,0.479,0.2525,0.2685,0.2828,0.2942,0.423
2021-22,2022-02-19,Osasuna,Ath Madrid,A,0.4691,0.281,0.2499,0.2828,0.2942,0.423
2021-22,2022-02-19,Cadiz,Getafe,D,0.3407,0.3236,0.3356,0.2828,0.2942,0.423
2021-22,2022-02-19,Real Madrid,Alaves,H,0.0674,0.1619,0.7708,0.2828,0.2942,0.423
2021-22,2022-02-19,Arsenal,Brentford,H,0.148,0.2128,0.6392,0.2828,0.2942,0.423
2021-22,2022-02-19,Aston Villa,Watford,A,0.1838,0.2251,0.5911,0.2828,0.2942,0.423
2021-22,2022-02-19,Brighton,Burnley,A,0.2389,0.3199,0.4412,0.2828,0.2942,0.423
2021-22,2022-02-19,Crystal Palace,Chelsea,A,0.5828,0.2485,0.1687,0.2828,0.2942,0.423
2021-22,2022-02-19,Liverpool,Norwich,H,0.0309,0.0961,0.873,0.2828,0.2942,0.423
2021-22,2022-02-19,Man City,Tottenham,A,0.0981,0.1638,0.7381,0.2828,0.2942,0.423
2021-22,2022-02-19,Southampton,Everton,H,0.3087,0.243,0.4483,0.2828,0.2942,0.423
2021-22,2022-02-19,West Ham,Newcastle,D,0.1461,0.2048,0.649,0.2828,0.2942,0.423
2021-22,2022-02-20,Valencia,Barcelona,A,0.4516,0.2325,0.3159,0.2828,0.2942,0.423
2021-22,2022-02-20,Hertha,RB Leipzig,A,0.6016,0.2149,0.1835,0.2828,0.2942,0.423
2021-22,2022-02-20,Betis,Mallorca,H,0.199,0.2224,0.5786,0.2828,0.2942,0.423
2021-22,2022-02-20,Ath Bilbao,Sociedad,H,0.2977,0.3078,0.3945,0.2828,0.2942,0.423
2021-22,2022-02-20,Espanol,Sevilla,D,0.5053,0.2773,0.2174,0.2828,0.2942,0.423
2021-22,2022-02-20,Wolves,Leicester,H,0.3571,0.2764,0.3665,0.2828,0.2942,0.423
2021-22,2022-02-20,Dortmund,M'gladbach,H,0.2159,0.1939,0.5902,0.29,0.26,0.45
2021-22,2022-02-20,Leeds,Man United,A,0.5362,0.2318,0.2319,0.2828,0.2942,0.423
2021-22,2022-02-20,Bayern Munich,Greuther Furth,H,0.0116,0.0333,0.9551,0.29,0.26,0.45
2021-22,2022-02-21,Celta,Levante,D,0.2259,0.2228,0.5513,0.2828,0.2942,0.423
2021-22,2022-02-23,Watford,Crystal Palace,A,0.3768,0.2696,0.3537,0.2828,0.2942,0.423
2021-22,2022-02-23,Burnley,Tottenham,H,0.4796,0.2706,0.2498,0.2828,0.2942,0.423
2021-22,2022-02-23,Liverpool,Leeds,H,0.0775,0.1383,0.7842,0.2828,0.2942,0.423
2021-22,2022-02-24,Arsenal,Wolves,H,0.1896,0.2806,0.5298,0.2828,0.2942,0.423
2021-22,2022-02-25,Hoffenheim,Stuttgart,H,0.1959,0.1996,0.6045,0.2828,0.2942,0.423
2021-22,2022-02-25,Levante,Elche,H,0.3265,0.2625,0.411,0.2828,0.2942,0.423
2021-22,2022-02-25,Southampton,Norwich,H,0.1232,0.2065,0.6703,0.2828,0.2942,0.423
2021-22,2022-02-26,Leeds,Tottenham,A,0.471,0.2376,0.2914,0.2828,0.2942,0.423
2021-22,2022-02-26,Crystal Palace,Burnley,D,0.269,0.2969,0.4341,0.2828,0.2942,0.423
2021-22,2022-02-26,Man United,Watford,D,0.092,0.1581,0.7498,0.2828,0.2942,0.423
2021-22,2022-02-26,Union Berlin,Mainz,H,0.285,0.2713,0.4437,0.2828,0.2942,0.423
2021-22,2022-02-26,Everton,Man City,A,0.7066,0.1793,0.1142,0.2828,0.2942,0.423
2021-22,2022-02-26,Leverkusen,Bielefeld,H,0.147,0.2104,0.6426,0.2828,0.2942,0.423
2021-22,2022-02-26,Brentford,Newcastle,A,0.2404,0.2539,0.5057,0.2828,0.2942,0.423
2021-22,2022-02-26,Ath Madrid,Celta,H,0.1766,0.2268,0.5965,0.2828,0.2942,0.423
2021-22,2022-02-26,Ein Frankfurt,Bayern Munich,A,0.694,0.1577,0.1483,0.2828,0.2942,0.423
2021-22,2022-02-26,Mallorca,Valencia,A,0.4014,0.2587,0.3399,0.2828,0.2942,0.423
2021-22,2022-02-26,Getafe,Alaves,D,0.208,0.2975,0.4945,0.2828,0.2942,0.423
2021-22,2022-02-26,Brighton,Aston Villa,A,0.3251,0.3003,0.3746,0.2828,0.2942,0.423
2021-22,2022-02-26,M'gladbach,Wolfsburg,D,0.2991,0.2472,0.4538,0.29,0.26,0.45
2021-22,2022-02-26,Vallecano,Real Madrid,A,0.5178,0.2734,0.2088,0.2828,0.2942,0.423
2021-22,2022-02-26,Greuther Furth,FC Koln,D,0.479,0.2512,0.2698,0.29,0.26,0.45
2021-22,2022-02-26,Freiburg,Hertha,H,0.1976,0.2304,0.572,0.2828,0.2942,0.423
2021-22,2022-02-27,Bochum,RB Leipzig,A,0.4943,0.2533,0.2524,0.2828,0.2942,0.423
2021-22,2022-02-27,Barcelona,Ath Bilbao,H,0.2144,0.2521,0.5335,0.2828,0.2942,0.423
2021-22,2022-02-27,Sevilla,Betis,H,0.219,0.2469,0.5341,0.2828,0.2942,0.423
2021-22,2022-02-27,West Ham,Wolves,H,0.2399,0.2865,0.4736,0.2828,0.2942,0.423
2021-22,2022-02-27,Augsburg,Dortmund,D,0.5701,0.2111,0.2188,0.2828,0.2942,0.423
2021-22,2022-02-27,Sociedad,Osasuna,H,0.2301,0.2827,0.4871,0.2828,0.2942,0.423
2021-22,2022-02-27,Villarreal,Espanol,H,0.1539,0.2209,0.6252,0.2828,0.2942,0.423
2021-22,2022-02-28,Granada,Cadiz,D,0.2471,0.264,0.4889,0.2828,0.2942,0.423
2021-22,2022-03-01,Burnley,Leicester,A,0.4916,0.2523,0.2561,0.2828,0.2942,0.423
2021-22,2022-03-02,Mallorca,Sociedad,A,0.4138,0.2822,0.304,0.2828,0.2942,0.423
2021-22,2022-03-04,Bielefeld,Augsburg,A,0.3015,0.2974,0.4012,0.2828,0.2942,0.423
2021-22,2022-03-04,Alaves,Sevilla,D,0.5703,0.2554,0.1743,0.2828,0.2942,0.423
2021-22,2022-03-05,Bayern Munich,Leverkusen,D,0.1273,0.1395,0.7332,0.2828,0.2942,0.423
2021-22,2022-03-05,Newcastle,Brighton,H,0.3294,0.2984,0.3722,0.2828,0.2942,0.423
2021-22,2022-03-05,Bochum,Greuther Furth,H,0.1417,0.2271,0.6312,0.29,0.26,0.45
2021-22,2022-03-05,Liverpool,West Ham,H,0.1534,0.2011,0.6454,0.2828,0.2942,0.423
2021-22,2022-03-05,Wolves,Crystal Palace,A,0.2223,0.2942,0.4835,0.2828,0.2942,0.423
2021-22,2022-03-05,Norwich,Brentford,A,0.5204,0.2742,0.2054,0.2828,0.2942,0.423
2021-22,2022-03-05,Hertha,Ein Frankfurt,A,0.4661,0.235,0.2989,0.2828,0.2942,0.423
2021-22,2022-03-05,RB Leipzig,Freiburg,D,0.1739,0.2093,0.6168,0.2828,0.2942,0.423
2021-22,2022-03-05,Burnley,Chelsea,A,0.5888,0.2555,0.1557,0.2828,0.2942,0.423
2021-22,2022-03-05,Leicester,Leeds,H,0.1599,0.1715,0.6685,0.2828,0.2942,0.423
2021-22,2022-03-05,Real Madrid,Sociedad,H,0.1366,0.2227,0.6407,0.2828,0.2942,0.423
2021-22,2022-03-05,Valencia,Granada,H,0.2316,0.2363,0.5321,0.2828,0.2942,0.423
2021-22,2022-03-05,Espanol,Getafe,H,0.3235,0.3024,0.3741,0.2828,0.2942,0.423
2021-22,2022-03-05,Osasuna,Villarreal,H,0.4838,0.263,0.2532,0.2828,0.2942,0.423
2021-22,2022-03-05,Stuttgart,M'gladbach,H,0.3827,0.2417,0.3756,0.29,0.26,0.45
2021-22,2022-03-05,Wolfsburg,Union Berlin,H,0.292,0.2729,0.4351,0.2828,0.2942,0.423
2021-22,2022-03-05,Aston Villa,Southampton,H,0.2879,0.2548,0.4573,0.2828,0.2942,0.423
2021-22,2022-03-06,Man City,Man United,H,0.161,0.213,0.626,0.2828,0.2942,0.423
2021-22,2022-03-06,FC Koln,Hoffenheim,A,0.4522,0.2333,0.3145,0.2828,0.2942,0.423
2021-22,2022-03-06,Cadiz,Vallecano,H,0.3674,0.3033,0.3293,0.2828,0.2942,0.423
2021-22,2022-03-06,Celta,Mallorca,H,0.2513,0.2613,0.4874,0.2828,0.2942,0.423
2021-22,2022-03-06,Betis,Ath Madrid,A,0.4192,0.2497,0.3311,0.2828,0.2942,0.423
2021-22,2022-03-06,Watford,Arsenal,A,0.5944,0.2288,0.1769,0.2828,0.2942,0.423
2021-22,2022-03-06,Elche,Barcelona,A,0.5801,0.2217,0.1982,0.2828,0.2942,0.423
2021-22,2022-03-07,Tottenham,Everton,H,0.1848,0.2155,0.5997,0.2828,0.2942,0.423
2021-22,2022-03-07,Ath Bilbao,Levante,H,0.2012,0.2427,0.5561,0.2828,0.2942,0.423
2021-22,2022-03-10,Leeds,Aston Villa,A,0.3921,0.2516,0.3563,0.2828,0.2942,0.423
2021-22,2022-03-10,Norwich,Chelsea,A,0.7273,0.1953,0.0773,0.2828,0.2942,0.423
2021-22,2022-03-10,Southampton,Newcastle,A,0.2403,0.2435,0.5162,0.2828,0.2942,0.423
2021-22,2022-03-10,Wolves,Watford,H,0.184,0.271,0.545,0.2828,0.2942,0.423
2021-22,2022-03-11,Ath Madrid,Cadiz,H,0.1161,0.2094,0.6745,0.2828,0.2942,0.423
2021-22,2022-03-12,Man United,Tottenham,H,0.2588,0.2359,0.5053,0.2828,0.2942,0.423
2021-22,2022-03-12,Brentford,Burnley,H,0.245,0.2728,0.4823,0.2828,0.2942,0.423
2021-22,2022-03-12,Brighton,Liverpool,A,0.6133,0.2331,0.1536,0.2828,0.2942,0.423
2021-22,2022-03-12,Getafe,Valencia,D,0.342,0.2889,0.3691,0.2828,0.2942,0.423
2021-22,2022-03-12,Villarreal,Celta,H,0.1694,0.2118,0.6189,0.2828,0.2942,0.423
2021-22,2022-03-12,Union Berlin,Stuttgart,D,0.2548,0.2555,0.4896,0.2828,0.2942,0.423
2021-22,2022-03-12,Levante,Espanol,D,0.335,0.2505,0.4145,0.2828,0.2942,0.423
2021-22,2022-03-12,M'gladbach,Hertha,H,0.2001,0.2065,0.5934,0.29,0.26,0.45
2021-22,2022-03-12,Hoffenheim,Bayern Munich,D,0.6752,0.1613,0.1635,0.2828,0.2942,0.423
2021-22,2022-03-12,Freiburg,Wolfsburg,H,0.2692,0.26,0.4708,0.2828,0.2942,0.423
2021-22,2022-03-12,Granada,Elche,A,0.3147,0.2769,0.4083,0.2828,0.2942,0.423
2021-22,2022-03-13,Leverkusen,FC Koln,A,0.1363,0.1698,0.6938,0.2828,0.2942,0.423
2021-22,2022-03-13,Barcelona,Osasuna,H,0.1316,0.1903,0.6781,0.2828,0.2942,0.423
2021-22,2022-03-13,Vallecano,Sevilla,D,0.4264,0.2982,0.2754,0.2828,0.2942,0.423
2021-22,2022-03-13,Dortmund,Bielefeld,H,0.1202,0.1873,0.6925,0.2828,0.2942,0.423
2021-22,2022-03-13,Greuther Furth,RB Leipzig,A,0.7692,0.1486,0.0822,0.29,0.26,0.45
2021-22,2022-03-13,Ein Frankfurt,Bochum,H,0.2626,0.2527,0.4847,0.2828,0.2942,0.423
2021-22,2022-03-13,Betis,Ath Bilbao,H,0.269,0.2626,0.4685,0.2828,0.2942,0.423
2021-22,2022-03-13,Leeds,Norwich,H,0.1614,0.2364,0.6022,0.2828,0.2942,0.423
2021-22,2022-03-13,Sociedad,Alaves,H,0.1622,0.238,0.5998,0.2828,0.2942,0.423
2021-22,2022-03-13,Chelsea,Newcastle,H,0.085,0.1709,0.7441,0.2828,0.2942,0.423
2021-22,2022-03-13,Everton,Wolves,A,0.3436,0.3047,0.3517,0.2828,0.2942,0.423
2021-22,2022-03-13,Arsenal,Leicester,H,0.2438,0.2225,0.5337,0.2828,0.2942,0.423
2021-22,2022-03-13,Southampton,Watford,A,0.2136,0.2326,0.5538,0.2828,0.2942,0.423
2021-22,2022-03-13,West Ham,Aston Villa,H,0.2364,0.2477,0.5159,0.2828,0.2942,0.423
2021-22,2022-03-14,Mallorca,Real Madrid,A,0.6261,0.2258,0.1481,0.2828,0.2942,0.423
2021-22,2022-03-14,Crystal Palace,Man City,D,0.7123,0.1837,0.104,0.2828,0.2942,0.423
2021-22,2022-03-16,Mainz,Dortmund,A,0.524,0.2172,0.2588,0.2828,0.2942,0.423
2021-22,2022-03-16,Brighton,Tottenham,A,0.4594,0.2722,0.2684,0.2828,0.2942,0.423
2021-22,2022-03-16,Arsenal,Liverpool,A,0.4186,0.2607,0.3208,0.2828,0.2942,0.423
2021-22,2022-03-17,Everton,Newcastle,H,0.2521,0.256,0.4919,0.2828,0.2942,0.423
2021-22,2022-03-18,Bochum,M'gladbach,A,0.3752,0.27,0.3548,0.29,0.26,0.45
2021-22,2022-03-18,Wolves,Leeds,A,0.2121,0.2702,0.5177,0.2828,0.2942,0.423
2021-22,2022-03-18,Ath Bilbao,Getafe,D,0.2409,0.3314,0.4278,0.2828,0.2942,0.423
2021-22,2022-03-19,Greuther Furth,Freiburg,D,0.6392,0.2153,0.1456,0.29,0.26,0.45
2021-22,2022-03-19,Hertha,Hoffenheim,H,0.5523,0.2213,0.2264,0.2828,0.2942,0.423
2021-22,2022-03-19,Aston Villa,Arsenal,A,0.4513,0.2721,0.2766,0.2828,0.2942,0.423
2021-22,2022-03-19,Mainz,Bielefeld,H,0.2399,0.3108,0.4493,0.2828,0.2942,0.423
2021-22,2022-03-19,Alaves,Granada,A,0.3881,0.2845,0.3274,0.2828,0.2942,0.423
2021-22,2022-03-19,Elche,Valencia,A,0.3992,0.2803,0.3205,0.2828,0.2942,0.423
2021-22,2022-03-19,Osasuna,Levante,H,0.2732,0.2654,0.4613,0.2828,0.2942,0.423
2021-22,2022-03-19,Vallecano,Ath Madrid,A,0.5202,0.272,0.2079,0.2828,0.2942,0.423
2021-22,2022-03-19,Stuttgart,Augsburg,H,0.3009,0.2629,0.4362,0.2828,0.2942,0.423
2021-22,2022-03-19,Bayern Munich,Union Berlin,H,0.0904,0.153,0.7566,0.2828,0.2942,0.423
2021-22,2022-03-20,Celta,Betis,D,0.3976,0.2525,0.3499,0.2828,0.2942,0.423
2021-22,2022-03-20,Tottenham,West Ham,H,0.2995,0.2551,0.4454,0.2828,0.2942,0.423
2021-22,2022-03-20,Leicester,Brentford,H,0.2497,0.2255,0.5248,0.2828,0.2942,0.423
2021-22,2022-03-20,Real Madrid,Barcelona,A,0.2517,0.2461,0.5021,0.2828,0.2942,0.423
2021-22,2022-03-20,Sevilla,Sociedad,D,0.229,0.2969,0.4741,0.2828,0.2942,0.423
2021-22,2022-03-20,Cadiz,Villarreal,H,0.5564,0.2542,0.1895,0.2828,0.2942,0.423
2021-22,2022-03-20,FC Koln,Dortmund,D,0.5808,0.2143,0.2049,0.2828,0.2942,0.423
2021-22,2022-03-20,Wolfsburg,Leverkusen,A,0.462,0.2488,0.2892,0.2828,0.2942,0.423
2021-22,2022-03-20,RB Leipzig,Ein Frankfurt,D,0.1853,0.2052,0.6095,0.2828,0.2942,0.423
2021-22,2022-03-20,Espanol,Mallorca,H,0.3014,0.2754,0.4231,0.2828,0.2942,0.423
2021-22,2022-04-01,Union Berlin,FC Koln,H,0.2703,0.2583,0.4715,0.2828,0.2942,0.423
2021-22,2022-04-02,Liverpool,Watford,H,0.0502,0.106,0.8439,0.2828,0.2942,0.423
2021-22,2022-04-02,Ath Madrid,Alaves,H,0.0932,0.1756,0.7312,0.2828,0.2942,0.423
2021-22,2022-04-02,Leeds,Southampton,D,0.3463,0.2294,0.4243,0.2828,0.2942,0.423
2021-22,2022-04-02,Celta,Real Madrid,A,0.5813,0.2275,0.1911,0.2828,0.2942,0.423
2021-22,2022-04-02,Ein Frankfurt,Greuther Furth,D,0.0779,0.1357,0.7864,0.29,0.26,0.45
2021-22,2022-04-02,Freiburg,Bayern Munich,A,0.6411,0.1857,0.1731,0.2828,0.2942,0.423
2021-22,2022-04-02,Brighton,Norwich,D,0.147,0.2729,0.58,0.2828,0.2942,0.423
2021-22,2022-04-02,Getafe,Mallorca,H,0.2522,0.2848,0.463,0.2828,0.2942,0.423
2021-22,2022-04-02,Levante,Villarreal,H,0.5907,0.2049,0.2045,0.2828,0.2942,0.423
2021-22,2022-04-02,Dortmund,RB Leipzig,A,0.3667,0.2156,0.4176,0.2828,0.2942,0.423
2021-22,2022-04-02,Burnley,Man City,A,0.7226,0.1836,0.0939,0.2828,0.2942,0.423
2021-22,2022-04-02,Leverkusen,Hertha,H,0.1165,0.1518,0.7317,0.2828,0.2942,0.423
2021-22,2022-04-02,Hoffenheim,Bochum,A,0.2084,0.2294,0.5623,0.2828,0.2942,0.423
2021-22,2022-04-02,Chelsea,Brentford,A,0.1212,0.1821,0.6967,0.2828,0.2942,0.423
2021-22,2022-04-02,Wolves,Aston Villa,H,0.2945,0.296,0.4095,0.2828,0.2942,0.423
2021-22,2022-04-02,Man United,Leicester,D,0.2446,0.2136,0.5418,0.2828,0.2942,0.423
2021-22,2022-04-02,Bielefeld,Stuttgart,D,0.3972,0.2959,0.3069,0.2828,0.2942,0.423
2021-22,2022-04-03,Granada,Vallecano,D,0.3366,0.2713,0.3921,0.2828,0.2942,0.423
2021-22,2022-04-03,Valencia,Cadiz,D,0.2179,0.2519,0.5302,0.2828,0.2942,0.423
2021-22,2022-04-03,Betis,Osasuna,H,0.2455,0.2461,0.5085,0.2828,0.2942,0.423
2021-22,2022-04-03,Tottenham,Newcastle,H,0.1544,0.1972,0.6484,0.2828,0.2942,0.423
2021-22,2022-04-03,Barcelona,Sevilla,H,0.2311,0.2414,0.5275,0.2828,0.2942,0.423
2021-22,2022-04-03,M'gladbach,Mainz,D,0.2823,0.2308,0.487,0.29,0.26,0.45
2021-22,2022-04-03,Augsburg,Wolfsburg,H,0.3847,0.2601,0.3552,0.2828,0.2942,0.423
2021-22,2022-04-03,West Ham,Everton,H,0.2049,0.2275,0.5677,0.2828,0.2942,0.423
2021-22,2022-04-03,Ath Bilbao,Elche,H,0.2216,0.2853,0.4931,0.2828,0.2942,0.423
2021-22,2022-04-04,Crystal Palace,Arsenal,H,0.4814,0.2595,0.2591,0.2828,0.2942,0.423
2021-22,2022-04-04,Sociedad,Espanol,H,0.2403,0.2616,0.498,0.2828,0.2942,0.423
2021-22,2022-04-06,Burnley,Everton,H,0.34,0.2836,0.3765,0.2828,0.2942,0.423
2021-22,2022-04-06,Augsburg,Mainz,H,0.3709,0.2537,0.3754,0.2828,0.2942,0.423
2021-22,2022-04-08,Newcastle,Wolves,H,0.3918,0.3009,0.3073,0.2828,0.2942,0.423
2021-22,2022-04-08,Stuttgart,Dortmund,A,0.5706,0.1983,0.231,0.2828,0.2942,0.423
2021-22,2022-04-08,Sevilla,Granada,H,0.1667,0.2355,0.5978,0.2828,0.2942,0.423
2021-22,2022-04-09,Southampton,Chelsea,A,0.6084,0.2177,0.1739,0.2828,0.2942,0.423
2021-22,2022-04-09,Real Madrid,Getafe,H,0.1112,0.2099,0.6789,0.2828,0.2942,0.423
2021-22,2022-04-09,Aston Villa,Tottenham,A,0.4108,0.2479,0.3414,0.2828,0.2942,0.423
2021-22,2022-04-09,Arsenal,Brighton,A,0.1566,0.2381,0.6053,0.2828,0.2942,0.423
2021-22,2022-04-09,Everton,Man United,H,0.5275,0.2332,0.2393,0.2828,0.2942,0.423
2021-22,2022-04-09,Mallorca,Ath Madrid,H,0.5837,0.2321,0.1842,0.2828,0.2942,0.423
2021-22,2022-04-09,Villarreal,Ath Bilbao,D,0.2145,0.2526,0.533,0.2828,0.2942,0.423
2021-22,2022-04-09,Hertha,Union Berlin,A,0.4115,0.2561,0.3324,0.2828,0.2942,0.423
2021-22,2022-04-09,Wolfsburg,Bielefeld,H,0.1878,0.281,0.5312,0.2828,0.2942,0.423
2021-22,2022-04-09,Greuther Furth,M'gladbach,A,0.6555,0.191,0.1535,0.29,0.26,0.45
2021-22,2022-04-09,FC Koln,Mainz,H,0.3466,0.2571,0.3963,0.2828,0.2942,0.423
2021-22,2022-04-09,Bayern Munich,Augsburg,H,0.0445,0.0822,0.8733,0.2828,0.2942,0.423
2021-22,2022-04-09,Watford,Leeds,A,0.384,0.2396,0.3764,0.2828,0.2942,0.423
2021-22,2022-04-09,Cadiz,Betis,A,0.4457,0.2612,0.2931,0.2828,0.2942,0.423
2021-22,2022-04-10,RB Leipzig,Hoffenheim,H,0.1762,0.1849,0.6389,0.2828,0.2942,0.423
2021-22,2022-04-10,Leicester,Crystal Palace,H,0.2214,0.2198,0.5588,0.2828,0.2942,0.423
2021-22,2022-04-10,Norwich,Burnley,H,0.4441,0.317,0.2389,0.2828,0.2942,0.423
2021-22,2022-04-10,Osasuna,Alaves,H,0.2092,0.2615,0.5292,0.2828,0.2942,0.423
2021-22,2022-04-10,Ein Frankfurt,Freiburg,A,0.323,0.2443,0.4327,0.2828,0.2942,0.423
2021-22,2022-04-10,Levante,Barcelona,A,0.6815,0.1661,0.1524,0.2828,0.2942,0.423
2021-22,2022-04-10,Brentford,West Ham,H,0.3993,0.2454,0.3553,0.2828,0.2942,0.423
2021-22,2022-04-10,Man City,Liverpool,D,0.2554,0.2441,0.5005,0.2828,0.2942,0.423
2021-22,2022-04-10,Espanol,Celta,H,0.3591,0.265,0.3759,0.2828,0.2942,0.423
2021-22,2022-04-10,Elche,Sociedad,A,0.3788,0.2913,0.3299,0.2828,0.2942,0.423
2021-22,2022-04-10,Bochum,Leverkusen,D,0.5308,0.235,0.2342,0.2828,0.2942,0.423
2021-22,2022-04-11,Vallecano,Valencia,D,0.3627,0.2722,0.3651,0.2828,0.2942,0.423
2021-22,2022-04-15,Sociedad,Betis,D,0.3273,0.2565,0.4162,0.2828,0.2942,0.423
2021-22,2022-04-16,Tottenham,Brighton,A,0.1589,0.2304,0.6107,0.2828,0.2942,0.423
2021-22,2022-04-16,Getafe,Villarreal,A,0.4603,0.2925,0.2472,0.2828,0.2942,0.423
2021-22,2022-04-16,Man United,Norwich,H,0.0664,0.1506,0.7829,0.2828,0.2942,0.423
2021-22,2022-04-16,Southampton,Arsenal,H,0.5188,0.2375,0.2437,0.2828,0.2942,0.423
2021-22,2022-04-16,Watford,Brentford,A,0.4835,0.2476,0.2689,0.2828,0.2942,0.423
2021-22,2022-04-16,Valencia,Osasuna,A,0.2394,0.2615,0.4991,0.2828,0.2942,0.423
2021-22,2022-04-16,Elche,Mallorca,H,0.2867,0.2841,0.4293,0.2828,0.2942,0.423
2021-22,2022-04-16,M'gladbach,FC Koln,A,0.2324,0.2262,0.5415,0.29,0.26,0.45
2021-22,2022-04-16,Mainz,Stuttgart,D,0.2692,0.2434,0.4874,0.2828,0.2942,0.423
2021-22,2022-04-16,Freiburg,Bochum,H,0.2363,0.2688,0.4949,0.2828,0.2942,0.423
2021-22,2022-04-16,Dortmund,Wolfsburg,H,0.1894,0.2026,0.608,0.2828,0.2942,0.423
2021-22,2022-04-16,Augsburg,Hertha,A,0.2612,0.2433,0.4955,0.2828,0.2942,0.423
2021-22,2022-04-16,Alaves,Vallecano,H,0.4281,0.2874,0.2845,0.2828,0.2942,0.423
2021-22,2022-04-17,Leverkusen,RB Leipzig,A,0.4092,0.2394,0.3513,0.2828,0.2942,0.423
2021-22,2022-04-17,Sevilla,Real Madrid,A,0.3955,0.2996,0.3049,0.2828,0.2942,0.423
2021-22,2022-04-17,Ath Bilbao,Celta,A,0.251,0.2808,0.4682,0.2828,0.2942,0.423
2021-22,2022-04-17,Ath Madrid,Espanol,H,0.1186,0.2084,0.6731,0.2828,0.2942,0.423
2021-22,2022-04-17,Union Berlin,Ein Frankfurt,H,0.3705,0.261,0.3684,0.2828,0.2942,0.423
2021-22,2022-04-17,Granada,Levante,A,0.3064,0.2292,0.4644,0.2828,0.2942,0.423
2021-22,2022-04-17,Bielefeld,Bayern Munich,A,0.7771,0.1493,0.0736,0.2828,0.2942,0.423
2021-22,2022-04-17,West Ham,Burnley,D,0.1609,0.2391,0.6,0.2828,0.2942,0.423
2021-22,2022-04-17,Newcastle,Leicester,H,0.5039,0.2349,0.2612,0.2828,0.2942,0.423
2021-22,2022-04-17,Hoffenheim,Greuther Furth,D,0.0782,0.1426,0.7792,0.29,0.26,0.45
2021-22,2022-04-18,Barcelona,Cadiz,A,0.1167,0.1888,0.6944,0.2828,0.2942,0.423
2021-22,2022-04-19,Liverpool,Man United,H,0.1999,0.2291,0.571,0.2828,0.2942,0.423
2021-22,2022-04-19,Villarreal,Valencia,H,0.2132,0.2355,0.5514,0.2828,0.2942,0.423
2021-22,2022-04-19,Mallorca,Alaves,H,0.2365,0.2657,0.4977,0.2828,0.2942,0.423
2021-22,2022-04-19,Betis,Elche,A,0.194,0.2284,0.5776,0.2828,0.2942,0.423
2021-22,2022-04-20,Man City,Brighton,H,0.0598,0.1563,0.784,0.2828,0.2942,0.423
2021-22,2022-04-20,Newcastle,Crystal Palace,H,0.3728,0.2789,0.3483,0.2828,0.2942,0.423
2021-22,2022-04-20,Everton,Leicester,D,0.4609,0.2347,0.3044,0.2828,0.2942,0.423
2021-22,2022-04-20,Chelsea,Arsenal,A,0.2308,0.2619,0.5073,0.2828,0.2942,0.423
2021-22,2022-04-20,Celta,Getafe,A,0.2687,0.2969,0.4344,0.2828,0.2942,0.423
2021-22,2022-04-20,Ath Madrid,Granada,D,0.1078,0.1784,0.7137,0.2828,0.2942,0.423
2021-22,2022-04-20,Osasuna,Real Madrid,A,0.5824,0.2475,0.1701,0.2828,0.2942,0.423
2021-22,2022-04-21,Burnley,Southampton,H,0.364,0.2772,0.3589,0.2828,0.2942,0.423
2021-22,2022-04-21,Cadiz,Ath Bilbao,A,0.4038,0.3137,0.2825,0.2828,0.2942,0.423
2021-22,2022-04-21,Levante,Sevilla,A,0.5308,0.2464,0.2228,0.2828,0.2942,0.423
2021-22,2022-04-21,Sociedad,Barcelona,A,0.4399,0.2554,0.3047,0.2828,0.2942,0.423
2021-22,2022-04-21,Espanol,Vallecano,A,0.3308,0.293,0.3762,0.2828,0.2942,0.423
2021-22,2022-04-22,Wolfsburg,Mainz,H,0.2824,0.2567,0.4609,0.2828,0.2942,0.423
2021-22,2022-04-23,RB Leipzig,Union Berlin,A,0.1399,0.2049,0.6552,0.2828,0.2942,0.423
2021-22,2022-04-23,Man City,Watford,H,0.0281,0.0793,0.8927,0.2828,0.2942,0.423
2021-22,2022-04-23,Leicester,Aston Villa,D,0.2393,0.2258,0.5349,0.2828,0.2942,0.423
2021-22,2022-04-23,Arsenal,Man United,H,0.309,0.2589,0.4321,0.2828,0.2942,0.423
2021-22,2022-04-23,Bayern Munich,Dortmund,H,0.1393,0.154,0.7066,0.2828,0.2942,0.423
2021-22,2022-04-23,Brentford,Tottenham,D,0.4377,0.2451,0.3172,0.2828,0.2942,0.423
2021-22,2022-04-23,Greuther Furth,Leverkusen,A,0.7386,0.1643,0.0971,0.29,0.26,0.45
2021-22,2022-04-23,Freiburg,M'gladbach,D,0.2888,0.2378,0.4734,0.29,0.26,0.45
2021-22,2022-04-23,Ein Frankfurt,Hoffenheim,D,0.2975,0.2237,0.4789,0.2828,0.2942,0.423
2021-22,2022-04-23,FC Koln,Bielefeld,H,0.23,0.2856,0.4844,0.2828,0.2942,0.423
2021-22,2022-04-23,Norwich,Newcastle,A,0.4205,0.2936,0.2859,0.2828,0.2942,0.423
2021-22,2022-04-24,Hertha,Stuttgart,H,0.3733,0.2475,0.3792,0.2828,0.2942,0.423
2021-22,2022-04-24,Brighton,Southampton,D,0.3204,0.2806,0.399,0.2828,0.2942,0.423
2021-22,2022-04-24,Bochum,Augsburg,A,0.2661,0.278,0.4559,0.2828,0.2942,0.423
2021-22,2022-04-24,Chelsea,West Ham,H,0.1779,0.2349,0.5872,0.2828,0.2942,0.423
2021-22,2022-04-24,Liverpool,Everton,H,0.08,0.1484,0.7716,0.2828,0.2942,0.423
2021-22,2022-04-24,Burnley,Wolves,H,0.393,0.3293,0.2777,0.2828,0.2942,0.423
2021-22,2022-04-24,Barcelona,Vallecano,A,0.1504,0.207,0.6426,0.2828,0.2942,0.423
2021-22,2022-04-25,Crystal Palace,Leeds,D,0.2505,0.2395,0.51,0.2828,0.2942,0.423
2021-22,2022-04-28,Man United,Chelsea,D,0.3872,0.2724,0.3404,0.2828,0.2942,0.423
2021-22,2022-04-29,Sevilla,Cadiz,D,0.1622,0.2643,0.5735,0.2828,0.2942,0.423
2021-22,2022-04-29,Union Berlin,Greuther Furth,D,0.1013,0.2085,0.6901,0.29,0.26,0.45
2021-22,2022-04-30,Valencia,Levante,D,0.2285,0.2195,0.5519,0.2828,0.2942,0.423
2021-22,2022-04-30,Ath Bilbao,Ath Madrid,H,0.4445,0.2958,0.2597,0.2828,0.2942,0.423
2021-22,2022-04-30,Watford,Burnley,A,0.364,0.2913,0.3447,0.2828,0.2942,0.423
2021-22,2022-04-30,Stuttgart,Wolfsburg,D,0.3805,0.2609,0.3586,0.2828,0.2942,0.423
2021-22,2022-04-30,Leeds,Man City,A,0.7424,0.1603,0.0973,0.2828,0.2942,0.423
2021-22,2022-04-30,Aston Villa,Norwich,H,0.1377,0.2389,0.6233,0.2828,0.2942,0.423
2021-22,2022-04-30,Southampton,Crystal Palace,A,0.3371,0.2697,0.3932,0.2828,0.2942,0.423
2021-22,2022-04-30,Real Madrid,Espanol,H,0.0966,0.1785,0.7249,0.2828,0.2942,0.423
2021-22,2022-04-30,Mainz,Bayern Munich,H,0.7481,0.1489,0.103,0.2828,0.2942,0.423
2021-22,2022-04-30,Hoffenheim,Freiburg,A,0.342,0.2417,0.4163,0.2828,0.2942,0.423
2021-22,2022-04-30,Dortmund,Bochum,A,0.1374,0.1947,0.6679,0.2828,0.2942,0.423
2021-22,2022-04-30,Bielefeld,Hertha,D,0.3511,0.2982,0.3507,0.2828,0.2942,0.423
2021-22,2022-04-30,Augsburg,FC Koln,A,0.3341,0.2662,0.3997,0.2828,0.2942,0.423
2021-22,2022-04-30,Wolves,Brighton,A,0.2288,0.3255,0.4458,0.2828,0.2942,0.423
2021-22,2022-04-30,Newcastle,Liverpool,A,0.6616,0.2067,0.1317,0.2828,0.2942,0.423
2021-22,2022-04-30,Alaves,Villarreal,H,0.6285,0.22,0.1514,0.2828,0.2942,0.423
2021-22,2022-05-01,West Ham,Arsenal,A,0.4002,0.2679,0.3319,0.2828,0.2942,0.423
2021-22,2022-05-01,Everton,Chelsea,H,0.6071,0.2295,0.1634,0.2828,0.2942,0.423
2021-22,2022-05-01,Vallecano,Sociedad,D,0.3339,0.3123,0.3537,0.2828,0.2942,0.423
2021-22,2022-05-01,Tottenham,Leicester,H,0.2602,0.2239,0.5159,0.2828,0.2942,0.423
2021-22,2022-05-01,Barcelona,Mallorca,H,0.1136,0.1749,0.7115,0.2828,0.2942,0.423
2021-22,2022-05-01,Elche,Osasuna,D,0.3086,0.2989,0.3925,0.2828,0.2942,0.423
2021-22,2022-05-01,Granada,Celta,D,0.39,0.2616,0.3485,0.2828,0.2942,0.423
2021-22,2022-05-02,Man United,Brentford,H,0.2167,0.2276,0.5557,0.2828,0.2942,0.423
2021-22,2022-05-02,M'gladbach,RB Leipzig,H,0.5498,0.2198,0.2304,0.29,0.26,0.45
2021-22,2022-05-02,Leverkusen,Ein Frankfurt,H,0.2358,0.2135,0.5507,0.2828,0.2942,0.423
2021-22,2022-05-02,Getafe,Betis,D,0.3963,0.2857,0.3181,0.2828,0.2942,0.423
2021-22,2022-05-06,Bochum,Bielefeld,H,0.2281,0.324,0.448,0.2828,0.2942,0.423
2021-22,2022-05-06,Levante,Sociedad,H,0.4326,0.2559,0.3116,0.2828,0.2942,0.423
2021-22,2022-05-07,Celta,Alaves,H,0.1962,0.2483,0.5555,0.2828,0.2942,0.423
2021-22,2022-05-07,Liverpool,Tottenham,D,0.2008,0.2272,0.572,0.2828,0.2942,0.423
2021-22,2022-05-07,Crystal Palace,Watford,H,0.2118,0.2529,0.5353,0.2828,0.2942,0.423
2021-22,2022-05-07,Burnley,Aston Villa,A,0.3898,0.2996,0.3106,0.2828,0.2942,0.423
2021-22,2022-05-07,Betis,Barcelona,A,0.4568,0.233,0.3102,0.2828,0.2942,0.423
2021-22,2022-05-07,Brighton,Man United,H,0.5023,0.267,0.2307,0.2828,0.2942,0.423
2021-22,2022-05-07,Brentford,Southampton,H,0.2385,0.2343,0.5272,0.2828,0.2942,0.423
2021-22,2022-05-07,Chelsea,Wolves,D,0.1568,0.265,0.5782,0.2828,0.2942,0.423
2021-22,2022-05-07,Mallorca,Granada,A,0.3132,0.2621,0.4246,0.2828,0.2942,0.423
2021-22,2022-05-07,Ath Bilbao,Valencia,D,0.2932,0.2852,0.4216,0.2828,0.2942,0.423
2021-22,2022-05-07,FC Koln,Wolfsburg,A,0.365,0.2634,0.3716,0.2828,0.2942,0.423
2021-22,2022-05-07,Freiburg,Union Berlin,A,0.2737,0.2638,0.4625,0.2828,0.2942,0.423
2021-22,2022-05-07,Cadiz,Elche,H,0.3227,0.3079,0.3695,0.2828,0.2942,0.423
2021-22,2022-05-07,Greuther Furth,Dortmund,A,0.7805,0.1431,0.0764,0.29,0.26,0.45
2021-22,2022-05-07,Hoffenheim,Leverkusen,A,0.4425,0.2253,0.3322,0.2828,0.2942,0.423
2021-22,2022-05-07,Hertha,Mainz,A,0.3916,0.2555,0.353,0.2828,0.2942,0.423
2021-22,2022-05-08,RB Leipzig,Augsburg,H,0.1086,0.1758,0.7156,0.2828,0.2942,0.423
2021-22,2022-05-08,Norwich,West Ham,A,0.5914,0.2485,0.1601,0.2828,0.2942,0.423
2021-22,2022-05-08,Leicester,Everton,A,0.1974,0.2168,0.5858,0.2828,0.2942,0.423
2021-22,2022-05-08,Ath Madrid,Real Madrid,H,0.3688,0.2793,0.3518,0.2828,0.2942,0.423
2021-22,2022-05-08,Espanol,Osasuna,D,0.3239,0.2938,0.3823,0.2828,0.2942,0.423
2021-22,2022-05-08,Arsenal,Leeds,H,0.1389,0.1906,0.6705,0.2828,0.2942,0.423
2021-22,2022-05-08,Getafe,Vallecano,D,0.3086,0.3319,0.3595,0.2828,0.2942,0.423
2021-22,2022-05-08,Man City,Newcastle,H,0.0582,0.132,0.8098,0.2828,0.2942,0.423
2021-22,2022-05-08,Bayern Munich,Stuttgart,D,0.0501,0.0953,0.8546,0.2828,0.2942,0.423
2021-22,2022-05-08,Ein Frankfurt,M'gladbach,D,0.2877,0.2261,0.4862,0.29,0.26,0.45
2021-22,2022-05-08,Villarreal,Sevilla,D,0.2836,0.2821,0.4343,0.2828,0.2942,0.423
2021-22,2022-05-10,Valencia,Betis,A,0.3675,0.2512,0.3814,0.2828,0.2942,0.423
2021-22,2022-05-10,Granada,Ath Bilbao,H,0.4263,0.2777,0.2961,0.2828,0.2942,0.423
2021-22,2022-05-10,Barcelona,Celta,H,0.1552,0.2005,0.6443,0.2828,0.2942,0.423
2021-22,2022-05-10,Aston Villa,Liverpool,A,0.5829,0.2365,0.1806,0.2828,0.2942,0.423
2021-22,2022-05-11,Watford,Everton,D,0.4105,0.2642,0.3252,0.2828,0.2942,0.423
2021-22,2022-05-11,Wolves,Man City,A,0.5844,0.2577,0.1578,0.2828,0.2942,0.423
2021-22,2022-05-11,Leeds,Chelsea,A,0.6321,0.2102,0.1577,0.2828,0.2942,0.423
2021-22,2022-05-11,Leicester,Norwich,H,0.0965,0.1767,0.7268,0.2828,0.2942,0.423
2021-22,2022-05-11,Osasuna,Getafe,D,0.3017,0.3191,0.3792,0.2828,0.2942,0.423
2021-22,2022-05-11,Alaves,Espanol,H,0.3982,0.2876,0.3142,0.2828,0.2942,0.423
2021-22,2022-05-11,Sevilla,Mallorca,D,0.1516,0.2398,0.6086,0.2828,0.2942,0.423
2021-22,2022-05-11,Elche,Ath Madrid,A,0.525,0.271,0.2041,0.2828,0.2942,0.423
2021-22,2022-05-12,Vallecano,Villarreal,A,0.465,0.2802,0.2548,0.2828,0.2942,0.423
2021-22,2022-05-12,Sociedad,Cadiz,H,0.2255,0.2903,0.4842,0.2828,0.2942,0.423
2021-22,2022-05-12,Real Madrid,Levante,H,0.0749,0.1277,0.7975,0.2828,0.2942,0.423
2021-22,2022-05-12,Tottenham,Arsenal,H,0.3348,0.2551,0.4102,0.2828,0.2942,0.423
2021-22,2022-05-14,Espanol,Valencia,D,0.3853,0.2989,0.3158,0.2828,0.2942,0.423
2021-22,2022-05-14,Union Berlin,Bochum,H,0.262,0.3023,0.4357,0.2828,0.2942,0.423
2021-22,2022-05-14,Wolfsburg,Bayern Munich,D,0.6469,0.2062,0.1469,0.2828,0.2942,0.423
2021-22,2022-05-14,M'gladbach,Hoffenheim,H,0.3304,0.2346,0.435,0.29,0.26,0.45
2021-22,2022-05-14,Bielefeld,RB Leipzig,D,0.6398,0.2395,0.1207,0.2828,0.2942,0.423
2021-22,2022-05-14,Augsburg,Greuther Furth,H,0.1673,0.2697,0.563,0.29,0.26,0.45
2021-22,2022-05-14,Stuttgart,FC Koln,H,0.3288,0.2865,0.3847,0.2828,0.2942,0.423
2021-22,2022-05-14,Dortmund,Hertha,H,0.0966,0.1518,0.7516,0.2828,0.2942,0.423
2021-22,2022-05-14,Leverkusen,Freiburg,H,0.2323,0.2366,0.531,0.2828,0.2942,0.423
2021-22,2022-05-14,Mainz,Ein Frankfurt,D,0.3934,0.2769,0.3297,0.2828,0.2942,0.423
2021-22,2022-05-15,Mallorca,Vallecano,H,0.366,0.3151,0.3188,0.2828,0.2942,0.423
2021-22,2022-05-15,Ath Bilbao,Osasuna,H,0.2256,0.3248,0.4496,0.2828,0.2942,0.423
2021-22,2022-05-15,Betis,Granada,H,0.1915,0.2251,0.5834,0.2828,0.2942,0.423
2021-22,2022-05-15,Celta,Elche,H,0.2435,0.2956,0.4609,0.2828,0.2942,0.423
2021-22,2022-05-15,Getafe,Barcelona,D,0.5053,0.2895,0.2052,0.2828,0.2942,0.423
2021-22,2022-05-15,Levante,Alaves,H,0.2306,0.2472,0.5222,0.2828,0.2942,0.423
2021-22,2022-05-15,Villarreal,Sociedad,A,0.2183,0.2842,0.4975,0.2828,0.2942,0.423
2021-22,2022-05-15,Ath Madrid,Sevilla,D,0.2386,0.3205,0.4409,0.2828,0.2942,0.423
2021-22,2022-05-15,Aston Villa,Crystal Palace,D,0.2635,0.3045,0.432,0.2828,0.2942,0.423
2021-22,2022-05-15,Tottenham,Burnley,H,0.1211,0.2286,0.6502,0.2828,0.2942,0.423
2021-22,2022-05-15,Everton,Brentford,A,0.356,0.299,0.345,0.2828,0.2942,0.423
2021-22,2022-05-15,Wolves,Norwich,D,0.1166,0.2651,0.6182,0.2828,0.2942,0.423
2021-22,2022-05-15,Cadiz,Real Madrid,D,0.6277,0.2428,0.1295,0.2828,0.2942,0.423
2021-22,2022-05-15,West Ham,Man City,D,0.6003,0.2403,0.1594,0.2828,0.2942,0.423
2021-22,2022-05-15,Leeds,Brighton,D,0.3736,0.3035,0.323,0.2828,0.2942,0.423
2021-22,2022-05-15,Watford,Leicester,A,0.5861,0.226,0.188,0.2828,0.2942,0.423
2021-22,2022-05-16,Newcastle,Arsenal,H,0.5594,0.2596,0.1809,0.2828,0.2942,0.423
2021-22,2022-05-17,Southampton,Liverpool,A,0.7024,0.1902,0.1074,0.2828,0.2942,0.423
2021-22,2022-05-19,Aston Villa,Burnley,D,0.2073,0.2999,0.4928,0.2828,0.2942,0.423
2021-22,2022-05-19,Everton,Crystal Palace,H,0.3133,0.3113,0.3754,0.2828,0.2942,0.423
2021-22,2022-05-19,Chelsea,Leicester,D,0.1645,0.233,0.6024,0.2828,0.2942,0.423
2021-22,2022-05-20,Vallecano,Levante,A,0.2615,0.2703,0.4681,0.2828,0.2942,0.423
2021-22,2022-05-20,Real Madrid,Betis,D,0.1483,0.2198,0.6319,0.2828,0.2942,0.423
2021-22,2022-05-21,Valencia,Celta,H,0.3018,0.286,0.4122,0.2828,0.2942,0.423
2021-22,2022-05-22,Leicester,Southampton,H,0.195,0.2209,0.5842,0.2828,0.2942,0.423
2021-22,2022-05-22,Crystal Palace,Man United,H,0.4789,0.2784,0.2426,0.2828,0.2942,0.423
2021-22,2022-05-22,Osasuna,Mallorca,A,0.2512,0.3009,0.4479,0.2828,0.2942,0.423
2021-22,2022-05-22,Burnley,Newcastle,A,0.3005,0.3254,0.3741,0.2828,0.2942,0.423
2021-22,2022-05-22,Liverpool,Wolves,H,0.0963,0.2246,0.6791,0.2828,0.2942,0.423
2021-22,2022-05-22,Brentford,Leeds,A,0.2013,0.2463,0.5524,0.2828,0.2942,0.423
2021-22,2022-05-22,Arsenal,Everton,H,0.146,0.2357,0.6183,0.2828,0.2942,0.423
2021-22,2022-05-22,Chelsea,Watford,H,0.0526,0.1416,0.8058,0.2828,0.2942,0.423
2021-22,2022-05-22,Sevilla,Ath Bilbao,H,0.2152,0.3292,0.4556,0.2828,0.2942,0.423
2021-22,2022-05-22,Sociedad,Ath Madrid,A,0.4387,0.3135,0.2479,0.2828,0.2942,0.423
2021-22,2022-05-22,Norwich,Tottenham,A,0.7329,0.1837,0.0835,0.2828,0.2942,0.423
2021-22,2022-05-22,Elche,Getafe,H,0.3088,0.354,0.3372,0.2828,0.2942,0.423
2021-22,2022-05-22,Alaves,Cadiz,A,0.3848,0.3171,0.298,0.2828,0.2942,0.423
2021-22,2022-05-22,Brighton,West Ham,H,0.4008,0.3172,0.282,0.2828,0.2942,0.423
2021-22,2022-05-22,Granada,Espanol,D,0.2933,0.2813,0.4253,0.2828,0.2942,0.423
2021-22,2022-05-22,Man City,Aston Villa,H,0.0746,0.172,0.7534,0.2828,0.2942,0.423
2021-22,2022-05-22,Barcelona,Villarreal,A,0.2794,0.2627,0.4579,0.2828,0.2942,0.423
2022-23,2022-08-05,Crystal Palace,Arsenal,A,0.4505,0.262,0.2875,0.2828,0.2942,0.423
2022-23,2022-08-05,Ein Frankfurt,Bayern Munich,A,0.6153,0.1914,0.1933,0.2828,0.2942,0.423
2022-23,2022-08-06,Union Berlin,Hertha,H,0.2111,0.2302,0.5587,0.2828,0.2942,0.423
2022-23,2022-08-06,Bochum,Mainz,A,0.3433,0.2578,0.3989,0.2828,0.2942,0.423
2022-23,2022-08-06,Wolfsburg,Werder Bremen,D,0.246,0.2435,0.5105,0.2828,0.2942,0.423
2022-23,2022-08-06,Augsburg,Freiburg,A,0.4617,0.2419,0.2964,0.2828,0.2942,0.423
2022-23,2022-08-06,Dortmund,Leverkusen,H,0.2951,0.2076,0.4973,0.2828,0.2942,0.423
2022-23,2022-08-06,M'gladbach,Hoffenheim,H,0.2967,0.2037,0.4997,0.29,0.26,0.45
2022-23,2022-08-06,Bournemouth,Aston Villa,H,0.4119,0.2511,0.337,0.29,0.26,0.45
2022-23,2022-08-06,Newcastle,Nott'm Forest,H,0.29,0.26,0.45,0.29,0.26,0.45
2022-23,2022-08-06,Tottenham,Southampton,H,0.1931,0.201,0.6059,0.2828,0.2942,0.423
2022-23,2022-08-06,Fulham,Liverpool,D,0.765,0.1721,0.0628,0.2828,0.2942,0.423
2022-23,2022-08-06,Everton,Chelsea,A,0.5607,0.2373,0.202,0.2828,0.2942,0.423
2022-23,2022-08-06,Leeds,Wolves,H,0.4139,0.2665,0.3196,0.2828,0.2942,0.423
2022-23,2022-08-07,FC Koln,Schalke 04,H,0.183,0.2223,0.5947,0.2828,0.2942,0.423
2022-23,2022-08-07,Man United,Brighton,A,0.2141,0.2526,0.5333,0.2828,0.2942,0.423
2022-23,2022-08-07,Stuttgart,RB Leipzig,D,0.5949,0.2138,0.1914,0.2828,0.2942,0.423
2022-23,2022-08-07,West Ham,Man City,A,0.6336,0.2032,0.1632,0.2828,0.2942,0.423
2022-23,2022-08-07,Leicester,Brentford,D,0.2777,0.2366,0.4856,0.2828,0.2942,0.423
2022-23,2022-08-12,Freiburg,Dortmund,A,0.4219,0.2179,0.3602,0.2828,0.2942,0.423
2022-23,2022-08-12,Osasuna,Sevilla,H,0.4969,0.2801,0.2229,0.2828,0.2942,0.423
2022-23,2022-08-13,Schalke 04,M'gladbach,D,0.6077,0.2036,0.1887,0.29,0.26,0.45
2022-23,2022-08-13,Brighton,Newcastle,D,0.2746,0.283,0.4424,0.2828,0.2942,0.423
2022-23,2022-08-13,Brentford,Man United,H,0.457,0.2463,0.2966,0.2828,0.2942,0.423
2022-23,2022-08-13,Wolves,Fulham,D,0.1672,0.3198,0.513,0.2828,0.2942,0.423
2022-23,2022-08-13,Southampton,Leeds,D,0.2522,0.2118,0.5361,0.2828,0.2942,0.423
2022-23,2022-08-13,Man City,Bournemouth,H,0.0559,0.1114,0.8326,0.29,0.26,0.45
2022-23,2022-08-13,Valladolid,Villarreal,A,0.5098,0.2563,0.2339,0.2828,0.2942,0.423
2022-23,2022-08-13,Hoffenheim,Bochum,H,0.2901,0.2292,0.4807,0.2828,0.2942,0.423
2022-23,2022-08-13,Werder Bremen,Stuttgart,D,0.3142,0.255,0.4308,0.2828,0.2942,0.423
2022-23,2022-08-13,RB Leipzig,FC Koln,D,0.1445,0.1867,0.6688,0.2828,0.2942,0.423
2022-23,2022-08-13,Arsenal,Leicester,H,0.246,0.2298,0.5243,0.2828,0.2942,0.423
2022-23,2022-08-13,Aston Villa,Everton,H,0.2841,0.2407,0.4752,0.2828,0.2942,0.423
2022-23,2022-08-13,Barcelona,Vallecano,D,0.1457,0.1963,0.658,0.2828,0.2942,0.423
2022-23,2022-08-13,Hertha,Ein Frankfurt,D,0.4857,0.2384,0.2759,0.2828,0.2942,0.423
2022-23,2022-08-13,Celta,Espanol,D,0.228,0.2444,0.5275,0.2828,0.2942,0.423
2022-23,2022-08-13,Leverkusen,Augsburg,A,0.1813,0.2033,0.6154,0.2828,0.2942,0.423
2022-23,2022-08-14,Chelsea,Tottenham,D,0.2328,0.2487,0.5185,0.2828,0.2942,0.423
2022-23,2022-08-14,Cadiz,Sociedad,A,0.4423,0.2826,0.2751,0.2828,0.2942,0.423
2022-23,2022-08-14,Nott'm Forest,West Ham,H,0.29,0.26,0.45,0.29,0.26,0.45
2022-23,2022-08-14,Valencia,Girona,H,0.1693,0.2284,0.6023,0.29,0.26,0.45
2022-23,2022-08-14,Bayern Munich,Wolfsburg,H,0.1112,0.1507,0.7381,0.2828,0.2942,0.423
2022-23,2022-08-14,Mainz,Union Berlin,D,0.3631,0.2567,0.3803,0.2828,0.2942,0.423
2022-23,2022-08-14,Almeria,Real Madrid,A,0.7708,0.1522,0.077,0.29,0.26,0.45
2022-23,2022-08-15,Getafe,Ath Madrid,A,0.4989,0.2992,0.2019,0.2828,0.2942,0.423
2022-23,2022-08-15,Betis,Elche,H,0.2025,0.2363,0.5612,0.2828,0.2942,0.423
2022-23,2022-08-15,Liverpool,Crystal Palace,D,0.0843,0.1567,0.759,0.2828,0.2942,0.423
2022-23,2022-08-15,Ath Bilbao,Mallorca,D,0.1709,0.2384,0.5907,0.2828,0.2942,0.423
2022-23,2022-08-19,Espanol,Vallecano,A,0.3382,0.3039,0.3579,0.2828,0.2942,0.423
2022-23,2022-08-19,M'gladbach,Hertha,H,0.1771,0.1961,0.6268,0.29,0.26,0.45
2022-23,2022-08-19,Sevilla,Valladolid,D,0.1296,0.2497,0.6207,0.2828,0.2942,0.423
2022-23,2022-08-20,Leverkusen,Hoffenheim,A,0.2232,0.1961,0.5807,0.2828,0.2942,0.423
2022-23,2022-08-20,Fulham,Brentford,H,0.5282,0.2919,0.1799,0.2828,0.2942,0.423
2022-23,2022-08-20,Stuttgart,Freiburg,A,0.4409,0.2543,0.3047,0.2828,0.2942,0.423
2022-23,2022-08-20,Bournemouth,Arsenal,A,0.6332,0.2084,0.1585,0.2828,0.2942,0.423
2022-23,2022-08-20,Celta,Real Madrid,A,0.6279,0.217,0.155,0.2828,0.2942,0.423
2022-23,2022-08-20,Augsburg,Mainz,A,0.393,0.2683,0.3387,0.2828,0.2942,0.423
2022-23,2022-08-20,Leicester,Southampton,A,0.187,0.1935,0.6195,0.2828,0.2942,0.423
2022-23,2022-08-20,Osasuna,Cadiz,H,0.2951,0.3078,0.3971,0.2828,0.2942,0.423
2022-23,2022-08-20,Wolfsburg,Schalke 04,D,0.1853,0.2389,0.5758,0.2828,0.2942,0.423
2022-23,2022-08-20,Union Berlin,RB Leipzig,H,0.4885,0.2532,0.2583,0.2828,0.2942,0.423
2022-23,2022-08-20,Crystal Palace,Aston Villa,H,0.3448,0.2926,0.3627,0.2828,0.2942,0.423
2022-23,2022-08-20,Tottenham,Wolves,H,0.1709,0.2448,0.5843,0.2828,0.2942,0.423
2022-23,2022-08-20,Dortmund,Werder Bremen,A,0.1519,0.1831,0.665,0.2828,0.2942,0.423
2022-23,2022-08-20,Mallorca,Betis,A,0.5159,0.2457,0.2384,0.2828,0.2942,0.423
2022-23,2022-08-20,Everton,Nott'm Forest,D,0.18,0.292,0.528,0.29,0.26,0.45
2022-23,2022-08-21,Bochum,Bayern Munich,A,0.7175,0.1646,0.1179,0.2828,0.2942,0.423
2022-23,2022-08-21,Newcastle,Man City,D,0.7546,0.1624,0.083,0.2828,0.2942,0.423
2022-23,2022-08-21,Ein Frankfurt,FC Koln,D,0.2614,0.2414,0.4973,0.2828,0.2942,0.423
2022-23,2022-08-21,West Ham,Brighton,A,0.2435,0.2865,0.47,0.2828,0.2942,0.423
2022-23,2022-08-21,Ath Bilbao,Valencia,H,0.2899,0.3013,0.4087,0.2828,0.2942,0.423
2022-23,2022-08-21,Sociedad,Barcelona,A,0.4803,0.257,0.2627,0.2828,0.2942,0.423
2022-23,2022-08-21,Ath Madrid,Villarreal,A,0.2825,0.2696,0.4479,0.2828,0.2942,0.423
2022-23,2022-08-21,Leeds,Chelsea,H,0.6804,0.1924,0.1273,0.2828,0.2942,0.423
2022-23,2022-08-22,Elche,Almeria,D,0.2343,0.2826,0.4831,0.2828,0.2942,0.423
2022-23,2022-08-22,Girona,Getafe,H,0.4084,0.3503,0.2413,0.2828,0.2942,0.423
2022-23,2022-08-22,Man United,Liverpool,H,0.5289,0.2389,0.2322,0.2828,0.2942,0.423
2022-23,2022-08-26,Freiburg,Bochum,H,0.2429,0.2431,0.514,0.2828,0.2942,0.423
2022-23,2022-08-26,Girona,Celta,A,0.4928,0.2896,0.2176,0.2828,0.2942,0.423
2022-23,2022-08-26,Betis,Osasuna,H,0.1988,0.2428,0.5584,0.2828,0.2942,0.423
2022-23,2022-08-27,Schalke 04,Union Berlin,A,0.5026,0.2636,0.2338,0.2828,0.2942,0.423
2022-23,2022-08-27,Elche,Sociedad,A,0.4239,0.2984,0.2777,0.2828,0.2942,0.423
2022-23,2022-08-27,Brentford,Everton,D,0.2383,0.2452,0.5165,0.2828,0.2942,0.423
2022-23,2022-08-27,Hoffenheim,Augsburg,H,0.2365,0.2189,0.5446,0.2828,0.2942,0.423
2022-23,2022-08-27,Southampton,Man United,A,0.5505,0.2208,0.2287,0.2828,0.2942,0.423
2022-23,2022-08-27,Mainz,Leverkusen,A,0.4833,0.2393,0.2773,0.2828,0.2942,0.423
2022-23,2022-08-27,RB Leipzig,Wolfsburg,H,0.1748,0.2174,0.6078,0.2828,0.2942,0.423
2022-23,2022-08-27,Bayern Munich,M'gladbach,D,0.1009,0.1325,0.7666,0.29,0.26,0.45
2022-23,2022-08-27,Man City,Crystal Palace,H,0.0675,0.149,0.7835,0.2828,0.2942,0.423
2022-23,2022-08-27,Vallecano,Mallorca,A,0.2814,0.2905,0.4281,0.2828,0.2942,0.423
2022-23,2022-08-27,Brighton,Leeds,H,0.2574,0.2717,0.4709,0.2828,0.2942,0.423
2022-23,2022-08-27,Arsenal,Fulham,H,0.0794,0.2049,0.7157,0.2828,0.2942,0.423
2022-23,2022-08-27,Liverpool,Bournemouth,H,0.053,0.1182,0.8289,0.2828,0.2942,0.423
2022-23,2022-08-27,Chelsea,Leicester,H,0.1795,0.2142,0.6063,0.2828,0.2942,0.423
2022-23,2022-08-27,Almeria,Sevilla,H,0.5914,0.2545,0.1541,0.2828,0.2942,0.423
2022-23,2022-08-27,Hertha,Dortmund,A,0.6747,0.1758,0.1495,0.2828,0.2942,0.423
2022-23,2022-08-28,FC Koln,Stuttgart,D,0.3166,0.2612,0.4222,0.2828,0.2942,0.423
2022-23,2022-08-28,Wolves,Newcastle,D,0.2648,0.3083,0.427,0.2828,0.2942,0.423
2022-23,2022-08-28,Aston Villa,West Ham,A,0.3809,0.2739,0.3452,0.2828,0.2942,0.423
2022-23,2022-08-28,Espanol,Real Madrid,A,0.6831,0.2008,0.1161,0.2828,0.2942,0.423
2022-23,2022-08-28,Getafe,Villarreal,D,0.5183,0.2769,0.2048,0.2828,0.2942,0.423
2022-23,2022-08-28,Werder Bremen,Ein Frankfurt,A,0.403,0.2581,0.3389,0.2828,0.2942,0.423
2022-23,2022-08-28,Nott'm Forest,Tottenham,A,0.6814,0.2166,0.102,0.29,0.26,0.45
2022-23,2022-08-28,Barcelona,Valladolid,H,0.0874,0.1662,0.7464,0.2828,0.2942,0.423
2022-23,2022-08-29,Cadiz,Ath Bilbao,A,0.3867,0.3265,0.2869,0.2828,0.2942,0.423
2022-23,2022-08-29,Valencia,Ath Madrid,A,0.5128,0.2644,0.2228,0.2828,0.2942,0.423
2022-23,2022-08-30,Leeds,Everton,D,0.3601,0.2527,0.3872,0.2828,0.2942,0.423
2022-23,2022-08-30,Southampton,Chelsea,H,0.6643,0.1998,0.1359,0.2828,0.2942,0.423
2022-23,2022-08-30,Crystal Palace,Brentford,D,0.3798,0.2806,0.3396,0.2828,0.2942,0.423
2022-23,2022-08-30,Fulham,Brighton,H,0.4377,0.3555,0.2068,0.2828,0.2942,0.423
2022-23,2022-08-31,Liverpool,Newcastle,H,0.0758,0.1596,0.7646,0.2828,0.2942,0.423
2022-23,2022-08-31,West Ham,Tottenham,D,0.4427,0.2521,0.3052,0.2828,0.2942,0.423
2022-23,2022-08-31,Bournemouth,Wolves,D,0.4102,0.2941,0.2957,0.2828,0.2942,0.423
2022-23,2022-08-31,Arsenal,Aston Villa,H,0.188,0.2342,0.5778,0.2828,0.2942,0.423
2022-23,2022-08-31,Man City,Nott'm Forest,H,0.0264,0.1025,0.8711,0.29,0.26,0.45
2022-23,2022-09-01,Leicester,Man United,A,0.3787,0.2324,0.3889,0.2828,0.2942,0.423
2022-23,2022-09-02,Dortmund,Hoffenheim,H,0.2173,0.1895,0.5933,0.2828,0.2942,0.423
2022-23,2022-09-02,Celta,Cadiz,H,0.2363,0.2679,0.4958,0.2828,0.2942,0.423
2022-23,2022-09-03,Stuttgart,Schalke 04,D,0.2028,0.2411,0.5561,0.2828,0.2942,0.423
2022-23,2022-09-03,Leverkusen,Freiburg,A,0.2946,0.2364,0.469,0.2828,0.2942,0.423
2022-23,2022-09-03,Bochum,Werder Bremen,A,0.3435,0.2578,0.3986,0.2828,0.2942,0.423
2022-23,2022-09-03,Mallorca,Girona,D,0.2549,0.2904,0.4546,0.2828,0.2942,0.423
2022-23,2022-09-03,Chelsea,West Ham,H,0.1937,0.2514,0.5549,0.2828,0.2942,0.423
2022-23,2022-09-03,Union Berlin,Bayern Munich,D,0.6399,0.1924,0.1677,0.2828,0.2942,0.423
2022-23,2022-09-03,Brentford,Leeds,H,0.2312,0.2312,0.5377,0.2828,0.2942,0.423
2022-23,2022-09-03,Aston Villa,Man City,D,0.7126,0.1742,0.1133,0.2828,0.2942,0.423
2022-23,2022-09-03,Wolves,Southampton,H,0.2973,0.2849,0.4178,0.2828,0.2942,0.423
2022-23,2022-09-03,Nott'm Forest,Bournemouth,A,0.6072,0.2578,0.1351,0.29,0.26,0.45
2022-23,2022-09-03,Newcastle,Crystal Palace,D,0.3586,0.2873,0.3542,0.2828,0.2942,0.423
2022-23,2022-09-03,Tottenham,Fulham,H,0.1315,0.2224,0.6461,0.2828,0.2942,0.423
2022-23,2022-09-03,Everton,Liverpool,D,0.6989,0.1857,0.1154,0.2828,0.2942,0.423
2022-23,2022-09-03,Sevilla,Barcelona,A,0.3761,0.276,0.3479,0.2828,0.2942,0.423
2022-23,2022-09-03,Sociedad,Ath Madrid,D,0.4481,0.2894,0.2625,0.2828,0.2942,0.423
2022-23,2022-09-03,Real Madrid,Betis,H,0.1657,0.2174,0.6169,0.2828,0.2942,0.423
2022-23,2022-09-03,Ein Frankfurt,RB Leipzig,H,0.4728,0.2403,0.2869,0.2828,0.2942,0.423
2022-23,2022-09-03,Wolfsburg,FC Koln,A,0.2847,0.2641,0.4513,0.2828,0.2942,0.423
2022-23,2022-09-04,Augsburg,Hertha,A,0.291,0.2646,0.4444,0.2828,0.2942,0.423
2022-23,2022-09-04,Man United,Arsenal,H,0.3625,0.2571,0.3804,0.2828,0.2942,0.423
2022-23,2022-09-04,Osasuna,Vallecano,H,0.3112,0.3071,0.3817,0.2828,0.2942,0.423
2022-23,2022-09-04,M'gladbach,Mainz,A,0.255,0.2314,0.5136,0.29,0.26,0.45
2022-23,2022-09-04,Villarreal,Elche,H,0.1382,0.224,0.6377,0.2828,0.2942,0.423
2022-23,2022-09-04,Valencia,Getafe,H,0.2485,0.3022,0.4493,0.2828,0.2942,0.423
2022-23,2022-09-04,Brighton,Leicester,H,0.3623,0.28,0.3577,0.2828,0.2942,0.423
2022-23,2022-09-04,Ath Bilbao,Espanol,A,0.184,0.2718,0.5442,0.2828,0.2942,0.423
2022-23,2022-09-05,Valladolid,Almeria,H,0.3696,0.2864,0.344,0.2828,0.2942,0.423
2022-23,2022-09-09,Werder Bremen,Augsburg,A,0.2808,0.2547,0.4645,0.2828,0.2942,0.423
2022-23,2022-09-09,Girona,Valladolid,H,0.3191,0.3191,0.3618,0.2828,0.2942,0.423
2022-23,2022-09-10,Cadiz,Barcelona,A,0.6119,0.224,0.1641,0.2828,0.2942,0.423
2022-23,2022-09-10,Hertha,Leverkusen,D,0.5651,0.2236,0.2114,0.2828,0.2942,0.423
2022-23,2022-09-10,Ath Madrid,Celta,H,0.1552,0.2276,0.6172,0.2828,0.2942,0.423
2022-23,2022-09-10,Vallecano,Valencia,H,0.3553,0.2934,0.3513,0.2828,0.2942,0.423
2022-23,2022-09-10,Espanol,Sevilla,A,0.5184,0.2745,0.2071,0.2828,0.2942,0.423
2022-23,2022-09-10,RB Leipzig,Dortmund,H,0.2933,0.2256,0.4811,0.2828,0.2942,0.423
2022-23,2022-09-10,Schalke 04,Bochum,H,0.452,0.2587,0.2893,0.2828,0.2942,0.423
2022-23,2022-09-10,Hoffenheim,Mainz,H,0.2832,0.2326,0.4842,0.2828,0.2942,0.423
2022-23,2022-09-10,Ein Frankfurt,Wolfsburg,A,0.2925,0.2538,0.4537,0.2828,0.2942,0.423
2022-23,2022-09-10,Bayern Munich,Stuttgart,D,0.0574,0.1081,0.8345,0.2828,0.2942,0.423
2022-23,2022-09-11,Betis,Villarreal,H,0.3874,0.2631,0.3495,0.2828,0.2942,0.423
2022-23,2022-09-11,Getafe,Sociedad,H,0.3939,0.3215,0.2846,0.2828,0.2942,0.423
2022-23,2022-09-11,Elche,Ath Bilbao,A,0.433,0.3095,0.2575,0.2828,0.2942,0.423
2022-23,2022-09-11,Real Madrid,Mallorca,H,0.0783,0.1575,0.7642,0.2828,0.2942,0.423
2022-23,2022-09-11,Freiburg,M'gladbach,D,0.3156,0.235,0.4494,0.29,0.26,0.45
2022-23,2022-09-11,FC Koln,Union Berlin,A,0.4099,0.264,0.3261,0.2828,0.2942,0.423
2022-23,2022-09-12,Almeria,Osasuna,A,0.3317,0.2834,0.3849,0.2828,0.2942,0.423
2022-23,2022-09-16,Valladolid,Cadiz,A,0.3037,0.3146,0.3818,0.2828,0.2942,0.423
2022-23,2022-09-16,Mainz,Hertha,D,0.2301,0.2485,0.5214,0.2828,0.2942,0.423
2022-23,2022-09-16,Nott'm Forest,Fulham,A,0.622,0.257,0.121,0.29,0.26,0.45
2022-23,2022-09-16,Aston Villa,Southampton,H,0.262,0.2514,0.4866,0.2828,0.2942,0.423
2022-23,2022-09-17,Stuttgart,Ein Frankfurt,A,0.3993,0.2626,0.3381,0.2828,0.2942,0.423
2022-23,2022-09-17,Barcelona,Elche,H,0.0824,0.1599,0.7577,0.2828,0.2942,0.423
2022-23,2022-09-17,Dortmund,Schalke 04,H,0.0893,0.1441,0.7666,0.2828,0.2942,0.423
2022-23,2022-09-17,Leverkusen,Werder Bremen,D,0.1994,0.2165,0.5841,0.2828,0.2942,0.423
2022-23,2022-09-17,Mallorca,Almeria,H,0.1965,0.288,0.5156,0.2828,0.2942,0.423
2022-23,2022-09-17,M'gladbach,RB Leipzig,H,0.4474,0.2406,0.312,0.29,0.26,0.45
2022-23,2022-09-17,Valencia,Celta,H,0.285,0.264,0.451,0.2828,0.2942,0.423
2022-23,2022-09-17,Ath Bilbao,Vallecano,H,0.22,0.3055,0.4746,0.2828,0.2942,0.423
2022-23,2022-09-17,Wolves,Man City,A,0.6661,0.2187,0.1153,0.2828,0.2942,0.423
2022-23,2022-09-17,Newcastle,Bournemouth,D,0.2657,0.2685,0.4659,0.2828,0.2942,0.423
2022-23,2022-09-17,Augsburg,Bayern Munich,H,0.7739,0.1421,0.084,0.2828,0.2942,0.423
2022-23,2022-09-17,Tottenham,Leicester,H,0.2155,0.2127,0.5718,0.2828,0.2942,0.423
2022-23,2022-09-18,Ath Madrid,Real Madrid,A,0.3819,0.2915,0.3266,0.2828,0.2942,0.423
2022-23,2022-09-18,Everton,West Ham,H,0.4366,0.2716,0.2918,0.2828,0.2942,0.423
2022-23,2022-09-18,Brentford,Arsenal,A,0.4573,0.2532,0.2895,0.2828,0.2942,0.423
2022-23,2022-09-18,Villarreal,Sevilla,D,0.2509,0.2805,0.4686,0.2828,0.2942,0.423
2022-23,2022-09-18,Sociedad,Espanol,H,0.1869,0.2655,0.5475,0.2828,0.2942,0.423
2022-23,2022-09-18,Hoffenheim,Freiburg,D,0.3645,0.2368,0.3987,0.2828,0.2942,0.423
2022-23,2022-09-18,Osasuna,Getafe,A,0.264,0.3235,0.4125,0.2828,0.2942,0.423
2022-23,2022-09-18,Bochum,FC Koln,D,0.3571,0.2662,0.3766,0.2828,0.2942,0.423
2022-23,2022-09-18,Union Berlin,Wolfsburg,H,0.2603,0.274,0.4657,0.2828,0.2942,0.423
2022-23,2022-09-18,Betis,Girona,H,0.1377,0.2234,0.639,0.2828,0.2942,0.423
2022-23,2022-09-30,Bayern Munich,Leverkusen,H,0.1293,0.1558,0.7149,0.2828,0.2942,0.423
2022-23,2022-09-30,Ath Bilbao,Almeria,H,0.1018,0.2628,0.6355,0.2828,0.2942,0.423
2022-23,2022-10-01,Werder Bremen,M'gladbach,H,0.3893,0.2539,0.3568,0.29,0.26,0.45
2022-23,2022-10-01,Ein Frankfurt,Union Berlin,H,0.3233,0.263,0.4137,0.2828,0.2942,0.423
2022-23,2022-10-01,FC Koln,Dortmund,H,0.5419,0.219,0.2392,0.2828,0.2942,0.423
2022-23,2022-10-01,Freiburg,Mainz,H,0.2143,0.2403,0.5454,0.2828,0.2942,0.423
2022-23,2022-10-01,RB Leipzig,Bochum,H,0.126,0.1843,0.6897,0.2828,0.2942,0.423
2022-23,2022-10-01,Sevilla,Ath Madrid,A,0.3858,0.305,0.3092,0.2828,0.2942,0.423
2022-23,2022-10-01,Wolfsburg,Stuttgart,H,0.2733,0.2708,0.4559,0.2828,0.2942,0.423
2022-23,2022-10-01,Cadiz,Villarreal,D,0.5895,0.2438,0.1667,0.2828,0.2942,0.423
2022-23,2022-10-01,Crystal Palace,Chelsea,A,0.5327,0.2682,0.199,0.2828,0.2942,0.423
2022-23,2022-10-01,Mallorca,Barcelona,A,0.6427,0.2076,0.1497,0.2828,0.2942,0.423
2022-23,2022-10-01,West Ham,Wolves,H,0.2362,0.296,0.4678,0.2828,0.2942,0.423
2022-23,2022-10-01,Southampton,Everton,A,0.3154,0.2672,0.4174,0.2828,0.2942,0.423
2022-23,2022-10-01,Liverpool,Brighton,D,0.1047,0.2045,0.6908,0.2828,0.2942,0.423
2022-23,2022-10-01,Getafe,Valladolid,A,0.2241,0.3222,0.4537,0.2828,0.2942,0.423
2022-23,2022-10-01,Bournemouth,Brentford,D,0.4642,0.2538,0.2821,0.2828,0.2942,0.423
2022-23,2022-10-01,Arsenal,Tottenham,H,0.3117,0.248,0.4404,0.2828,0.2942,0.423
2022-23,2022-10-01,Fulham,Newcastle,A,0.3148,0.313,0.3722,0.2828,0.2942,0.423
2022-23,2022-10-02,Leeds,Aston Villa,D,0.3998,0.2621,0.338,0.2828,0.2942,0.423
2022-23,2022-10-02,Man City,Man United,H,0.111,0.1673,0.7217,0.2828,0.2942,0.423
2022-23,2022-10-02,Girona,Sociedad,A,0.4495,0.3017,0.2488,0.2828,0.2942,0.423
2022-23,2022-10-02,Real Madrid,Osasuna,D,0.0805,0.1761,0.7434,0.2828,0.2942,0.423
2022-23,2022-10-02,Espanol,Valencia,D,0.4124,0.2812,0.3064,0.2828,0.2942,0.423
2022-23,2022-10-02,Schalke 04,Augsburg,A,0.3472,0.2787,0.3741,0.2828,0.2942,0.423
2022-23,2022-10-02,Hertha,Hoffenheim,D,0.4939,0.2324,0.2737,0.2828,0.2942,0.423
2022-23,2022-10-02,Celta,Betis,H,0.4569,0.2557,0.2874,0.2828,0.2942,0.423
2022-23,2022-10-03,Vallecano,Elche,H,0.2317,0.2853,0.483,0.2828,0.2942,0.423
2022-23,2022-10-03,Leicester,Nott'm Forest,H,0.021,0.0536,0.9253,0.29,0.26,0.45
2022-23,2022-10-07,Hoffenheim,Werder Bremen,A,0.2655,0.2332,0.5014,0.2828,0.2942,0.423
2022-23,2022-10-07,Osasuna,Valencia,A,0.3677,0.2952,0.3371,0.2828,0.2942,0.423
2022-23,2022-10-08,Almeria,Vallecano,H,0.4675,0.3261,0.2064,0.2828,0.2942,0.423
2022-23,2022-10-08,Man City,Southampton,H,0.0327,0.0785,0.8888,0.2828,0.2942,0.423
2022-23,2022-10-08,Augsburg,Wolfsburg,D,0.3765,0.2798,0.3437,0.2828,0.2942,0.423
2022-23,2022-10-08,Bochum,Ein Frankfurt,H,0.4365,0.2541,0.3094,0.2828,0.2942,0.423
2022-23,2022-10-08,Leverkusen,Schalke 04,H,0.1212,0.1753,0.7035,0.2828,0.2942,0.423
2022-23,2022-10-08,Mainz,RB Leipzig,D,0.5248,0.2362,0.2389,0.2828,0.2942,0.423
2022-23,2022-10-08,Dortmund,Bayern Munich,D,0.5193,0.2067,0.274,0.2828,0.2942,0.423
2022-23,2022-10-08,Ath Madrid,Girona,H,0.0964,0.2035,0.7001,0.2828,0.2942,0.423
2022-23,2022-10-08,Sevilla,Ath Bilbao,D,0.266,0.3163,0.4178,0.2828,0.2942,0.423
2022-23,2022-10-08,Brighton,Tottenham,A,0.4769,0.2714,0.2518,0.2828,0.2942,0.423
2022-23,2022-10-08,Bournemouth,Leicester,H,0.5221,0.2232,0.2548,0.2828,0.2942,0.423
2022-23,2022-10-08,Chelsea,Wolves,H,0.1314,0.2503,0.6183,0.2828,0.2942,0.423
2022-23,2022-10-08,Newcastle,Brentford,H,0.3967,0.2789,0.3243,0.2828,0.2942,0.423
2022-23,2022-10-08,Getafe,Real Madrid,A,0.6359,0.2366,0.1275,0.2828,0.2942,0.423
2022-23,2022-10-09,Hertha,Freiburg,D,0.5216,0.2438,0.2346,0.2828,0.2942,0.423
2022-23,2022-10-09,M'gladbach,FC Koln,H,0.237,0.2322,0.5307,0.29,0.26,0.45
2022-23,2022-10-09,Valladolid,Betis,D,0.5566,0.2565,0.1869,0.2828,0.2942,0.423
2022-23,2022-10-09,Crystal Palace,Leeds,H,0.2449,0.2571,0.498,0.2828,0.2942,0.423
2022-23,2022-10-09,Stuttgart,Union Berlin,A,0.407,0.281,0.3119,0.2828,0.2942,0.423
2022-23,2022-10-09,Everton,Man United,A,0.5162,0.2519,0.232,0.2828,0.2942,0.423
2022-23,2022-10-09,Arsenal,Liverpool,H,0.4298,0.2606,0.3096,0.2828,0.2942,0.423
2022-23,2022-10-09,Barcelona,Celta,H,0.1089,0.1703,0.7208,0.2828,0.2942,0.423
2022-23,2022-10-09,Sociedad,Villarreal,H,0.4266,0.2823,0.2912,0.2828,0.2942,0.423
2022-23,2022-10-09,West Ham,Fulham,H,0.1846,0.2627,0.5528,0.2828,0.2942,0.423
2022-23,2022-10-09,Cadiz,Espanol,D,0.3193,0.3028,0.3779,0.2828,0.2942,0.423
2022-23,2022-10-10,Elche,Mallorca,D,0.3409,0.292,0.3672,0.2828,0.2942,0.423
2022-23,2022-10-10,Nott'm Forest,Aston Villa,D,0.7645,0.1568,0.0787,0.29,0.26,0.45
2022-23,2022-10-14,Schalke 04,Hoffenheim,A,0.4852,0.2325,0.2823,0.2828,0.2942,0.423
2022-23,2022-10-14,Vallecano,Getafe,D,0.2794,0.3009,0.4196,0.2828,0.2942,0.423
2022-23,2022-10-14,Brentford,Brighton,H,0.3018,0.271,0.4272,0.2828,0.2942,0.423
2022-23,2022-10-15,Ein Frankfurt,Leverkusen,H,0.3954,0.2282,0.3764,0.2828,0.2942,0.423
2022-23,2022-10-15,Stuttgart,Bochum,H,0.2896,0.2566,0.4538,0.2828,0.2942,0.423
2022-23,2022-10-15,Werder Bremen,Mainz,A,0.2761,0.2468,0.4771,0.2828,0.2942,0.423
2022-23,2022-10-15,Wolfsburg,M'gladbach,D,0.367,0.2452,0.3878,0.29,0.26,0.45
2022-23,2022-10-15,Valencia,Elche,D,0.1923,0.2433,0.5644,0.2828,0.2942,0.423
2022-23,2022-10-15,Mallorca,Sevilla,A,0.4247,0.2883,0.287,0.2828,0.2942,0.423
2022-23,2022-10-15,Girona,Cadiz,D,0.3172,0.2642,0.4186,0.2828,0.2942,0.423
2022-23,2022-10-15,Wolves,Nott'm Forest,H,0.064,0.16,0.776,0.29,0.26,0.45
2022-23,2022-10-15,Tottenham,Everton,H,0.1307,0.1877,0.6816,0.2828,0.2942,0.423
2022-23,2022-10-15,RB Leipzig,Hertha,H,0.1046,0.1548,0.7406,0.2828,0.2942,0.423
2022-23,2022-10-15,Ath Bilbao,Ath Madrid,A,0.3932,0.2991,0.3077,0.2828,0.2942,0.423
2022-23,2022-10-15,Fulham,Bournemouth,D,0.2965,0.2743,0.4292,0.2828,0.2942,0.423
2022-23,2022-10-15,Leicester,Crystal Palace,D,0.2567,0.2356,0.5077,0.2828,0.2942,0.423
2022-23,2022-10-16,Man United,Newcastle,D,0.1918,0.223,0.5852,0.2828,0.2942,0.423
2022-23,2022-10-16,Union Berlin,Dortmund,H,0.4424,0.24,0.3176,0.2828,0.2942,0.423
2022-23,2022-10-16,Bayern Munich,Freiburg,H,0.1275,0.1638,0.7087,0.2828,0.2942,0.423
2022-23,2022-10-16,Real Madrid,Barcelona,H,0.2497,0.2293,0.521,0.2828,0.2942,0.423
2022-23,2022-10-16,Liverpool,Man City,H,0.3905,0.24,0.3695,0.2828,0.2942,0.423
2022-23,2022-10-16,Betis,Almeria,H,0.0785,0.1528,0.7687,0.2828,0.2942,0.423
2022-23,2022-10-16,Espanol,Valladolid,H,0.2558,0.279,0.4652,0.2828,0.2942,0.423
2022-23,2022-10-16,FC Koln,Augsburg,H,0.2837,0.2472,0.4691,0.2828,0.2942,0.423
2022-23,2022-10-16,Leeds,Arsenal,A,0.5866,0.2121,0.2013,0.2828,0.2942,0.423
2022-23,2022-10-16,Aston Villa,Chelsea,A,0.5261,0.2561,0.2178,0.2828,0.2942,0.423
2022-23,2022-10-16,Celta,Sociedad,A,0.3872,0.2768,0.336,0.2828,0.2942,0.423
2022-23,2022-10-16,Southampton,West Ham,D,0.4578,0.2497,0.2925,0.2828,0.2942,0.423
2022-23,2022-10-17,Villarreal,Osasuna,H,0.1376,0.2116,0.6509,0.2828,0.2942,0.423
2022-23,2022-10-18,Brighton,Nott'm Forest,D,0.0508,0.1312,0.818,0.29,0.26,0.45
2022-23,2022-10-18,Crystal Palace,Wolves,H,0.282,0.3066,0.4114,0.2828,0.2942,0.423
2022-23,2022-10-18,Ath Madrid,Vallecano,D,0.1447,0.2284,0.6269,0.2828,0.2942,0.423
2022-23,2022-10-18,Getafe,Ath Bilbao,D,0.3998,0.3151,0.2852,0.2828,0.2942,0.423
2022-23,2022-10-18,Sevilla,Valencia,D,0.2747,0.2768,0.4485,0.2828,0.2942,0.423
2022-23,2022-10-19,Sociedad,Mallorca,H,0.1932,0.2523,0.5545,0.2828,0.2942,0.423
2022-23,2022-10-19,Newcastle,Everton,H,0.2821,0.271,0.4469,0.2828,0.2942,0.423
2022-23,2022-10-19,Liverpool,West Ham,H,0.1334,0.1877,0.6789,0.2828,0.2942,0.423
2022-23,2022-10-19,Cadiz,Betis,D,0.4911,0.2656,0.2432,0.2828,0.2942,0.423
2022-23,2022-10-19,Man United,Tottenham,H,0.3851,0.2394,0.3755,0.2828,0.2942,0.423
2022-23,2022-10-19,Elche,Real Madrid,A,0.7178,0.18,0.1022,0.2828,0.2942,0.423
2022-23,2022-10-19,Bournemouth,Southampton,A,0.3568,0.2523,0.3909,0.2828,0.2942,0.423
2022-23,2022-10-19,Brentford,Chelsea,D,0.5314,0.2394,0.2292,0.2828,0.2942,0.423
2022-23,2022-10-19,Valladolid,Celta,H,0.3978,0.2866,0.3156,0.2828,0.2942,0.423
2022-23,2022-10-20,Almeria,Girona,H,0.4579,0.2508,0.2913,0.2828,0.2942,0.423
2022-23,2022-10-20,Leicester,Leeds,H,0.2071,0.1974,0.5954,0.2828,0.2942,0.423
2022-23,2022-10-20,Fulham,Aston Villa,H,0.4026,0.2887,0.3087,0.2828,0.2942,0.423
2022-23,2022-10-20,Osasuna,Espanol,H,0.2758,0.2778,0.4464,0.2828,0.2942,0.423
2022-23,2022-10-20,Barcelona,Villarreal,H,0.2677,0.2315,0.5008,0.2828,0.2942,0.423
2022-23,2022-10-21,Mainz,FC Koln,H,0.3015,0.2484,0.45,0.2828,0.2942,0.423
2022-23,2022-10-22,Real Madrid,Sevilla,H,0.1309,0.2104,0.6588,0.2828,0.2942,0.423
2022-23,2022-10-22,Chelsea,Man United,D,0.2081,0.2287,0.5632,0.2828,0.2942,0.423
2022-23,2022-10-22,Man City,Brighton,H,0.0766,0.1493,0.7741,0.2828,0.2942,0.423
2022-23,2022-10-22,Nott'm Forest,Liverpool,H,0.94,0.0457,0.0143,0.29,0.26,0.45
2022-23,2022-10-22,Hoffenheim,Bayern Munich,A,0.655,0.175,0.1701,0.2828,0.2942,0.423
2022-23,2022-10-22,Dortmund,Stuttgart,H,0.134,0.1676,0.6984,0.2828,0.2942,0.423
2022-23,2022-10-22,Valencia,Mallorca,A,0.2195,0.251,0.5295,0.2828,0.2942,0.423
2022-23,2022-10-22,Augsburg,RB Leipzig,D,0.5629,0.2226,0.2145,0.2828,0.2942,0.423
2022-23,2022-10-22,Vallecano,Cadiz,H,0.2535,0.2856,0.4609,0.2828,0.2942,0.423
2022-23,2022-10-22,M'gladbach,Ein Frankfurt,A,0.2997,0.226,0.4744,0.29,0.26,0.45
2022-23,2022-10-22,Leverkusen,Wolfsburg,D,0.2188,0.2162,0.565,0.2828,0.2942,0.423
2022-23,2022-10-22,Freiburg,Werder Bremen,H,0.249,0.2364,0.5146,0.2828,0.2942,0.423
2022-23,2022-10-22,Everton,Crystal Palace,H,0.3441,0.2841,0.3718,0.2828,0.2942,0.423
2022-23,2022-10-22,Valladolid,Sociedad,H,0.4729,0.2855,0.2417,0.2828,0.2942,0.423
2022-23,2022-10-23,Bochum,Union Berlin,H,0.4168,0.272,0.3112,0.2828,0.2942,0.423
2022-23,2022-10-23,Hertha,Schalke 04,H,0.2896,0.2486,0.4618,0.2828,0.2942,0.423
2022-23,2022-10-23,Espanol,Elche,D,0.2701,0.2711,0.4589,0.2828,0.2942,0.423
2022-23,2022-10-23,Betis,Ath Madrid,A,0.3829,0.2733,0.3438,0.2828,0.2942,0.423
2022-23,2022-10-23,Girona,Osasuna,D,0.3755,0.2638,0.3607,0.2828,0.2942,0.423
2022-23,2022-10-23,Villarreal,Almeria,H,0.0476,0.1121,0.8403,0.2828,0.2942,0.423
2022-23,2022-10-23,Aston Villa,Brentford,H,0.3227,0.2623,0.415,0.2828,0.2942,0.423
2022-23,2022-10-23,Southampton,Arsenal,D,0.5985,0.2102,0.1913,0.2828,0.2942,0.423
2022-23,2022-10-23,Wolves,Leicester,A,0.3815,0.2663,0.3523,0.2828,0.2942,0.423
2022-23,2022-10-23,Tottenham,Newcastle,A,0.1468,0.1982,0.655,0.2828,0.2942,0.423
2022-23,2022-10-23,Leeds,Fulham,A,0.2654,0.2569,0.4777,0.2828,0.2942,0.423
2022-23,2022-10-23,Barcelona,Ath Bilbao,H,0.1725,0.2232,0.6043,0.2828,0.2942,0.423
2022-23,2022-10-24,Celta,Getafe,D,0.2663,0.2863,0.4475,0.2828,0.2942,0.423
2022-23,2022-10-24,West Ham,Bournemouth,H,0.1603,0.2129,0.6267,0.2828,0.2942,0.423
2022-23,2022-10-28,Werder Bremen,Hertha,H,0.2462,0.2382,0.5156,0.2828,0.2942,0.423
2022-23,2022-10-28,Mallorca,Espanol,D,0.3203,0.2887,0.391,0.2828,0.2942,0.423
2022-23,2022-10-29,Cadiz,Ath Madrid,H,0.5527,0.2784,0.1688,0.2828,0.2942,0.423
2022-23,2022-10-29,Fulham,Everton,D,0.3892,0.2721,0.3387,0.2828,0.2942,0.423
2022-23,2022-10-29,Bayern Munich,Mainz,H,0.0947,0.1511,0.7542,0.2828,0.2942,0.423
2022-23,2022-10-29,RB Leipzig,Leverkusen,H,0.2264,0.2035,0.5702,0.2828,0.2942,0.423
2022-23,2022-10-29,Stuttgart,Augsburg,H,0.2836,0.2537,0.4627,0.2828,0.2942,0.423
2022-23,2022-10-29,Ein Frankfurt,Dortmund,A,0.4801,0.2244,0.2955,0.2828,0.2942,0.423
2022-23,2022-10-29,Almeria,Celta,H,0.5316,0.2345,0.2339,0.2828,0.2942,0.423
2022-23,2022-10-29,Sevilla,Vallecano,A,0.2292,0.2802,0.4906,0.2828,0.2942,0.423
2022-23,2022-10-29,Liverpool,Leeds,A,0.0705,0.1248,0.8046,0.2828,0.2942,0.423
2022-23,2022-10-29,Leicester,Man City,A,0.6686,0.1818,0.1496,0.2828,0.2942,0.423
2022-23,2022-10-29,Bournemouth,Tottenham,A,0.7202,0.1705,0.1094,0.2828,0.2942,0.423
2022-23,2022-10-29,Brentford,Wolves,D,0.2433,0.272,0.4847,0.2828,0.2942,0.423
2022-23,2022-10-29,Brighton,Chelsea,H,0.4843,0.2862,0.2295,0.2828,0.2942,0.423
2022-23,2022-10-29,Crystal Palace,Southampton,H,0.2539,0.2608,0.4853,0.2828,0.2942,0.423
2022-23,2022-10-29,Newcastle,Aston Villa,H,0.3211,0.2819,0.3971,0.2828,0.2942,0.423
2022-23,2022-10-29,Wolfsburg,Bochum,H,0.2244,0.251,0.5246,0.2828,0.2942,0.423
2022-23,2022-10-29,Valencia,Barcelona,A,0.5521,0.2281,0.2198,0.2828,0.2942,0.423
2022-23,2022-10-30,FC Koln,Hoffenheim,D,0.3977,0.2438,0.3585,0.2828,0.2942,0.423
2022-23,2022-10-30,Osasuna,Valladolid,H,0.2238,0.297,0.4792,0.2828,0.2942,0.423
2022-23,2022-10-30,Real Madrid,Girona,D,0.0271,0.0637,0.9092,0.2828,0.2942,0.423
2022-23,2022-10-30,Ath Bilbao,Villarreal,H,0.402,0.286,0.312,0.2828,0.2942,0.423
2022-23,2022-10-30,Schalke 04,Freiburg,A,0.556,0.2405,0.2035,0.2828,0.2942,0.423
2022-23,2022-10-30,Arsenal,Nott'm Forest,H,0.0297,0.1003,0.87,0.29,0.26,0.45
2022-23,2022-10-30,Man United,West Ham,H,0.271,0.2672,0.4618,0.2828,0.2942,0.423
2022-23,2022-10-30,Union Berlin,M'gladbach,H,0.2988,0.2638,0.4374,0.29,0.26,0.45
2022-23,2022-10-30,Sociedad,Betis,A,0.3178,0.2912,0.3909,0.2828,0.2942,0.423
2022-23,2022-10-31,Elche,Getafe,A,0.3468,0.3201,0.3331,0.2828,0.2942,0.423
2022-23,2022-11-04,Girona,Ath Bilbao,H,0.5476,0.2399,0.2125,0.2828,0.2942,0.423
2022-23,2022-11-04,M'gladbach,Stuttgart,H,0.2515,0.2335,0.515,0.29,0.26,0.45
2022-23,2022-11-05,Celta,Osasuna,A,0.2916,0.2865,0.4219,0.2828,0.2942,0.423
2022-23,2022-11-05,Nott'm Forest,Brentford,D,0.7226,0.1824,0.095,0.29,0.26,0.45
2022-23,2022-11-05,Man City,Fulham,H,0.0346,0.083,0.8823,0.2828,0.2942,0.423
2022-23,2022-11-05,Leeds,Bournemouth,H,0.1603,0.2038,0.6359,0.2828,0.2942,0.423
2022-23,2022-11-05,Barcelona,Almeria,H,0.0299,0.0679,0.9022,0.2828,0.2942,0.423
2022-23,2022-11-05,Hertha,Bayern Munich,A,0.7425,0.1538,0.1037,0.2828,0.2942,0.423
2022-23,2022-11-05,Getafe,Cadiz,D,0.2269,0.3208,0.4523,0.2828,0.2942,0.423
2022-23,2022-11-05,Valladolid,Elche,H,0.308,0.3049,0.3871,0.2828,0.2942,0.423
2022-23,2022-11-05,Wolves,Brighton,A,0.3364,0.3318,0.3317,0.2828,0.2942,0.423
2022-23,2022-11-05,Hoffenheim,RB Leipzig,A,0.4616,0.2286,0.3098,0.2828,0.2942,0.423
2022-23,2022-11-05,Mainz,Wolfsburg,A,0.2959,0.269,0.4352,0.2828,0.2942,0.423
2022-23,2022-11-05,Dortmund,Bochum,H,0.1043,0.154,0.7417,0.2828,0.2942,0.423
2022-23,2022-11-05,Everton,Leicester,A,0.3888,0.2564,0.3547,0.2828,0.2942,0.423
2022-23,2022-11-05,Augsburg,Ein Frankfurt,A,0.4049,0.2528,0.3423,0.2828,0.2942,0.423
2022-23,2022-11-05,Werder Bremen,Schalke 04,H,0.1644,0.2118,0.6238,0.2828,0.2942,0.423
2022-23,2022-11-06,Chelsea,Arsenal,A,0.2445,0.2664,0.4891,0.2828,0.2942,0.423
2022-23,2022-11-06,Southampton,Newcastle,A,0.3652,0.2694,0.3654,0.2828,0.2942,0.423
2022-23,2022-11-06,West Ham,Crystal Palace,A,0.2613,0.2812,0.4574,0.2828,0.2942,0.423
2022-23,2022-11-06,Aston Villa,Man United,H,0.3815,0.2725,0.346,0.2828,0.2942,0.423
2022-23,2022-11-06,Betis,Sevilla,D,0.2893,0.2925,0.4181,0.2828,0.2942,0.423
2022-23,2022-11-06,Leverkusen,Union Berlin,H,0.2992,0.2579,0.4429,0.2828,0.2942,0.423
2022-23,2022-11-06,Sociedad,Valencia,D,0.2769,0.2827,0.4405,0.2828,0.2942,0.423
2022-23,2022-11-06,Ath Madrid,Espanol,D,0.1386,0.2326,0.6288,0.2828,0.2942,0.423
2022-23,2022-11-06,Freiburg,FC Koln,H,0.2243,0.2364,0.5394,0.2828,0.2942,0.423
2022-23,2022-11-06,Villarreal,Mallorca,A,0.1219,0.2019,0.6762,0.2828,0.2942,0.423
2022-23,2022-11-06,Tottenham,Liverpool,A,0.47,0.2388,0.2913,0.2828,0.2942,0.423
2022-23,2022-11-07,Vallecano,Real Madrid,H,0.6639,0.2011,0.1351,0.2828,0.2942,0.423
2022-23,2022-11-08,Wolfsburg,Dortmund,H,0.504,0.2318,0.2642,0.2828,0.2942,0.423
2022-23,2022-11-08,Bayern Munich,Werder Bremen,H,0.0804,0.1297,0.7899,0.2828,0.2942,0.423
2022-23,2022-11-08,Bochum,M'gladbach,H,0.4604,0.246,0.2936,0.29,0.26,0.45
2022-23,2022-11-08,Elche,Girona,A,0.2627,0.246,0.4914,0.2828,0.2942,0.423
2022-23,2022-11-08,Ath Bilbao,Valladolid,H,0.1638,0.2696,0.5665,0.2828,0.2942,0.423
2022-23,2022-11-08,Osasuna,Barcelona,A,0.5926,0.2298,0.1776,0.2828,0.2942,0.423
2022-23,2022-11-08,Stuttgart,Hertha,H,0.2622,0.2489,0.4889,0.2828,0.2942,0.423
2022-23,2022-11-09,Ein Frankfurt,Hoffenheim,H,0.3188,0.2402,0.4411,0.2828,0.2942,0.423
2022-23,2022-11-09,Schalke 04,Mainz,H,0.5109,0.2536,0.2355,0.2828,0.2942,0.423
2022-23,2022-11-09,Union Berlin,Augsburg,D,0.2161,0.2579,0.526,0.2828,0.2942,0.423
2022-23,2022-11-09,Almeria,Getafe,H,0.4691,0.2764,0.2545,0.2828,0.2942,0.423
2022-23,2022-11-09,Sevilla,Sociedad,A,0.2924,0.3068,0.4008,0.2828,0.2942,0.423
2022-23,2022-11-09,Espanol,Villarreal,A,0.5485,0.2433,0.2083,0.2828,0.2942,0.423
2022-23,2022-11-09,Mallorca,Ath Madrid,H,0.5259,0.2766,0.1975,0.2828,0.2942,0.423
2022-23,2022-11-09,RB Leipzig,Freiburg,H,0.2199,0.2228,0.5573,0.2828,0.2942,0.423
2022-23,2022-11-09,FC Koln,Leverkusen,A,0.4382,0.2346,0.3272,0.2828,0.2942,0.423
2022-23,2022-11-10,Valencia,Betis,H,0.3525,0.2771,0.3703,0.2828,0.2942,0.423
2022-23,2022-11-10,Vallecano,Celta,D,0.3161,0.2731,0.4108,0.2828,0.2942,0.423
2022-23,2022-11-10,Real Madrid,Cadiz,H,0.049,0.1274,0.8236,0.2828,0.2942,0.423
2022-23,2022-11-11,M'gladbach,Dortmund,H,0.4318,0.2256,0.3426,0.29,0.26,0.45
2022-23,2022-11-12,Nott'm Forest,Crystal Palace,H,0.7462,0.1743,0.0795,0.29,0.26,0.45
2022-23,2022-11-12,Hertha,FC Koln,H,0.3381,0.2536,0.4083,0.2828,0.2942,0.423
2022-23,2022-11-12,Hoffenheim,Wolfsburg,A,0.3276,0.2505,0.422,0.2828,0.2942,0.423
2022-23,2022-11-12,Leverkusen,Stuttgart,H,0.2504,0.2278,0.5218,0.2828,0.2942,0.423
2022-23,2022-11-12,Werder Bremen,RB Leipzig,A,0.5154,0.2233,0.2613,0.2828,0.2942,0.423
2022-23,2022-11-12,Schalke 04,Bayern Munich,A,0.8612,0.0932,0.0457,0.2828,0.2942,0.423
2022-23,2022-11-12,Bournemouth,Everton,H,0.4781,0.2358,0.2861,0.2828,0.2942,0.423
2022-23,2022-11-12,Tottenham,Leeds,H,0.1942,0.2089,0.5969,0.2828,0.2942,0.423
2022-23,2022-11-12,Liverpool,Southampton,H,0.0913,0.1512,0.7575,0.2828,0.2942,0.423
2022-23,2022-11-12,Man City,Brentford,A,0.0643,0.1107,0.825,0.2828,0.2942,0.423
2022-23,2022-11-12,Augsburg,Bochum,A,0.2406,0.2449,0.5145,0.2828,0.2942,0.423
2022-23,2022-11-12,Newcastle,Chelsea,H,0.4332,0.2787,0.2881,0.2828,0.2942,0.423
2022-23,2022-11-12,West Ham,Leicester,A,0.3156,0.261,0.4234,0.2828,0.2942,0.423
2022-23,2022-11-12,Wolves,Arsenal,A,0.4434,0.2988,0.2578,0.2828,0.2942,0.423
2022-23,2022-11-13,Fulham,Man United,A,0.5163,0.251,0.2327,0.2828,0.2942,0.423
2022-23,2022-11-13,Brighton,Aston Villa,A,0.2822,0.2684,0.4494,0.2828,0.2942,0.423
2022-23,2022-11-13,Freiburg,Union Berlin,H,0.3014,0.2746,0.424,0.2828,0.2942,0.423
2022-23,2022-11-13,Mainz,Ein Frankfurt,D,0.354,0.2523,0.3937,0.2828,0.2942,0.423
2022-23,2022-12-26,Brentford,Tottenham,D,0.4144,0.2302,0.3553,0.2828,0.2942,0.423
2022-23,2022-12-26,Arsenal,West Ham,H,0.2469,0.2577,0.4954,0.2828,0.2942,0.423
2022-23,2022-12-26,Crystal Palace,Fulham,A,0.2003,0.2451,0.5545,0.2828,0.2942,0.423
2022-23,2022-12-26,Southampton,Brighton,A,0.3965,0.263,0.3405,0.2828,0.2942,0.423
2022-23,2022-12-26,Everton,Wolves,A,0.2955,0.301,0.4035,0.2828,0.2942,0.423
2022-23,2022-12-26,Aston Villa,Liverpool,A,0.5552,0.2241,0.2208,0.2828,0.2942,0.423
2022-23,2022-12-26,Leicester,Newcastle,A,0.3164,0.2531,0.4305,0.2828,0.2942,0.423
2022-23,2022-12-27,Man United,Nott'm Forest,H,0.0457,0.1119,0.8423,0.29,0.26,0.45
2022-23,2022-12-27,Chelsea,Bournemouth,H,0.0924,0.1474,0.7602,0.2828,0.2942,0.423
2022-23,2022-12-28,Leeds,Man City,A,0.7534,0.1423,0.1043,0.2828,0.2942,0.423
2022-23,2022-12-29,Girona,Vallecano,D,0.4397,0.2391,0.3212,0.2828,0.2942,0.423
2022-23,2022-12-29,Betis,Ath Bilbao,D,0.342,0.2929,0.3651,0.2828,0.2942,0.423
2022-23,2022-12-29,Ath Madrid,Elche,H,0.1539,0.2346,0.6115,0.2828,0.2942,0.423
2022-23,2022-12-30,Cadiz,Almeria,D,0.2392,0.2637,0.4972,0.2828,0.2942,0.423
2022-23,2022-12-30,Liverpool,Leicester,H,0.16,0.1941,0.646,0.2828,0.2942,0.423
2022-23,2022-12-30,Valladolid,Real Madrid,A,0.6228,0.2181,0.1591,0.2828,0.2942,0.423
2022-23,2022-12-30,West Ham,Brentford,A,0.3115,0.2397,0.4487,0.2828,0.2942,0.423
2022-23,2022-12-30,Getafe,Mallorca,H,0.3247,0.3058,0.3695,0.2828,0.2942,0.423
2022-23,2022-12-30,Celta,Sevilla,D,0.3723,0.2724,0.3553,0.2828,0.2942,0.423
2022-23,2022-12-31,Man City,Everton,D,0.0653,0.1235,0.8112,0.2828,0.2942,0.423
2022-23,2022-12-31,Brighton,Arsenal,A,0.3816,0.2784,0.34,0.2828,0.2942,0.423
2022-23,2022-12-31,Newcastle,Leeds,D,0.2717,0.2354,0.4929,0.2828,0.2942,0.423
2022-23,2022-12-31,Fulham,Southampton,H,0.4259,0.2516,0.3225,0.2828,0.2942,0.423
2022-23,2022-12-31,Wolves,Man United,A,0.4215,0.2915,0.287,0.2828,0.2942,0.423
2022-23,2022-12-31,Villarreal,Valencia,H,0.2846,0.2574,0.458,0.2828,0.2942,0.423
2022-23,2022-12-31,Sociedad,Osasuna,H,0.2703,0.2815,0.4482,0.2828,0.2942,0.423
2022-23,2022-12-31,Barcelona,Espanol,D,0.1596,0.2129,0.6275,0.2828,0.2942,0.423
2022-23,2022-12-31,Bournemouth,Crystal Palace,A,0.5109,0.2315,0.2575,0.2828,0.2942,0.423
2022-23,2023-01-01,Tottenham,Aston Villa,A,0.2551,0.2317,0.5132,0.2828,0.2942,0.423
2022-23,2023-01-01,Nott'm Forest,Chelsea,D,0.7986,0.1428,0.0586,0.29,0.26,0.45
2022-23,2023-01-02,Brentford,Liverpool,H,0.5751,0.2073,0.2176,0.2828,0.2942,0.423
2022-23,2023-01-03,Leicester,Fulham,A,0.1754,0.2093,0.6153,0.2828,0.2942,0.423
2022-23,2023-01-03,Arsenal,Newcastle,D,0.2468,0.2571,0.4961,0.2828,0.2942,0.423
2022-23,2023-01-03,Man United,Bournemouth,H,0.124,0.1613,0.7148,0.2828,0.2942,0.423
2022-23,2023-01-03,Everton,Brighton,A,0.3845,0.2792,0.3363,0.2828,0.2942,0.423
2022-23,2023-01-04,Aston Villa,Wolves,D,0.2581,0.2775,0.4643,0.2828,0.2942,0.423
2022-23,2023-01-04,Leeds,West Ham,D,0.3839,0.2463,0.3698,0.2828,0.2942,0.423
2022-23,2023-01-04,Southampton,Nott'm Forest,A,0.081,0.1519,0.767,0.29,0.26,0.45
2022-23,2023-01-04,Crystal Palace,Tottenham,A,0.4034,0.264,0.3326,0.2828,0.2942,0.423
2022-23,2023-01-05,Chelsea,Man City,A,0.5269,0.2406,0.2325,0.2828,0.2942,0.423
2022-23,2023-01-06,Elche,Celta,A,0.4203,0.2623,0.3174,0.2828,0.2942,0.423
2022-23,2023-01-06,Valencia,Cadiz,A,0.1852,0.2457,0.5691,0.2828,0.2942,0.423
2022-23,2023-01-07,Villarreal,Real Madrid,H,0.4246,0.2655,0.31,0.2828,0.2942,0.423
2022-23,2023-01-07,Mallorca,Valladolid,H,0.2442,0.2567,0.4991,0.2828,0.2942,0.423
2022-23,2023-01-07,Espanol,Girona,D,0.2721,0.232,0.4959,0.2828,0.2942,0.423
2022-23,2023-01-08,Vallecano,Betis,A,0.367,0.2764,0.3566,0.2828,0.2942,0.423
2022-23,2023-01-08,Sevilla,Getafe,H,0.2209,0.2992,0.4798,0.2828,0.2942,0.423
2022-23,2023-01-08,Ath Madrid,Barcelona,A,0.3418,0.2748,0.3834,0.2828,0.2942,0.423
2022-23,2023-01-08,Almeria,Sociedad,A,0.5773,0.2364,0.1862,0.2828,0.2942,0.423
2022-23,2023-01-09,Ath Bilbao,Osasuna,D,0.2338,0.2981,0.468,0.2828,0.2942,0.423
2022-23,2023-01-12,Fulham,Chelsea,H,0.4824,0.2722,0.2454,0.2828,0.2942,0.423
2022-23,2023-01-13,Celta,Villarreal,D,0.4625,0.2582,0.2793,0.2828,0.2942,0.423
2022-23,2023-01-13,Aston Villa,Leeds,H,0.2875,0.2427,0.4698,0.2828,0.2942,0.423
2022-23,2023-01-14,Valladolid,Vallecano,A,0.4122,0.2935,0.2943,0.2828,0.2942,0.423
2022-23,2023-01-14,Girona,Sevilla,H,0.4762,0.2396,0.2842,0.2828,0.2942,0.423
2022-23,2023-01-14,Wolves,West Ham,H,0.3394,0.317,0.3435,0.2828,0.2942,0.423
2022-23,2023-01-14,Man United,Man City,H,0.5978,0.2188,0.1834,0.2828,0.2942,0.423
2022-23,2023-01-14,Osasuna,Mallorca,H,0.2926,0.2937,0.4137,0.2828,0.2942,0.423
2022-23,2023-01-14,Everton,Southampton,A,0.2968,0.2616,0.4416,0.2828,0.2942,0.423
2022-23,2023-01-14,Nott'm Forest,Leicester,H,0.7169,0.1916,0.0915,0.29,0.26,0.45
2022-23,2023-01-14,Brighton,Liverpool,H,0.5552,0.2338,0.211,0.2828,0.2942,0.423
2022-23,2023-01-14,Sociedad,Ath Bilbao,H,0.3246,0.3208,0.3545,0.2828,0.2942,0.423
2022-23,2023-01-14,Brentford,Bournemouth,H,0.1435,0.1768,0.6797,0.2828,0.2942,0.423
2022-23,2023-01-15,Almeria,Ath Madrid,D,0.6757,0.2114,0.1129,0.2828,0.2942,0.423
2022-23,2023-01-15,Chelsea,Crystal Palace,H,0.1822,0.263,0.5548,0.2828,0.2942,0.423
2022-23,2023-01-15,Newcastle,Fulham,H,0.2534,0.275,0.4717,0.2828,0.2942,0.423
2022-23,2023-01-15,Tottenham,Arsenal,A,0.3307,0.2605,0.4088,0.2828,0.2942,0.423
2022-23,2023-01-15,Getafe,Espanol,A,0.306,0.3097,0.3843,0.2828,0.2942,0.423
2022-23,2023-01-16,Cadiz,Elche,D,0.293,0.3128,0.3942,0.2828,0.2942,0.423
2022-23,2023-01-18,Crystal Palace,Man United,D,0.4226,0.2824,0.295,0.2828,0.2942,0.423
2022-23,2023-01-19,Man City,Tottenham,H,0.1293,0.1772,0.6935,0.2828,0.2942,0.423
2022-23,2023-01-20,Mallorca,Celta,H,0.3183,0.2798,0.4019,0.2828,0.2942,0.423
2022-23,2023-01-20,RB Leipzig,Bayern Munich,D,0.5301,0.2082,0.2617,0.2828,0.2942,0.423
2022-23,2023-01-21,Liverpool,Chelsea,D,0.2104,0.2407,0.549,0.2828,0.2942,0.423
2022-23,2023-01-21,Ath Madrid,Valladolid,H,0.1329,0.2449,0.6222,0.2828,0.2942,0.423
2022-23,2023-01-21,Sevilla,Cadiz,H,0.1907,0.286,0.5233,0.2828,0.2942,0.423
2022-23,2023-01-21,Ein Frankfurt,Schalke 04,H,0.1313,0.2021,0.6666,0.2828,0.2942,0.423
2022-23,2023-01-21,Union Berlin,Hoffenheim,H,0.3073,0.2591,0.4336,0.2828,0.2942,0.423
2022-23,2023-01-21,Bournemouth,Nott'm Forest,D,0.1313,0.2174,0.6513,0.29,0.26,0.45
2022-23,2023-01-21,Espanol,Betis,H,0.3802,0.2884,0.3314,0.2828,0.2942,0.423
2022-23,2023-01-21,Crystal Palace,Newcastle,D,0.3476,0.3014,0.351,0.2828,0.2942,0.423
2022-23,2023-01-21,Bochum,Hertha,H,0.3737,0.2715,0.3548,0.2828,0.2942,0.423
2022-23,2023-01-21,FC Koln,Werder Bremen,H,0.354,0.2497,0.3963,0.2828,0.2942,0.423
2022-23,2023-01-21,West Ham,Everton,H,0.2429,0.2707,0.4864,0.2828,0.2942,0.423
2022-23,2023-01-21,Southampton,Aston Villa,A,0.4091,0.2586,0.3323,0.2828,0.2942,0.423
2022-23,2023-01-21,Vallecano,Sociedad,A,0.3577,0.3001,0.3423,0.2828,0.2942,0.423
2022-23,2023-01-21,Leicester,Brighton,D,0.3209,0.2663,0.4127,0.2828,0.2942,0.423
2022-23,2023-01-21,Wolfsburg,Freiburg,H,0.3335,0.2712,0.3952,0.2828,0.2942,0.423
2022-23,2023-01-21,Stuttgart,Mainz,D,0.3339,0.2623,0.4038,0.2828,0.2942,0.423
2022-23,2023-01-22,Man City,Wolves,H,0.0687,0.1554,0.7758,0.2828,0.2942,0.423
2022-23,2023-01-22,Elche,Osasuna,D,0.3991,0.3018,0.2991,0.2828,0.2942,0.423
2022-23,2023-01-22,Barcelona,Getafe,H,0.1423,0.2258,0.632,0.2828,0.2942,0.423
2022-23,2023-01-22,Arsenal,Man United,H,0.277,0.2658,0.4573,0.2828,0.2942,0.423
2022-23,2023-01-22,Leeds,Brentford,D,0.4047,0.2375,0.3578,0.2828,0.2942,0.423
2022-23,2023-01-22,M'gladbach,Leverkusen,A,0.351,0.2339,0.415,0.29,0.26,0.45
2022-23,2023-01-22,Dortmund,Augsburg,H,0.15,0.1835,0.6665,0.2828,0.2942,0.423
2022-23,2023-01-22,Ath Bilbao,Real Madrid,A,0.4595,0.2812,0.2593,0.2828,0.2942,0.423
2022-23,2023-01-22,Villarreal,Girona,H,0.1254,0.1567,0.7179,0.2828,0.2942,0.423
2022-23,2023-01-23,Valencia,Almeria,D,0.1019,0.1873,0.7108,0.2828,0.2942,0.423
2022-23,2023-01-23,Fulham,Tottenham,A,0.4848,0.256,0.2592,0.2828,0.2942,0.423
2022-23,2023-01-24,Schalke 04,RB Leipzig,A,0.7582,0.1601,0.0817,0.2828,0.2942,0.423
2022-23,2023-01-24,Hoffenheim,Stuttgart,D,0.2758,0.2412,0.483,0.2828,0.2942,0.423
2022-23,2023-01-24,Hertha,Wolfsburg,A,0.4642,0.264,0.2718,0.2828,0.2942,0.423
2022-23,2023-01-24,Bayern Munich,FC Koln,D,0.0446,0.0854,0.87,0.2828,0.2942,0.423
2022-23,2023-01-25,Mainz,Dortmund,A,0.4692,0.2416,0.2892,0.2828,0.2942,0.423
2022-23,2023-01-25,Augsburg,M'gladbach,H,0.45,0.2396,0.3104,0.29,0.26,0.45
2022-23,2023-01-25,Leverkusen,Bochum,H,0.1463,0.1973,0.6565,0.2828,0.2942,0.423
2022-23,2023-01-25,Werder Bremen,Union Berlin,A,0.4621,0.2553,0.2826,0.2828,0.2942,0.423
2022-23,2023-01-25,Freiburg,Ein Frankfurt,D,0.3367,0.259,0.4043,0.2828,0.2942,0.423
2022-23,2023-01-27,RB Leipzig,Stuttgart,H,0.1637,0.2095,0.6269,0.2828,0.2942,0.423
2022-23,2023-01-27,Almeria,Espanol,H,0.528,0.2628,0.2092,0.2828,0.2942,0.423
2022-23,2023-01-28,Bayern Munich,Ein Frankfurt,D,0.0761,0.123,0.801,0.2828,0.2942,0.423
2022-23,2023-01-28,Getafe,Betis,A,0.4016,0.3158,0.2827,0.2828,0.2942,0.423
2022-23,2023-01-28,Girona,Barcelona,A,0.6447,0.1909,0.1644,0.2828,0.2942,0.423
2022-23,2023-01-28,Cadiz,Mallorca,H,0.3889,0.3244,0.2867,0.2828,0.2942,0.423
2022-23,2023-01-28,Werder Bremen,Wolfsburg,H,0.4831,0.2442,0.2726,0.2828,0.2942,0.423
2022-23,2023-01-28,Freiburg,Augsburg,H,0.2314,0.2429,0.5257,0.2828,0.2942,0.423
2022-23,2023-01-28,Hoffenheim,M'gladbach,A,0.3672,0.2302,0.4026,0.29,0.26,0.45
2022-23,2023-01-28,Hertha,Union Berlin,A,0.444,0.2755,0.2805,0.2828,0.2942,0.423
2022-23,2023-01-28,Sevilla,Elche,H,0.1564,0.2648,0.5787,0.2828,0.2942,0.423
2022-23,2023-01-28,Mainz,Bochum,H,0.2018,0.2433,0.5549,0.2828,0.2942,0.423
2022-23,2023-01-29,Celta,Ath Bilbao,H,0.4068,0.2926,0.3006,0.2828,0.2942,0.423
2022-23,2023-01-29,Osasuna,Ath Madrid,A,0.4295,0.3107,0.2598,0.2828,0.2942,0.423
2022-23,2023-01-29,Valladolid,Valencia,H,0.5478,0.2641,0.1881,0.2828,0.2942,0.423
2022-23,2023-01-29,Real Madrid,Sociedad,D,0.2125,0.2749,0.5126,0.2828,0.2942,0.423
2022-23,2023-01-29,Schalke 04,FC Koln,D,0.5818,0.235,0.1832,0.2828,0.2942,0.423
2022-23,2023-01-29,Leverkusen,Dortmund,A,0.3929,0.2325,0.3745,0.2828,0.2942,0.423
2022-23,2023-01-30,Villarreal,Vallecano,A,0.1998,0.2567,0.5435,0.2828,0.2942,0.423
2022-23,2023-02-01,Betis,Barcelona,A,0.4341,0.2699,0.296,0.2828,0.2942,0.423
2022-23,2023-02-02,Real Madrid,Valencia,H,0.1977,0.2486,0.5537,0.2828,0.2942,0.423
2022-23,2023-02-03,Chelsea,Fulham,D,0.1583,0.2478,0.5939,0.2828,0.2942,0.423
2022-23,2023-02-03,Ath Bilbao,Cadiz,H,0.1405,0.2724,0.5871,0.2828,0.2942,0.423
2022-23,2023-02-03,Augsburg,Leverkusen,H,0.4696,0.243,0.2874,0.2828,0.2942,0.423
2022-23,2023-02-04,Betis,Celta,A,0.2677,0.2671,0.4652,0.2828,0.2942,0.423
2022-23,2023-02-04,Newcastle,West Ham,D,0.3021,0.2986,0.3992,0.2828,0.2942,0.423
2022-23,2023-02-04,Wolves,Liverpool,H,0.5636,0.2666,0.1698,0.2828,0.2942,0.423
2022-23,2023-02-04,Man United,Crystal Palace,H,0.213,0.2711,0.5159,0.2828,0.2942,0.423
2022-23,2023-02-04,Brentford,Southampton,H,0.2469,0.2377,0.5154,0.2828,0.2942,0.423
2022-23,2023-02-04,Aston Villa,Leicester,A,0.3279,0.2572,0.4149,0.2828,0.2942,0.423
2022-23,2023-02-04,Everton,Arsenal,H,0.5222,0.2606,0.2172,0.2828,0.2942,0.423
2022-23,2023-02-04,Ath Madrid,Getafe,D,0.1654,0.2986,0.536,0.2828,0.2942,0.423
2022-23,2023-02-04,Brighton,Bournemouth,H,0.0923,0.1579,0.7499,0.2828,0.2942,0.423
2022-23,2023-02-04,Espanol,Osasuna,D,0.3409,0.2986,0.3605,0.2828,0.2942,0.423
2022-23,2023-02-04,M'gladbach,Schalke 04,D,0.0882,0.1566,0.7552,0.29,0.26,0.45
2022-23,2023-02-04,Union Berlin,Mainz,H,0.2686,0.2736,0.4578,0.2828,0.2942,0.423
2022-23,2023-02-04,Bochum,Hoffenheim,H,0.5106,0.239,0.2504,0.2828,0.2942,0.423
2022-23,2023-02-04,FC Koln,RB Leipzig,D,0.5334,0.2295,0.2372,0.2828,0.2942,0.423
2022-23,2023-02-04,Ein Frankfurt,Hertha,H,0.2075,0.2358,0.5568,0.2828,0.2942,0.423
2022-23,2023-02-04,Dortmund,Freiburg,H,0.2565,0.2306,0.5129,0.2828,0.2942,0.423
2022-23,2023-02-04,Elche,Villarreal,H,0.5478,0.263,0.1892,0.2828,0.2942,0.423
2022-23,2023-02-05,Tottenham,Man City,H,0.6434,0.1976,0.159,0.2828,0.2942,0.423
2022-23,2023-02-05,Barcelona,Sevilla,H,0.232,0.2701,0.4979,0.2828,0.2942,0.423
2022-23,2023-02-05,Girona,Valencia,H,0.5086,0.2325,0.2589,0.2828,0.2942,0.423
2022-23,2023-02-05,Sociedad,Valladolid,A,0.128,0.2463,0.6257,0.2828,0.2942,0.423
2022-23,2023-02-05,Wolfsburg,Bayern Munich,A,0.6988,0.1723,0.1289,0.2828,0.2942,0.423
2022-23,2023-02-05,Stuttgart,Werder Bremen,A,0.2839,0.2429,0.4732,0.2828,0.2942,0.423
2022-23,2023-02-05,Nott'm Forest,Leeds,H,0.6249,0.2263,0.1488,0.29,0.26,0.45
2022-23,2023-02-05,Mallorca,Real Madrid,H,0.5477,0.2645,0.1878,0.2828,0.2942,0.423
2022-23,2023-02-06,Vallecano,Almeria,H,0.2023,0.242,0.5557,0.2828,0.2942,0.423
2022-23,2023-02-08,Man United,Leeds,D,0.1962,0.2092,0.5945,0.2828,0.2942,0.423
2022-23,2023-02-10,Cadiz,Girona,H,0.3767,0.2779,0.3453,0.2828,0.2942,0.423
2022-23,2023-02-10,Schalke 04,Wolfsburg,D,0.6856,0.1966,0.1178,0.2828,0.2942,0.423
2022-23,2023-02-11,Freiburg,Stuttgart,H,0.2398,0.2363,0.5239,0.2828,0.2942,0.423
2022-23,2023-02-11,Southampton,Wolves,A,0.3196,0.3009,0.3795,0.2828,0.2942,0.423
2022-23,2023-02-11,Bournemouth,Newcastle,D,0.649,0.2068,0.1442,0.2828,0.2942,0.423
2022-23,2023-02-11,Leicester,Tottenham,H,0.4042,0.2455,0.3503,0.2828,0.2942,0.423
2022-23,2023-02-11,Fulham,Nott'm Forest,H,0.1525,0.2661,0.5814,0.29,0.26,0.45
2022-23,2023-02-11,Arsenal,Brentford,D,0.2287,0.2362,0.5351,0.2828,0.2942,0.423
2022-23,2023-02-11,Hoffenheim,Leverkusen,A,0.4147,0.2248,0.3605,0.2828,0.2942,0.423
2022-23,2023-02-11,Valencia,Ath Bilbao,A,0.3767,0.2869,0.3364,0.2828,0.2942,0.423
2022-23,2023-02-11,Werder Bremen,Dortmund,A,0.5803,0.1998,0.2199,0.2828,0.2942,0.423
2022-23,2023-02-11,Almeria,Betis,A,0.5799,0.2261,0.194,0.2828,0.2942,0.423
2022-23,2023-02-11,RB Leipzig,Union Berlin,A,0.2334,0.2436,0.523,0.2828,0.2942,0.423
2022-23,2023-02-11,Sevilla,Mallorca,H,0.2066,0.2818,0.5116,0.2828,0.2942,0.423
2022-23,2023-02-11,Mainz,Augsburg,H,0.2763,0.2494,0.4744,0.2828,0.2942,0.423
2022-23,2023-02-11,Bayern Munich,Bochum,H,0.0198,0.0467,0.9335,0.2828,0.2942,0.423
2022-23,2023-02-11,West Ham,Chelsea,D,0.4158,0.2906,0.2935,0.2828,0.2942,0.423
2022-23,2023-02-11,Crystal Palace,Brighton,D,0.4199,0.2876,0.2925,0.2828,0.2942,0.423
2022-23,2023-02-12,Valladolid,Osasuna,D,0.4522,0.2996,0.2482,0.2828,0.2942,0.423
2022-23,2023-02-12,Man City,Aston Villa,H,0.0741,0.1331,0.7928,0.2828,0.2942,0.423
2022-23,2023-02-12,Leeds,Man United,A,0.4877,0.2336,0.2787,0.2828,0.2942,0.423
2022-23,2023-02-12,Hertha,M'gladbach,H,0.4998,0.2329,0.2674,0.29,0.26,0.45
2022-23,2023-02-12,Celta,Ath Madrid,A,0.4516,0.272,0.2764,0.2828,0.2942,0.423
2022-23,2023-02-12,Getafe,Vallecano,D,0.3207,0.3218,0.3575,0.2828,0.2942,0.423
2022-23,2023-02-12,FC Koln,Ein Frankfurt,H,0.4273,0.2479,0.3248,0.2828,0.2942,0.423
2022-23,2023-02-12,Villarreal,Barcelona,A,0.4034,0.2675,0.3291,0.2828,0.2942,0.423
2022-23,2023-02-13,Espanol,Sociedad,A,0.458,0.2833,0.2587,0.2828,0.2942,0.423
2022-23,2023-02-13,Liverpool,Everton,H,0.1279,0.196,0.6761,0.2828,0.2942,0.423
2022-23,2023-02-15,Arsenal,Man City,A,0.5429,0.2412,0.2159,0.2828,0.2942,0.423
2022-23,2023-02-15,Real Madrid,Elche,H,0.0895,0.1841,0.7264,0.2828,0.2942,0.423
2022-23,2023-02-17,Girona,Almeria,H,0.2418,0.231,0.5272,0.2828,0.2942,0.423
2022-23,2023-02-17,Augsburg,Hoffenheim,H,0.3946,0.2384,0.367,0.2828,0.2942,0.423
2022-23,2023-02-18,Bochum,Freiburg,A,0.5281,0.2275,0.2444,0.2828,0.2942,0.423
2022-23,2023-02-18,Newcastle,Liverpool,A,0.4588,0.2719,0.2693,0.2828,0.2942,0.423
2022-23,2023-02-18,Ein Frankfurt,Werder Bremen,H,0.193,0.2042,0.6028,0.2828,0.2942,0.423
2022-23,2023-02-18,M'gladbach,Bayern Munich,H,0.7458,0.1406,0.1136,0.29,0.26,0.45
2022-23,2023-02-18,Wolfsburg,RB Leipzig,A,0.4346,0.2454,0.3199,0.2828,0.2942,0.423
2022-23,2023-02-18,Sociedad,Celta,D,0.2397,0.2614,0.4989,0.2828,0.2942,0.423
2022-23,2023-02-18,Wolves,Bournemouth,A,0.1435,0.2285,0.628,0.2828,0.2942,0.423
2022-23,2023-02-18,Betis,Valladolid,H,0.146,0.2344,0.6196,0.2828,0.2942,0.423
2022-23,2023-02-18,Stuttgart,FC Koln,H,0.352,0.2541,0.3939,0.2828,0.2942,0.423
2022-23,2023-02-18,Osasuna,Real Madrid,A,0.5034,0.2736,0.2229,0.2828,0.2942,0.423
2022-23,2023-02-18,Aston Villa,Arsenal,A,0.4626,0.2565,0.2809,0.2828,0.2942,0.423
2022-23,2023-02-18,Brighton,Fulham,A,0.1877,0.2517,0.5606,0.2828,0.2942,0.423
2022-23,2023-02-18,Chelsea,Southampton,A,0.1563,0.2293,0.6144,0.2828,0.2942,0.423
2022-23,2023-02-18,Everton,Leeds,H,0.3445,0.247,0.4085,0.2828,0.2942,0.423
2022-23,2023-02-18,Nott'm Forest,Man City,D,0.8868,0.0868,0.0264,0.29,0.26,0.45
2022-23,2023-02-18,Brentford,Crystal Palace,D,0.2497,0.2559,0.4944,0.2828,0.2942,0.423
2022-23,2023-02-18,Mallorca,Villarreal,H,0.4473,0.2832,0.2695,0.2828,0.2942,0.423
2022-23,2023-02-19,Tottenham,West Ham,H,0.2725,0.2552,0.4723,0.2828,0.2942,0.423
2022-23,2023-02-19,Man United,Leicester,H,0.2542,0.2388,0.5069,0.2828,0.2942,0.423
2022-23,2023-02-19,Barcelona,Cadiz,H,0.0963,0.1892,0.7145,0.2828,0.2942,0.423
2022-23,2023-02-19,Ath Madrid,Ath Bilbao,H,0.2721,0.3066,0.4213,0.2828,0.2942,0.423
2022-23,2023-02-19,Leverkusen,Mainz,A,0.2522,0.2289,0.5189,0.2828,0.2942,0.423
2022-23,2023-02-19,Vallecano,Sevilla,D,0.4185,0.2927,0.2888,0.2828,0.2942,0.423
2022-23,2023-02-19,Elche,Espanol,A,0.3917,0.2861,0.3222,0.2828,0.2942,0.423
2022-23,2023-02-19,Union Berlin,Schalke 04,D,0.0798,0.1731,0.7471,0.2828,0.2942,0.423
2022-23,2023-02-19,Dortmund,Hertha,H,0.1246,0.1708,0.7047,0.2828,0.2942,0.423
2022-23,2023-02-20,Getafe,Valencia,H,0.3942,0.3039,0.3019,0.2828,0.2942,0.423
2022-23,2023-02-24,Mainz,M'gladbach,H,0.3736,0.2306,0.3958,0.29,0.26,0.45
2022-23,2023-02-24,Elche,Betis,A,0.5171,0.2629,0.22,0.2828,0.2942,0.423
2022-23,2023-02-24,Fulham,Wolves,D,0.2992,0.3166,0.3842,0.2828,0.2942,0.423
2022-23,2023-02-25,Hoffenheim,Dortmund,A,0.5326,0.2056,0.2618,0.2828,0.2942,0.423
2022-23,2023-02-25,Hertha,Augsburg,H,0.3604,0.2574,0.3822,0.2828,0.2942,0.423
2022-23,2023-02-25,Everton,Aston Villa,A,0.3981,0.2593,0.3426,0.2828,0.2942,0.423
2022-23,2023-02-25,Cadiz,Vallecano,H,0.4048,0.3055,0.2897,0.2828,0.2942,0.423
2022-23,2023-02-25,Crystal Palace,Liverpool,D,0.5592,0.2462,0.1945,0.2828,0.2942,0.423
2022-23,2023-02-25,RB Leipzig,Ein Frankfurt,H,0.2271,0.2195,0.5535,0.2828,0.2942,0.423
2022-23,2023-02-25,FC Koln,Wolfsburg,A,0.4013,0.2501,0.3486,0.2828,0.2942,0.423
2022-23,2023-02-25,Werder Bremen,Bochum,H,0.2761,0.2359,0.488,0.2828,0.2942,0.423
2022-23,2023-02-25,Leicester,Arsenal,A,0.4447,0.2497,0.3056,0.2828,0.2942,0.423
2022-23,2023-02-25,Valencia,Sociedad,H,0.3672,0.2867,0.3462,0.2828,0.2942,0.423
2022-23,2023-02-25,Leeds,Southampton,H,0.3217,0.2372,0.4412,0.2828,0.2942,0.423
2022-23,2023-02-25,Bournemouth,Man City,A,0.917,0.0591,0.0239,0.2828,0.2942,0.423
2022-23,2023-02-25,Schalke 04,Stuttgart,H,0.5783,0.2475,0.1742,0.2828,0.2942,0.423
2022-23,2023-02-25,West Ham,Nott'm Forest,H,0.094,0.21,0.696,0.29,0.26,0.45
2022-23,2023-02-25,Espanol,Mallorca,H,0.3312,0.284,0.3848,0.2828,0.2942,0.423
2022-23,2023-02-25,Real Madrid,Ath Madrid,D,0.2552,0.2909,0.4539,0.2828,0.2942,0.423
2022-23,2023-02-26,Freiburg,Leverkusen,D,0.348,0.2374,0.4146,0.2828,0.2942,0.423
2022-23,2023-02-26,Celta,Valladolid,H,0.1789,0.251,0.5701,0.2828,0.2942,0.423
2022-23,2023-02-26,Bayern Munich,Union Berlin,H,0.0942,0.1494,0.7564,0.2828,0.2942,0.423
2022-23,2023-02-26,Tottenham,Chelsea,H,0.373,0.2794,0.3476,0.2828,0.2942,0.423
2022-23,2023-02-26,Almeria,Barcelona,H,0.8097,0.1183,0.072,0.2828,0.2942,0.423
2022-23,2023-02-26,Ath Bilbao,Girona,A,0.1788,0.2161,0.6051,0.2828,0.2942,0.423
2022-23,2023-02-26,Sevilla,Osasuna,A,0.2444,0.2926,0.463,0.2828,0.2942,0.423
2022-23,2023-02-27,Villarreal,Getafe,H,0.1975,0.275,0.5275,0.2828,0.2942,0.423
2022-23,2023-03-01,Arsenal,Everton,H,0.1635,0.2269,0.6096,0.2828,0.2942,0.423
2022-23,2023-03-01,Liverpool,Wolves,H,0.1339,0.2316,0.6345,0.2828,0.2942,0.423
2022-23,2023-03-03,Dortmund,RB Leipzig,H,0.358,0.2282,0.4139,0.2828,0.2942,0.423
2022-23,2023-03-03,Sociedad,Cadiz,D,0.1499,0.2598,0.5903,0.2828,0.2942,0.423
2022-23,2023-03-04,Wolves,Tottenham,H,0.4383,0.2897,0.272,0.2828,0.2942,0.423
2022-23,2023-03-04,Chelsea,Leeds,H,0.166,0.2197,0.6143,0.2828,0.2942,0.423
2022-23,2023-03-04,Southampton,Leicester,H,0.4149,0.244,0.3411,0.2828,0.2942,0.423
2022-23,2023-03-04,Brighton,West Ham,H,0.2945,0.2729,0.4326,0.2828,0.2942,0.423
2022-23,2023-03-04,Union Berlin,FC Koln,D,0.2482,0.2542,0.4976,0.2828,0.2942,0.423
2022-23,2023-03-04,Augsburg,Werder Bremen,H,0.3116,0.2453,0.4431,0.2828,0.2942,0.423
2022-23,2023-03-04,Bochum,Schalke 04,A,0.182,0.2507,0.5673,0.2828,0.2942,0.423
2022-23,2023-03-04,Aston Villa,Crystal Palace,H,0.2831,0.265,0.4519,0.2828,0.2942,0.423
2022-23,2023-03-04,Mallorca,Elche,A,0.2167,0.2795,0.5038,0.2828,0.2942,0.423
2022-23,2023-03-04,Ath Madrid,Sevilla,H,0.2453,0.3001,0.4546,0.2828,0.2942,0.423
2022-23,2023-03-04,Mainz,Hoffenheim,H,0.3223,0.2274,0.4503,0.2828,0.2942,0.423
2022-23,2023-03-04,M'gladbach,Freiburg,D,0.344,0.2318,0.4242,0.29,0.26,0.45
2022-23,2023-03-04,Stuttgart,Bayern Munich,A,0.7871,0.1284,0.0845,0.2828,0.2942,0.423
2022-23,2023-03-04,Man City,Newcastle,H,0.0944,0.1711,0.7346,0.2828,0.2942,0.423
2022-23,2023-03-04,Getafe,Girona,H,0.3182,0.2711,0.4107,0.2828,0.2942,0.423
2022-23,2023-03-04,Almeria,Villarreal,A,0.7096,0.1642,0.1262,0.2828,0.2942,0.423
2022-23,2023-03-04,Arsenal,Bournemouth,H,0.0634,0.1231,0.8136,0.2828,0.2942,0.423
2022-23,2023-03-05,Wolfsburg,Ein Frankfurt,D,0.3414,0.2498,0.4088,0.2828,0.2942,0.423
2022-23,2023-03-05,Liverpool,Man United,H,0.2362,0.2408,0.523,0.2828,0.2942,0.423
2022-23,2023-03-05,Nott'm Forest,Everton,D,0.5225,0.2862,0.1913,0.29,0.26,0.45
2022-23,2023-03-05,Betis,Real Madrid,D,0.493,0.2593,0.2477,0.2828,0.2942,0.423
2022-23,2023-03-05,Vallecano,Ath Bilbao,D,0.4282,0.2976,0.2742,0.2828,0.2942,0.423
2022-23,2023-03-05,Barcelona,Valencia,H,0.1923,0.2285,0.5792,0.2828,0.2942,0.423
2022-23,2023-03-05,Valladolid,Espanol,H,0.4144,0.2978,0.2879,0.2828,0.2942,0.423
2022-23,2023-03-05,Leverkusen,Hertha,H,0.1878,0.2027,0.6095,0.2828,0.2942,0.423
2022-23,2023-03-06,Osasuna,Celta,D,0.3223,0.2642,0.4135,0.2828,0.2942,0.423
2022-23,2023-03-06,Brentford,Fulham,H,0.2589,0.2369,0.5042,0.2828,0.2942,0.423
2022-23,2023-03-10,Cadiz,Getafe,D,0.3625,0.3249,0.3126,0.2828,0.2942,0.423
2022-23,2023-03-10,FC Koln,Bochum,A,0.2071,0.2186,0.5742,0.2828,0.2942,0.423
2022-23,2023-03-11,Bayern Munich,Augsburg,H,0.0504,0.0897,0.86,0.2828,0.2942,0.423
2022-23,2023-03-11,Ein Frankfurt,Stuttgart,D,0.2538,0.2266,0.5196,0.2828,0.2942,0.423
2022-23,2023-03-11,Hertha,Mainz,D,0.4287,0.238,0.3333,0.2828,0.2942,0.423
2022-23,2023-03-11,RB Leipzig,M'gladbach,H,0.2072,0.1938,0.599,0.29,0.26,0.45
2022-23,2023-03-11,Real Madrid,Espanol,H,0.1327,0.1947,0.6727,0.2828,0.2942,0.423
2022-23,2023-03-11,Schalke 04,Dortmund,D,0.7194,0.1715,0.1092,0.2828,0.2942,0.423
2022-23,2023-03-11,Valencia,Osasuna,H,0.2958,0.2728,0.4314,0.2828,0.2942,0.423
2022-23,2023-03-11,Tottenham,Nott'm Forest,H,0.0623,0.1378,0.7998,0.29,0.26,0.45
2022-23,2023-03-11,Leeds,Brighton,D,0.4356,0.2454,0.319,0.2828,0.2942,0.423
2022-23,2023-03-11,Crystal Palace,Man City,A,0.6828,0.1906,0.1266,0.2828,0.2942,0.423
2022-23,2023-03-11,Leicester,Chelsea,A,0.4291,0.2636,0.3074,0.2828,0.2942,0.423
2022-23,2023-03-11,Celta,Vallecano,H,0.2771,0.2606,0.4623,0.2828,0.2942,0.423
2022-23,2023-03-11,Everton,Brentford,H,0.443,0.2432,0.3138,0.2828,0.2942,0.423
2022-23,2023-03-11,Bournemouth,Liverpool,H,0.7688,0.1363,0.0948,0.2828,0.2942,0.423
2022-23,2023-03-11,Elche,Valladolid,D,0.2781,0.2961,0.4258,0.2828,0.2942,0.423
2022-23,2023-03-12,Mallorca,Sociedad,D,0.4165,0.292,0.2915,0.2828,0.2942,0.423
2022-23,2023-03-12,Freiburg,Hoffenheim,H,0.2773,0.2229,0.4998,0.2828,0.2942,0.423
2022-23,2023-03-12,Werder Bremen,Leverkusen,A,0.4596,0.2202,0.3202,0.2828,0.2942,0.423
2022-23,2023-03-12,Wolfsburg,Union Berlin,D,0.3229,0.26,0.4171,0.2828,0.2942,0.423
2022-23,2023-03-12,Newcastle,Wolves,H,0.2551,0.3059,0.439,0.2828,0.2942,0.423
2022-23,2023-03-12,Ath Bilbao,Barcelona,A,0.3934,0.2767,0.3298,0.2828,0.2942,0.423
2022-23,2023-03-12,Villarreal,Betis,D,0.2928,0.2534,0.4539,0.2828,0.2942,0.423
2022-23,2023-03-12,Fulham,Arsenal,A,0.4576,0.2608,0.2816,0.2828,0.2942,0.423
2022-23,2023-03-12,Man United,Southampton,D,0.2002,0.2164,0.5834,0.2828,0.2942,0.423
2022-23,2023-03-12,West Ham,Aston Villa,D,0.3235,0.2462,0.4302,0.2828,0.2942,0.423
2022-23,2023-03-12,Sevilla,Almeria,H,0.1257,0.1728,0.7015,0.2828,0.2942,0.423
2022-23,2023-03-13,Girona,Ath Madrid,A,0.5405,0.2148,0.2446,0.2828,0.2942,0.423
2022-23,2023-03-15,Brighton,Crystal Palace,H,0.2356,0.266,0.4985,0.2828,0.2942,0.423
2022-23,2023-03-15,Southampton,Brentford,A,0.4357,0.2363,0.3279,0.2828,0.2942,0.423
2022-23,2023-03-17,Nott'm Forest,Newcastle,A,0.6354,0.235,0.1296,0.29,0.26,0.45
2022-23,2023-03-17,Valladolid,Ath Bilbao,A,0.5175,0.2809,0.2015,0.2828,0.2942,0.423
2022-23,2023-03-17,M'gladbach,Werder Bremen,D,0.2448,0.2031,0.5521,0.29,0.26,0.45
2022-23,2023-03-18,Almeria,Cadiz,D,0.4113,0.2635,0.3251,0.2828,0.2942,0.423
2022-23,2023-03-18,Aston Villa,Bournemouth,H,0.1382,0.167,0.6949,0.2828,0.2942,0.423
2022-23,2023-03-18,Brentford,Leicester,D,0.2903,0.2257,0.484,0.2828,0.2942,0.423
2022-23,2023-03-18,Wolves,Leeds,A,0.3107,0.276,0.4133,0.2828,0.2942,0.423
2022-23,2023-03-18,Ath Madrid,Valencia,H,0.2218,0.2629,0.5153,0.2828,0.2942,0.423
2022-23,2023-03-18,Vallecano,Girona,D,0.3188,0.2252,0.456,0.2828,0.2942,0.423
2022-23,2023-03-18,Dortmund,FC Koln,H,0.1822,0.1908,0.627,0.2828,0.2942,0.423
2022-23,2023-03-18,Southampton,Tottenham,D,0.4595,0.2404,0.3,0.2828,0.2942,0.423
2022-23,2023-03-18,Hoffenheim,Hertha,H,0.2595,0.2158,0.5247,0.2828,0.2942,0.423
2022-23,2023-03-18,Bochum,RB Leipzig,H,0.6596,0.187,0.1534,0.2828,0.2942,0.423
2022-23,2023-03-18,Augsburg,Schalke 04,D,0.1666,0.2306,0.6028,0.2828,0.2942,0.423
2022-23,2023-03-18,Espanol,Celta,A,0.3807,0.2505,0.3689,0.2828,0.2942,0.423
2022-23,2023-03-18,Chelsea,Everton,D,0.1701,0.2379,0.592,0.2828,0.2942,0.423
2022-23,2023-03-18,Stuttgart,Wolfsburg,A,0.4072,0.2446,0.3482,0.2828,0.2942,0.423
2022-23,2023-03-19,Mainz,Freiburg,D,0.3505,0.2426,0.407,0.2828,0.2942,0.423
2022-23,2023-03-19,Union Berlin,Ein Frankfurt,H,0.315,0.2547,0.4303,0.2828,0.2942,0.423
2022-23,2023-03-19,Leverkusen,Bayern Munich,H,0.681,0.1622,0.1567,0.2828,0.2942,0.423
2022-23,2023-03-19,Betis,Mallorca,H,0.2425,0.2574,0.5001,0.2828,0.2942,0.423
2022-23,2023-03-19,Getafe,Sevilla,H,0.3681,0.2995,0.3324,0.2828,0.2942,0.423
2022-23,2023-03-19,Sociedad,Elche,H,0.164,0.2465,0.5896,0.2828,0.2942,0.423
2022-23,2023-03-19,Barcelona,Real Madrid,H,0.3546,0.2642,0.3812,0.2828,0.2942,0.423
2022-23,2023-03-19,Arsenal,Crystal Palace,H,0.1975,0.2492,0.5533,0.2828,0.2942,0.423
2022-23,2023-03-19,Osasuna,Villarreal,A,0.3715,0.2739,0.3546,0.2828,0.2942,0.423
2022-23,2023-03-31,Ein Frankfurt,Bochum,D,0.204,0.2161,0.5799,0.2828,0.2942,0.423
2022-23,2023-03-31,Mallorca,Osasuna,D,0.3518,0.2967,0.3515,0.2828,0.2942,0.423
2022-23,2023-04-01,Bayern Munich,Dortmund,H,0.1559,0.1543,0.6899,0.2828,0.2942,0.423
2022-23,2023-04-01,Nott'm Forest,Wolves,D,0.5887,0.2627,0.1486,0.29,0.26,0.45
2022-23,2023-04-01,Brighton,Brentford,D,0.3283,0.2495,0.4222,0.2828,0.2942,0.423
2022-23,2023-04-01,Bournemouth,Fulham,H,0.4968,0.2372,0.266,0.2828,0.2942,0.423
2022-23,2023-04-01,Arsenal,Leeds,H,0.2163,0.2143,0.5695,0.2828,0.2942,0.423
2022-23,2023-04-01,Man City,Liverpool,H,0.1903,0.1961,0.6136,0.2828,0.2942,0.423
2022-23,2023-04-01,Elche,Barcelona,A,0.6138,0.2231,0.1631,0.2828,0.2942,0.423
2022-23,2023-04-01,Cadiz,Sevilla,A,0.4221,0.29,0.2879,0.2828,0.2942,0.423
2022-23,2023-04-01,Union Berlin,Stuttgart,H,0.2576,0.2515,0.4909,0.2828,0.2942,0.423
2022-23,2023-04-01,Wolfsburg,Augsburg,D,0.2427,0.2273,0.53,0.2828,0.2942,0.423
2022-23,2023-04-01,Schalke 04,Leverkusen,A,0.6088,0.2167,0.1744,0.2828,0.2942,0.423
2022-23,2023-04-01,RB Leipzig,Mainz,A,0.2291,0.2107,0.5602,0.2828,0.2942,0.423
2022-23,2023-04-01,Freiburg,Hertha,D,0.2423,0.2269,0.5308,0.2828,0.2942,0.423
2022-23,2023-04-01,Crystal Palace,Leicester,H,0.347,0.2667,0.3864,0.2828,0.2942,0.423
2022-23,2023-04-01,Ath Bilbao,Getafe,D,0.2388,0.2944,0.4668,0.2828,0.2942,0.423
2022-23,2023-04-01,Chelsea,Aston Villa,A,0.2572,0.2545,0.4882,0.2828,0.2942,0.423
2022-23,2023-04-01,Girona,Espanol,H,0.3395,0.2089,0.4516,0.2828,0.2942,0.423
2022-23,2023-04-02,Celta,Almeria,D,0.1347,0.1672,0.6981,0.2828,0.2942,0.423
2022-23,2023-04-02,Werder Bremen,Hoffenheim,A,0.3711,0.2203,0.4086,0.2828,0.2942,0.423
2022-23,2023-04-02,Real Madrid,Valladolid,H,0.0892,0.1775,0.7334,0.2828,0.2942,0.423
2022-23,2023-04-02,Villarreal,Sociedad,H,0.3162,0.2826,0.4012,0.2828,0.2942,0.423
2022-23,2023-04-02,Newcastle,Man United,H,0.3798,0.2669,0.3533,0.2828,0.2942,0.423
2022-23,2023-04-02,West Ham,Southampton,H,0.2687,0.2487,0.4826,0.2828,0.2942,0.423
2022-23,2023-04-02,FC Koln,M'gladbach,D,0.4027,0.2277,0.3696,0.29,0.26,0.45
2022-23,2023-04-02,Ath Madrid,Betis,H,0.2284,0.2721,0.4994,0.2828,0.2942,0.423
2022-23,2023-04-03,Valencia,Vallecano,D,0.264,0.2684,0.4676,0.2828,0.2942,0.423
2022-23,2023-04-03,Everton,Tottenham,D,0.4367,0.2492,0.3141,0.2828,0.2942,0.423
2022-23,2023-04-04,Leeds,Nott'm Forest,H,0.0898,0.1608,0.7494,0.29,0.26,0.45
2022-23,2023-04-04,Chelsea,Liverpool,D,0.3944,0.265,0.3406,0.2828,0.2942,0.423
2022-23,2023-04-04,Bournemouth,Brighton,A,0.5868,0.2187,0.1945,0.2828,0.2942,0.423
2022-23,2023-04-04,Leicester,Aston Villa,A,0.368,0.2406,0.3914,0.2828,0.2942,0.423
2022-23,2023-04-05,West Ham,Newcastle,A,0.3367,0.277,0.3863,0.2828,0.2942,0.423
2022-23,2023-04-05,Man United,Brentford,H,0.306,0.2374,0.4566,0.2828,0.2942,0.423
2022-23,2023-04-07,Sevilla,Celta,D,0.3374,0.2618,0.4008,0.2828,0.2942,0.423
2022-23,2023-04-08,Real Madrid,Villarreal,A,0.215,0.2393,0.5457,0.2828,0.2942,0.423
2022-23,2023-04-08,Southampton,Man City,A,0.7595,0.1437,0.0968,0.2828,0.2942,0.423
2022-23,2023-04-08,Wolves,Chelsea,H,0.4376,0.3002,0.2622,0.2828,0.2942,0.423
2022-23,2023-04-08,Leicester,Bournemouth,A,0.1744,0.1957,0.6299,0.2828,0.2942,0.423
2022-23,2023-04-08,Fulham,West Ham,A,0.3682,0.2645,0.3673,0.2828,0.2942,0.423
2022-23,2023-04-08,Brentford,Newcastle,A,0.3056,0.2547,0.4397,0.2828,0.2942,0.423
2022-23,2023-04-08,Man United,Everton,H,0.2165,0.2306,0.553,0.2828,0.2942,0.423
2022-23,2023-04-08,Sociedad,Getafe,H,0.2488,0.3019,0.4493,0.2828,0.2942,0.423
2022-23,2023-04-08,Aston Villa,Nott'm Forest,H,0.0739,0.1505,0.7755,0.29,0.26,0.45
2022-23,2023-04-08,Osasuna,Elche,H,0.2199,0.2728,0.5073,0.2828,0.2942,0.423
2022-23,2023-04-08,Hertha,RB Leipzig,A,0.5652,0.2094,0.2254,0.2828,0.2942,0.423
2022-23,2023-04-08,Mainz,Werder Bremen,D,0.2868,0.2219,0.4913,0.2828,0.2942,0.423
2022-23,2023-04-08,Espanol,Ath Bilbao,A,0.4285,0.2716,0.2999,0.2828,0.2942,0.423
2022-23,2023-04-08,Leverkusen,Ein Frankfurt,H,0.3147,0.2268,0.4585,0.2828,0.2942,0.423
2022-23,2023-04-08,Freiburg,Bayern Munich,A,0.6929,0.1624,0.1448,0.2828,0.2942,0.423
2022-23,2023-04-08,Dortmund,Union Berlin,H,0.2573,0.2291,0.5136,0.2828,0.2942,0.423
2022-23,2023-04-08,Augsburg,FC Koln,A,0.3517,0.2396,0.4088,0.2828,0.2942,0.423
2022-23,2023-04-08,Tottenham,Brighton,H,0.334,0.2541,0.4119,0.2828,0.2942,0.423
2022-23,2023-04-09,Bochum,Stuttgart,A,0.4228,0.2508,0.3265,0.2828,0.2942,0.423
2022-23,2023-04-09,Valladolid,Mallorca,D,0.4201,0.2968,0.2831,0.2828,0.2942,0.423
2022-23,2023-04-09,Betis,Cadiz,A,0.2106,0.2636,0.5258,0.2828,0.2942,0.423
2022-23,2023-04-09,Almeria,Valencia,H,0.6057,0.2039,0.1904,0.2828,0.2942,0.423
2022-23,2023-04-09,M'gladbach,Wolfsburg,H,0.3671,0.2321,0.4008,0.29,0.26,0.45
2022-23,2023-04-09,Leeds,Crystal Palace,A,0.3248,0.2564,0.4188,0.2828,0.2942,0.423
2022-23,2023-04-09,Hoffenheim,Schalke 04,H,0.1605,0.2067,0.6327,0.2828,0.2942,0.423
2022-23,2023-04-09,Liverpool,Arsenal,D,0.2703,0.2363,0.4935,0.2828,0.2942,0.423
2022-23,2023-04-09,Vallecano,Ath Madrid,A,0.477,0.288,0.235,0.2828,0.2942,0.423
2022-23,2023-04-10,Barcelona,Girona,D,0.1505,0.1587,0.6908,0.2828,0.2942,0.423
2022-23,2023-04-14,Vallecano,Osasuna,H,0.3381,0.3055,0.3564,0.2828,0.2942,0.423
2022-23,2023-04-14,Schalke 04,Hertha,H,0.4793,0.2714,0.2493,0.2828,0.2942,0.423
2022-23,2023-04-15,Cadiz,Real Madrid,A,0.6499,0.2206,0.1296,0.2828,0.2942,0.423
2022-23,2023-04-15,Ath Bilbao,Sociedad,H,0.2975,0.3116,0.391,0.2828,0.2942,0.423
2022-23,2023-04-15,Man City,Leicester,H,0.0582,0.1062,0.8356,0.2828,0.2942,0.423
2022-23,2023-04-15,Tottenham,Bournemouth,A,0.1171,0.17,0.7129,0.2828,0.2942,0.423
2022-23,2023-04-15,Southampton,Crystal Palace,A,0.3665,0.2772,0.3563,0.2828,0.2942,0.423
2022-23,2023-04-15,Chelsea,Brighton,A,0.2647,0.2808,0.4545,0.2828,0.2942,0.423
2022-23,2023-04-15,Aston Villa,Newcastle,H,0.3359,0.2682,0.3959,0.2828,0.2942,0.423
2022-23,2023-04-15,Betis,Espanol,H,0.2396,0.2479,0.5125,0.2828,0.2942,0.423
2022-23,2023-04-15,Stuttgart,Dortmund,D,0.5407,0.2145,0.2448,0.2828,0.2942,0.423
2022-23,2023-04-15,Ein Frankfurt,M'gladbach,D,0.3174,0.2302,0.4525,0.29,0.26,0.45
2022-23,2023-04-15,Villarreal,Valladolid,A,0.1196,0.1958,0.6846,0.2828,0.2942,0.423
2022-23,2023-04-15,RB Leipzig,Augsburg,H,0.1473,0.1812,0.6715,0.2828,0.2942,0.423
2022-23,2023-04-15,FC Koln,Mainz,D,0.3884,0.246,0.3656,0.2828,0.2942,0.423
2022-23,2023-04-15,Bayern Munich,Hoffenheim,D,0.0591,0.0903,0.8507,0.2828,0.2942,0.423
2022-23,2023-04-15,Everton,Fulham,A,0.3124,0.2745,0.4131,0.2828,0.2942,0.423
2022-23,2023-04-15,Wolves,Brentford,H,0.3997,0.2808,0.3195,0.2828,0.2942,0.423
2022-23,2023-04-16,Union Berlin,Bochum,D,0.1682,0.2256,0.6061,0.2828,0.2942,0.423
2022-23,2023-04-16,Wolfsburg,Leverkusen,D,0.3572,0.2379,0.4048,0.2828,0.2942,0.423
2022-23,2023-04-16,Girona,Elche,H,0.2032,0.2114,0.5854,0.2828,0.2942,0.423
2022-23,2023-04-16,Getafe,Barcelona,D,0.5111,0.2735,0.2154,0.2828,0.2942,0.423
2022-23,2023-04-16,Ath Madrid,Almeria,H,0.0808,0.1498,0.7694,0.2828,0.2942,0.423
2022-23,2023-04-16,Valencia,Sevilla,A,0.3279,0.275,0.3971,0.2828,0.2942,0.423
2022-23,2023-04-16,Werder Bremen,Freiburg,A,0.4265,0.2401,0.3335,0.2828,0.2942,0.423
2022-23,2023-04-16,Nott'm Forest,Man United,A,0.7515,0.1694,0.0791,0.29,0.26,0.45
2022-23,2023-04-16,West Ham,Arsenal,D,0.4425,0.2598,0.2977,0.2828,0.2942,0.423
2022-23,2023-04-17,Celta,Mallorca,A,0.2589,0.2599,0.4813,0.2828,0.2942,0.423
2022-23,2023-04-17,Leeds,Liverpool,A,0.6018,0.2006,0.1976,0.2828,0.2942,0.423
2022-23,2023-04-21,Espanol,Cadiz,D,0.2625,0.2794,0.4581,0.2828,0.2942,0.423
2022-23,2023-04-21,Arsenal,Southampton,D,0.1567,0.2038,0.6395,0.2828,0.2942,0.423
2022-23,2023-04-21,Augsburg,Stuttgart,D,0.3496,0.2479,0.4025,0.2828,0.2942,0.423
2022-23,2023-04-22,Real Madrid,Celta,H,0.1388,0.1943,0.6669,0.2828,0.2942,0.423
2022-23,2023-04-22,Fulham,Leeds,H,0.3456,0.2478,0.4066,0.2828,0.2942,0.423
2022-23,2023-04-22,Brentford,Aston Villa,D,0.3148,0.2399,0.4453,0.2828,0.2942,0.423
2022-23,2023-04-22,Valladolid,Girona,H,0.5061,0.2278,0.2661,0.2828,0.2942,0.423
2022-23,2023-04-22,Liverpool,Nott'm Forest,H,0.0273,0.0828,0.8899,0.29,0.26,0.45
2022-23,2023-04-22,Crystal Palace,Everton,D,0.2682,0.2795,0.4524,0.2828,0.2942,0.423
2022-23,2023-04-22,Sociedad,Vallecano,H,0.2158,0.2847,0.4995,0.2828,0.2942,0.423
2022-23,2023-04-22,Leicester,Wolves,H,0.2727,0.278,0.4493,0.2828,0.2942,0.423
2022-23,2023-04-22,Dortmund,Ein Frankfurt,H,0.2244,0.2042,0.5714,0.2828,0.2942,0.423
2022-23,2023-04-22,Mainz,Bayern Munich,H,0.7098,0.1558,0.1344,0.2828,0.2942,0.423
2022-23,2023-04-22,Hoffenheim,FC Koln,A,0.3015,0.2292,0.4692,0.2828,0.2942,0.423
2022-23,2023-04-22,Hertha,Werder Bremen,A,0.3666,0.2375,0.3959,0.2828,0.2942,0.423
2022-23,2023-04-22,Bochum,Wolfsburg,A,0.5002,0.2419,0.2579,0.2828,0.2942,0.423
2022-23,2023-04-22,Osasuna,Betis,H,0.3494,0.2913,0.3593,0.2828,0.2942,0.423
2022-23,2023-04-22,Almeria,Ath Bilbao,A,0.5943,0.2203,0.1854,0.2828,0.2942,0.423
2022-23,2023-04-23,Newcastle,Tottenham,H,0.3392,0.2666,0.3941,0.2828,0.2942,0.423
2022-23,2023-04-23,Bournemouth,West Ham,A,0.5336,0.24,0.2263,0.2828,0.2942,0.423
2022-23,2023-04-23,Sevilla,Villarreal,H,0.3774,0.271,0.3516,0.2828,0.2942,0.423
2022-23,2023-04-23,Elche,Valencia,A,0.477,0.271,0.252,0.2828,0.2942,0.423
2022-23,2023-04-23,Barcelona,Ath Madrid,H,0.3004,0.2897,0.4099,0.2828,0.2942,0.423
2022-23,2023-04-23,M'gladbach,Union Berlin,A,0.3632,0.2544,0.3823,0.29,0.26,0.45
2022-23,2023-04-23,Leverkusen,RB Leipzig,H,0.4135,0.2285,0.358,0.2828,0.2942,0.423
2022-23,2023-04-23,Freiburg,Schalke 04,H,0.1082,0.1993,0.6926,0.2828,0.2942,0.423
2022-23,2023-04-23,Mallorca,Getafe,H,0.3168,0.3135,0.3698,0.2828,0.2942,0.423
2022-23,2023-04-25,Aston Villa,Fulham,H,0.2322,0.2428,0.5249,0.2828,0.2942,0.423
2022-23,2023-04-25,Leeds,Leicester,D,0.3816,0.2335,0.3849,0.2828,0.2942,0.423
2022-23,2023-04-25,Wolves,Crystal Palace,H,0.3305,0.3183,0.3512,0.2828,0.2942,0.423
2022-23,2023-04-25,Cadiz,Osasuna,A,0.3904,0.3156,0.2941,0.2828,0.2942,0.423
2022-23,2023-04-25,Girona,Real Madrid,H,0.6356,0.1883,0.1762,0.2828,0.2942,0.423
2022-23,2023-04-25,Betis,Sociedad,D,0.3429,0.2928,0.3643,0.2828,0.2942,0.423
2022-23,2023-04-26,Vallecano,Barcelona,H,0.5372,0.2532,0.2096,0.2828,0.2942,0.423
2022-23,2023-04-26,Celta,Elche,H,0.1833,0.2334,0.5833,0.2828,0.2942,0.423
2022-23,2023-04-26,Ath Madrid,Mallorca,H,0.1509,0.2531,0.596,0.2828,0.2942,0.423
2022-23,2023-04-26,Getafe,Almeria,A,0.2,0.2367,0.5633,0.2828,0.2942,0.423
2022-23,2023-04-26,Man City,Arsenal,H,0.125,0.1724,0.7026,0.2828,0.2942,0.423
2022-23,2023-04-26,West Ham,Liverpool,A,0.5051,0.2431,0.2517,0.2828,0.2942,0.423
2022-23,2023-04-26,Chelsea,Brentford,A,0.2518,0.2573,0.4908,0.2828,0.2942,0.423
2022-23,2023-04-26,Nott'm Forest,Brighton,H,0.7094,0.1954,0.0952,0.29,0.26,0.45
2022-23,2023-04-27,Valencia,Valladolid,H,0.1636,0.2314,0.6051,0.2828,0.2942,0.423
2022-23,2023-04-27,Villarreal,Espanol,H,0.1949,0.2275,0.5776,0.2828,0.2942,0.423
2022-23,2023-04-27,Ath Bilbao,Sevilla,A,0.2696,0.2869,0.4435,0.2828,0.2942,0.423
2022-23,2023-04-27,Everton,Newcastle,A,0.4206,0.2801,0.2993,0.2828,0.2942,0.423
2022-23,2023-04-27,Tottenham,Man United,D,0.3525,0.2508,0.3968,0.2828,0.2942,0.423
2022-23,2023-04-27,Southampton,Bournemouth,A,0.2114,0.2269,0.5617,0.2828,0.2942,0.423
2022-23,2023-04-28,Bochum,Dortmund,D,0.6653,0.1785,0.1562,0.2828,0.2942,0.423
2022-23,2023-04-28,Osasuna,Sociedad,A,0.3733,0.3067,0.3199,0.2828,0.2942,0.423
2022-23,2023-04-29,Elche,Vallecano,H,0.4378,0.29,0.2722,0.2828,0.2942,0.423
2022-23,2023-04-29,Brentford,Nott'm Forest,H,0.0799,0.1486,0.7715,0.29,0.26,0.45
2022-23,2023-04-29,Union Berlin,Leverkusen,D,0.316,0.257,0.427,0.2828,0.2942,0.423
2022-23,2023-04-29,Schalke 04,Werder Bremen,H,0.516,0.231,0.2529,0.2828,0.2942,0.423
2022-23,2023-04-29,RB Leipzig,Hoffenheim,H,0.1654,0.1797,0.6549,0.2828,0.2942,0.423
2022-23,2023-04-29,Stuttgart,M'gladbach,H,0.3805,0.2356,0.3839,0.29,0.26,0.45
2022-23,2023-04-29,Crystal Palace,West Ham,H,0.3599,0.2823,0.3578,0.2828,0.2942,0.423
2022-23,2023-04-29,Brighton,Wolves,H,0.1981,0.2731,0.5288,0.2828,0.2942,0.423
2022-23,2023-04-29,Barcelona,Betis,H,0.1912,0.2272,0.5816,0.2828,0.2942,0.423
2022-23,2023-04-29,Real Madrid,Almeria,H,0.0449,0.0927,0.8624,0.2828,0.2942,0.423
2022-23,2023-04-29,FC Koln,Freiburg,A,0.3986,0.2516,0.3497,0.2828,0.2942,0.423
2022-23,2023-04-29,Ein Frankfurt,Augsburg,D,0.2009,0.2113,0.5878,0.2828,0.2942,0.423
2022-23,2023-04-30,Newcastle,Southampton,H,0.1847,0.226,0.5893,0.2828,0.2942,0.423
2022-23,2023-04-30,Bayern Munich,Hertha,H,0.0287,0.0597,0.9116,0.2828,0.2942,0.423
2022-23,2023-04-30,Cadiz,Valencia,H,0.4423,0.2915,0.2662,0.2828,0.2942,0.423
2022-23,2023-04-30,Liverpool,Tottenham,H,0.1827,0.1981,0.6192,0.2828,0.2942,0.423
2022-23,2023-04-30,Villarreal,Celta,H,0.2289,0.2288,0.5424,0.2828,0.2942,0.423
2022-23,2023-04-30,Espanol,Getafe,H,0.3083,0.289,0.4028,0.2828,0.2942,0.423
2022-23,2023-04-30,Valladolid,Ath Madrid,A,0.6305,0.2335,0.136,0.2828,0.2942,0.423
2022-23,2023-04-30,Bournemouth,Leeds,H,0.4672,0.2242,0.3086,0.2828,0.2942,0.423
2022-23,2023-04-30,Wolfsburg,Mainz,H,0.2829,0.239,0.4781,0.2828,0.2942,0.423
2022-23,2023-04-30,Man United,Aston Villa,H,0.2405,0.2332,0.5263,0.2828,0.2942,0.423
2022-23,2023-04-30,Fulham,Man City,A,0.813,0.1239,0.0631,0.2828,0.2942,0.423
2022-23,2023-05-01,Mallorca,Ath Bilbao,D,0.4255,0.2903,0.2842,0.2828,0.2942,0.423
2022-23,2023-05-01,Leicester,Everton,D,0.2076,0.2249,0.5676,0.2828,0.2942,0.423
2022-23,2023-05-01,Sevilla,Girona,A,0.2257,0.2152,0.5591,0.2828,0.2942,0.423
2022-23,2023-05-02,Arsenal,Chelsea,H,0.3051,0.2703,0.4246,0.2828,0.2942,0.423
2022-23,2023-05-02,Almeria,Elche,H,0.2708,0.2481,0.4811,0.2828,0.2942,0.423
2022-23,2023-05-02,Barcelona,Osasuna,H,0.1534,0.2317,0.6148,0.2828,0.2942,0.423
2022-23,2023-05-02,Sociedad,Real Madrid,H,0.4321,0.2871,0.2808,0.2828,0.2942,0.423
2022-23,2023-05-03,Valencia,Villarreal,D,0.3763,0.2589,0.3647,0.2828,0.2942,0.423
2022-23,2023-05-03,Ath Madrid,Cadiz,H,0.0888,0.2136,0.6976,0.2828,0.2942,0.423
2022-23,2023-05-03,Getafe,Celta,H,0.3628,0.2877,0.3495,0.2828,0.2942,0.423
2022-23,2023-05-03,Liverpool,Fulham,H,0.1,0.1644,0.7356,0.2828,0.2942,0.423
2022-23,2023-05-03,Man City,West Ham,H,0.0527,0.1056,0.8416,0.2828,0.2942,0.423
2022-23,2023-05-04,Ath Bilbao,Betis,A,0.2572,0.2671,0.4757,0.2828,0.2942,0.423
2022-23,2023-05-04,Brighton,Man United,H,0.3261,0.2612,0.4127,0.2828,0.2942,0.423
2022-23,2023-05-04,Sevilla,Espanol,H,0.1717,0.22,0.6083,0.2828,0.2942,0.423
2022-23,2023-05-04,Vallecano,Valladolid,H,0.1914,0.2508,0.5579,0.2828,0.2942,0.423
2022-23,2023-05-04,Girona,Mallorca,H,0.2634,0.2293,0.5073,0.2828,0.2942,0.423
2022-23,2023-05-05,Leverkusen,FC Koln,A,0.1944,0.2005,0.605,0.2828,0.2942,0.423
2022-23,2023-05-05,Mainz,Schalke 04,A,0.0932,0.1611,0.7457,0.2828,0.2942,0.423
2022-23,2023-05-06,Tottenham,Crystal Palace,H,0.2182,0.2431,0.5387,0.2828,0.2942,0.423
2022-23,2023-05-06,Man City,Leeds,H,0.0208,0.0487,0.9305,0.2828,0.2942,0.423
2022-23,2023-05-06,Werder Bremen,Bayern Munich,A,0.7898,0.1186,0.0916,0.2828,0.2942,0.423
2022-23,2023-05-06,M'gladbach,Bochum,H,0.1501,0.1806,0.6693,0.29,0.26,0.45
2022-23,2023-05-06,Hoffenheim,Ein Frankfurt,H,0.3619,0.2296,0.4085,0.2828,0.2942,0.423
2022-23,2023-05-06,Freiburg,RB Leipzig,A,0.3953,0.2466,0.3581,0.2828,0.2942,0.423
2022-23,2023-05-06,Wolves,Aston Villa,H,0.3664,0.2891,0.3446,0.2828,0.2942,0.423
2022-23,2023-05-06,Augsburg,Union Berlin,H,0.447,0.2649,0.2881,0.2828,0.2942,0.423
2022-23,2023-05-06,Bournemouth,Chelsea,A,0.6487,0.2101,0.1412,0.2828,0.2942,0.423
2022-23,2023-05-06,Liverpool,Brentford,H,0.1624,0.1917,0.6459,0.2828,0.2942,0.423
2022-23,2023-05-06,Hertha,Stuttgart,H,0.377,0.2446,0.3784,0.2828,0.2942,0.423
2022-23,2023-05-07,Newcastle,Arsenal,A,0.3691,0.2587,0.3722,0.2828,0.2942,0.423
2022-23,2023-05-07,Dortmund,Wolfsburg,H,0.2228,0.2075,0.5697,0.2828,0.2942,0.423
2022-23,2023-05-07,West Ham,Man United,H,0.3736,0.2569,0.3695,0.2828,0.2942,0.423
2022-23,2023-05-08,Brighton,Everton,A,0.1627,0.2234,0.6139,0.2828,0.2942,0.423
2022-23,2023-05-08,Fulham,Leicester,H,0.4009,0.2517,0.3474,0.2828,0.2942,0.423
2022-23,2023-05-08,Nott'm Forest,Southampton,H,0.5147,0.2541,0.2312,0.29,0.26,0.45
2022-23,2023-05-12,FC Koln,Hertha,H,0.2273,0.2184,0.5542,0.2828,0.2942,0.423
2022-23,2023-05-12,Mallorca,Cadiz,H,0.2206,0.2777,0.5016,0.2828,0.2942,0.423
2022-23,2023-05-13,Real Madrid,Getafe,H,0.1036,0.2054,0.691,0.2828,0.2942,0.423
2022-23,2023-05-13,Osasuna,Almeria,H,0.1898,0.2111,0.5991,0.2828,0.2942,0.423
2022-23,2023-05-13,Bochum,Augsburg,H,0.4025,0.2475,0.35,0.2828,0.2942,0.423
2022-23,2023-05-13,Ein Frankfurt,Mainz,H,0.2936,0.2264,0.4801,0.2828,0.2942,0.423
2022-23,2023-05-13,Union Berlin,Freiburg,H,0.2813,0.271,0.4477,0.2828,0.2942,0.423
2022-23,2023-05-13,Wolfsburg,Hoffenheim,H,0.2585,0.2142,0.5273,0.2828,0.2942,0.423
2022-23,2023-05-13,Dortmund,M'gladbach,H,0.1772,0.1739,0.649,0.29,0.26,0.45
2022-23,2023-05-13,Sociedad,Girona,D,0.2306,0.2308,0.5386,0.2828,0.2942,0.423
2022-23,2023-05-13,Bayern Munich,Schalke 04,H,0.0145,0.0382,0.9473,0.2828,0.2942,0.423
2022-23,2023-05-13,Leeds,Newcastle,D,0.461,0.2337,0.3053,0.2828,0.2942,0.423
2022-23,2023-05-13,Aston Villa,Tottenham,H,0.3416,0.2349,0.4235,0.2828,0.2942,0.423
2022-23,2023-05-13,Chelsea,Nott'm Forest,D,0.0601,0.1337,0.8062,0.29,0.26,0.45
2022-23,2023-05-13,Crystal Palace,Bournemouth,H,0.1767,0.2196,0.6037,0.2828,0.2942,0.423
2022-23,2023-05-13,Man United,Wolves,H,0.1688,0.2471,0.5841,0.2828,0.2942,0.423
2022-23,2023-05-13,Southampton,Fulham,A,0.3392,0.2505,0.4103,0.2828,0.2942,0.423
2022-23,2023-05-13,Villarreal,Ath Bilbao,H,0.2941,0.2706,0.4353,0.2828,0.2942,0.423
2022-23,2023-05-14,Arsenal,Brighton,A,0.2479,0.2328,0.5193,0.2828,0.2942,0.423
2022-23,2023-05-14,Everton,Man City,A,0.8124,0.1217,0.066,0.2828,0.2942,0.423
2022-23,2023-05-14,Brentford,West Ham,H,0.3051,0.2407,0.4542,0.2828,0.2942,0.423
2022-23,2023-05-14,Espanol,Barcelona,A,0.5828,0.2232,0.194,0.2828,0.2942,0.423
2022-23,2023-05-14,RB Leipzig,Werder Bremen,H,0.1158,0.146,0.7381,0.2828,0.2942,0.423
2022-23,2023-05-14,Elche,Ath Madrid,H,0.6319,0.2297,0.1384,0.2828,0.2942,0.423
2022-23,2023-05-14,Stuttgart,Leverkusen,D,0.4589,0.2272,0.3139,0.2828,0.2942,0.423
2022-23,2023-05-14,Celta,Valencia,A,0.316,0.2506,0.4335,0.2828,0.2942,0.423
2022-23,2023-05-14,Valladolid,Sevilla,A,0.5434,0.2416,0.215,0.2828,0.2942,0.423
2022-23,2023-05-15,Leicester,Liverpool,A,0.5284,0.2168,0.2547,0.2828,0.2942,0.423
2022-23,2023-05-15,Betis,Vallecano,H,0.2081,0.2333,0.5586,0.2828,0.2942,0.423
2022-23,2023-05-18,Newcastle,Brighton,H,0.3185,0.2601,0.4214,0.2828,0.2942,0.423
2022-23,2023-05-19,Freiburg,Wolfsburg,H,0.3045,0.242,0.4535,0.2828,0.2942,0.423
2022-23,2023-05-19,Cadiz,Valladolid,H,0.2725,0.2827,0.4448,0.2828,0.2942,0.423
2022-23,2023-05-20,Barcelona,Sociedad,A,0.2271,0.2693,0.5036,0.2828,0.2942,0.423
2022-23,2023-05-20,Nott'm Forest,Arsenal,H,0.7378,0.1592,0.103,0.29,0.26,0.45
2022-23,2023-05-20,Wolves,Everton,D,0.2894,0.2898,0.4207,0.2828,0.2942,0.423
2022-23,2023-05-20,Liverpool,Aston Villa,D,0.1638,0.1953,0.6408,0.2828,0.2942,0.423
2022-23,2023-05-20,Fulham,Crystal Palace,D,0.3145,0.2763,0.4092,0.2828,0.2942,0.423
2022-23,2023-05-20,Tottenham,Brentford,A,0.2793,0.2245,0.4963,0.2828,0.2942,0.423
2022-23,2023-05-20,Getafe,Elche,D,0.2099,0.2923,0.4978,0.2828,0.2942,0.423
2022-23,2023-05-20,Bournemouth,Man United,A,0.6266,0.1999,0.1735,0.2828,0.2942,0.423
2022-23,2023-05-20,Ath Bilbao,Celta,H,0.227,0.253,0.52,0.2828,0.2942,0.423
2022-23,2023-05-20,Girona,Villarreal,A,0.3943,0.2262,0.3796,0.2828,0.2942,0.423
2022-23,2023-05-20,Bayern Munich,RB Leipzig,A,0.1566,0.1664,0.677,0.2828,0.2942,0.423
2022-23,2023-05-20,Werder Bremen,FC Koln,D,0.3565,0.2265,0.417,0.2828,0.2942,0.423
2022-23,2023-05-20,Schalke 04,Ein Frankfurt,D,0.5864,0.215,0.1985,0.2828,0.2942,0.423
2022-23,2023-05-20,Hoffenheim,Union Berlin,H,0.3759,0.2564,0.3677,0.2828,0.2942,0.423
2022-23,2023-05-20,Hertha,Bochum,D,0.2592,0.2328,0.508,0.2828,0.2942,0.423
2022-23,2023-05-20,Almeria,Mallorca,H,0.4112,0.237,0.3518,0.2828,0.2942,0.423
2022-23,2023-05-21,Man City,Chelsea,H,0.0981,0.1673,0.7346,0.2828,0.2942,0.423
2022-23,2023-05-21,Leverkusen,M'gladbach,D,0.2413,0.2045,0.5542,0.29,0.26,0.45
2022-23,2023-05-21,Vallecano,Espanol,A,0.2912,0.2537,0.4551,0.2828,0.2942,0.423
2022-23,2023-05-21,Augsburg,Dortmund,A,0.5731,0.2016,0.2253,0.2828,0.2942,0.423
2022-23,2023-05-21,Sevilla,Betis,D,0.2859,0.2523,0.4617,0.2828,0.2942,0.423
2022-23,2023-05-21,West Ham,Leeds,H,0.2062,0.1998,0.594,0.2828,0.2942,0.423
2022-23,2023-05-21,Brighton,Southampton,H,0.1694,0.2039,0.6267,0.2828,0.2942,0.423
2022-23,2023-05-21,Mainz,Stuttgart,A,0.2447,0.2184,0.5369,0.2828,0.2942,0.423
2022-23,2023-05-21,Valencia,Real Madrid,H,0.5193,0.2454,0.2353,0.2828,0.2942,0.423
2022-23,2023-05-21,Ath Madrid,Osasuna,H,0.1519,0.2464,0.6017,0.2828,0.2942,0.423
2022-23,2023-05-22,Newcastle,Leicester,D,0.2529,0.2294,0.5176,0.2828,0.2942,0.423
2022-23,2023-05-23,Sociedad,Almeria,H,0.1123,0.1664,0.7213,0.2828,0.2942,0.423
2022-23,2023-05-23,Celta,Girona,D,0.3299,0.2224,0.4476,0.2828,0.2942,0.423
2022-23,2023-05-23,Valladolid,Barcelona,H,0.6699,0.1977,0.1324,0.2828,0.2942,0.423
2022-23,2023-05-24,Real Madrid,Vallecano,H,0.0986,0.1725,0.7289,0.2828,0.2942,0.423
2022-23,2023-05-24,Villarreal,Cadiz,H,0.1263,0.206,0.6677,0.2828,0.2942,0.423
2022-23,2023-05-24,Elche,Sevilla,D,0.5317,0.255,0.2133,0.2828,0.2942,0.423
2022-23,2023-05-24,Espanol,Ath Madrid,D,0.5633,0.2388,0.1979,0.2828,0.2942,0.423
2022-23,2023-05-24,Brighton,Man City,D,0.6775,0.1831,0.1394,0.2828,0.2942,0.423
2022-23,2023-05-24,Betis,Getafe,A,0.205,0.2638,0.5313,0.2828,0.2942,0.423
2022-23,2023-05-25,Mallorca,Valencia,H,0.3639,0.2712,0.3649,0.2828,0.2942,0.423
2022-23,2023-05-25,Man United,Chelsea,H,0.3197,0.2749,0.4054,0.2828,0.2942,0.423
2022-23,2023-05-25,Osasuna,Ath Bilbao,H,0.3797,0.3052,0.3151,0.2828,0.2942,0.423
2022-23,2023-05-27,Stuttgart,Hoffenheim,D,0.3459,0.2319,0.4222,0.2828,0.2942,0.423
2022-23,2023-05-27,Sevilla,Real Madrid,A,0.4612,0.264,0.2748,0.2828,0.2942,0.423
2022-23,2023-05-27,Wolfsburg,Hertha,A,0.2114,0.2156,0.573,0.2828,0.2942,0.423
2022-23,2023-05-27,Union Berlin,Werder Bremen,H,0.249,0.2343,0.5167,0.2828,0.2942,0.423
2022-23,2023-05-27,RB Leipzig,Schalke 04,H,0.0961,0.1569,0.747,0.2828,0.2942,0.423
2022-23,2023-05-27,FC Koln,Bayern Munich,A,0.6907,0.164,0.1454,0.2828,0.2942,0.423
2022-23,2023-05-27,Ein Frankfurt,Freiburg,H,0.3342,0.2444,0.4214,0.2828,0.2942,0.423
2022-23,2023-05-27,Dortmund,Mainz,D,0.1903,0.1873,0.6224,0.2828,0.2942,0.423
2022-23,2023-05-27,Bochum,Leverkusen,H,0.5036,0.2332,0.2632,0.2828,0.2942,0.423
2022-23,2023-05-27,M'gladbach,Augsburg,H,0.2542,0.2197,0.5261,0.29,0.26,0.45
2022-23,2023-05-28,Crystal Palace,Nott'm Forest,D,0.1605,0.2268,0.6126,0.29,0.26,0.45
2022-23,2023-05-28,Leicester,West Ham,H,0.3359,0.253,0.4111,0.2828,0.2942,0.423
2022-23,2023-05-28,Everton,Bournemouth,H,0.2324,0.2359,0.5317,0.2828,0.2942,0.423
2022-23,2023-05-28,Leeds,Tottenham,A,0.4065,0.2314,0.3621,0.2828,0.2942,0.423
2022-23,2023-05-28,Aston Villa,Brighton,H,0.3291,0.2599,0.4111,0.2828,0.2942,0.423
2022-23,2023-05-28,Man United,Fulham,H,0.2484,0.2455,0.506,0.2828,0.2942,0.423
2022-23,2023-05-28,Southampton,Liverpool,D,0.584,0.214,0.2021,0.2828,0.2942,0.423
2022-23,2023-05-28,Chelsea,Newcastle,D,0.312,0.2801,0.4079,0.2828,0.2942,0.423
2022-23,2023-05-28,Vallecano,Villarreal,H,0.4285,0.2627,0.3087,0.2828,0.2942,0.423
2022-23,2023-05-28,Cadiz,Celta,H,0.4161,0.2893,0.2946,0.2828,0.2942,0.423
2022-23,2023-05-28,Getafe,Osasuna,H,0.3356,0.3224,0.342,0.2828,0.2942,0.423
2022-23,2023-05-28,Ath Bilbao,Elche,A,0.1803,0.2618,0.5579,0.2828,0.2942,0.423
2022-23,2023-05-28,Ath Madrid,Sociedad,H,0.2589,0.3007,0.4403,0.2828,0.2942,0.423
2022-23,2023-05-28,Barcelona,Mallorca,H,0.1751,0.2327,0.5922,0.2828,0.2942,0.423
2022-23,2023-05-28,Brentford,Man City,H,0.6337,0.1979,0.1683,0.2828,0.2942,0.423
2022-23,2023-05-28,Almeria,Valladolid,D,0.292,0.2197,0.4882,0.2828,0.2942,0.423
2022-23,2023-05-28,Girona,Betis,A,0.2992,0.2252,0.4756,0.2828,0.2942,0.423
2022-23,2023-05-28,Valencia,Espanol,D,0.2854,0.2497,0.4649,0.2828,0.2942,0.423
2022-23,2023-05-28,Arsenal,Wolves,H,0.2052,0.2564,0.5385,0.2828,0.2942,0.423
2022-23,2023-06-04,Valladolid,Getafe,D,0.377,0.3057,0.3173,0.2828,0.2942,0.423
2022-23,2023-06-04,Espanol,Almeria,D,0.2563,0.2002,0.5436,0.2828,0.2942,0.423
2022-23,2023-06-04,Celta,Barcelona,H,0.4568,0.2548,0.2884,0.2828,0.2942,0.423
2022-23,2023-06-04,Villarreal,Ath Madrid,D,0.3611,0.2798,0.3591,0.2828,0.2942,0.423
2022-23,2023-06-04,Sociedad,Sevilla,H,0.2781,0.2948,0.4271,0.2828,0.2942,0.423
2022-23,2023-06-04,Real Madrid,Ath Bilbao,D,0.2102,0.2528,0.537,0.2828,0.2942,0.423
2022-23,2023-06-04,Osasuna,Girona,H,0.3726,0.2416,0.3858,0.2828,0.2942,0.423
2022-23,2023-06-04,Mallorca,Vallecano,H,0.313,0.2794,0.4077,0.2828,0.2942,0.423
2022-23,2023-06-04,Elche,Cadiz,D,0.3017,0.3144,0.3839,0.2828,0.2942,0.423
2022-23,2023-06-04,Betis,Valencia,D,0.3102,0.2701,0.4197,0.2828,0.2942,0.423
2023-24,2023-08-11,Burnley,Man City,A,0.8506,0.1073,0.0421,0.2828,0.2942,0.423
2023-24,2023-08-11,Almeria,Vallecano,A,0.3825,0.2365,0.381,0.2828,0.2942,0.423
2023-24,2023-08-11,Sevilla,Valencia,A,0.2811,0.2728,0.4461,0.2828,0.2942,0.423
2023-24,2023-08-12,Bournemouth,West Ham,D,0.5268,0.2401,0.2331,0.2828,0.2942,0.423
2023-24,2023-08-12,Arsenal,Nott'm Forest,H,0.0798,0.144,0.7763,0.29,0.26,0.45
2023-24,2023-08-12,Newcastle,Aston Villa,H,0.2952,0.2623,0.4425,0.2828,0.2942,0.423
2023-24,2023-08-12,Sheffield United,Crystal Palace,A,0.5378,0.2937,0.1685,0.2828,0.2942,0.423
2023-24,2023-08-12,Everton,Fulham,A,0.3558,0.2643,0.3799,0.2828,0.2942,0.423
2023-24,2023-08-12,Sociedad,Girona,D,0.2522,0.2406,0.5073,0.2828,0.2942,0.423
2023-24,2023-08-12,Brighton,Luton,H,0.1002,0.1699,0.73,0.29,0.26,0.45
2023-24,2023-08-12,Las Palmas,Mallorca,D,0.4714,0.277,0.2516,0.29,0.26,0.45
2023-24,2023-08-12,Ath Bilbao,Real Madrid,A,0.4441,0.2791,0.2768,0.2828,0.2942,0.423
2023-24,2023-08-13,Chelsea,Liverpool,D,0.4081,0.2638,0.3281,0.2828,0.2942,0.423
2023-24,2023-08-13,Getafe,Barcelona,D,0.4937,0.2866,0.2196,0.2828,0.2942,0.423
2023-24,2023-08-13,Brentford,Tottenham,D,0.2967,0.238,0.4653,0.2828,0.2942,0.423
2023-24,2023-08-13,Villarreal,Betis,A,0.2677,0.2501,0.4822,0.2828,0.2942,0.423
2023-24,2023-08-13,Celta,Osasuna,A,0.3061,0.2762,0.4176,0.2828,0.2942,0.423
2023-24,2023-08-14,Cadiz,Alaves,H,0.2068,0.3009,0.4923,0.2828,0.2942,0.423
2023-24,2023-08-14,Man United,Wolves,H,0.1737,0.2551,0.5713,0.2828,0.2942,0.423
2023-24,2023-08-14,Ath Madrid,Granada,H,0.1385,0.1889,0.6727,0.2828,0.2942,0.423
2023-24,2023-08-18,Valencia,Las Palmas,H,0.1354,0.2135,0.6511,0.29,0.26,0.45
2023-24,2023-08-18,Werder Bremen,Bayern Munich,A,0.7701,0.1295,0.1004,0.2828,0.2942,0.423
2023-24,2023-08-18,Mallorca,Villarreal,A,0.4459,0.2666,0.2875,0.2828,0.2942,0.423
2023-24,2023-08-18,Nott'm Forest,Sheffield United,H,0.2193,0.2971,0.4836,0.29,0.26,0.45
2023-24,2023-08-19,Hoffenheim,Freiburg,A,0.3624,0.2377,0.3999,0.2828,0.2942,0.423
2023-24,2023-08-19,Augsburg,M'gladbach,D,0.4272,0.2362,0.3366,0.29,0.26,0.45
2023-24,2023-08-19,Man City,Newcastle,H,0.083,0.1492,0.7679,0.2828,0.2942,0.423
2023-24,2023-08-19,Tottenham,Man United,H,0.3698,0.249,0.3812,0.2828,0.2942,0.423
2023-24,2023-08-19,Wolves,Brighton,A,0.4392,0.2884,0.2724,0.2828,0.2942,0.423
2023-24,2023-08-19,Leverkusen,RB Leipzig,H,0.4241,0.2333,0.3426,0.2828,0.2942,0.423
2023-24,2023-08-19,Liverpool,Bournemouth,H,0.0631,0.1181,0.8188,0.2828,0.2942,0.423
2023-24,2023-08-19,Wolfsburg,Heidenheim,H,0.1462,0.2136,0.6401,0.29,0.26,0.45
2023-24,2023-08-19,Dortmund,FC Koln,H,0.1628,0.1782,0.6589,0.2828,0.2942,0.423
2023-24,2023-08-19,Sociedad,Celta,D,0.2343,0.2694,0.4963,0.2828,0.2942,0.423
2023-24,2023-08-19,Almeria,Real Madrid,A,0.6925,0.1692,0.1383,0.2828,0.2942,0.423
2023-24,2023-08-19,Osasuna,Ath Bilbao,A,0.3545,0.3047,0.3408,0.2828,0.2942,0.423
2023-24,2023-08-19,Fulham,Brentford,A,0.4159,0.2556,0.3284,0.2828,0.2942,0.423
2023-24,2023-08-19,Stuttgart,Bochum,H,0.233,0.227,0.5399,0.2828,0.2942,0.423
2023-24,2023-08-20,Union Berlin,Mainz,H,0.2628,0.2526,0.4846,0.2828,0.2942,0.423
2023-24,2023-08-20,Ein Frankfurt,Darmstadt,H,0.1606,0.2161,0.6234,0.29,0.26,0.45
2023-24,2023-08-20,Girona,Getafe,H,0.2482,0.2566,0.4952,0.2828,0.2942,0.423
2023-24,2023-08-20,Barcelona,Cadiz,H,0.1103,0.2089,0.6808,0.2828,0.2942,0.423
2023-24,2023-08-20,Betis,Ath Madrid,D,0.4158,0.2794,0.3048,0.2828,0.2942,0.423
2023-24,2023-08-20,West Ham,Chelsea,H,0.3808,0.2779,0.3413,0.2828,0.2942,0.423
2023-24,2023-08-20,Aston Villa,Everton,H,0.2187,0.2392,0.5421,0.2828,0.2942,0.423
2023-24,2023-08-21,Granada,Vallecano,A,0.3296,0.2424,0.428,0.2828,0.2942,0.423
2023-24,2023-08-21,Crystal Palace,Arsenal,A,0.4583,0.2654,0.2762,0.2828,0.2942,0.423
2023-24,2023-08-21,Alaves,Sevilla,H,0.5913,0.2467,0.162,0.2828,0.2942,0.423
2023-24,2023-08-25,Celta,Real Madrid,A,0.551,0.2345,0.2146,0.2828,0.2942,0.423
2023-24,2023-08-25,Las Palmas,Sociedad,D,0.6048,0.2567,0.1385,0.2828,0.2942,0.423
2023-24,2023-08-25,RB Leipzig,Stuttgart,H,0.1992,0.2031,0.5978,0.2828,0.2942,0.423
2023-24,2023-08-25,Chelsea,Luton,H,0.0565,0.1117,0.8319,0.2828,0.2942,0.423
2023-24,2023-08-26,FC Koln,Wolfsburg,A,0.3889,0.2497,0.3614,0.2828,0.2942,0.423
2023-24,2023-08-26,Freiburg,Werder Bremen,H,0.2612,0.2293,0.5095,0.2828,0.2942,0.423
2023-24,2023-08-26,Everton,Wolves,A,0.3103,0.2909,0.3988,0.2828,0.2942,0.423
2023-24,2023-08-26,Bochum,Dortmund,D,0.6402,0.1842,0.1756,0.2828,0.2942,0.423
2023-24,2023-08-26,Darmstadt,Union Berlin,A,0.5876,0.2593,0.1532,0.2828,0.2942,0.423
2023-24,2023-08-26,Brighton,West Ham,A,0.2771,0.2579,0.465,0.2828,0.2942,0.423
2023-24,2023-08-26,Heidenheim,Hoffenheim,A,0.3149,0.2098,0.4753,0.2828,0.2942,0.423
2023-24,2023-08-26,Man United,Nott'm Forest,H,0.1394,0.2011,0.6596,0.29,0.26,0.45
2023-24,2023-08-26,Cadiz,Almeria,D,0.3429,0.2645,0.3926,0.2828,0.2942,0.423
2023-24,2023-08-26,Granada,Mallorca,H,0.3596,0.2534,0.387,0.2828,0.2942,0.423
2023-24,2023-08-26,Brentford,Crystal Palace,D,0.2372,0.26,0.5028,0.2828,0.2942,0.423
2023-24,2023-08-26,Arsenal,Fulham,D,0.2134,0.23,0.5565,0.2828,0.2942,0.423
2023-24,2023-08-26,Bournemouth,Tottenham,A,0.5262,0.2328,0.241,0.2828,0.2942,0.423
2023-24,2023-08-26,Sevilla,Girona,A,0.3557,0.2399,0.4044,0.2828,0.2942,0.423
2023-24,2023-08-26,M'gladbach,Leverkusen,A,0.3702,0.2271,0.4027,0.29,0.26,0.45
2023-24,2023-08-27,Mainz,Ein Frankfurt,D,0.352,0.2387,0.4093,0.2828,0.2942,0.423
2023-24,2023-08-27,Bayern Munich,Augsburg,H,0.0608,0.0957,0.8435,0.2828,0.2942,0.423
2023-24,2023-08-27,Villarreal,Barcelona,A,0.4008,0.2565,0.3427,0.2828,0.2942,0.423
2023-24,2023-08-27,Valencia,Osasuna,A,0.3015,0.2878,0.4107,0.2828,0.2942,0.423
2023-24,2023-08-27,Newcastle,Liverpool,A,0.448,0.2481,0.3039,0.2828,0.2942,0.423
2023-24,2023-08-27,Sheffield United,Man City,A,0.9123,0.0699,0.0178,0.2828,0.2942,0.423
2023-24,2023-08-27,Ath Bilbao,Betis,H,0.298,0.2918,0.4101,0.2828,0.2942,0.423
2023-24,2023-08-27,Burnley,Aston Villa,A,0.5233,0.261,0.2157,0.2828,0.2942,0.423
2023-24,2023-08-28,Vallecano,Ath Madrid,A,0.4658,0.2795,0.2547,0.2828,0.2942,0.423
2023-24,2023-08-28,Getafe,Alaves,H,0.1933,0.2905,0.5161,0.2828,0.2942,0.423
2023-24,2023-09-01,Almeria,Celta,A,0.4281,0.2348,0.3371,0.2828,0.2942,0.423
2023-24,2023-09-01,Luton,West Ham,A,0.7272,0.16,0.1128,0.2828,0.2942,0.423
2023-24,2023-09-01,Dortmund,Heidenheim,D,0.1858,0.1675,0.6468,0.2828,0.2942,0.423
2023-24,2023-09-01,Cadiz,Villarreal,H,0.4992,0.2752,0.2256,0.2828,0.2942,0.423
2023-24,2023-09-02,Augsburg,Bochum,D,0.2934,0.2382,0.4683,0.2828,0.2942,0.423
2023-24,2023-09-02,Hoffenheim,Wolfsburg,H,0.3793,0.238,0.3826,0.2828,0.2942,0.423
2023-24,2023-09-02,Leverkusen,Darmstadt,H,0.1032,0.186,0.7107,0.2828,0.2942,0.423
2023-24,2023-09-02,Stuttgart,Freiburg,H,0.3584,0.2497,0.3919,0.2828,0.2942,0.423
2023-24,2023-09-02,Werder Bremen,Mainz,H,0.3743,0.233,0.3927,0.2828,0.2942,0.423
2023-24,2023-09-02,M'gladbach,Bayern Munich,A,0.6764,0.1617,0.1619,0.29,0.26,0.45
2023-24,2023-09-02,Sociedad,Granada,H,0.2083,0.2359,0.5558,0.2828,0.2942,0.423
2023-24,2023-09-02,Brentford,Bournemouth,D,0.1518,0.2037,0.6445,0.2828,0.2942,0.423
2023-24,2023-09-02,Alaves,Valencia,H,0.5221,0.2614,0.2165,0.2828,0.2942,0.423
2023-24,2023-09-02,Betis,Vallecano,H,0.2672,0.2712,0.4616,0.2828,0.2942,0.423
2023-24,2023-09-02,Burnley,Tottenham,A,0.5449,0.2475,0.2075,0.2828,0.2942,0.423
2023-24,2023-09-02,Man City,Fulham,H,0.0693,0.1277,0.803,0.2828,0.2942,0.423
2023-24,2023-09-02,Brighton,Newcastle,H,0.3316,0.2697,0.3987,0.2828,0.2942,0.423
2023-24,2023-09-02,Sheffield United,Everton,D,0.5809,0.2716,0.1475,0.2828,0.2942,0.423
2023-24,2023-09-02,Chelsea,Nott'm Forest,A,0.1597,0.2257,0.6146,0.29,0.26,0.45
2023-24,2023-09-02,Real Madrid,Getafe,H,0.1309,0.2291,0.64,0.2828,0.2942,0.423
2023-24,2023-09-03,Crystal Palace,Wolves,H,0.264,0.3018,0.4342,0.2828,0.2942,0.423
2023-24,2023-09-03,Arsenal,Man United,H,0.2914,0.2518,0.4568,0.2828,0.2942,0.423
2023-24,2023-09-03,Girona,Las Palmas,H,0.0849,0.1463,0.7688,0.2828,0.2942,0.423
2023-24,2023-09-03,Ein Frankfurt,FC Koln,D,0.2978,0.2392,0.463,0.2828,0.2942,0.423
2023-24,2023-09-03,Liverpool,Aston Villa,H,0.1993,0.2095,0.5912,0.2828,0.2942,0.423
2023-24,2023-09-03,Mallorca,Ath Bilbao,D,0.3808,0.3025,0.3167,0.2828,0.2942,0.423
2023-24,2023-09-03,Osasuna,Barcelona,A,0.4802,0.265,0.2548,0.2828,0.2942,0.423
2023-24,2023-09-03,Union Berlin,RB Leipzig,A,0.4049,0.2539,0.3412,0.2828,0.2942,0.423
2023-24,2023-09-15,Vallecano,Alaves,H,0.1932,0.2563,0.5505,0.2828,0.2942,0.423
2023-24,2023-09-15,Bayern Munich,Leverkusen,D,0.1271,0.1479,0.725,0.2828,0.2942,0.423
2023-24,2023-09-16,Bochum,Ein Frankfurt,D,0.4769,0.2401,0.2831,0.2828,0.2942,0.423
2023-24,2023-09-16,West Ham,Man City,A,0.7022,0.1782,0.1196,0.2828,0.2942,0.423
2023-24,2023-09-16,Celta,Mallorca,A,0.2674,0.2735,0.4592,0.2828,0.2942,0.423
2023-24,2023-09-16,Freiburg,Dortmund,A,0.4834,0.2244,0.2922,0.2828,0.2942,0.423
2023-24,2023-09-16,Mainz,Stuttgart,A,0.3525,0.2347,0.4128,0.2828,0.2942,0.423
2023-24,2023-09-16,RB Leipzig,Augsburg,H,0.1082,0.1513,0.7406,0.2828,0.2942,0.423
2023-24,2023-09-16,Wolfsburg,Union Berlin,H,0.3303,0.2646,0.4051,0.2828,0.2942,0.423
2023-24,2023-09-16,Valencia,Ath Madrid,H,0.4763,0.2748,0.2489,0.2828,0.2942,0.423
2023-24,2023-09-16,Ath Bilbao,Cadiz,H,0.1743,0.2828,0.5429,0.2828,0.2942,0.423
2023-24,2023-09-16,Aston Villa,Crystal Palace,H,0.2637,0.26,0.4763,0.2828,0.2942,0.423
2023-24,2023-09-16,Barcelona,Betis,H,0.1914,0.2245,0.5841,0.2828,0.2942,0.423
2023-24,2023-09-16,Wolves,Liverpool,A,0.5874,0.2318,0.1808,0.2828,0.2942,0.423
2023-24,2023-09-16,Newcastle,Brentford,H,0.3067,0.2628,0.4305,0.2828,0.2942,0.423
2023-24,2023-09-16,Fulham,Luton,H,0.0684,0.1089,0.8227,0.2828,0.2942,0.423
2023-24,2023-09-16,Man United,Brighton,A,0.293,0.2537,0.4533,0.2828,0.2942,0.423
2023-24,2023-09-16,Tottenham,Sheffield United,H,0.0644,0.1554,0.7802,0.2828,0.2942,0.423
2023-24,2023-09-16,FC Koln,Hoffenheim,A,0.3522,0.2347,0.4131,0.2828,0.2942,0.423
2023-24,2023-09-17,Heidenheim,Werder Bremen,H,0.2676,0.1966,0.5358,0.2828,0.2942,0.423
2023-24,2023-09-17,Darmstadt,M'gladbach,D,0.7864,0.1282,0.0855,0.29,0.26,0.45
2023-24,2023-09-17,Getafe,Osasuna,H,0.3345,0.3301,0.3354,0.2828,0.2942,0.423
2023-24,2023-09-17,Everton,Arsenal,A,0.5628,0.2293,0.208,0.2828,0.2942,0.423
2023-24,2023-09-17,Real Madrid,Sociedad,H,0.1877,0.2499,0.5624,0.2828,0.2942,0.423
2023-24,2023-09-17,Bournemouth,Chelsea,D,0.5308,0.2521,0.2171,0.2828,0.2942,0.423
2023-24,2023-09-17,Sevilla,Las Palmas,H,0.1144,0.2473,0.6383,0.2828,0.2942,0.423
2023-24,2023-09-17,Villarreal,Almeria,H,0.1276,0.155,0.7173,0.2828,0.2942,0.423
2023-24,2023-09-18,Nott'm Forest,Burnley,D,0.2695,0.2707,0.4598,0.29,0.26,0.45
2023-24,2023-09-18,Granada,Girona,A,0.4876,0.2017,0.3107,0.2828,0.2942,0.423
2023-24,2023-09-22,Alaves,Ath Bilbao,A,0.5558,0.2652,0.179,0.2828,0.2942,0.423
2023-24,2023-09-22,Stuttgart,Darmstadt,H,0.0468,0.0902,0.863,0.2828,0.2942,0.423
2023-24,2023-09-23,Bayern Munich,Bochum,H,0.0381,0.0743,0.8876,0.2828,0.2942,0.423
2023-24,2023-09-23,Augsburg,Mainz,H,0.3864,0.2391,0.3745,0.2828,0.2942,0.423
2023-24,2023-09-23,Crystal Palace,Fulham,D,0.2971,0.2719,0.431,0.2828,0.2942,0.423
2023-24,2023-09-23,Dortmund,Wolfsburg,H,0.207,0.1976,0.5954,0.2828,0.2942,0.423
2023-24,2023-09-23,Union Berlin,Hoffenheim,A,0.2648,0.2378,0.4974,0.2828,0.2942,0.423
2023-24,2023-09-23,Burnley,Man United,A,0.5906,0.2368,0.1726,0.2828,0.2942,0.423
2023-24,2023-09-23,Brentford,Everton,A,0.1848,0.2258,0.5894,0.2828,0.2942,0.423
2023-24,2023-09-23,Man City,Nott'm Forest,H,0.0235,0.0633,0.9132,0.29,0.26,0.45
2023-24,2023-09-23,Almeria,Valencia,D,0.4626,0.2357,0.3017,0.2828,0.2942,0.423
2023-24,2023-09-23,Barcelona,Celta,H,0.1558,0.2042,0.64,0.2828,0.2942,0.423
2023-24,2023-09-23,M'gladbach,RB Leipzig,A,0.521,0.2137,0.2652,0.29,0.26,0.45
2023-24,2023-09-23,Girona,Mallorca,H,0.2182,0.2297,0.552,0.2828,0.2942,0.423
2023-24,2023-09-23,Werder Bremen,FC Koln,H,0.3565,0.2398,0.4037,0.2828,0.2942,0.423
2023-24,2023-09-23,Osasuna,Sevilla,D,0.3577,0.2846,0.3577,0.2828,0.2942,0.423
2023-24,2023-09-23,Luton,Wolves,D,0.6494,0.1933,0.1573,0.2828,0.2942,0.423
2023-24,2023-09-24,Vallecano,Villarreal,D,0.4908,0.2474,0.2619,0.2828,0.2942,0.423
2023-24,2023-09-24,Leverkusen,Heidenheim,H,0.2341,0.1878,0.5781,0.2828,0.2942,0.423
2023-24,2023-09-24,Chelsea,Aston Villa,A,0.2814,0.2678,0.4508,0.2828,0.2942,0.423
2023-24,2023-09-24,Ein Frankfurt,Freiburg,D,0.318,0.2493,0.4327,0.2828,0.2942,0.423
2023-24,2023-09-24,Sociedad,Getafe,H,0.191,0.3121,0.4969,0.2828,0.2942,0.423
2023-24,2023-09-24,Betis,Cadiz,D,0.1858,0.2652,0.549,0.2828,0.2942,0.423
2023-24,2023-09-24,Ath Madrid,Real Madrid,H,0.3582,0.2767,0.3651,0.2828,0.2942,0.423
2023-24,2023-09-24,Las Palmas,Granada,H,0.4788,0.2674,0.2538,0.2828,0.2942,0.423
2023-24,2023-09-24,Arsenal,Tottenham,D,0.2538,0.2228,0.5234,0.2828,0.2942,0.423
2023-24,2023-09-24,Brighton,Bournemouth,H,0.1392,0.1908,0.67,0.2828,0.2942,0.423
2023-24,2023-09-24,Liverpool,West Ham,H,0.1604,0.1983,0.6413,0.2828,0.2942,0.423
2023-24,2023-09-24,Sheffield United,Newcastle,A,0.6478,0.2395,0.1127,0.2828,0.2942,0.423
2023-24,2023-09-26,Mallorca,Barcelona,D,0.5531,0.2453,0.2016,0.2828,0.2942,0.423
2023-24,2023-09-26,Sevilla,Almeria,H,0.1674,0.1918,0.6408,0.2828,0.2942,0.423
2023-24,2023-09-27,Real Madrid,Las Palmas,H,0.049,0.1489,0.8021,0.2828,0.2942,0.423
2023-24,2023-09-27,Ath Bilbao,Getafe,D,0.2049,0.3146,0.4805,0.2828,0.2942,0.423
2023-24,2023-09-27,Villarreal,Girona,A,0.2788,0.2182,0.503,0.2828,0.2942,0.423
2023-24,2023-09-27,Cadiz,Vallecano,D,0.3357,0.3075,0.3568,0.2828,0.2942,0.423
2023-24,2023-09-27,Valencia,Sociedad,A,0.3715,0.2976,0.3309,0.2828,0.2942,0.423
2023-24,2023-09-28,Osasuna,Ath Madrid,A,0.4833,0.2783,0.2385,0.2828,0.2942,0.423
2023-24,2023-09-28,Granada,Betis,D,0.4531,0.2268,0.32,0.2828,0.2942,0.423
2023-24,2023-09-28,Celta,Alaves,D,0.1517,0.2252,0.6231,0.2828,0.2942,0.423
2023-24,2023-09-29,Hoffenheim,Dortmund,A,0.4566,0.215,0.3284,0.2828,0.2942,0.423
2023-24,2023-09-29,Barcelona,Sevilla,H,0.203,0.2323,0.5648,0.2828,0.2942,0.423
2023-24,2023-09-30,Sociedad,Ath Bilbao,H,0.288,0.2939,0.4181,0.2828,0.2942,0.423
2023-24,2023-09-30,Heidenheim,Union Berlin,H,0.4193,0.2153,0.3653,0.2828,0.2942,0.423
2023-24,2023-09-30,FC Koln,Stuttgart,A,0.3539,0.2399,0.4062,0.2828,0.2942,0.423
2023-24,2023-09-30,Bochum,M'gladbach,A,0.4845,0.2286,0.2869,0.29,0.26,0.45
2023-24,2023-09-30,RB Leipzig,Bayern Munich,D,0.4674,0.213,0.3196,0.2828,0.2942,0.423
2023-24,2023-09-30,Getafe,Villarreal,D,0.4067,0.281,0.3123,0.2828,0.2942,0.423
2023-24,2023-09-30,Vallecano,Mallorca,D,0.3295,0.2839,0.3866,0.2828,0.2942,0.423
2023-24,2023-09-30,Girona,Real Madrid,A,0.4662,0.224,0.3098,0.2828,0.2942,0.423
2023-24,2023-09-30,Wolfsburg,Ein Frankfurt,H,0.2844,0.2444,0.4712,0.2828,0.2942,0.423
2023-24,2023-09-30,Everton,Luton,A,0.0946,0.1559,0.7495,0.2828,0.2942,0.423
2023-24,2023-09-30,West Ham,Sheffield United,H,0.0547,0.1335,0.8117,0.2828,0.2942,0.423
2023-24,2023-09-30,Tottenham,Liverpool,H,0.4681,0.2295,0.3023,0.2828,0.2942,0.423
2023-24,2023-09-30,Wolves,Man City,H,0.7278,0.1758,0.0964,0.2828,0.2942,0.423
2023-24,2023-09-30,Aston Villa,Brighton,H,0.3417,0.2456,0.4127,0.2828,0.2942,0.423
2023-24,2023-09-30,Newcastle,Burnley,H,0.1242,0.2058,0.67,0.2828,0.2942,0.423
2023-24,2023-09-30,Man United,Crystal Palace,A,0.211,0.2489,0.5401,0.2828,0.2942,0.423
2023-24,2023-09-30,Mainz,Leverkusen,A,0.4416,0.2324,0.326,0.2828,0.2942,0.423
2023-24,2023-09-30,Bournemouth,Arsenal,A,0.6059,0.2136,0.1805,0.2828,0.2942,0.423
2023-24,2023-10-01,Freiburg,Augsburg,H,0.2214,0.2257,0.5528,0.2828,0.2942,0.423
2023-24,2023-10-01,Almeria,Granada,D,0.373,0.2003,0.4268,0.2828,0.2942,0.423
2023-24,2023-10-01,Betis,Valencia,H,0.2971,0.2661,0.4368,0.2828,0.2942,0.423
2023-24,2023-10-01,Ath Madrid,Cadiz,H,0.111,0.2283,0.6607,0.2828,0.2942,0.423
2023-24,2023-10-01,Nott'm Forest,Brentford,D,0.5309,0.2423,0.2268,0.29,0.26,0.45
2023-24,2023-10-01,Alaves,Osasuna,A,0.5194,0.2716,0.209,0.2828,0.2942,0.423
2023-24,2023-10-01,Darmstadt,Werder Bremen,H,0.7064,0.1529,0.1406,0.2828,0.2942,0.423
2023-24,2023-10-02,Fulham,Chelsea,A,0.4205,0.2829,0.2966,0.2828,0.2942,0.423
2023-24,2023-10-02,Las Palmas,Celta,H,0.4455,0.332,0.2225,0.2828,0.2942,0.423
2023-24,2023-10-03,Luton,Burnley,A,0.5209,0.2449,0.2342,0.2828,0.2942,0.423
2023-24,2023-10-06,M'gladbach,Mainz,D,0.2789,0.221,0.5,0.29,0.26,0.45
2023-24,2023-10-06,Ath Bilbao,Almeria,H,0.1467,0.1845,0.6688,0.2828,0.2942,0.423
2023-24,2023-10-07,Cadiz,Girona,A,0.5285,0.2394,0.2321,0.2828,0.2942,0.423
2023-24,2023-10-07,Real Madrid,Osasuna,H,0.1464,0.2178,0.6359,0.2828,0.2942,0.423
2023-24,2023-10-07,Augsburg,Darmstadt,A,0.0863,0.1229,0.7908,0.2828,0.2942,0.423
2023-24,2023-10-07,Dortmund,Union Berlin,H,0.24,0.2297,0.5303,0.2828,0.2942,0.423
2023-24,2023-10-07,RB Leipzig,Bochum,D,0.0879,0.1412,0.7709,0.2828,0.2942,0.423
2023-24,2023-10-07,Werder Bremen,Hoffenheim,A,0.4126,0.2219,0.3655,0.2828,0.2942,0.423
2023-24,2023-10-07,Stuttgart,Wolfsburg,H,0.3591,0.2404,0.4005,0.2828,0.2942,0.423
2023-24,2023-10-07,Mallorca,Valencia,D,0.3607,0.2794,0.3599,0.2828,0.2942,0.423
2023-24,2023-10-07,Man United,Brentford,H,0.2807,0.2499,0.4694,0.2828,0.2942,0.423
2023-24,2023-10-07,Crystal Palace,Nott'm Forest,D,0.1995,0.2509,0.5496,0.29,0.26,0.45
2023-24,2023-10-07,Sevilla,Vallecano,D,0.2094,0.2541,0.5364,0.2828,0.2942,0.423
2023-24,2023-10-07,Luton,Tottenham,A,0.7771,0.1351,0.0878,0.2828,0.2942,0.423
2023-24,2023-10-07,Fulham,Sheffield United,H,0.0776,0.1711,0.7513,0.2828,0.2942,0.423
2023-24,2023-10-07,Everton,Bournemouth,H,0.2404,0.2453,0.5143,0.2828,0.2942,0.423
2023-24,2023-10-07,Burnley,Chelsea,A,0.5225,0.2706,0.2069,0.2828,0.2942,0.423
2023-24,2023-10-08,Bayern Munich,Freiburg,H,0.1004,0.1369,0.7627,0.2828,0.2942,0.423
2023-24,2023-10-08,Ein Frankfurt,Heidenheim,H,0.27,0.1908,0.5393,0.2828,0.2942,0.423
2023-24,2023-10-08,Brighton,Liverpool,D,0.442,0.2408,0.3172,0.2828,0.2942,0.423
2023-24,2023-10-08,Ath Madrid,Sociedad,H,0.2356,0.2786,0.4858,0.2828,0.2942,0.423
2023-24,2023-10-08,West Ham,Newcastle,D,0.3852,0.2646,0.3501,0.2828,0.2942,0.423
2023-24,2023-10-08,Leverkusen,FC Koln,H,0.2156,0.2148,0.5696,0.2828,0.2942,0.423
2023-24,2023-10-08,Alaves,Betis,D,0.5691,0.247,0.1839,0.2828,0.2942,0.423
2023-24,2023-10-08,Granada,Barcelona,D,0.6366,0.183,0.1804,0.2828,0.2942,0.423
2023-24,2023-10-08,Arsenal,Man City,H,0.5612,0.2264,0.2124,0.2828,0.2942,0.423
2023-24,2023-10-08,Wolves,Aston Villa,D,0.4143,0.2684,0.3173,0.2828,0.2942,0.423
2023-24,2023-10-08,Celta,Getafe,D,0.2763,0.2844,0.4392,0.2828,0.2942,0.423
2023-24,2023-10-08,Villarreal,Las Palmas,A,0.1164,0.2542,0.6294,0.2828,0.2942,0.423
2023-24,2023-10-20,Dortmund,Werder Bremen,H,0.1312,0.1497,0.7192,0.2828,0.2942,0.423
2023-24,2023-10-20,Osasuna,Granada,H,0.2531,0.2189,0.528,0.2828,0.2942,0.423
2023-24,2023-10-21,Bournemouth,Wolves,A,0.4196,0.2767,0.3036,0.2828,0.2942,0.423
2023-24,2023-10-21,Brentford,Burnley,H,0.143,0.205,0.652,0.2828,0.2942,0.423
2023-24,2023-10-21,Man City,Brighton,H,0.0866,0.1413,0.7721,0.2828,0.2942,0.423
2023-24,2023-10-21,Getafe,Betis,D,0.362,0.2944,0.3436,0.2828,0.2942,0.423
2023-24,2023-10-21,Nott'm Forest,Luton,D,0.1651,0.22,0.6149,0.29,0.26,0.45
2023-24,2023-10-21,Sociedad,Mallorca,H,0.1944,0.2557,0.5499,0.2828,0.2942,0.423
2023-24,2023-10-21,Liverpool,Everton,H,0.1217,0.1784,0.6999,0.2828,0.2942,0.423
2023-24,2023-10-21,Newcastle,Crystal Palace,H,0.1961,0.2527,0.5512,0.2828,0.2942,0.423
2023-24,2023-10-21,Celta,Ath Madrid,A,0.4698,0.2586,0.2716,0.2828,0.2942,0.423
2023-24,2023-10-21,Wolfsburg,Leverkusen,A,0.356,0.2398,0.4042,0.2828,0.2942,0.423
2023-24,2023-10-21,Mainz,Bayern Munich,A,0.7154,0.1518,0.1327,0.2828,0.2942,0.423
2023-24,2023-10-21,Sheffield United,Man United,A,0.7757,0.1539,0.0704,0.2828,0.2942,0.423
2023-24,2023-10-21,Union Berlin,Stuttgart,A,0.2942,0.2441,0.4617,0.2828,0.2942,0.423
2023-24,2023-10-21,Hoffenheim,Ein Frankfurt,A,0.3164,0.2294,0.4543,0.2828,0.2942,0.423
2023-24,2023-10-21,Freiburg,Bochum,H,0.1699,0.2106,0.6195,0.2828,0.2942,0.423
2023-24,2023-10-21,Darmstadt,RB Leipzig,A,0.8224,0.1028,0.0747,0.2828,0.2942,0.423
2023-24,2023-10-21,Chelsea,Arsenal,D,0.3339,0.277,0.3892,0.2828,0.2942,0.423
2023-24,2023-10-21,Sevilla,Real Madrid,D,0.4664,0.2634,0.2702,0.2828,0.2942,0.423
2023-24,2023-10-22,Girona,Almeria,H,0.1165,0.1281,0.7554,0.2828,0.2942,0.423
2023-24,2023-10-22,Villarreal,Alaves,D,0.0937,0.1759,0.7304,0.2828,0.2942,0.423
2023-24,2023-10-22,Heidenheim,Augsburg,A,0.254,0.2005,0.5455,0.2828,0.2942,0.423
2023-24,2023-10-22,Las Palmas,Vallecano,A,0.3383,0.3414,0.3203,0.2828,0.2942,0.423
2023-24,2023-10-22,Aston Villa,West Ham,H,0.2789,0.2375,0.4835,0.2828,0.2942,0.423
2023-24,2023-10-22,Barcelona,Ath Bilbao,H,0.2275,0.2572,0.5153,0.2828,0.2942,0.423
2023-24,2023-10-22,FC Koln,M'gladbach,H,0.3662,0.2351,0.3987,0.29,0.26,0.45
2023-24,2023-10-23,Valencia,Cadiz,H,0.1926,0.2766,0.5307,0.2828,0.2942,0.423
2023-24,2023-10-23,Tottenham,Fulham,H,0.2215,0.2248,0.5537,0.2828,0.2942,0.423
2023-24,2023-10-27,Bochum,Mainz,D,0.4303,0.2454,0.3243,0.2828,0.2942,0.423
2023-24,2023-10-27,Girona,Celta,H,0.2304,0.2033,0.5663,0.2828,0.2942,0.423
2023-24,2023-10-27,Crystal Palace,Tottenham,A,0.3883,0.2657,0.346,0.2828,0.2942,0.423
2023-24,2023-10-28,Augsburg,Wolfsburg,H,0.4685,0.2416,0.2898,0.2828,0.2942,0.423
2023-24,2023-10-28,Werder Bremen,Union Berlin,H,0.4339,0.2406,0.3255,0.2828,0.2942,0.423
2023-24,2023-10-28,Stuttgart,Hoffenheim,A,0.3132,0.2171,0.4697,0.2828,0.2942,0.423
2023-24,2023-10-28,Almeria,Las Palmas,A,0.3037,0.2822,0.4142,0.2828,0.2942,0.423
2023-24,2023-10-28,Bayern Munich,Darmstadt,H,0.0064,0.0149,0.9788,0.2828,0.2942,0.423
2023-24,2023-10-28,RB Leipzig,FC Koln,H,0.1515,0.1906,0.6579,0.2828,0.2942,0.423
2023-24,2023-10-28,Mallorca,Getafe,D,0.2991,0.2994,0.4016,0.2828,0.2942,0.423
2023-24,2023-10-28,Barcelona,Real Madrid,A,0.3524,0.2668,0.3808,0.2828,0.2942,0.423
2023-24,2023-10-28,Cadiz,Sevilla,D,0.4449,0.2978,0.2573,0.2828,0.2942,0.423
2023-24,2023-10-28,Chelsea,Brentford,A,0.2614,0.2657,0.473,0.2828,0.2942,0.423
2023-24,2023-10-28,Arsenal,Sheffield United,H,0.0259,0.0804,0.8937,0.2828,0.2942,0.423
2023-24,2023-10-28,Wolves,Newcastle,D,0.4465,0.2768,0.2768,0.2828,0.2942,0.423
2023-24,2023-10-28,M'gladbach,Heidenheim,H,0.2699,0.191,0.5391,0.29,0.26,0.45
2023-24,2023-10-28,Bournemouth,Burnley,H,0.3131,0.2676,0.4193,0.2828,0.2942,0.423
2023-24,2023-10-29,Leverkusen,Freiburg,H,0.2463,0.2261,0.5277,0.2828,0.2942,0.423
2023-24,2023-10-29,Betis,Osasuna,H,0.2657,0.2653,0.469,0.2828,0.2942,0.423
2023-24,2023-10-29,Ath Bilbao,Valencia,D,0.2553,0.273,0.4717,0.2828,0.2942,0.423
2023-24,2023-10-29,Ein Frankfurt,Dortmund,D,0.4435,0.2295,0.327,0.2828,0.2942,0.423
2023-24,2023-10-29,Vallecano,Sociedad,D,0.4502,0.2792,0.2706,0.2828,0.2942,0.423
2023-24,2023-10-29,Brighton,Fulham,D,0.2168,0.2259,0.5573,0.2828,0.2942,0.423
2023-24,2023-10-29,Ath Madrid,Alaves,H,0.0634,0.1532,0.7834,0.2828,0.2942,0.423
2023-24,2023-10-29,Aston Villa,Luton,H,0.0485,0.0986,0.853,0.2828,0.2942,0.423
2023-24,2023-10-29,West Ham,Everton,A,0.2324,0.241,0.5265,0.2828,0.2942,0.423
2023-24,2023-10-29,Liverpool,Nott'm Forest,H,0.0733,0.1398,0.787,0.29,0.26,0.45
2023-24,2023-10-29,Man United,Man City,A,0.6168,0.2102,0.173,0.2828,0.2942,0.423
2023-24,2023-10-30,Granada,Villarreal,A,0.475,0.215,0.31,0.2828,0.2942,0.423
2023-24,2023-11-03,Darmstadt,Bochum,A,0.6626,0.1527,0.1846,0.2828,0.2942,0.423
2023-24,2023-11-03,Las Palmas,Ath Madrid,H,0.4948,0.3135,0.1917,0.2828,0.2942,0.423
2023-24,2023-11-04,Union Berlin,Ein Frankfurt,A,0.3361,0.2586,0.4053,0.2828,0.2942,0.423
2023-24,2023-11-04,FC Koln,Augsburg,D,0.2972,0.2229,0.4799,0.2828,0.2942,0.423
2023-24,2023-11-04,Man City,Bournemouth,H,0.0316,0.0666,0.9018,0.2828,0.2942,0.423
2023-24,2023-11-04,Freiburg,M'gladbach,D,0.3221,0.2307,0.4473,0.29,0.26,0.45
2023-24,2023-11-04,Newcastle,Arsenal,H,0.3729,0.2426,0.3846,0.2828,0.2942,0.423
2023-24,2023-11-04,Brentford,West Ham,H,0.2519,0.2397,0.5084,0.2828,0.2942,0.423
2023-24,2023-11-04,Sheffield United,Wolves,H,0.6338,0.2402,0.126,0.2828,0.2942,0.423
2023-24,2023-11-04,Hoffenheim,Leverkusen,A,0.472,0.2101,0.3179,0.2828,0.2942,0.423
2023-24,2023-11-04,Burnley,Crystal Palace,A,0.4208,0.2793,0.2999,0.2828,0.2942,0.423
2023-24,2023-11-04,Everton,Brighton,D,0.4149,0.2494,0.3357,0.2828,0.2942,0.423
2023-24,2023-11-04,Fulham,Man United,A,0.3867,0.2514,0.3619,0.2828,0.2942,0.423
2023-24,2023-11-04,Sociedad,Barcelona,A,0.4539,0.2557,0.2904,0.2828,0.2942,0.423
2023-24,2023-11-04,Celta,Sevilla,D,0.3584,0.2638,0.3778,0.2828,0.2942,0.423
2023-24,2023-11-04,Mainz,RB Leipzig,H,0.5855,0.1933,0.2213,0.2828,0.2942,0.423
2023-24,2023-11-04,Osasuna,Girona,A,0.3956,0.2443,0.3601,0.2828,0.2942,0.423
2023-24,2023-11-04,Dortmund,Bayern Munich,A,0.4723,0.1864,0.3412,0.2828,0.2942,0.423
2023-24,2023-11-04,Betis,Mallorca,H,0.2807,0.2634,0.4559,0.2828,0.2942,0.423
2023-24,2023-11-05,Wolfsburg,Werder Bremen,D,0.2518,0.2198,0.5284,0.2828,0.2942,0.423
2023-24,2023-11-05,Heidenheim,Stuttgart,H,0.4654,0.1848,0.3498,0.2828,0.2942,0.423
2023-24,2023-11-05,Alaves,Almeria,H,0.3482,0.2281,0.4237,0.2828,0.2942,0.423
2023-24,2023-11-05,Valencia,Granada,H,0.2579,0.223,0.5191,0.2828,0.2942,0.423
2023-24,2023-11-05,Villarreal,Ath Bilbao,A,0.2728,0.2532,0.4741,0.2828,0.2942,0.423
2023-24,2023-11-05,Real Madrid,Vallecano,D,0.108,0.157,0.735,0.2828,0.2942,0.423
2023-24,2023-11-05,Nott'm Forest,Aston Villa,H,0.4777,0.2497,0.2726,0.29,0.26,0.45
2023-24,2023-11-05,Luton,Liverpool,D,0.9469,0.0365,0.0166,0.2828,0.2942,0.423
2023-24,2023-11-06,Tottenham,Chelsea,A,0.277,0.2472,0.4759,0.2828,0.2942,0.423
2023-24,2023-11-06,Getafe,Cadiz,H,0.2245,0.2971,0.4783,0.2828,0.2942,0.423
2023-24,2023-11-10,Ath Bilbao,Celta,H,0.2528,0.2624,0.4848,0.2828,0.2942,0.423
2023-24,2023-11-10,M'gladbach,Wolfsburg,H,0.3613,0.2332,0.4055,0.29,0.26,0.45
2023-24,2023-11-11,Almeria,Sociedad,A,0.4434,0.2421,0.3145,0.2828,0.2942,0.423
2023-24,2023-11-11,Osasuna,Las Palmas,D,0.2208,0.3468,0.4324,0.2828,0.2942,0.423
2023-24,2023-11-11,Real Madrid,Valencia,H,0.1256,0.1757,0.6987,0.2828,0.2942,0.423
2023-24,2023-11-11,Wolves,Tottenham,H,0.45,0.2453,0.3047,0.2828,0.2942,0.423
2023-24,2023-11-11,Arsenal,Burnley,H,0.0882,0.1455,0.7663,0.2828,0.2942,0.423
2023-24,2023-11-11,Man United,Luton,H,0.0364,0.0722,0.8913,0.2828,0.2942,0.423
2023-24,2023-11-11,Bournemouth,Newcastle,H,0.5425,0.2307,0.2268,0.2828,0.2942,0.423
2023-24,2023-11-11,Crystal Palace,Everton,A,0.2792,0.2642,0.4567,0.2828,0.2942,0.423
2023-24,2023-11-11,Augsburg,Hoffenheim,D,0.4138,0.2216,0.3646,0.2828,0.2942,0.423
2023-24,2023-11-11,Bayern Munich,Heidenheim,H,0.023,0.0339,0.9431,0.2828,0.2942,0.423
2023-24,2023-11-11,Darmstadt,Mainz,D,0.7313,0.1293,0.1394,0.2828,0.2942,0.423
2023-24,2023-11-11,Stuttgart,Dortmund,H,0.5284,0.2028,0.2688,0.2828,0.2942,0.423
2023-24,2023-11-11,Bochum,FC Koln,D,0.3608,0.2341,0.4051,0.2828,0.2942,0.423
2023-24,2023-11-11,Vallecano,Girona,A,0.4047,0.2346,0.3607,0.2828,0.2942,0.423
2023-24,2023-11-11,Granada,Getafe,D,0.3681,0.2481,0.3838,0.2828,0.2942,0.423
2023-24,2023-11-12,Leverkusen,Union Berlin,H,0.1989,0.2077,0.5934,0.2828,0.2942,0.423
2023-24,2023-11-12,Werder Bremen,Ein Frankfurt,D,0.3827,0.2347,0.3825,0.2828,0.2942,0.423
2023-24,2023-11-12,RB Leipzig,Freiburg,H,0.1552,0.1745,0.6702,0.2828,0.2942,0.423
2023-24,2023-11-12,Barcelona,Alaves,H,0.099,0.1498,0.7512,0.2828,0.2942,0.423
2023-24,2023-11-12,West Ham,Nott'm Forest,H,0.2157,0.2396,0.5448,0.29,0.26,0.45
2023-24,2023-11-12,Aston Villa,Fulham,H,0.2564,0.2387,0.5049,0.2828,0.2942,0.423
2023-24,2023-11-12,Brighton,Sheffield United,D,0.0476,0.1243,0.8281,0.2828,0.2942,0.423
2023-24,2023-11-12,Chelsea,Man City,D,0.6507,0.1967,0.1525,0.2828,0.2942,0.423
2023-24,2023-11-12,Liverpool,Brentford,H,0.1602,0.1786,0.6612,0.2828,0.2942,0.423
2023-24,2023-11-12,Ath Madrid,Villarreal,H,0.2521,0.2312,0.5168,0.2828,0.2942,0.423
2023-24,2023-11-12,Sevilla,Betis,D,0.3069,0.263,0.4301,0.2828,0.2942,0.423
2023-24,2023-11-24,FC Koln,Bayern Munich,A,0.7073,0.162,0.1307,0.2828,0.2942,0.423
2023-24,2023-11-24,Alaves,Granada,H,0.3299,0.2571,0.413,0.2828,0.2942,0.423
2023-24,2023-11-25,Freiburg,Darmstadt,D,0.0455,0.0836,0.8709,0.2828,0.2942,0.423
2023-24,2023-11-25,Dortmund,M'gladbach,H,0.1495,0.1714,0.6791,0.29,0.26,0.45
2023-24,2023-11-25,Werder Bremen,Leverkusen,A,0.5139,0.2222,0.264,0.2828,0.2942,0.423
2023-24,2023-11-25,Luton,Crystal Palace,H,0.6116,0.2367,0.1518,0.2828,0.2942,0.423
2023-24,2023-11-25,Wolfsburg,RB Leipzig,H,0.4744,0.2413,0.2843,0.2828,0.2942,0.423
2023-24,2023-11-25,Ein Frankfurt,Stuttgart,A,0.2861,0.2562,0.4578,0.2828,0.2942,0.423
2023-24,2023-11-25,Vallecano,Barcelona,D,0.5282,0.2484,0.2234,0.2828,0.2942,0.423
2023-24,2023-11-25,Valencia,Celta,D,0.2747,0.276,0.4493,0.2828,0.2942,0.423
2023-24,2023-11-25,Union Berlin,Augsburg,D,0.2537,0.261,0.4853,0.2828,0.2942,0.423
2023-24,2023-11-25,Ath Madrid,Mallorca,H,0.1548,0.2339,0.6113,0.2828,0.2942,0.423
2023-24,2023-11-25,Burnley,West Ham,A,0.4537,0.2812,0.265,0.2828,0.2942,0.423
2023-24,2023-11-25,Man City,Liverpool,D,0.2072,0.2083,0.5845,0.2828,0.2942,0.423
2023-24,2023-11-25,Brentford,Arsenal,A,0.4236,0.2595,0.3169,0.2828,0.2942,0.423
2023-24,2023-11-25,Sheffield United,Bournemouth,A,0.5526,0.2689,0.1785,0.2828,0.2942,0.423
2023-24,2023-11-25,Nott'm Forest,Brighton,A,0.425,0.2739,0.3011,0.29,0.26,0.45
2023-24,2023-11-25,Newcastle,Chelsea,H,0.2519,0.2862,0.4619,0.2828,0.2942,0.423
2023-24,2023-11-25,Getafe,Almeria,H,0.2285,0.2506,0.5209,0.2828,0.2942,0.423
2023-24,2023-11-26,Everton,Man United,A,0.4087,0.271,0.3202,0.2828,0.2942,0.423
2023-24,2023-11-26,Betis,Las Palmas,H,0.2147,0.3407,0.4446,0.2828,0.2942,0.423
2023-24,2023-11-26,Cadiz,Real Madrid,A,0.6515,0.2247,0.1238,0.2828,0.2942,0.423
2023-24,2023-11-26,Sociedad,Sevilla,H,0.2548,0.299,0.4462,0.2828,0.2942,0.423
2023-24,2023-11-26,Heidenheim,Bochum,D,0.2139,0.1764,0.6097,0.2828,0.2942,0.423
2023-24,2023-11-26,Hoffenheim,Mainz,D,0.2541,0.231,0.5149,0.2828,0.2942,0.423
2023-24,2023-11-26,Tottenham,Aston Villa,A,0.2743,0.2427,0.483,0.2828,0.2942,0.423
2023-24,2023-11-26,Villarreal,Osasuna,H,0.2104,0.2472,0.5424,0.2828,0.2942,0.423
2023-24,2023-11-27,Girona,Ath Bilbao,D,0.2819,0.2533,0.4648,0.2828,0.2942,0.423
2023-24,2023-11-27,Fulham,Wolves,H,0.2675,0.2881,0.4443,0.2828,0.2942,0.423
2023-24,2023-11-29,Mallorca,Cadiz,D,0.2117,0.3081,0.4802,0.2828,0.2942,0.423
2023-24,2023-12-01,Darmstadt,FC Koln,A,0.7134,0.1556,0.1309,0.2828,0.2942,0.423
2023-24,2023-12-01,Las Palmas,Getafe,H,0.2975,0.386,0.3164,0.2828,0.2942,0.423
2023-24,2023-12-02,Girona,Valencia,H,0.238,0.2385,0.5235,0.2828,0.2942,0.423
2023-24,2023-12-02,Osasuna,Sociedad,D,0.3627,0.3125,0.3247,0.2828,0.2942,0.423
2023-24,2023-12-02,Ath Bilbao,Vallecano,H,0.2368,0.2797,0.4835,0.2828,0.2942,0.423
2023-24,2023-12-02,Real Madrid,Granada,H,0.0669,0.1176,0.8154,0.2828,0.2942,0.423
2023-24,2023-12-02,Brentford,Luton,H,0.0501,0.1209,0.829,0.2828,0.2942,0.423
2023-24,2023-12-02,M'gladbach,Hoffenheim,H,0.3061,0.2306,0.4633,0.29,0.26,0.45
2023-24,2023-12-02,Burnley,Sheffield United,H,0.1385,0.2727,0.5888,0.2828,0.2942,0.423
2023-24,2023-12-02,Nott'm Forest,Everton,A,0.3264,0.284,0.3897,0.29,0.26,0.45
2023-24,2023-12-02,Newcastle,Man United,H,0.2518,0.2647,0.4835,0.2828,0.2942,0.423
2023-24,2023-12-02,RB Leipzig,Heidenheim,H,0.1185,0.1232,0.7583,0.2828,0.2942,0.423
2023-24,2023-12-02,Bochum,Wolfsburg,H,0.4303,0.2614,0.3083,0.2828,0.2942,0.423
2023-24,2023-12-02,Stuttgart,Werder Bremen,H,0.2519,0.2353,0.5128,0.2828,0.2942,0.423
2023-24,2023-12-02,Arsenal,Wolves,H,0.1245,0.2004,0.6751,0.2828,0.2942,0.423
2023-24,2023-12-03,Leverkusen,Dortmund,D,0.3509,0.2219,0.4272,0.2828,0.2942,0.423
2023-24,2023-12-03,Augsburg,Ein Frankfurt,H,0.4104,0.2574,0.3322,0.2828,0.2942,0.423
2023-24,2023-12-03,Man City,Tottenham,D,0.0963,0.1496,0.7541,0.2828,0.2942,0.423
2023-24,2023-12-03,West Ham,Crystal Palace,D,0.2718,0.2818,0.4464,0.2828,0.2942,0.423
2023-24,2023-12-03,Chelsea,Brighton,H,0.2774,0.2781,0.4445,0.2828,0.2942,0.423
2023-24,2023-12-03,Liverpool,Fulham,H,0.1026,0.1661,0.7313,0.2828,0.2942,0.423
2023-24,2023-12-03,Barcelona,Ath Madrid,H,0.2666,0.2528,0.4806,0.2828,0.2942,0.423
2023-24,2023-12-03,Mainz,Freiburg,A,0.3362,0.2592,0.4045,0.2828,0.2942,0.423
2023-24,2023-12-03,Sevilla,Villarreal,D,0.3515,0.2705,0.3781,0.2828,0.2942,0.423
2023-24,2023-12-03,Almeria,Betis,D,0.4218,0.2494,0.3288,0.2828,0.2942,0.423
2023-24,2023-12-03,Mallorca,Alaves,D,0.231,0.2802,0.4888,0.2828,0.2942,0.423
2023-24,2023-12-03,Bournemouth,Aston Villa,D,0.4595,0.2539,0.2866,0.2828,0.2942,0.423
2023-24,2023-12-04,Celta,Cadiz,D,0.2173,0.2929,0.4897,0.2828,0.2942,0.423
2023-24,2023-12-05,Luton,Arsenal,A,0.8345,0.1142,0.0513,0.2828,0.2942,0.423
2023-24,2023-12-05,Wolves,Burnley,H,0.2008,0.2777,0.5215,0.2828,0.2942,0.423
2023-24,2023-12-06,Fulham,Nott'm Forest,H,0.2404,0.2735,0.4861,0.29,0.26,0.45
2023-24,2023-12-06,Man United,Chelsea,H,0.2985,0.2802,0.4214,0.2828,0.2942,0.423
2023-24,2023-12-06,Crystal Palace,Bournemouth,A,0.2278,0.262,0.5102,0.2828,0.2942,0.423
2023-24,2023-12-06,Brighton,Brentford,H,0.3154,0.2686,0.416,0.2828,0.2942,0.423
2023-24,2023-12-06,Sheffield United,Liverpool,A,0.8679,0.0991,0.033,0.2828,0.2942,0.423
2023-24,2023-12-06,Aston Villa,Man City,H,0.6303,0.2057,0.164,0.2828,0.2942,0.423
2023-24,2023-12-07,Everton,Newcastle,H,0.4518,0.278,0.2702,0.2828,0.2942,0.423
2023-24,2023-12-07,Tottenham,West Ham,A,0.2329,0.2376,0.5296,0.2828,0.2942,0.423
2023-24,2023-12-08,Hoffenheim,Bochum,H,0.2247,0.1997,0.5757,0.2828,0.2942,0.423
2023-24,2023-12-08,Getafe,Valencia,H,0.3148,0.2705,0.4147,0.2828,0.2942,0.423
2023-24,2023-12-09,Werder Bremen,Augsburg,H,0.3098,0.2125,0.4778,0.2828,0.2942,0.423
2023-24,2023-12-09,Wolfsburg,Freiburg,A,0.2769,0.2263,0.4968,0.2828,0.2942,0.423
2023-24,2023-12-09,Mallorca,Sevilla,H,0.333,0.2621,0.4049,0.2828,0.2942,0.423
2023-24,2023-12-09,Alaves,Las Palmas,A,0.3468,0.3262,0.327,0.2828,0.2942,0.423
2023-24,2023-12-09,Betis,Real Madrid,D,0.5334,0.2241,0.2425,0.2828,0.2942,0.423
2023-24,2023-12-09,Dortmund,RB Leipzig,A,0.3167,0.2023,0.481,0.2828,0.2942,0.423
2023-24,2023-12-09,Union Berlin,M'gladbach,H,0.3471,0.2295,0.4235,0.29,0.26,0.45
2023-24,2023-12-09,Man United,Bournemouth,A,0.1947,0.194,0.6113,0.2828,0.2942,0.423
2023-24,2023-12-09,Wolves,Nott'm Forest,D,0.2349,0.243,0.5221,0.29,0.26,0.45
2023-24,2023-12-09,Heidenheim,Darmstadt,H,0.044,0.0609,0.8951,0.2828,0.2942,0.423
2023-24,2023-12-09,Aston Villa,Arsenal,H,0.4315,0.2283,0.3402,0.2828,0.2942,0.423
2023-24,2023-12-09,Ein Frankfurt,Bayern Munich,H,0.6213,0.179,0.1997,0.2828,0.2942,0.423
2023-24,2023-12-09,Villarreal,Sociedad,A,0.3178,0.2514,0.4308,0.2828,0.2942,0.423
2023-24,2023-12-09,Brighton,Burnley,D,0.1631,0.1957,0.6412,0.2828,0.2942,0.423
2023-24,2023-12-09,Crystal Palace,Liverpool,A,0.5656,0.2146,0.2198,0.2828,0.2942,0.423
2023-24,2023-12-09,Sheffield United,Brentford,H,0.7614,0.1616,0.077,0.2828,0.2942,0.423
2023-24,2023-12-10,Ath Madrid,Almeria,H,0.1258,0.1562,0.718,0.2828,0.2942,0.423
2023-24,2023-12-10,Tottenham,Newcastle,H,0.3669,0.2351,0.398,0.2828,0.2942,0.423
2023-24,2023-12-10,Luton,Man City,A,0.9128,0.0566,0.0307,0.2828,0.2942,0.423
2023-24,2023-12-10,Everton,Chelsea,H,0.4007,0.2542,0.3451,0.2828,0.2942,0.423
2023-24,2023-12-10,Fulham,West Ham,H,0.311,0.236,0.4529,0.2828,0.2942,0.423
2023-24,2023-12-10,Cadiz,Osasuna,D,0.3925,0.2884,0.3192,0.2828,0.2942,0.423
2023-24,2023-12-10,FC Koln,Mainz,D,0.3273,0.23,0.4426,0.2828,0.2942,0.423
2023-24,2023-12-10,Stuttgart,Leverkusen,D,0.4143,0.2193,0.3664,0.2828,0.2942,0.423
2023-24,2023-12-10,Barcelona,Girona,A,0.2267,0.1904,0.5829,0.2828,0.2942,0.423
2023-24,2023-12-11,Granada,Ath Bilbao,D,0.469,0.2243,0.3068,0.2828,0.2942,0.423
2023-24,2023-12-11,Vallecano,Celta,D,0.3187,0.2415,0.4398,0.2828,0.2942,0.423
2023-24,2023-12-15,Nott'm Forest,Tottenham,A,0.511,0.2239,0.265,0.29,0.26,0.45
2023-24,2023-12-15,M'gladbach,Werder Bremen,D,0.2611,0.1956,0.5433,0.29,0.26,0.45
2023-24,2023-12-15,Osasuna,Vallecano,H,0.3076,0.2507,0.4417,0.2828,0.2942,0.423
2023-24,2023-12-16,Bochum,Union Berlin,H,0.3823,0.2491,0.3686,0.2828,0.2942,0.423
2023-24,2023-12-16,Augsburg,Dortmund,D,0.5628,0.1924,0.2448,0.2828,0.2942,0.423
2023-24,2023-12-16,Darmstadt,Wolfsburg,A,0.7962,0.1164,0.0875,0.2828,0.2942,0.423
2023-24,2023-12-16,Mainz,Heidenheim,A,0.3056,0.1897,0.5047,0.2828,0.2942,0.423
2023-24,2023-12-16,RB Leipzig,Hoffenheim,H,0.1873,0.1752,0.6375,0.2828,0.2942,0.423
2023-24,2023-12-16,Celta,Granada,H,0.2546,0.2037,0.5417,0.2828,0.2942,0.423
2023-24,2023-12-16,Sevilla,Getafe,A,0.2945,0.2644,0.4411,0.2828,0.2942,0.423
2023-24,2023-12-16,Valencia,Barcelona,D,0.4671,0.242,0.2909,0.2828,0.2942,0.423
2023-24,2023-12-16,Chelsea,Sheffield United,H,0.0428,0.1176,0.8397,0.2828,0.2942,0.423
2023-24,2023-12-16,Man City,Crystal Palace,D,0.0849,0.1384,0.7766,0.2828,0.2942,0.423
2023-24,2023-12-16,Newcastle,Fulham,H,0.2233,0.2208,0.5559,0.2828,0.2942,0.423
2023-24,2023-12-16,Burnley,Everton,A,0.4154,0.2536,0.331,0.2828,0.2942,0.423
2023-24,2023-12-16,Ath Bilbao,Ath Madrid,H,0.3744,0.2595,0.3661,0.2828,0.2942,0.423
2023-24,2023-12-17,Leverkusen,Ein Frankfurt,H,0.2139,0.1946,0.5915,0.2828,0.2942,0.423
2023-24,2023-12-17,Liverpool,Man United,D,0.1887,0.1861,0.6252,0.2828,0.2942,0.423
2023-24,2023-12-17,West Ham,Wolves,H,0.277,0.2469,0.4761,0.2828,0.2942,0.423
2023-24,2023-12-17,Brentford,Aston Villa,A,0.3028,0.2335,0.4638,0.2828,0.2942,0.423
2023-24,2023-12-17,Las Palmas,Cadiz,D,0.2051,0.3425,0.4525,0.2828,0.2942,0.423
2023-24,2023-12-17,Real Madrid,Villarreal,H,0.164,0.1796,0.6564,0.2828,0.2942,0.423
2023-24,2023-12-17,Bayern Munich,Stuttgart,H,0.1191,0.1369,0.744,0.2828,0.2942,0.423
2023-24,2023-12-17,Arsenal,Brighton,H,0.2126,0.2011,0.5863,0.2828,0.2942,0.423
2023-24,2023-12-17,Almeria,Mallorca,D,0.4038,0.2342,0.3619,0.2828,0.2942,0.423
2023-24,2023-12-17,Freiburg,FC Koln,H,0.2812,0.2275,0.4912,0.2828,0.2942,0.423
2023-24,2023-12-17,Sociedad,Betis,D,0.2724,0.2619,0.4657,0.2828,0.2942,0.423
2023-24,2023-12-18,Girona,Alaves,H,0.1782,0.1813,0.6405,0.2828,0.2942,0.423
2023-24,2023-12-19,Granada,Sevilla,A,0.4125,0.225,0.3625,0.2828,0.2942,0.423
2023-24,2023-12-19,Ath Madrid,Getafe,D,0.1999,0.2359,0.5642,0.2828,0.2942,0.423
2023-24,2023-12-19,Vallecano,Valencia,A,0.3339,0.2541,0.4121,0.2828,0.2942,0.423
2023-24,2023-12-19,Hoffenheim,Darmstadt,D,0.0387,0.0636,0.8977,0.2828,0.2942,0.423
2023-24,2023-12-19,Dortmund,Mainz,D,0.15,0.1591,0.6909,0.2828,0.2942,0.423
2023-24,2023-12-19,Werder Bremen,RB Leipzig,D,0.5435,0.1988,0.2577,0.2828,0.2942,0.423
2023-24,2023-12-20,Wolfsburg,Bayern Munich,A,0.5991,0.1847,0.2162,0.2828,0.2942,0.423
2023-24,2023-12-20,Stuttgart,Augsburg,H,0.2346,0.2047,0.5608,0.2828,0.2942,0.423
2023-24,2023-12-20,Leverkusen,Bochum,H,0.1392,0.1611,0.6997,0.2828,0.2942,0.423
2023-24,2023-12-20,Union Berlin,FC Koln,H,0.2848,0.24,0.4752,0.2828,0.2942,0.423
2023-24,2023-12-20,Barcelona,Almeria,H,0.1063,0.137,0.7568,0.2828,0.2942,0.423
2023-24,2023-12-20,Ein Frankfurt,M'gladbach,H,0.321,0.2157,0.4633,0.29,0.26,0.45
2023-24,2023-12-20,Ath Bilbao,Las Palmas,H,0.2366,0.3159,0.4475,0.2828,0.2942,0.423
2023-24,2023-12-20,Heidenheim,Freiburg,H,0.3675,0.1982,0.4343,0.2828,0.2942,0.423
2023-24,2023-12-20,Villarreal,Celta,H,0.2559,0.2178,0.5263,0.2828,0.2942,0.423
2023-24,2023-12-21,Crystal Palace,Brighton,D,0.3861,0.2522,0.3617,0.2828,0.2942,0.423
2023-24,2023-12-21,Alaves,Real Madrid,A,0.6403,0.1957,0.164,0.2828,0.2942,0.423
2023-24,2023-12-21,Mallorca,Osasuna,H,0.3098,0.2625,0.4277,0.2828,0.2942,0.423
2023-24,2023-12-21,Betis,Girona,D,0.3728,0.2202,0.407,0.2828,0.2942,0.423
2023-24,2023-12-21,Cadiz,Sociedad,D,0.4459,0.2965,0.2577,0.2828,0.2942,0.423
2023-24,2023-12-22,Aston Villa,Sheffield United,D,0.0447,0.1144,0.8409,0.2828,0.2942,0.423
2023-24,2023-12-23,Nott'm Forest,Bournemouth,A,0.3963,0.2373,0.3664,0.29,0.26,0.45
2023-24,2023-12-23,Ath Madrid,Sevilla,H,0.211,0.2189,0.5701,0.2828,0.2942,0.423
2023-24,2023-12-23,West Ham,Man United,H,0.3755,0.2365,0.388,0.2828,0.2942,0.423
2023-24,2023-12-23,Tottenham,Everton,H,0.2335,0.2085,0.558,0.2828,0.2942,0.423
2023-24,2023-12-23,Luton,Newcastle,H,0.7133,0.1538,0.1329,0.2828,0.2942,0.423
2023-24,2023-12-23,Liverpool,Arsenal,D,0.2684,0.2046,0.527,0.2828,0.2942,0.423
2023-24,2023-12-23,Fulham,Burnley,A,0.1821,0.2046,0.6133,0.2828,0.2942,0.423
2023-24,2023-12-24,Wolves,Chelsea,H,0.4012,0.2609,0.338,0.2828,0.2942,0.423
2023-24,2023-12-26,Burnley,Liverpool,A,0.6906,0.1695,0.1399,0.2828,0.2942,0.423
2023-24,2023-12-26,Sheffield United,Luton,A,0.4824,0.2505,0.2671,0.2828,0.2942,0.423
2023-24,2023-12-26,Man United,Aston Villa,H,0.3172,0.2314,0.4514,0.2828,0.2942,0.423
2023-24,2023-12-26,Newcastle,Nott'm Forest,A,0.1369,0.1871,0.676,0.29,0.26,0.45
2023-24,2023-12-26,Bournemouth,Fulham,H,0.3868,0.2225,0.3907,0.2828,0.2942,0.423
2023-24,2023-12-27,Everton,Man City,A,0.6486,0.1826,0.1688,0.2828,0.2942,0.423
2023-24,2023-12-27,Brentford,Wolves,A,0.2277,0.2305,0.5418,0.2828,0.2942,0.423
2023-24,2023-12-27,Chelsea,Crystal Palace,H,0.2419,0.2457,0.5125,0.2828,0.2942,0.423
2023-24,2023-12-28,Arsenal,West Ham,A,0.1705,0.1853,0.6442,0.2828,0.2942,0.423
2023-24,2023-12-28,Brighton,Tottenham,H,0.3486,0.2216,0.4298,0.2828,0.2942,0.423
2023-24,2023-12-30,Luton,Chelsea,A,0.6579,0.1767,0.1654,0.2828,0.2942,0.423
2023-24,2023-12-30,Crystal Palace,Brentford,H,0.3796,0.2539,0.3665,0.2828,0.2942,0.423
2023-24,2023-12-30,Man City,Sheffield United,H,0.0091,0.0322,0.9587,0.2828,0.2942,0.423
2023-24,2023-12-30,Wolves,Everton,H,0.3341,0.2541,0.4118,0.2828,0.2942,0.423
2023-24,2023-12-30,Nott'm Forest,Man United,H,0.4964,0.2377,0.2658,0.29,0.26,0.45
2023-24,2023-12-30,Aston Villa,Burnley,H,0.1552,0.1926,0.6522,0.2828,0.2942,0.423
2023-24,2023-12-31,Tottenham,Bournemouth,H,0.2032,0.184,0.6129,0.2828,0.2942,0.423
2023-24,2023-12-31,Fulham,Arsenal,H,0.4712,0.2226,0.3062,0.2828,0.2942,0.423
2023-24,2024-01-01,Liverpool,Newcastle,H,0.2144,0.1976,0.588,0.2828,0.2942,0.423
2023-24,2024-01-02,Sociedad,Alaves,D,0.1794,0.243,0.5776,0.2828,0.2942,0.423
2023-24,2024-01-02,Valencia,Villarreal,H,0.3411,0.2349,0.424,0.2828,0.2942,0.423
2023-24,2024-01-02,Getafe,Vallecano,A,0.2759,0.256,0.4681,0.2828,0.2942,0.423
2023-24,2024-01-02,West Ham,Brighton,D,0.361,0.2336,0.4054,0.2828,0.2942,0.423
2023-24,2024-01-03,Girona,Ath Madrid,H,0.3617,0.2157,0.4226,0.2828,0.2942,0.423
2023-24,2024-01-03,Real Madrid,Mallorca,H,0.1293,0.173,0.6977,0.2828,0.2942,0.423
2023-24,2024-01-03,Celta,Betis,H,0.3382,0.246,0.4158,0.2828,0.2942,0.423
2023-24,2024-01-03,Granada,Cadiz,H,0.2858,0.2457,0.4685,0.2828,0.2942,0.423
2023-24,2024-01-04,Las Palmas,Barcelona,A,0.4148,0.3063,0.2789,0.2828,0.2942,0.423
2023-24,2024-01-04,Sevilla,Ath Bilbao,A,0.369,0.2592,0.3717,0.2828,0.2942,0.423
2023-24,2024-01-04,Osasuna,Almeria,H,0.2501,0.2098,0.5401,0.2828,0.2942,0.423
2023-24,2024-01-12,Burnley,Luton,D,0.2381,0.2111,0.5508,0.2828,0.2942,0.423
2023-24,2024-01-12,Bayern Munich,Hoffenheim,H,0.0823,0.1043,0.8133,0.2828,0.2942,0.423
2023-24,2024-01-12,Sevilla,Alaves,A,0.2284,0.2489,0.5227,0.2828,0.2942,0.423
2023-24,2024-01-13,Augsburg,Leverkusen,A,0.5462,0.2031,0.2507,0.2828,0.2942,0.423
2023-24,2024-01-13,FC Koln,Heidenheim,D,0.362,0.1977,0.4403,0.2828,0.2942,0.423
2023-24,2024-01-13,Freiburg,Union Berlin,D,0.3009,0.2424,0.4566,0.2828,0.2942,0.423
2023-24,2024-01-13,Mainz,Wolfsburg,D,0.376,0.241,0.383,0.2828,0.2942,0.423
2023-24,2024-01-13,RB Leipzig,Ein Frankfurt,A,0.1922,0.1875,0.6203,0.2828,0.2942,0.423
2023-24,2024-01-13,Darmstadt,Dortmund,A,0.8633,0.0796,0.0572,0.2828,0.2942,0.423
2023-24,2024-01-13,Ath Bilbao,Sociedad,H,0.2856,0.2818,0.4326,0.2828,0.2942,0.423
2023-24,2024-01-13,Betis,Granada,H,0.2148,0.2029,0.5823,0.2828,0.2942,0.423
2023-24,2024-01-13,Chelsea,Fulham,H,0.2544,0.2334,0.5122,0.2828,0.2942,0.423
2023-24,2024-01-13,Newcastle,Man City,A,0.5515,0.2121,0.2363,0.2828,0.2942,0.423
2023-24,2024-01-13,Mallorca,Celta,D,0.2994,0.2521,0.4485,0.2828,0.2942,0.423
2023-24,2024-01-13,Las Palmas,Villarreal,H,0.3724,0.299,0.3286,0.2828,0.2942,0.423
2023-24,2024-01-14,Everton,Aston Villa,D,0.3894,0.2422,0.3684,0.2828,0.2942,0.423
2023-24,2024-01-14,Bochum,Werder Bremen,D,0.3745,0.2237,0.4017,0.2828,0.2942,0.423
2023-24,2024-01-14,Man United,Tottenham,D,0.3292,0.2251,0.4457,0.2828,0.2942,0.423
2023-24,2024-01-14,Almeria,Girona,D,0.5541,0.1882,0.2577,0.2828,0.2942,0.423
2023-24,2024-01-14,Cadiz,Valencia,A,0.4243,0.2931,0.2826,0.2828,0.2942,0.423
2023-24,2024-01-14,M'gladbach,Stuttgart,H,0.3546,0.2144,0.4309,0.29,0.26,0.45
2023-24,2024-01-19,Alaves,Cadiz,H,0.257,0.2997,0.4433,0.2828,0.2942,0.423
2023-24,2024-01-20,Villarreal,Mallorca,D,0.2824,0.2365,0.4811,0.2828,0.2942,0.423
2023-24,2024-01-20,Brentford,Nott'm Forest,H,0.2066,0.2112,0.5822,0.29,0.26,0.45
2023-24,2024-01-20,Celta,Sociedad,A,0.376,0.2684,0.3555,0.2828,0.2942,0.423
2023-24,2024-01-20,Valencia,Ath Bilbao,H,0.3663,0.269,0.3647,0.2828,0.2942,0.423
2023-24,2024-01-20,Vallecano,Las Palmas,A,0.2452,0.3198,0.435,0.2828,0.2942,0.423
2023-24,2024-01-20,FC Koln,Dortmund,A,0.5375,0.2059,0.2566,0.2828,0.2942,0.423
2023-24,2024-01-20,Heidenheim,Wolfsburg,D,0.3698,0.1976,0.4326,0.2828,0.2942,0.423
2023-24,2024-01-20,Freiburg,Hoffenheim,H,0.3151,0.2186,0.4663,0.2828,0.2942,0.423
2023-24,2024-01-20,Arsenal,Crystal Palace,H,0.1786,0.2111,0.6104,0.2828,0.2942,0.423
2023-24,2024-01-20,Darmstadt,Ein Frankfurt,D,0.7282,0.1418,0.13,0.2828,0.2942,0.423
2023-24,2024-01-20,Bochum,Stuttgart,H,0.4586,0.2273,0.3142,0.2828,0.2942,0.423
2023-24,2024-01-20,RB Leipzig,Leverkusen,A,0.3016,0.2079,0.4904,0.2828,0.2942,0.423
2023-24,2024-01-21,Bournemouth,Liverpool,A,0.6143,0.1829,0.2028,0.2828,0.2942,0.423
2023-24,2024-01-21,Sheffield United,West Ham,D,0.6151,0.2233,0.1617,0.2828,0.2942,0.423
2023-24,2024-01-21,Girona,Sevilla,H,0.2281,0.1978,0.5741,0.2828,0.2942,0.423
2023-24,2024-01-21,Betis,Barcelona,A,0.4392,0.2388,0.3219,0.2828,0.2942,0.423
2023-24,2024-01-21,Real Madrid,Almeria,H,0.0726,0.1091,0.8183,0.2828,0.2942,0.423
2023-24,2024-01-21,Osasuna,Getafe,H,0.3289,0.272,0.3991,0.2828,0.2942,0.423
2023-24,2024-01-21,Bayern Munich,Werder Bremen,A,0.0675,0.0936,0.8389,0.2828,0.2942,0.423
2023-24,2024-01-21,M'gladbach,Augsburg,A,0.2421,0.1954,0.5625,0.29,0.26,0.45
2023-24,2024-01-22,Granada,Ath Madrid,A,0.5484,0.2045,0.2471,0.2828,0.2942,0.423
2023-24,2024-01-22,Brighton,Wolves,D,0.2498,0.2316,0.5187,0.2828,0.2942,0.423
2023-24,2024-01-24,Bayern Munich,Union Berlin,H,0.0899,0.1238,0.7863,0.2828,0.2942,0.423
2023-24,2024-01-26,Almeria,Alaves,A,0.3232,0.2543,0.4225,0.2828,0.2942,0.423
2023-24,2024-01-26,Ein Frankfurt,Mainz,H,0.247,0.2361,0.5169,0.2828,0.2942,0.423
2023-24,2024-01-27,Augsburg,Bayern Munich,A,0.6334,0.1917,0.1749,0.2828,0.2942,0.423
2023-24,2024-01-27,Mallorca,Betis,A,0.3084,0.2708,0.4208,0.2828,0.2942,0.423
2023-24,2024-01-27,Barcelona,Villarreal,A,0.2229,0.2102,0.5669,0.2828,0.2942,0.423
2023-24,2024-01-27,Hoffenheim,Heidenheim,D,0.253,0.1824,0.5646,0.2828,0.2942,0.423
2023-24,2024-01-27,Sociedad,Vallecano,D,0.2032,0.2608,0.536,0.2828,0.2942,0.423
2023-24,2024-01-27,Leverkusen,M'gladbach,D,0.2108,0.194,0.5952,0.29,0.26,0.45
2023-24,2024-01-27,Wolfsburg,FC Koln,D,0.2183,0.2334,0.5484,0.2828,0.2942,0.423
2023-24,2024-01-27,Werder Bremen,Freiburg,H,0.3534,0.2403,0.4063,0.2828,0.2942,0.423
2023-24,2024-01-27,Stuttgart,RB Leipzig,H,0.3927,0.2399,0.3673,0.2828,0.2942,0.423
2023-24,2024-01-27,Las Palmas,Real Madrid,A,0.4128,0.3108,0.2764,0.2828,0.2942,0.423
2023-24,2024-01-28,Celta,Girona,A,0.4157,0.2168,0.3675,0.2828,0.2942,0.423
2023-24,2024-01-28,Cadiz,Ath Bilbao,D,0.5232,0.2809,0.1959,0.2828,0.2942,0.423
2023-24,2024-01-28,Ath Madrid,Valencia,H,0.2285,0.2407,0.5308,0.2828,0.2942,0.423
2023-24,2024-01-28,Dortmund,Bochum,H,0.1242,0.1657,0.7101,0.2828,0.2942,0.423
2023-24,2024-01-28,Union Berlin,Darmstadt,H,0.0684,0.1134,0.8182,0.2828,0.2942,0.423
2023-24,2024-01-28,Sevilla,Osasuna,D,0.2769,0.2562,0.4669,0.2828,0.2942,0.423
2023-24,2024-01-29,Getafe,Granada,H,0.195,0.2178,0.5872,0.2828,0.2942,0.423
2023-24,2024-01-30,Nott'm Forest,Arsenal,A,0.5561,0.2269,0.217,0.29,0.26,0.45
2023-24,2024-01-30,Fulham,Everton,D,0.2767,0.253,0.4703,0.2828,0.2942,0.423
2023-24,2024-01-30,Luton,Brighton,H,0.601,0.1957,0.2033,0.2828,0.2942,0.423
2023-24,2024-01-30,Crystal Palace,Sheffield United,H,0.1086,0.202,0.6894,0.2828,0.2942,0.423
2023-24,2024-01-30,Aston Villa,Newcastle,A,0.3364,0.2482,0.4155,0.2828,0.2942,0.423
2023-24,2024-01-31,Liverpool,Chelsea,H,0.2144,0.2321,0.5535,0.2828,0.2942,0.423
2023-24,2024-01-31,Barcelona,Osasuna,H,0.2005,0.2222,0.5773,0.2828,0.2942,0.423
2023-24,2024-01-31,Tottenham,Brentford,H,0.2708,0.2228,0.5064,0.2828,0.2942,0.423
2023-24,2024-01-31,Ath Madrid,Vallecano,H,0.1889,0.2281,0.583,0.2828,0.2942,0.423
2023-24,2024-01-31,Man City,Burnley,H,0.0479,0.1092,0.8428,0.2828,0.2942,0.423
2023-24,2024-02-01,Getafe,Real Madrid,A,0.47,0.2559,0.2742,0.2828,0.2942,0.423
2023-24,2024-02-01,West Ham,Bournemouth,D,0.2579,0.2202,0.5219,0.2828,0.2942,0.423
2023-24,2024-02-01,Wolves,Man United,A,0.3642,0.2656,0.3702,0.2828,0.2942,0.423
2023-24,2024-02-02,Heidenheim,Dortmund,D,0.5179,0.1937,0.2884,0.2828,0.2942,0.423
2023-24,2024-02-02,Ath Bilbao,Mallorca,H,0.2181,0.26,0.5218,0.2828,0.2942,0.423
2023-24,2024-02-03,Granada,Las Palmas,D,0.413,0.296,0.291,0.2828,0.2942,0.423
2023-24,2024-02-03,Newcastle,Luton,D,0.0841,0.1276,0.7882,0.2828,0.2942,0.423
2023-24,2024-02-03,Burnley,Fulham,D,0.4482,0.2634,0.2883,0.2828,0.2942,0.423
2023-24,2024-02-03,Sheffield United,Aston Villa,A,0.6712,0.1981,0.1307,0.2828,0.2942,0.423
2023-24,2024-02-03,Everton,Tottenham,D,0.3844,0.2493,0.3663,0.2828,0.2942,0.423
2023-24,2024-02-03,Brighton,Crystal Palace,H,0.2248,0.2433,0.5318,0.2828,0.2942,0.423
2023-24,2024-02-03,Girona,Sociedad,D,0.2968,0.2354,0.4679,0.2828,0.2942,0.423
2023-24,2024-02-03,Mainz,Werder Bremen,A,0.3086,0.2392,0.4521,0.2828,0.2942,0.423
2023-24,2024-02-03,Valencia,Almeria,H,0.182,0.207,0.611,0.2828,0.2942,0.423
2023-24,2024-02-03,FC Koln,Ein Frankfurt,H,0.3884,0.2536,0.3581,0.2828,0.2942,0.423
2023-24,2024-02-03,Alaves,Barcelona,A,0.4955,0.2483,0.2562,0.2828,0.2942,0.423
2023-24,2024-02-03,Freiburg,Stuttgart,A,0.3324,0.244,0.4237,0.2828,0.2942,0.423
2023-24,2024-02-03,Bochum,Augsburg,D,0.3453,0.2491,0.4056,0.2828,0.2942,0.423
2023-24,2024-02-03,Darmstadt,Leverkusen,A,0.82,0.1068,0.0733,0.2828,0.2942,0.423
2023-24,2024-02-03,Bayern Munich,M'gladbach,H,0.1181,0.1431,0.7388,0.29,0.26,0.45
2023-24,2024-02-04,Arsenal,Liverpool,H,0.3496,0.2502,0.4002,0.2828,0.2942,0.423
2023-24,2024-02-04,Villarreal,Cadiz,D,0.1585,0.2298,0.6117,0.2828,0.2942,0.423
2023-24,2024-02-04,Bournemouth,Nott'm Forest,D,0.2394,0.2135,0.547,0.29,0.26,0.45
2023-24,2024-02-04,Real Madrid,Ath Madrid,D,0.2399,0.2364,0.5237,0.2828,0.2942,0.423
2023-24,2024-02-04,Betis,Getafe,D,0.2837,0.2616,0.4547,0.2828,0.2942,0.423
2023-24,2024-02-04,Osasuna,Celta,A,0.3189,0.2552,0.4259,0.2828,0.2942,0.423
2023-24,2024-02-04,Chelsea,Wolves,A,0.2254,0.2538,0.5208,0.2828,0.2942,0.423
2023-24,2024-02-04,RB Leipzig,Union Berlin,H,0.194,0.2242,0.5817,0.2828,0.2942,0.423
2023-24,2024-02-04,Wolfsburg,Hoffenheim,D,0.2836,0.226,0.4905,0.2828,0.2942,0.423
2023-24,2024-02-04,Man United,West Ham,H,0.2508,0.2382,0.511,0.2828,0.2942,0.423
2023-24,2024-02-05,Brentford,Man City,A,0.5778,0.2138,0.2084,0.2828,0.2942,0.423
2023-24,2024-02-05,Vallecano,Sevilla,A,0.3324,0.264,0.4036,0.2828,0.2942,0.423
2023-24,2024-02-07,Mainz,Union Berlin,D,0.3344,0.2672,0.3984,0.2828,0.2942,0.423
2023-24,2024-02-09,Cadiz,Betis,A,0.498,0.296,0.206,0.2828,0.2942,0.423
2023-24,2024-02-09,Dortmund,Freiburg,H,0.1766,0.1908,0.6326,0.2828,0.2942,0.423
2023-24,2024-02-10,Sociedad,Osasuna,A,0.1633,0.2697,0.567,0.2828,0.2942,0.423
2023-24,2024-02-10,Las Palmas,Valencia,H,0.3047,0.3292,0.3661,0.2828,0.2942,0.423
2023-24,2024-02-10,Nott'm Forest,Newcastle,A,0.5775,0.2251,0.1974,0.29,0.26,0.45
2023-24,2024-02-10,Wolves,Brentford,A,0.3189,0.2516,0.4296,0.2828,0.2942,0.423
2023-24,2024-02-10,Tottenham,Brighton,H,0.2809,0.2216,0.4975,0.2828,0.2942,0.423
2023-24,2024-02-10,Luton,Sheffield United,A,0.0948,0.1315,0.7737,0.2828,0.2942,0.423
2023-24,2024-02-10,Liverpool,Burnley,H,0.0452,0.1034,0.8514,0.2828,0.2942,0.423
2023-24,2024-02-10,Fulham,Bournemouth,H,0.2501,0.2238,0.526,0.2828,0.2942,0.423
2023-24,2024-02-10,Real Madrid,Girona,H,0.1942,0.1863,0.6195,0.2828,0.2942,0.423
2023-24,2024-02-10,Alaves,Villarreal,D,0.4412,0.2516,0.3073,0.2828,0.2942,0.423
2023-24,2024-02-10,Leverkusen,Bayern Munich,H,0.4682,0.2173,0.3145,0.2828,0.2942,0.423
2023-24,2024-02-10,Werder Bremen,Heidenheim,A,0.2932,0.214,0.4928,0.2828,0.2942,0.423
2023-24,2024-02-10,Union Berlin,Wolfsburg,H,0.3247,0.2732,0.402,0.2828,0.2942,0.423
2023-24,2024-02-10,M'gladbach,Darmstadt,D,0.0364,0.0659,0.8977,0.29,0.26,0.45
2023-24,2024-02-10,Ein Frankfurt,Bochum,D,0.1505,0.1951,0.6543,0.2828,0.2942,0.423
2023-24,2024-02-10,Augsburg,RB Leipzig,D,0.5789,0.2091,0.212,0.2828,0.2942,0.423
2023-24,2024-02-10,Man City,Everton,H,0.0446,0.1055,0.8499,0.2828,0.2942,0.423
2023-24,2024-02-11,Getafe,Celta,H,0.2999,0.266,0.4341,0.2828,0.2942,0.423
2023-24,2024-02-11,Mallorca,Vallecano,H,0.2666,0.2902,0.4431,0.2828,0.2942,0.423
2023-24,2024-02-11,Sevilla,Ath Madrid,H,0.4241,0.2605,0.3155,0.2828,0.2942,0.423
2023-24,2024-02-11,Barcelona,Granada,D,0.0745,0.121,0.8045,0.2828,0.2942,0.423
2023-24,2024-02-11,West Ham,Arsenal,A,0.4576,0.2514,0.291,0.2828,0.2942,0.423
2023-24,2024-02-11,Aston Villa,Man United,A,0.3116,0.2417,0.4467,0.2828,0.2942,0.423
2023-24,2024-02-11,Hoffenheim,FC Koln,D,0.2199,0.2096,0.5705,0.2828,0.2942,0.423
2023-24,2024-02-11,Stuttgart,Mainz,H,0.1763,0.2056,0.6182,0.2828,0.2942,0.423
2023-24,2024-02-12,Almeria,Ath Bilbao,D,0.6396,0.2062,0.1542,0.2828,0.2942,0.423
2023-24,2024-02-12,Crystal Palace,Chelsea,A,0.45,0.2759,0.274,0.2828,0.2942,0.423
2023-24,2024-02-16,FC Koln,Werder Bremen,A,0.332,0.245,0.423,0.2828,0.2942,0.423
2023-24,2024-02-16,Villarreal,Getafe,D,0.2655,0.2452,0.4893,0.2828,0.2942,0.423
2023-24,2024-02-17,Brentford,Liverpool,A,0.552,0.2156,0.2324,0.2828,0.2942,0.423
2023-24,2024-02-17,Fulham,Aston Villa,A,0.3948,0.2513,0.354,0.2828,0.2942,0.423
2023-24,2024-02-17,Celta,Barcelona,A,0.4317,0.2383,0.33,0.2828,0.2942,0.423
2023-24,2024-02-17,Mainz,Augsburg,H,0.2845,0.2505,0.465,0.2828,0.2942,0.423
2023-24,2024-02-17,Valencia,Sevilla,D,0.2924,0.2638,0.4437,0.2828,0.2942,0.423
2023-24,2024-02-17,Man City,Chelsea,D,0.0957,0.1604,0.744,0.2828,0.2942,0.423
2023-24,2024-02-17,Burnley,Arsenal,A,0.6457,0.2128,0.1415,0.2828,0.2942,0.423
2023-24,2024-02-17,Osasuna,Cadiz,H,0.1646,0.2941,0.5413,0.2828,0.2942,0.423
2023-24,2024-02-17,Tottenham,Wolves,A,0.223,0.2232,0.5538,0.2828,0.2942,0.423
2023-24,2024-02-17,Heidenheim,Leverkusen,A,0.5664,0.2026,0.231,0.2828,0.2942,0.423
2023-24,2024-02-17,Nott'm Forest,West Ham,H,0.4782,0.2484,0.2734,0.29,0.26,0.45
2023-24,2024-02-17,RB Leipzig,M'gladbach,H,0.1662,0.1704,0.6634,0.29,0.26,0.45
2023-24,2024-02-17,Ath Madrid,Las Palmas,H,0.1689,0.2788,0.5523,0.2828,0.2942,0.423
2023-24,2024-02-17,Hoffenheim,Union Berlin,A,0.2828,0.239,0.4782,0.2828,0.2942,0.423
2023-24,2024-02-17,Darmstadt,Stuttgart,A,0.8098,0.1144,0.0758,0.2828,0.2942,0.423
2023-24,2024-02-17,Wolfsburg,Dortmund,D,0.4442,0.2347,0.3211,0.2828,0.2942,0.423
2023-24,2024-02-17,Newcastle,Bournemouth,D,0.1448,0.1774,0.6778,0.2828,0.2942,0.423
2023-24,2024-02-18,Freiburg,Ein Frankfurt,D,0.3162,0.2412,0.4426,0.2828,0.2942,0.423
2023-24,2024-02-18,Luton,Man United,A,0.5449,0.2005,0.2547,0.2828,0.2942,0.423
2023-24,2024-02-18,Bochum,Bayern Munich,H,0.8011,0.1223,0.0766,0.2828,0.2942,0.423
2023-24,2024-02-18,Vallecano,Real Madrid,D,0.5792,0.2338,0.187,0.2828,0.2942,0.423
2023-24,2024-02-18,Sheffield United,Brighton,A,0.7489,0.1551,0.096,0.2828,0.2942,0.423
2023-24,2024-02-18,Mallorca,Sociedad,A,0.4019,0.3225,0.2756,0.2828,0.2942,0.423
2023-24,2024-02-18,Betis,Alaves,D,0.1794,0.2354,0.5852,0.2828,0.2942,0.423
2023-24,2024-02-18,Granada,Almeria,D,0.2922,0.227,0.4808,0.2828,0.2942,0.423
2023-24,2024-02-19,Ath Bilbao,Girona,H,0.2842,0.2276,0.4882,0.2828,0.2942,0.423
2023-24,2024-02-19,Everton,Crystal Palace,D,0.2689,0.2844,0.4466,0.2828,0.2942,0.423
2023-24,2024-02-20,Man City,Brentford,H,0.0564,0.1066,0.837,0.2828,0.2942,0.423
2023-24,2024-02-21,Liverpool,Luton,H,0.047,0.0775,0.8756,0.2828,0.2942,0.423
2023-24,2024-02-23,Sociedad,Villarreal,A,0.2258,0.2558,0.5184,0.2828,0.2942,0.423
2023-24,2024-02-23,Leverkusen,Mainz,H,0.1241,0.1816,0.6943,0.2828,0.2942,0.423
2023-24,2024-02-24,Almeria,Ath Madrid,D,0.6381,0.2035,0.1584,0.2828,0.2942,0.423
2023-24,2024-02-24,Man United,Fulham,A,0.2208,0.2318,0.5474,0.2828,0.2942,0.423
2023-24,2024-02-24,Arsenal,Newcastle,H,0.2309,0.2356,0.5334,0.2828,0.2942,0.423
2023-24,2024-02-24,Union Berlin,Heidenheim,D,0.2656,0.2411,0.4933,0.2828,0.2942,0.423
2023-24,2024-02-24,Bournemouth,Man City,A,0.7832,0.1307,0.0861,0.2828,0.2942,0.423
2023-24,2024-02-24,Crystal Palace,Burnley,H,0.2005,0.2596,0.5399,0.2828,0.2942,0.423
2023-24,2024-02-24,Brighton,Everton,D,0.2139,0.2378,0.5483,0.2828,0.2942,0.423
2023-24,2024-02-24,Alaves,Mallorca,D,0.3549,0.301,0.3441,0.2828,0.2942,0.423
2023-24,2024-02-24,Bayern Munich,RB Leipzig,H,0.1965,0.1888,0.6147,0.2828,0.2942,0.423
2023-24,2024-02-24,Barcelona,Getafe,H,0.2178,0.2351,0.5471,0.2828,0.2942,0.423
2023-24,2024-02-24,M'gladbach,Bochum,H,0.195,0.1988,0.6062,0.29,0.26,0.45
2023-24,2024-02-24,Stuttgart,FC Koln,D,0.1796,0.2076,0.6127,0.2828,0.2942,0.423
2023-24,2024-02-24,Werder Bremen,Darmstadt,D,0.0766,0.1239,0.7995,0.2828,0.2942,0.423
2023-24,2024-02-24,Aston Villa,Nott'm Forest,H,0.1437,0.1873,0.669,0.29,0.26,0.45
2023-24,2024-02-25,Wolves,Sheffield United,H,0.0725,0.1415,0.7861,0.2828,0.2942,0.423
2023-24,2024-02-25,Las Palmas,Osasuna,D,0.2936,0.3205,0.3859,0.2828,0.2942,0.423
2023-24,2024-02-25,Real Madrid,Sevilla,H,0.1462,0.2061,0.6477,0.2828,0.2942,0.423
2023-24,2024-02-25,Augsburg,Freiburg,H,0.3929,0.2434,0.3637,0.2828,0.2942,0.423
2023-24,2024-02-25,Cadiz,Celta,D,0.4912,0.2906,0.2182,0.2828,0.2942,0.423
2023-24,2024-02-25,Dortmund,Hoffenheim,A,0.173,0.1765,0.6504,0.2828,0.2942,0.423
2023-24,2024-02-25,Ein Frankfurt,Wolfsburg,D,0.3076,0.2441,0.4484,0.2828,0.2942,0.423
2023-24,2024-02-25,Betis,Ath Bilbao,H,0.3879,0.279,0.3332,0.2828,0.2942,0.423
2023-24,2024-02-26,West Ham,Brentford,H,0.3317,0.2441,0.4242,0.2828,0.2942,0.423
2023-24,2024-02-26,Girona,Vallecano,H,0.1741,0.1876,0.6383,0.2828,0.2942,0.423
2023-24,2024-03-01,Freiburg,Bayern Munich,D,0.6048,0.1933,0.2018,0.2828,0.2942,0.423
2023-24,2024-03-01,Celta,Almeria,H,0.1463,0.1863,0.6674,0.2828,0.2942,0.423
2023-24,2024-03-02,Newcastle,Wolves,H,0.2192,0.2374,0.5434,0.2828,0.2942,0.423
2023-24,2024-03-02,Wolfsburg,Stuttgart,A,0.3437,0.2404,0.4159,0.2828,0.2942,0.423
2023-24,2024-03-02,Mainz,M'gladbach,D,0.3858,0.2419,0.3723,0.29,0.26,0.45
2023-24,2024-03-02,Heidenheim,Ein Frankfurt,A,0.3713,0.2258,0.4028,0.2828,0.2942,0.423
2023-24,2024-03-02,Darmstadt,Augsburg,A,0.6144,0.2025,0.183,0.2828,0.2942,0.423
2023-24,2024-03-02,Luton,Aston Villa,A,0.5785,0.1908,0.2307,0.2828,0.2942,0.423
2023-24,2024-03-02,Union Berlin,Dortmund,A,0.4428,0.2573,0.2999,0.2828,0.2942,0.423
2023-24,2024-03-02,Vallecano,Cadiz,D,0.1587,0.2874,0.5539,0.2828,0.2942,0.423
2023-24,2024-03-02,Bochum,RB Leipzig,A,0.5863,0.2125,0.2013,0.2828,0.2942,0.423
2023-24,2024-03-02,Nott'm Forest,Liverpool,A,0.698,0.1729,0.129,0.29,0.26,0.45
2023-24,2024-03-02,Tottenham,Crystal Palace,H,0.1849,0.2182,0.5969,0.2828,0.2942,0.423
2023-24,2024-03-02,Fulham,Brighton,H,0.3705,0.2489,0.3806,0.2828,0.2942,0.423
2023-24,2024-03-02,Valencia,Real Madrid,D,0.5026,0.2563,0.2411,0.2828,0.2942,0.423
2023-24,2024-03-02,Getafe,Las Palmas,D,0.2437,0.3097,0.4466,0.2828,0.2942,0.423
2023-24,2024-03-02,Brentford,Chelsea,D,0.3722,0.2553,0.3726,0.2828,0.2942,0.423
2023-24,2024-03-02,Everton,West Ham,A,0.3395,0.2696,0.3909,0.2828,0.2942,0.423
2023-24,2024-03-02,Sevilla,Sociedad,H,0.36,0.298,0.342,0.2828,0.2942,0.423
2023-24,2024-03-03,Man City,Man United,H,0.0926,0.1504,0.757,0.2828,0.2942,0.423
2023-24,2024-03-03,Burnley,Bournemouth,A,0.4287,0.248,0.3233,0.2828,0.2942,0.423
2023-24,2024-03-03,Ath Bilbao,Barcelona,D,0.2764,0.2548,0.4688,0.2828,0.2942,0.423
2023-24,2024-03-03,Ath Madrid,Betis,H,0.2085,0.2388,0.5528,0.2828,0.2942,0.423
2023-24,2024-03-03,Villarreal,Granada,H,0.1496,0.1746,0.6758,0.2828,0.2942,0.423
2023-24,2024-03-03,Hoffenheim,Werder Bremen,H,0.2557,0.2064,0.5379,0.2828,0.2942,0.423
2023-24,2024-03-03,FC Koln,Leverkusen,A,0.5532,0.2307,0.2161,0.2828,0.2942,0.423
2023-24,2024-03-03,Mallorca,Girona,H,0.4394,0.2336,0.3271,0.2828,0.2942,0.423
2023-24,2024-03-04,Osasuna,Alaves,H,0.2373,0.2797,0.483,0.2828,0.2942,0.423
2023-24,2024-03-04,Sheffield United,Arsenal,A,0.8167,0.1229,0.0604,0.2828,0.2942,0.423
2023-24,2024-03-08,Stuttgart,Union Berlin,H,0.2415,0.2374,0.5211,0.2828,0.2942,0.423
2023-24,2024-03-08,Barcelona,Mallorca,H,0.1987,0.2315,0.5698,0.2828,0.2942,0.423
2023-24,2024-03-09,Augsburg,Heidenheim,H,0.3084,0.2167,0.4749,0.2828,0.2942,0.423
2023-24,2024-03-09,Werder Bremen,Dortmund,A,0.5289,0.2159,0.2552,0.2828,0.2942,0.423
2023-24,2024-03-09,Granada,Sociedad,A,0.5534,0.235,0.2116,0.2828,0.2942,0.423
2023-24,2024-03-09,M'gladbach,FC Koln,D,0.2221,0.2152,0.5627,0.29,0.26,0.45
2023-24,2024-03-09,Bayern Munich,Mainz,H,0.0822,0.1332,0.7846,0.2828,0.2942,0.423
2023-24,2024-03-09,RB Leipzig,Darmstadt,H,0.0183,0.0459,0.9357,0.2828,0.2942,0.423
2023-24,2024-03-09,Cadiz,Ath Madrid,H,0.5851,0.2555,0.1594,0.2828,0.2942,0.423
2023-24,2024-03-09,Crystal Palace,Luton,D,0.2188,0.1946,0.5867,0.2828,0.2942,0.423
2023-24,2024-03-09,Girona,Osasuna,H,0.1809,0.1904,0.6286,0.2828,0.2942,0.423
2023-24,2024-03-09,Man United,Everton,H,0.1958,0.2312,0.573,0.2828,0.2942,0.423
2023-24,2024-03-09,Bournemouth,Sheffield United,D,0.0893,0.1391,0.7716,0.2828,0.2942,0.423
2023-24,2024-03-09,Wolves,Fulham,H,0.3153,0.2596,0.4251,0.2828,0.2942,0.423
2023-24,2024-03-09,Arsenal,Brentford,H,0.1712,0.196,0.6327,0.2828,0.2942,0.423
2023-24,2024-03-09,Valencia,Getafe,H,0.2783,0.2622,0.4595,0.2828,0.2942,0.423
2023-24,2024-03-10,Betis,Villarreal,A,0.2895,0.2302,0.4803,0.2828,0.2942,0.423
2023-24,2024-03-10,Las Palmas,Ath Bilbao,A,0.447,0.2912,0.2618,0.2828,0.2942,0.423
2023-24,2024-03-10,Bochum,Freiburg,A,0.4468,0.235,0.3182,0.2828,0.2942,0.423
2023-24,2024-03-10,Ein Frankfurt,Hoffenheim,H,0.2939,0.2139,0.4922,0.2828,0.2942,0.423
2023-24,2024-03-10,Alaves,Vallecano,H,0.3301,0.2911,0.3788,0.2828,0.2942,0.423
2023-24,2024-03-10,Leverkusen,Wolfsburg,H,0.1861,0.2058,0.6082,0.2828,0.2942,0.423
2023-24,2024-03-10,Real Madrid,Celta,H,0.1358,0.1861,0.6781,0.2828,0.2942,0.423
2023-24,2024-03-10,Aston Villa,Tottenham,A,0.3181,0.2237,0.4581,0.2828,0.2942,0.423
2023-24,2024-03-10,West Ham,Burnley,D,0.1327,0.1934,0.6738,0.2828,0.2942,0.423
2023-24,2024-03-10,Liverpool,Man City,D,0.4317,0.2364,0.3319,0.2828,0.2942,0.423
2023-24,2024-03-10,Brighton,Nott'm Forest,H,0.1655,0.1916,0.643,0.29,0.26,0.45
2023-24,2024-03-11,Almeria,Sevilla,D,0.5292,0.2309,0.2398,0.2828,0.2942,0.423
2023-24,2024-03-11,Chelsea,Newcastle,H,0.2959,0.2469,0.4572,0.2828,0.2942,0.423
2023-24,2024-03-13,Bournemouth,Luton,H,0.2129,0.1713,0.6159,0.2828,0.2942,0.423
2023-24,2024-03-15,Sociedad,Cadiz,H,0.1096,0.2454,0.645,0.2828,0.2942,0.423
2023-24,2024-03-15,FC Koln,RB Leipzig,A,0.5387,0.2327,0.2285,0.2828,0.2942,0.423
2023-24,2024-03-16,Luton,Nott'm Forest,D,0.3414,0.2067,0.4519,0.29,0.26,0.45
2023-24,2024-03-16,Fulham,Tottenham,H,0.3747,0.2353,0.39,0.2828,0.2942,0.423
2023-24,2024-03-16,Heidenheim,M'gladbach,D,0.3816,0.2101,0.4083,0.29,0.26,0.45
2023-24,2024-03-16,Darmstadt,Bayern Munich,A,0.9231,0.0526,0.0242,0.2828,0.2942,0.423
2023-24,2024-03-16,Getafe,Girona,H,0.429,0.2233,0.3477,0.2828,0.2942,0.423
2023-24,2024-03-16,Wolfsburg,Augsburg,A,0.2356,0.2209,0.5435,0.2828,0.2942,0.423
2023-24,2024-03-16,Ath Bilbao,Alaves,H,0.1307,0.2224,0.6469,0.2828,0.2942,0.423
2023-24,2024-03-16,Osasuna,Real Madrid,A,0.5322,0.2507,0.217,0.2828,0.2942,0.423
2023-24,2024-03-16,Union Berlin,Werder Bremen,H,0.2502,0.2481,0.5017,0.2828,0.2942,0.423
2023-24,2024-03-16,Hoffenheim,Stuttgart,A,0.3665,0.2148,0.4188,0.2828,0.2942,0.423
2023-24,2024-03-16,Mainz,Bochum,H,0.2571,0.2427,0.5002,0.2828,0.2942,0.423
2023-24,2024-03-16,Burnley,Brentford,H,0.5405,0.2338,0.2257,0.2828,0.2942,0.423
2023-24,2024-03-16,Mallorca,Granada,H,0.1789,0.217,0.6041,0.2828,0.2942,0.423
2023-24,2024-03-17,Sevilla,Celta,A,0.2657,0.2365,0.4977,0.2828,0.2942,0.423
2023-24,2024-03-17,Freiburg,Leverkusen,A,0.4581,0.2337,0.3082,0.2828,0.2942,0.423
2023-24,2024-03-17,Dortmund,Ein Frankfurt,H,0.203,0.1995,0.5974,0.2828,0.2942,0.423
2023-24,2024-03-17,Las Palmas,Almeria,A,0.1923,0.2404,0.5673,0.2828,0.2942,0.423
2023-24,2024-03-17,West Ham,Aston Villa,D,0.3562,0.2366,0.4071,0.2828,0.2942,0.423
2023-24,2024-03-17,Vallecano,Betis,H,0.3907,0.2683,0.341,0.2828,0.2942,0.423
2023-24,2024-03-17,Ath Madrid,Barcelona,A,0.288,0.2374,0.4745,0.2828,0.2942,0.423
2023-24,2024-03-17,Villarreal,Valencia,H,0.2987,0.2386,0.4627,0.2828,0.2942,0.423
2023-24,2024-03-29,Cadiz,Granada,H,0.3448,0.2621,0.3931,0.2828,0.2942,0.423
2023-24,2024-03-30,Bayern Munich,Dortmund,A,0.2095,0.17,0.6205,0.2828,0.2942,0.423
2023-24,2024-03-30,Aston Villa,Wolves,H,0.2546,0.2226,0.5228,0.2828,0.2942,0.423
2023-24,2024-03-30,Nott'm Forest,Crystal Palace,D,0.3411,0.2508,0.4081,0.29,0.26,0.45
2023-24,2024-03-30,Ein Frankfurt,Union Berlin,D,0.2827,0.2344,0.4829,0.2828,0.2942,0.423
2023-24,2024-03-30,Leverkusen,Hoffenheim,H,0.1616,0.1607,0.6777,0.2828,0.2942,0.423
2023-24,2024-03-30,RB Leipzig,Mainz,D,0.1435,0.1651,0.6914,0.2828,0.2942,0.423
2023-24,2024-03-30,Sheffield United,Fulham,D,0.6397,0.1957,0.1647,0.2828,0.2942,0.423
2023-24,2024-03-30,Werder Bremen,Wolfsburg,A,0.3672,0.226,0.4068,0.2828,0.2942,0.423
2023-24,2024-03-30,Getafe,Sevilla,A,0.3176,0.2473,0.4351,0.2828,0.2942,0.423
2023-24,2024-03-30,M'gladbach,Freiburg,A,0.3013,0.2045,0.4942,0.29,0.26,0.45
2023-24,2024-03-30,Valencia,Mallorca,D,0.2861,0.2644,0.4496,0.2828,0.2942,0.423
2023-24,2024-03-30,Barcelona,Las Palmas,H,0.151,0.1966,0.6525,0.2828,0.2942,0.423
2023-24,2024-03-30,Newcastle,West Ham,H,0.2319,0.2072,0.5609,0.2828,0.2942,0.423
2023-24,2024-03-30,Bournemouth,Everton,H,0.3209,0.2304,0.4487,0.2828,0.2942,0.423
2023-24,2024-03-30,Chelsea,Burnley,D,0.1384,0.1858,0.6758,0.2828,0.2942,0.423
2023-24,2024-03-30,Tottenham,Luton,H,0.1362,0.1291,0.7348,0.2828,0.2942,0.423
2023-24,2024-03-30,Brentford,Man United,D,0.364,0.2218,0.4142,0.2828,0.2942,0.423
2023-24,2024-03-30,Almeria,Osasuna,A,0.4003,0.2383,0.3614,0.2828,0.2942,0.423
2023-24,2024-03-31,Augsburg,FC Koln,D,0.2802,0.2191,0.5007,0.2828,0.2942,0.423
2023-24,2024-03-31,Stuttgart,Heidenheim,D,0.222,0.1842,0.5938,0.2828,0.2942,0.423
2023-24,2024-03-31,Bochum,Darmstadt,D,0.1102,0.144,0.7458,0.2828,0.2942,0.423
2023-24,2024-03-31,Celta,Vallecano,D,0.2825,0.2349,0.4826,0.2828,0.2942,0.423
2023-24,2024-03-31,Real Madrid,Ath Bilbao,H,0.2192,0.2206,0.5602,0.2828,0.2942,0.423
2023-24,2024-03-31,Alaves,Sociedad,A,0.4257,0.2802,0.2942,0.2828,0.2942,0.423
2023-24,2024-03-31,Liverpool,Brighton,H,0.1565,0.1636,0.6799,0.2828,0.2942,0.423
2023-24,2024-03-31,Man City,Arsenal,D,0.1973,0.1921,0.6106,0.2828,0.2942,0.423
2023-24,2024-03-31,Girona,Betis,H,0.2316,0.1944,0.574,0.2828,0.2942,0.423
2023-24,2024-04-01,Villarreal,Ath Madrid,A,0.3945,0.2182,0.3873,0.2828,0.2942,0.423
2023-24,2024-04-02,Bournemouth,Crystal Palace,H,0.3134,0.2284,0.4582,0.2828,0.2942,0.423
2023-24,2024-04-02,West Ham,Tottenham,D,0.4019,0.2195,0.3786,0.2828,0.2942,0.423
2023-24,2024-04-02,Nott'm Forest,Fulham,H,0.4146,0.2388,0.3466,0.29,0.26,0.45
2023-24,2024-04-02,Burnley,Wolves,D,0.4378,0.253,0.3091,0.2828,0.2942,0.423
2023-24,2024-04-02,Newcastle,Everton,D,0.2078,0.2147,0.5775,0.2828,0.2942,0.423
2023-24,2024-04-03,Arsenal,Luton,H,0.0737,0.0928,0.8335,0.2828,0.2942,0.423
2023-24,2024-04-03,Brentford,Brighton,D,0.331,0.2188,0.4502,0.2828,0.2942,0.423
2023-24,2024-04-03,Man City,Aston Villa,H,0.106,0.1402,0.7539,0.2828,0.2942,0.423
2023-24,2024-04-04,Granada,Valencia,A,0.4538,0.2275,0.3187,0.2828,0.2942,0.423
2023-24,2024-04-04,Liverpool,Sheffield United,H,0.0239,0.0522,0.9239,0.2828,0.2942,0.423
2023-24,2024-04-04,Chelsea,Man United,H,0.3052,0.2285,0.4662,0.2828,0.2942,0.423
2023-24,2024-04-05,Ein Frankfurt,Werder Bremen,D,0.2562,0.2061,0.5377,0.2828,0.2942,0.423
2023-24,2024-04-06,Heidenheim,Bayern Munich,H,0.6692,0.1552,0.1756,0.2828,0.2942,0.423
2023-24,2024-04-06,Everton,Burnley,H,0.2139,0.2359,0.5502,0.2828,0.2942,0.423
2023-24,2024-04-06,Luton,Bournemouth,H,0.381,0.1872,0.4318,0.2828,0.2942,0.423
2023-24,2024-04-06,Wolves,West Ham,A,0.3158,0.236,0.4482,0.2828,0.2942,0.423
2023-24,2024-04-06,Brighton,Arsenal,A,0.4733,0.2207,0.306,0.2828,0.2942,0.423
2023-24,2024-04-06,Freiburg,RB Leipzig,A,0.4832,0.2114,0.3053,0.2828,0.2942,0.423
2023-24,2024-04-06,Aston Villa,Brentford,D,0.2838,0.2123,0.5039,0.2828,0.2942,0.423
2023-24,2024-04-06,Dortmund,Stuttgart,A,0.2276,0.1885,0.5839,0.2828,0.2942,0.423
2023-24,2024-04-06,Fulham,Newcastle,A,0.3712,0.2318,0.397,0.2828,0.2942,0.423
2023-24,2024-04-06,FC Koln,Bochum,H,0.2831,0.222,0.4948,0.2828,0.2942,0.423
2023-24,2024-04-06,Mainz,Darmstadt,H,0.0946,0.1373,0.7681,0.2828,0.2942,0.423
2023-24,2024-04-06,Union Berlin,Leverkusen,A,0.4833,0.2318,0.2849,0.2828,0.2942,0.423
2023-24,2024-04-06,Crystal Palace,Man City,A,0.6826,0.1774,0.14,0.2828,0.2942,0.423
2023-24,2024-04-07,Hoffenheim,Augsburg,H,0.287,0.2019,0.5111,0.2828,0.2942,0.423
2023-24,2024-04-07,Man United,Liverpool,D,0.477,0.2112,0.3118,0.2828,0.2942,0.423
2023-24,2024-04-07,Sheffield United,Chelsea,D,0.6876,0.1792,0.1331,0.2828,0.2942,0.423
2023-24,2024-04-07,Tottenham,Nott'm Forest,H,0.1733,0.1816,0.6451,0.29,0.26,0.45
2023-24,2024-04-07,Wolfsburg,M'gladbach,A,0.3065,0.2095,0.484,0.29,0.26,0.45
2023-24,2024-04-12,Betis,Celta,H,0.3004,0.2231,0.4765,0.2828,0.2942,0.423
2023-24,2024-04-12,Augsburg,Union Berlin,H,0.3379,0.2358,0.4263,0.2828,0.2942,0.423
2023-24,2024-04-13,RB Leipzig,Wolfsburg,H,0.1916,0.1781,0.6304,0.2828,0.2942,0.423
2023-24,2024-04-13,Nott'm Forest,Wolves,D,0.355,0.2347,0.4103,0.29,0.26,0.45
2023-24,2024-04-13,Bayern Munich,FC Koln,H,0.0793,0.1027,0.8179,0.2828,0.2942,0.423
2023-24,2024-04-13,Bochum,Heidenheim,D,0.4632,0.1951,0.3418,0.2828,0.2942,0.423
2023-24,2024-04-13,Mainz,Hoffenheim,H,0.3678,0.212,0.4202,0.2828,0.2942,0.423
2023-24,2024-04-13,M'gladbach,Dortmund,A,0.496,0.1941,0.3098,0.29,0.26,0.45
2023-24,2024-04-13,Stuttgart,Ein Frankfurt,H,0.2697,0.2003,0.5301,0.2828,0.2942,0.423
2023-24,2024-04-13,Bournemouth,Man United,D,0.4442,0.2098,0.346,0.2828,0.2942,0.423
2023-24,2024-04-13,Vallecano,Getafe,D,0.3352,0.2538,0.411,0.2828,0.2942,0.423
2023-24,2024-04-13,Mallorca,Real Madrid,A,0.5356,0.2234,0.2409,0.2828,0.2942,0.423
2023-24,2024-04-13,Cadiz,Barcelona,A,0.6017,0.2155,0.1828,0.2828,0.2942,0.423
2023-24,2024-04-13,Brentford,Sheffield United,H,0.1121,0.1383,0.7496,0.2828,0.2942,0.423
2023-24,2024-04-13,Burnley,Brighton,D,0.4911,0.2258,0.2831,0.2828,0.2942,0.423
2023-24,2024-04-13,Man City,Luton,H,0.0363,0.0555,0.9082,0.2828,0.2942,0.423
2023-24,2024-04-13,Newcastle,Tottenham,H,0.3127,0.2074,0.4799,0.2828,0.2942,0.423
2023-24,2024-04-13,Ath Madrid,Girona,H,0.3013,0.1953,0.5033,0.2828,0.2942,0.423
2023-24,2024-04-14,Darmstadt,Freiburg,A,0.709,0.1529,0.1381,0.2828,0.2942,0.423
2023-24,2024-04-14,Arsenal,Aston Villa,A,0.1808,0.1778,0.6414,0.2828,0.2942,0.423
2023-24,2024-04-14,Liverpool,Crystal Palace,A,0.1159,0.1421,0.7421,0.2828,0.2942,0.423
2023-24,2024-04-14,West Ham,Fulham,A,0.3254,0.2184,0.4562,0.2828,0.2942,0.423
2023-24,2024-04-14,Sociedad,Almeria,D,0.1598,0.1905,0.6497,0.2828,0.2942,0.423
2023-24,2024-04-14,Ath Bilbao,Villarreal,D,0.2379,0.2068,0.5553,0.2828,0.2942,0.423
2023-24,2024-04-14,Granada,Alaves,H,0.3602,0.2382,0.4016,0.2828,0.2942,0.423
2023-24,2024-04-14,Leverkusen,Werder Bremen,H,0.1338,0.1498,0.7164,0.2828,0.2942,0.423
2023-24,2024-04-14,Las Palmas,Sevilla,A,0.3706,0.2745,0.355,0.2828,0.2942,0.423
2023-24,2024-04-15,Chelsea,Everton,H,0.2235,0.2154,0.561,0.2828,0.2942,0.423
2023-24,2024-04-15,Osasuna,Valencia,A,0.3386,0.25,0.4114,0.2828,0.2942,0.423
2023-24,2024-04-19,Ein Frankfurt,Augsburg,H,0.265,0.2018,0.5332,0.2828,0.2942,0.423
2023-24,2024-04-19,Ath Bilbao,Granada,D,0.1251,0.1587,0.7163,0.2828,0.2942,0.423
2023-24,2024-04-20,Valencia,Betis,A,0.3043,0.2409,0.4548,0.2828,0.2942,0.423
2023-24,2024-04-20,Luton,Brentford,A,0.447,0.1897,0.3632,0.2828,0.2942,0.423
2023-24,2024-04-20,Sheffield United,Burnley,A,0.4066,0.2366,0.3568,0.2828,0.2942,0.423
2023-24,2024-04-20,Girona,Cadiz,H,0.1225,0.1641,0.7134,0.2828,0.2942,0.423
2023-24,2024-04-20,Vallecano,Osasuna,H,0.3235,0.2495,0.4269,0.2828,0.2942,0.423
2023-24,2024-04-20,Wolves,Arsenal,A,0.5411,0.2152,0.2437,0.2828,0.2942,0.423
2023-24,2024-04-20,Union Berlin,Bayern Munich,A,0.5963,0.1883,0.2154,0.2828,0.2942,0.423
2023-24,2024-04-20,Wolfsburg,Bochum,H,0.2109,0.1905,0.5986,0.2828,0.2942,0.423
2023-24,2024-04-20,Hoffenheim,M'gladbach,H,0.3251,0.1919,0.4829,0.29,0.26,0.45
2023-24,2024-04-20,Heidenheim,RB Leipzig,A,0.4793,0.19,0.3306,0.2828,0.2942,0.423
2023-24,2024-04-20,FC Koln,Darmstadt,A,0.0943,0.129,0.7767,0.2828,0.2942,0.423
2023-24,2024-04-20,Celta,Las Palmas,H,0.2552,0.2524,0.4924,0.2828,0.2942,0.423
2023-24,2024-04-21,Werder Bremen,Stuttgart,H,0.4344,0.2119,0.3537,0.2828,0.2942,0.423
2023-24,2024-04-21,Crystal Palace,West Ham,H,0.3554,0.2319,0.4127,0.2828,0.2942,0.423
2023-24,2024-04-21,Aston Villa,Bournemouth,H,0.2263,0.187,0.5867,0.2828,0.2942,0.423
2023-24,2024-04-21,Everton,Nott'm Forest,H,0.2881,0.2333,0.4786,0.29,0.26,0.45
2023-24,2024-04-21,Real Madrid,Barcelona,H,0.2332,0.1871,0.5797,0.2828,0.2942,0.423
2023-24,2024-04-21,Fulham,Liverpool,A,0.5456,0.1951,0.2593,0.2828,0.2942,0.423
2023-24,2024-04-21,Almeria,Villarreal,A,0.4935,0.2022,0.3044,0.2828,0.2942,0.423
2023-24,2024-04-21,Getafe,Sociedad,D,0.3669,0.2648,0.3683,0.2828,0.2942,0.423
2023-24,2024-04-21,Freiburg,Mainz,D,0.2737,0.2109,0.5154,0.2828,0.2942,0.423
2023-24,2024-04-21,Dortmund,Leverkusen,D,0.3397,0.2059,0.4544,0.2828,0.2942,0.423
2023-24,2024-04-21,Alaves,Ath Madrid,H,0.4977,0.2355,0.2668,0.2828,0.2942,0.423
2023-24,2024-04-22,Sevilla,Mallorca,H,0.2996,0.2508,0.4496,0.2828,0.2942,0.423
2023-24,2024-04-23,Arsenal,Chelsea,H,0.1976,0.1906,0.6118,0.2828,0.2942,0.423
2023-24,2024-04-24,Wolves,Bournemouth,A,0.2896,0.2158,0.4946,0.2828,0.2942,0.423
2023-24,2024-04-24,Man United,Sheffield United,H,0.0891,0.1219,0.789,0.2828,0.2942,0.423
2023-24,2024-04-24,Crystal Palace,Newcastle,H,0.4444,0.2299,0.3257,0.2828,0.2942,0.423
2023-24,2024-04-24,Everton,Liverpool,H,0.5777,0.1981,0.2243,0.2828,0.2942,0.423
2023-24,2024-04-25,Brighton,Man City,A,0.6252,0.1801,0.1946,0.2828,0.2942,0.423
2023-24,2024-04-26,Bochum,Hoffenheim,H,0.4774,0.2279,0.2948,0.2828,0.2942,0.423
2023-24,2024-04-26,Sociedad,Real Madrid,A,0.4237,0.2878,0.2885,0.2828,0.2942,0.423
2023-24,2024-04-27,Newcastle,Sheffield United,H,0.0526,0.1086,0.8389,0.2828,0.2942,0.423
2023-24,2024-04-27,Las Palmas,Girona,A,0.5851,0.2209,0.194,0.2828,0.2942,0.423
2023-24,2024-04-27,Augsburg,Werder Bremen,A,0.2856,0.238,0.4764,0.2828,0.2942,0.423
2023-24,2024-04-27,Bayern Munich,Ein Frankfurt,H,0.1162,0.1524,0.7314,0.2828,0.2942,0.423
2023-24,2024-04-27,Freiburg,Wolfsburg,A,0.3087,0.2507,0.4406,0.2828,0.2942,0.423
2023-24,2024-04-27,RB Leipzig,Dortmund,H,0.3083,0.2441,0.4477,0.2828,0.2942,0.423
2023-24,2024-04-27,Alaves,Celta,H,0.4111,0.2821,0.3068,0.2828,0.2942,0.423
2023-24,2024-04-27,Leverkusen,Stuttgart,D,0.2163,0.222,0.5617,0.2828,0.2942,0.423
2023-24,2024-04-27,Ath Madrid,Ath Bilbao,H,0.3353,0.2834,0.3813,0.2828,0.2942,0.423
2023-24,2024-04-27,Almeria,Getafe,A,0.4719,0.2603,0.2678,0.2828,0.2942,0.423
2023-24,2024-04-27,West Ham,Liverpool,D,0.5363,0.2204,0.2433,0.2828,0.2942,0.423
2023-24,2024-04-27,Wolves,Luton,H,0.192,0.1911,0.6168,0.2828,0.2942,0.423
2023-24,2024-04-27,Everton,Brentford,H,0.3845,0.2684,0.3472,0.2828,0.2942,0.423
2023-24,2024-04-27,Aston Villa,Chelsea,D,0.3352,0.2508,0.414,0.2828,0.2942,0.423
2023-24,2024-04-27,Man United,Burnley,D,0.1339,0.1988,0.6673,0.2828,0.2942,0.423
2023-24,2024-04-27,Fulham,Crystal Palace,D,0.2684,0.2618,0.4699,0.2828,0.2942,0.423
2023-24,2024-04-28,Betis,Sevilla,D,0.3103,0.2607,0.4289,0.2828,0.2942,0.423
2023-24,2024-04-28,Tottenham,Arsenal,A,0.4486,0.2536,0.2979,0.2828,0.2942,0.423
2023-24,2024-04-28,Bournemouth,Brighton,H,0.402,0.2407,0.3573,0.2828,0.2942,0.423
2023-24,2024-04-28,Villarreal,Vallecano,H,0.2432,0.2513,0.5055,0.2828,0.2942,0.423
2023-24,2024-04-28,Nott'm Forest,Man City,A,0.8092,0.1267,0.064,0.29,0.26,0.45
2023-24,2024-04-28,Darmstadt,Heidenheim,A,0.748,0.145,0.1071,0.2828,0.2942,0.423
2023-24,2024-04-28,Mainz,FC Koln,D,0.2592,0.2664,0.4745,0.2828,0.2942,0.423
2023-24,2024-04-28,M'gladbach,Union Berlin,D,0.2774,0.2478,0.4748,0.29,0.26,0.45
2023-24,2024-04-28,Granada,Osasuna,H,0.4482,0.2569,0.2948,0.2828,0.2942,0.423
2023-24,2024-04-28,Cadiz,Mallorca,D,0.4287,0.3487,0.2226,0.2828,0.2942,0.423
2023-24,2024-04-29,Barcelona,Valencia,H,0.2359,0.2514,0.5126,0.2828,0.2942,0.423
2023-24,2024-05-02,Chelsea,Tottenham,H,0.2948,0.2404,0.4648,0.2828,0.2942,0.423
2023-24,2024-05-03,Luton,Everton,D,0.4333,0.2295,0.3371,0.2828,0.2942,0.423
2023-24,2024-05-03,Hoffenheim,RB Leipzig,D,0.4892,0.222,0.2889,0.2828,0.2942,0.423
2023-24,2024-05-03,Getafe,Ath Bilbao,A,0.4174,0.2969,0.2857,0.2828,0.2942,0.423
2023-24,2024-05-04,FC Koln,Freiburg,D,0.4087,0.2626,0.3287,0.2828,0.2942,0.423
2023-24,2024-05-04,Man City,Wolves,H,0.0579,0.1261,0.816,0.2828,0.2942,0.423
2023-24,2024-05-04,Stuttgart,Bayern Munich,H,0.5242,0.2108,0.2649,0.2828,0.2942,0.423
2023-24,2024-05-04,Werder Bremen,M'gladbach,D,0.4038,0.2285,0.3677,0.29,0.26,0.45
2023-24,2024-05-04,Girona,Barcelona,H,0.3111,0.2098,0.4791,0.2828,0.2942,0.423
2023-24,2024-05-04,Wolfsburg,Darmstadt,H,0.0493,0.1046,0.8461,0.2828,0.2942,0.423
2023-24,2024-05-04,Sociedad,Las Palmas,H,0.1415,0.2673,0.5912,0.2828,0.2942,0.423
2023-24,2024-05-04,Brentford,Fulham,D,0.2865,0.242,0.4716,0.2828,0.2942,0.423
2023-24,2024-05-04,Mallorca,Ath Madrid,A,0.3922,0.2938,0.314,0.2828,0.2942,0.423
2023-24,2024-05-04,Arsenal,Bournemouth,H,0.1145,0.1763,0.7092,0.2828,0.2942,0.423
2023-24,2024-05-04,Burnley,Newcastle,A,0.5671,0.2366,0.1963,0.2828,0.2942,0.423
2023-24,2024-05-04,Sheffield United,Nott'm Forest,A,0.4995,0.245,0.2555,0.29,0.26,0.45
2023-24,2024-05-04,Dortmund,Augsburg,H,0.147,0.1867,0.6662,0.2828,0.2942,0.423
2023-24,2024-05-04,Real Madrid,Cadiz,H,0.0628,0.1782,0.759,0.2828,0.2942,0.423
2023-24,2024-05-05,Ein Frankfurt,Leverkusen,A,0.4827,0.2442,0.2731,0.2828,0.2942,0.423
2023-24,2024-05-05,Heidenheim,Mainz,D,0.296,0.2345,0.4695,0.2828,0.2942,0.423
2023-24,2024-05-05,Osasuna,Betis,A,0.359,0.2763,0.3647,0.2828,0.2942,0.423
2023-24,2024-05-05,Valencia,Alaves,A,0.1948,0.2838,0.5214,0.2828,0.2942,0.423
2023-24,2024-05-05,Sevilla,Granada,H,0.1441,0.1903,0.6656,0.2828,0.2942,0.423
2023-24,2024-05-05,Celta,Villarreal,H,0.3287,0.2367,0.4346,0.2828,0.2942,0.423
2023-24,2024-05-05,Chelsea,West Ham,H,0.2376,0.235,0.5274,0.2828,0.2942,0.423
2023-24,2024-05-05,Liverpool,Tottenham,H,0.1873,0.1942,0.6186,0.2828,0.2942,0.423
2023-24,2024-05-05,Vallecano,Almeria,A,0.2072,0.2474,0.5454,0.2828,0.2942,0.423
2023-24,2024-05-05,Union Berlin,Bochum,A,0.2086,0.2585,0.5329,0.2828,0.2942,0.423
2023-24,2024-05-05,Brighton,Aston Villa,H,0.3399,0.2459,0.4142,0.2828,0.2942,0.423
2023-24,2024-05-06,Crystal Palace,Man United,H,0.3983,0.2654,0.3363,0.2828,0.2942,0.423
2023-24,2024-05-10,Alaves,Girona,D,0.5181,0.2337,0.2482,0.2828,0.2942,0.423
2023-24,2024-05-10,Augsburg,Stuttgart,A,0.48,0.2317,0.2883,0.2828,0.2942,0.423
2023-24,2024-05-11,Newcastle,Brighton,D,0.2447,0.235,0.5203,0.2828,0.2942,0.423
2023-24,2024-05-11,Everton,Sheffield United,H,0.1152,0.1942,0.6905,0.2828,0.2942,0.423
2023-24,2024-05-11,Tottenham,Burnley,H,0.1309,0.187,0.6821,0.2828,0.2942,0.423
2023-24,2024-05-11,Bournemouth,Brentford,A,0.3879,0.2408,0.3712,0.2828,0.2942,0.423
2023-24,2024-05-11,Wolves,Crystal Palace,A,0.3155,0.2802,0.4043,0.2828,0.2942,0.423
2023-24,2024-05-11,Granada,Real Madrid,A,0.7192,0.1698,0.111,0.2828,0.2942,0.423
2023-24,2024-05-11,West Ham,Luton,H,0.1619,0.1628,0.6753,0.2828,0.2942,0.423
2023-24,2024-05-11,Fulham,Man City,A,0.7033,0.1788,0.1179,0.2828,0.2942,0.423
2023-24,2024-05-11,Nott'm Forest,Chelsea,A,0.5214,0.2434,0.2352,0.29,0.26,0.45
2023-24,2024-05-11,RB Leipzig,Werder Bremen,D,0.1316,0.1793,0.6891,0.2828,0.2942,0.423
2023-24,2024-05-11,Mallorca,Las Palmas,H,0.1679,0.3084,0.5236,0.2828,0.2942,0.423
2023-24,2024-05-11,FC Koln,Union Berlin,H,0.3527,0.3002,0.3471,0.2828,0.2942,0.423
2023-24,2024-05-11,Mainz,Dortmund,H,0.5168,0.241,0.2422,0.2828,0.2942,0.423
2023-24,2024-05-11,Villarreal,Sevilla,H,0.3226,0.2465,0.4309,0.2828,0.2942,0.423
2023-24,2024-05-11,Freiburg,Heidenheim,D,0.2683,0.2262,0.5055,0.2828,0.2942,0.423
2023-24,2024-05-11,Ath Bilbao,Osasuna,D,0.1592,0.2491,0.5917,0.2828,0.2942,0.423
2023-24,2024-05-11,M'gladbach,Ein Frankfurt,D,0.3242,0.2252,0.4507,0.29,0.26,0.45
2023-24,2024-05-12,Betis,Almeria,H,0.1423,0.1941,0.6636,0.2828,0.2942,0.423
2023-24,2024-05-12,Darmstadt,Hoffenheim,A,0.796,0.1262,0.0779,0.2828,0.2942,0.423
2023-24,2024-05-12,Bochum,Leverkusen,A,0.642,0.1964,0.1616,0.2828,0.2942,0.423
2023-24,2024-05-12,Cadiz,Getafe,H,0.4521,0.326,0.2219,0.2828,0.2942,0.423
2023-24,2024-05-12,Ath Madrid,Celta,H,0.2127,0.2258,0.5615,0.2828,0.2942,0.423
2023-24,2024-05-12,Man United,Arsenal,A,0.4624,0.2572,0.2804,0.2828,0.2942,0.423
2023-24,2024-05-12,Valencia,Vallecano,D,0.2257,0.2879,0.4864,0.2828,0.2942,0.423
2023-24,2024-05-12,Bayern Munich,Wolfsburg,H,0.1157,0.1577,0.7266,0.2828,0.2942,0.423
2023-24,2024-05-13,Aston Villa,Liverpool,D,0.4973,0.2244,0.2783,0.2828,0.2942,0.423
2023-24,2024-05-13,Barcelona,Sociedad,H,0.2883,0.2698,0.4419,0.2828,0.2942,0.423
2023-24,2024-05-14,Osasuna,Mallorca,D,0.3222,0.3156,0.3622,0.2828,0.2942,0.423
2023-24,2024-05-14,Real Madrid,Alaves,H,0.0998,0.2015,0.6988,0.2828,0.2942,0.423
2023-24,2024-05-14,Tottenham,Man City,A,0.674,0.181,0.145,0.2828,0.2942,0.423
2023-24,2024-05-14,Girona,Villarreal,A,0.2176,0.1839,0.5985,0.2828,0.2942,0.423
2023-24,2024-05-15,Man United,Newcastle,H,0.3501,0.2481,0.4018,0.2828,0.2942,0.423
2023-24,2024-05-15,Celta,Ath Bilbao,H,0.4366,0.2672,0.2963,0.2828,0.2942,0.423
2023-24,2024-05-15,Brighton,Chelsea,A,0.3759,0.2565,0.3676,0.2828,0.2942,0.423
2023-24,2024-05-15,Sevilla,Cadiz,A,0.1286,0.2547,0.6167,0.2828,0.2942,0.423
2023-24,2024-05-15,Vallecano,Granada,H,0.2304,0.254,0.5156,0.2828,0.2942,0.423
2023-24,2024-05-15,Getafe,Ath Madrid,A,0.4045,0.2762,0.3193,0.2828,0.2942,0.423
2023-24,2024-05-16,Sociedad,Valencia,H,0.2356,0.2902,0.4742,0.2828,0.2942,0.423
2023-24,2024-05-16,Almeria,Barcelona,A,0.615,0.203,0.1819,0.2828,0.2942,0.423
2023-24,2024-05-16,Las Palmas,Betis,D,0.4875,0.2904,0.2222,0.2828,0.2942,0.423
2023-24,2024-05-18,Stuttgart,M'gladbach,H,0.2258,0.2012,0.573,0.29,0.26,0.45
2023-24,2024-05-18,Ein Frankfurt,RB Leipzig,D,0.4692,0.2406,0.2902,0.2828,0.2942,0.423
2023-24,2024-05-18,Heidenheim,FC Koln,H,0.2497,0.2416,0.5087,0.2828,0.2942,0.423
2023-24,2024-05-18,Hoffenheim,Bayern Munich,H,0.6269,0.1776,0.1955,0.2828,0.2942,0.423
2023-24,2024-05-18,Dortmund,Darmstadt,H,0.0136,0.042,0.9444,0.2828,0.2942,0.423
2023-24,2024-05-18,Union Berlin,Freiburg,H,0.3361,0.2772,0.3868,0.2828,0.2942,0.423
2023-24,2024-05-18,Werder Bremen,Bochum,H,0.2545,0.2284,0.5171,0.2828,0.2942,0.423
2023-24,2024-05-18,Wolfsburg,Mainz,A,0.251,0.256,0.493,0.2828,0.2942,0.423
2023-24,2024-05-18,Alaves,Getafe,H,0.3548,0.3111,0.3342,0.2828,0.2942,0.423
2023-24,2024-05-18,Leverkusen,Augsburg,H,0.1141,0.1662,0.7198,0.2828,0.2942,0.423
2023-24,2024-05-19,Liverpool,Wolves,H,0.1229,0.1773,0.6998,0.2828,0.2942,0.423
2023-24,2024-05-19,Arsenal,Everton,H,0.122,0.2172,0.6608,0.2828,0.2942,0.423
2023-24,2024-05-19,Brentford,Newcastle,A,0.3767,0.2497,0.3735,0.2828,0.2942,0.423
2023-24,2024-05-19,Brighton,Man United,A,0.3373,0.2479,0.4148,0.2828,0.2942,0.423
2023-24,2024-05-19,Burnley,Nott'm Forest,A,0.3467,0.2744,0.379,0.29,0.26,0.45
2023-24,2024-05-19,Luton,Fulham,A,0.5151,0.2088,0.2761,0.2828,0.2942,0.423
2023-24,2024-05-19,Crystal Palace,Aston Villa,H,0.3597,0.2617,0.3786,0.2828,0.2942,0.423
2023-24,2024-05-19,Granada,Celta,A,0.4901,0.2297,0.2802,0.2828,0.2942,0.423
2023-24,2024-05-19,Betis,Sociedad,A,0.3436,0.2903,0.3661,0.2828,0.2942,0.423
2023-24,2024-05-19,Sheffield United,Tottenham,A,0.7235,0.1612,0.1152,0.2828,0.2942,0.423
2023-24,2024-05-19,Valencia,Girona,A,0.4251,0.2347,0.3403,0.2828,0.2942,0.423
2023-24,2024-05-19,Mallorca,Almeria,D,0.177,0.2472,0.5758,0.2828,0.2942,0.423
2023-24,2024-05-19,Cadiz,Las Palmas,D,0.2853,0.3803,0.3344,0.2828,0.2942,0.423
2023-24,2024-05-19,Villarreal,Real Madrid,D,0.5288,0.2336,0.2376,0.2828,0.2942,0.423
2023-24,2024-05-19,Barcelona,Vallecano,H,0.1646,0.2277,0.6077,0.2828,0.2942,0.423
2023-24,2024-05-19,Ath Madrid,Osasuna,A,0.1761,0.2366,0.5873,0.2828,0.2942,0.423
2023-24,2024-05-19,Ath Bilbao,Sevilla,H,0.2171,0.2623,0.5207,0.2828,0.2942,0.423
2023-24,2024-05-19,Man City,West Ham,H,0.0541,0.1074,0.8386,0.2828,0.2942,0.423
2023-24,2024-05-19,Chelsea,Bournemouth,H,0.1867,0.2092,0.6041,0.2828,0.2942,0.423
2023-24,2024-05-24,Girona,Granada,H,0.1439,0.1499,0.7062,0.2828,0.2942,0.423
2023-24,2024-05-25,Osasuna,Villarreal,D,0.3878,0.2308,0.3814,0.2828,0.2942,0.423
2023-24,2024-05-25,Sociedad,Ath Madrid,A,0.3429,0.2619,0.3952,0.2828,0.2942,0.423
2023-24,2024-05-25,Real Madrid,Betis,D,0.1209,0.155,0.7241,0.2828,0.2942,0.423
2023-24,2024-05-25,Vallecano,Ath Bilbao,A,0.4421,0.2778,0.2801,0.2828,0.2942,0.423
2023-24,2024-05-25,Almeria,Cadiz,H,0.2537,0.2703,0.476,0.2828,0.2942,0.423
2023-24,2024-05-26,Sevilla,Barcelona,A,0.4788,0.2217,0.2995,0.2828,0.2942,0.423
2023-24,2024-05-26,Getafe,Mallorca,A,0.3195,0.2831,0.3974,0.2828,0.2942,0.423
2023-24,2024-05-26,Las Palmas,Alaves,D,0.39,0.3161,0.294,0.2828,0.2942,0.423
2023-24,2024-05-26,Celta,Valencia,D,0.3226,0.2496,0.4278,0.2828,0.2942,0.423
2024-25,2024-08-15,Ath Bilbao,Getafe,D,0.198,0.2614,0.5405,0.2828,0.2942,0.423
2024-25,2024-08-15,Betis,Girona,D,0.3971,0.2345,0.3684,0.2828,0.2942,0.423
2024-25,2024-08-16,Celta,Alaves,H,0.2564,0.2624,0.4812,0.2828,0.2942,0.423
2024-25,2024-08-16,Man United,Fulham,H,0.2465,0.2297,0.5238,0.2828,0.2942,0.423
2024-25,2024-08-16,Las Palmas,Sevilla,D,0.4427,0.3016,0.2557,0.2828,0.2942,0.423
2024-25,2024-08-17,Valencia,Barcelona,A,0.4747,0.243,0.2823,0.2828,0.2942,0.423
2024-25,2024-08-17,Osasuna,Leganes,D,0.1421,0.2299,0.628,0.29,0.26,0.45
2024-25,2024-08-17,Ipswich,Liverpool,A,0.8158,0.1122,0.0721,0.29,0.26,0.45
2024-25,2024-08-17,Arsenal,Wolves,H,0.1054,0.1726,0.7221,0.2828,0.2942,0.423
2024-25,2024-08-17,Everton,Brighton,A,0.353,0.2733,0.3737,0.2828,0.2942,0.423
2024-25,2024-08-17,Newcastle,Southampton,H,0.1445,0.1851,0.6704,0.2828,0.2942,0.423
2024-25,2024-08-17,Nott'm Forest,Bournemouth,D,0.328,0.2396,0.4324,0.29,0.26,0.45
2024-25,2024-08-17,West Ham,Aston Villa,A,0.3593,0.238,0.4027,0.2828,0.2942,0.423
2024-25,2024-08-18,Sociedad,Vallecano,A,0.1953,0.2862,0.5185,0.2828,0.2942,0.423
2024-25,2024-08-18,Brentford,Crystal Palace,H,0.2958,0.2494,0.4549,0.2828,0.2942,0.423
2024-25,2024-08-18,Chelsea,Man City,A,0.5636,0.2187,0.2177,0.2828,0.2942,0.423
2024-25,2024-08-18,Mallorca,Real Madrid,D,0.581,0.2306,0.1884,0.2828,0.2942,0.423
2024-25,2024-08-19,Villarreal,Ath Madrid,D,0.3826,0.2336,0.3838,0.2828,0.2942,0.423
2024-25,2024-08-19,Valladolid,Espanol,H,0.4528,0.2461,0.3011,0.2828,0.2942,0.423
2024-25,2024-08-19,Leicester,Tottenham,D,0.348,0.223,0.429,0.2828,0.2942,0.423
2024-25,2024-08-23,Celta,Valencia,H,0.308,0.2639,0.4281,0.2828,0.2942,0.423
2024-25,2024-08-23,M'gladbach,Leverkusen,A,0.5708,0.1983,0.2309,0.29,0.26,0.45
2024-25,2024-08-23,Sevilla,Villarreal,A,0.3473,0.2427,0.41,0.2828,0.2942,0.423
2024-25,2024-08-24,Getafe,Vallecano,D,0.2629,0.2913,0.4458,0.2828,0.2942,0.423
2024-25,2024-08-24,Fulham,Leicester,H,0.3361,0.2353,0.4286,0.2828,0.2942,0.423
2024-25,2024-08-24,RB Leipzig,Bochum,H,0.0913,0.1323,0.7764,0.2828,0.2942,0.423
2024-25,2024-08-24,Dortmund,Ein Frankfurt,H,0.174,0.186,0.64,0.2828,0.2942,0.423
2024-25,2024-08-24,Osasuna,Mallorca,H,0.3135,0.2924,0.3941,0.2828,0.2942,0.423
2024-25,2024-08-24,Barcelona,Ath Bilbao,H,0.2517,0.2396,0.5088,0.2828,0.2942,0.423
2024-25,2024-08-24,Espanol,Sociedad,A,0.4716,0.2564,0.272,0.2828,0.2942,0.423
2024-25,2024-08-24,Brighton,Man United,H,0.3576,0.245,0.3974,0.2828,0.2942,0.423
2024-25,2024-08-24,Southampton,Nott'm Forest,A,0.3428,0.2483,0.4089,0.29,0.26,0.45
2024-25,2024-08-24,Man City,Ipswich,H,0.0163,0.0437,0.94,0.29,0.26,0.45
2024-25,2024-08-24,Freiburg,Stuttgart,H,0.4112,0.2407,0.3481,0.2828,0.2942,0.423
2024-25,2024-08-24,Tottenham,Everton,H,0.2149,0.2327,0.5524,0.2828,0.2942,0.423
2024-25,2024-08-24,Aston Villa,Arsenal,A,0.5297,0.2268,0.2435,0.2828,0.2942,0.423
2024-25,2024-08-24,Augsburg,Werder Bremen,D,0.3404,0.2361,0.4236,0.2828,0.2942,0.423
2024-25,2024-08-24,Hoffenheim,Holstein Kiel,H,0.1175,0.1574,0.725,0.29,0.26,0.45
2024-25,2024-08-24,Mainz,Union Berlin,D,0.2912,0.2646,0.4442,0.2828,0.2942,0.423
2024-25,2024-08-24,Crystal Palace,West Ham,A,0.2754,0.2446,0.48,0.2828,0.2942,0.423
2024-25,2024-08-25,Alaves,Betis,D,0.3597,0.2868,0.3535,0.2828,0.2942,0.423
2024-25,2024-08-25,Real Madrid,Valladolid,H,0.0249,0.0654,0.9098,0.2828,0.2942,0.423
2024-25,2024-08-25,Ath Madrid,Girona,H,0.2897,0.2168,0.4935,0.2828,0.2942,0.423
2024-25,2024-08-25,Wolves,Chelsea,A,0.4371,0.2557,0.3072,0.2828,0.2942,0.423
2024-25,2024-08-25,Wolfsburg,Bayern Munich,A,0.6243,0.1847,0.1911,0.2828,0.2942,0.423
2024-25,2024-08-25,St Pauli,Heidenheim,A,0.5203,0.2292,0.2505,0.29,0.26,0.45
2024-25,2024-08-25,Bournemouth,Newcastle,D,0.4617,0.233,0.3053,0.2828,0.2942,0.423
2024-25,2024-08-25,Leganes,Las Palmas,H,0.3342,0.3368,0.329,0.29,0.26,0.45
2024-25,2024-08-25,Liverpool,Brentford,H,0.1328,0.162,0.7052,0.2828,0.2942,0.423
2024-25,2024-08-26,Villarreal,Celta,H,0.2552,0.2196,0.5252,0.2828,0.2942,0.423
2024-25,2024-08-27,Vallecano,Barcelona,A,0.5312,0.2398,0.229,0.2828,0.2942,0.423
2024-25,2024-08-27,Mallorca,Sevilla,D,0.3036,0.2868,0.4097,0.2828,0.2942,0.423
2024-25,2024-08-28,Ath Madrid,Espanol,D,0.1279,0.1642,0.7079,0.2828,0.2942,0.423
2024-25,2024-08-28,Sociedad,Alaves,A,0.1975,0.2832,0.5194,0.2828,0.2942,0.423
2024-25,2024-08-28,Ath Bilbao,Valencia,H,0.2146,0.2691,0.5162,0.2828,0.2942,0.423
2024-25,2024-08-28,Valladolid,Leganes,D,0.2928,0.2939,0.4134,0.29,0.26,0.45
2024-25,2024-08-29,Girona,Osasuna,H,0.1539,0.1747,0.6714,0.2828,0.2942,0.423
2024-25,2024-08-29,Las Palmas,Real Madrid,D,0.7085,0.189,0.1025,0.2828,0.2942,0.423
2024-25,2024-08-30,Union Berlin,St Pauli,H,0.2135,0.2593,0.5272,0.2828,0.2942,0.423
2024-25,2024-08-31,Leverkusen,RB Leipzig,A,0.2952,0.2298,0.475,0.2828,0.2942,0.423
2024-25,2024-08-31,Werder Bremen,Dortmund,D,0.5508,0.2107,0.2384,0.2828,0.2942,0.423
2024-25,2024-08-31,Holstein Kiel,Wolfsburg,A,0.4202,0.2387,0.3411,0.2828,0.2942,0.423
2024-25,2024-08-31,West Ham,Man City,A,0.6756,0.1837,0.1407,0.2828,0.2942,0.423
2024-25,2024-08-31,Nott'm Forest,Wolves,D,0.3636,0.2607,0.3757,0.29,0.26,0.45
2024-25,2024-08-31,Ein Frankfurt,Hoffenheim,H,0.28,0.2014,0.5186,0.2828,0.2942,0.423
2024-25,2024-08-31,Leicester,Aston Villa,A,0.3357,0.2199,0.4445,0.2828,0.2942,0.423
2024-25,2024-08-31,Stuttgart,Mainz,D,0.182,0.1998,0.6183,0.2828,0.2942,0.423
2024-25,2024-08-31,Everton,Bournemouth,A,0.2939,0.2591,0.447,0.2828,0.2942,0.423
2024-25,2024-08-31,Ipswich,Fulham,D,0.4629,0.2468,0.2903,0.2828,0.2942,0.423
2024-25,2024-08-31,Bochum,M'gladbach,A,0.4783,0.2199,0.3018,0.29,0.26,0.45
2024-25,2024-08-31,Arsenal,Brighton,D,0.1407,0.1931,0.6662,0.2828,0.2942,0.423
2024-25,2024-08-31,Valencia,Villarreal,D,0.4,0.2426,0.3574,0.2828,0.2942,0.423
2024-25,2024-08-31,Leganes,Mallorca,A,0.3526,0.325,0.3224,0.2828,0.2942,0.423
2024-25,2024-08-31,Espanol,Vallecano,H,0.3354,0.2893,0.3753,0.2828,0.2942,0.423
2024-25,2024-08-31,Ath Bilbao,Ath Madrid,A,0.3161,0.263,0.4208,0.2828,0.2942,0.423
2024-25,2024-08-31,Barcelona,Valladolid,H,0.0703,0.1322,0.7974,0.2828,0.2942,0.423
2024-25,2024-08-31,Brentford,Southampton,H,0.1818,0.2049,0.6133,0.2828,0.2942,0.423
2024-25,2024-09-01,Alaves,Las Palmas,H,0.2319,0.2974,0.4708,0.2828,0.2942,0.423
2024-25,2024-09-01,Osasuna,Celta,H,0.352,0.2491,0.3989,0.2828,0.2942,0.423
2024-25,2024-09-01,Heidenheim,Augsburg,H,0.2283,0.2044,0.5673,0.2828,0.2942,0.423
2024-25,2024-09-01,Bayern Munich,Freiburg,H,0.1237,0.1504,0.726,0.2828,0.2942,0.423
2024-25,2024-09-01,Sevilla,Girona,A,0.4104,0.2184,0.3712,0.2828,0.2942,0.423
2024-25,2024-09-01,Newcastle,Tottenham,H,0.2877,0.2192,0.4931,0.2828,0.2942,0.423
2024-25,2024-09-01,Real Madrid,Betis,H,0.1301,0.1857,0.6842,0.2828,0.2942,0.423
2024-25,2024-09-01,Chelsea,Crystal Palace,D,0.1891,0.2152,0.5957,0.2828,0.2942,0.423
2024-25,2024-09-01,Man United,Liverpool,A,0.4374,0.2293,0.3333,0.2828,0.2942,0.423
2024-25,2024-09-01,Getafe,Sociedad,D,0.4035,0.2998,0.2966,0.2828,0.2942,0.423
2024-25,2024-09-13,Dortmund,Heidenheim,H,0.2041,0.1889,0.607,0.2828,0.2942,0.423
2024-25,2024-09-13,Betis,Leganes,H,0.1456,0.2258,0.6286,0.2828,0.2942,0.423
2024-25,2024-09-14,Holstein Kiel,Bayern Munich,A,0.7938,0.1176,0.0886,0.2828,0.2942,0.423
2024-25,2024-09-14,Man City,Brentford,H,0.0636,0.1146,0.8218,0.2828,0.2942,0.423
2024-25,2024-09-14,Freiburg,Bochum,H,0.1416,0.1805,0.6779,0.2828,0.2942,0.423
2024-25,2024-09-14,Hoffenheim,Leverkusen,A,0.5346,0.1981,0.2673,0.2828,0.2942,0.423
2024-25,2024-09-14,Bournemouth,Chelsea,A,0.5016,0.2222,0.2762,0.2828,0.2942,0.423
2024-25,2024-09-14,Aston Villa,Everton,H,0.1991,0.2186,0.5823,0.2828,0.2942,0.423
2024-25,2024-09-14,RB Leipzig,Union Berlin,D,0.1327,0.1925,0.6748,0.2828,0.2942,0.423
2024-25,2024-09-14,Wolfsburg,Ein Frankfurt,A,0.3402,0.2404,0.4195,0.2828,0.2942,0.423
2024-25,2024-09-14,Mallorca,Villarreal,A,0.3798,0.2604,0.3598,0.2828,0.2942,0.423
2024-25,2024-09-14,M'gladbach,Stuttgart,A,0.4499,0.2103,0.3399,0.29,0.26,0.45
2024-25,2024-09-14,Sevilla,Getafe,H,0.2353,0.2557,0.5091,0.2828,0.2942,0.423
2024-25,2024-09-14,Sociedad,Real Madrid,A,0.4656,0.2724,0.262,0.2828,0.2942,0.423
2024-25,2024-09-14,Southampton,Man United,A,0.5477,0.2157,0.2366,0.2828,0.2942,0.423
2024-25,2024-09-14,Brighton,Ipswich,D,0.1235,0.1697,0.7068,0.2828,0.2942,0.423
2024-25,2024-09-14,Crystal Palace,Leicester,D,0.3288,0.2362,0.435,0.2828,0.2942,0.423
2024-25,2024-09-14,Liverpool,Nott'm Forest,A,0.0649,0.1125,0.8226,0.29,0.26,0.45
2024-25,2024-09-14,Fulham,West Ham,D,0.3214,0.2395,0.439,0.2828,0.2942,0.423
2024-25,2024-09-14,Espanol,Alaves,H,0.3501,0.278,0.372,0.2828,0.2942,0.423
2024-25,2024-09-15,Wolves,Newcastle,A,0.4688,0.2426,0.2886,0.2828,0.2942,0.423
2024-25,2024-09-15,Tottenham,Arsenal,A,0.4864,0.2329,0.2806,0.2828,0.2942,0.423
2024-25,2024-09-15,Ath Madrid,Valencia,H,0.167,0.22,0.613,0.2828,0.2942,0.423
2024-25,2024-09-15,Las Palmas,Ath Bilbao,A,0.5537,0.2657,0.1806,0.2828,0.2942,0.423
2024-25,2024-09-15,Augsburg,St Pauli,H,0.209,0.2195,0.5715,0.2828,0.2942,0.423
2024-25,2024-09-15,Girona,Barcelona,A,0.3243,0.1997,0.4759,0.2828,0.2942,0.423
2024-25,2024-09-15,Celta,Valladolid,H,0.109,0.1627,0.7282,0.2828,0.2942,0.423
2024-25,2024-09-15,Mainz,Werder Bremen,A,0.2773,0.2315,0.4913,0.2828,0.2942,0.423
2024-25,2024-09-16,Vallecano,Osasuna,H,0.327,0.2895,0.3834,0.2828,0.2942,0.423
2024-25,2024-09-17,Mallorca,Sociedad,H,0.3649,0.3236,0.3115,0.2828,0.2942,0.423
2024-25,2024-09-18,Betis,Getafe,H,0.2163,0.2493,0.5343,0.2828,0.2942,0.423
2024-25,2024-09-19,Leganes,Ath Bilbao,A,0.5399,0.2714,0.1887,0.2828,0.2942,0.423
2024-25,2024-09-20,Augsburg,Mainz,A,0.3547,0.2343,0.411,0.2828,0.2942,0.423
2024-25,2024-09-20,Alaves,Sevilla,H,0.3866,0.278,0.3354,0.2828,0.2942,0.423
2024-25,2024-09-21,Valencia,Girona,H,0.4726,0.228,0.2994,0.2828,0.2942,0.423
2024-25,2024-09-21,Bochum,Holstein Kiel,D,0.3127,0.2289,0.4584,0.2828,0.2942,0.423
2024-25,2024-09-21,Heidenheim,Freiburg,A,0.2745,0.2123,0.5132,0.2828,0.2942,0.423
2024-25,2024-09-21,Union Berlin,Hoffenheim,H,0.3476,0.2371,0.4153,0.2828,0.2942,0.423
2024-25,2024-09-21,Werder Bremen,Bayern Munich,A,0.6498,0.1763,0.1739,0.2828,0.2942,0.423
2024-25,2024-09-21,Ein Frankfurt,M'gladbach,H,0.2555,0.2026,0.5419,0.29,0.26,0.45
2024-25,2024-09-21,Valladolid,Sociedad,D,0.6034,0.2431,0.1535,0.2828,0.2942,0.423
2024-25,2024-09-21,Liverpool,Bournemouth,H,0.0856,0.1247,0.7896,0.2828,0.2942,0.423
2024-25,2024-09-21,Osasuna,Las Palmas,H,0.2013,0.2641,0.5346,0.2828,0.2942,0.423
2024-25,2024-09-21,Aston Villa,Wolves,H,0.2038,0.2109,0.5853,0.2828,0.2942,0.423
2024-25,2024-09-21,Fulham,Newcastle,H,0.4128,0.2435,0.3437,0.2828,0.2942,0.423
2024-25,2024-09-21,Leicester,Everton,D,0.2203,0.2243,0.5554,0.2828,0.2942,0.423
2024-25,2024-09-21,Southampton,Ipswich,D,0.2667,0.2305,0.5028,0.2828,0.2942,0.423
2024-25,2024-09-21,Tottenham,Brentford,H,0.2448,0.2102,0.5451,0.2828,0.2942,0.423
2024-25,2024-09-21,Crystal Palace,Man United,D,0.3872,0.2472,0.3656,0.2828,0.2942,0.423
2024-25,2024-09-21,Real Madrid,Espanol,H,0.0515,0.1073,0.8412,0.2828,0.2942,0.423
2024-25,2024-09-21,West Ham,Chelsea,A,0.4108,0.2341,0.3551,0.2828,0.2942,0.423
2024-25,2024-09-22,Getafe,Leganes,D,0.2065,0.2828,0.5107,0.2828,0.2942,0.423
2024-25,2024-09-22,Man City,Arsenal,D,0.198,0.2251,0.5769,0.2828,0.2942,0.423
2024-25,2024-09-22,Leverkusen,Wolfsburg,H,0.1478,0.1847,0.6675,0.2828,0.2942,0.423
2024-25,2024-09-22,Ath Bilbao,Celta,H,0.1871,0.2128,0.6001,0.2828,0.2942,0.423
2024-25,2024-09-22,St Pauli,RB Leipzig,D,0.6722,0.1877,0.1401,0.2828,0.2942,0.423
2024-25,2024-09-22,Vallecano,Ath Madrid,D,0.5248,0.2545,0.2207,0.2828,0.2942,0.423
2024-25,2024-09-22,Brighton,Nott'm Forest,D,0.1553,0.1924,0.6524,0.29,0.26,0.45
2024-25,2024-09-22,Stuttgart,Dortmund,H,0.3644,0.2229,0.4127,0.2828,0.2942,0.423
2024-25,2024-09-22,Villarreal,Barcelona,A,0.4108,0.2113,0.3779,0.2828,0.2942,0.423
2024-25,2024-09-23,Betis,Mallorca,A,0.2308,0.2732,0.4959,0.2828,0.2942,0.423
2024-25,2024-09-24,Sevilla,Valladolid,H,0.0997,0.1721,0.7282,0.2828,0.2942,0.423
2024-25,2024-09-24,Valencia,Osasuna,D,0.2693,0.2708,0.4599,0.2828,0.2942,0.423
2024-25,2024-09-24,Real Madrid,Alaves,H,0.0803,0.1603,0.7593,0.2828,0.2942,0.423
2024-25,2024-09-25,Girona,Vallecano,D,0.1248,0.1691,0.7061,0.2828,0.2942,0.423
2024-25,2024-09-25,Barcelona,Getafe,H,0.1477,0.1926,0.6597,0.2828,0.2942,0.423
2024-25,2024-09-26,Celta,Ath Madrid,A,0.4737,0.2263,0.3,0.2828,0.2942,0.423
2024-25,2024-09-26,Las Palmas,Betis,D,0.4982,0.2676,0.2342,0.2828,0.2942,0.423
2024-25,2024-09-26,Espanol,Villarreal,A,0.5276,0.2143,0.2581,0.2828,0.2942,0.423
2024-25,2024-09-27,Valladolid,Mallorca,A,0.4891,0.3003,0.2106,0.2828,0.2942,0.423
2024-25,2024-09-27,Dortmund,Bochum,H,0.0657,0.1192,0.8151,0.2828,0.2942,0.423
2024-25,2024-09-28,Arsenal,Leicester,H,0.1078,0.1713,0.7209,0.2828,0.2942,0.423
2024-25,2024-09-28,Brentford,West Ham,D,0.3117,0.2433,0.445,0.2828,0.2942,0.423
2024-25,2024-09-28,Freiburg,St Pauli,A,0.1483,0.2186,0.6332,0.2828,0.2942,0.423
2024-25,2024-09-28,M'gladbach,Union Berlin,H,0.3059,0.2671,0.427,0.29,0.26,0.45
2024-25,2024-09-28,Newcastle,Man City,D,0.5411,0.2399,0.219,0.2828,0.2942,0.423
2024-25,2024-09-28,Osasuna,Barcelona,H,0.5807,0.2165,0.2028,0.2828,0.2942,0.423
2024-25,2024-09-28,Chelsea,Brighton,H,0.2311,0.2305,0.5385,0.2828,0.2942,0.423
2024-25,2024-09-28,RB Leipzig,Augsburg,H,0.1011,0.1494,0.7496,0.2828,0.2942,0.423
2024-25,2024-09-28,Bayern Munich,Leverkusen,D,0.2782,0.2205,0.5013,0.2828,0.2942,0.423
2024-25,2024-09-28,Vallecano,Leganes,D,0.226,0.3173,0.4566,0.2828,0.2942,0.423
2024-25,2024-09-28,Mainz,Heidenheim,A,0.354,0.2365,0.4095,0.2828,0.2942,0.423
2024-25,2024-09-28,Everton,Crystal Palace,H,0.3733,0.2897,0.3369,0.2828,0.2942,0.423
2024-25,2024-09-28,Wolfsburg,Stuttgart,D,0.4692,0.2368,0.294,0.2828,0.2942,0.423
2024-25,2024-09-28,Getafe,Alaves,H,0.2888,0.3053,0.4059,0.2828,0.2942,0.423
2024-25,2024-09-28,Nott'm Forest,Fulham,A,0.4195,0.2669,0.3136,0.29,0.26,0.45
2024-25,2024-09-28,Wolves,Liverpool,A,0.6125,0.2149,0.1726,0.2828,0.2942,0.423
2024-25,2024-09-28,Sociedad,Valencia,H,0.2139,0.3047,0.4813,0.2828,0.2942,0.423
2024-25,2024-09-29,Holstein Kiel,Ein Frankfurt,A,0.6126,0.1932,0.1942,0.2828,0.2942,0.423
2024-25,2024-09-29,Man United,Tottenham,A,0.3086,0.2316,0.4598,0.2828,0.2942,0.423
2024-25,2024-09-29,Ipswich,Aston Villa,D,0.5435,0.2331,0.2234,0.2828,0.2942,0.423
2024-25,2024-09-29,Hoffenheim,Werder Bremen,A,0.2594,0.2086,0.5319,0.2828,0.2942,0.423
2024-25,2024-09-29,Betis,Espanol,H,0.1522,0.2014,0.6464,0.2828,0.2942,0.423
2024-25,2024-09-29,Ath Bilbao,Sevilla,D,0.2129,0.2511,0.5359,0.2828,0.2942,0.423
2024-25,2024-09-29,Ath Madrid,Real Madrid,D,0.4193,0.2578,0.3229,0.2828,0.2942,0.423
2024-25,2024-09-29,Celta,Girona,D,0.4787,0.2065,0.3147,0.2828,0.2942,0.423
2024-25,2024-09-30,Villarreal,Las Palmas,H,0.1239,0.176,0.7002,0.2828,0.2942,0.423
2024-25,2024-09-30,Bournemouth,Southampton,H,0.2399,0.2347,0.5254,0.2828,0.2942,0.423
2024-25,2024-10-04,Augsburg,M'gladbach,H,0.3644,0.2253,0.4104,0.29,0.26,0.45
2024-25,2024-10-04,Leganes,Valencia,D,0.4075,0.3206,0.2718,0.2828,0.2942,0.423
2024-25,2024-10-05,Bochum,Wolfsburg,A,0.5058,0.2464,0.2478,0.2828,0.2942,0.423
2024-25,2024-10-05,Getafe,Osasuna,D,0.2908,0.2953,0.4139,0.2828,0.2942,0.423
2024-25,2024-10-05,Espanol,Mallorca,H,0.4014,0.295,0.3036,0.2828,0.2942,0.423
2024-25,2024-10-05,St Pauli,Mainz,A,0.4456,0.2734,0.281,0.2828,0.2942,0.423
2024-25,2024-10-05,Werder Bremen,Freiburg,A,0.4222,0.2494,0.3284,0.2828,0.2942,0.423
2024-25,2024-10-05,Union Berlin,Dortmund,H,0.5055,0.2592,0.2353,0.2828,0.2942,0.423
2024-25,2024-10-05,Leverkusen,Holstein Kiel,D,0.0454,0.086,0.8686,0.2828,0.2942,0.423
2024-25,2024-10-05,Brentford,Wolves,H,0.2321,0.2431,0.5248,0.2828,0.2942,0.423
2024-25,2024-10-05,Valladolid,Vallecano,A,0.4408,0.304,0.2552,0.2828,0.2942,0.423
2024-25,2024-10-05,Real Madrid,Villarreal,H,0.1287,0.1614,0.7099,0.2828,0.2942,0.423
2024-25,2024-10-05,Crystal Palace,Liverpool,A,0.5348,0.2385,0.2266,0.2828,0.2942,0.423
2024-25,2024-10-05,Arsenal,Southampton,H,0.0445,0.1071,0.8484,0.2828,0.2942,0.423
2024-25,2024-10-05,Leicester,Bournemouth,H,0.2274,0.2203,0.5523,0.2828,0.2942,0.423
2024-25,2024-10-05,Man City,Fulham,H,0.0865,0.1675,0.7461,0.2828,0.2942,0.423
2024-25,2024-10-05,West Ham,Ipswich,H,0.1766,0.2247,0.5987,0.2828,0.2942,0.423
2024-25,2024-10-05,Everton,Newcastle,D,0.4933,0.2565,0.2503,0.2828,0.2942,0.423
2024-25,2024-10-05,Las Palmas,Celta,A,0.4705,0.2549,0.2746,0.2828,0.2942,0.423
2024-25,2024-10-06,Chelsea,Nott'm Forest,D,0.1141,0.1784,0.7075,0.29,0.26,0.45
2024-25,2024-10-06,Alaves,Barcelona,A,0.5699,0.2254,0.2047,0.2828,0.2942,0.423
2024-25,2024-10-06,Girona,Ath Bilbao,H,0.348,0.2401,0.4119,0.2828,0.2942,0.423
2024-25,2024-10-06,Brighton,Tottenham,H,0.3705,0.2385,0.3911,0.2828,0.2942,0.423
2024-25,2024-10-06,Aston Villa,Man United,D,0.3695,0.2348,0.3956,0.2828,0.2942,0.423
2024-25,2024-10-06,Sevilla,Betis,H,0.3424,0.2614,0.3962,0.2828,0.2942,0.423
2024-25,2024-10-06,Heidenheim,RB Leipzig,A,0.5392,0.2159,0.2449,0.2828,0.2942,0.423
2024-25,2024-10-06,Ein Frankfurt,Bayern Munich,D,0.5453,0.2105,0.2442,0.2828,0.2942,0.423
2024-25,2024-10-06,Stuttgart,Hoffenheim,D,0.1806,0.1707,0.6487,0.2828,0.2942,0.423
2024-25,2024-10-06,Sociedad,Ath Madrid,D,0.3979,0.2919,0.3102,0.2828,0.2942,0.423
2024-25,2024-10-18,Dortmund,St Pauli,H,0.0774,0.1387,0.7838,0.2828,0.2942,0.423
2024-25,2024-10-18,Alaves,Valladolid,A,0.1616,0.2416,0.5968,0.2828,0.2942,0.423
2024-25,2024-10-19,Bayern Munich,Stuttgart,H,0.178,0.1754,0.6466,0.2828,0.2942,0.423
2024-25,2024-10-19,Celta,Real Madrid,A,0.6188,0.2054,0.1757,0.2828,0.2942,0.423
2024-25,2024-10-19,Tottenham,West Ham,H,0.2206,0.2066,0.5729,0.2828,0.2942,0.423
2024-25,2024-10-19,Ipswich,Everton,A,0.4153,0.2767,0.308,0.2828,0.2942,0.423
2024-25,2024-10-19,Man United,Brentford,H,0.2402,0.2212,0.5386,0.2828,0.2942,0.423
2024-25,2024-10-19,Newcastle,Brighton,A,0.2541,0.2303,0.5156,0.2828,0.2942,0.423
2024-25,2024-10-19,Ath Bilbao,Espanol,H,0.1133,0.1865,0.7002,0.2828,0.2942,0.423
2024-25,2024-10-19,Osasuna,Betis,A,0.3917,0.2683,0.34,0.2828,0.2942,0.423
2024-25,2024-10-19,M'gladbach,Heidenheim,H,0.3826,0.2215,0.3959,0.29,0.26,0.45
2024-25,2024-10-19,Girona,Sociedad,A,0.297,0.2483,0.4547,0.2828,0.2942,0.423
2024-25,2024-10-19,Mainz,RB Leipzig,A,0.5257,0.232,0.2423,0.2828,0.2942,0.423
2024-25,2024-10-19,Bournemouth,Arsenal,H,0.6619,0.1977,0.1404,0.2828,0.2942,0.423
2024-25,2024-10-19,Hoffenheim,Bochum,H,0.146,0.1645,0.6894,0.2828,0.2942,0.423
2024-25,2024-10-19,Freiburg,Augsburg,H,0.2158,0.2124,0.5718,0.2828,0.2942,0.423
2024-25,2024-10-19,Southampton,Leicester,A,0.5063,0.2279,0.2658,0.2828,0.2942,0.423
2024-25,2024-10-19,Leverkusen,Ein Frankfurt,H,0.1711,0.1898,0.6391,0.2828,0.2942,0.423
2024-25,2024-10-19,Fulham,Aston Villa,A,0.3699,0.2464,0.3837,0.2828,0.2942,0.423
2024-25,2024-10-20,Wolves,Man City,A,0.7222,0.1728,0.1049,0.2828,0.2942,0.423
2024-25,2024-10-20,Wolfsburg,Werder Bremen,A,0.2501,0.233,0.5169,0.2828,0.2942,0.423
2024-25,2024-10-20,Barcelona,Sevilla,H,0.1931,0.2062,0.6007,0.2828,0.2942,0.423
2024-25,2024-10-20,Liverpool,Chelsea,H,0.2164,0.2126,0.5709,0.2828,0.2942,0.423
2024-25,2024-10-20,Ath Madrid,Leganes,H,0.0866,0.1877,0.7256,0.2828,0.2942,0.423
2024-25,2024-10-20,Mallorca,Vallecano,H,0.2422,0.3171,0.4407,0.2828,0.2942,0.423
2024-25,2024-10-20,Holstein Kiel,Union Berlin,A,0.4937,0.2386,0.2677,0.2828,0.2942,0.423
2024-25,2024-10-20,Villarreal,Getafe,D,0.2061,0.2252,0.5686,0.2828,0.2942,0.423
2024-25,2024-10-21,Valencia,Las Palmas,A,0.1847,0.2792,0.536,0.2828,0.2942,0.423
2024-25,2024-10-21,Nott'm Forest,Crystal Palace,H,0.4007,0.2752,0.3241,0.29,0.26,0.45
2024-25,2024-10-25,Mainz,M'gladbach,D,0.2944,0.2299,0.4757,0.29,0.26,0.45
2024-25,2024-10-25,Leicester,Nott'm Forest,A,0.1964,0.2188,0.5848,0.29,0.26,0.45
2024-25,2024-10-25,Espanol,Sevilla,A,0.4646,0.2517,0.2837,0.2828,0.2942,0.423
2024-25,2024-10-26,Brentford,Ipswich,H,0.1293,0.1785,0.6922,0.2828,0.2942,0.423
2024-25,2024-10-26,Everton,Fulham,D,0.3644,0.281,0.3546,0.2828,0.2942,0.423
2024-25,2024-10-26,Brighton,Wolves,D,0.2015,0.2198,0.5788,0.2828,0.2942,0.423
2024-25,2024-10-26,Man City,Southampton,H,0.0249,0.0672,0.9079,0.2828,0.2942,0.423
2024-25,2024-10-26,Aston Villa,Bournemouth,D,0.1764,0.1957,0.6279,0.2828,0.2942,0.423
2024-25,2024-10-26,Werder Bremen,Leverkusen,D,0.5894,0.2098,0.2009,0.2828,0.2942,0.423
2024-25,2024-10-26,Real Madrid,Barcelona,A,0.1937,0.2072,0.5991,0.2828,0.2942,0.423
2024-25,2024-10-26,Stuttgart,Holstein Kiel,H,0.057,0.087,0.856,0.2828,0.2942,0.423
2024-25,2024-10-26,Vallecano,Alaves,H,0.2765,0.3026,0.421,0.2828,0.2942,0.423
2024-25,2024-10-26,Valladolid,Villarreal,A,0.6736,0.1828,0.1435,0.2828,0.2942,0.423
2024-25,2024-10-26,Augsburg,Dortmund,H,0.5728,0.2017,0.2254,0.2828,0.2942,0.423
2024-25,2024-10-26,RB Leipzig,Freiburg,H,0.1669,0.2006,0.6324,0.2828,0.2942,0.423
2024-25,2024-10-26,St Pauli,Wolfsburg,D,0.4742,0.262,0.2638,0.2828,0.2942,0.423
2024-25,2024-10-26,Las Palmas,Girona,H,0.5975,0.2129,0.1896,0.2828,0.2942,0.423
2024-25,2024-10-27,Betis,Ath Madrid,H,0.4085,0.2612,0.3302,0.2828,0.2942,0.423
2024-25,2024-10-27,Heidenheim,Hoffenheim,D,0.271,0.1972,0.5318,0.2828,0.2942,0.423
2024-25,2024-10-27,Arsenal,Liverpool,D,0.2632,0.2452,0.4916,0.2828,0.2942,0.423
2024-25,2024-10-27,West Ham,Man United,H,0.3938,0.2396,0.3666,0.2828,0.2942,0.423
2024-25,2024-10-27,Crystal Palace,Tottenham,H,0.412,0.2482,0.3397,0.2828,0.2942,0.423
2024-25,2024-10-27,Chelsea,Newcastle,H,0.2814,0.2354,0.4833,0.2828,0.2942,0.423
2024-25,2024-10-27,Getafe,Valencia,D,0.2938,0.3121,0.3941,0.2828,0.2942,0.423
2024-25,2024-10-27,Leganes,Celta,H,0.4575,0.2759,0.2666,0.2828,0.2942,0.423
2024-25,2024-10-27,Union Berlin,Ein Frankfurt,D,0.374,0.2735,0.3525,0.2828,0.2942,0.423
2024-25,2024-10-27,Bochum,Bayern Munich,A,0.7997,0.1212,0.0791,0.2828,0.2942,0.423
2024-25,2024-10-27,Sociedad,Osasuna,A,0.195,0.2648,0.5402,0.2828,0.2942,0.423
2024-25,2024-10-28,Mallorca,Ath Bilbao,D,0.4174,0.3078,0.2748,0.2828,0.2942,0.423
2024-25,2024-11-01,Alaves,Mallorca,H,0.3589,0.3208,0.3203,0.2828,0.2942,0.423
2024-25,2024-11-01,Leverkusen,Stuttgart,D,0.2426,0.2178,0.5397,0.2828,0.2942,0.423
2024-25,2024-11-02,Southampton,Everton,H,0.4009,0.2684,0.3306,0.2828,0.2942,0.423
2024-25,2024-11-02,Dortmund,RB Leipzig,H,0.3825,0.2332,0.3843,0.2828,0.2942,0.423
2024-25,2024-11-02,Liverpool,Brighton,H,0.1739,0.198,0.6281,0.2828,0.2942,0.423
2024-25,2024-11-02,Ipswich,Leicester,D,0.5905,0.1909,0.2186,0.2828,0.2942,0.423
2024-25,2024-11-02,Bournemouth,Man City,H,0.7015,0.1824,0.1161,0.2828,0.2942,0.423
2024-25,2024-11-02,Newcastle,Arsenal,H,0.4579,0.261,0.2811,0.2828,0.2942,0.423
2024-25,2024-11-02,Girona,Leganes,H,0.1287,0.1806,0.6907,0.2828,0.2942,0.423
2024-25,2024-11-02,Nott'm Forest,West Ham,H,0.4294,0.2502,0.3204,0.29,0.26,0.45
2024-25,2024-11-02,Holstein Kiel,Heidenheim,H,0.6925,0.1564,0.1511,0.2828,0.2942,0.423
2024-25,2024-11-02,Wolfsburg,Augsburg,D,0.2557,0.2255,0.5188,0.2828,0.2942,0.423
2024-25,2024-11-02,Hoffenheim,St Pauli,A,0.1567,0.1863,0.657,0.2828,0.2942,0.423
2024-25,2024-11-02,Ein Frankfurt,Bochum,H,0.1099,0.1574,0.7327,0.2828,0.2942,0.423
2024-25,2024-11-02,Bayern Munich,Union Berlin,H,0.102,0.1742,0.7238,0.2828,0.2942,0.423
2024-25,2024-11-02,Wolves,Crystal Palace,D,0.3619,0.2707,0.3674,0.2828,0.2942,0.423
2024-25,2024-11-02,Osasuna,Valladolid,H,0.1539,0.2052,0.6408,0.2828,0.2942,0.423
2024-25,2024-11-03,M'gladbach,Werder Bremen,H,0.3141,0.2192,0.4667,0.29,0.26,0.45
2024-25,2024-11-03,Ath Madrid,Las Palmas,H,0.1217,0.1862,0.6921,0.2828,0.2942,0.423
2024-25,2024-11-03,Man United,Chelsea,D,0.3519,0.238,0.4102,0.2828,0.2942,0.423
2024-25,2024-11-03,Ath Bilbao,Betis,D,0.2322,0.2566,0.5111,0.2828,0.2942,0.423
2024-25,2024-11-03,Freiburg,Mainz,D,0.2535,0.2359,0.5106,0.2828,0.2942,0.423
2024-25,2024-11-03,Barcelona,Espanol,H,0.0809,0.1222,0.7968,0.2828,0.2942,0.423
2024-25,2024-11-03,Tottenham,Aston Villa,H,0.2739,0.2178,0.5083,0.2828,0.2942,0.423
2024-25,2024-11-03,Sevilla,Sociedad,A,0.3353,0.2899,0.3748,0.2828,0.2942,0.423
2024-25,2024-11-04,Fulham,Brentford,H,0.3412,0.2427,0.4161,0.2828,0.2942,0.423
2024-25,2024-11-04,Celta,Getafe,H,0.2641,0.2525,0.4834,0.2828,0.2942,0.423
2024-25,2024-11-08,Union Berlin,Freiburg,D,0.3713,0.2847,0.344,0.2828,0.2942,0.423
2024-25,2024-11-08,Vallecano,Las Palmas,A,0.2606,0.2854,0.454,0.2828,0.2942,0.423
2024-25,2024-11-09,Leganes,Sevilla,H,0.4599,0.278,0.2621,0.2828,0.2942,0.423
2024-25,2024-11-09,Bochum,Leverkusen,D,0.7292,0.1621,0.1087,0.2828,0.2942,0.423
2024-25,2024-11-09,Liverpool,Aston Villa,H,0.182,0.1978,0.6203,0.2828,0.2942,0.423
2024-25,2024-11-09,Villarreal,Alaves,H,0.1674,0.1957,0.6369,0.2828,0.2942,0.423
2024-25,2024-11-09,Brighton,Man City,H,0.5872,0.2227,0.1901,0.2828,0.2942,0.423
2024-25,2024-11-09,Wolves,Southampton,H,0.214,0.2233,0.5627,0.2828,0.2942,0.423
2024-25,2024-11-09,West Ham,Everton,D,0.2348,0.2465,0.5187,0.2828,0.2942,0.423
2024-25,2024-11-09,St Pauli,Bayern Munich,A,0.7665,0.1457,0.0878,0.2828,0.2942,0.423
2024-25,2024-11-09,RB Leipzig,M'gladbach,D,0.1285,0.1621,0.7094,0.29,0.26,0.45
2024-25,2024-11-09,Real Madrid,Osasuna,H,0.0943,0.1633,0.7424,0.2828,0.2942,0.423
2024-25,2024-11-09,Mainz,Dortmund,H,0.4957,0.2277,0.2766,0.2828,0.2942,0.423
2024-25,2024-11-09,Brentford,Bournemouth,H,0.2348,0.2179,0.5472,0.2828,0.2942,0.423
2024-25,2024-11-09,Crystal Palace,Fulham,A,0.2966,0.2669,0.4365,0.2828,0.2942,0.423
2024-25,2024-11-09,Werder Bremen,Holstein Kiel,H,0.0994,0.1262,0.7744,0.2828,0.2942,0.423
2024-25,2024-11-10,Heidenheim,Wolfsburg,A,0.2999,0.2359,0.4642,0.2828,0.2942,0.423
2024-25,2024-11-10,Augsburg,Hoffenheim,D,0.3802,0.2115,0.4083,0.2828,0.2942,0.423
2024-25,2024-11-10,Getafe,Girona,A,0.4646,0.2442,0.2912,0.2828,0.2942,0.423
2024-25,2024-11-10,Valladolid,Ath Bilbao,D,0.6857,0.1943,0.12,0.2828,0.2942,0.423
2024-25,2024-11-10,Sociedad,Barcelona,H,0.3972,0.2657,0.337,0.2828,0.2942,0.423
2024-25,2024-11-10,Mallorca,Ath Madrid,A,0.4523,0.2856,0.2621,0.2828,0.2942,0.423
2024-25,2024-11-10,Man United,Leicester,H,0.1979,0.1857,0.6164,0.2828,0.2942,0.423
2024-25,2024-11-10,Nott'm Forest,Newcastle,A,0.5235,0.2426,0.2339,0.29,0.26,0.45
2024-25,2024-11-10,Tottenham,Ipswich,A,0.0598,0.103,0.8372,0.2828,0.2942,0.423
2024-25,2024-11-10,Chelsea,Arsenal,D,0.4421,0.257,0.301,0.2828,0.2942,0.423
2024-25,2024-11-10,Stuttgart,Ein Frankfurt,A,0.2585,0.2154,0.5261,0.2828,0.2942,0.423
2024-25,2024-11-10,Betis,Celta,D,0.254,0.2239,0.5221,0.2828,0.2942,0.423
2024-25,2024-11-22,Getafe,Valladolid,H,0.1657,0.2547,0.5796,0.2828,0.2942,0.423
2024-25,2024-11-22,Bayern Munich,Augsburg,H,0.0749,0.1171,0.808,0.2828,0.2942,0.423
2024-25,2024-11-23,Arsenal,Nott'm Forest,H,0.0813,0.1628,0.7559,0.29,0.26,0.45
2024-25,2024-11-23,Dortmund,Freiburg,H,0.2143,0.2105,0.5753,0.2828,0.2942,0.423
2024-25,2024-11-23,Ath Madrid,Alaves,H,0.1152,0.1945,0.6903,0.2828,0.2942,0.423
2024-25,2024-11-23,Girona,Espanol,H,0.1362,0.1514,0.7124,0.2828,0.2942,0.423
2024-25,2024-11-23,Las Palmas,Mallorca,A,0.3364,0.3171,0.3465,0.2828,0.2942,0.423
2024-25,2024-11-23,Celta,Barcelona,D,0.4984,0.211,0.2906,0.2828,0.2942,0.423
2024-25,2024-11-23,Leicester,Chelsea,A,0.5306,0.2086,0.2608,0.2828,0.2942,0.423
2024-25,2024-11-23,Valencia,Betis,H,0.3979,0.2821,0.32,0.2828,0.2942,0.423
2024-25,2024-11-23,Aston Villa,Crystal Palace,D,0.247,0.2401,0.5129,0.2828,0.2942,0.423
2024-25,2024-11-23,Wolfsburg,Union Berlin,H,0.248,0.2837,0.4683,0.2828,0.2942,0.423
2024-25,2024-11-23,Bournemouth,Brighton,A,0.4387,0.2387,0.3227,0.2828,0.2942,0.423
2024-25,2024-11-23,Ein Frankfurt,Werder Bremen,H,0.2104,0.1992,0.5904,0.2828,0.2942,0.423
2024-25,2024-11-23,Leverkusen,Heidenheim,H,0.1679,0.1929,0.6392,0.2828,0.2942,0.423
2024-25,2024-11-23,Stuttgart,Bochum,H,0.0815,0.1292,0.7893,0.2828,0.2942,0.423
2024-25,2024-11-23,Man City,Tottenham,A,0.1489,0.1895,0.6616,0.2828,0.2942,0.423
2024-25,2024-11-23,Hoffenheim,RB Leipzig,H,0.5458,0.2082,0.246,0.2828,0.2942,0.423
2024-25,2024-11-23,Fulham,Wolves,A,0.2546,0.245,0.5004,0.2828,0.2942,0.423
2024-25,2024-11-23,Everton,Brentford,D,0.3976,0.2653,0.3372,0.2828,0.2942,0.423
2024-25,2024-11-24,Southampton,Liverpool,A,0.7426,0.1575,0.0998,0.2828,0.2942,0.423
2024-25,2024-11-24,Sevilla,Vallecano,H,0.222,0.2636,0.5145,0.2828,0.2942,0.423
2024-25,2024-11-24,Holstein Kiel,Mainz,A,0.6095,0.1952,0.1954,0.2828,0.2942,0.423
2024-25,2024-11-24,Ipswich,Man United,D,0.6692,0.1836,0.1472,0.2828,0.2942,0.423
2024-25,2024-11-24,M'gladbach,St Pauli,H,0.1891,0.2247,0.5863,0.29,0.26,0.45
2024-25,2024-11-24,Leganes,Real Madrid,A,0.6743,0.2034,0.1224,0.2828,0.2942,0.423
2024-25,2024-11-24,Ath Bilbao,Sociedad,H,0.2728,0.2996,0.4276,0.2828,0.2942,0.423
2024-25,2024-11-24,Osasuna,Villarreal,D,0.4105,0.2296,0.3599,0.2828,0.2942,0.423
2024-25,2024-11-25,Newcastle,West Ham,A,0.2029,0.2153,0.5817,0.2828,0.2942,0.423
2024-25,2024-11-29,Brighton,Southampton,D,0.1136,0.1638,0.7226,0.2828,0.2942,0.423
2024-25,2024-11-29,Mallorca,Valencia,H,0.2697,0.331,0.3992,0.2828,0.2942,0.423
2024-25,2024-11-29,St Pauli,Holstein Kiel,H,0.1989,0.2194,0.5817,0.2828,0.2942,0.423
2024-25,2024-11-30,Espanol,Celta,H,0.4698,0.2236,0.3066,0.2828,0.2942,0.423
2024-25,2024-11-30,Wolves,Bournemouth,A,0.3096,0.2458,0.4446,0.2828,0.2942,0.423
2024-25,2024-11-30,Nott'm Forest,Ipswich,H,0.191,0.2176,0.5915,0.29,0.26,0.45
2024-25,2024-11-30,Crystal Palace,Newcastle,D,0.4316,0.2644,0.3041,0.2828,0.2942,0.423
2024-25,2024-11-30,Brentford,Leicester,H,0.2548,0.1997,0.5455,0.2828,0.2942,0.423
2024-25,2024-11-30,Valladolid,Ath Madrid,A,0.7068,0.1791,0.1141,0.2828,0.2942,0.423
2024-25,2024-11-30,West Ham,Arsenal,A,0.561,0.2341,0.2049,0.2828,0.2942,0.423
2024-25,2024-11-30,Barcelona,Las Palmas,A,0.1131,0.1627,0.7242,0.2828,0.2942,0.423
2024-25,2024-11-30,Dortmund,Bayern Munich,D,0.4525,0.2211,0.3264,0.2828,0.2942,0.423
2024-25,2024-11-30,Werder Bremen,Stuttgart,D,0.4869,0.2208,0.2922,0.2828,0.2942,0.423
2024-25,2024-11-30,Union Berlin,Leverkusen,A,0.5078,0.2707,0.2215,0.2828,0.2942,0.423
2024-25,2024-11-30,RB Leipzig,Wolfsburg,A,0.1651,0.2045,0.6304,0.2828,0.2942,0.423
2024-25,2024-11-30,Freiburg,M'gladbach,H,0.2731,0.2231,0.5038,0.29,0.26,0.45
2024-25,2024-11-30,Augsburg,Bochum,H,0.187,0.1996,0.6133,0.2828,0.2942,0.423
2024-25,2024-11-30,Alaves,Leganes,D,0.2826,0.2962,0.4212,0.2828,0.2942,0.423
2024-25,2024-12-01,Heidenheim,Ein Frankfurt,A,0.3649,0.2292,0.4059,0.2828,0.2942,0.423
2024-25,2024-12-01,Mainz,Hoffenheim,H,0.3109,0.2249,0.4641,0.2828,0.2942,0.423
2024-25,2024-12-01,Villarreal,Girona,D,0.313,0.1921,0.4949,0.2828,0.2942,0.423
2024-25,2024-12-01,Real Madrid,Getafe,H,0.096,0.1953,0.7087,0.2828,0.2942,0.423
2024-25,2024-12-01,Vallecano,Ath Bilbao,A,0.4806,0.2854,0.2339,0.2828,0.2942,0.423
2024-25,2024-12-01,Chelsea,Aston Villa,H,0.2289,0.2149,0.5561,0.2828,0.2942,0.423
2024-25,2024-12-01,Man United,Everton,H,0.1617,0.2265,0.6118,0.2828,0.2942,0.423
2024-25,2024-12-01,Tottenham,Fulham,D,0.2228,0.2181,0.5591,0.2828,0.2942,0.423
2024-25,2024-12-01,Liverpool,Man City,H,0.3629,0.2614,0.3757,0.2828,0.2942,0.423
2024-25,2024-12-01,Sociedad,Betis,H,0.251,0.2765,0.4725,0.2828,0.2942,0.423
2024-25,2024-12-02,Sevilla,Osasuna,D,0.2579,0.2487,0.4934,0.2828,0.2942,0.423
2024-25,2024-12-03,Mallorca,Barcelona,A,0.4814,0.2674,0.2512,0.2828,0.2942,0.423
2024-25,2024-12-03,Ipswich,Crystal Palace,A,0.5261,0.2405,0.2334,0.2828,0.2942,0.423
2024-25,2024-12-03,Leicester,West Ham,H,0.3642,0.2203,0.4155,0.2828,0.2942,0.423
2024-25,2024-12-04,Aston Villa,Brentford,H,0.2709,0.2178,0.5113,0.2828,0.2942,0.423
2024-25,2024-12-04,Ath Bilbao,Real Madrid,H,0.4089,0.2757,0.3154,0.2828,0.2942,0.423
2024-25,2024-12-04,Everton,Wolves,H,0.323,0.2831,0.3939,0.2828,0.2942,0.423
2024-25,2024-12-04,Man City,Nott'm Forest,H,0.0651,0.1356,0.7994,0.29,0.26,0.45
2024-25,2024-12-04,Arsenal,Man United,H,0.1806,0.2265,0.5929,0.2828,0.2942,0.423
2024-25,2024-12-04,Newcastle,Liverpool,D,0.4178,0.2516,0.3307,0.2828,0.2942,0.423
2024-25,2024-12-04,Southampton,Chelsea,A,0.6627,0.1884,0.1489,0.2828,0.2942,0.423
2024-25,2024-12-05,Fulham,Brighton,H,0.3732,0.2501,0.3767,0.2828,0.2942,0.423
2024-25,2024-12-05,Bournemouth,Tottenham,H,0.4786,0.2269,0.2946,0.2828,0.2942,0.423
2024-25,2024-12-06,Stuttgart,Union Berlin,H,0.2201,0.244,0.5358,0.2828,0.2942,0.423
2024-25,2024-12-06,Celta,Mallorca,H,0.2672,0.2602,0.4726,0.2828,0.2942,0.423
2024-25,2024-12-07,M'gladbach,Dortmund,D,0.4481,0.2173,0.3346,0.29,0.26,0.45
2024-25,2024-12-07,Bayern Munich,Heidenheim,H,0.0617,0.0932,0.8451,0.2828,0.2942,0.423
2024-25,2024-12-07,Bochum,Werder Bremen,A,0.4619,0.2346,0.3035,0.2828,0.2942,0.423
2024-25,2024-12-07,Ein Frankfurt,Augsburg,D,0.2159,0.2041,0.58,0.2828,0.2942,0.423
2024-25,2024-12-07,Holstein Kiel,RB Leipzig,A,0.8482,0.0908,0.061,0.2828,0.2942,0.423
2024-25,2024-12-07,Brentford,Newcastle,H,0.3794,0.238,0.3826,0.2828,0.2942,0.423
2024-25,2024-12-07,Leverkusen,St Pauli,H,0.0752,0.1426,0.7822,0.2828,0.2942,0.423
2024-25,2024-12-07,Betis,Barcelona,D,0.4733,0.2299,0.2967,0.2828,0.2942,0.423
2024-25,2024-12-07,Valencia,Vallecano,A,0.2626,0.2766,0.4609,0.2828,0.2942,0.423
2024-25,2024-12-07,Girona,Real Madrid,A,0.5013,0.2256,0.2731,0.2828,0.2942,0.423
2024-25,2024-12-07,Aston Villa,Southampton,H,0.1606,0.1867,0.6526,0.2828,0.2942,0.423
2024-25,2024-12-07,Crystal Palace,Man City,D,0.6068,0.2073,0.1859,0.2828,0.2942,0.423
2024-25,2024-12-07,Man United,Nott'm Forest,A,0.1886,0.2163,0.5951,0.29,0.26,0.45
2024-25,2024-12-07,Las Palmas,Valladolid,H,0.1439,0.1913,0.6648,0.2828,0.2942,0.423
2024-25,2024-12-08,Wolfsburg,Mainz,H,0.2666,0.2377,0.4957,0.2828,0.2942,0.423
2024-25,2024-12-08,Leganes,Sociedad,A,0.5081,0.2807,0.2111,0.2828,0.2942,0.423
2024-25,2024-12-08,Hoffenheim,Freiburg,D,0.342,0.2205,0.4375,0.2828,0.2942,0.423
2024-25,2024-12-08,Osasuna,Alaves,D,0.2298,0.2559,0.5143,0.2828,0.2942,0.423
2024-25,2024-12-08,Ipswich,Bournemouth,A,0.5601,0.2215,0.2184,0.2828,0.2942,0.423
2024-25,2024-12-08,Fulham,Arsenal,D,0.5284,0.2393,0.2323,0.2828,0.2942,0.423
2024-25,2024-12-08,Leicester,Brighton,D,0.3598,0.2205,0.4197,0.2828,0.2942,0.423
2024-25,2024-12-08,Tottenham,Chelsea,A,0.3603,0.2341,0.4056,0.2828,0.2942,0.423
2024-25,2024-12-08,Ath Madrid,Sevilla,H,0.2147,0.2387,0.5467,0.2828,0.2942,0.423
2024-25,2024-12-08,Ath Bilbao,Villarreal,H,0.216,0.2348,0.5492,0.2828,0.2942,0.423
2024-25,2024-12-09,Getafe,Espanol,H,0.2266,0.2569,0.5165,0.2828,0.2942,0.423
2024-25,2024-12-09,West Ham,Wolves,H,0.2743,0.2239,0.5017,0.2828,0.2942,0.423
2024-25,2024-12-13,Freiburg,Wolfsburg,H,0.3398,0.2403,0.4199,0.2828,0.2942,0.423
2024-25,2024-12-13,Valladolid,Valencia,H,0.5157,0.2488,0.2354,0.2828,0.2942,0.423
2024-25,2024-12-14,Newcastle,Leicester,H,0.2028,0.1941,0.6031,0.2828,0.2942,0.423
2024-25,2024-12-14,Espanol,Osasuna,D,0.4037,0.2447,0.3516,0.2828,0.2942,0.423
2024-25,2024-12-14,Wolves,Ipswich,A,0.1326,0.1794,0.6879,0.2828,0.2942,0.423
2024-25,2024-12-14,Augsburg,Leverkusen,A,0.5705,0.2068,0.2226,0.2828,0.2942,0.423
2024-25,2024-12-14,M'gladbach,Holstein Kiel,H,0.045,0.0703,0.8846,0.29,0.26,0.45
2024-25,2024-12-14,Mainz,Bayern Munich,H,0.6496,0.1806,0.1698,0.2828,0.2942,0.423
2024-25,2024-12-14,Union Berlin,Bochum,A,0.1915,0.2483,0.5602,0.2828,0.2942,0.423
2024-25,2024-12-14,Nott'm Forest,Aston Villa,H,0.3972,0.2503,0.3525,0.29,0.26,0.45
2024-25,2024-12-14,Vallecano,Real Madrid,D,0.5439,0.2453,0.2108,0.2828,0.2942,0.423
2024-25,2024-12-14,Sevilla,Celta,H,0.3038,0.2409,0.4553,0.2828,0.2942,0.423
2024-25,2024-12-14,Liverpool,Fulham,D,0.1104,0.1538,0.7357,0.2828,0.2942,0.423
2024-25,2024-12-14,St Pauli,Werder Bremen,A,0.4217,0.2614,0.3169,0.2828,0.2942,0.423
2024-25,2024-12-14,Mallorca,Girona,H,0.34,0.263,0.397,0.2828,0.2942,0.423
2024-25,2024-12-14,Arsenal,Everton,D,0.1027,0.1882,0.7091,0.2828,0.2942,0.423
2024-25,2024-12-15,Villarreal,Betis,A,0.287,0.236,0.477,0.2828,0.2942,0.423
2024-25,2024-12-15,Alaves,Ath Bilbao,D,0.4697,0.2853,0.245,0.2828,0.2942,0.423
2024-25,2024-12-15,Man City,Man United,A,0.1167,0.1528,0.7305,0.2828,0.2942,0.423
2024-25,2024-12-15,Sociedad,Las Palmas,D,0.1937,0.2557,0.5506,0.2828,0.2942,0.423
2024-25,2024-12-15,RB Leipzig,Ein Frankfurt,H,0.2262,0.2091,0.5647,0.2828,0.2942,0.423
2024-25,2024-12-15,Ath Madrid,Getafe,H,0.1879,0.2611,0.5511,0.2828,0.2942,0.423
2024-25,2024-12-15,Barcelona,Leganes,A,0.0731,0.1256,0.8013,0.2828,0.2942,0.423
2024-25,2024-12-15,Brighton,Crystal Palace,A,0.2712,0.2458,0.4831,0.2828,0.2942,0.423
2024-25,2024-12-15,Chelsea,Brentford,H,0.2028,0.202,0.5952,0.2828,0.2942,0.423
2024-25,2024-12-15,Southampton,Tottenham,A,0.5283,0.2197,0.252,0.2828,0.2942,0.423
2024-25,2024-12-15,Heidenheim,Stuttgart,A,0.3777,0.2215,0.4008,0.2828,0.2942,0.423
2024-25,2024-12-15,Dortmund,Hoffenheim,D,0.153,0.1625,0.6845,0.2828,0.2942,0.423
2024-25,2024-12-16,Bournemouth,West Ham,D,0.2996,0.2277,0.4727,0.2828,0.2942,0.423
2024-25,2024-12-18,Villarreal,Vallecano,D,0.2391,0.2357,0.5253,0.2828,0.2942,0.423
2024-25,2024-12-18,Espanol,Valencia,D,0.3967,0.2561,0.3471,0.2828,0.2942,0.423
2024-25,2024-12-20,Girona,Valladolid,H,0.0805,0.1215,0.798,0.2828,0.2942,0.423
2024-25,2024-12-20,Bayern Munich,RB Leipzig,H,0.1905,0.1926,0.6169,0.2828,0.2942,0.423
2024-25,2024-12-21,Holstein Kiel,Augsburg,H,0.668,0.1679,0.1642,0.2828,0.2942,0.423
2024-25,2024-12-21,Stuttgart,St Pauli,A,0.1143,0.1745,0.7112,0.2828,0.2942,0.423
2024-25,2024-12-21,Leverkusen,Freiburg,H,0.1485,0.1861,0.6654,0.2828,0.2942,0.423
2024-25,2024-12-21,Getafe,Mallorca,A,0.2773,0.3373,0.3854,0.2828,0.2942,0.423
2024-25,2024-12-21,Celta,Sociedad,H,0.3928,0.2644,0.3428,0.2828,0.2942,0.423
2024-25,2024-12-21,Hoffenheim,M'gladbach,A,0.3393,0.2104,0.4503,0.29,0.26,0.45
2024-25,2024-12-21,Aston Villa,Man City,H,0.5116,0.2268,0.2616,0.2828,0.2942,0.423
2024-25,2024-12-21,Barcelona,Ath Madrid,A,0.2961,0.2235,0.4805,0.2828,0.2942,0.423
2024-25,2024-12-21,Ipswich,Newcastle,A,0.668,0.1899,0.1421,0.2828,0.2942,0.423
2024-25,2024-12-21,West Ham,Brighton,D,0.347,0.2331,0.4199,0.2828,0.2942,0.423
2024-25,2024-12-21,Crystal Palace,Arsenal,A,0.5204,0.2545,0.2251,0.2828,0.2942,0.423
2024-25,2024-12-21,Ein Frankfurt,Mainz,A,0.2579,0.2225,0.5196,0.2828,0.2942,0.423
2024-25,2024-12-21,Osasuna,Ath Bilbao,A,0.468,0.2663,0.2657,0.2828,0.2942,0.423
2024-25,2024-12-21,Werder Bremen,Union Berlin,H,0.2621,0.2702,0.4677,0.2828,0.2942,0.423
2024-25,2024-12-21,Brentford,Nott'm Forest,A,0.2171,0.2163,0.5666,0.29,0.26,0.45
2024-25,2024-12-22,Real Madrid,Sevilla,H,0.1428,0.1929,0.6644,0.2828,0.2942,0.423
2024-25,2024-12-22,Fulham,Southampton,D,0.1406,0.1889,0.6705,0.2828,0.2942,0.423
2024-25,2024-12-22,Tottenham,Liverpool,A,0.4603,0.2268,0.3128,0.2828,0.2942,0.423
2024-25,2024-12-22,Leicester,Wolves,A,0.2858,0.212,0.5022,0.2828,0.2942,0.423
2024-25,2024-12-22,Man United,Bournemouth,A,0.1945,0.202,0.6035,0.2828,0.2942,0.423
2024-25,2024-12-22,Leganes,Villarreal,A,0.5163,0.2324,0.2513,0.2828,0.2942,0.423
2024-25,2024-12-22,Bochum,Heidenheim,H,0.4656,0.2264,0.3079,0.2828,0.2942,0.423
2024-25,2024-12-22,Wolfsburg,Dortmund,A,0.4126,0.2313,0.3561,0.2828,0.2942,0.423
2024-25,2024-12-22,Las Palmas,Espanol,H,0.2124,0.227,0.5606,0.2828,0.2942,0.423
2024-25,2024-12-22,Betis,Vallecano,D,0.2271,0.2479,0.5251,0.2828,0.2942,0.423
2024-25,2024-12-22,Everton,Chelsea,D,0.5037,0.2554,0.2408,0.2828,0.2942,0.423
2024-25,2024-12-22,Valencia,Alaves,D,0.2425,0.2754,0.4822,0.2828,0.2942,0.423
2024-25,2024-12-26,Man City,Everton,D,0.0915,0.1734,0.7352,0.2828,0.2942,0.423
2024-25,2024-12-26,Liverpool,Leicester,H,0.0867,0.1245,0.7888,0.2828,0.2942,0.423
2024-25,2024-12-26,Wolves,Man United,H,0.464,0.2323,0.3037,0.2828,0.2942,0.423
2024-25,2024-12-26,Bournemouth,Crystal Palace,D,0.3478,0.2531,0.3991,0.2828,0.2942,0.423
2024-25,2024-12-26,Nott'm Forest,Tottenham,H,0.4717,0.2331,0.2952,0.29,0.26,0.45
2024-25,2024-12-26,Newcastle,Aston Villa,H,0.2434,0.221,0.5357,0.2828,0.2942,0.423
2024-25,2024-12-26,Chelsea,Fulham,A,0.188,0.2063,0.6057,0.2828,0.2942,0.423
2024-25,2024-12-26,Southampton,West Ham,A,0.5006,0.2303,0.2691,0.2828,0.2942,0.423
2024-25,2024-12-27,Brighton,Brentford,D,0.2825,0.2193,0.4982,0.2828,0.2942,0.423
2024-25,2024-12-27,Arsenal,Ipswich,H,0.0331,0.0877,0.8793,0.2828,0.2942,0.423
2024-25,2024-12-29,West Ham,Liverpool,A,0.5536,0.2176,0.2287,0.2828,0.2942,0.423
2024-25,2024-12-29,Tottenham,Wolves,D,0.1662,0.1816,0.6522,0.2828,0.2942,0.423
2024-25,2024-12-29,Fulham,Bournemouth,D,0.2537,0.2313,0.515,0.2828,0.2942,0.423
2024-25,2024-12-29,Everton,Nott'm Forest,A,0.2896,0.2854,0.425,0.29,0.26,0.45
2024-25,2024-12-29,Leicester,Man City,A,0.6421,0.1813,0.1765,0.2828,0.2942,0.423
2024-25,2024-12-29,Crystal Palace,Southampton,H,0.1424,0.1976,0.66,0.2828,0.2942,0.423
2024-25,2024-12-30,Aston Villa,Brighton,D,0.297,0.2278,0.4752,0.2828,0.2942,0.423
2024-25,2024-12-30,Ipswich,Chelsea,H,0.7113,0.1693,0.1194,0.2828,0.2942,0.423
2024-25,2024-12-30,Man United,Newcastle,A,0.3267,0.2366,0.4366,0.2828,0.2942,0.423
2024-25,2025-01-01,Brentford,Arsenal,A,0.5421,0.2283,0.2296,0.2828,0.2942,0.423
2024-25,2025-01-03,Valencia,Real Madrid,A,0.6533,0.2091,0.1376,0.2828,0.2942,0.423
2024-25,2025-01-04,Tottenham,Newcastle,A,0.3809,0.2316,0.3874,0.2828,0.2942,0.423
2024-25,2025-01-04,Brighton,Arsenal,D,0.5671,0.2372,0.1958,0.2828,0.2942,0.423
2024-25,2025-01-04,Aston Villa,Leicester,H,0.1938,0.1956,0.6106,0.2828,0.2942,0.423
2024-25,2025-01-04,Crystal Palace,Chelsea,D,0.5029,0.2459,0.2512,0.2828,0.2942,0.423
2024-25,2025-01-04,Man City,West Ham,H,0.1268,0.1841,0.6891,0.2828,0.2942,0.423
2024-25,2025-01-04,Bournemouth,Everton,H,0.2724,0.2893,0.4383,0.2828,0.2942,0.423
2024-25,2025-01-04,Southampton,Brentford,A,0.5525,0.2298,0.2177,0.2828,0.2942,0.423
2024-25,2025-01-05,Liverpool,Man United,D,0.1956,0.2133,0.5911,0.2828,0.2942,0.423
2024-25,2025-01-05,Fulham,Ipswich,D,0.1652,0.233,0.6018,0.2828,0.2942,0.423
2024-25,2025-01-06,Wolves,Nott'm Forest,A,0.3295,0.2674,0.4031,0.29,0.26,0.45
2024-25,2025-01-10,Vallecano,Celta,H,0.4288,0.2534,0.3177,0.2828,0.2942,0.423
2024-25,2025-01-10,Dortmund,Leverkusen,A,0.3972,0.2421,0.3607,0.2828,0.2942,0.423
2024-25,2025-01-11,Mainz,Bochum,H,0.1474,0.2011,0.6515,0.2828,0.2942,0.423
2024-25,2025-01-11,Alaves,Girona,A,0.5111,0.2356,0.2533,0.2828,0.2942,0.423
2024-25,2025-01-11,Freiburg,Holstein Kiel,H,0.1247,0.1578,0.7175,0.2828,0.2942,0.423
2024-25,2025-01-11,Heidenheim,Union Berlin,H,0.3086,0.2802,0.4112,0.2828,0.2942,0.423
2024-25,2025-01-11,Hoffenheim,Wolfsburg,A,0.412,0.23,0.358,0.2828,0.2942,0.423
2024-25,2025-01-11,Sevilla,Valencia,D,0.2435,0.2673,0.4892,0.2828,0.2942,0.423
2024-25,2025-01-11,Espanol,Leganes,D,0.3252,0.2781,0.3967,0.2828,0.2942,0.423
2024-25,2025-01-11,Valladolid,Betis,H,0.6464,0.2062,0.1474,0.2828,0.2942,0.423
2024-25,2025-01-11,St Pauli,Ein Frankfurt,A,0.5107,0.2549,0.2344,0.2828,0.2942,0.423
2024-25,2025-01-11,M'gladbach,Bayern Munich,A,0.6532,0.1829,0.1639,0.29,0.26,0.45
2024-25,2025-01-12,RB Leipzig,Werder Bremen,H,0.1645,0.1929,0.6427,0.2828,0.2942,0.423
2024-25,2025-01-12,Ath Madrid,Osasuna,H,0.1375,0.1927,0.6699,0.2828,0.2942,0.423
2024-25,2025-01-12,Las Palmas,Getafe,A,0.3015,0.3248,0.3737,0.2828,0.2942,0.423
2024-25,2025-01-12,Augsburg,Stuttgart,A,0.5537,0.2099,0.2364,0.2828,0.2942,0.423
2024-25,2025-01-13,Sociedad,Villarreal,H,0.2667,0.2522,0.4811,0.2828,0.2942,0.423
2024-25,2025-01-14,Wolfsburg,M'gladbach,H,0.295,0.2297,0.4752,0.29,0.26,0.45
2024-25,2025-01-14,Brentford,Man City,D,0.5873,0.2176,0.1951,0.2828,0.2942,0.423
2024-25,2025-01-14,Chelsea,Bournemouth,D,0.1587,0.1949,0.6465,0.2828,0.2942,0.423
2024-25,2025-01-14,Nott'm Forest,Liverpool,D,0.6262,0.2175,0.1562,0.29,0.26,0.45
2024-25,2025-01-14,West Ham,Fulham,H,0.346,0.2589,0.3952,0.2828,0.2942,0.423
2024-25,2025-01-14,Ein Frankfurt,Freiburg,H,0.2647,0.2242,0.5112,0.2828,0.2942,0.423
2024-25,2025-01-14,Leverkusen,Mainz,H,0.1467,0.1992,0.6541,0.2828,0.2942,0.423
2024-25,2025-01-14,Holstein Kiel,Dortmund,H,0.8083,0.1147,0.077,0.2828,0.2942,0.423
2024-25,2025-01-15,Bochum,St Pauli,H,0.3999,0.2897,0.3104,0.2828,0.2942,0.423
2024-25,2025-01-15,Stuttgart,RB Leipzig,H,0.4105,0.228,0.3615,0.2828,0.2942,0.423
2024-25,2025-01-15,Bayern Munich,Hoffenheim,H,0.0887,0.1283,0.7831,0.2828,0.2942,0.423
2024-25,2025-01-15,Werder Bremen,Heidenheim,D,0.286,0.2297,0.4843,0.2828,0.2942,0.423
2024-25,2025-01-15,Union Berlin,Augsburg,A,0.3124,0.2866,0.401,0.2828,0.2942,0.423
2024-25,2025-01-15,Arsenal,Tottenham,H,0.1689,0.2014,0.6297,0.2828,0.2942,0.423
2024-25,2025-01-15,Leicester,Crystal Palace,A,0.4132,0.2491,0.3377,0.2828,0.2942,0.423
2024-25,2025-01-15,Newcastle,Wolves,H,0.1579,0.2008,0.6413,0.2828,0.2942,0.423
2024-25,2025-01-15,Everton,Aston Villa,A,0.4544,0.2789,0.2667,0.2828,0.2942,0.423
2024-25,2025-01-16,Ipswich,Brighton,A,0.5657,0.237,0.1974,0.2828,0.2942,0.423
2024-25,2025-01-16,Man United,Southampton,H,0.1009,0.1627,0.7364,0.2828,0.2942,0.423
2024-25,2025-01-17,Espanol,Valladolid,H,0.2254,0.2267,0.5479,0.2828,0.2942,0.423
2024-25,2025-01-17,Ein Frankfurt,Dortmund,H,0.388,0.2203,0.3916,0.2828,0.2942,0.423
2024-25,2025-01-18,Leganes,Ath Madrid,H,0.617,0.2074,0.1756,0.2828,0.2942,0.423
2024-25,2025-01-18,Bayern Munich,Wolfsburg,H,0.1154,0.147,0.7376,0.2828,0.2942,0.423
2024-25,2025-01-18,Bochum,RB Leipzig,D,0.6539,0.1887,0.1574,0.2828,0.2942,0.423
2024-25,2025-01-18,Heidenheim,St Pauli,A,0.2001,0.2348,0.5651,0.2828,0.2942,0.423
2024-25,2025-01-18,Holstein Kiel,Hoffenheim,A,0.5934,0.1674,0.2391,0.2828,0.2942,0.423
2024-25,2025-01-18,Stuttgart,Freiburg,H,0.2231,0.1972,0.5798,0.2828,0.2942,0.423
2024-25,2025-01-18,Leverkusen,M'gladbach,H,0.1323,0.1623,0.7055,0.29,0.26,0.45
2024-25,2025-01-18,Betis,Alaves,A,0.1927,0.2326,0.5747,0.2828,0.2942,0.423
2024-25,2025-01-18,Leicester,Fulham,A,0.3642,0.2126,0.4232,0.2828,0.2942,0.423
2024-25,2025-01-18,Getafe,Barcelona,D,0.4852,0.2578,0.257,0.2828,0.2942,0.423
2024-25,2025-01-18,Newcastle,Bournemouth,A,0.1936,0.1991,0.6073,0.2828,0.2942,0.423
2024-25,2025-01-18,Brentford,Liverpool,A,0.5424,0.2099,0.2478,0.2828,0.2942,0.423
2024-25,2025-01-18,West Ham,Crystal Palace,A,0.3255,0.2442,0.4303,0.2828,0.2942,0.423
2024-25,2025-01-18,Arsenal,Aston Villa,D,0.1497,0.1928,0.6576,0.2828,0.2942,0.423
2024-25,2025-01-18,Girona,Sevilla,A,0.2745,0.2127,0.5128,0.2828,0.2942,0.423
2024-25,2025-01-19,Celta,Ath Bilbao,A,0.4231,0.2405,0.3364,0.2828,0.2942,0.423
2024-25,2025-01-19,Osasuna,Vallecano,D,0.2829,0.2503,0.4668,0.2828,0.2942,0.423
2024-25,2025-01-19,Union Berlin,Mainz,H,0.4006,0.2846,0.3148,0.2828,0.2942,0.423
2024-25,2025-01-19,Real Madrid,Las Palmas,H,0.0852,0.1399,0.7749,0.2828,0.2942,0.423
2024-25,2025-01-19,Ipswich,Man City,A,0.7741,0.1404,0.0855,0.2828,0.2942,0.423
2024-25,2025-01-19,Valencia,Sociedad,H,0.4199,0.3014,0.2787,0.2828,0.2942,0.423
2024-25,2025-01-19,Nott'm Forest,Southampton,H,0.1562,0.2053,0.6385,0.29,0.26,0.45
2024-25,2025-01-19,Werder Bremen,Augsburg,A,0.256,0.208,0.536,0.2828,0.2942,0.423
2024-25,2025-01-19,Everton,Tottenham,H,0.4378,0.2577,0.3045,0.2828,0.2942,0.423
2024-25,2025-01-19,Man United,Brighton,A,0.2856,0.2241,0.4903,0.2828,0.2942,0.423
2024-25,2025-01-20,Villarreal,Mallorca,H,0.2141,0.2284,0.5574,0.2828,0.2942,0.423
2024-25,2025-01-20,Chelsea,Wolves,H,0.1525,0.1777,0.6698,0.2828,0.2942,0.423
2024-25,2025-01-24,Las Palmas,Osasuna,D,0.3803,0.2512,0.3685,0.2828,0.2942,0.423
2024-25,2025-01-24,Wolfsburg,Holstein Kiel,D,0.0642,0.0862,0.8496,0.2828,0.2942,0.423
2024-25,2025-01-25,Valladolid,Real Madrid,A,0.7889,0.1316,0.0794,0.2828,0.2942,0.423
2024-25,2025-01-25,Man City,Chelsea,H,0.2037,0.2021,0.5941,0.2828,0.2942,0.423
2024-25,2025-01-25,M'gladbach,Bochum,H,0.1436,0.1729,0.6835,0.29,0.26,0.45
2024-25,2025-01-25,Wolves,Arsenal,A,0.5969,0.2161,0.187,0.2828,0.2942,0.423
2024-25,2025-01-25,Southampton,Newcastle,A,0.6529,0.1942,0.1528,0.2828,0.2942,0.423
2024-25,2025-01-25,Liverpool,Ipswich,H,0.0358,0.0797,0.8845,0.2828,0.2942,0.423
2024-25,2025-01-25,Brighton,Everton,A,0.2042,0.2479,0.5479,0.2828,0.2942,0.423
2024-25,2025-01-25,Bournemouth,Nott'm Forest,H,0.2745,0.2325,0.493,0.29,0.26,0.45
2024-25,2025-01-25,Dortmund,Werder Bremen,D,0.1713,0.1735,0.6552,0.2828,0.2942,0.423
2024-25,2025-01-25,Mallorca,Betis,A,0.3621,0.286,0.3519,0.2828,0.2942,0.423
2024-25,2025-01-25,Augsburg,Heidenheim,H,0.3184,0.2139,0.4678,0.2828,0.2942,0.423
2024-25,2025-01-25,Freiburg,Bayern Munich,A,0.6377,0.1818,0.1805,0.2828,0.2942,0.423
2024-25,2025-01-25,Ath Madrid,Villarreal,D,0.2103,0.1974,0.5923,0.2828,0.2942,0.423
2024-25,2025-01-25,RB Leipzig,Leverkusen,D,0.3777,0.2369,0.3854,0.2828,0.2942,0.423
2024-25,2025-01-25,Sevilla,Espanol,D,0.1548,0.1933,0.6519,0.2828,0.2942,0.423
2024-25,2025-01-25,Mainz,Stuttgart,H,0.3603,0.2319,0.4078,0.2828,0.2942,0.423
2024-25,2025-01-26,Hoffenheim,Ein Frankfurt,D,0.4112,0.2153,0.3735,0.2828,0.2942,0.423
2024-25,2025-01-26,St Pauli,Union Berlin,H,0.3295,0.3432,0.3273,0.2828,0.2942,0.423
2024-25,2025-01-26,Ath Bilbao,Leganes,D,0.0944,0.167,0.7386,0.2828,0.2942,0.423
2024-25,2025-01-26,Crystal Palace,Brentford,A,0.3134,0.2386,0.448,0.2828,0.2942,0.423
2024-25,2025-01-26,Vallecano,Girona,H,0.3818,0.234,0.3841,0.2828,0.2942,0.423
2024-25,2025-01-26,Aston Villa,West Ham,D,0.2503,0.2113,0.5383,0.2828,0.2942,0.423
2024-25,2025-01-26,Fulham,Man United,A,0.3577,0.2333,0.409,0.2828,0.2942,0.423
2024-25,2025-01-26,Sociedad,Getafe,A,0.1671,0.3002,0.5328,0.2828,0.2942,0.423
2024-25,2025-01-26,Tottenham,Leicester,A,0.1915,0.1666,0.6419,0.2828,0.2942,0.423
2024-25,2025-01-26,Barcelona,Valencia,H,0.1528,0.1879,0.6593,0.2828,0.2942,0.423
2024-25,2025-01-27,Alaves,Celta,D,0.4466,0.2361,0.3173,0.2828,0.2942,0.423
2024-25,2025-01-31,Leganes,Vallecano,A,0.3978,0.2678,0.3343,0.2828,0.2942,0.423
2024-25,2025-01-31,Werder Bremen,Mainz,H,0.3554,0.2298,0.4148,0.2828,0.2942,0.423
2024-25,2025-02-01,Stuttgart,M'gladbach,A,0.2473,0.1939,0.5587,0.29,0.26,0.45
2024-25,2025-02-01,Wolves,Aston Villa,H,0.3972,0.2317,0.3711,0.2828,0.2942,0.423
2024-25,2025-02-01,Villarreal,Valladolid,H,0.0742,0.1136,0.8122,0.2828,0.2942,0.423
2024-25,2025-02-01,Bochum,Freiburg,A,0.4968,0.2255,0.2777,0.2828,0.2942,0.423
2024-25,2025-02-01,Heidenheim,Dortmund,A,0.5284,0.2002,0.2715,0.2828,0.2942,0.423
2024-25,2025-02-01,St Pauli,Augsburg,D,0.3323,0.2788,0.3889,0.2828,0.2942,0.423
2024-25,2025-02-01,Union Berlin,RB Leipzig,D,0.5091,0.2508,0.2401,0.2828,0.2942,0.423
2024-25,2025-02-01,Getafe,Sevilla,D,0.3116,0.2886,0.3998,0.2828,0.2942,0.423
2024-25,2025-02-01,Ath Madrid,Mallorca,H,0.1434,0.2268,0.6299,0.2828,0.2942,0.423
2024-25,2025-02-01,Espanol,Real Madrid,H,0.7022,0.1702,0.1276,0.2828,0.2942,0.423
2024-25,2025-02-01,Nott'm Forest,Brighton,H,0.3894,0.2422,0.3684,0.29,0.26,0.45
2024-25,2025-02-01,Bournemouth,Liverpool,A,0.5074,0.2105,0.2821,0.2828,0.2942,0.423
2024-25,2025-02-01,Everton,Leicester,H,0.319,0.2429,0.438,0.2828,0.2942,0.423
2024-25,2025-02-01,Ipswich,Southampton,A,0.3878,0.2423,0.3698,0.2828,0.2942,0.423
2024-25,2025-02-01,Newcastle,Fulham,A,0.2096,0.2127,0.5776,0.2828,0.2942,0.423
2024-25,2025-02-01,Bayern Munich,Holstein Kiel,H,0.0103,0.0213,0.9684,0.2828,0.2942,0.423
2024-25,2025-02-02,Ein Frankfurt,Wolfsburg,D,0.3016,0.2184,0.48,0.2828,0.2942,0.423
2024-25,2025-02-02,Arsenal,Man City,H,0.2938,0.2397,0.4664,0.2828,0.2942,0.423
2024-25,2025-02-02,Man United,Crystal Palace,A,0.2631,0.2349,0.5019,0.2828,0.2942,0.423
2024-25,2025-02-02,Betis,Ath Bilbao,D,0.4017,0.2641,0.3342,0.2828,0.2942,0.423
2024-25,2025-02-02,Brentford,Tottenham,A,0.353,0.2135,0.4336,0.2828,0.2942,0.423
2024-25,2025-02-02,Valencia,Celta,H,0.3656,0.2328,0.4016,0.2828,0.2942,0.423
2024-25,2025-02-02,Leverkusen,Hoffenheim,H,0.1158,0.1462,0.738,0.2828,0.2942,0.423
2024-25,2025-02-02,Barcelona,Alaves,H,0.1161,0.1558,0.728,0.2828,0.2942,0.423
2024-25,2025-02-02,Osasuna,Sociedad,H,0.4003,0.2777,0.322,0.2828,0.2942,0.423
2024-25,2025-02-03,Girona,Las Palmas,H,0.1842,0.1869,0.6289,0.2828,0.2942,0.423
2024-25,2025-02-03,Chelsea,West Ham,H,0.1826,0.187,0.6304,0.2828,0.2942,0.423
2024-25,2025-02-07,Vallecano,Valladolid,H,0.1225,0.1811,0.6964,0.2828,0.2942,0.423
2024-25,2025-02-07,Bayern Munich,Werder Bremen,H,0.0871,0.1176,0.7952,0.2828,0.2942,0.423
2024-25,2025-02-08,Dortmund,Stuttgart,A,0.2507,0.1979,0.5513,0.2828,0.2942,0.423
2024-25,2025-02-08,M'gladbach,Ein Frankfurt,D,0.3605,0.2166,0.4229,0.29,0.26,0.45
2024-25,2025-02-08,Wolfsburg,Leverkusen,D,0.4735,0.2288,0.2977,0.2828,0.2942,0.423
2024-25,2025-02-08,Hoffenheim,Union Berlin,A,0.2363,0.2343,0.5293,0.2828,0.2942,0.423
2024-25,2025-02-08,Celta,Betis,H,0.2961,0.216,0.4879,0.2828,0.2942,0.423
2024-25,2025-02-08,Ath Bilbao,Girona,H,0.2254,0.217,0.5576,0.2828,0.2942,0.423
2024-25,2025-02-08,Las Palmas,Villarreal,A,0.4673,0.2202,0.3125,0.2828,0.2942,0.423
2024-25,2025-02-08,Real Madrid,Ath Madrid,D,0.2338,0.2246,0.5416,0.2828,0.2942,0.423
2024-25,2025-02-08,Freiburg,Heidenheim,H,0.2477,0.1973,0.555,0.2828,0.2942,0.423
2024-25,2025-02-08,Mainz,Augsburg,D,0.2275,0.2156,0.5569,0.2828,0.2942,0.423
2024-25,2025-02-09,Alaves,Getafe,A,0.3452,0.3121,0.3427,0.2828,0.2942,0.423
2024-25,2025-02-09,Holstein Kiel,Bochum,D,0.3776,0.1984,0.424,0.2828,0.2942,0.423
2024-25,2025-02-09,Valencia,Leganes,H,0.2176,0.2469,0.5355,0.2828,0.2942,0.423
2024-25,2025-02-09,Sociedad,Espanol,H,0.1186,0.1984,0.683,0.2828,0.2942,0.423
2024-25,2025-02-09,Sevilla,Barcelona,A,0.4653,0.2163,0.3184,0.2828,0.2942,0.423
2024-25,2025-02-09,RB Leipzig,St Pauli,H,0.1429,0.2142,0.6428,0.2828,0.2942,0.423
2024-25,2025-02-10,Mallorca,Osasuna,D,0.3487,0.2841,0.3671,0.2828,0.2942,0.423
2024-25,2025-02-12,Everton,Liverpool,D,0.5587,0.2376,0.2036,0.2828,0.2942,0.423
2024-25,2025-02-14,Brighton,Chelsea,H,0.3917,0.2286,0.3797,0.2828,0.2942,0.423
2024-25,2025-02-14,Augsburg,RB Leipzig,D,0.4978,0.2225,0.2797,0.2828,0.2942,0.423
2024-25,2025-02-14,Girona,Getafe,A,0.2466,0.2483,0.505,0.2828,0.2942,0.423
2024-25,2025-02-15,Leverkusen,Bayern Munich,D,0.3537,0.2254,0.4209,0.2828,0.2942,0.423
2024-25,2025-02-15,Osasuna,Real Madrid,D,0.5449,0.219,0.2361,0.2828,0.2942,0.423
2024-25,2025-02-15,Bochum,Dortmund,H,0.645,0.1865,0.1685,0.2828,0.2942,0.423
2024-25,2025-02-15,St Pauli,Freiburg,A,0.3878,0.2806,0.3316,0.2828,0.2942,0.423
2024-25,2025-02-15,Stuttgart,Wolfsburg,A,0.2965,0.2151,0.4884,0.2828,0.2942,0.423
2024-25,2025-02-15,Union Berlin,M'gladbach,A,0.3852,0.2585,0.3562,0.29,0.26,0.45
2024-25,2025-02-15,West Ham,Brentford,A,0.3475,0.2226,0.4299,0.2828,0.2942,0.423
2024-25,2025-02-15,Crystal Palace,Everton,A,0.2402,0.2766,0.4833,0.2828,0.2942,0.423
2024-25,2025-02-15,Ath Madrid,Celta,D,0.1883,0.1885,0.6232,0.2828,0.2942,0.423
2024-25,2025-02-15,Villarreal,Valencia,D,0.2288,0.2101,0.5611,0.2828,0.2942,0.423
2024-25,2025-02-15,Leicester,Arsenal,A,0.6219,0.1915,0.1865,0.2828,0.2942,0.423
2024-25,2025-02-15,Aston Villa,Ipswich,D,0.0909,0.1307,0.7784,0.2828,0.2942,0.423
2024-25,2025-02-15,Fulham,Nott'm Forest,H,0.2852,0.2316,0.4832,0.29,0.26,0.45
2024-25,2025-02-15,Man City,Newcastle,H,0.2269,0.2036,0.5695,0.2828,0.2942,0.423
2024-25,2025-02-15,Southampton,Bournemouth,A,0.583,0.2047,0.2123,0.2828,0.2942,0.423
2024-25,2025-02-15,Leganes,Alaves,D,0.3506,0.2821,0.3673,0.2828,0.2942,0.423
2024-25,2025-02-16,Espanol,Ath Bilbao,D,0.566,0.2357,0.1983,0.2828,0.2942,0.423
2024-25,2025-02-16,Mallorca,Las Palmas,H,0.279,0.284,0.437,0.2828,0.2942,0.423
2024-25,2025-02-16,Valladolid,Sevilla,A,0.6072,0.2083,0.1845,0.2828,0.2942,0.423
2024-25,2025-02-16,Liverpool,Wolves,H,0.1036,0.144,0.7524,0.2828,0.2942,0.423
2024-25,2025-02-16,Heidenheim,Mainz,A,0.3933,0.2296,0.3771,0.2828,0.2942,0.423
2024-25,2025-02-16,Werder Bremen,Hoffenheim,A,0.2889,0.2016,0.5095,0.2828,0.2942,0.423
2024-25,2025-02-16,Ein Frankfurt,Holstein Kiel,H,0.0713,0.0869,0.8418,0.2828,0.2942,0.423
2024-25,2025-02-16,Betis,Sociedad,H,0.3664,0.2748,0.3588,0.2828,0.2942,0.423
2024-25,2025-02-16,Tottenham,Man United,H,0.3,0.2146,0.4853,0.2828,0.2942,0.423
2024-25,2025-02-17,Barcelona,Vallecano,H,0.147,0.1747,0.6783,0.2828,0.2942,0.423
2024-25,2025-02-19,Aston Villa,Liverpool,D,0.5152,0.2159,0.2689,0.2828,0.2942,0.423
2024-25,2025-02-21,Leicester,Brentford,A,0.3895,0.2078,0.4027,0.2828,0.2942,0.423
2024-25,2025-02-21,Freiburg,Werder Bremen,H,0.2988,0.2168,0.4844,0.2828,0.2942,0.423
2024-25,2025-02-21,Celta,Osasuna,H,0.2662,0.2076,0.5261,0.2828,0.2942,0.423
2024-25,2025-02-22,Ipswich,Tottenham,A,0.671,0.1688,0.1601,0.2828,0.2942,0.423
2024-25,2025-02-22,Southampton,Brighton,A,0.5622,0.2147,0.2232,0.2828,0.2942,0.423
2024-25,2025-02-22,Holstein Kiel,Leverkusen,A,0.8269,0.096,0.0771,0.2828,0.2942,0.423
2024-25,2025-02-22,Mainz,St Pauli,H,0.1913,0.2651,0.5436,0.2828,0.2942,0.423
2024-25,2025-02-22,Bournemouth,Wolves,A,0.2229,0.2027,0.5745,0.2828,0.2942,0.423
2024-25,2025-02-22,Arsenal,West Ham,A,0.1156,0.1678,0.7165,0.2828,0.2942,0.423
2024-25,2025-02-22,Aston Villa,Chelsea,H,0.3948,0.2289,0.3764,0.2828,0.2942,0.423
2024-25,2025-02-22,Everton,Man United,D,0.3815,0.2682,0.3502,0.2828,0.2942,0.423
2024-25,2025-02-22,Vallecano,Villarreal,A,0.381,0.2342,0.3849,0.2828,0.2942,0.423
2024-25,2025-02-22,Las Palmas,Barcelona,A,0.6094,0.1914,0.1993,0.2828,0.2942,0.423
2024-25,2025-02-22,Fulham,Crystal Palace,A,0.3067,0.2521,0.4411,0.2828,0.2942,0.423
2024-25,2025-02-22,M'gladbach,Augsburg,A,0.2396,0.2056,0.5547,0.29,0.26,0.45
2024-25,2025-02-22,Valencia,Ath Madrid,A,0.4821,0.2526,0.2653,0.2828,0.2942,0.423
2024-25,2025-02-22,Dortmund,Union Berlin,H,0.1514,0.2054,0.6432,0.2828,0.2942,0.423
2024-25,2025-02-22,Wolfsburg,Bochum,D,0.1156,0.1603,0.7241,0.2828,0.2942,0.423
2024-25,2025-02-22,Alaves,Espanol,A,0.2554,0.2598,0.4847,0.2828,0.2942,0.423
2024-25,2025-02-23,RB Leipzig,Heidenheim,D,0.1471,0.1607,0.6922,0.2828,0.2942,0.423
2024-25,2025-02-23,Bayern Munich,Ein Frankfurt,H,0.137,0.1547,0.7083,0.2828,0.2942,0.423
2024-25,2025-02-23,Hoffenheim,Stuttgart,D,0.4272,0.2068,0.366,0.2828,0.2942,0.423
2024-25,2025-02-23,Ath Bilbao,Valladolid,H,0.0553,0.1192,0.8256,0.2828,0.2942,0.423
2024-25,2025-02-23,Real Madrid,Girona,H,0.1489,0.1626,0.6886,0.2828,0.2942,0.423
2024-25,2025-02-23,Getafe,Betis,A,0.332,0.291,0.377,0.2828,0.2942,0.423
2024-25,2025-02-23,Newcastle,Nott'm Forest,H,0.1986,0.2042,0.5972,0.29,0.26,0.45
2024-25,2025-02-23,Man City,Liverpool,A,0.3214,0.2174,0.4611,0.2828,0.2942,0.423
2024-25,2025-02-23,Sociedad,Leganes,H,0.123,0.2122,0.6649,0.2828,0.2942,0.423
2024-25,2025-02-24,Sevilla,Mallorca,D,0.22,0.2619,0.5181,0.2828,0.2942,0.423
2024-25,2025-02-25,Brighton,Bournemouth,H,0.3193,0.2194,0.4613,0.2828,0.2942,0.423
2024-25,2025-02-25,Wolves,Fulham,A,0.3686,0.2397,0.3917,0.2828,0.2942,0.423
2024-25,2025-02-25,Chelsea,Southampton,H,0.0786,0.1271,0.7943,0.2828,0.2942,0.423
2024-25,2025-02-25,Crystal Palace,Aston Villa,H,0.3047,0.2441,0.4512,0.2828,0.2942,0.423
2024-25,2025-02-26,Liverpool,Newcastle,H,0.2162,0.2053,0.5786,0.2828,0.2942,0.423
2024-25,2025-02-26,Tottenham,Man City,A,0.477,0.2094,0.3136,0.2828,0.2942,0.423
2024-25,2025-02-26,Nott'm Forest,Arsenal,D,0.5339,0.234,0.2321,0.29,0.26,0.45
2024-25,2025-02-26,Man United,Ipswich,H,0.0804,0.1218,0.7977,0.2828,0.2942,0.423
2024-25,2025-02-26,Brentford,Everton,D,0.2508,0.2476,0.5015,0.2828,0.2942,0.423
2024-25,2025-02-27,West Ham,Leicester,H,0.2747,0.1988,0.5264,0.2828,0.2942,0.423
2024-25,2025-02-28,Valladolid,Las Palmas,D,0.5082,0.2325,0.2594,0.2828,0.2942,0.423
2024-25,2025-02-28,Stuttgart,Bayern Munich,A,0.5347,0.2007,0.2646,0.2828,0.2942,0.423
2024-25,2025-03-01,Ein Frankfurt,Leverkusen,A,0.4808,0.2281,0.2911,0.2828,0.2942,0.423
2024-25,2025-03-01,Vallecano,Sevilla,D,0.3374,0.2624,0.4001,0.2828,0.2942,0.423
2024-25,2025-03-01,St Pauli,Dortmund,A,0.5462,0.2497,0.2041,0.2828,0.2942,0.423
2024-25,2025-03-01,RB Leipzig,Mainz,A,0.2293,0.2193,0.5514,0.2828,0.2942,0.423
2024-25,2025-03-01,Heidenheim,M'gladbach,A,0.3978,0.208,0.3942,0.29,0.26,0.45
2024-25,2025-03-01,Bochum,Hoffenheim,A,0.4693,0.2181,0.3127,0.2828,0.2942,0.423
2024-25,2025-03-01,Werder Bremen,Wolfsburg,A,0.4224,0.2243,0.3534,0.2828,0.2942,0.423
2024-25,2025-03-01,Ath Madrid,Ath Bilbao,H,0.2809,0.2563,0.4628,0.2828,0.2942,0.423
2024-25,2025-03-01,Girona,Celta,D,0.3144,0.1986,0.4871,0.2828,0.2942,0.423
2024-25,2025-03-01,Betis,Real Madrid,H,0.5147,0.226,0.2593,0.2828,0.2942,0.423
2024-25,2025-03-02,Osasuna,Valencia,D,0.2785,0.253,0.4684,0.2828,0.2942,0.423
2024-25,2025-03-02,Mallorca,Alaves,D,0.2677,0.2945,0.4378,0.2828,0.2942,0.423
2024-25,2025-03-02,Barcelona,Sociedad,H,0.2405,0.2223,0.5372,0.2828,0.2942,0.423
2024-25,2025-03-02,Leganes,Getafe,H,0.4246,0.2858,0.2896,0.2828,0.2942,0.423
2024-25,2025-03-02,Augsburg,Freiburg,D,0.3582,0.2313,0.4106,0.2828,0.2942,0.423
2024-25,2025-03-02,Union Berlin,Holstein Kiel,A,0.1947,0.1825,0.6228,0.2828,0.2942,0.423
2024-25,2025-03-07,M'gladbach,Mainz,A,0.3423,0.2294,0.4283,0.29,0.26,0.45
2024-25,2025-03-08,Alaves,Villarreal,H,0.4628,0.2324,0.3048,0.2828,0.2942,0.423
2024-25,2025-03-08,Liverpool,Southampton,H,0.0368,0.0774,0.8858,0.2828,0.2942,0.423
2024-25,2025-03-08,Wolves,Everton,D,0.3084,0.2656,0.4261,0.2828,0.2942,0.423
2024-25,2025-03-08,Wolfsburg,St Pauli,D,0.1522,0.2359,0.612,0.2828,0.2942,0.423
2024-25,2025-03-08,Leverkusen,Werder Bremen,A,0.1073,0.1468,0.7459,0.2828,0.2942,0.423
2024-25,2025-03-08,Celta,Leganes,H,0.1322,0.157,0.7107,0.2828,0.2942,0.423
2024-25,2025-03-08,Valencia,Valladolid,H,0.1075,0.1669,0.7257,0.2828,0.2942,0.423
2024-25,2025-03-08,Brentford,Aston Villa,A,0.3074,0.2187,0.4739,0.2828,0.2942,0.423
2024-25,2025-03-08,Brighton,Fulham,H,0.2781,0.2245,0.4974,0.2828,0.2942,0.423
2024-25,2025-03-08,Crystal Palace,Ipswich,H,0.0951,0.1422,0.7627,0.2828,0.2942,0.423
2024-25,2025-03-08,Holstein Kiel,Stuttgart,D,0.6972,0.1398,0.1629,0.2828,0.2942,0.423
2024-25,2025-03-08,Dortmund,Augsburg,A,0.1671,0.1812,0.6517,0.2828,0.2942,0.423
2024-25,2025-03-08,Bayern Munich,Bochum,A,0.0405,0.0786,0.8809,0.2828,0.2942,0.423
2024-25,2025-03-08,Freiburg,RB Leipzig,D,0.4331,0.2252,0.3417,0.2828,0.2942,0.423
2024-25,2025-03-08,Nott'm Forest,Man City,H,0.537,0.2087,0.2543,0.29,0.26,0.45
2024-25,2025-03-09,Sociedad,Sevilla,A,0.235,0.2491,0.5158,0.2828,0.2942,0.423
2024-25,2025-03-09,Getafe,Ath Madrid,H,0.448,0.2851,0.2669,0.2828,0.2942,0.423
2024-25,2025-03-09,Ath Bilbao,Mallorca,D,0.1553,0.2447,0.6001,0.2828,0.2942,0.423
2024-25,2025-03-09,Betis,Las Palmas,H,0.1899,0.2107,0.5994,0.2828,0.2942,0.423
2024-25,2025-03-09,Hoffenheim,Heidenheim,D,0.2616,0.1894,0.549,0.2828,0.2942,0.423
2024-25,2025-03-09,Chelsea,Leicester,H,0.1465,0.1558,0.6977,0.2828,0.2942,0.423
2024-25,2025-03-09,Tottenham,Bournemouth,D,0.2807,0.2062,0.5131,0.2828,0.2942,0.423
2024-25,2025-03-09,Man United,Arsenal,D,0.4886,0.2411,0.2703,0.2828,0.2942,0.423
2024-25,2025-03-09,Ein Frankfurt,Union Berlin,A,0.1854,0.2211,0.5934,0.2828,0.2942,0.423
2024-25,2025-03-09,Real Madrid,Vallecano,H,0.1248,0.1854,0.6898,0.2828,0.2942,0.423
2024-25,2025-03-10,Espanol,Girona,D,0.4868,0.2212,0.292,0.2828,0.2942,0.423
2024-25,2025-03-10,West Ham,Newcastle,A,0.4383,0.2284,0.3333,0.2828,0.2942,0.423
2024-25,2025-03-14,Las Palmas,Alaves,D,0.3331,0.2714,0.3955,0.2828,0.2942,0.423
2024-25,2025-03-14,St Pauli,Hoffenheim,H,0.4236,0.2673,0.3091,0.2828,0.2942,0.423
2024-25,2025-03-15,Girona,Valencia,D,0.2529,0.2145,0.5325,0.2828,0.2942,0.423
2024-25,2025-03-15,Werder Bremen,M'gladbach,A,0.3589,0.2093,0.4318,0.29,0.26,0.45
2024-25,2025-03-15,Man City,Brighton,D,0.178,0.1793,0.6427,0.2828,0.2942,0.423
2024-25,2025-03-15,Augsburg,Wolfsburg,H,0.4039,0.2392,0.3569,0.2828,0.2942,0.423
2024-25,2025-03-15,Mainz,Freiburg,D,0.2712,0.2278,0.5011,0.2828,0.2942,0.423
2024-25,2025-03-15,Union Berlin,Bayern Munich,D,0.6746,0.1884,0.137,0.2828,0.2942,0.423
2024-25,2025-03-15,Bournemouth,Brentford,A,0.3015,0.2132,0.4853,0.2828,0.2942,0.423
2024-25,2025-03-15,Southampton,Wolves,A,0.5038,0.2301,0.2661,0.2828,0.2942,0.423
2024-25,2025-03-15,Valladolid,Celta,A,0.7068,0.1566,0.1366,0.2828,0.2942,0.423
2024-25,2025-03-15,Mallorca,Espanol,H,0.2468,0.2748,0.4784,0.2828,0.2942,0.423
2024-25,2025-03-15,Villarreal,Real Madrid,A,0.5069,0.2087,0.2845,0.2828,0.2942,0.423
2024-25,2025-03-15,Ipswich,Nott'm Forest,A,0.6103,0.194,0.1957,0.29,0.26,0.45
2024-25,2025-03-15,Everton,West Ham,D,0.3182,0.2606,0.4212,0.2828,0.2942,0.423
2024-25,2025-03-15,RB Leipzig,Dortmund,H,0.3093,0.2178,0.4729,0.2828,0.2942,0.423
2024-25,2025-03-16,Heidenheim,Holstein Kiel,H,0.1881,0.1485,0.6634,0.2828,0.2942,0.423
2024-25,2025-03-16,Leganes,Betis,A,0.5083,0.2323,0.2593,0.2828,0.2942,0.423
2024-25,2025-03-16,Stuttgart,Leverkusen,A,0.4636,0.2223,0.3142,0.2828,0.2942,0.423
2024-25,2025-03-16,Osasuna,Getafe,A,0.2903,0.2822,0.4276,0.2828,0.2942,0.423
2024-25,2025-03-16,Fulham,Tottenham,H,0.3549,0.2249,0.4202,0.2828,0.2942,0.423
2024-25,2025-03-16,Vallecano,Sociedad,D,0.3637,0.2869,0.3494,0.2828,0.2942,0.423
2024-25,2025-03-16,Leicester,Man United,A,0.4593,0.2109,0.3298,0.2828,0.2942,0.423
2024-25,2025-03-16,Ath Madrid,Barcelona,A,0.3267,0.2191,0.4542,0.2828,0.2942,0.423
2024-25,2025-03-16,Arsenal,Chelsea,H,0.2078,0.2143,0.5778,0.2828,0.2942,0.423
2024-25,2025-03-16,Bochum,Ein Frankfurt,A,0.5256,0.2149,0.2595,0.2828,0.2942,0.423
2024-25,2025-03-16,Sevilla,Ath Bilbao,A,0.4156,0.2553,0.3291,0.2828,0.2942,0.423
2024-25,2025-03-27,Barcelona,Osasuna,H,0.1504,0.1628,0.6867,0.2828,0.2942,0.423
2024-25,2025-03-28,Leverkusen,Bochum,H,0.0734,0.1243,0.8024,0.2828,0.2942,0.423
2024-25,2025-03-29,M'gladbach,RB Leipzig,H,0.4445,0.2143,0.3413,0.29,0.26,0.45
2024-25,2025-03-29,Bayern Munich,St Pauli,H,0.0632,0.1398,0.797,0.2828,0.2942,0.423
2024-25,2025-03-29,Holstein Kiel,Werder Bremen,A,0.5518,0.1736,0.2746,0.2828,0.2942,0.423
2024-25,2025-03-29,Hoffenheim,Augsburg,D,0.319,0.2214,0.4596,0.2828,0.2942,0.423
2024-25,2025-03-29,Wolfsburg,Heidenheim,A,0.1919,0.184,0.6241,0.2828,0.2942,0.423
2024-25,2025-03-29,Ein Frankfurt,Stuttgart,H,0.3386,0.208,0.4534,0.2828,0.2942,0.423
2024-25,2025-03-29,Espanol,Ath Madrid,D,0.6017,0.2129,0.1854,0.2828,0.2942,0.423
2024-25,2025-03-29,Alaves,Vallecano,A,0.3587,0.2804,0.3609,0.2828,0.2942,0.423
2024-25,2025-03-29,Real Madrid,Leganes,H,0.0585,0.1045,0.837,0.2828,0.2942,0.423
2024-25,2025-03-29,Sociedad,Valladolid,H,0.0738,0.1394,0.7868,0.2828,0.2942,0.423
2024-25,2025-03-30,Valencia,Mallorca,H,0.2765,0.2811,0.4425,0.2828,0.2942,0.423
2024-25,2025-03-30,Betis,Sevilla,H,0.3063,0.2362,0.4575,0.2828,0.2942,0.423
2024-25,2025-03-30,Ath Bilbao,Osasuna,D,0.1863,0.2201,0.5935,0.2828,0.2942,0.423
2024-25,2025-03-30,Getafe,Villarreal,A,0.3692,0.2572,0.3736,0.2828,0.2942,0.423
2024-25,2025-03-30,Dortmund,Mainz,H,0.2538,0.2155,0.5308,0.2828,0.2942,0.423
2024-25,2025-03-30,Freiburg,Union Berlin,A,0.2228,0.2418,0.5355,0.2828,0.2942,0.423
2024-25,2025-03-30,Barcelona,Girona,H,0.1617,0.1531,0.6852,0.2828,0.2942,0.423
2024-25,2025-03-31,Celta,Las Palmas,D,0.1807,0.1857,0.6336,0.2828,0.2942,0.423
2024-25,2025-04-01,Arsenal,Fulham,H,0.1541,0.198,0.6478,0.2828,0.2942,0.423
2024-25,2025-04-01,Nott'm Forest,Man United,H,0.3494,0.2252,0.4254,0.29,0.26,0.45
2024-25,2025-04-01,Wolves,West Ham,H,0.3377,0.231,0.4313,0.2828,0.2942,0.423
2024-25,2025-04-02,Man City,Leicester,H,0.0894,0.116,0.7946,0.2828,0.2942,0.423
2024-25,2025-04-02,Newcastle,Brentford,H,0.2324,0.2049,0.5628,0.2828,0.2942,0.423
2024-25,2025-04-02,Southampton,Crystal Palace,D,0.5768,0.222,0.2012,0.2828,0.2942,0.423
2024-25,2025-04-02,Liverpool,Everton,H,0.1317,0.19,0.6784,0.2828,0.2942,0.423
2024-25,2025-04-02,Bournemouth,Ipswich,A,0.0858,0.1172,0.797,0.2828,0.2942,0.423
2024-25,2025-04-02,Brighton,Aston Villa,A,0.2886,0.2182,0.4932,0.2828,0.2942,0.423
2024-25,2025-04-03,Chelsea,Tottenham,H,0.2638,0.2071,0.5291,0.2828,0.2942,0.423
2024-25,2025-04-04,Augsburg,Bayern Munich,A,0.6379,0.1865,0.1756,0.2828,0.2942,0.423
2024-25,2025-04-04,Vallecano,Espanol,A,0.2116,0.2409,0.5476,0.2828,0.2942,0.423
2024-25,2025-04-05,Real Madrid,Valencia,A,0.1214,0.1718,0.7067,0.2828,0.2942,0.423
2024-25,2025-04-05,Barcelona,Betis,D,0.1676,0.1695,0.6629,0.2828,0.2942,0.423
2024-25,2025-04-05,Mainz,Holstein Kiel,D,0.0911,0.1098,0.7991,0.2828,0.2942,0.423
2024-25,2025-04-05,RB Leipzig,Hoffenheim,H,0.1679,0.1707,0.6614,0.2828,0.2942,0.423
2024-25,2025-04-05,Bochum,Stuttgart,A,0.5568,0.2042,0.239,0.2828,0.2942,0.423
2024-25,2025-04-05,Mallorca,Celta,A,0.3955,0.2506,0.354,0.2828,0.2942,0.423
2024-25,2025-04-05,Freiburg,Dortmund,A,0.4279,0.2214,0.3507,0.2828,0.2942,0.423
2024-25,2025-04-05,Crystal Palace,Brighton,H,0.3256,0.2392,0.4352,0.2828,0.2942,0.423
2024-25,2025-04-05,Girona,Alaves,A,0.2129,0.2094,0.5778,0.2828,0.2942,0.423
2024-25,2025-04-05,Heidenheim,Leverkusen,A,0.6262,0.185,0.1888,0.2828,0.2942,0.423
2024-25,2025-04-05,Everton,Arsenal,D,0.5343,0.2562,0.2095,0.2828,0.2942,0.423
2024-25,2025-04-05,Werder Bremen,Ein Frankfurt,H,0.4025,0.2121,0.3854,0.2828,0.2942,0.423
2024-25,2025-04-05,Ipswich,Wolves,A,0.5596,0.2038,0.2366,0.2828,0.2942,0.423
2024-25,2025-04-05,Aston Villa,Nott'm Forest,H,0.3071,0.2208,0.4721,0.29,0.26,0.45
2024-25,2025-04-05,West Ham,Bournemouth,D,0.3671,0.2228,0.4101,0.2828,0.2942,0.423
2024-25,2025-04-06,Fulham,Liverpool,H,0.5082,0.2227,0.2691,0.2828,0.2942,0.423
2024-25,2025-04-06,St Pauli,M'gladbach,D,0.4528,0.2677,0.2795,0.29,0.26,0.45
2024-25,2025-04-06,Union Berlin,Wolfsburg,H,0.4356,0.2656,0.2988,0.2828,0.2942,0.423
2024-25,2025-04-06,Tottenham,Southampton,H,0.0982,0.1375,0.7643,0.2828,0.2942,0.423
2024-25,2025-04-06,Las Palmas,Sociedad,A,0.4702,0.2561,0.2737,0.2828,0.2942,0.423
2024-25,2025-04-06,Valladolid,Getafe,A,0.5712,0.2482,0.1806,0.2828,0.2942,0.423
2024-25,2025-04-06,Sevilla,Ath Madrid,A,0.4463,0.2418,0.3119,0.2828,0.2942,0.423
2024-25,2025-04-06,Brentford,Chelsea,D,0.3973,0.2255,0.3772,0.2828,0.2942,0.423
2024-25,2025-04-06,Villarreal,Ath Bilbao,D,0.398,0.2345,0.3675,0.2828,0.2942,0.423
2024-25,2025-04-06,Man United,Man City,D,0.4756,0.2153,0.309,0.2828,0.2942,0.423
2024-25,2025-04-07,Leicester,Newcastle,A,0.539,0.2021,0.2589,0.2828,0.2942,0.423
2024-25,2025-04-07,Leganes,Osasuna,D,0.4659,0.2347,0.2994,0.2828,0.2942,0.423
2024-25,2025-04-11,Valencia,Sevilla,H,0.3467,0.2548,0.3985,0.2828,0.2942,0.423
2024-25,2025-04-11,Wolfsburg,RB Leipzig,A,0.3961,0.2373,0.3667,0.2828,0.2942,0.423
2024-25,2025-04-12,Arsenal,Brentford,D,0.1504,0.1897,0.6599,0.2828,0.2942,0.423
2024-25,2025-04-12,Man City,Crystal Palace,H,0.1795,0.1984,0.6222,0.2828,0.2942,0.423
2024-25,2025-04-12,Leganes,Barcelona,A,0.7223,0.1502,0.1275,0.2828,0.2942,0.423
2024-25,2025-04-12,Bochum,Augsburg,A,0.4443,0.2457,0.31,0.2828,0.2942,0.423
2024-25,2025-04-12,Celta,Espanol,A,0.2012,0.1941,0.6047,0.2828,0.2942,0.423
2024-25,2025-04-12,Getafe,Las Palmas,A,0.2058,0.2604,0.5338,0.2828,0.2942,0.423
2024-25,2025-04-12,Sociedad,Mallorca,A,0.2052,0.2689,0.5259,0.2828,0.2942,0.423
2024-25,2025-04-12,Bayern Munich,Dortmund,D,0.1861,0.1749,0.639,0.2828,0.2942,0.423
2024-25,2025-04-12,Leverkusen,Union Berlin,D,0.123,0.1966,0.6803,0.2828,0.2942,0.423
2024-25,2025-04-12,Holstein Kiel,St Pauli,A,0.4038,0.2416,0.3546,0.2828,0.2942,0.423
2024-25,2025-04-12,Hoffenheim,Mainz,H,0.3953,0.2255,0.3792,0.2828,0.2942,0.423
2024-25,2025-04-12,Southampton,Aston Villa,A,0.5876,0.2072,0.2052,0.2828,0.2942,0.423
2024-25,2025-04-12,Nott'm Forest,Everton,A,0.2635,0.2559,0.4805,0.29,0.26,0.45
2024-25,2025-04-12,Brighton,Leicester,D,0.189,0.1821,0.6289,0.2828,0.2942,0.423
2024-25,2025-04-12,M'gladbach,Freiburg,A,0.3008,0.2091,0.4901,0.29,0.26,0.45
2024-25,2025-04-13,Wolves,Tottenham,H,0.4168,0.227,0.3562,0.2828,0.2942,0.423
2024-25,2025-04-13,Liverpool,West Ham,H,0.1309,0.1625,0.7066,0.2828,0.2942,0.423
2024-25,2025-04-13,Newcastle,Man United,H,0.2535,0.2172,0.5293,0.2828,0.2942,0.423
2024-25,2025-04-13,Betis,Villarreal,A,0.3391,0.222,0.4389,0.2828,0.2942,0.423
2024-25,2025-04-13,Ath Bilbao,Vallecano,H,0.1714,0.2412,0.5873,0.2828,0.2942,0.423
2024-25,2025-04-13,Osasuna,Girona,H,0.3548,0.2266,0.4186,0.2828,0.2942,0.423
2024-25,2025-04-13,Ein Frankfurt,Heidenheim,H,0.203,0.1856,0.6114,0.2828,0.2942,0.423
2024-25,2025-04-13,Stuttgart,Werder Bremen,A,0.223,0.1872,0.5898,0.2828,0.2942,0.423
2024-25,2025-04-13,Chelsea,Ipswich,D,0.0606,0.0999,0.8394,0.2828,0.2942,0.423
2024-25,2025-04-13,Alaves,Real Madrid,A,0.5989,0.2165,0.1846,0.2828,0.2942,0.423
2024-25,2025-04-14,Bournemouth,Fulham,H,0.316,0.224,0.46,0.2828,0.2942,0.423
2024-25,2025-04-14,Ath Madrid,Valladolid,H,0.035,0.0803,0.8848,0.2828,0.2942,0.423
2024-25,2025-04-16,Newcastle,Crystal Palace,H,0.246,0.2301,0.5238,0.2828,0.2942,0.423
2024-25,2025-04-18,Espanol,Getafe,H,0.3793,0.2866,0.334,0.2828,0.2942,0.423
2024-25,2025-04-19,Aston Villa,Newcastle,H,0.4083,0.2293,0.3623,0.2828,0.2942,0.423
2024-25,2025-04-19,Union Berlin,Stuttgart,D,0.4544,0.2485,0.2971,0.2828,0.2942,0.423
2024-25,2025-04-19,Everton,Man City,A,0.5323,0.2391,0.2286,0.2828,0.2942,0.423
2024-25,2025-04-19,Werder Bremen,Bochum,H,0.1856,0.1905,0.6239,0.2828,0.2942,0.423
2024-25,2025-04-19,Crystal Palace,Bournemouth,D,0.2901,0.2303,0.4796,0.2828,0.2942,0.423
2024-25,2025-04-19,Brentford,Brighton,H,0.3288,0.2256,0.4456,0.2828,0.2942,0.423
2024-25,2025-04-19,Las Palmas,Ath Madrid,H,0.5943,0.2165,0.1891,0.2828,0.2942,0.423
2024-25,2025-04-19,West Ham,Southampton,D,0.1444,0.181,0.6746,0.2828,0.2942,0.423
2024-25,2025-04-19,Barcelona,Celta,H,0.1503,0.1505,0.6992,0.2828,0.2942,0.423
2024-25,2025-04-19,RB Leipzig,Holstein Kiel,D,0.0504,0.0749,0.8747,0.2828,0.2942,0.423
2024-25,2025-04-19,Mainz,Wolfsburg,D,0.3105,0.2413,0.4482,0.2828,0.2942,0.423
2024-25,2025-04-19,Heidenheim,Bayern Munich,A,0.7047,0.1523,0.143,0.2828,0.2942,0.423
2024-25,2025-04-19,Freiburg,Hoffenheim,H,0.277,0.2043,0.5187,0.2828,0.2942,0.423
2024-25,2025-04-19,Vallecano,Valencia,D,0.3126,0.2709,0.4165,0.2828,0.2942,0.423
2024-25,2025-04-19,Mallorca,Leganes,D,0.2379,0.258,0.5041,0.2828,0.2942,0.423
2024-25,2025-04-20,Sevilla,Alaves,D,0.2141,0.2388,0.5471,0.2828,0.2942,0.423
2024-25,2025-04-20,Augsburg,Ein Frankfurt,D,0.3901,0.2355,0.3745,0.2828,0.2942,0.423
2024-25,2025-04-20,Leicester,Liverpool,A,0.6551,0.1739,0.171,0.2828,0.2942,0.423
2024-25,2025-04-20,Man United,Wolves,A,0.2238,0.2116,0.5646,0.2828,0.2942,0.423
2024-25,2025-04-20,Ipswich,Arsenal,A,0.8049,0.1219,0.0732,0.2828,0.2942,0.423
2024-25,2025-04-20,Villarreal,Sociedad,D,0.3058,0.2301,0.4641,0.2828,0.2942,0.423
2024-25,2025-04-20,Real Madrid,Ath Bilbao,H,0.2635,0.2457,0.4908,0.2828,0.2942,0.423
2024-25,2025-04-20,Valladolid,Osasuna,A,0.6314,0.2014,0.1672,0.2828,0.2942,0.423
2024-25,2025-04-20,Dortmund,M'gladbach,H,0.2157,0.1856,0.5986,0.29,0.26,0.45
2024-25,2025-04-20,St Pauli,Leverkusen,D,0.578,0.2521,0.1698,0.2828,0.2942,0.423
2024-25,2025-04-20,Fulham,Chelsea,A,0.4009,0.2379,0.3612,0.2828,0.2942,0.423
2024-25,2025-04-21,Girona,Betis,A,0.3307,0.2228,0.4465,0.2828,0.2942,0.423
2024-25,2025-04-21,Tottenham,Nott'm Forest,A,0.2821,0.2145,0.5034,0.29,0.26,0.45
2024-25,2025-04-22,Man City,Aston Villa,H,0.1615,0.174,0.6646,0.2828,0.2942,0.423
2024-25,2025-04-22,Valencia,Espanol,D,0.244,0.2417,0.5143,0.2828,0.2942,0.423
2024-25,2025-04-22,Barcelona,Mallorca,H,0.11,0.1654,0.7246,0.2828,0.2942,0.423
2024-25,2025-04-23,Arsenal,Crystal Palace,D,0.1648,0.2156,0.6196,0.2828,0.2942,0.423
2024-25,2025-04-23,Ath Bilbao,Las Palmas,H,0.1174,0.1895,0.6931,0.2828,0.2942,0.423
2024-25,2025-04-23,Celta,Villarreal,H,0.3539,0.2044,0.4416,0.2828,0.2942,0.423
2024-25,2025-04-23,Alaves,Sociedad,H,0.4304,0.276,0.2936,0.2828,0.2942,0.423
2024-25,2025-04-23,Getafe,Real Madrid,A,0.4878,0.2596,0.2526,0.2828,0.2942,0.423
2024-25,2025-04-24,Ath Madrid,Vallecano,H,0.163,0.2165,0.6206,0.2828,0.2942,0.423
2024-25,2025-04-24,Leganes,Girona,D,0.512,0.2113,0.2767,0.2828,0.2942,0.423
2024-25,2025-04-24,Osasuna,Sevilla,H,0.3471,0.2467,0.4062,0.2828,0.2942,0.423
2024-25,2025-04-24,Betis,Valladolid,H,0.0681,0.1219,0.81,0.2828,0.2942,0.423
2024-25,2025-04-25,Stuttgart,Heidenheim,A,0.1724,0.166,0.6616,0.2828,0.2942,0.423
2024-25,2025-04-26,Chelsea,Everton,H,0.2008,0.2398,0.5594,0.2828,0.2942,0.423
2024-25,2025-04-26,Ein Frankfurt,RB Leipzig,H,0.3883,0.2286,0.3831,0.2828,0.2942,0.423
2024-25,2025-04-26,Brighton,West Ham,H,0.258,0.2139,0.528,0.2828,0.2942,0.423
2024-25,2025-04-26,Newcastle,Ipswich,H,0.0547,0.0901,0.8553,0.2828,0.2942,0.423
2024-25,2025-04-26,Holstein Kiel,M'gladbach,H,0.6372,0.1586,0.2042,0.29,0.26,0.45
2024-25,2025-04-26,Wolfsburg,Freiburg,A,0.2832,0.219,0.4978,0.2828,0.2942,0.423
2024-25,2025-04-26,Hoffenheim,Dortmund,A,0.5005,0.2024,0.297,0.2828,0.2942,0.423
2024-25,2025-04-26,Leverkusen,Augsburg,H,0.1447,0.1891,0.6662,0.2828,0.2942,0.423
2024-25,2025-04-26,Southampton,Fulham,A,0.5789,0.2173,0.2037,0.2828,0.2942,0.423
2024-25,2025-04-26,Bayern Munich,Mainz,H,0.1348,0.1596,0.7056,0.2828,0.2942,0.423
2024-25,2025-04-26,Wolves,Leicester,H,0.2563,0.2085,0.5352,0.2828,0.2942,0.423
2024-25,2025-04-27,Villarreal,Espanol,H,0.1965,0.1922,0.6113,0.2828,0.2942,0.423
2024-25,2025-04-27,Werder Bremen,St Pauli,D,0.2299,0.2587,0.5114,0.2828,0.2942,0.423
2024-25,2025-04-27,Bochum,Union Berlin,D,0.4041,0.2742,0.3217,0.2828,0.2942,0.423
2024-25,2025-04-27,Bournemouth,Man United,D,0.3373,0.222,0.4407,0.2828,0.2942,0.423
2024-25,2025-04-27,Liverpool,Tottenham,H,0.1809,0.1824,0.6367,0.2828,0.2942,0.423
2024-25,2025-05-01,Nott'm Forest,Brentford,A,0.3384,0.2274,0.4342,0.29,0.26,0.45
2024-25,2025-05-02,Heidenheim,Bochum,D,0.2325,0.2104,0.5571,0.2828,0.2942,0.423
2024-25,2025-05-02,Man City,Wolves,H,0.1254,0.1567,0.7179,0.2828,0.2942,0.423
2024-25,2025-05-02,Vallecano,Getafe,H,0.3146,0.3004,0.3849,0.2828,0.2942,0.423
2024-25,2025-05-03,St Pauli,Stuttgart,A,0.4705,0.2593,0.2702,0.2828,0.2942,0.423
2024-25,2025-05-03,Everton,Ipswich,D,0.1433,0.194,0.6627,0.2828,0.2942,0.423
2024-25,2025-05-03,Leicester,Southampton,H,0.1824,0.1914,0.6262,0.2828,0.2942,0.423
2024-25,2025-05-03,M'gladbach,Hoffenheim,D,0.2691,0.1918,0.5391,0.29,0.26,0.45
2024-25,2025-05-03,RB Leipzig,Bayern Munich,D,0.4605,0.2144,0.3251,0.2828,0.2942,0.423
2024-25,2025-05-03,Union Berlin,Werder Bremen,D,0.3525,0.2541,0.3935,0.2828,0.2942,0.423
2024-25,2025-05-03,Arsenal,Bournemouth,A,0.1474,0.1843,0.6683,0.2828,0.2942,0.423
2024-25,2025-05-03,Alaves,Ath Madrid,D,0.527,0.2496,0.2235,0.2828,0.2942,0.423
2024-25,2025-05-03,Villarreal,Osasuna,H,0.2458,0.2051,0.5491,0.2828,0.2942,0.423
2024-25,2025-05-03,Las Palmas,Valencia,A,0.3788,0.26,0.3612,0.2828,0.2942,0.423
2024-25,2025-05-03,Valladolid,Barcelona,A,0.8602,0.0865,0.0534,0.2828,0.2942,0.423
2024-25,2025-05-03,Aston Villa,Fulham,H,0.2958,0.2248,0.4794,0.2828,0.2942,0.423
2024-25,2025-05-03,Dortmund,Wolfsburg,H,0.2371,0.2046,0.5583,0.2828,0.2942,0.423
2024-25,2025-05-04,West Ham,Tottenham,D,0.396,0.2236,0.3803,0.2828,0.2942,0.423
2024-25,2025-05-04,Brentford,Man United,H,0.3195,0.2212,0.4593,0.2828,0.2942,0.423
2024-25,2025-05-04,Brighton,Newcastle,D,0.4118,0.2248,0.3634,0.2828,0.2942,0.423
2024-25,2025-05-04,Chelsea,Liverpool,H,0.4138,0.2322,0.354,0.2828,0.2942,0.423
2024-25,2025-05-04,Sociedad,Ath Bilbao,D,0.3994,0.2805,0.3201,0.2828,0.2942,0.423
2024-25,2025-05-04,Sevilla,Leganes,D,0.1788,0.2119,0.6093,0.2828,0.2942,0.423
2024-25,2025-05-04,Espanol,Betis,A,0.4161,0.2467,0.3372,0.2828,0.2942,0.423
2024-25,2025-05-04,Real Madrid,Celta,H,0.1647,0.1692,0.6661,0.2828,0.2942,0.423
2024-25,2025-05-04,Mainz,Ein Frankfurt,D,0.3336,0.2337,0.4327,0.2828,0.2942,0.423
2024-25,2025-05-04,Freiburg,Leverkusen,D,0.5038,0.2216,0.2746,0.2828,0.2942,0.423
2024-25,2025-05-04,Augsburg,Holstein Kiel,A,0.1434,0.1512,0.7054,0.2828,0.2942,0.423
2024-25,2025-05-05,Girona,Mallorca,H,0.2472,0.2428,0.51,0.2828,0.2942,0.423
2024-25,2025-05-05,Crystal Palace,Nott'm Forest,D,0.3023,0.2377,0.46,0.29,0.26,0.45
2024-25,2025-05-09,Las Palmas,Vallecano,A,0.3609,0.2594,0.3797,0.2828,0.2942,0.423
2024-25,2025-05-09,Wolfsburg,Hoffenheim,D,0.2635,0.2037,0.5328,0.2828,0.2942,0.423
2024-25,2025-05-10,Mallorca,Valladolid,H,0.141,0.2166,0.6425,0.2828,0.2942,0.423
2024-25,2025-05-10,Bournemouth,Aston Villa,A,0.315,0.2197,0.4652,0.2828,0.2942,0.423
2024-25,2025-05-10,Wolves,Brighton,A,0.3785,0.2314,0.3901,0.2828,0.2942,0.423
2024-25,2025-05-10,Southampton,Man City,D,0.7811,0.1347,0.0842,0.2828,0.2942,0.423
2024-25,2025-05-10,Ath Madrid,Sociedad,H,0.2246,0.2418,0.5336,0.2828,0.2942,0.423
2024-25,2025-05-10,Girona,Villarreal,A,0.3748,0.2053,0.4198,0.2828,0.2942,0.423
2024-25,2025-05-10,Fulham,Everton,A,0.2613,0.2688,0.4699,0.2828,0.2942,0.423
2024-25,2025-05-10,Valencia,Getafe,H,0.2903,0.2932,0.4165,0.2828,0.2942,0.423
2024-25,2025-05-10,Celta,Sevilla,H,0.2897,0.2146,0.4957,0.2828,0.2942,0.423
2024-25,2025-05-10,Bochum,Mainz,A,0.5214,0.2376,0.241,0.2828,0.2942,0.423
2024-25,2025-05-10,Holstein Kiel,Freiburg,A,0.5717,0.1738,0.2545,0.2828,0.2942,0.423
2024-25,2025-05-10,Ipswich,Brentford,A,0.6719,0.1663,0.1618,0.2828,0.2942,0.423
2024-25,2025-05-10,Union Berlin,Heidenheim,A,0.2895,0.2535,0.457,0.2828,0.2942,0.423
2024-25,2025-05-10,Werder Bremen,RB Leipzig,D,0.4675,0.2184,0.3141,0.2828,0.2942,0.423
2024-25,2025-05-10,Bayern Munich,M'gladbach,H,0.1018,0.1192,0.779,0.29,0.26,0.45
2024-25,2025-05-11,Leverkusen,Dortmund,A,0.2595,0.2146,0.5259,0.2828,0.2942,0.423
2024-25,2025-05-11,Ath Bilbao,Alaves,H,0.1666,0.2454,0.588,0.2828,0.2942,0.423
2024-25,2025-05-11,Ein Frankfurt,St Pauli,D,0.1713,0.2579,0.5708,0.2828,0.2942,0.423
2024-25,2025-05-11,Leganes,Espanol,H,0.3723,0.2577,0.37,0.2828,0.2942,0.423
2024-25,2025-05-11,Barcelona,Real Madrid,H,0.3349,0.2057,0.4593,0.2828,0.2942,0.423
2024-25,2025-05-11,Stuttgart,Augsburg,H,0.2168,0.2048,0.5784,0.2828,0.2942,0.423
2024-25,2025-05-11,Betis,Osasuna,D,0.2662,0.2297,0.5041,0.2828,0.2942,0.423
2024-25,2025-05-11,Newcastle,Chelsea,H,0.2985,0.227,0.4744,0.2828,0.2942,0.423
2024-25,2025-05-11,Man United,West Ham,A,0.2465,0.2109,0.5426,0.2828,0.2942,0.423
2024-25,2025-05-11,Nott'm Forest,Leicester,D,0.2151,0.1999,0.585,0.29,0.26,0.45
2024-25,2025-05-11,Liverpool,Arsenal,D,0.3257,0.2422,0.4321,0.2828,0.2942,0.423
2024-25,2025-05-11,Tottenham,Crystal Palace,A,0.3114,0.2285,0.4601,0.2828,0.2942,0.423
2024-25,2025-05-13,Sociedad,Celta,A,0.2937,0.2278,0.4785,0.2828,0.2942,0.423
2024-25,2025-05-13,Sevilla,Las Palmas,H,0.2173,0.2188,0.5639,0.2828,0.2942,0.423
2024-25,2025-05-13,Valladolid,Girona,A,0.6754,0.1678,0.1569,0.2828,0.2942,0.423
2024-25,2025-05-14,Real Madrid,Mallorca,H,0.1225,0.2005,0.6771,0.2828,0.2942,0.423
2024-25,2025-05-14,Alaves,Valencia,H,0.3515,0.2846,0.3639,0.2828,0.2942,0.423
2024-25,2025-05-14,Villarreal,Leganes,H,0.1437,0.1666,0.6897,0.2828,0.2942,0.423
2024-25,2025-05-15,Vallecano,Betis,D,0.3786,0.2573,0.3641,0.2828,0.2942,0.423
2024-25,2025-05-15,Osasuna,Ath Madrid,H,0.4875,0.2384,0.274,0.2828,0.2942,0.423
2024-25,2025-05-15,Espanol,Barcelona,A,0.6114,0.1888,0.1998,0.2828,0.2942,0.423
2024-25,2025-05-15,Getafe,Ath Bilbao,A,0.4062,0.3029,0.2909,0.2828,0.2942,0.423
2024-25,2025-05-16,Aston Villa,Tottenham,H,0.3241,0.2157,0.4602,0.2828,0.2942,0.423
2024-25,2025-05-16,Chelsea,Man United,H,0.2574,0.2146,0.528,0.2828,0.2942,0.423
2024-25,2025-05-17,Augsburg,Union Berlin,A,0.2841,0.2741,0.4418,0.2828,0.2942,0.423
2024-25,2025-05-17,Dortmund,Holstein Kiel,H,0.063,0.0804,0.8566,0.2828,0.2942,0.423
2024-25,2025-05-17,Freiburg,Ein Frankfurt,A,0.364,0.2247,0.4113,0.2828,0.2942,0.423
2024-25,2025-05-17,Heidenheim,Werder Bremen,A,0.388,0.2218,0.3902,0.2828,0.2942,0.423
2024-25,2025-05-17,RB Leipzig,Stuttgart,A,0.2633,0.2039,0.5327,0.2828,0.2942,0.423
2024-25,2025-05-17,Mainz,Leverkusen,D,0.4674,0.241,0.2916,0.2828,0.2942,0.423
2024-25,2025-05-17,M'gladbach,Wolfsburg,A,0.339,0.2133,0.4477,0.29,0.26,0.45
2024-25,2025-05-17,St Pauli,Bochum,A,0.243,0.3143,0.4427,0.2828,0.2942,0.423
2024-25,2025-05-17,Hoffenheim,Bayern Munich,A,0.6652,0.1603,0.1745,0.2828,0.2942,0.423
2024-25,2025-05-18,Sociedad,Girona,H,0.272,0.2263,0.5017,0.2828,0.2942,0.423
2024-25,2025-05-18,Ath Madrid,Betis,H,0.2053,0.2171,0.5777,0.2828,0.2942,0.423
2024-25,2025-05-18,Barcelona,Villarreal,A,0.1895,0.1613,0.6491,0.2828,0.2942,0.423
2024-25,2025-05-18,Celta,Vallecano,A,0.2421,0.2168,0.5411,0.2828,0.2942,0.423
2024-25,2025-05-18,Mallorca,Getafe,A,0.31,0.3418,0.3482,0.2828,0.2942,0.423
2024-25,2025-05-18,Osasuna,Espanol,H,0.261,0.2394,0.4996,0.2828,0.2942,0.423
2024-25,2025-05-18,Las Palmas,Leganes,A,0.2727,0.2387,0.4886,0.2828,0.2942,0.423
2024-25,2025-05-18,Sevilla,Real Madrid,A,0.5157,0.2236,0.2607,0.2828,0.2942,0.423
2024-25,2025-05-18,Everton,Southampton,H,0.1497,0.23,0.6203,0.2828,0.2942,0.423
2024-25,2025-05-18,West Ham,Nott'm Forest,A,0.3467,0.2352,0.4182,0.29,0.26,0.45
2024-25,2025-05-18,Brentford,Fulham,A,0.2801,0.2233,0.4966,0.2828,0.2942,0.423
2024-25,2025-05-18,Leicester,Ipswich,H,0.1723,0.1693,0.6583,0.2828,0.2942,0.423
2024-25,2025-05-18,Arsenal,Newcastle,H,0.2335,0.2252,0.5413,0.2828,0.2942,0.423
2024-25,2025-05-18,Valladolid,Alaves,A,0.5186,0.2474,0.2341,0.2828,0.2942,0.423
2024-25,2025-05-18,Valencia,Ath Bilbao,A,0.424,0.2672,0.3089,0.2828,0.2942,0.423
2024-25,2025-05-19,Brighton,Liverpool,H,0.4922,0.2181,0.2897,0.2828,0.2942,0.423
2024-25,2025-05-20,Crystal Palace,Wolves,H,0.2557,0.2327,0.5116,0.2828,0.2942,0.423
2024-25,2025-05-20,Man City,Bournemouth,H,0.1666,0.1772,0.6561,0.2828,0.2942,0.423
2024-25,2025-05-23,Betis,Valencia,D,0.282,0.236,0.4821,0.2828,0.2942,0.423
2024-25,2025-05-24,Real Madrid,Sociedad,H,0.188,0.2036,0.6084,0.2828,0.2942,0.423
2024-25,2025-05-24,Espanol,Las Palmas,H,0.2888,0.249,0.4622,0.2828,0.2942,0.423
2024-25,2025-05-24,Leganes,Valladolid,H,0.1712,0.1956,0.6332,0.2828,0.2942,0.423
2024-25,2025-05-24,Alaves,Osasuna,D,0.3771,0.2751,0.3478,0.2828,0.2942,0.423
2024-25,2025-05-24,Getafe,Celta,A,0.3912,0.2489,0.3599,0.2828,0.2942,0.423
2024-25,2025-05-24,Vallecano,Mallorca,D,0.2706,0.2898,0.4397,0.2828,0.2942,0.423
2024-25,2025-05-25,Villarreal,Sevilla,H,0.26,0.2079,0.5321,0.2828,0.2942,0.423
2024-25,2025-05-25,Girona,Ath Madrid,A,0.4887,0.2184,0.2929,0.2828,0.2942,0.423
2024-25,2025-05-25,Fulham,Man City,A,0.5224,0.2146,0.263,0.2828,0.2942,0.423
2024-25,2025-05-25,Ipswich,West Ham,A,0.6064,0.1924,0.2012,0.2828,0.2942,0.423
2024-25,2025-05-25,Liverpool,Crystal Palace,D,0.2044,0.2046,0.5909,0.2828,0.2942,0.423
2024-25,2025-05-25,Newcastle,Everton,A,0.1918,0.2283,0.5799,0.2828,0.2942,0.423
2024-25,2025-05-25,Nott'm Forest,Chelsea,A,0.4232,0.2308,0.3459,0.29,0.26,0.45
2024-25,2025-05-25,Bournemouth,Leicester,H,0.2039,0.1856,0.6104,0.2828,0.2942,0.423
2024-25,2025-05-25,Southampton,Arsenal,A,0.7647,0.1504,0.0848,0.2828,0.2942,0.423
2024-25,2025-05-25,Tottenham,Brighton,A,0.3267,0.2143,0.4591,0.2828,0.2942,0.423
2024-25,2025-05-25,Wolves,Brentford,D,0.4004,0.2243,0.3753,0.2828,0.2942,0.423
2024-25,2025-05-25,Ath Bilbao,Barcelona,A,0.3986,0.2227,0.3787,0.2828,0.2942,0.423
2024-25,2025-05-25,Man United,Aston Villa,H,0.32,0.219,0.461,0.2828,0.2942,0.423
2025-26,2025-08-15,Girona,Vallecano,A,0.2906,0.2292,0.4802,0.2828,0.2942,0.423
2025-26,2025-08-15,Villarreal,Oviedo,H,0.1242,0.1619,0.7139,0.29,0.26,0.45
2025-26,2025-08-15,Liverpool,Bournemouth,H,0.1827,0.1829,0.6344,0.2828,0.2942,0.423
2025-26,2025-08-16,Mallorca,Barcelona,A,0.5908,0.2101,0.199,0.2828,0.2942,0.423
2025-26,2025-08-16,Alaves,Levante,H,0.2431,0.2433,0.5136,0.2828,0.2942,0.423
2025-26,2025-08-16,Valencia,Sociedad,D,0.3648,0.2636,0.3716,0.2828,0.2942,0.423
2025-26,2025-08-16,Aston Villa,Newcastle,D,0.4153,0.2262,0.3584,0.2828,0.2942,0.423
2025-26,2025-08-16,Brighton,Fulham,D,0.2804,0.2166,0.503,0.2828,0.2942,0.423
2025-26,2025-08-16,Sunderland,West Ham,H,0.5419,0.2252,0.2329,0.29,0.26,0.45
2025-26,2025-08-16,Tottenham,Burnley,H,0.0963,0.1404,0.7633,0.2828,0.2942,0.423
2025-26,2025-08-16,Wolves,Man City,A,0.5732,0.2042,0.2226,0.2828,0.2942,0.423
2025-26,2025-08-17,Man United,Arsenal,A,0.4866,0.2306,0.2829,0.2828,0.2942,0.423
2025-26,2025-08-17,Espanol,Ath Madrid,H,0.5646,0.2243,0.2111,0.2828,0.2942,0.423
2025-26,2025-08-17,Ath Bilbao,Sevilla,H,0.2248,0.2334,0.5418,0.2828,0.2942,0.423
2025-26,2025-08-17,Celta,Getafe,A,0.2445,0.2311,0.5244,0.2828,0.2942,0.423
2025-26,2025-08-17,Chelsea,Crystal Palace,D,0.2747,0.2328,0.4925,0.2828,0.2942,0.423
2025-26,2025-08-17,Nott'm Forest,Brentford,H,0.3564,0.2251,0.4184,0.29,0.26,0.45
2025-26,2025-08-18,Leeds,Everton,H,0.5383,0.2288,0.2328,0.2828,0.2942,0.423
2025-26,2025-08-18,Elche,Betis,D,0.5667,0.2194,0.2138,0.2828,0.2942,0.423
2025-26,2025-08-19,Real Madrid,Osasuna,H,0.1502,0.1749,0.6749,0.2828,0.2942,0.423
2025-26,2025-08-22,Betis,Alaves,H,0.2314,0.2486,0.52,0.2828,0.2942,0.423
2025-26,2025-08-22,West Ham,Chelsea,A,0.463,0.2268,0.3102,0.2828,0.2942,0.423
2025-26,2025-08-22,Bayern Munich,RB Leipzig,H,0.1828,0.1755,0.6416,0.2828,0.2942,0.423
2025-26,2025-08-23,Ein Frankfurt,Werder Bremen,H,0.2504,0.201,0.5486,0.2828,0.2942,0.423
2025-26,2025-08-23,Leverkusen,Hoffenheim,A,0.1425,0.1546,0.703,0.2828,0.2942,0.423
2025-26,2025-08-23,Burnley,Sunderland,H,0.3351,0.2617,0.4032,0.29,0.26,0.45
2025-26,2025-08-23,Brentford,Aston Villa,H,0.323,0.2168,0.4602,0.2828,0.2942,0.423
2025-26,2025-08-23,Union Berlin,Stuttgart,H,0.4691,0.2333,0.2977,0.2828,0.2942,0.423
2025-26,2025-08-23,Levante,Barcelona,A,0.7542,0.1291,0.1167,0.2828,0.2942,0.423
2025-26,2025-08-23,Ath Madrid,Elche,D,0.068,0.1275,0.8046,0.2828,0.2942,0.423
2025-26,2025-08-23,Mallorca,Celta,D,0.4162,0.2524,0.3314,0.2828,0.2942,0.423
2025-26,2025-08-23,St Pauli,Dortmund,D,0.5519,0.2527,0.1953,0.2828,0.2942,0.423
2025-26,2025-08-23,Freiburg,Augsburg,A,0.2541,0.2226,0.5233,0.2828,0.2942,0.423
2025-26,2025-08-23,Heidenheim,Wolfsburg,A,0.4373,0.2232,0.3395,0.2828,0.2942,0.423
2025-26,2025-08-23,Arsenal,Leeds,H,0.0407,0.0778,0.8815,0.2828,0.2942,0.423
2025-26,2025-08-23,Bournemouth,Wolves,H,0.2592,0.2154,0.5254,0.2828,0.2942,0.423
2025-26,2025-08-23,Man City,Tottenham,A,0.1739,0.1752,0.6509,0.2828,0.2942,0.423
2025-26,2025-08-24,Fulham,Man United,D,0.3599,0.2293,0.4107,0.2828,0.2942,0.423
2025-26,2025-08-24,Everton,Brighton,H,0.3759,0.257,0.3671,0.2828,0.2942,0.423
2025-26,2025-08-24,Crystal Palace,Nott'm Forest,D,0.2626,0.2305,0.5068,0.29,0.26,0.45
2025-26,2025-08-24,Oviedo,Real Madrid,A,0.7035,0.1726,0.1239,0.29,0.26,0.45
2025-26,2025-08-24,Sociedad,Espanol,D,0.2088,0.2336,0.5577,0.2828,0.2942,0.423
2025-26,2025-08-24,Osasuna,Valencia,H,0.3058,0.2455,0.4487,0.2828,0.2942,0.423
2025-26,2025-08-24,Mainz,FC Koln,A,0.1818,0.1999,0.6183,0.2828,0.2942,0.423
2025-26,2025-08-24,Villarreal,Girona,H,0.2495,0.1885,0.562,0.2828,0.2942,0.423
2025-26,2025-08-24,M'gladbach,Hamburg,D,0.1767,0.1874,0.6359,0.29,0.26,0.45
2025-26,2025-08-25,Ath Bilbao,Vallecano,H,0.1998,0.2431,0.5571,0.2828,0.2942,0.423
2025-26,2025-08-25,Sevilla,Getafe,A,0.2667,0.2657,0.4676,0.2828,0.2942,0.423
2025-26,2025-08-25,Newcastle,Liverpool,A,0.3839,0.2252,0.3909,0.2828,0.2942,0.423
2025-26,2025-08-27,Celta,Betis,D,0.3079,0.2085,0.4836,0.2828,0.2942,0.423
2025-26,2025-08-29,Hamburg,St Pauli,A,0.2773,0.3402,0.3825,0.2828,0.2942,0.423
2025-26,2025-08-29,Valencia,Getafe,H,0.2935,0.2877,0.4188,0.2828,0.2942,0.423
2025-26,2025-08-29,Elche,Levante,H,0.3448,0.2368,0.4184,0.2828,0.2942,0.423
2025-26,2025-08-30,Oviedo,Sociedad,H,0.5828,0.2374,0.1798,0.29,0.26,0.45
2025-26,2025-08-30,Real Madrid,Mallorca,H,0.1157,0.1956,0.6886,0.2828,0.2942,0.423
2025-26,2025-08-30,Alaves,Ath Madrid,D,0.5223,0.2589,0.2188,0.2828,0.2942,0.423
2025-26,2025-08-30,Girona,Sevilla,A,0.3438,0.2172,0.439,0.2828,0.2942,0.423
2025-26,2025-08-30,Man United,Burnley,H,0.0982,0.1468,0.755,0.2828,0.2942,0.423
2025-26,2025-08-30,Tottenham,Bournemouth,A,0.3016,0.2157,0.4827,0.2828,0.2942,0.423
2025-26,2025-08-30,Werder Bremen,Leverkusen,D,0.5437,0.2118,0.2444,0.2828,0.2942,0.423
2025-26,2025-08-30,Chelsea,Fulham,H,0.2247,0.2152,0.5601,0.2828,0.2942,0.423
2025-26,2025-08-30,Sunderland,Brentford,H,0.6051,0.2067,0.1882,0.2828,0.2942,0.423
2025-26,2025-08-30,Stuttgart,M'gladbach,H,0.2728,0.1886,0.5386,0.29,0.26,0.45
2025-26,2025-08-30,RB Leipzig,Heidenheim,H,0.1854,0.1747,0.6399,0.2828,0.2942,0.423
2025-26,2025-08-30,Hoffenheim,Ein Frankfurt,A,0.4169,0.2078,0.3753,0.2828,0.2942,0.423
2025-26,2025-08-30,Wolves,Everton,A,0.3362,0.2703,0.3935,0.2828,0.2942,0.423
2025-26,2025-08-30,Leeds,Newcastle,D,0.7562,0.1379,0.1059,0.2828,0.2942,0.423
2025-26,2025-08-30,Augsburg,Bayern Munich,A,0.6589,0.1777,0.1634,0.2828,0.2942,0.423
2025-26,2025-08-31,Brighton,Man City,H,0.4838,0.2152,0.301,0.2828,0.2942,0.423
2025-26,2025-08-31,Aston Villa,Crystal Palace,A,0.3421,0.2445,0.4134,0.2828,0.2942,0.423
2025-26,2025-08-31,Liverpool,Arsenal,H,0.3506,0.239,0.4104,0.2828,0.2942,0.423
2025-26,2025-08-31,Nott'm Forest,West Ham,A,0.268,0.2163,0.5157,0.29,0.26,0.45
2025-26,2025-08-31,Vallecano,Barcelona,D,0.5413,0.2058,0.2529,0.2828,0.2942,0.423
2025-26,2025-08-31,Celta,Villarreal,D,0.3824,0.203,0.4146,0.2828,0.2942,0.423
2025-26,2025-08-31,Betis,Ath Bilbao,A,0.4069,0.2518,0.3412,0.2828,0.2942,0.423
2025-26,2025-08-31,FC Koln,Freiburg,H,0.4302,0.2297,0.3401,0.2828,0.2942,0.423
2025-26,2025-08-31,Dortmund,Union Berlin,H,0.1804,0.2049,0.6147,0.2828,0.2942,0.423
2025-26,2025-08-31,Wolfsburg,Mainz,D,0.2984,0.2302,0.4714,0.2828,0.2942,0.423
2025-26,2025-08-31,Espanol,Osasuna,H,0.3802,0.2494,0.3703,0.2828,0.2942,0.423
2025-26,2025-09-12,Sevilla,Elche,D,0.1751,0.2123,0.6126,0.2828,0.2942,0.423
2025-26,2025-09-12,Leverkusen,Ein Frankfurt,H,0.2297,0.2045,0.5659,0.2828,0.2942,0.423
2025-26,2025-09-13,Freiburg,Stuttgart,H,0.3957,0.2075,0.3968,0.2828,0.2942,0.423
2025-26,2025-09-13,Newcastle,Wolves,H,0.1725,0.1886,0.639,0.2828,0.2942,0.423
2025-26,2025-09-13,Brentford,Chelsea,D,0.4207,0.2281,0.3511,0.2828,0.2942,0.423
2025-26,2025-09-13,West Ham,Tottenham,A,0.406,0.2212,0.3728,0.2828,0.2942,0.423
2025-26,2025-09-13,Ath Bilbao,Alaves,A,0.1665,0.2505,0.583,0.2828,0.2942,0.423
2025-26,2025-09-13,Fulham,Leeds,H,0.1155,0.1569,0.7276,0.2828,0.2942,0.423
2025-26,2025-09-13,Everton,Aston Villa,D,0.353,0.2621,0.3848,0.2828,0.2942,0.423
2025-26,2025-09-13,Crystal Palace,Sunderland,D,0.1143,0.1827,0.7031,0.2828,0.2942,0.423
2025-26,2025-09-13,Arsenal,Nott'm Forest,H,0.1417,0.1873,0.671,0.29,0.26,0.45
2025-26,2025-09-13,Bournemouth,Brighton,H,0.3541,0.2229,0.4229,0.2828,0.2942,0.423
2025-26,2025-09-13,Sociedad,Real Madrid,A,0.4838,0.2369,0.2793,0.2828,0.2942,0.423
2025-26,2025-09-13,Getafe,Oviedo,H,0.1801,0.2751,0.5448,0.29,0.26,0.45
2025-26,2025-09-13,Bayern Munich,Hamburg,H,0.0457,0.0895,0.8648,0.2828,0.2942,0.423
2025-26,2025-09-13,Wolfsburg,FC Koln,D,0.2024,0.1979,0.5997,0.2828,0.2942,0.423
2025-26,2025-09-13,Union Berlin,Hoffenheim,A,0.3591,0.235,0.4059,0.2828,0.2942,0.423
2025-26,2025-09-13,Mainz,RB Leipzig,A,0.3797,0.2355,0.3848,0.2828,0.2942,0.423
2025-26,2025-09-13,Heidenheim,Dortmund,A,0.5376,0.1974,0.2649,0.2828,0.2942,0.423
2025-26,2025-09-13,Ath Madrid,Villarreal,H,0.2493,0.2081,0.5426,0.2828,0.2942,0.423
2025-26,2025-09-14,Barcelona,Valencia,H,0.1516,0.1645,0.6838,0.2828,0.2942,0.423
2025-26,2025-09-14,Burnley,Liverpool,A,0.776,0.1341,0.0899,0.2828,0.2942,0.423
2025-26,2025-09-14,Osasuna,Vallecano,H,0.3151,0.261,0.424,0.2828,0.2942,0.423
2025-26,2025-09-14,Man City,Man United,H,0.1856,0.1879,0.6265,0.2828,0.2942,0.423
2025-26,2025-09-14,Celta,Girona,D,0.2589,0.1902,0.5509,0.2828,0.2942,0.423
2025-26,2025-09-14,M'gladbach,Werder Bremen,A,0.2978,0.2073,0.4949,0.29,0.26,0.45
2025-26,2025-09-14,St Pauli,Augsburg,H,0.3529,0.3159,0.3312,0.2828,0.2942,0.423
2025-26,2025-09-14,Levante,Betis,D,0.5776,0.1978,0.2246,0.2828,0.2942,0.423
2025-26,2025-09-15,Espanol,Mallorca,H,0.2855,0.291,0.4235,0.2828,0.2942,0.423
2025-26,2025-09-19,Stuttgart,St Pauli,H,0.1796,0.2311,0.5893,0.2828,0.2942,0.423
2025-26,2025-09-19,Betis,Sociedad,H,0.3316,0.246,0.4224,0.2828,0.2942,0.423
2025-26,2025-09-20,Alaves,Sevilla,A,0.38,0.2745,0.3455,0.2828,0.2942,0.423
2025-26,2025-09-20,Fulham,Brentford,H,0.3421,0.2296,0.4283,0.2828,0.2942,0.423
2025-26,2025-09-20,Hamburg,Heidenheim,H,0.4444,0.2388,0.3168,0.2828,0.2942,0.423
2025-26,2025-09-20,Werder Bremen,Freiburg,A,0.3408,0.2163,0.443,0.2828,0.2942,0.423
2025-26,2025-09-20,RB Leipzig,FC Koln,H,0.1719,0.1826,0.6454,0.2828,0.2942,0.423
2025-26,2025-09-20,Girona,Levante,A,0.1582,0.1594,0.6824,0.2828,0.2942,0.423
2025-26,2025-09-20,Real Madrid,Espanol,H,0.1153,0.1606,0.7241,0.2828,0.2942,0.423
2025-26,2025-09-20,Villarreal,Osasuna,H,0.2374,0.2074,0.5551,0.2828,0.2942,0.423
2025-26,2025-09-20,Hoffenheim,Bayern Munich,A,0.6695,0.1572,0.1734,0.2828,0.2942,0.423
2025-26,2025-09-20,Liverpool,Everton,H,0.1622,0.2082,0.6296,0.2828,0.2942,0.423
2025-26,2025-09-20,Augsburg,Mainz,A,0.3938,0.2497,0.3565,0.2828,0.2942,0.423
2025-26,2025-09-20,Man United,Chelsea,H,0.4059,0.2314,0.3626,0.2828,0.2942,0.423
2025-26,2025-09-20,Wolves,Leeds,A,0.1436,0.1701,0.6863,0.2828,0.2942,0.423
2025-26,2025-09-20,Valencia,Ath Bilbao,H,0.4273,0.2641,0.3087,0.2828,0.2942,0.423
2025-26,2025-09-20,Burnley,Nott'm Forest,D,0.5705,0.2139,0.2156,0.29,0.26,0.45
2025-26,2025-09-20,Brighton,Tottenham,D,0.3083,0.2124,0.4793,0.2828,0.2942,0.423
2025-26,2025-09-20,West Ham,Crystal Palace,A,0.4281,0.2413,0.3306,0.2828,0.2942,0.423
2025-26,2025-09-21,Barcelona,Getafe,H,0.1327,0.1708,0.6965,0.2828,0.2942,0.423
2025-26,2025-09-21,Vallecano,Celta,D,0.3552,0.2332,0.4116,0.2828,0.2942,0.423
2025-26,2025-09-21,Dortmund,Wolfsburg,H,0.2567,0.2059,0.5373,0.2828,0.2942,0.423
2025-26,2025-09-21,Sunderland,Aston Villa,D,0.5691,0.2186,0.2123,0.2828,0.2942,0.423
2025-26,2025-09-21,Mallorca,Ath Madrid,D,0.5126,0.2688,0.2186,0.2828,0.2942,0.423
2025-26,2025-09-21,Ein Frankfurt,Union Berlin,A,0.2087,0.2219,0.5694,0.2828,0.2942,0.423
2025-26,2025-09-21,Bournemouth,Newcastle,D,0.4252,0.2324,0.3424,0.2828,0.2942,0.423
2025-26,2025-09-21,Elche,Oviedo,H,0.2619,0.2849,0.4532,0.29,0.26,0.45
2025-26,2025-09-21,Arsenal,Man City,D,0.2926,0.2396,0.4678,0.2828,0.2942,0.423
2025-26,2025-09-21,Leverkusen,M'gladbach,D,0.1709,0.1773,0.6519,0.29,0.26,0.45
2025-26,2025-09-23,Sevilla,Villarreal,A,0.4071,0.2194,0.3736,0.2828,0.2942,0.423
2025-26,2025-09-23,Ath Bilbao,Girona,D,0.1916,0.2002,0.6082,0.2828,0.2942,0.423
2025-26,2025-09-23,Levante,Real Madrid,A,0.7728,0.13,0.0971,0.2828,0.2942,0.423
2025-26,2025-09-23,Espanol,Valencia,D,0.3642,0.2574,0.3783,0.2828,0.2942,0.423
2025-26,2025-09-24,Getafe,Alaves,D,0.2719,0.3164,0.4117,0.2828,0.2942,0.423
2025-26,2025-09-24,Sociedad,Mallorca,H,0.212,0.2782,0.5097,0.2828,0.2942,0.423
2025-26,2025-09-24,Ath Madrid,Vallecano,H,0.1878,0.2228,0.5894,0.2828,0.2942,0.423
2025-26,2025-09-25,Oviedo,Barcelona,A,0.7468,0.1482,0.105,0.29,0.26,0.45
2025-26,2025-09-25,Osasuna,Elche,D,0.1835,0.2269,0.5896,0.2828,0.2942,0.423
2025-26,2025-09-26,Bayern Munich,Werder Bremen,H,0.081,0.1131,0.8059,0.2828,0.2942,0.423
2025-26,2025-09-26,Girona,Espanol,D,0.2989,0.2246,0.4765,0.2828,0.2942,0.423
2025-26,2025-09-27,Brentford,Man United,H,0.3488,0.2224,0.4288,0.2828,0.2942,0.423
2025-26,2025-09-27,Chelsea,Brighton,A,0.2611,0.2126,0.5263,0.2828,0.2942,0.423
2025-26,2025-09-27,Man City,Burnley,H,0.0413,0.091,0.8677,0.2828,0.2942,0.423
2025-26,2025-09-27,Crystal Palace,Liverpool,H,0.4183,0.2482,0.3335,0.2828,0.2942,0.423
2025-26,2025-09-27,Villarreal,Ath Bilbao,H,0.3274,0.2386,0.434,0.2828,0.2942,0.423
2025-26,2025-09-27,Mallorca,Alaves,H,0.2901,0.337,0.3729,0.2828,0.2942,0.423
2025-26,2025-09-27,Leeds,Bournemouth,D,0.577,0.2122,0.2108,0.2828,0.2942,0.423
2025-26,2025-09-27,Tottenham,Wolves,D,0.2067,0.2009,0.5924,0.2828,0.2942,0.423
2025-26,2025-09-27,St Pauli,Leverkusen,A,0.5475,0.2655,0.1869,0.2828,0.2942,0.423
2025-26,2025-09-27,Getafe,Levante,D,0.2401,0.2359,0.524,0.2828,0.2942,0.423
2025-26,2025-09-27,M'gladbach,Ein Frankfurt,A,0.4272,0.2166,0.3562,0.29,0.26,0.45
2025-26,2025-09-27,Wolfsburg,RB Leipzig,A,0.3752,0.2303,0.3945,0.2828,0.2942,0.423
2025-26,2025-09-27,Mainz,Dortmund,A,0.4053,0.2343,0.3604,0.2828,0.2942,0.423
2025-26,2025-09-27,Heidenheim,Augsburg,H,0.3198,0.2295,0.4508,0.2828,0.2942,0.423
2025-26,2025-09-27,Nott'm Forest,Sunderland,A,0.1898,0.2354,0.5749,0.29,0.26,0.45
2025-26,2025-09-27,Ath Madrid,Real Madrid,H,0.3565,0.241,0.4025,0.2828,0.2942,0.423
2025-26,2025-09-28,Betis,Osasuna,H,0.274,0.2354,0.4906,0.2828,0.2942,0.423
2025-26,2025-09-28,Elche,Celta,H,0.4924,0.2327,0.2749,0.2828,0.2942,0.423
2025-26,2025-09-28,Barcelona,Sociedad,H,0.1783,0.1834,0.6383,0.2828,0.2942,0.423
2025-26,2025-09-28,Freiburg,Hoffenheim,D,0.2937,0.2007,0.5057,0.2828,0.2942,0.423
2025-26,2025-09-28,Aston Villa,Fulham,H,0.2874,0.2361,0.4764,0.2828,0.2942,0.423
2025-26,2025-09-28,Union Berlin,Hamburg,D,0.1935,0.2428,0.5638,0.2828,0.2942,0.423
2025-26,2025-09-28,Vallecano,Sevilla,A,0.3256,0.2541,0.4203,0.2828,0.2942,0.423
2025-26,2025-09-28,FC Koln,Stuttgart,A,0.476,0.2072,0.3168,0.2828,0.2942,0.423
2025-26,2025-09-28,Newcastle,Arsenal,A,0.404,0.2601,0.3359,0.2828,0.2942,0.423
2025-26,2025-09-29,Everton,West Ham,D,0.2898,0.264,0.4461,0.2828,0.2942,0.423
2025-26,2025-09-30,Valencia,Oviedo,A,0.1403,0.2221,0.6376,0.29,0.26,0.45
2025-26,2025-10-03,Hoffenheim,FC Koln,A,0.2577,0.1945,0.5478,0.2828,0.2942,0.423
2025-26,2025-10-03,Osasuna,Getafe,H,0.2612,0.2827,0.4561,0.2828,0.2942,0.423
2025-26,2025-10-03,Bournemouth,Fulham,H,0.2985,0.2422,0.4593,0.2828,0.2942,0.423
2025-26,2025-10-04,Arsenal,West Ham,H,0.1048,0.1619,0.7333,0.2828,0.2942,0.423
2025-26,2025-10-04,Ein Frankfurt,Bayern Munich,A,0.557,0.1941,0.2489,0.2828,0.2942,0.423
2025-26,2025-10-04,Oviedo,Levante,A,0.429,0.2477,0.3234,0.29,0.26,0.45
2025-26,2025-10-04,Girona,Valencia,H,0.3425,0.234,0.4235,0.2828,0.2942,0.423
2025-26,2025-10-04,Ath Bilbao,Mallorca,H,0.1605,0.2604,0.5792,0.2828,0.2942,0.423
2025-26,2025-10-04,Real Madrid,Villarreal,H,0.2067,0.193,0.6004,0.2828,0.2942,0.423
2025-26,2025-10-04,Man United,Sunderland,H,0.1334,0.1929,0.6738,0.2828,0.2942,0.423
2025-26,2025-10-04,Chelsea,Liverpool,H,0.3768,0.2333,0.3899,0.2828,0.2942,0.423
2025-26,2025-10-04,Werder Bremen,St Pauli,H,0.229,0.2724,0.4986,0.2828,0.2942,0.423
2025-26,2025-10-04,Leverkusen,Union Berlin,H,0.1403,0.1915,0.6682,0.2828,0.2942,0.423
2025-26,2025-10-04,Dortmund,RB Leipzig,D,0.2969,0.2157,0.4874,0.2828,0.2942,0.423
2025-26,2025-10-04,Augsburg,Wolfsburg,H,0.4393,0.2389,0.3218,0.2828,0.2942,0.423
2025-26,2025-10-04,Leeds,Tottenham,A,0.6282,0.1913,0.1804,0.2828,0.2942,0.423
2025-26,2025-10-05,Espanol,Betis,A,0.4147,0.2388,0.3465,0.2828,0.2942,0.423
2025-26,2025-10-05,Aston Villa,Burnley,H,0.1008,0.156,0.7431,0.2828,0.2942,0.423
2025-26,2025-10-05,M'gladbach,Freiburg,D,0.3506,0.2209,0.4285,0.29,0.26,0.45
2025-26,2025-10-05,Celta,Ath Madrid,D,0.4675,0.2213,0.3112,0.2828,0.2942,0.423
2025-26,2025-10-05,Sociedad,Vallecano,A,0.2557,0.2618,0.4825,0.2828,0.2942,0.423
2025-26,2025-10-05,Sevilla,Barcelona,H,0.5518,0.1953,0.2529,0.2828,0.2942,0.423
2025-26,2025-10-05,Everton,Crystal Palace,H,0.3824,0.2969,0.3207,0.2828,0.2942,0.423
2025-26,2025-10-05,Stuttgart,Heidenheim,H,0.1893,0.171,0.6397,0.2828,0.2942,0.423
2025-26,2025-10-05,Brentford,Man City,A,0.5203,0.217,0.2627,0.2828,0.2942,0.423
2025-26,2025-10-05,Newcastle,Nott'm Forest,H,0.1672,0.1961,0.6367,0.29,0.26,0.45
2025-26,2025-10-05,Alaves,Elche,H,0.2501,0.2965,0.4534,0.2828,0.2942,0.423
2025-26,2025-10-05,Hamburg,Mainz,H,0.5495,0.2384,0.2121,0.2828,0.2942,0.423
2025-26,2025-10-05,Wolves,Brighton,D,0.4515,0.2221,0.3264,0.2828,0.2942,0.423
2025-26,2025-10-17,Oviedo,Espanol,A,0.4912,0.2767,0.232,0.29,0.26,0.45
2025-26,2025-10-17,Union Berlin,M'gladbach,H,0.3615,0.253,0.3855,0.29,0.26,0.45
2025-26,2025-10-18,Ath Madrid,Osasuna,H,0.1601,0.2076,0.6324,0.2828,0.2942,0.423
2025-26,2025-10-18,FC Koln,Augsburg,D,0.3346,0.2452,0.4201,0.2828,0.2942,0.423
2025-26,2025-10-18,Sevilla,Mallorca,A,0.2231,0.2715,0.5055,0.2828,0.2942,0.423
2025-26,2025-10-18,Barcelona,Girona,H,0.1214,0.1367,0.7419,0.2828,0.2942,0.423
2025-26,2025-10-18,Villarreal,Betis,D,0.2651,0.2137,0.5212,0.2828,0.2942,0.423
2025-26,2025-10-18,RB Leipzig,Hamburg,H,0.129,0.1915,0.6795,0.2828,0.2942,0.423
2025-26,2025-10-18,Mainz,Leverkusen,A,0.4665,0.2475,0.2861,0.2828,0.2942,0.423
2025-26,2025-10-18,Heidenheim,Werder Bremen,D,0.3658,0.2276,0.4066,0.2828,0.2942,0.423
2025-26,2025-10-18,Burnley,Leeds,H,0.3654,0.2508,0.3838,0.2828,0.2942,0.423
2025-26,2025-10-18,Wolfsburg,Stuttgart,A,0.3464,0.2191,0.4344,0.2828,0.2942,0.423
2025-26,2025-10-18,Crystal Palace,Bournemouth,D,0.2748,0.2521,0.4731,0.2828,0.2942,0.423
2025-26,2025-10-18,Man City,Everton,H,0.1506,0.2271,0.6223,0.2828,0.2942,0.423
2025-26,2025-10-18,Sunderland,Wolves,H,0.4367,0.2825,0.2808,0.2828,0.2942,0.423
2025-26,2025-10-18,Fulham,Arsenal,A,0.5702,0.2389,0.1909,0.2828,0.2942,0.423
2025-26,2025-10-18,Bayern Munich,Dortmund,H,0.2081,0.1916,0.6004,0.2828,0.2942,0.423
2025-26,2025-10-18,Nott'm Forest,Chelsea,A,0.5121,0.2371,0.2508,0.29,0.26,0.45
2025-26,2025-10-18,Brighton,Newcastle,H,0.4145,0.2351,0.3504,0.2828,0.2942,0.423
2025-26,2025-10-19,Levante,Vallecano,A,0.4352,0.2447,0.3201,0.2828,0.2942,0.423
2025-26,2025-10-19,Liverpool,Man United,A,0.2115,0.2056,0.5829,0.2828,0.2942,0.423
2025-26,2025-10-19,Tottenham,Aston Villa,A,0.3207,0.2328,0.4465,0.2828,0.2942,0.423
2025-26,2025-10-19,Getafe,Real Madrid,A,0.5944,0.2337,0.1718,0.2828,0.2942,0.423
2025-26,2025-10-19,Celta,Sociedad,D,0.3335,0.2419,0.4245,0.2828,0.2942,0.423
2025-26,2025-10-19,St Pauli,Hoffenheim,A,0.4123,0.2805,0.3073,0.2828,0.2942,0.423
2025-26,2025-10-19,Freiburg,Ein Frankfurt,D,0.4005,0.2239,0.3756,0.2828,0.2942,0.423
2025-26,2025-10-19,Elche,Ath Bilbao,D,0.5502,0.2505,0.1993,0.2828,0.2942,0.423
2025-26,2025-10-20,West Ham,Brentford,A,0.4197,0.2312,0.349,0.2828,0.2942,0.423
2025-26,2025-10-20,Alaves,Valencia,D,0.341,0.2978,0.3612,0.2828,0.2942,0.423
2025-26,2025-10-24,Leeds,West Ham,H,0.5181,0.2237,0.2581,0.2828,0.2942,0.423
2025-26,2025-10-24,Sociedad,Sevilla,H,0.2985,0.2564,0.445,0.2828,0.2942,0.423
2025-26,2025-10-24,Werder Bremen,Union Berlin,H,0.2911,0.2542,0.4547,0.2828,0.2942,0.423
2025-26,2025-10-25,Newcastle,Fulham,H,0.1882,0.2174,0.5943,0.2828,0.2942,0.423
2025-26,2025-10-25,Brentford,Liverpool,H,0.486,0.2245,0.2896,0.2828,0.2942,0.423
2025-26,2025-10-25,Man United,Brighton,H,0.3545,0.2254,0.4201,0.2828,0.2942,0.423
2025-26,2025-10-25,Ath Bilbao,Getafe,A,0.1869,0.2737,0.5394,0.2828,0.2942,0.423
2025-26,2025-10-25,Chelsea,Sunderland,A,0.1013,0.1903,0.7083,0.2828,0.2942,0.423
2025-26,2025-10-25,Valencia,Villarreal,A,0.4757,0.2314,0.2929,0.2828,0.2942,0.423
2025-26,2025-10-25,Espanol,Elche,H,0.2521,0.26,0.4879,0.2828,0.2942,0.423
2025-26,2025-10-25,Dortmund,FC Koln,H,0.1379,0.1681,0.694,0.2828,0.2942,0.423
2025-26,2025-10-25,M'gladbach,Bayern Munich,A,0.6892,0.1627,0.1481,0.29,0.26,0.45
2025-26,2025-10-25,Hoffenheim,Heidenheim,H,0.2824,0.2036,0.514,0.2828,0.2942,0.423
2025-26,2025-10-25,Hamburg,Wolfsburg,A,0.4916,0.2499,0.2585,0.2828,0.2942,0.423
2025-26,2025-10-25,Ein Frankfurt,St Pauli,H,0.166,0.2428,0.5913,0.2828,0.2942,0.423
2025-26,2025-10-25,Augsburg,RB Leipzig,A,0.522,0.2302,0.2478,0.2828,0.2942,0.423
2025-26,2025-10-25,Girona,Oviedo,D,0.1464,0.2065,0.6472,0.29,0.26,0.45
2025-26,2025-10-26,Real Madrid,Barcelona,H,0.2802,0.2013,0.5185,0.2828,0.2942,0.423
2025-26,2025-10-26,Osasuna,Celta,A,0.3752,0.2383,0.3865,0.2828,0.2942,0.423
2025-26,2025-10-26,Stuttgart,Mainz,H,0.2954,0.2259,0.4787,0.2828,0.2942,0.423
2025-26,2025-10-26,Mallorca,Levante,D,0.3022,0.2666,0.4312,0.2828,0.2942,0.423
2025-26,2025-10-26,Wolves,Burnley,A,0.1499,0.1979,0.6522,0.2828,0.2942,0.423
2025-26,2025-10-26,Leverkusen,Freiburg,H,0.1804,0.2005,0.6191,0.2828,0.2942,0.423
2025-26,2025-10-26,Arsenal,Crystal Palace,H,0.1784,0.2466,0.575,0.2828,0.2942,0.423
2025-26,2025-10-26,Aston Villa,Man City,H,0.4881,0.2343,0.2776,0.2828,0.2942,0.423
2025-26,2025-10-26,Bournemouth,Nott'm Forest,H,0.2469,0.2337,0.5194,0.29,0.26,0.45
2025-26,2025-10-26,Everton,Tottenham,A,0.3861,0.2746,0.3393,0.2828,0.2942,0.423
2025-26,2025-10-26,Vallecano,Alaves,H,0.2454,0.3017,0.4529,0.2828,0.2942,0.423
2025-26,2025-10-27,Betis,Ath Madrid,A,0.484,0.2356,0.2804,0.2828,0.2942,0.423
2025-26,2025-10-31,Augsburg,Dortmund,A,0.6146,0.1979,0.1874,0.2828,0.2942,0.423
2025-26,2025-10-31,Getafe,Girona,H,0.2905,0.2476,0.4619,0.2828,0.2942,0.423
2025-26,2025-11-01,Ath Madrid,Sevilla,H,0.1802,0.1983,0.6215,0.2828,0.2942,0.423
2025-26,2025-11-01,Bayern Munich,Leverkusen,H,0.1952,0.1872,0.6175,0.2828,0.2942,0.423
2025-26,2025-11-01,St Pauli,M'gladbach,A,0.4451,0.2849,0.27,0.29,0.26,0.45
2025-26,2025-11-01,RB Leipzig,Stuttgart,H,0.267,0.205,0.528,0.2828,0.2942,0.423
2025-26,2025-11-01,Mainz,Werder Bremen,D,0.2783,0.2339,0.4878,0.2828,0.2942,0.423
2025-26,2025-11-01,Heidenheim,Ein Frankfurt,D,0.5232,0.2044,0.2724,0.2828,0.2942,0.423
2025-26,2025-11-01,Brighton,Leeds,H,0.0853,0.1258,0.7888,0.2828,0.2942,0.423
2025-26,2025-11-01,Sociedad,Ath Bilbao,H,0.369,0.2823,0.3487,0.2828,0.2942,0.423
2025-26,2025-11-01,Villarreal,Vallecano,H,0.2549,0.2266,0.5185,0.2828,0.2942,0.423
2025-26,2025-11-01,Burnley,Arsenal,A,0.82,0.1244,0.0557,0.2828,0.2942,0.423
2025-26,2025-11-01,Crystal Palace,Brentford,H,0.3063,0.2422,0.4515,0.2828,0.2942,0.423
2025-26,2025-11-01,Fulham,Wolves,H,0.2797,0.2373,0.4831,0.2828,0.2942,0.423
2025-26,2025-11-01,Nott'm Forest,Man United,D,0.4872,0.2331,0.2797,0.29,0.26,0.45
2025-26,2025-11-01,Tottenham,Chelsea,A,0.4142,0.2322,0.3536,0.2828,0.2942,0.423
2025-26,2025-11-01,Liverpool,Aston Villa,H,0.2324,0.2144,0.5532,0.2828,0.2942,0.423
2025-26,2025-11-01,Union Berlin,Freiburg,D,0.3975,0.2575,0.345,0.2828,0.2942,0.423
2025-26,2025-11-01,Real Madrid,Valencia,H,0.1313,0.1822,0.6865,0.2828,0.2942,0.423
2025-26,2025-11-02,FC Koln,Hamburg,H,0.2771,0.2709,0.452,0.2828,0.2942,0.423
2025-26,2025-11-02,West Ham,Newcastle,H,0.5864,0.212,0.2016,0.2828,0.2942,0.423
2025-26,2025-11-02,Betis,Mallorca,H,0.2333,0.2673,0.4995,0.2828,0.2942,0.423
2025-26,2025-11-02,Man City,Bournemouth,H,0.1852,0.2019,0.6129,0.2828,0.2942,0.423
2025-26,2025-11-02,Alaves,Espanol,H,0.3024,0.2916,0.4061,0.2828,0.2942,0.423
2025-26,2025-11-02,Wolfsburg,Hoffenheim,A,0.2964,0.2099,0.4937,0.2828,0.2942,0.423
2025-26,2025-11-02,Levante,Celta,A,0.6092,0.1726,0.2182,0.2828,0.2942,0.423
2025-26,2025-11-02,Barcelona,Elche,H,0.1246,0.1587,0.7167,0.2828,0.2942,0.423
2025-26,2025-11-03,Oviedo,Osasuna,D,0.728,0.1669,0.1052,0.29,0.26,0.45
2025-26,2025-11-03,Sunderland,Everton,D,0.372,0.3356,0.2924,0.2828,0.2942,0.423
2025-26,2025-11-07,Werder Bremen,Wolfsburg,H,0.4077,0.2353,0.357,0.2828,0.2942,0.423
2025-26,2025-11-07,Elche,Sociedad,D,0.4414,0.2736,0.285,0.2828,0.2942,0.423
2025-26,2025-11-08,Everton,Fulham,H,0.3491,0.2933,0.3576,0.2828,0.2942,0.423
2025-26,2025-11-08,West Ham,Burnley,H,0.1803,0.1997,0.62,0.2828,0.2942,0.423
2025-26,2025-11-08,Sunderland,Arsenal,D,0.6725,0.2237,0.1038,0.2828,0.2942,0.423
2025-26,2025-11-08,Espanol,Villarreal,A,0.5243,0.223,0.2527,0.2828,0.2942,0.423
2025-26,2025-11-08,Chelsea,Wolves,H,0.1717,0.1898,0.6385,0.2828,0.2942,0.423
2025-26,2025-11-08,Ath Madrid,Levante,H,0.0673,0.1008,0.8318,0.2828,0.2942,0.423
2025-26,2025-11-08,Tottenham,Man United,D,0.3522,0.2282,0.4196,0.2828,0.2942,0.423
2025-26,2025-11-08,Girona,Alaves,H,0.33,0.2573,0.4127,0.2828,0.2942,0.423
2025-26,2025-11-08,M'gladbach,FC Koln,H,0.2963,0.2232,0.4806,0.29,0.26,0.45
2025-26,2025-11-08,Union Berlin,Bayern Munich,D,0.6689,0.1911,0.14,0.2828,0.2942,0.423
2025-26,2025-11-08,Leverkusen,Heidenheim,H,0.1498,0.1643,0.686,0.2828,0.2942,0.423
2025-26,2025-11-08,Hoffenheim,RB Leipzig,H,0.5355,0.1981,0.2664,0.2828,0.2942,0.423
2025-26,2025-11-08,Hamburg,Dortmund,D,0.6214,0.2137,0.1649,0.2828,0.2942,0.423
2025-26,2025-11-08,Sevilla,Osasuna,H,0.3473,0.2412,0.4115,0.2828,0.2942,0.423
2025-26,2025-11-09,Mallorca,Getafe,H,0.3626,0.3278,0.3096,0.2828,0.2942,0.423
2025-26,2025-11-09,Ath Bilbao,Oviedo,H,0.0505,0.1158,0.8337,0.29,0.26,0.45
2025-26,2025-11-09,Ein Frankfurt,Mainz,H,0.293,0.2251,0.4819,0.2828,0.2942,0.423
2025-26,2025-11-09,Stuttgart,Augsburg,H,0.1867,0.1895,0.6238,0.2828,0.2942,0.423
2025-26,2025-11-09,Freiburg,St Pauli,H,0.1743,0.2642,0.5615,0.2828,0.2942,0.423
2025-26,2025-11-09,Vallecano,Real Madrid,D,0.5403,0.2332,0.2265,0.2828,0.2942,0.423
2025-26,2025-11-09,Aston Villa,Bournemouth,H,0.3172,0.2337,0.4491,0.2828,0.2942,0.423
2025-26,2025-11-09,Brentford,Newcastle,H,0.453,0.2323,0.3147,0.2828,0.2942,0.423
2025-26,2025-11-09,Crystal Palace,Brighton,D,0.3198,0.241,0.4392,0.2828,0.2942,0.423
2025-26,2025-11-09,Nott'm Forest,Leeds,H,0.1836,0.2093,0.6072,0.29,0.26,0.45
2025-26,2025-11-09,Man City,Liverpool,H,0.2968,0.2324,0.4707,0.2828,0.2942,0.423
2025-26,2025-11-09,Celta,Barcelona,A,0.5117,0.1939,0.2944,0.2828,0.2942,0.423
2025-26,2025-11-09,Valencia,Betis,D,0.3909,0.2515,0.3576,0.2828,0.2942,0.423
2025-26,2025-11-21,Valencia,Levante,H,0.2018,0.1927,0.6056,0.2828,0.2942,0.423
2025-26,2025-11-21,Mainz,Hoffenheim,D,0.3115,0.22,0.4685,0.2828,0.2942,0.423
2025-26,2025-11-22,Bournemouth,West Ham,D,0.2594,0.2162,0.5244,0.2828,0.2942,0.423
2025-26,2025-11-22,Brighton,Brentford,H,0.3182,0.2163,0.4655,0.2828,0.2942,0.423
2025-26,2025-11-22,Fulham,Sunderland,H,0.2201,0.2641,0.5158,0.2828,0.2942,0.423
2025-26,2025-11-22,Newcastle,Man City,H,0.3956,0.2488,0.3555,0.2828,0.2942,0.423
2025-26,2025-11-22,Bayern Munich,Freiburg,H,0.1189,0.1547,0.7264,0.2828,0.2942,0.423
2025-26,2025-11-22,Dortmund,Stuttgart,D,0.2556,0.1989,0.5456,0.2828,0.2942,0.423
2025-26,2025-11-22,Liverpool,Nott'm Forest,A,0.1353,0.1767,0.688,0.29,0.26,0.45
2025-26,2025-11-22,Villarreal,Mallorca,H,0.163,0.2209,0.616,0.2828,0.2942,0.423
2025-26,2025-11-22,Wolves,Crystal Palace,A,0.5052,0.2446,0.2502,0.2828,0.2942,0.423
2025-26,2025-11-22,Augsburg,Hamburg,H,0.2564,0.2641,0.4795,0.2828,0.2942,0.423
2025-26,2025-11-22,Osasuna,Sociedad,A,0.3492,0.269,0.3819,0.2828,0.2942,0.423
2025-26,2025-11-22,Heidenheim,M'gladbach,A,0.4353,0.2154,0.3494,0.29,0.26,0.45
2025-26,2025-11-22,Burnley,Chelsea,A,0.7184,0.1631,0.1185,0.2828,0.2942,0.423
2025-26,2025-11-22,FC Koln,Ein Frankfurt,A,0.4892,0.2158,0.295,0.2828,0.2942,0.423
2025-26,2025-11-22,Wolfsburg,Leverkusen,A,0.4584,0.2253,0.3164,0.2828,0.2942,0.423
2025-26,2025-11-22,Alaves,Celta,A,0.4115,0.2567,0.3318,0.2828,0.2942,0.423
2025-26,2025-11-22,Barcelona,Ath Bilbao,H,0.2566,0.2141,0.5293,0.2828,0.2942,0.423
2025-26,2025-11-23,Betis,Girona,D,0.246,0.2068,0.5472,0.2828,0.2942,0.423
2025-26,2025-11-23,Getafe,Ath Madrid,A,0.4999,0.2597,0.2404,0.2828,0.2942,0.423
2025-26,2025-11-23,RB Leipzig,Werder Bremen,H,0.177,0.1868,0.6362,0.2828,0.2942,0.423
2025-26,2025-11-23,St Pauli,Union Berlin,A,0.4326,0.3266,0.2408,0.2828,0.2942,0.423
2025-26,2025-11-23,Leeds,Aston Villa,A,0.707,0.1682,0.1248,0.2828,0.2942,0.423
2025-26,2025-11-23,Elche,Real Madrid,D,0.6512,0.2008,0.148,0.2828,0.2942,0.423
2025-26,2025-11-23,Arsenal,Tottenham,H,0.1528,0.2091,0.6381,0.2828,0.2942,0.423
2025-26,2025-11-23,Oviedo,Vallecano,D,0.6704,0.2067,0.123,0.29,0.26,0.45
2025-26,2025-11-24,Espanol,Sevilla,H,0.4153,0.2502,0.3346,0.2828,0.2942,0.423
2025-26,2025-11-24,Man United,Everton,A,0.2355,0.2534,0.511,0.2828,0.2942,0.423
2025-26,2025-11-28,M'gladbach,RB Leipzig,D,0.5153,0.2075,0.2772,0.29,0.26,0.45
2025-26,2025-11-28,Getafe,Elche,H,0.2476,0.2804,0.472,0.2828,0.2942,0.423
2025-26,2025-11-29,Union Berlin,Heidenheim,A,0.2717,0.2465,0.4819,0.2828,0.2942,0.423
2025-26,2025-11-29,Leverkusen,Dortmund,A,0.3537,0.2188,0.4276,0.2828,0.2942,0.423
2025-26,2025-11-29,Werder Bremen,FC Koln,D,0.296,0.2242,0.4799,0.2828,0.2942,0.423
2025-26,2025-11-29,Barcelona,Alaves,H,0.1537,0.1907,0.6556,0.2828,0.2942,0.423
2025-26,2025-11-29,Hoffenheim,Augsburg,H,0.2433,0.2021,0.5546,0.2828,0.2942,0.423
2025-26,2025-11-29,Bayern Munich,St Pauli,H,0.0463,0.1239,0.8298,0.2828,0.2942,0.423
2025-26,2025-11-29,Mallorca,Osasuna,D,0.3929,0.3005,0.3066,0.2828,0.2942,0.423
2025-26,2025-11-29,Levante,Ath Bilbao,A,0.6235,0.1901,0.1864,0.2828,0.2942,0.423
2025-26,2025-11-29,Brentford,Burnley,H,0.0921,0.1357,0.7722,0.2828,0.2942,0.423
2025-26,2025-11-29,Ath Madrid,Oviedo,H,0.0302,0.0811,0.8887,0.29,0.26,0.45
2025-26,2025-11-29,Sunderland,Bournemouth,H,0.4608,0.2621,0.2771,0.2828,0.2942,0.423
2025-26,2025-11-29,Everton,Newcastle,A,0.4864,0.2713,0.2423,0.2828,0.2942,0.423
2025-26,2025-11-29,Tottenham,Fulham,A,0.262,0.2327,0.5053,0.2828,0.2942,0.423
2025-26,2025-11-29,Man City,Leeds,H,0.031,0.0712,0.8979,0.2828,0.2942,0.423
2025-26,2025-11-30,Crystal Palace,Man United,A,0.2907,0.2445,0.4647,0.2828,0.2942,0.423
2025-26,2025-11-30,West Ham,Liverpool,A,0.5859,0.2034,0.2107,0.2828,0.2942,0.423
2025-26,2025-11-30,Nott'm Forest,Brighton,A,0.4877,0.2269,0.2854,0.29,0.26,0.45
2025-26,2025-11-30,Aston Villa,Wolves,H,0.1979,0.2086,0.5935,0.2828,0.2942,0.423
2025-26,2025-11-30,Sociedad,Villarreal,A,0.4035,0.2419,0.3546,0.2828,0.2942,0.423
2025-26,2025-11-30,Girona,Real Madrid,D,0.657,0.1785,0.1646,0.2828,0.2942,0.423
2025-26,2025-11-30,Sevilla,Betis,A,0.3604,0.2363,0.4033,0.2828,0.2942,0.423
2025-26,2025-11-30,Chelsea,Arsenal,D,0.4809,0.2555,0.2637,0.2828,0.2942,0.423
2025-26,2025-11-30,Freiburg,Mainz,H,0.3247,0.2466,0.4288,0.2828,0.2942,0.423
2025-26,2025-11-30,Ein Frankfurt,Wolfsburg,D,0.2798,0.2172,0.5031,0.2828,0.2942,0.423
2025-26,2025-11-30,Hamburg,Stuttgart,H,0.5751,0.218,0.2069,0.2828,0.2942,0.423
2025-26,2025-11-30,Celta,Espanol,A,0.22,0.2116,0.5684,0.2828,0.2942,0.423
2025-26,2025-12-01,Vallecano,Valencia,D,0.2725,0.2626,0.4649,0.2828,0.2942,0.423
2025-26,2025-12-02,Barcelona,Ath Madrid,H,0.3647,0.2159,0.4194,0.2828,0.2942,0.423
2025-26,2025-12-02,Fulham,Man City,A,0.56,0.2272,0.2128,0.2828,0.2942,0.423
2025-26,2025-12-02,Newcastle,Tottenham,D,0.2455,0.2236,0.531,0.2828,0.2942,0.423
2025-26,2025-12-02,Bournemouth,Everton,A,0.2705,0.2666,0.4629,0.2828,0.2942,0.423
2025-26,2025-12-03,Liverpool,Sunderland,D,0.1101,0.1842,0.7057,0.2828,0.2942,0.423
2025-26,2025-12-03,Leeds,Chelsea,H,0.7617,0.1423,0.096,0.2828,0.2942,0.423
2025-26,2025-12-03,Ath Bilbao,Real Madrid,A,0.4742,0.251,0.2748,0.2828,0.2942,0.423
2025-26,2025-12-03,Arsenal,Brentford,H,0.1516,0.2007,0.6477,0.2828,0.2942,0.423
2025-26,2025-12-03,Brighton,Aston Villa,A,0.3199,0.2283,0.4517,0.2828,0.2942,0.423
2025-26,2025-12-03,Burnley,Crystal Palace,A,0.6702,0.195,0.1348,0.2828,0.2942,0.423
2025-26,2025-12-03,Wolves,Nott'm Forest,A,0.3421,0.2444,0.4135,0.29,0.26,0.45
2025-26,2025-12-04,Man United,West Ham,D,0.2188,0.2016,0.5796,0.2828,0.2942,0.423
2025-26,2025-12-05,Oviedo,Mallorca,D,0.5441,0.2856,0.1703,0.29,0.26,0.45
2025-26,2025-12-05,Mainz,M'gladbach,A,0.3379,0.2389,0.4231,0.29,0.26,0.45
2025-26,2025-12-06,Stuttgart,Bayern Munich,A,0.5749,0.1918,0.2332,0.2828,0.2942,0.423
2025-26,2025-12-06,Leeds,Liverpool,D,0.7516,0.1428,0.1055,0.2828,0.2942,0.423
2025-26,2025-12-06,Wolfsburg,Union Berlin,H,0.2735,0.2552,0.4713,0.2828,0.2942,0.423
2025-26,2025-12-06,Tottenham,Brentford,H,0.3484,0.2219,0.4297,0.2828,0.2942,0.423
2025-26,2025-12-06,Augsburg,Leverkusen,H,0.605,0.2056,0.1894,0.2828,0.2942,0.423
2025-26,2025-12-06,FC Koln,St Pauli,D,0.2065,0.2634,0.5301,0.2828,0.2942,0.423
2025-26,2025-12-06,RB Leipzig,Ein Frankfurt,H,0.2483,0.2049,0.5468,0.2828,0.2942,0.423
2025-26,2025-12-06,Newcastle,Burnley,H,0.056,0.1105,0.8335,0.2828,0.2942,0.423
2025-26,2025-12-06,Heidenheim,Freiburg,H,0.4943,0.2193,0.2864,0.2828,0.2942,0.423
2025-26,2025-12-06,Everton,Nott'm Forest,H,0.3032,0.2932,0.4037,0.29,0.26,0.45
2025-26,2025-12-06,Bournemouth,Chelsea,D,0.465,0.2286,0.3065,0.2828,0.2942,0.423
2025-26,2025-12-06,Aston Villa,Arsenal,H,0.5514,0.2457,0.2029,0.2828,0.2942,0.423
2025-26,2025-12-06,Ath Bilbao,Ath Madrid,H,0.4316,0.2629,0.3055,0.2828,0.2942,0.423
2025-26,2025-12-06,Villarreal,Getafe,H,0.2409,0.2327,0.5263,0.2828,0.2942,0.423
2025-26,2025-12-06,Alaves,Sociedad,H,0.3904,0.2965,0.3131,0.2828,0.2942,0.423
2025-26,2025-12-06,Betis,Barcelona,A,0.4848,0.209,0.3063,0.2828,0.2942,0.423
2025-26,2025-12-06,Man City,Sunderland,H,0.1105,0.1879,0.7016,0.2828,0.2942,0.423
2025-26,2025-12-07,Hamburg,Werder Bremen,H,0.4403,0.2668,0.2929,0.2828,0.2942,0.423
2025-26,2025-12-07,Brighton,West Ham,D,0.2047,0.195,0.6003,0.2828,0.2942,0.423
2025-26,2025-12-07,Real Madrid,Celta,A,0.1478,0.1672,0.6851,0.2828,0.2942,0.423
2025-26,2025-12-07,Fulham,Crystal Palace,A,0.4042,0.2652,0.3307,0.2828,0.2942,0.423
2025-26,2025-12-07,Valencia,Sevilla,D,0.358,0.253,0.389,0.2828,0.2942,0.423
2025-26,2025-12-07,Elche,Girona,H,0.3605,0.2423,0.3972,0.2828,0.2942,0.423
2025-26,2025-12-07,Dortmund,Hoffenheim,H,0.1784,0.1675,0.6541,0.2828,0.2942,0.423
2025-26,2025-12-07,Espanol,Vallecano,H,0.3879,0.2789,0.3332,0.2828,0.2942,0.423
2025-26,2025-12-08,Osasuna,Levante,H,0.1511,0.1687,0.6802,0.2828,0.2942,0.423
2025-26,2025-12-08,Wolves,Man United,A,0.5065,0.226,0.2676,0.2828,0.2942,0.423
2025-26,2025-12-12,Sociedad,Girona,A,0.2403,0.2237,0.536,0.2828,0.2942,0.423
2025-26,2025-12-12,Union Berlin,RB Leipzig,H,0.5099,0.2441,0.2461,0.2828,0.2942,0.423
2025-26,2025-12-13,St Pauli,Heidenheim,H,0.3984,0.2904,0.3112,0.2828,0.2942,0.423
2025-26,2025-12-13,Ath Madrid,Valencia,H,0.1543,0.2058,0.6399,0.2828,0.2942,0.423
2025-26,2025-12-13,Ein Frankfurt,Augsburg,H,0.1855,0.195,0.6194,0.2828,0.2942,0.423
2025-26,2025-12-13,Hoffenheim,Hamburg,H,0.1822,0.2046,0.6132,0.2828,0.2942,0.423
2025-26,2025-12-13,M'gladbach,Wolfsburg,A,0.353,0.2264,0.4206,0.29,0.26,0.45
2025-26,2025-12-13,Leverkusen,FC Koln,H,0.1409,0.1639,0.6952,0.2828,0.2942,0.423
2025-26,2025-12-13,Mallorca,Elche,H,0.3119,0.2969,0.3912,0.2828,0.2942,0.423
2025-26,2025-12-13,Burnley,Fulham,A,0.6092,0.2113,0.1794,0.2828,0.2942,0.423
2025-26,2025-12-13,Liverpool,Brighton,H,0.2681,0.2112,0.5207,0.2828,0.2942,0.423
2025-26,2025-12-13,Chelsea,Everton,H,0.1918,0.249,0.5592,0.2828,0.2942,0.423
2025-26,2025-12-13,Getafe,Espanol,A,0.2536,0.2784,0.4681,0.2828,0.2942,0.423
2025-26,2025-12-13,Barcelona,Osasuna,H,0.1822,0.1762,0.6416,0.2828,0.2942,0.423
2025-26,2025-12-13,Arsenal,Wolves,H,0.07,0.1469,0.7831,0.2828,0.2942,0.423
2025-26,2025-12-14,Celta,Ath Bilbao,H,0.3854,0.2433,0.3713,0.2828,0.2942,0.423
2025-26,2025-12-14,Freiburg,Dortmund,D,0.4818,0.2212,0.2971,0.2828,0.2942,0.423
2025-26,2025-12-14,West Ham,Aston Villa,A,0.458,0.2352,0.3068,0.2828,0.2942,0.423
2025-26,2025-12-14,Werder Bremen,Stuttgart,A,0.4657,0.2156,0.3186,0.2828,0.2942,0.423
2025-26,2025-12-14,Alaves,Real Madrid,A,0.571,0.2414,0.1876,0.2828,0.2942,0.423
2025-26,2025-12-14,Bayern Munich,Mainz,D,0.114,0.1629,0.7231,0.2828,0.2942,0.423
2025-26,2025-12-14,Nott'm Forest,Tottenham,H,0.4329,0.2386,0.3285,0.29,0.26,0.45
2025-26,2025-12-14,Sevilla,Oviedo,H,0.0825,0.1619,0.7555,0.29,0.26,0.45
2025-26,2025-12-14,Brentford,Leeds,D,0.0977,0.1341,0.7682,0.2828,0.2942,0.423
2025-26,2025-12-14,Sunderland,Newcastle,H,0.5618,0.2434,0.1947,0.2828,0.2942,0.423
2025-26,2025-12-14,Crystal Palace,Man City,A,0.431,0.2595,0.3094,0.2828,0.2942,0.423
2025-26,2025-12-15,Vallecano,Betis,D,0.3619,0.2581,0.38,0.2828,0.2942,0.423
2025-26,2025-12-15,Man United,Bournemouth,D,0.2733,0.2159,0.5108,0.2828,0.2942,0.423
2025-26,2025-12-19,Dortmund,M'gladbach,H,0.1746,0.1778,0.6477,0.29,0.26,0.45
2025-26,2025-12-19,Valencia,Mallorca,D,0.263,0.291,0.4461,0.2828,0.2942,0.423
2025-26,2025-12-20,Levante,Sociedad,D,0.6128,0.2037,0.1836,0.2828,0.2942,0.423
2025-26,2025-12-20,Everton,Arsenal,A,0.5798,0.2669,0.1533,0.2828,0.2942,0.423
2025-26,2025-12-20,Tottenham,Liverpool,A,0.4357,0.2251,0.3392,0.2828,0.2942,0.423
2025-26,2025-12-20,Wolves,Brentford,A,0.4897,0.2298,0.2805,0.2828,0.2942,0.423
2025-26,2025-12-20,Brighton,Sunderland,D,0.1768,0.225,0.5981,0.2828,0.2942,0.423
2025-26,2025-12-20,Bournemouth,Burnley,D,0.1157,0.1575,0.7269,0.2828,0.2942,0.423
2025-26,2025-12-20,Newcastle,Chelsea,D,0.3104,0.2383,0.4513,0.2828,0.2942,0.423
2025-26,2025-12-20,Real Madrid,Sevilla,H,0.1542,0.1794,0.6665,0.2828,0.2942,0.423
2025-26,2025-12-20,Oviedo,Celta,D,0.75,0.159,0.091,0.29,0.26,0.45
2025-26,2025-12-20,Leeds,Crystal Palace,H,0.6324,0.1984,0.1693,0.2828,0.2942,0.423
2025-26,2025-12-20,Man City,West Ham,H,0.112,0.1576,0.7304,0.2828,0.2942,0.423
2025-26,2025-12-20,Wolfsburg,Freiburg,A,0.3324,0.2335,0.4341,0.2828,0.2942,0.423
2025-26,2025-12-20,Hamburg,Ein Frankfurt,D,0.5819,0.2118,0.2063,0.2828,0.2942,0.423
2025-26,2025-12-20,FC Koln,Union Berlin,A,0.3657,0.2542,0.3801,0.2828,0.2942,0.423
2025-26,2025-12-20,Augsburg,Werder Bremen,D,0.3587,0.2477,0.3936,0.2828,0.2942,0.423
2025-26,2025-12-20,Stuttgart,Hoffenheim,D,0.262,0.1835,0.5545,0.2828,0.2942,0.423
2025-26,2025-12-20,Osasuna,Alaves,H,0.2796,0.2758,0.4446,0.2828,0.2942,0.423
2025-26,2025-12-20,RB Leipzig,Leverkusen,A,0.3338,0.2252,0.441,0.2828,0.2942,0.423
2025-26,2025-12-21,Heidenheim,Bayern Munich,A,0.7652,0.134,0.1008,0.2828,0.2942,0.423
2025-26,2025-12-21,Villarreal,Barcelona,A,0.4603,0.1975,0.3422,0.2828,0.2942,0.423
2025-26,2025-12-21,Girona,Ath Madrid,A,0.5805,0.2011,0.2183,0.2828,0.2942,0.423
2025-26,2025-12-21,Mainz,St Pauli,D,0.1721,0.281,0.5469,0.2828,0.2942,0.423
2025-26,2025-12-21,Elche,Vallecano,H,0.3948,0.2708,0.3343,0.2828,0.2942,0.423
2025-26,2025-12-21,Betis,Getafe,H,0.2619,0.255,0.4831,0.2828,0.2942,0.423
2025-26,2025-12-21,Aston Villa,Man United,H,0.3264,0.2273,0.4463,0.2828,0.2942,0.423
2025-26,2025-12-22,Ath Bilbao,Espanol,A,0.2102,0.2705,0.5194,0.2828,0.2942,0.423
2025-26,2025-12-22,Fulham,Nott'm Forest,H,0.2794,0.2414,0.4792,0.29,0.26,0.45
2025-26,2025-12-26,Man United,Newcastle,H,0.4194,0.2299,0.3506,0.2828,0.2942,0.423
2025-26,2025-12-27,Chelsea,Aston Villa,A,0.2728,0.2313,0.4959,0.2828,0.2942,0.423
2025-26,2025-12-27,West Ham,Fulham,A,0.3886,0.2379,0.3735,0.2828,0.2942,0.423
2025-26,2025-12-27,Burnley,Everton,D,0.5217,0.264,0.2143,0.2828,0.2942,0.423
2025-26,2025-12-27,Brentford,Bournemouth,H,0.2922,0.22,0.4878,0.2828,0.2942,0.423
2025-26,2025-12-27,Arsenal,Brighton,H,0.1502,0.2008,0.6491,0.2828,0.2942,0.423
2025-26,2025-12-27,Nott'm Forest,Man City,A,0.6053,0.2122,0.1825,0.29,0.26,0.45
2025-26,2025-12-27,Liverpool,Wolves,H,0.1298,0.1699,0.7003,0.2828,0.2942,0.423
2025-26,2025-12-28,Crystal Palace,Tottenham,A,0.2955,0.2409,0.4635,0.2828,0.2942,0.423
2025-26,2025-12-28,Sunderland,Leeds,D,0.2377,0.2489,0.5134,0.2828,0.2942,0.423
2025-26,2025-12-30,Man United,Wolves,D,0.1816,0.1927,0.6256,0.2828,0.2942,0.423
2025-26,2025-12-30,Arsenal,Aston Villa,H,0.1482,0.2126,0.6392,0.2828,0.2942,0.423
2025-26,2025-12-30,Chelsea,Bournemouth,D,0.2196,0.2076,0.5728,0.2828,0.2942,0.423
2025-26,2025-12-30,Nott'm Forest,Everton,A,0.3258,0.2931,0.3811,0.29,0.26,0.45
2025-26,2025-12-30,Burnley,Newcastle,A,0.746,0.1536,0.1004,0.2828,0.2942,0.423
2025-26,2025-12-30,West Ham,Brighton,D,0.4818,0.2198,0.2984,0.2828,0.2942,0.423
2025-26,2026-01-01,Crystal Palace,Fulham,D,0.2509,0.2437,0.5054,0.2828,0.2942,0.423
2025-26,2026-01-01,Liverpool,Leeds,D,0.0717,0.1116,0.8167,0.2828,0.2942,0.423
2025-26,2026-01-01,Brentford,Tottenham,D,0.3351,0.2245,0.4404,0.2828,0.2942,0.423
2025-26,2026-01-01,Sunderland,Man City,D,0.6205,0.2278,0.1517,0.2828,0.2942,0.423
2025-26,2026-01-02,Vallecano,Getafe,D,0.28,0.3044,0.4156,0.2828,0.2942,0.423
2025-26,2026-01-03,Aston Villa,Nott'm Forest,H,0.1882,0.228,0.5837,0.29,0.26,0.45
2025-26,2026-01-03,Celta,Valencia,H,0.2684,0.2496,0.4821,0.2828,0.2942,0.423
2025-26,2026-01-03,Osasuna,Ath Bilbao,D,0.3614,0.2928,0.3458,0.2828,0.2942,0.423
2025-26,2026-01-03,Elche,Villarreal,A,0.5113,0.2322,0.2565,0.2828,0.2942,0.423
2025-26,2026-01-03,Bournemouth,Arsenal,A,0.6993,0.1841,0.1166,0.2828,0.2942,0.423
2025-26,2026-01-03,Brighton,Burnley,H,0.121,0.175,0.704,0.2828,0.2942,0.423
2025-26,2026-01-03,Wolves,West Ham,H,0.3904,0.2578,0.3518,0.2828,0.2942,0.423
2025-26,2026-01-03,Espanol,Barcelona,A,0.6539,0.1898,0.1563,0.2828,0.2942,0.423
2025-26,2026-01-04,Sevilla,Levante,A,0.2244,0.2408,0.5348,0.2828,0.2942,0.423
2025-26,2026-01-04,Real Madrid,Betis,H,0.2256,0.2124,0.562,0.2828,0.2942,0.423
2025-26,2026-01-04,Alaves,Oviedo,D,0.1959,0.3132,0.4908,0.29,0.26,0.45
2025-26,2026-01-04,Mallorca,Girona,A,0.3369,0.2863,0.3767,0.2828,0.2942,0.423
2025-26,2026-01-04,Sociedad,Ath Madrid,D,0.5215,0.2455,0.2329,0.2828,0.2942,0.423
2025-26,2026-01-04,Everton,Brentford,A,0.4003,0.297,0.3027,0.2828,0.2942,0.423
2025-26,2026-01-04,Newcastle,Crystal Palace,H,0.2613,0.2583,0.4805,0.2828,0.2942,0.423
2025-26,2026-01-04,Tottenham,Sunderland,D,0.213,0.2572,0.5298,0.2828,0.2942,0.423
2025-26,2026-01-04,Fulham,Liverpool,D,0.5483,0.2284,0.2233,0.2828,0.2942,0.423
2025-26,2026-01-04,Man City,Chelsea,D,0.2731,0.2363,0.4906,0.2828,0.2942,0.423
2025-26,2026-01-04,Leeds,Man United,D,0.5691,0.2152,0.2157,0.2828,0.2942,0.423
2025-26,2026-01-06,West Ham,Nott'm Forest,A,0.3478,0.2655,0.3867,0.29,0.26,0.45
2025-26,2026-01-07,Fulham,Chelsea,H,0.5465,0.2307,0.2228,0.2828,0.2942,0.423
2025-26,2026-01-07,Man City,Brighton,D,0.1884,0.2055,0.6061,0.2828,0.2942,0.423
2025-26,2026-01-07,Burnley,Man United,D,0.657,0.1923,0.1507,0.2828,0.2942,0.423
2025-26,2026-01-07,Newcastle,Leeds,H,0.1248,0.1784,0.6967,0.2828,0.2942,0.423
2025-26,2026-01-07,Brentford,Sunderland,H,0.2435,0.2845,0.472,0.2828,0.2942,0.423
2025-26,2026-01-07,Crystal Palace,Aston Villa,D,0.3682,0.2703,0.3615,0.2828,0.2942,0.423
2025-26,2026-01-07,Bournemouth,Tottenham,H,0.4828,0.2255,0.2917,0.2828,0.2942,0.423
2025-26,2026-01-07,Everton,Wolves,D,0.2514,0.2975,0.451,0.2828,0.2942,0.423
2025-26,2026-01-08,Arsenal,Liverpool,D,0.215,0.2361,0.5489,0.2828,0.2942,0.423
2025-26,2026-01-09,Getafe,Sociedad,A,0.4087,0.3033,0.288,0.2828,0.2942,0.423
2025-26,2026-01-09,Ein Frankfurt,Dortmund,D,0.5104,0.2094,0.2802,0.2828,0.2942,0.423
2025-26,2026-01-10,Union Berlin,Mainz,D,0.3584,0.3008,0.3408,0.2828,0.2942,0.423
2025-26,2026-01-10,Valencia,Elche,D,0.3461,0.2932,0.3607,0.2828,0.2942,0.423
2025-26,2026-01-10,Girona,Osasuna,H,0.4559,0.2446,0.2995,0.2828,0.2942,0.423
2025-26,2026-01-10,Villarreal,Alaves,H,0.191,0.2337,0.5753,0.2828,0.2942,0.423
2025-26,2026-01-10,Heidenheim,FC Koln,D,0.3851,0.254,0.3609,0.2828,0.2942,0.423
2025-26,2026-01-10,Freiburg,Hamburg,H,0.2159,0.2466,0.5375,0.2828,0.2942,0.423
2025-26,2026-01-10,Oviedo,Betis,D,0.6836,0.2011,0.1153,0.29,0.26,0.45
2025-26,2026-01-10,Leverkusen,Stuttgart,A,0.2668,0.2048,0.5283,0.2828,0.2942,0.423
2025-26,2026-01-11,Vallecano,Mallorca,H,0.2474,0.3117,0.441,0.2828,0.2942,0.423
2025-26,2026-01-11,Levante,Espanol,D,0.4125,0.2823,0.3052,0.2828,0.2942,0.423
2025-26,2026-01-11,Bayern Munich,Wolfsburg,H,0.1215,0.1619,0.7167,0.2828,0.2942,0.423
2025-26,2026-01-11,M'gladbach,Augsburg,H,0.2841,0.2556,0.4604,0.29,0.26,0.45
2025-26,2026-01-12,Sevilla,Celta,A,0.4048,0.2435,0.3517,0.2828,0.2942,0.423
2025-26,2026-01-13,Mainz,Heidenheim,H,0.2469,0.2567,0.4964,0.2828,0.2942,0.423
2025-26,2026-01-13,Dortmund,Werder Bremen,H,0.1272,0.1691,0.7037,0.2828,0.2942,0.423
2025-26,2026-01-13,Stuttgart,Ein Frankfurt,H,0.3176,0.2065,0.4759,0.2828,0.2942,0.423
2025-26,2026-01-14,Hoffenheim,M'gladbach,H,0.3125,0.2197,0.4678,0.29,0.26,0.45
2025-26,2026-01-14,RB Leipzig,Freiburg,H,0.2382,0.2184,0.5435,0.2828,0.2942,0.423
2025-26,2026-01-14,FC Koln,Bayern Munich,A,0.7373,0.1576,0.105,0.2828,0.2942,0.423
2025-26,2026-01-14,Wolfsburg,St Pauli,H,0.2217,0.2734,0.5049,0.2828,0.2942,0.423
2025-26,2026-01-15,Augsburg,Union Berlin,D,0.3809,0.2935,0.3255,0.2828,0.2942,0.423
2025-26,2026-01-16,Werder Bremen,Ein Frankfurt,D,0.5206,0.2247,0.2547,0.2828,0.2942,0.423
2025-26,2026-01-16,Espanol,Girona,A,0.3245,0.2819,0.3936,0.2828,0.2942,0.423
2025-26,2026-01-17,Hoffenheim,Leverkusen,H,0.5768,0.1968,0.2264,0.2828,0.2942,0.423
2025-26,2026-01-17,RB Leipzig,Bayern Munich,A,0.4986,0.2246,0.2768,0.2828,0.2942,0.423
2025-26,2026-01-17,Dortmund,St Pauli,H,0.1029,0.194,0.7031,0.2828,0.2942,0.423
2025-26,2026-01-17,Sunderland,Crystal Palace,H,0.4233,0.3268,0.2499,0.2828,0.2942,0.423
2025-26,2026-01-17,Mallorca,Ath Bilbao,H,0.4212,0.3273,0.2515,0.2828,0.2942,0.423
2025-26,2026-01-17,Wolfsburg,Heidenheim,D,0.2416,0.2291,0.5293,0.2828,0.2942,0.423
2025-26,2026-01-17,Hamburg,M'gladbach,D,0.3978,0.2712,0.331,0.29,0.26,0.45
2025-26,2026-01-17,Real Madrid,Levante,H,0.0671,0.1245,0.8084,0.2828,0.2942,0.423
2025-26,2026-01-17,Betis,Villarreal,H,0.359,0.2282,0.4128,0.2828,0.2942,0.423
2025-26,2026-01-17,Nott'm Forest,Arsenal,D,0.7191,0.1876,0.0933,0.29,0.26,0.45
2025-26,2026-01-17,Osasuna,Oviedo,H,0.1596,0.2567,0.5837,0.29,0.26,0.45
2025-26,2026-01-17,Liverpool,Burnley,D,0.0767,0.1399,0.7835,0.2828,0.2942,0.423
2025-26,2026-01-17,Man United,Man City,H,0.569,0.2197,0.2113,0.2828,0.2942,0.423
2025-26,2026-01-17,Leeds,Fulham,H,0.4456,0.2586,0.2959,0.2828,0.2942,0.423
2025-26,2026-01-17,Tottenham,West Ham,A,0.1847,0.2054,0.6099,0.2828,0.2942,0.423
2025-26,2026-01-17,FC Koln,Mainz,H,0.397,0.2856,0.3174,0.2828,0.2942,0.423
2025-26,2026-01-17,Chelsea,Brentford,H,0.2383,0.2292,0.5325,0.2828,0.2942,0.423
2025-26,2026-01-18,Augsburg,Freiburg,D,0.4948,0.2597,0.2455,0.2828,0.2942,0.423
2025-26,2026-01-18,Aston Villa,Everton,A,0.2015,0.2768,0.5216,0.2828,0.2942,0.423
2025-26,2026-01-18,Wolves,Newcastle,D,0.6049,0.2118,0.1834,0.2828,0.2942,0.423
2025-26,2026-01-18,Sociedad,Barcelona,H,0.5463,0.2249,0.2288,0.2828,0.2942,0.423
2025-26,2026-01-18,Celta,Vallecano,H,0.2991,0.2624,0.4385,0.2828,0.2942,0.423
2025-26,2026-01-18,Ath Madrid,Alaves,H,0.1246,0.2212,0.6541,0.2828,0.2942,0.423
2025-26,2026-01-18,Getafe,Valencia,A,0.3233,0.3146,0.3622,0.2828,0.2942,0.423
2025-26,2026-01-18,Stuttgart,Union Berlin,D,0.1898,0.2189,0.5912,0.2828,0.2942,0.423
2025-26,2026-01-19,Elche,Sevilla,D,0.3394,0.2843,0.3764,0.2828,0.2942,0.423
2025-26,2026-01-19,Brighton,Bournemouth,D,0.241,0.2226,0.5365,0.2828,0.2942,0.423
2025-26,2026-01-23,Levante,Elche,H,0.4097,0.2807,0.3097,0.2828,0.2942,0.423
2025-26,2026-01-23,St Pauli,Hamburg,D,0.333,0.3349,0.3321,0.2828,0.2942,0.423
2025-26,2026-01-24,Union Berlin,Dortmund,A,0.6006,0.2231,0.1763,0.2828,0.2942,0.423
2025-26,2026-01-24,Villarreal,Real Madrid,A,0.5246,0.2079,0.2675,0.2828,0.2942,0.423
2025-26,2026-01-24,Burnley,Tottenham,D,0.6345,0.2016,0.1639,0.2828,0.2942,0.423
2025-26,2026-01-24,Sevilla,Ath Bilbao,H,0.3922,0.2961,0.3117,0.2828,0.2942,0.423
2025-26,2026-01-24,Valencia,Espanol,H,0.3027,0.3113,0.386,0.2828,0.2942,0.423
2025-26,2026-01-24,Bournemouth,Liverpool,H,0.5816,0.2103,0.2081,0.2828,0.2942,0.423
2025-26,2026-01-24,Vallecano,Osasuna,A,0.3342,0.2877,0.3782,0.2828,0.2942,0.423
2025-26,2026-01-24,West Ham,Sunderland,H,0.3407,0.306,0.3532,0.2828,0.2942,0.423
2025-26,2026-01-24,Mainz,Wolfsburg,H,0.3365,0.272,0.3915,0.2828,0.2942,0.423
2025-26,2026-01-24,Fulham,Brighton,H,0.4365,0.2554,0.3081,0.2828,0.2942,0.423
2025-26,2026-01-24,Man City,Wolves,H,0.0844,0.149,0.7666,0.2828,0.2942,0.423
2025-26,2026-01-24,Bayern Munich,Augsburg,A,0.0623,0.1268,0.8109,0.2828,0.2942,0.423
2025-26,2026-01-24,Heidenheim,RB Leipzig,A,0.664,0.188,0.148,0.2828,0.2942,0.423
2025-26,2026-01-24,Leverkusen,Werder Bremen,H,0.1223,0.1719,0.7058,0.2828,0.2942,0.423
2025-26,2026-01-24,Ein Frankfurt,Hoffenheim,A,0.2928,0.2057,0.5015,0.2828,0.2942,0.423
2025-26,2026-01-25,Arsenal,Man United,A,0.1363,0.1977,0.666,0.2828,0.2942,0.423
2025-26,2026-01-25,Newcastle,Aston Villa,A,0.2984,0.2479,0.4537,0.2828,0.2942,0.423
2025-26,2026-01-25,Crystal Palace,Chelsea,A,0.4603,0.2659,0.2738,0.2828,0.2942,0.423
2025-26,2026-01-25,Alaves,Betis,H,0.5029,0.2731,0.224,0.2828,0.2942,0.423
2025-26,2026-01-25,Sociedad,Celta,H,0.3388,0.2652,0.3961,0.2828,0.2942,0.423
2025-26,2026-01-25,Barcelona,Oviedo,H,0.0519,0.1149,0.8331,0.29,0.26,0.45
2025-26,2026-01-25,Ath Madrid,Mallorca,H,0.1072,0.206,0.6868,0.2828,0.2942,0.423
2025-26,2026-01-25,Freiburg,FC Koln,H,0.2327,0.2422,0.5251,0.2828,0.2942,0.423
2025-26,2026-01-25,Brentford,Nott'm Forest,A,0.2048,0.2421,0.5531,0.29,0.26,0.45
2025-26,2026-01-25,M'gladbach,Stuttgart,A,0.5525,0.2066,0.2409,0.29,0.26,0.45
2025-26,2026-01-26,Girona,Getafe,D,0.3559,0.2847,0.3594,0.2828,0.2942,0.423
2025-26,2026-01-26,Everton,Leeds,D,0.285,0.2965,0.4185,0.2828,0.2942,0.423
2025-26,2026-01-27,Werder Bremen,Hoffenheim,A,0.454,0.2336,0.3124,0.2828,0.2942,0.423
2025-26,2026-01-27,St Pauli,RB Leipzig,D,0.6089,0.2396,0.1516,0.2828,0.2942,0.423
2025-26,2026-01-30,FC Koln,Wolfsburg,H,0.4119,0.2278,0.3603,0.2828,0.2942,0.423
2025-26,2026-01-30,Espanol,Alaves,A,0.3324,0.3166,0.3511,0.2828,0.2942,0.423
2025-26,2026-01-31,Oviedo,Girona,H,0.6129,0.2251,0.1621,0.29,0.26,0.45
2025-26,2026-01-31,Werder Bremen,M'gladbach,D,0.3717,0.2337,0.3946,0.29,0.26,0.45
2025-26,2026-01-31,Hoffenheim,Union Berlin,H,0.2403,0.2212,0.5385,0.2828,0.2942,0.423
2025-26,2026-01-31,Hamburg,Bayern Munich,D,0.7571,0.157,0.0859,0.2828,0.2942,0.423
2025-26,2026-01-31,Levante,Ath Madrid,D,0.6791,0.1792,0.1417,0.2828,0.2942,0.423
2025-26,2026-01-31,Augsburg,St Pauli,H,0.2358,0.3123,0.4518,0.2828,0.2942,0.423
2025-26,2026-01-31,RB Leipzig,Mainz,A,0.1897,0.2154,0.5949,0.2828,0.2942,0.423
2025-26,2026-01-31,Elche,Barcelona,A,0.5953,0.1936,0.2111,0.2828,0.2942,0.423
2025-26,2026-01-31,Osasuna,Villarreal,D,0.3675,0.2239,0.4086,0.2828,0.2942,0.423
2025-26,2026-01-31,Liverpool,Newcastle,H,0.3168,0.2404,0.4428,0.2828,0.2942,0.423
2025-26,2026-01-31,Chelsea,West Ham,H,0.1629,0.1894,0.6477,0.2828,0.2942,0.423
2025-26,2026-01-31,Ein Frankfurt,Leverkusen,A,0.4568,0.2164,0.3268,0.2828,0.2942,0.423
2025-26,2026-01-31,Leeds,Arsenal,A,0.7153,0.17,0.1146,0.2828,0.2942,0.423
2025-26,2026-01-31,Wolves,Bournemouth,A,0.4098,0.2287,0.3615,0.2828,0.2942,0.423
2025-26,2026-01-31,Brighton,Everton,D,0.2114,0.2556,0.533,0.2828,0.2942,0.423
2025-26,2026-02-01,Stuttgart,Freiburg,H,0.2721,0.2097,0.5182,0.2828,0.2942,0.423
2025-26,2026-02-01,Real Madrid,Vallecano,H,0.1428,0.1883,0.6689,0.2828,0.2942,0.423
2025-26,2026-02-01,Getafe,Celta,D,0.4048,0.2561,0.3391,0.2828,0.2942,0.423
2025-26,2026-02-01,Ath Bilbao,Sociedad,D,0.3366,0.2741,0.3893,0.2828,0.2942,0.423
2025-26,2026-02-01,Aston Villa,Brentford,A,0.3073,0.2357,0.457,0.2828,0.2942,0.423
2025-26,2026-02-01,Man United,Fulham,H,0.2658,0.2267,0.5075,0.2828,0.2942,0.423
2025-26,2026-02-01,Nott'm Forest,Crystal Palace,D,0.4112,0.275,0.3138,0.29,0.26,0.45
2025-26,2026-02-01,Tottenham,Man City,D,0.4855,0.2341,0.2804,0.2828,0.2942,0.423
2025-26,2026-02-01,Betis,Valencia,H,0.2501,0.2382,0.5116,0.2828,0.2942,0.423
2025-26,2026-02-01,Dortmund,Heidenheim,H,0.0985,0.1393,0.7622,0.2828,0.2942,0.423
2025-26,2026-02-02,Mallorca,Sevilla,H,0.387,0.2798,0.3332,0.2828,0.2942,0.423
2025-26,2026-02-02,Sunderland,Burnley,H,0.2484,0.2866,0.465,0.2828,0.2942,0.423
2025-26,2026-02-06,Union Berlin,Ein Frankfurt,D,0.408,0.243,0.3491,0.2828,0.2942,0.423
2025-26,2026-02-06,Celta,Osasuna,A,0.3185,0.2227,0.4587,0.2828,0.2942,0.423
2025-26,2026-02-06,Leeds,Nott'm Forest,H,0.3868,0.2455,0.3677,0.29,0.26,0.45
2025-26,2026-02-07,Freiburg,Werder Bremen,H,0.2204,0.2158,0.5637,0.2828,0.2942,0.423
2025-26,2026-02-07,Heidenheim,Hamburg,A,0.2774,0.2644,0.4582,0.2828,0.2942,0.423
2025-26,2026-02-07,Mainz,Augsburg,H,0.2307,0.2585,0.5108,0.2828,0.2942,0.423
2025-26,2026-02-07,Sociedad,Elche,H,0.2166,0.2337,0.5497,0.2828,0.2942,0.423
2025-26,2026-02-07,St Pauli,Stuttgart,H,0.5575,0.2472,0.1953,0.2828,0.2942,0.423
2025-26,2026-02-07,Newcastle,Brentford,A,0.2554,0.2267,0.5179,0.2828,0.2942,0.423
2025-26,2026-02-07,M'gladbach,Leverkusen,D,0.5373,0.2116,0.251,0.29,0.26,0.45
2025-26,2026-02-07,Bournemouth,Aston Villa,D,0.3866,0.2303,0.3832,0.2828,0.2942,0.423
2025-26,2026-02-07,Wolves,Chelsea,A,0.5125,0.2289,0.2586,0.2828,0.2942,0.423
2025-26,2026-02-07,Barcelona,Mallorca,H,0.1092,0.1676,0.7232,0.2828,0.2942,0.423
2025-26,2026-02-07,Fulham,Everton,A,0.2601,0.2861,0.4538,0.2828,0.2942,0.423
2025-26,2026-02-07,Wolfsburg,Dortmund,A,0.5069,0.2147,0.2784,0.2828,0.2942,0.423
2025-26,2026-02-07,Arsenal,Sunderland,H,0.0772,0.1931,0.7297,0.2828,0.2942,0.423
2025-26,2026-02-07,Burnley,West Ham,A,0.4781,0.2354,0.2865,0.2828,0.2942,0.423
2025-26,2026-02-07,Man United,Tottenham,H,0.3008,0.2232,0.476,0.2828,0.2942,0.423
2025-26,2026-02-08,FC Koln,RB Leipzig,A,0.5862,0.2038,0.21,0.2828,0.2942,0.423
2025-26,2026-02-08,Brighton,Crystal Palace,A,0.2889,0.2462,0.4649,0.2828,0.2942,0.423
2025-26,2026-02-08,Ath Madrid,Betis,A,0.2099,0.2169,0.5732,0.2828,0.2942,0.423
2025-26,2026-02-08,Liverpool,Man City,A,0.3867,0.2462,0.3672,0.2828,0.2942,0.423
2025-26,2026-02-08,Alaves,Getafe,A,0.283,0.3202,0.3968,0.2828,0.2942,0.423
2025-26,2026-02-08,Ath Bilbao,Levante,H,0.1551,0.1963,0.6486,0.2828,0.2942,0.423
2025-26,2026-02-08,Bayern Munich,Hoffenheim,H,0.1121,0.1345,0.7534,0.2828,0.2942,0.423
2025-26,2026-02-08,Sevilla,Girona,D,0.2831,0.2242,0.4926,0.2828,0.2942,0.423
2025-26,2026-02-08,Valencia,Real Madrid,A,0.5626,0.2239,0.2135,0.2828,0.2942,0.423
2025-26,2026-02-09,Villarreal,Espanol,H,0.187,0.2112,0.6018,0.2828,0.2942,0.423
2025-26,2026-02-10,West Ham,Man United,D,0.4712,0.2254,0.3034,0.2828,0.2942,0.423
2025-26,2026-02-10,Everton,Bournemouth,A,0.3698,0.2717,0.3584,0.2828,0.2942,0.423
2025-26,2026-02-10,Chelsea,Leeds,D,0.1194,0.155,0.7256,0.2828,0.2942,0.423
2025-26,2026-02-10,Tottenham,Newcastle,A,0.4107,0.2397,0.3496,0.2828,0.2942,0.423
2025-26,2026-02-11,Crystal Palace,Burnley,A,0.1222,0.1871,0.6907,0.2828,0.2942,0.423
2025-26,2026-02-11,Nott'm Forest,Wolves,D,0.3165,0.2566,0.4269,0.29,0.26,0.45
2025-26,2026-02-11,Man City,Fulham,H,0.1621,0.2032,0.6347,0.2828,0.2942,0.423
2025-26,2026-02-11,Aston Villa,Brighton,H,0.324,0.2355,0.4405,0.2828,0.2942,0.423
2025-26,2026-02-11,Sunderland,Liverpool,A,0.5613,0.2547,0.184,0.2828,0.2942,0.423
2025-26,2026-02-12,Brentford,Arsenal,D,0.5098,0.244,0.2462,0.2828,0.2942,0.423
2025-26,2026-02-13,Elche,Osasuna,D,0.4297,0.2368,0.3335,0.2828,0.2942,0.423
2025-26,2026-02-13,Dortmund,Mainz,H,0.1977,0.217,0.5853,0.2828,0.2942,0.423
2025-26,2026-02-14,Hamburg,Union Berlin,H,0.3595,0.3035,0.337,0.2828,0.2942,0.423
2025-26,2026-02-14,Ein Frankfurt,M'gladbach,H,0.2502,0.1986,0.5512,0.29,0.26,0.45
2025-26,2026-02-14,Hoffenheim,Freiburg,H,0.3108,0.2128,0.4764,0.2828,0.2942,0.423
2025-26,2026-02-14,Stuttgart,FC Koln,H,0.1728,0.1817,0.6455,0.2828,0.2942,0.423
2025-26,2026-02-14,Werder Bremen,Bayern Munich,A,0.7261,0.1583,0.1156,0.2828,0.2942,0.423
2025-26,2026-02-14,Espanol,Celta,D,0.461,0.2435,0.2955,0.2828,0.2942,0.423
2025-26,2026-02-14,Getafe,Villarreal,H,0.4344,0.2526,0.313,0.2828,0.2942,0.423
2025-26,2026-02-14,Sevilla,Alaves,D,0.2882,0.274,0.4378,0.2828,0.2942,0.423
2025-26,2026-02-14,Real Madrid,Sociedad,H,0.2001,0.2193,0.5806,0.2828,0.2942,0.423
2025-26,2026-02-14,Leverkusen,St Pauli,H,0.0929,0.1875,0.7196,0.2828,0.2942,0.423
2025-26,2026-02-15,Levante,Valencia,A,0.4468,0.2462,0.307,0.2828,0.2942,0.423
2025-26,2026-02-15,Augsburg,Heidenheim,H,0.2892,0.2439,0.4669,0.2828,0.2942,0.423
2025-26,2026-02-15,Mallorca,Betis,A,0.4379,0.2677,0.2945,0.2828,0.2942,0.423
2025-26,2026-02-15,RB Leipzig,Wolfsburg,D,0.1766,0.1853,0.6381,0.2828,0.2942,0.423
2025-26,2026-02-15,Oviedo,Ath Bilbao,A,0.6384,0.2341,0.1276,0.29,0.26,0.45
2025-26,2026-02-15,Vallecano,Ath Madrid,H,0.5112,0.2495,0.2393,0.2828,0.2942,0.423
2025-26,2026-02-16,Girona,Barcelona,H,0.6157,0.1827,0.2017,0.2828,0.2942,0.423
2025-26,2026-02-18,Levante,Villarreal,A,0.6039,0.1893,0.2068,0.2828,0.2942,0.423
2025-26,2026-02-18,Wolves,Arsenal,D,0.6471,0.2096,0.1433,0.2828,0.2942,0.423
2025-26,2026-02-20,Mainz,Hamburg,D,0.2026,0.268,0.5295,0.2828,0.2942,0.423
2025-26,2026-02-20,Ath Bilbao,Elche,H,0.2207,0.2303,0.549,0.2828,0.2942,0.423
2025-26,2026-02-21,Osasuna,Real Madrid,H,0.5121,0.2233,0.2645,0.2828,0.2942,0.423
2025-26,2026-02-21,Bayern Munich,Ein Frankfurt,H,0.1113,0.136,0.7527,0.2828,0.2942,0.423
2025-26,2026-02-21,Sociedad,Oviedo,D,0.0686,0.1694,0.7621,0.29,0.26,0.45
2025-26,2026-02-21,RB Leipzig,Dortmund,D,0.3265,0.2252,0.4483,0.2828,0.2942,0.423
2025-26,2026-02-21,Wolfsburg,Augsburg,A,0.2342,0.2283,0.5375,0.2828,0.2942,0.423
2025-26,2026-02-21,Union Berlin,Leverkusen,H,0.5263,0.2408,0.233,0.2828,0.2942,0.423
2025-26,2026-02-21,Betis,Vallecano,D,0.261,0.2407,0.4983,0.2828,0.2942,0.423
2025-26,2026-02-21,Aston Villa,Leeds,D,0.1507,0.1758,0.6735,0.2828,0.2942,0.423
2025-26,2026-02-21,Brentford,Brighton,A,0.3173,0.2312,0.4515,0.2828,0.2942,0.423
2025-26,2026-02-21,Chelsea,Burnley,D,0.075,0.1269,0.7982,0.2828,0.2942,0.423
2025-26,2026-02-21,West Ham,Bournemouth,D,0.4146,0.2254,0.36,0.2828,0.2942,0.423
2025-26,2026-02-21,Man City,Newcastle,H,0.2375,0.2289,0.5336,0.2828,0.2942,0.423
2025-26,2026-02-21,FC Koln,Hoffenheim,D,0.4702,0.2134,0.3164,0.2828,0.2942,0.423
2025-26,2026-02-21,Ath Madrid,Espanol,H,0.107,0.1834,0.7096,0.2828,0.2942,0.423
2025-26,2026-02-22,Sunderland,Fulham,A,0.4157,0.296,0.2883,0.2828,0.2942,0.423
2025-26,2026-02-22,Freiburg,M'gladbach,H,0.2615,0.2206,0.5179,0.29,0.26,0.45
2025-26,2026-02-22,Getafe,Sevilla,A,0.3256,0.2753,0.3991,0.2828,0.2942,0.423
2025-26,2026-02-22,Barcelona,Levante,H,0.065,0.0992,0.8358,0.2828,0.2942,0.423
2025-26,2026-02-22,Crystal Palace,Wolves,H,0.2161,0.2386,0.5453,0.2828,0.2942,0.423
2025-26,2026-02-22,Villarreal,Valencia,H,0.2196,0.2138,0.5666,0.2828,0.2942,0.423
2025-26,2026-02-22,Nott'm Forest,Liverpool,A,0.5383,0.2367,0.2251,0.29,0.26,0.45
2025-26,2026-02-22,St Pauli,Werder Bremen,H,0.3774,0.3048,0.3178,0.2828,0.2942,0.423
2025-26,2026-02-22,Tottenham,Arsenal,A,0.535,0.2393,0.2257,0.2828,0.2942,0.423
2025-26,2026-02-22,Celta,Mallorca,H,0.2137,0.2356,0.5507,0.2828,0.2942,0.423
2025-26,2026-02-22,Heidenheim,Stuttgart,D,0.5792,0.196,0.2248,0.2828,0.2942,0.423
2025-26,2026-02-23,Alaves,Girona,D,0.301,0.2661,0.433,0.2828,0.2942,0.423
2025-26,2026-02-23,Everton,Man United,A,0.4158,0.2742,0.31,0.2828,0.2942,0.423
2025-26,2026-02-27,Wolves,Aston Villa,H,0.4623,0.2455,0.2923,0.2828,0.2942,0.423
2025-26,2026-02-27,Augsburg,FC Koln,H,0.3297,0.2533,0.4169,0.2828,0.2942,0.423
2025-26,2026-02-27,Levante,Alaves,H,0.445,0.2752,0.2798,0.2828,0.2942,0.423
2025-26,2026-02-28,Bournemouth,Sunderland,D,0.1809,0.2392,0.5799,0.2828,0.2942,0.423
2025-26,2026-02-28,Burnley,Brentford,A,0.6388,0.1955,0.1657,0.2828,0.2942,0.423
2025-26,2026-02-28,Oviedo,Ath Madrid,A,0.7702,0.1557,0.0741,0.29,0.26,0.45
2025-26,2026-02-28,Leeds,Man City,A,0.6822,0.1749,0.1429,0.2828,0.2942,0.423
2025-26,2026-02-28,Newcastle,Everton,A,0.1876,0.2495,0.5629,0.2828,0.2942,0.423
2025-26,2026-02-28,Werder Bremen,Heidenheim,H,0.2888,0.2337,0.4775,0.2828,0.2942,0.423
2025-26,2026-02-28,Mallorca,Sociedad,A,0.4491,0.2801,0.2708,0.2828,0.2942,0.423
2025-26,2026-02-28,Liverpool,West Ham,H,0.1481,0.1841,0.6678,0.2828,0.2942,0.423
2025-26,2026-02-28,Vallecano,Ath Bilbao,D,0.3403,0.271,0.3887,0.2828,0.2942,0.423
2025-26,2026-02-28,Dortmund,Bayern Munich,A,0.4901,0.2158,0.2941,0.2828,0.2942,0.423
2025-26,2026-02-28,M'gladbach,Union Berlin,H,0.318,0.2531,0.4289,0.29,0.26,0.45
2025-26,2026-02-28,Leverkusen,Mainz,D,0.1834,0.2174,0.5992,0.2828,0.2942,0.423
2025-26,2026-02-28,Hoffenheim,St Pauli,A,0.1369,0.1981,0.665,0.2828,0.2942,0.423
2025-26,2026-02-28,Barcelona,Villarreal,H,0.2141,0.18,0.6059,0.2828,0.2942,0.423
2025-26,2026-03-01,Ein Frankfurt,Freiburg,H,0.3004,0.2182,0.4814,0.2828,0.2942,0.423
2025-26,2026-03-01,Hamburg,RB Leipzig,A,0.5695,0.2305,0.2,0.2828,0.2942,0.423
2025-26,2026-03-01,Elche,Espanol,D,0.2944,0.2536,0.452,0.2828,0.2942,0.423
2025-26,2026-03-01,Betis,Sevilla,D,0.2513,0.2255,0.5233,0.2828,0.2942,0.423
2025-26,2026-03-01,Fulham,Tottenham,H,0.3645,0.2363,0.3993,0.2828,0.2942,0.423
2025-26,2026-03-01,Valencia,Osasuna,H,0.3885,0.2595,0.352,0.2828,0.2942,0.423
2025-26,2026-03-01,Brighton,Nott'm Forest,H,0.1886,0.2226,0.5888,0.29,0.26,0.45
2025-26,2026-03-01,Man United,Crystal Palace,H,0.2921,0.245,0.4629,0.2828,0.2942,0.423
2025-26,2026-03-01,Arsenal,Chelsea,H,0.1911,0.2274,0.5814,0.2828,0.2942,0.423
2025-26,2026-03-01,Stuttgart,Wolfsburg,H,0.2398,0.1959,0.5643,0.2828,0.2942,0.423
2025-26,2026-03-01,Girona,Celta,A,0.4205,0.2217,0.3577,0.2828,0.2942,0.423
2025-26,2026-03-02,Real Madrid,Getafe,A,0.1302,0.2007,0.6691,0.2828,0.2942,0.423
2025-26,2026-03-03,Leeds,Sunderland,A,0.2788,0.2698,0.4514,0.2828,0.2942,0.423
2025-26,2026-03-03,Wolves,Liverpool,H,0.5479,0.2249,0.2272,0.2828,0.2942,0.423
2025-26,2026-03-03,Everton,Burnley,H,0.179,0.2523,0.5687,0.2828,0.2942,0.423
2025-26,2026-03-03,Bournemouth,Brentford,D,0.3808,0.2292,0.39,0.2828,0.2942,0.423
2025-26,2026-03-04,Newcastle,Man United,H,0.2846,0.223,0.4924,0.2828,0.2942,0.423
2025-26,2026-03-04,Fulham,West Ham,A,0.2576,0.2284,0.5141,0.2828,0.2942,0.423
2025-26,2026-03-04,Man City,Nott'm Forest,D,0.109,0.1822,0.7089,0.29,0.26,0.45
2025-26,2026-03-04,Aston Villa,Chelsea,A,0.3625,0.2453,0.3922,0.2828,0.2942,0.423
2025-26,2026-03-04,Vallecano,Oviedo,H,0.0933,0.1883,0.7184,0.29,0.26,0.45
2025-26,2026-03-04,Hamburg,Leverkusen,A,0.581,0.2309,0.1881,0.2828,0.2942,0.423
2025-26,2026-03-04,Brighton,Arsenal,A,0.5082,0.2447,0.2472,0.2828,0.2942,0.423
2025-26,2026-03-05,Tottenham,Crystal Palace,A,0.316,0.2505,0.4335,0.2828,0.2942,0.423
2025-26,2026-03-06,Bayern Munich,M'gladbach,H,0.0724,0.1129,0.8147,0.29,0.26,0.45
2025-26,2026-03-06,Celta,Real Madrid,A,0.5269,0.2114,0.2617,0.2828,0.2942,0.423
2025-26,2026-03-07,FC Koln,Dortmund,A,0.5855,0.2036,0.2108,0.2828,0.2942,0.423
2025-26,2026-03-07,Ath Madrid,Sociedad,H,0.2301,0.235,0.5349,0.2828,0.2942,0.423
2025-26,2026-03-07,Levante,Girona,D,0.4829,0.2301,0.287,0.2828,0.2942,0.423
2025-26,2026-03-07,Osasuna,Mallorca,D,0.2023,0.2492,0.5485,0.2828,0.2942,0.423
2025-26,2026-03-07,Wolfsburg,Hamburg,A,0.2339,0.2375,0.5285,0.2828,0.2942,0.423
2025-26,2026-03-07,RB Leipzig,Augsburg,H,0.1322,0.1811,0.6867,0.2828,0.2942,0.423
2025-26,2026-03-07,Freiburg,Leverkusen,D,0.4711,0.2346,0.2944,0.2828,0.2942,0.423
2025-26,2026-03-07,Heidenheim,Hoffenheim,A,0.5444,0.1973,0.2583,0.2828,0.2942,0.423
2025-26,2026-03-07,Ath Bilbao,Barcelona,A,0.4757,0.2269,0.2973,0.2828,0.2942,0.423
2025-26,2026-03-07,Mainz,Stuttgart,D,0.3992,0.2397,0.3611,0.2828,0.2942,0.423
2025-26,2026-03-08,Valencia,Alaves,H,0.2882,0.2917,0.4201,0.2828,0.2942,0.423
2025-26,2026-03-08,Getafe,Betis,H,0.398,0.274,0.3281,0.2828,0.2942,0.423
2025-26,2026-03-08,Sevilla,Vallecano,D,0.3508,0.2583,0.3909,0.2828,0.2942,0.423
2025-26,2026-03-08,Union Berlin,Werder Bremen,A,0.2691,0.2603,0.4706,0.2828,0.2942,0.423
2025-26,2026-03-08,St Pauli,Ein Frankfurt,D,0.5426,0.2456,0.2118,0.2828,0.2942,0.423
2025-26,2026-03-08,Villarreal,Elche,H,0.193,0.1937,0.6134,0.2828,0.2942,0.423
2025-26,2026-03-09,Espanol,Oviedo,D,0.1444,0.2322,0.6233,0.29,0.26,0.45
2025-26,2026-03-13,M'gladbach,St Pauli,H,0.2061,0.2696,0.5243,0.29,0.26,0.45
2025-26,2026-03-13,Alaves,Villarreal,D,0.4568,0.2468,0.2964,0.2828,0.2942,0.423
2025-26,2026-03-14,Dortmund,Augsburg,H,0.1345,0.1781,0.6874,0.2828,0.2942,0.423
2025-26,2026-03-14,Hamburg,FC Koln,D,0.3223,0.27,0.4077,0.2828,0.2942,0.423
2025-26,2026-03-14,West Ham,Man City,D,0.618,0.203,0.179,0.2828,0.2942,0.423
2025-26,2026-03-14,Sunderland,Brighton,A,0.5035,0.2759,0.2206,0.2828,0.2942,0.423
2025-26,2026-03-14,Arsenal,Everton,H,0.1136,0.2264,0.6601,0.2828,0.2942,0.423
2025-26,2026-03-14,Real Madrid,Elche,H,0.1028,0.1473,0.7499,0.2828,0.2942,0.423
2025-26,2026-03-14,Burnley,Bournemouth,D,0.6004,0.1987,0.2009,0.2828,0.2942,0.423
2025-26,2026-03-14,Ath Madrid,Getafe,H,0.1785,0.2421,0.5794,0.2828,0.2942,0.423
2025-26,2026-03-14,Girona,Ath Bilbao,H,0.4174,0.2486,0.334,0.2828,0.2942,0.423
2025-26,2026-03-14,Oviedo,Valencia,H,0.607,0.2412,0.1517,0.29,0.26,0.45
2025-26,2026-03-14,Chelsea,Newcastle,A,0.3397,0.2267,0.4336,0.2828,0.2942,0.423
2025-26,2026-03-14,Leverkusen,Bayern Munich,D,0.4835,0.2194,0.2971,0.2828,0.2942,0.423
2025-26,2026-03-14,Hoffenheim,Wolfsburg,D,0.256,0.1904,0.5536,0.2828,0.2942,0.423
2025-26,2026-03-14,Ein Frankfurt,Heidenheim,H,0.1556,0.1651,0.6793,0.2828,0.2942,0.423
2025-26,2026-03-15,Freiburg,Union Berlin,A,0.2517,0.2484,0.4999,0.2828,0.2942,0.423
2025-26,2026-03-15,Mallorca,Espanol,H,0.3038,0.286,0.4103,0.2828,0.2942,0.423
2025-26,2026-03-15,Stuttgart,RB Leipzig,H,0.4096,0.2163,0.3741,0.2828,0.2942,0.423
2025-26,2026-03-15,Barcelona,Sevilla,H,0.1376,0.1602,0.7021,0.2828,0.2942,0.423
2025-26,2026-03-15,Betis,Celta,D,0.3226,0.2237,0.4536,0.2828,0.2942,0.423
2025-26,2026-03-15,Werder Bremen,Mainz,A,0.3939,0.2608,0.3453,0.2828,0.2942,0.423
2025-26,2026-03-15,Crystal Palace,Leeds,D,0.1936,0.2148,0.5915,0.2828,0.2942,0.423
2025-26,2026-03-15,Man United,Aston Villa,H,0.3132,0.2324,0.4543,0.2828,0.2942,0.423
2025-26,2026-03-15,Nott'm Forest,Fulham,D,0.3785,0.2644,0.3572,0.29,0.26,0.45
2025-26,2026-03-15,Liverpool,Tottenham,D,0.224,0.206,0.57,0.2828,0.2942,0.423
2025-26,2026-03-15,Sociedad,Osasuna,H,0.2935,0.245,0.4615,0.2828,0.2942,0.423
2025-26,2026-03-16,Vallecano,Levante,D,0.159,0.2071,0.6339,0.2828,0.2942,0.423
2025-26,2026-03-16,Brentford,Wolves,D,0.2185,0.217,0.5645,0.2828,0.2942,0.423
2025-26,2026-03-20,Villarreal,Sociedad,H,0.3274,0.2304,0.4422,0.2828,0.2942,0.423
2025-26,2026-03-20,RB Leipzig,Hoffenheim,H,0.2272,0.1863,0.5865,0.2828,0.2942,0.423
2025-26,2026-03-20,Bournemouth,Man United,D,0.3934,0.2244,0.3823,0.2828,0.2942,0.423
2025-26,2026-03-21,Osasuna,Girona,H,0.2399,0.2158,0.5443,0.2828,0.2942,0.423
2025-26,2026-03-21,Bayern Munich,Union Berlin,H,0.0717,0.1269,0.8013,0.2828,0.2942,0.423
2025-26,2026-03-21,Leeds,Brentford,D,0.5145,0.2181,0.2674,0.2828,0.2942,0.423
2025-26,2026-03-21,Everton,Chelsea,H,0.4369,0.2689,0.2942,0.2828,0.2942,0.423
2025-26,2026-03-21,Fulham,Burnley,H,0.1431,0.1822,0.6747,0.2828,0.2942,0.423
2025-26,2026-03-21,Brighton,Liverpool,H,0.3975,0.2354,0.3671,0.2828,0.2942,0.423
2025-26,2026-03-21,Levante,Oviedo,H,0.1826,0.2487,0.5687,0.29,0.26,0.45
2025-26,2026-03-21,FC Koln,M'gladbach,D,0.3833,0.2354,0.3813,0.29,0.26,0.45
2025-26,2026-03-21,Wolfsburg,Werder Bremen,A,0.2821,0.222,0.4959,0.2828,0.2942,0.423
2025-26,2026-03-21,Espanol,Getafe,A,0.3791,0.2942,0.3267,0.2828,0.2942,0.423
2025-26,2026-03-21,Elche,Mallorca,H,0.2989,0.2708,0.4302,0.2828,0.2942,0.423
2025-26,2026-03-21,Dortmund,Hamburg,H,0.129,0.1884,0.6826,0.2828,0.2942,0.423
2025-26,2026-03-21,Heidenheim,Leverkusen,D,0.6676,0.1778,0.1545,0.2828,0.2942,0.423
2025-26,2026-03-21,Sevilla,Valencia,A,0.3219,0.2527,0.4254,0.2828,0.2942,0.423
2025-26,2026-03-22,Celta,Alaves,A,0.2308,0.2385,0.5307,0.2828,0.2942,0.423
2025-26,2026-03-22,St Pauli,Freiburg,A,0.4662,0.2923,0.2415,0.2828,0.2942,0.423
2025-26,2026-03-22,Augsburg,Stuttgart,A,0.5009,0.2254,0.2737,0.2828,0.2942,0.423
2025-26,2026-03-22,Mainz,Ein Frankfurt,H,0.3677,0.2403,0.392,0.2828,0.2942,0.423
2025-26,2026-03-22,Tottenham,Nott'm Forest,A,0.2269,0.2284,0.5447,0.29,0.26,0.45
2025-26,2026-03-22,Barcelona,Vallecano,H,0.1726,0.189,0.6384,0.2828,0.2942,0.423
2025-26,2026-03-22,Ath Bilbao,Betis,H,0.3215,0.2519,0.4266,0.2828,0.2942,0.423
2025-26,2026-03-22,Aston Villa,West Ham,H,0.216,0.2164,0.5676,0.2828,0.2942,0.423
2025-26,2026-03-22,Real Madrid,Ath Madrid,H,0.2771,0.228,0.495,0.2828,0.2942,0.423
2025-26,2026-03-22,Newcastle,Sunderland,A,0.1369,0.2277,0.6354,0.2828,0.2942,0.423
2025-26,2026-04-03,Vallecano,Elche,H,0.2334,0.2351,0.5315,0.2828,0.2942,0.423
2025-26,2026-04-04,Freiburg,Bayern Munich,A,0.6331,0.1859,0.1811,0.2828,0.2942,0.423
2025-26,2026-04-04,Hoffenheim,Mainz,A,0.3163,0.2268,0.4569,0.2828,0.2942,0.423
2025-26,2026-04-04,Leverkusen,Wolfsburg,H,0.1505,0.1736,0.6759,0.2828,0.2942,0.423
2025-26,2026-04-04,Hamburg,Augsburg,D,0.3152,0.2779,0.4069,0.2828,0.2942,0.423
2025-26,2026-04-04,Werder Bremen,RB Leipzig,A,0.5771,0.2106,0.2122,0.2828,0.2942,0.423
2025-26,2026-04-04,Stuttgart,Dortmund,A,0.4109,0.2114,0.3777,0.2828,0.2942,0.423
2025-26,2026-04-04,Sociedad,Levante,H,0.1407,0.1832,0.6761,0.2828,0.2942,0.423
2025-26,2026-04-04,Mallorca,Real Madrid,H,0.6264,0.2129,0.1607,0.2828,0.2942,0.423
2025-26,2026-04-04,Betis,Espanol,D,0.1825,0.2055,0.612,0.2828,0.2942,0.423
2025-26,2026-04-04,Ath Madrid,Barcelona,A,0.3658,0.2199,0.4143,0.2828,0.2942,0.423
2025-26,2026-04-04,M'gladbach,Heidenheim,D,0.2282,0.2008,0.571,0.29,0.26,0.45
2025-26,2026-04-05,Union Berlin,St Pauli,D,0.206,0.3078,0.4862,0.2828,0.2942,0.423
2025-26,2026-04-05,Alaves,Osasuna,D,0.3938,0.2656,0.3406,0.2828,0.2942,0.423
2025-26,2026-04-05,Oviedo,Sevilla,H,0.6132,0.2218,0.165,0.29,0.26,0.45
2025-26,2026-04-05,Valencia,Celta,A,0.3816,0.2414,0.377,0.2828,0.2942,0.423
2025-26,2026-04-05,Getafe,Ath Bilbao,H,0.3434,0.3008,0.3558,0.2828,0.2942,0.423
2025-26,2026-04-05,Ein Frankfurt,FC Koln,D,0.1926,0.1849,0.6225,0.2828,0.2942,0.423
2025-26,2026-04-06,Girona,Villarreal,H,0.4653,0.2136,0.3211,0.2828,0.2942,0.423
2025-26,2026-04-10,Augsburg,Hoffenheim,D,0.4648,0.2209,0.3143,0.2828,0.2942,0.423
2025-26,2026-04-10,Real Madrid,Girona,D,0.1102,0.1468,0.743,0.2828,0.2942,0.423
2025-26,2026-04-10,West Ham,Wolves,H,0.327,0.2384,0.4346,0.2828,0.2942,0.423
2025-26,2026-04-11,Wolfsburg,Ein Frankfurt,A,0.4193,0.2156,0.3652,0.2828,0.2942,0.423
2025-26,2026-04-11,Burnley,Brighton,A,0.6708,0.1804,0.1488,0.2828,0.2942,0.423
2025-26,2026-04-11,Brentford,Everton,D,0.2482,0.2634,0.4883,0.2828,0.2942,0.423
2025-26,2026-04-11,Heidenheim,Union Berlin,H,0.3843,0.2535,0.3622,0.2828,0.2942,0.423
2025-26,2026-04-11,RB Leipzig,M'gladbach,H,0.1543,0.1717,0.674,0.29,0.26,0.45
2025-26,2026-04-11,St Pauli,Bayern Munich,A,0.7548,0.1659,0.0793,0.2828,0.2942,0.423
2025-26,2026-04-11,Liverpool,Fulham,H,0.1867,0.2026,0.6107,0.2828,0.2942,0.423
2025-26,2026-04-11,Elche,Valencia,H,0.3723,0.2528,0.3749,0.2828,0.2942,0.423
2025-26,2026-04-11,Barcelona,Espanol,H,0.0867,0.1283,0.7849,0.2828,0.2942,0.423
2025-26,2026-04-11,Sevilla,Ath Madrid,H,0.5298,0.2226,0.2475,0.2828,0.2942,0.423
2025-26,2026-04-11,Arsenal,Bournemouth,A,0.1182,0.176,0.7058,0.2828,0.2942,0.423
2025-26,2026-04-11,Dortmund,Leverkusen,A,0.3393,0.2244,0.4362,0.2828,0.2942,0.423
2025-26,2026-04-11,Sociedad,Alaves,D,0.2137,0.2478,0.5385,0.2828,0.2942,0.423
2025-26,2026-04-12,Ath Bilbao,Villarreal,A,0.3619,0.2369,0.4012,0.2828,0.2942,0.423
2025-26,2026-04-12,Nott'm Forest,Aston Villa,D,0.4299,0.2603,0.3097,0.29,0.26,0.45
2025-26,2026-04-12,Crystal Palace,Newcastle,H,0.3777,0.2489,0.3733,0.2828,0.2942,0.423
2025-26,2026-04-12,Sunderland,Tottenham,H,0.4611,0.2761,0.2628,0.2828,0.2942,0.423
2025-26,2026-04-12,Celta,Oviedo,A,0.0696,0.1309,0.7994,0.29,0.26,0.45
2025-26,2026-04-12,Mallorca,Vallecano,H,0.4029,0.2902,0.3069,0.2828,0.2942,0.423
2025-26,2026-04-12,Mainz,Freiburg,A,0.3204,0.2518,0.4278,0.2828,0.2942,0.423
2025-26,2026-04-12,Stuttgart,Hamburg,H,0.1682,0.1975,0.6343,0.2828,0.2942,0.423
2025-26,2026-04-12,FC Koln,Werder Bremen,H,0.3353,0.239,0.4257,0.2828,0.2942,0.423
2025-26,2026-04-12,Chelsea,Man City,A,0.4738,0.2312,0.2949,0.2828,0.2942,0.423
2025-26,2026-04-12,Osasuna,Betis,D,0.3391,0.2357,0.4253,0.2828,0.2942,0.423
2025-26,2026-04-13,Man United,Leeds,A,0.1625,0.1811,0.6564,0.2828,0.2942,0.423
2025-26,2026-04-13,Levante,Getafe,H,0.4392,0.273,0.2879,0.2828,0.2942,0.423
2025-26,2026-04-17,St Pauli,FC Koln,D,0.4234,0.2849,0.2917,0.2828,0.2942,0.423
2025-26,2026-04-18,Hoffenheim,Dortmund,H,0.4935,0.2002,0.3063,0.2828,0.2942,0.423
2025-26,2026-04-18,Chelsea,Man United,A,0.3035,0.2113,0.4852,0.2828,0.2942,0.423
2025-26,2026-04-18,Leverkusen,Augsburg,A,0.1169,0.1671,0.716,0.2828,0.2942,0.423
2025-26,2026-04-18,Union Berlin,Wolfsburg,A,0.3565,0.2471,0.3964,0.2828,0.2942,0.423
2025-26,2026-04-18,Werder Bremen,Hamburg,H,0.2734,0.2604,0.4661,0.2828,0.2942,0.423
2025-26,2026-04-18,Ein Frankfurt,RB Leipzig,A,0.4556,0.2152,0.3291,0.2828,0.2942,0.423
2025-26,2026-04-18,Brentford,Fulham,D,0.2587,0.2258,0.5155,0.2828,0.2942,0.423
2025-26,2026-04-18,Tottenham,Brighton,D,0.3693,0.2259,0.4048,0.2828,0.2942,0.423
2025-26,2026-04-18,Leeds,Wolves,H,0.3363,0.2386,0.4251,0.2828,0.2942,0.423
2025-26,2026-04-18,Newcastle,Bournemouth,A,0.2331,0.2021,0.5649,0.2828,0.2942,0.423
2025-26,2026-04-19,Freiburg,Heidenheim,H,0.1664,0.1789,0.6547,0.2828,0.2942,0.423
2025-26,2026-04-19,Everton,Liverpool,A,0.4529,0.2661,0.281,0.2828,0.2942,0.423
2025-26,2026-04-19,Bayern Munich,Stuttgart,H,0.1342,0.1482,0.7176,0.2828,0.2942,0.423
2025-26,2026-04-19,Nott'm Forest,Burnley,H,0.1659,0.2139,0.6202,0.29,0.26,0.45
2025-26,2026-04-19,Man City,Arsenal,H,0.3266,0.2725,0.4009,0.2828,0.2942,0.423
2025-26,2026-04-19,Aston Villa,Sunderland,H,0.1728,0.2617,0.5655,0.2828,0.2942,0.423
2025-26,2026-04-19,M'gladbach,Mainz,D,0.3694,0.2505,0.3801,0.29,0.26,0.45
2025-26,2026-04-20,Crystal Palace,West Ham,D,0.2276,0.2284,0.5441,0.2828,0.2942,0.423
2025-26,2026-04-21,Ath Bilbao,Osasuna,H,0.3181,0.2516,0.4303,0.2828,0.2942,0.423
2025-26,2026-04-21,Mallorca,Valencia,D,0.3352,0.2837,0.3811,0.2828,0.2942,0.423
2025-26,2026-04-21,Girona,Betis,A,0.401,0.2318,0.3672,0.2828,0.2942,0.423
2025-26,2026-04-21,Real Madrid,Alaves,H,0.1196,0.1697,0.7106,0.2828,0.2942,0.423
2025-26,2026-04-21,Brighton,Chelsea,H,0.3335,0.2235,0.4431,0.2828,0.2942,0.423
2025-26,2026-04-22,Elche,Ath Madrid,H,0.5852,0.2119,0.2029,0.2828,0.2942,0.423
2025-26,2026-04-22,Bournemouth,Leeds,D,0.2238,0.2069,0.5693,0.2828,0.2942,0.423
2025-26,2026-04-22,Sociedad,Getafe,A,0.241,0.2709,0.4881,0.2828,0.2942,0.423
2025-26,2026-04-22,Barcelona,Celta,H,0.1471,0.1515,0.7014,0.2828,0.2942,0.423
2025-26,2026-04-22,Burnley,Man City,A,0.8037,0.1269,0.0694,0.2828,0.2942,0.423
2025-26,2026-04-23,Oviedo,Villarreal,D,0.6854,0.1817,0.1329,0.29,0.26,0.45
2025-26,2026-04-23,Vallecano,Espanol,H,0.2157,0.2421,0.5423,0.2828,0.2942,0.423
2025-26,2026-04-23,Levante,Sevilla,H,0.4491,0.2374,0.3135,0.2828,0.2942,0.423
2025-26,2026-04-24,RB Leipzig,Union Berlin,H,0.1351,0.1884,0.6765,0.2828,0.2942,0.423
2025-26,2026-04-24,Betis,Real Madrid,D,0.5124,0.2153,0.2723,0.2828,0.2942,0.423
2025-26,2026-04-24,Sunderland,Nott'm Forest,A,0.3355,0.3304,0.3341,0.29,0.26,0.45
2025-26,2026-04-25,Hamburg,Hoffenheim,A,0.4917,0.2262,0.2821,0.2828,0.2942,0.423
2025-26,2026-04-25,Augsburg,Ein Frankfurt,D,0.471,0.2269,0.3021,0.2828,0.2942,0.423
2025-26,2026-04-25,FC Koln,Leverkusen,A,0.6005,0.1973,0.2022,0.2828,0.2942,0.423
2025-26,2026-04-25,Heidenheim,St Pauli,H,0.2385,0.2669,0.4946,0.2828,0.2942,0.423
2025-26,2026-04-25,Mainz,Bayern Munich,A,0.6169,0.2043,0.1788,0.2828,0.2942,0.423
2025-26,2026-04-25,Wolfsburg,M'gladbach,D,0.3236,0.2177,0.4587,0.29,0.26,0.45
2025-26,2026-04-25,Alaves,Mallorca,H,0.2915,0.2824,0.4261,0.2828,0.2942,0.423
2025-26,2026-04-25,Ath Madrid,Ath Bilbao,H,0.1974,0.2229,0.5798,0.2828,0.2942,0.423
2025-26,2026-04-25,Fulham,Aston Villa,H,0.3951,0.2464,0.3585,0.2828,0.2942,0.423
2025-26,2026-04-25,Liverpool,Crystal Palace,H,0.2442,0.2341,0.5217,0.2828,0.2942,0.423
2025-26,2026-04-25,West Ham,Everton,H,0.3381,0.2719,0.39,0.2828,0.2942,0.423
2025-26,2026-04-25,Wolves,Tottenham,A,0.4453,0.2277,0.327,0.2828,0.2942,0.423
2025-26,2026-04-25,Arsenal,Newcastle,H,0.188,0.215,0.597,0.2828,0.2942,0.423
2025-26,2026-04-25,Valencia,Girona,H,0.3177,0.248,0.4343,0.2828,0.2942,0.423
2025-26,2026-04-25,Getafe,Barcelona,A,0.5324,0.2366,0.231,0.2828,0.2942,0.423
2025-26,2026-04-26,Oviedo,Elche,A,0.4996,0.2574,0.243,0.29,0.26,0.45
2025-26,2026-04-26,Villarreal,Celta,H,0.2584,0.1932,0.5484,0.2828,0.2942,0.423
2025-26,2026-04-26,Stuttgart,Werder Bremen,D,0.1653,0.177,0.6577,0.2828,0.2942,0.423
2025-26,2026-04-26,Dortmund,Freiburg,H,0.2171,0.2016,0.5813,0.2828,0.2942,0.423
2025-26,2026-04-26,Vallecano,Sociedad,D,0.3745,0.2591,0.3664,0.2828,0.2942,0.423
2025-26,2026-04-26,Osasuna,Sevilla,H,0.26,0.2259,0.5141,0.2828,0.2942,0.423
2025-26,2026-04-27,Man United,Brentford,H,0.3037,0.2175,0.4788,0.2828,0.2942,0.423
2025-26,2026-04-27,Espanol,Levante,D,0.2759,0.2445,0.4796,0.2828,0.2942,0.423
2025-26,2026-05-01,Leeds,Burnley,H,0.161,0.1914,0.6477,0.2828,0.2942,0.423
2025-26,2026-05-01,Girona,Mallorca,A,0.2817,0.2529,0.4655,0.2828,0.2942,0.423
2025-26,2026-05-02,Union Berlin,FC Koln,D,0.3229,0.2504,0.4267,0.2828,0.2942,0.423
2025-26,2026-05-02,Wolves,Sunderland,D,0.2417,0.271,0.4873,0.2828,0.2942,0.423
2025-26,2026-05-02,Arsenal,Fulham,H,0.1221,0.1969,0.681,0.2828,0.2942,0.423
2025-26,2026-05-02,Hoffenheim,Stuttgart,D,0.3935,0.199,0.4075,0.2828,0.2942,0.423
2025-26,2026-05-02,Newcastle,Brighton,H,0.3088,0.2233,0.4679,0.2828,0.2942,0.423
2025-26,2026-05-02,Brentford,West Ham,H,0.2274,0.2105,0.5622,0.2828,0.2942,0.423
2025-26,2026-05-02,Osasuna,Barcelona,A,0.524,0.2105,0.2655,0.2828,0.2942,0.423
2025-26,2026-05-02,Ein Frankfurt,Hamburg,A,0.1547,0.1874,0.6579,0.2828,0.2942,0.423
2025-26,2026-05-02,Valencia,Ath Madrid,A,0.5096,0.2357,0.2547,0.2828,0.2942,0.423
2025-26,2026-05-02,Villarreal,Levante,H,0.138,0.1663,0.6957,0.2828,0.2942,0.423
2025-26,2026-05-02,Leverkusen,RB Leipzig,H,0.3186,0.2268,0.4546,0.2828,0.2942,0.423
2025-26,2026-05-02,Bayern Munich,Heidenheim,D,0.0417,0.0742,0.884,0.2828,0.2942,0.423
2025-26,2026-05-02,Werder Bremen,Augsburg,A,0.3086,0.2514,0.4399,0.2828,0.2942,0.423
2025-26,2026-05-02,Alaves,Ath Bilbao,A,0.3762,0.2708,0.353,0.2828,0.2942,0.423
2025-26,2026-05-03,St Pauli,Mainz,A,0.494,0.297,0.209,0.2828,0.2942,0.423
2025-26,2026-05-03,Aston Villa,Tottenham,A,0.3027,0.2237,0.4737,0.2828,0.2942,0.423
2025-26,2026-05-03,Man United,Liverpool,H,0.379,0.2249,0.3962,0.2828,0.2942,0.423
2025-26,2026-05-03,Bournemouth,Crystal Palace,H,0.3486,0.2439,0.4074,0.2828,0.2942,0.423
2025-26,2026-05-03,Espanol,Real Madrid,A,0.6617,0.1904,0.1479,0.2828,0.2942,0.423
2025-26,2026-05-03,Getafe,Vallecano,A,0.3171,0.3003,0.3826,0.2828,0.2942,0.423
2025-26,2026-05-03,Celta,Elche,H,0.2484,0.2068,0.5448,0.2828,0.2942,0.423
2025-26,2026-05-03,Freiburg,Wolfsburg,D,0.2467,0.2095,0.5438,0.2828,0.2942,0.423
2025-26,2026-05-03,M'gladbach,Dortmund,H,0.5537,0.2081,0.2382,0.29,0.26,0.45
2025-26,2026-05-03,Betis,Oviedo,H,0.0915,0.1607,0.7478,0.29,0.26,0.45
2025-26,2026-05-04,Everton,Man City,D,0.5469,0.257,0.1961,0.2828,0.2942,0.423
2025-26,2026-05-04,Sevilla,Sociedad,H,0.4353,0.2385,0.3263,0.2828,0.2942,0.423
2025-26,2026-05-04,Chelsea,Nott'm Forest,A,0.2229,0.2154,0.5617,0.29,0.26,0.45
2025-26,2026-05-08,Dortmund,Ein Frankfurt,H,0.2027,0.1832,0.614,0.2828,0.2942,0.423
2025-26,2026-05-08,Levante,Osasuna,H,0.4911,0.2377,0.2713,0.2828,0.2942,0.423
2025-26,2026-05-09,Elche,Alaves,D,0.3303,0.2499,0.4198,0.2828,0.2942,0.423
2025-26,2026-05-09,Augsburg,M'gladbach,H,0.3517,0.248,0.4003,0.29,0.26,0.45
2025-26,2026-05-09,Hoffenheim,Werder Bremen,H,0.2176,0.1908,0.5916,0.2828,0.2942,0.423
2025-26,2026-05-09,Stuttgart,Leverkusen,H,0.4105,0.2179,0.3716,0.2828,0.2942,0.423
2025-26,2026-05-09,Wolfsburg,Bayern Munich,A,0.7101,0.1546,0.1354,0.2828,0.2942,0.423
2025-26,2026-05-09,Liverpool,Chelsea,D,0.2767,0.2144,0.509,0.2828,0.2942,0.423
2025-26,2026-05-09,RB Leipzig,St Pauli,H,0.0755,0.1652,0.7593,0.2828,0.2942,0.423
2025-26,2026-05-09,Sunderland,Man United,D,0.5508,0.2404,0.2088,0.2828,0.2942,0.423
2025-26,2026-05-09,Ath Madrid,Celta,A,0.1905,0.1883,0.6212,0.2828,0.2942,0.423
2025-26,2026-05-09,Man City,Brentford,H,0.1617,0.1966,0.6418,0.2828,0.2942,0.423
2025-26,2026-05-09,Sociedad,Betis,D,0.2985,0.2292,0.4724,0.2828,0.2942,0.423
2025-26,2026-05-09,Fulham,Bournemouth,A,0.3429,0.2387,0.4184,0.2828,0.2942,0.423
2025-26,2026-05-09,Brighton,Wolves,H,0.1663,0.1936,0.6401,0.2828,0.2942,0.423
2025-26,2026-05-09,Sevilla,Espanol,H,0.2459,0.2416,0.5124,0.2828,0.2942,0.423
2025-26,2026-05-10,FC Koln,Heidenheim,A,0.2801,0.2131,0.5068,0.2828,0.2942,0.423
2025-26,2026-05-10,Mainz,Union Berlin,A,0.2251,0.2556,0.5194,0.2828,0.2942,0.423
2025-26,2026-05-10,Mallorca,Villarreal,D,0.4671,0.2402,0.2927,0.2828,0.2942,0.423
2025-26,2026-05-10,Oviedo,Getafe,D,0.5137,0.2936,0.1926,0.29,0.26,0.45
2025-26,2026-05-10,Nott'm Forest,Newcastle,D,0.445,0.2373,0.3177,0.29,0.26,0.45
2025-26,2026-05-10,Burnley,Aston Villa,D,0.6513,0.1907,0.158,0.2828,0.2942,0.423
2025-26,2026-05-10,Crystal Palace,Everton,D,0.2423,0.2792,0.4785,0.2828,0.2942,0.423
2025-26,2026-05-10,West Ham,Arsenal,A,0.626,0.2104,0.1635,0.2828,0.2942,0.423
2025-26,2026-05-10,Hamburg,Freiburg,H,0.5063,0.2426,0.251,0.2828,0.2942,0.423
2025-26,2026-05-10,Barcelona,Real Madrid,H,0.3283,0.2124,0.4592,0.2828,0.2942,0.423
2025-26,2026-05-10,Ath Bilbao,Valencia,A,0.2574,0.2555,0.487,0.2828,0.2942,0.423
2025-26,2026-05-11,Tottenham,Leeds,D,0.2187,0.203,0.5783,0.2828,0.2942,0.423
2025-26,2026-05-11,Vallecano,Girona,D,0.273,0.2371,0.4898,0.2828,0.2942,0.423
2025-26,2026-05-12,Osasuna,Ath Madrid,A,0.4558,0.2339,0.3103,0.2828,0.2942,0.423
2025-26,2026-05-12,Celta,Levante,A,0.1794,0.1924,0.6283,0.2828,0.2942,0.423
2025-26,2026-05-12,Betis,Elche,H,0.2229,0.207,0.57,0.2828,0.2942,0.423
2025-26,2026-05-13,Man City,Crystal Palace,H,0.1661,0.2167,0.6172,0.2828,0.2942,0.423
2025-26,2026-05-13,Espanol,Ath Bilbao,H,0.4533,0.2661,0.2805,0.2828,0.2942,0.423
2025-26,2026-05-13,Villarreal,Sevilla,A,0.2079,0.1935,0.5986,0.2828,0.2942,0.423
2025-26,2026-05-13,Alaves,Barcelona,H,0.588,0.2062,0.2058,0.2828,0.2942,0.423
2025-26,2026-05-13,Getafe,Mallorca,H,0.2501,0.3082,0.4417,0.2828,0.2942,0.423
2025-26,2026-05-14,Valencia,Vallecano,D,0.3481,0.2665,0.3854,0.2828,0.2942,0.423
2025-26,2026-05-14,Girona,Sociedad,D,0.4306,0.2337,0.3357,0.2828,0.2942,0.423
2025-26,2026-05-14,Real Madrid,Oviedo,H,0.0378,0.091,0.8712,0.29,0.26,0.45
2025-26,2026-05-15,Aston Villa,Liverpool,H,0.3979,0.235,0.3671,0.2828,0.2942,0.423
2025-26,2026-05-16,Werder Bremen,Dortmund,A,0.578,0.21,0.212,0.2828,0.2942,0.423
2025-26,2026-05-16,Union Berlin,Augsburg,H,0.3225,0.2633,0.4141,0.2828,0.2942,0.423
2025-26,2026-05-16,M'gladbach,Hoffenheim,H,0.4088,0.2143,0.3769,0.29,0.26,0.45
2025-26,2026-05-16,Heidenheim,Mainz,A,0.4174,0.2372,0.3454,0.2828,0.2942,0.423
2025-26,2026-05-16,Ein Frankfurt,Stuttgart,D,0.3845,0.2073,0.4082,0.2828,0.2942,0.423
2025-26,2026-05-16,Freiburg,RB Leipzig,H,0.4471,0.2265,0.3265,0.2828,0.2942,0.423
2025-26,2026-05-16,St Pauli,Wolfsburg,A,0.4778,0.279,0.2432,0.2828,0.2942,0.423
2025-26,2026-05-16,Leverkusen,Hamburg,D,0.1049,0.1618,0.7333,0.2828,0.2942,0.423
2025-26,2026-05-16,Bayern Munich,FC Koln,H,0.0523,0.0879,0.8599,0.2828,0.2942,0.423
2025-26,2026-05-17,Brentford,Crystal Palace,D,0.2926,0.2426,0.4648,0.2828,0.2942,0.423
2025-26,2026-05-17,Man United,Nott'm Forest,H,0.2488,0.2253,0.526,0.29,0.26,0.45
2025-26,2026-05-17,Oviedo,Alaves,A,0.5425,0.2681,0.1894,0.29,0.26,0.45
2025-26,2026-05-17,Wolves,Fulham,D,0.3864,0.2568,0.3568,0.2828,0.2942,0.423
2025-26,2026-05-17,Newcastle,West Ham,H,0.1805,0.19,0.6295,0.2828,0.2942,0.423
2025-26,2026-05-17,Leeds,Brighton,H,0.4739,0.2297,0.2964,0.2828,0.2942,0.423
2025-26,2026-05-17,Barcelona,Betis,H,0.1648,0.1726,0.6625,0.2828,0.2942,0.423
2025-26,2026-05-17,Everton,Sunderland,A,0.1868,0.2956,0.5175,0.2828,0.2942,0.423
2025-26,2026-05-17,Sociedad,Valencia,A,0.2363,0.2396,0.5241,0.2828,0.2942,0.423
2025-26,2026-05-17,Sevilla,Real Madrid,A,0.5733,0.2086,0.2181,0.2828,0.2942,0.423
2025-26,2026-05-17,Osasuna,Espanol,A,0.1967,0.2259,0.5774,0.2828,0.2942,0.423
2025-26,2026-05-17,Levante,Mallorca,H,0.3695,0.2581,0.3723,0.2828,0.2942,0.423
2025-26,2026-05-17,Elche,Getafe,H,0.3519,0.2785,0.3696,0.2828,0.2942,0.423
2025-26,2026-05-17,Ath Bilbao,Celta,D,0.3109,0.2351,0.454,0.2828,0.2942,0.423
2025-26,2026-05-17,Ath Madrid,Girona,H,0.1571,0.1843,0.6586,0.2828,0.2942,0.423
2025-26,2026-05-17,Vallecano,Villarreal,H,0.3676,0.2354,0.397,0.2828,0.2942,0.423
2025-26,2026-05-18,Arsenal,Burnley,H,0.0338,0.0869,0.8793,0.2828,0.2942,0.423
2025-26,2026-05-19,Bournemouth,Man City,D,0.5328,0.223,0.2441,0.2828,0.2942,0.423
2025-26,2026-05-19,Chelsea,Tottenham,H,0.2741,0.2109,0.515,0.2828,0.2942,0.423
2025-26,2026-05-23,Mallorca,Oviedo,H,0.1416,0.2543,0.6041,0.29,0.26,0.45
2025-26,2026-05-23,Girona,Elche,D,0.2897,0.2255,0.4848,0.2828,0.2942,0.423
2025-26,2026-05-23,Valencia,Barcelona,H,0.5755,0.2111,0.2134,0.2828,0.2942,0.423
2025-26,2026-05-23,Getafe,Osasuna,H,0.3383,0.2835,0.3783,0.2828,0.2942,0.423
2025-26,2026-05-23,Espanol,Sociedad,D,0.4809,0.2517,0.2674,0.2828,0.2942,0.423
2025-26,2026-05-23,Betis,Levante,H,0.1671,0.1817,0.6511,0.2828,0.2942,0.423
2025-26,2026-05-23,Alaves,Vallecano,A,0.351,0.2702,0.3788,0.2828,0.2942,0.423
2025-26,2026-05-23,Real Madrid,Ath Bilbao,H,0.1654,0.1981,0.6364,0.2828,0.2942,0.423
2025-26,2026-05-23,Celta,Sevilla,H,0.2743,0.2169,0.5088,0.2828,0.2942,0.423
2025-26,2026-05-24,Tottenham,Everton,H,0.2666,0.2478,0.4856,0.2828,0.2942,0.423
2025-26,2026-05-24,Sunderland,Chelsea,H,0.5439,0.25,0.2061,0.2828,0.2942,0.423
2025-26,2026-05-24,Fulham,Newcastle,H,0.4363,0.24,0.3237,0.2828,0.2942,0.423
2025-26,2026-05-24,West Ham,Leeds,H,0.3149,0.2332,0.4519,0.2828,0.2942,0.423
2025-26,2026-05-24,Nott'm Forest,Bournemouth,D,0.3452,0.2418,0.4131,0.29,0.26,0.45
2025-26,2026-05-24,Liverpool,Brentford,D,0.2461,0.2159,0.538,0.2828,0.2942,0.423
2025-26,2026-05-24,Crystal Palace,Arsenal,A,0.5244,0.2566,0.219,0.2828,0.2942,0.423
2025-26,2026-05-24,Burnley,Wolves,D,0.478,0.2383,0.2837,0.2828,0.2942,0.423
2025-26,2026-05-24,Brighton,Man United,A,0.3063,0.2238,0.47,0.2828,0.2942,0.423
2025-26,2026-05-24,Villarreal,Ath Madrid,H,0.419,0.2213,0.3597,0.2828,0.2942,0.423
2025-26,2026-05-24,Man City,Aston Villa,A,0.1637,0.199,0.6373,0.2828,0.2942,0.423
2026-27,2026-08-15,Deportivo Alavés,Getafe CF,H,0.3094,0.3054,0.3852,0.2828,0.2942,0.423
2026-27,2026-08-15,Sevilla FC,Rayo Vallecano de Madrid,H,0.29,0.26,0.45,0.29,0.26,0.45
2026-27,2026-08-16,Real Racing Club de Santander,Villarreal CF,D,0.29,0.26,0.45,0.29,0.26,0.45
2026-27,2026-08-16,RCD Espanyol de Barcelona,Levante UD,H,0.29,0.26,0.45,0.29,0.26,0.45
2026-27,2026-08-17,RC Deportivo La Coruña,Elche CF,D,0.29,0.26,0.45,0.29,0.26,0.45
2026-27,2026-08-19,Club Atlético de Madrid,Málaga CF,H,0.0902,0.1577,0.752,0.29,0.26,0.45
2026-27,2026-08-20,Rayo Vallecano de Madrid,Deportivo Alavés,D,0.29,0.26,0.45,0.29,0.26,0.45
2026-27,2026-08-21,Arsenal FC,Coventry City FC,H,0.0404,0.1044,0.8552,0.2828,0.2942,0.423
2026-27,2026-08-21,Real Betis Balompié,Real Sociedad de Fútbol,H,0.3276,0.2346,0.4378,0.2828,0.2942,0.423
2026-27,2026-08-22,Hull City AFC,Manchester United FC,H,0.6877,0.1792,0.1332,0.2828,0.2942,0.423
2026-27,2026-08-22,RCD Espanyol de Barcelona,Real Madrid CF,A,0.29,0.26,0.45,0.29,0.26,0.45
2026-27,2026-08-22,Nottingham Forest FC,Leeds United FC,A,0.3317,0.2433,0.425,0.2828,0.2942,0.423
2026-27,2026-08-22,Everton FC,Crystal Palace FC,H,0.3552,0.2829,0.3619,0.2828,0.2942,0.423
2026-27,2026-08-22,Ipswich Town FC,Sunderland AFC,H,0.497,0.2593,0.2436,0.2828,0.2942,0.423
2026-27,2026-08-22,Athletic Club,Sevilla FC,A,0.2651,0.2448,0.4901,0.2828,0.2942,0.423
2026-27,2026-08-22,Valencia CF,RC Celta de Vigo,D,0.335,0.238,0.427,0.2828,0.2942,0.423
2026-27,2026-08-22,Brentford FC,Tottenham Hotspur FC,H,0.2945,0.2234,0.4821,0.2828,0.2942,0.423
2026-27,2026-08-23,Brighton & Hove Albion FC,Aston Villa FC,H,0.3042,0.234,0.4618,0.2828,0.2942,0.423
2026-27,2026-08-23,Getafe CF,Real Racing Club de Santander,H,0.29,0.26,0.45,0.29,0.26,0.45
2026-27,2026-08-23,Elche CF,FC Barcelona,A,0.6263,0.1848,0.1889,0.2828,0.2942,0.423
2026-27,2026-08-23,Newcastle United FC,Liverpool FC,D,0.3463,0.2254,0.4283,0.2828,0.2942,0.423
2026-27,2026-08-23,Manchester City FC,AFC Bournemouth,H,0.1522,0.1887,0.6591,0.2828,0.2942,0.423
2026-27,2026-08-23,Club Atlético de Madrid,Villarreal CF,D,0.244,0.2041,0.5519,0.2828,0.2942,0.423
2026-27,2026-08-24,Málaga CF,RC Deportivo La Coruña,D,0.29,0.26,0.45,0.29,0.26,0.45
2026-27,2026-08-24,CA Osasuna,Levante UD,D,0.1983,0.2007,0.601,0.2828,0.2942,0.423
2026-27,2026-08-24,Fulham FC,Chelsea FC,A,0.4008,0.2441,0.3551,0.2828,0.2942,0.423
2026-27,2026-08-25,Valencia CF,Real Betis Balompié,A,0.3516,0.2459,0.4025,0.2828,0.2942,0.423
2026-27,2026-08-26,Real Madrid CF,Real Sociedad de Fútbol,H,0.1803,0.1939,0.6258,0.2828,0.2942,0.423
2026-27,2026-08-27,FC Barcelona,Athletic Club,H,0.1575,0.1814,0.6612,0.2828,0.2942,0.423
2026-27,2026-08-27,RC Celta de Vigo,CA Osasuna,A,0.313,0.2267,0.4602,0.2828,0.2942,0.423
2026-27,2026-08-28,Real Racing Club de Santander,Elche CF,H,0.29,0.26,0.45,0.29,0.26,0.45
2026-27,2026-08-28,Deportivo Alavés,Villarreal CF,H,0.4194,0.2353,0.3453,0.2828,0.2942,0.423
2026-27,2026-08-28,Crystal Palace FC,Manchester City FC,A,0.5082,0.2468,0.245,0.2828,0.2942,0.423
2026-27,2026-08-28,FC Bayern München,VfB Stuttgart,H,0.1234,0.1445,0.7321,0.2828,0.2942,0.423
2026-27,2026-08-29,1. FC Union Berlin,Eintracht Frankfurt,D,0.4701,0.2282,0.3017,0.2828,0.2942,0.423
2026-27,2026-08-29,Coventry City FC,Hull City AFC,A,0.3443,0.2897,0.366,0.2828,0.2942,0.423
2026-27,2026-08-29,Sevilla FC,Club Atlético de Madrid,A,0.5513,0.2229,0.2257,0.2828,0.2942,0.423
2026-27,2026-08-29,Real Sociedad de Fútbol,RCD Espanyol de Barcelona,H,0.1929,0.2353,0.5718,0.2828,0.2942,0.423
2026-27,2026-08-29,Levante UD,Real Betis Balompié,H,0.5721,0.217,0.2109,0.2828,0.2942,0.423
2026-27,2026-08-29,Tottenham Hotspur FC,Newcastle United FC,A,0.4181,0.2211,0.3607,0.2828,0.2942,0.423
2026-27,2026-08-29,Liverpool FC,Nottingham Forest FC,D,0.1227,0.1779,0.6994,0.2828,0.2942,0.423
2026-27,2026-08-29,1. FSV Mainz 05,SC Paderborn 07,D,0.2106,0.2405,0.549,0.2828,0.2942,0.423
2026-27,2026-08-29,AFC Bournemouth,Everton FC,D,0.2853,0.2672,0.4475,0.2828,0.2942,0.423
2026-27,2026-08-29,SV 07 Elversberg,Bayer 04 Leverkusen,H,0.6256,0.2083,0.1661,0.2828,0.2942,0.423
2026-27,2026-08-29,1. FC Köln,TSG 1899 Hoffenheim,H,0.4955,0.2078,0.2967,0.2828,0.2942,0.423
2026-27,2026-08-29,Borussia Dortmund,Hamburger SV,H,0.1211,0.1797,0.6992,0.2828,0.2942,0.423
2026-27,2026-08-29,RB Leipzig,Borussia Mönchengladbach,H,0.2014,0.2017,0.5969,0.2828,0.2942,0.423
2026-27,2026-08-30,RC Celta de Vigo,Athletic Club,A,0.3155,0.2471,0.4374,0.2828,0.2942,0.423
2026-27,2026-08-30,Sunderland AFC,Fulham FC,H,0.4207,0.2988,0.2804,0.2828,0.2942,0.423
2026-27,2026-08-30,Chelsea FC,Brighton & Hove Albion FC,H,0.3171,0.2301,0.4528,0.2828,0.2942,0.423
2026-27,2026-08-30,Leeds United FC,Brentford FC,D,0.473,0.2431,0.2839,0.2828,0.2942,0.423
2026-27,2026-08-30,Real Madrid CF,Málaga CF,H,0.0636,0.1323,0.8041,0.2828,0.2942,0.423
2026-27,2026-08-30,RC Deportivo La Coruña,Valencia CF,H,0.423,0.2918,0.2852,0.2828,0.2942,0.423
2026-27,2026-08-30,SC Freiburg,SV Werder Bremen,H,0.209,0.2206,0.5704,0.2828,0.2942,0.423
2026-27,2026-08-30,FC Augsburg,FC Schalke 04,H,0.2845,0.251,0.4646,0.2828,0.2942,0.423
2026-27,2026-08-30,Manchester United FC,Ipswich Town FC,H,0.0765,0.1205,0.8031,0.2828,0.2942,0.423
2026-27,2026-08-31,Aston Villa FC,Arsenal FC,A,0.5402,0.2473,0.2125,0.2828,0.2942,0.423
2026-27,2026-08-31,CA Osasuna,Getafe CF,H,0.2716,0.2987,0.4297,0.2828,0.2942,0.423
2026-27,2026-08-31,FC Barcelona,Rayo Vallecano de Madrid,H,0.0671,0.1256,0.8073,0.2828,0.2942,0.423
2026-27,2026-09-03,Real Sociedad de Fútbol,RC Celta de Vigo,D,0.3074,0.2318,0.4609,0.2828,0.2942,0.423
