season,src_league,fotmob_id,team_key,goals,assists,shots,sot,xg,npxg,xa,fouls,fouled,tackles,interceptions,blocks,clearances,recoveries,touches,touches_box,dispossessed,aerials_won,chances_created,saves,goals_conceded,minutes,matches,player,team,position
2026-27,ENG1,113836,chelsea,0.0,0.0,0.0,0.0,0.0,0.0,0.06,0,0.0,0,0,1.0,0,0,8,3.0,0.0,0.0,1.0,0.0,0.0,15,2,Danny Welbeck,Chelsea,3.0
2026-27,ENG1,160447,bournemouth,0.0,0.0,1.0,0.0,0.01,0.01,0.07,6,6.0,5,4,0.0,12,13,197,1.0,0.0,6.0,3.0,0.0,0.0,360,4,Adam Smith,Bournemouth,1.0
2026-27,ENG1,167008,brighton hove albion,2.0,2.0,8.0,2.0,1.6600000000000001,0.8700000000000001,0.61,7,0.0,6,2,1.0,3,9,366,13.0,2.0,4.0,13.0,0.0,0.0,360,4,Pascal Groß,Brighton and Hove Albion,2.0
2026-27,ENG1,169719,nottingham forest,0.0,0.0,1.0,0.0,0.12,0.12,0.01,0,1.0,0,0,0.0,0,1,12,1.0,0.0,3.0,0.0,0.0,0.0,45,3,Chris Wood,Nottingham Forest,3.0
2026-27,ENG1,181069,nottingham forest,0.0,0.0,0.0,0.0,0.0,0.0,0.01,0,0.0,0,0,0.0,6,37,145,0.0,0.0,3.0,0.0,9.0,4.0,360,4,Matz Sels,Nottingham Forest,0.0
2026-27,ENG1,184321,brentford,0.0,0.0,2.0,0.0,0.07,0.07,0.04,1,0.0,0,0,0.0,1,1,10,3.0,1.0,2.0,1.0,0.0,0.0,13,3,Callum Wilson,Brentford,3.0
2026-27,ENG1,189982,newcastle united,0.0,0.0,0.0,0.0,0.0,0.0,0.0,0,0.0,0,0,0.0,0,0,0,0.0,0.0,0.0,0.0,0.0,0.0,1,1,Fabian Schär,Newcastle United,1.0
2026-27,ENG1,195782,aston villa,0.0,0.0,0.0,0.0,0.0,0.0,0.0,0,0.0,0,0,0.0,2,6,38,0.0,0.0,0.0,0.0,3.0,4.0,90,1,Marco Bizot,Aston Villa,0.0
2026-27,ENG1,201690,brighton hove albion,1.0,0.0,1.0,1.0,0.03,0.03,0.09,4,2.0,3,1,3.0,16,13,432,2.0,0.0,13.0,0.0,0.0,0.0,360,4,Lewis Dunk,Brighton and Hove Albion,1.0
2026-27,ENG1,207236,sunderland,0.0,0.0,1.0,0.0,0.06,0.06,0.94,4,9.0,6,5,2.0,2,31,315,1.0,4.0,5.0,10.0,0.0,0.0,360,4,Granit Xhaka,Sunderland,2.0
2026-27,ENG1,209405,liverpool,0.0,0.0,2.0,1.0,0.25,0.25,0.07,1,0.0,5,6,1.0,23,16,387,4.0,0.0,10.0,1.0,0.0,0.0,360,4,Virgil van Dijk,Liverpool,1.0
2026-27,ENG1,215168,fulham,0.0,0.0,0.0,0.0,0.0,0.0,0.0,0,0.0,0,0,0.0,4,33,203,0.0,0.0,1.0,0.0,11.0,7.0,360,4,Bernd Leno,Fulham,0.0
2026-27,ENG1,215384,aston villa,0.0,0.0,7.0,1.0,0.38,0.38,0.14,3,4.0,7,0,1.0,3,13,250,4.0,10.0,3.0,6.0,0.0,0.0,305,4,Ross Barkley,Aston Villa,2.0
2026-27,ENG1,239219,manchester city,0.0,0.0,0.0,0.0,0.0,0.0,0.02,0,0.0,0,0,0.0,0,2,61,0.0,0.0,1.0,0.0,0.0,0.0,42,2,Mateo Kovačić,Manchester City,2.0
2026-27,ENG1,243138,everton,1.0,0.0,3.0,1.0,0.17,0.17,0.03,1,5.0,10,10,3.0,16,13,238,5.0,0.0,15.0,1.0,0.0,0.0,360,4,James Tarkowski,Everton,1.0
2026-27,ENG1,255610,manchester united,0.0,0.0,5.0,1.0,0.19,0.19,0.43000000000000005,7,1.0,2,5,2.0,17,17,295,12.0,0.0,15.0,2.0,0.0,0.0,360,4,Harry Maguire,Manchester United,1.0
2026-27,ENG1,258269,aston villa,0.0,0.0,1.0,1.0,0.44,0.44,0.17,1,0.0,1,0,1.0,14,5,271,3.0,1.0,2.0,2.0,0.0,0.0,360,4,Victor Nilsson Lindelöf,Aston Villa,1.0
2026-27,ENG1,268375,chelsea,0.0,0.0,0.0,0.0,0.0,0.0,0.01,0,2.0,0,0,0.0,1,31,129,0.0,0.0,1.0,2.0,15.0,7.0,270,3,Emiliano Martínez,Chelsea,0.0
2026-27,ENG1,277771,sunderland,0.0,0.0,7.0,4.0,0.34,0.34,0.13,2,0.0,2,4,0.0,10,12,197,8.0,0.0,3.0,1.0,0.0,0.0,320,4,Thomas Meunier,Sunderland,1.0
2026-27,ENG1,280507,hull city,0.0,0.0,0.0,0.0,0.0,0.0,0.0,5,1.0,6,0,3.0,6,4,60,0.0,1.0,4.0,0.0,0.0,0.0,159,2,Matt Crooks,Hull City,2.0
2026-27,ENG1,295062,hull city,0.0,0.0,2.0,0.0,0.04,0.04,0.0,3,1.0,7,6,4.0,38,11,175,2.0,1.0,9.0,0.0,0.0,0.0,360,4,John Egan,Hull City,1.0
2026-27,ENG1,295067,crystal palace,0.0,0.0,0.0,0.0,0.0,0.0,0.04,0,0.0,1,0,0.0,3,3,22,0.0,0.0,0.0,1.0,0.0,0.0,29,2,Will Hughes,Crystal Palace,2.0
2026-27,ENG1,303919,everton,0.0,0.0,0.0,0.0,0.0,0.0,0.02,0,3.0,0,0,0.0,6,46,197,0.0,0.0,1.0,0.0,11.0,3.0,360,4,Jordan Pickford,Everton,0.0
2026-27,ENG1,312765,everton,0.0,0.0,1.0,0.0,0.02,0.02,0.14,1,3.0,2,0,0.0,2,1,33,5.0,1.0,0.0,1.0,0.0,0.0,49,2,Jack Grealish,Everton,3.0
2026-27,ENG1,312765,manchester city,0.0,0.0,0.0,0.0,0.0,0.0,0.0,1,0.0,1,0,0.0,0,0,9,0.0,1.0,0.0,0.0,0.0,0.0,8,1,Jack Grealish,Manchester City,3.0
2026-27,ENG1,319784,liverpool,0.0,0.0,0.0,0.0,0.0,0.0,0.0,1,0.0,0,0,0.0,6,38,157,0.0,0.0,0.0,0.0,12.0,4.0,360,4,Alisson Becker,Liverpool,0.0
2026-27,ENG1,356406,aston villa,0.0,1.0,4.0,0.0,0.77,0.77,0.2,5,13.0,5,4,0.0,2,13,176,5.0,10.0,1.0,3.0,0.0,0.0,352,4,John McGinn,Aston Villa,3.0
2026-27,ENG1,357880,tottenham hotspur,0.0,0.0,2.0,1.0,0.13,0.13,0.16999999999999998,0,2.0,3,3,3.0,8,8,238,9.0,0.0,2.0,4.0,0.0,0.0,277,4,Andrew Robertson,Tottenham Hotspur,1.0
2026-27,ENG1,362694,manchester united,0.0,1.0,1.0,0.0,0.02,0.02,0.51,2,1.0,6,4,3.0,7,6,216,6.0,1.0,5.0,5.0,0.0,0.0,252,3,Luke Shaw,Manchester United,1.0
2026-27,ENG1,410836,hull city,1.0,0.0,2.0,1.0,0.65,0.65,0.0,1,1.0,4,4,0.0,15,11,136,4.0,1.0,6.0,0.0,0.0,0.0,334,4,Semi Ajayi,Hull City,1.0
2026-27,ENG1,413158,ipswich town,1.0,0.0,1.0,1.0,0.97,0.97,0.0,1,2.0,1,0,0.0,0,2,20,2.0,1.0,2.0,0.0,0.0,0.0,69,2,Chuba Akpom,Ipswich Town,2.0
2026-27,ENG1,419664,aston villa,0.0,0.0,4.0,0.0,0.2,0.2,0.02,1,2.0,3,1,2.0,5,4,134,4.0,0.0,6.0,0.0,0.0,0.0,171,3,Tyrone Mings,Aston Villa,1.0
2026-27,ENG1,422685,manchester united,3.0,1.0,16.0,5.0,2.2800000000000002,1.49,1.13,3,1.0,4,0,1.0,2,16,336,11.0,2.0,0.0,9.0,0.0,0.0,360,4,Bruno Fernandes,Manchester United,2.0
2026-27,ENG1,439369,bournemouth,0.0,0.0,0.0,0.0,0.0,0.0,0.12,0,0.0,1,3,0.0,0,5,33,2.0,3.0,1.0,1.0,0.0,0.0,28,3,Ryan Christie,Bournemouth,2.0
2026-27,ENG1,448897,crystal palace,0.0,0.0,0.0,0.0,0.0,0.0,0.0,0,0.0,0,0,0.0,1,7,38,0.0,0.0,1.0,0.0,3.0,3.0,90,1,Walter Benítez,Crystal Palace,0.0
2026-27,ENG1,465750,fulham,0.0,1.0,4.0,2.0,0.6699999999999999,0.6699999999999999,0.38,7,4.0,6,4,2.0,8,14,247,9.0,0.0,3.0,4.0,0.0,0.0,320,4,Timothy Castagne,Fulham,1.0
2026-27,ENG1,465960,manchester united,0.0,0.0,6.0,3.0,0.5599999999999999,0.5599999999999999,0.32,1,7.0,4,5,1.0,3,17,319,6.0,0.0,4.0,6.0,0.0,0.0,314,4,Youri Tielemans,Manchester United,2.0
2026-27,ENG1,466672,crystal palace,0.0,0.0,0.0,0.0,0.0,0.0,0.0,0,0.0,0,0,0.0,1,0,6,0.0,0.0,1.0,0.0,0.0,0.0,6,1,Jefferson Lerma,Crystal Palace,2.0
2026-27,ENG1,469804,fulham,0.0,0.0,0.0,0.0,0.0,0.0,0.0,2,0.0,0,0,0.0,3,0,14,1.0,0.0,0.0,0.0,0.0,0.0,27,1,Kenny Tete,Fulham,1.0
2026-27,ENG1,478357,coventry,0.0,0.0,3.0,0.0,0.1,0.1,0.07,2,4.0,6,1,3.0,5,13,256,0.0,0.0,4.0,1.0,0.0,0.0,354,4,Matt Grimes,Coventry City,2.0
2026-27,ENG1,480253,sunderland,0.0,0.0,1.0,0.0,0.01,0.01,0.01,2,0.0,1,0,1.0,3,4,70,1.0,0.0,0.0,0.0,0.0,0.0,67,1,Luke O'Nien,Sunderland,1.0
2026-27,ENG1,493165,tottenham hotspur,0.0,0.0,0.0,0.0,0.0,0.0,0.02,0,2.0,0,1,1.0,1,2,48,4.0,1.0,0.0,0.0,0.0,0.0,35,2,James Maddison,Tottenham Hotspur,2.0
2026-27,ENG1,494417,leeds united,0.0,0.0,1.0,0.0,0.01,0.01,0.09,3,2.0,4,2,0.0,1,4,67,5.0,1.0,0.0,4.0,0.0,0.0,146,4,Harry Wilson,Leeds United,3.0
2026-27,ENG1,503659,fulham,0.0,0.0,0.0,0.0,0.0,0.0,0.1,3,2.0,2,2,0.0,11,9,225,4.0,1.0,7.0,3.0,0.0,0.0,180,2,Joachim Andersen,Fulham,1.0
2026-27,ENG1,509151,hull city,0.0,1.0,6.0,3.0,0.8700000000000001,0.8700000000000001,0.11000000000000001,5,9.0,3,0,0.0,6,6,130,14.0,2.0,20.0,5.0,0.0,0.0,352,4,Oli McBurnie,Hull City,3.0
2026-27,ENG1,517346,leeds united,0.0,0.0,1.0,0.0,0.05,0.05,0.57,1,2.0,2,2,3.0,18,7,163,9.0,3.0,4.0,2.0,0.0,0.0,236,3,Nico Elvedi,Leeds United,1.0
2026-27,ENG1,521148,newcastle united,0.0,0.0,0.0,0.0,0.0,0.0,0.34,2,3.0,2,0,0.0,1,7,47,3.0,2.0,1.0,0.0,0.0,0.0,92,4,Jacob Murphy,Newcastle United,3.0
2026-27,ENG1,534670,arsenal,2.0,0.0,6.0,2.0,1.01,1.01,1.3,0,6.0,6,1,0.0,3,11,248,15.0,1.0,0.0,12.0,0.0,0.0,309,4,Martin Ødegaard,Arsenal,2.0
2026-27,ENG1,538112,hull city,0.0,0.0,0.0,0.0,0.0,0.0,0.0,0,0.0,0,0,0.0,0,1,7,0.0,0.0,0.0,0.0,0.0,0.0,5,1,Matt Targett,Hull City,1.0
2026-27,ENG1,540963,fulham,0.0,0.0,1.0,0.0,0.03,0.03,0.34,1,0.0,4,1,2.0,2,8,222,6.0,3.0,1.0,5.0,0.0,0.0,275,4,Sander Berge,Fulham,2.0
2026-27,ENG1,552718,brentford,0.0,0.0,2.0,1.0,0.13,0.13,0.03,4,3.0,4,4,2.0,31,8,211,6.0,0.0,20.0,2.0,0.0,0.0,360,4,Kristoffer Ajer,Brentford,1.0
2026-27,ENG1,556972,ipswich town,0.0,1.0,1.0,0.0,0.02,0.02,0.16,8,1.0,6,5,1.0,9,10,233,2.0,1.0,1.0,5.0,0.0,0.0,330,4,Saša Lukić,Ipswich Town,2.0
2026-27,ENG1,562724,bournemouth,0.0,0.0,0.0,0.0,0.0,0.0,0.01,2,0.0,1,4,0.0,2,5,87,0.0,3.0,4.0,1.0,0.0,0.0,166,4,Lewis Cook,Bournemouth,2.0
2026-27,ENG1,562727,arsenal,0.0,0.0,0.0,0.0,0.0,0.0,0.01,0,2.0,0,0,0.0,6,44,166,0.0,0.0,4.0,0.0,7.0,1.0,360,4,David Raya,Arsenal,0.0
2026-27,ENG1,562892,brentford,0.0,0.0,0.0,0.0,0.0,0.0,0.0,0,0.0,0,0,0.0,0,0,2,0.0,0.0,0.0,0.0,0.0,0.0,2,1,Rico Henry,Brentford,1.0
2026-27,ENG1,574645,arsenal,0.0,0.0,2.0,1.0,0.14,0.14,0.02,3,2.0,0,0,0.0,0,6,51,2.0,1.0,1.0,0.0,0.0,0.0,51,4,Mikel Merino,Arsenal,2.0
2026-27,ENG1,575780,hull city,0.0,0.0,0.0,0.0,0.0,0.0,0.0,0,0.0,0,0,0.0,2,1,7,0.0,0.0,0.0,0.0,0.0,0.0,26,1,Paddy McNair,Hull City,1.0
2026-27,ENG1,591734,tottenham hotspur,0.0,0.0,3.0,1.0,0.44000000000000006,0.44000000000000006,0.01,2,2.0,0,0,0.0,1,2,35,7.0,4.0,1.0,0.0,0.0,0.0,106,4,Dominic Solanke,Tottenham Hotspur,3.0
2026-27,ENG1,600524,sunderland,0.0,0.0,0.0,0.0,0.0,0.0,0.32,8,5.0,8,8,1.0,12,18,245,3.0,2.0,9.0,2.0,0.0,0.0,360,4,Reinildo,Sunderland,1.0
2026-27,ENG1,602304,sunderland,0.0,0.0,4.0,1.0,0.7,0.7,0.05,4,2.0,9,2,3.0,25,13,176,5.0,2.0,8.0,0.0,0.0,0.0,270,3,Nordi Mukiele,Sunderland,1.0
2026-27,ENG1,604089,everton,1.0,0.0,2.0,1.0,0.06,0.06,0.14,0,0.0,2,1,0.0,2,4,50,0.0,0.0,0.0,1.0,0.0,0.0,88,2,Ainsley Maitland-Niles,Everton,1.0
2026-27,ENG1,604785,fulham,0.0,0.0,4.0,0.0,0.2,0.2,0.81,2,2.0,4,3,0.0,1,14,308,6.0,2.0,0.0,5.0,0.0,0.0,340,4,Alex Iwobi,Fulham,2.0
2026-27,ENG1,609733,ipswich town,0.0,0.0,0.0,0.0,0.0,0.0,0.0,0,0.0,1,1,0.0,1,0,19,0.0,0.0,2.0,0.0,0.0,0.0,17,1,Darnell Furlong,Ipswich Town,1.0
2026-27,ENG1,610184,aston villa,0.0,0.0,6.0,0.0,0.78,0.78,0.17,4,6.0,2,2,0.0,1,14,154,8.0,3.0,4.0,2.0,0.0,0.0,314,4,Emiliano Buendía,Aston Villa,3.0
2026-27,ENG1,612150,leeds united,3.0,0.0,10.0,6.0,2.6,2.6,0.08,8,3.0,0,0,0.0,5,9,95,14.0,0.0,20.0,1.0,0.0,0.0,331,4,Dominic Calvert-Lewin,Leeds United,3.0
2026-27,ENG1,613715,brighton hove albion,0.0,0.0,2.0,1.0,0.060000000000000005,0.060000000000000005,0.51,8,6.0,2,4,1.0,15,15,339,5.0,0.0,7.0,7.0,0.0,0.0,347,4,Olivier Boscagli,Brighton and Hove Albion,1.0
2026-27,ENG1,614006,manchester city,0.0,0.0,1.0,1.0,0.09,0.09,0.74,1,1.0,1,3,1.0,17,16,444,4.0,0.0,12.0,3.0,0.0,0.0,360,4,Rúben Dias,Manchester City,1.0
2026-27,ENG1,618878,manchester city,0.0,0.0,0.0,0.0,0.0,0.0,0.0,0,0.0,0,0,0.0,2,24,147,0.0,0.0,2.0,0.0,10.0,2.0,360,4,Gianluigi Donnarumma,Manchester City,0.0
2026-27,ENG1,620027,nottingham forest,0.0,0.0,4.0,1.0,0.14,0.14,0.08,3,2.0,15,5,1.0,3,18,161,3.0,2.0,2.0,1.0,0.0,0.0,286,4,Xaver Schlager,Nottingham Forest,2.0
2026-27,ENG1,620618,tottenham hotspur,0.0,0.0,1.0,0.0,0.02,0.02,0.08,8,0.0,9,3,3.0,13,15,227,1.0,2.0,8.0,1.0,0.0,0.0,288,4,Rodrigo Bentancur,Tottenham Hotspur,2.0
2026-27,ENG1,621515,crystal palace,0.0,3.0,1.0,0.0,0.05,0.05,0.35000000000000003,1,6.0,10,1,0.0,3,14,202,6.0,3.0,2.0,6.0,0.0,0.0,353,4,Daichi Kamada,Crystal Palace,2.0
2026-27,ENG1,643717,coventry,0.0,0.0,6.0,2.0,1.3,1.3,0.04,3,2.0,1,1,0.0,2,7,70,12.0,1.0,2.0,4.0,0.0,0.0,234,4,Taiwo Awoniyi,Coventry City,3.0
2026-27,ENG1,650616,brentford,0.0,0.0,2.0,1.0,0.08,0.08,0.34,3,0.0,2,0,0.0,0,3,41,2.0,1.0,0.0,3.0,0.0,0.0,67,1,Mathias Jensen,Brentford,2.0
2026-27,ENG1,654096,arsenal,0.0,2.0,3.0,0.0,0.1,0.1,0.63,3,0.0,5,3,3.0,10,13,332,0.0,0.0,4.0,6.0,0.0,0.0,324,4,Declan Rice,Arsenal,2.0
2026-27,ENG1,654908,tottenham hotspur,0.0,0.0,0.0,0.0,0.0,0.0,0.0,2,1.0,0,0,0.0,1,0,17,0.0,1.0,0.0,0.0,0.0,0.0,68,1,Richarlison,Tottenham Hotspur,3.0
2026-27,ENG1,662428,fulham,0.0,0.0,4.0,0.0,0.26,0.26,0.21000000000000002,3,2.0,10,2,1.0,11,16,284,6.0,1.0,1.0,5.0,0.0,0.0,341,4,Antonee Robinson,Fulham,1.0
2026-27,ENG1,664444,crystal palace,0.0,0.0,0.0,0.0,0.0,0.0,0.02,1,2.0,2,5,0.0,7,7,116,3.0,0.0,3.0,0.0,0.0,0.0,145,3,Takehiro Tomiyasu,Crystal Palace,1.0
2026-27,ENG1,664500,arsenal,0.0,0.0,0.0,0.0,0.0,0.0,0.0,1,0.0,0,0,0.0,0,1,5,0.0,0.0,0.0,0.0,0.0,0.0,12,1,Viktor Gyökeres,Arsenal,3.0
2026-27,ENG1,666857,newcastle united,1.0,1.0,7.0,2.0,1.51,1.51,0.05,9,11.0,6,0,0.0,4,12,131,13.0,8.0,7.0,4.0,0.0,0.0,351,4,Yoane Wissa,Newcastle United,3.0
2026-27,ENG1,671529,liverpool,0.0,0.0,1.0,1.0,0.04,0.04,0.02,4,0.0,1,1,0.0,1,3,70,1.0,1.0,0.0,0.0,0.0,0.0,64,2,Konstantinos Tsimikas,Liverpool,2.0
2026-27,ENG1,672469,crystal palace,1.0,0.0,2.0,1.0,0.27,0.27,0.01,0,2.0,0,0,0.0,1,0,19,2.0,0.0,0.0,0.0,0.0,0.0,29,2,Ben Chilwell,Crystal Palace,1.0
2026-27,ENG1,674014,bournemouth,0.0,0.0,0.0,0.0,0.0,0.0,0.01,3,1.0,0,0,1.0,1,1,21,1.0,0.0,0.0,0.0,0.0,0.0,30,3,David Brooks,Bournemouth,3.0
2026-27,ENG1,682548,nottingham forest,0.0,0.0,2.0,1.0,0.04,0.04,0.5700000000000001,5,4.0,10,3,0.0,9,14,209,3.0,3.0,4.0,4.0,0.0,0.0,309,4,Ola Aina,Nottingham Forest,1.0
2026-27,ENG1,683402,tottenham hotspur,0.0,0.0,0.0,0.0,0.0,0.0,0.0,0,0.0,2,0,0.0,2,1,11,0.0,0.0,0.0,0.0,0.0,0.0,5,1,Tosin Adarabioyo,Tottenham Hotspur,1.0
2026-27,ENG1,688273,brentford,2.0,0.0,3.0,2.0,0.5,0.5,0.4,9,1.0,14,16,3.0,6,16,256,6.0,3.0,4.0,5.0,0.0,0.0,360,4,Vitaly Janelt,Brentford,2.0
2026-27,ENG1,690107,liverpool,3.0,0.0,12.0,6.0,2.79,2.79,0.060000000000000005,1,3.0,1,0,1.0,1,3,86,17.0,4.0,5.0,2.0,0.0,0.0,334,4,Alexander Isak,Liverpool,3.0
2026-27,ENG1,693599,ipswich town,0.0,0.0,0.0,0.0,0.0,0.0,0.07,4,5.0,8,5,1.0,4,20,176,2.0,0.0,1.0,3.0,0.0,0.0,196,3,Exequiel Palacios,Ipswich Town,2.0
2026-27,ENG1,696365,manchester united,0.0,0.0,7.0,2.0,0.38,0.38,0.29000000000000004,2,6.0,4,1,0.0,1,10,175,23.0,0.0,1.0,9.0,0.0,0.0,278,4,Marcus Rashford,Manchester United,3.0
2026-27,ENG1,696443,ipswich town,0.0,0.0,0.0,0.0,0.0,0.0,0.15,4,0.0,4,9,5.0,17,17,241,2.0,1.0,4.0,1.0,0.0,0.0,360,4,Issa Diop,Ipswich Town,1.0
2026-27,ENG1,696646,crystal palace,0.0,0.0,0.0,0.0,0.0,0.0,0.04,3,0.0,5,6,2.0,7,11,115,1.0,1.0,3.0,1.0,0.0,0.0,140,3,Axel Disasi,Crystal Palace,1.0
2026-27,ENG1,706297,crystal palace,0.0,0.0,2.0,0.0,0.7,0.7,0.02,2,0.0,2,0,0.0,1,2,21,2.0,1.0,1.0,1.0,0.0,0.0,63,1,Jean-Philippe Mateta,Crystal Palace,3.0
2026-27,ENG1,709148,hull city,0.0,0.0,1.0,0.0,0.13,0.13,0.03,2,4.0,2,1,0.0,6,8,107,1.0,1.0,2.0,2.0,0.0,0.0,261,4,Lewie Coyle,Hull City,1.0
2026-27,ENG1,710158,leeds united,0.0,1.0,3.0,2.0,0.17,0.17,0.30000000000000004,3,4.0,13,4,2.0,16,12,198,6.0,2.0,11.0,3.0,0.0,0.0,360,4,James Justin,Leeds United,1.0
2026-27,ENG1,710159,arsenal,0.0,0.0,0.0,0.0,0.0,0.0,0.01,3,4.0,5,3,1.0,10,6,106,2.0,1.0,7.0,0.0,0.0,0.0,191,3,Ezri Konsa,Arsenal,1.0
2026-27,ENG1,711357,coventry,0.0,0.0,2.0,0.0,0.12,0.12,0.0,1,0.0,3,2,2.0,18,3,78,3.0,0.0,4.0,0.0,0.0,0.0,192,3,Ethan Pinnock,Coventry City,1.0
2026-27,ENG1,717174,leeds united,0.0,0.0,1.0,0.0,0.03,0.03,0.06,3,2.0,1,1,1.0,8,2,59,2.0,0.0,4.0,1.0,0.0,0.0,124,2,Joe Rodon,Leeds United,1.0
2026-27,ENG1,717176,leeds united,0.0,0.0,6.0,0.0,0.35,0.35,0.01,1,0.0,0,0,0.0,0,4,23,2.0,0.0,0.0,0.0,0.0,0.0,29,2,Daniel James,Leeds United,2.0
2026-27,ENG1,719330,crystal palace,0.0,0.0,0.0,0.0,0.0,0.0,0.0,0,0.0,0,0,0.0,6,31,116,0.0,0.0,0.0,0.0,12.0,8.0,270,3,Dean Henderson,Crystal Palace,0.0
2026-27,ENG1,728765,ipswich town,0.0,0.0,3.0,2.0,0.71,0.71,0.01,6,0.0,7,0,1.0,7,4,80,4.0,2.0,1.0,0.0,0.0,0.0,246,4,Daizen Maeda,Ipswich Town,3.0
2026-27,ENG1,729731,aston villa,0.0,0.0,1.0,0.0,0.15,0.15,0.04,5,5.0,6,1,2.0,5,2,175,5.0,0.0,1.0,1.0,0.0,0.0,253,3,Matty Cash,Aston Villa,1.0
2026-27,ENG1,729769,bournemouth,0.0,0.0,1.0,1.0,0.03,0.03,0.03,3,3.0,5,6,1.0,0,16,160,0.0,0.0,1.0,1.0,0.0,0.0,194,4,Tyler Adams,Bournemouth,2.0
2026-27,ENG1,737066,manchester city,4.0,0.0,16.0,9.0,3.33,3.33,0.51,1,4.0,0,0,0.0,8,10,104,23.0,4.0,9.0,1.0,0.0,0.0,360,4,Erling Haaland,Manchester City,3.0
2026-27,ENG1,744494,leeds united,0.0,0.0,0.0,0.0,0.0,0.0,0.18,2,3.0,6,1,0.0,2,11,103,3.0,2.0,2.0,0.0,0.0,0.0,162,2,Gabriel Gudmundsson,Leeds United,2.0
2026-27,ENG1,749661,aston villa,0.0,0.0,0.0,0.0,0.0,0.0,0.0,0,0.0,1,0,0.0,0,1,19,1.0,0.0,1.0,0.0,0.0,0.0,69,3,Tammy Abraham,Aston Villa,3.0
2026-27,ENG1,749736,arsenal,2.0,0.0,8.0,5.0,0.8900000000000001,0.8900000000000001,0.35000000000000003,5,7.0,0,2,0.0,2,6,135,22.0,2.0,12.0,5.0,0.0,0.0,348,4,Kai Havertz,Arsenal,3.0
2026-27,ENG1,751550,manchester united,0.0,0.0,6.0,1.0,0.18,0.18,0.18,6,1.0,5,5,0.0,4,14,178,9.0,0.0,2.0,7.0,0.0,0.0,258,4,Diogo Dalot,Manchester United,1.0
2026-27,ENG1,751998,sunderland,0.0,0.0,0.0,0.0,0.0,0.0,0.01,0,0.0,0,0,0.0,0,2,38,0.0,0.0,1.0,0.0,0.0,0.0,23,1,Omar Alderete,Sunderland,1.0
2026-27,ENG1,754126,sunderland,0.0,0.0,0.0,0.0,0.0,0.0,0.16,1,2.0,1,0,2.0,9,6,107,1.0,0.0,3.0,2.0,0.0,0.0,180,2,Kevin Danso,Sunderland,1.0
2026-27,ENG1,759814,coventry,0.0,0.0,1.0,1.0,0.18,0.18,0.48000000000000004,1,0.0,4,2,4.0,9,10,191,1.0,2.0,4.0,3.0,0.0,0.0,355,4,Jay Dasilva,Coventry City,1.0
2026-27,ENG1,760320,aston villa,0.0,0.0,0.0,0.0,0.0,0.0,0.06,1,1.0,7,3,0.0,5,1,98,0.0,0.0,0.0,1.0,0.0,0.0,107,3,Aaron Wan-Bissaka,Aston Villa,1.0
2026-27,ENG1,760359,newcastle united,1.0,0.0,6.0,3.0,0.51,0.51,0.37,5,9.0,3,3,0.0,7,11,136,13.0,3.0,2.0,3.0,0.0,0.0,359,4,Harvey Barnes,Newcastle United,3.0
2026-27,ENG1,766611,nottingham forest,0.0,0.0,2.0,0.0,0.11,0.11,0.03,5,2.0,5,3,3.0,20,12,144,6.0,2.0,10.0,0.0,0.0,0.0,270,3,Nikola Milenković,Nottingham Forest,1.0
2026-27,ENG1,773991,fulham,0.0,0.0,3.0,1.0,0.13,0.13,0.44,0,0.0,1,2,0.0,0,3,74,6.0,2.0,1.0,1.0,0.0,0.0,50,3,Ryan Sessegnon,Fulham,1.0
2026-27,ENG1,774448,brighton hove albion,0.0,0.0,3.0,1.0,0.08,0.08,0.11,2,4.0,1,1,0.0,5,5,163,3.0,0.0,0.0,3.0,0.0,0.0,258,3,Ferdi Kadıoğlu,Brighton and Hove Albion,1.0
2026-27,ENG1,775355,coventry,0.0,0.0,0.0,0.0,0.0,0.0,0.02,3,0.0,1,0,0.0,0,2,26,0.0,1.0,1.0,0.0,0.0,0.0,32,3,Gustavo Hamer,Coventry City,3.0
2026-27,ENG1,775539,manchester united,0.0,0.0,1.0,0.0,0.22,0.22,0.060000000000000005,1,0.0,2,0,1.0,3,3,121,3.0,0.0,2.0,2.0,0.0,0.0,98,3,Noussair Mazraoui,Manchester United,1.0
2026-27,ENG1,776151,arsenal,0.0,1.0,1.0,0.0,0.18,0.18,0.29,2,3.0,6,3,0.0,9,9,240,13.0,1.0,6.0,3.0,0.0,0.0,315,4,Ben White,Arsenal,1.0
2026-27,ENG1,776184,coventry,0.0,0.0,2.0,2.0,0.21,0.21,0.05,0,5.0,0,5,0.0,1,5,55,4.0,1.0,3.0,0.0,0.0,0.0,138,4,Brandon Thomas-Asante,Coventry City,3.0
2026-27,ENG1,776689,brentford,0.0,0.0,0.0,0.0,0.0,0.0,0.01,0,0.0,0,0,0.0,5,26,175,0.0,0.0,1.0,0.0,15.0,4.0,360,4,Caoimhín Kelleher,Brentford,0.0
2026-27,ENG1,780432,leeds united,0.0,0.0,2.0,0.0,0.08,0.08,0.16,4,3.0,9,9,3.0,7,18,237,1.0,1.0,4.0,3.0,0.0,0.0,360,4,Ethan Ampadu,Leeds United,2.0
2026-27,ENG1,785411,tottenham hotspur,0.0,0.0,0.0,0.0,0.0,0.0,0.02,2,3.0,5,1,2.0,8,2,104,0.0,0.0,4.0,0.0,0.0,0.0,90,1,Marcos Senesi,Tottenham Hotspur,1.0
2026-27,ENG1,789502,nottingham forest,1.0,2.0,10.0,3.0,1.59,0.8,1.02,4,5.0,5,1,0.0,1,12,207,15.0,5.0,2.0,8.0,0.0,0.0,360,4,Morgan Gibbs-White,Nottingham Forest,2.0
2026-27,ENG1,789571,chelsea,0.0,0.0,0.0,0.0,0.0,0.0,0.01,0,0.0,0,0,0.0,1,5,39,0.0,0.0,0.0,0.0,4.0,2.0,90,1,Robert Sánchez,Chelsea,0.0
2026-27,ENG1,789578,ipswich town,0.0,0.0,1.0,0.0,0.07,0.07,0.26,3,3.0,7,4,2.0,26,13,255,7.0,1.0,10.0,4.0,0.0,0.0,360,4,Dara O'Shea,Ipswich Town,1.0
2026-27,ENG1,789630,bournemouth,3.0,0.0,13.0,8.0,1.7,1.7,0.81,3,8.0,8,0,0.0,5,23,223,11.0,8.0,3.0,8.0,0.0,0.0,352,4,Marcus Tavernier,Bournemouth,3.0
2026-27,ENG1,789646,leeds united,1.0,0.0,3.0,3.0,1.11,1.11,0.08,5,8.0,5,2,1.0,7,9,151,6.0,2.0,4.0,2.0,0.0,0.0,302,4,Jayden Bogle,Leeds United,2.0
2026-27,ENG1,792645,aston villa,0.0,0.0,0.0,0.0,0.0,0.0,0.01,2,1.0,1,1,0.0,7,9,121,1.0,0.0,2.0,0.0,0.0,0.0,189,3,Pau Torres,Aston Villa,1.0
2026-27,ENG1,793255,ipswich town,0.0,0.0,0.0,0.0,0.0,0.0,0.01,0,0.0,1,1,0.0,0,0,27,1.0,1.0,0.0,2.0,0.0,0.0,13,1,Florentino,Ipswich Town,2.0
2026-27,ENG1,794253,bournemouth,1.0,0.0,10.0,6.0,0.99,0.99,0.08,5,5.0,4,2,0.0,0,16,111,11.0,4.0,1.0,3.0,0.0,0.0,298,4,Justin Kluivert,Bournemouth,2.0
2026-27,ENG1,795179,arsenal,0.0,0.0,5.0,2.0,0.51,0.51,0.060000000000000005,4,4.0,3,6,3.0,20,13,275,9.0,1.0,9.0,0.0,0.0,0.0,360,4,Gabriel,Arsenal,1.0
2026-27,ENG1,795371,nottingham forest,0.0,0.0,2.0,0.0,0.09,0.09,0.02,2,1.0,1,0,3.0,1,3,74,1.0,0.0,3.0,1.0,0.0,0.0,98,2,Ibrahim Sangaré,Nottingham Forest,2.0
2026-27,ENG1,796398,ipswich town,0.0,0.0,0.0,0.0,0.0,0.0,0.01,0,1.0,0,1,0.0,7,39,184,0.0,0.0,3.0,0.0,15.0,10.0,360,4,Kjell Scherpen,Ipswich Town,0.0
2026-27,ENG1,796974,brighton hove albion,0.0,0.0,0.0,0.0,0.0,0.0,0.01,0,0.0,0,0,0.0,4,0,29,0.0,0.0,0.0,0.0,0.0,0.0,13,2,Pascal Struijk,Brighton and Hove Albion,1.0
2026-27,ENG1,798654,coventry,0.0,0.0,3.0,2.0,0.49,0.49,0.06999999999999999,7,3.0,0,0,0.0,6,7,66,5.0,3.0,6.0,1.0,0.0,0.0,189,3,Ephron Mason-Clark,Coventry City,3.0
2026-27,ENG1,806552,liverpool,1.0,3.0,8.0,1.0,0.44,0.44,1.22,4,5.0,6,5,0.0,2,14,169,20.0,4.0,1.0,8.0,0.0,0.0,281,4,Cody Gakpo,Liverpool,3.0
2026-27,ENG1,807729,chelsea,0.0,0.0,8.0,4.0,0.33,0.33,0.26,3,2.0,2,2,2.0,7,15,248,3.0,3.0,3.0,2.0,0.0,0.0,292,4,Reece James,Chelsea,2.0
2026-27,ENG1,807930,hull city,0.0,1.0,3.0,2.0,0.08,0.08,0.56,4,2.0,9,3,0.0,5,13,149,1.0,2.0,5.0,4.0,0.0,0.0,360,4,Regan Slater,Hull City,2.0
2026-27,ENG1,812982,hull city,0.0,0.0,1.0,0.0,0.02,0.02,0.07,0,0.0,0,0,0.0,0,5,30,1.0,2.0,0.0,2.0,0.0,0.0,57,2,Sorba Thomas,Hull City,3.0
2026-27,ENG1,815006,manchester city,0.0,2.0,6.0,1.0,1.6099999999999999,1.6099999999999999,0.88,4,6.0,4,0,0.0,2,8,190,13.0,6.0,1.0,7.0,0.0,0.0,219,4,Phil Foden,Manchester City,2.0
2026-27,ENG1,816325,aston villa,0.0,0.0,0.0,0.0,0.0,0.0,0.15000000000000002,7,7.0,7,2,1.0,7,13,255,1.0,5.0,6.0,3.0,0.0,0.0,360,4,Boubacar Kamara,Aston Villa,2.0
2026-27,ENG1,818975,arsenal,0.0,0.0,1.0,0.0,0.04,0.04,0.07,0,3.0,0,0,0.0,0,5,43,2.0,1.0,1.0,0.0,0.0,0.0,68,3,Eberechi Eze,Arsenal,2.0
2026-27,ENG1,820024,leeds united,0.0,0.0,0.0,0.0,0.0,0.0,0.0,0,1.0,0,0,0.0,0,0,5,0.0,0.0,0.0,0.0,0.0,0.0,10,2,Sean Longstaff,Leeds United,2.0
2026-27,ENG1,821100,crystal palace,1.0,0.0,5.0,3.0,0.39,0.39,0.03,4,2.0,2,0,1.0,2,5,75,5.0,6.0,7.0,1.0,0.0,0.0,219,4,Jørgen Strand Larsen,Crystal Palace,3.0
2026-27,ENG1,821728,fulham,0.0,0.0,0.0,0.0,0.0,0.0,0.03,0,0.0,1,1,3.0,5,3,99,0.0,0.0,2.0,2.0,0.0,0.0,90,1,Jorge Cuenca,Fulham,1.0
2026-27,ENG1,827315,nottingham forest,0.0,0.0,0.0,0.0,0.0,0.0,0.0,0,0.0,0,0,0.0,0,0,3,0.0,1.0,0.0,0.0,0.0,0.0,1,1,Nicolás Dominguez,Nottingham Forest,2.0
2026-27,ENG1,831489,liverpool,0.0,0.0,3.0,1.0,0.1,0.1,0.44,4,3.0,9,2,1.0,4,12,173,2.0,1.0,1.0,3.0,0.0,0.0,218,4,Alexis Mac Allister,Liverpool,2.0
2026-27,ENG1,839204,tottenham hotspur,0.0,0.0,6.0,1.0,0.36000000000000004,0.36000000000000004,0.11000000000000001,7,3.0,1,0,0.0,0,8,92,12.0,6.0,0.0,4.0,0.0,0.0,251,3,Omar Marmoush,Tottenham Hotspur,3.0
2026-27,ENG1,843040,chelsea,1.0,0.0,5.0,3.0,0.52,0.52,0.53,3,1.0,3,5,0.0,3,11,154,17.0,2.0,2.0,5.0,0.0,0.0,249,4,Pedro Neto,Chelsea,3.0
2026-27,ENG1,844425,manchester city,1.0,0.0,2.0,1.0,0.89,0.89,0.38,2,4.0,3,3,1.0,18,17,397,6.0,1.0,11.0,2.0,0.0,0.0,360,4,Marc Guéhi,Manchester City,1.0
2026-27,ENG1,845985,coventry,0.0,0.0,0.0,0.0,0.0,0.0,0.12,1,0.0,0,1,0.0,0,2,43,0.0,1.0,0.0,1.0,0.0,0.0,53,3,Victor Torp,Coventry City,2.0
2026-27,ENG1,846005,liverpool,1.0,0.0,11.0,5.0,1.29,0.5,0.76,8,3.0,4,4,3.0,4,20,361,1.0,4.0,2.0,11.0,0.0,0.0,360,4,Dominik Szoboszlai,Liverpool,2.0
2026-27,ENG1,846383,nottingham forest,0.0,0.0,0.0,0.0,0.0,0.0,0.0,1,0.0,0,0,0.0,0,0,5,0.0,1.0,0.0,0.0,0.0,0.0,1,1,Callum Hudson-Odoi,Nottingham Forest,3.0
2026-27,ENG1,847983,manchester united,0.0,0.0,2.0,1.0,0.06,0.06,0.14,2,0.0,3,1,2.0,10,13,230,1.0,1.0,7.0,0.0,0.0,0.0,270,3,Lisandro Martínez,Manchester United,1.0
2026-27,ENG1,850354,arsenal,1.0,0.0,2.0,1.0,0.09,0.09,0.15000000000000002,0,2.0,1,1,0.0,0,4,42,2.0,2.0,1.0,0.0,0.0,0.0,64,2,Bruno Guimarães,Arsenal,2.0
2026-27,ENG1,856685,coventry,0.0,0.0,1.0,1.0,0.03,0.03,0.02,6,5.0,3,4,0.0,1,11,78,3.0,0.0,3.0,0.0,0.0,0.0,226,3,Frank Onyeka,Coventry City,2.0
2026-27,ENG1,859282,crystal palace,0.0,0.0,2.0,1.0,0.23,0.23,0.01,1,0.0,1,1,0.0,2,1,48,2.0,0.0,2.0,0.0,0.0,0.0,55,1,Daniel Muñoz,Crystal Palace,2.0
2026-27,ENG1,859282,nottingham forest,0.0,0.0,1.0,1.0,0.22,0.22,0.18,1,1.0,5,0,0.0,3,4,78,5.0,0.0,3.0,4.0,0.0,0.0,121,2,Daniel Muñoz,Nottingham Forest,2.0
2026-27,ENG1,860920,crystal palace,0.0,1.0,4.0,2.0,1.1,1.1,0.58,2,1.0,4,1,0.0,1,5,63,8.0,3.0,4.0,4.0,0.0,0.0,168,3,Edward Nketiah,Crystal Palace,2.0
2026-27,ENG1,860975,newcastle united,1.0,0.0,8.0,2.0,0.64,0.64,0.26,5,3.0,4,0,1.0,2,5,103,7.0,5.0,0.0,2.0,0.0,0.0,200,4,Joseph Willock,Newcastle United,2.0
2026-27,ENG1,861197,leeds united,0.0,1.0,3.0,0.0,0.27,0.27,0.15000000000000002,0,2.0,0,0,0.0,0,2,22,4.0,0.0,0.0,2.0,0.0,0.0,50,3,Lukas Nmecha,Leeds United,3.0
2026-27,ENG1,861805,leeds united,0.0,0.0,2.0,0.0,0.11,0.11,0.0,1,1.0,3,3,0.0,15,7,107,3.0,0.0,8.0,0.0,0.0,0.0,164,3,Jaka Bijol,Leeds United,1.0
2026-27,ENG1,863098,manchester united,0.0,1.0,10.0,2.0,0.58,0.58,0.44,2,6.0,3,0,0.0,0,7,164,20.0,6.0,0.0,5.0,0.0,0.0,320,4,Matheus Cunha,Manchester United,3.0
2026-27,ENG1,866686,brighton hove albion,0.0,0.0,0.0,0.0,0.0,0.0,0.01,0,0.0,0,0,0.0,0,1,2,0.0,0.0,0.0,1.0,0.0,0.0,6,1,Matthew O'Riley,Brighton and Hove Albion,2.0
2026-27,ENG1,867414,tottenham hotspur,0.0,0.0,5.0,1.0,0.18,0.18,0.4,2,4.0,5,3,2.0,5,16,282,2.0,6.0,2.0,3.0,0.0,0.0,345,4,Sandro Tonali,Tottenham Hotspur,2.0
2026-27,ENG1,873559,ipswich town,1.0,0.0,4.0,3.0,0.54,0.54,0.01,2,0.0,0,0,0.0,1,1,19,2.0,1.0,3.0,0.0,0.0,0.0,51,2,Zian Flemming,Ipswich Town,3.0
2026-27,ENG1,874025,everton,0.0,0.0,0.0,0.0,0.0,0.0,0.14,2,3.0,11,6,4.0,12,19,257,3.0,1.0,9.0,2.0,0.0,0.0,360,4,Vitaliy Mykolenko,Everton,1.0
2026-27,ENG1,877401,fulham,0.0,0.0,2.0,1.0,0.07,0.07,0.07,2,6.0,4,3,1.0,13,15,339,3.0,0.0,2.0,0.0,0.0,0.0,360,4,Calvin Bassey,Fulham,1.0
2026-27,ENG1,881735,leeds united,1.0,0.0,6.0,2.0,0.92,0.92,0.23,7,7.0,11,8,1.0,12,16,212,11.0,2.0,7.0,5.0,0.0,0.0,358,4,Anton Stach,Leeds United,2.0
2026-27,ENG1,883080,chelsea,3.0,1.0,11.0,4.0,1.39,1.39,1.1600000000000001,5,6.0,5,0,0.0,1,17,159,21.0,3.0,4.0,10.0,0.0,0.0,349,4,Morgan Rogers,Chelsea,2.0
2026-27,ENG1,886016,everton,1.0,0.0,12.0,5.0,0.62,0.62,0.49,1,6.0,9,1,1.0,3,21,236,13.0,8.0,0.0,9.0,0.0,0.0,359,4,Kiernan Dewsbury-Hall,Everton,2.0
2026-27,ENG1,887703,sunderland,1.0,0.0,5.0,2.0,1.49,1.49,0.01,3,5.0,1,0,0.0,0,2,33,4.0,2.0,1.0,0.0,0.0,0.0,95,4,Wilson Isidor,Sunderland,3.0
2026-27,ENG1,888912,brentford,0.0,0.0,3.0,1.0,0.13,0.13,0.44999999999999996,0,3.0,3,2,0.0,2,14,154,9.0,4.0,2.0,6.0,0.0,0.0,199,4,Mikkel Damsgaard,Brentford,2.0
2026-27,ENG1,889534,fulham,0.0,0.0,1.0,0.0,0.06,0.06,0.02,0,0.0,0,1,0.0,0,2,36,3.0,1.0,0.0,2.0,0.0,0.0,38,3,Emile Smith Rowe,Fulham,2.0
2026-27,ENG1,891743,tottenham hotspur,0.0,0.0,1.0,0.0,0.04,0.04,0.22000000000000003,2,4.0,1,0,0.0,0,6,72,8.0,2.0,0.0,2.0,0.0,0.0,78,3,Mohammed Kudus,Tottenham Hotspur,3.0
2026-27,ENG1,914402,ipswich town,1.0,0.0,4.0,2.0,0.3,0.3,0.04,2,1.0,2,1,0.0,0,3,67,5.0,3.0,1.0,2.0,0.0,0.0,106,3,Jack Clarke,Ipswich Town,3.0
2026-27,ENG1,915102,hull city,0.0,0.0,0.0,0.0,0.0,0.0,0.0,0,0.0,0,0,1.0,1,1,21,0.0,0.0,1.0,1.0,0.0,0.0,45,1,Hidemasa Morita,Hull City,2.0
2026-27,ENG1,915797,leeds united,1.0,0.0,4.0,1.0,0.15000000000000002,0.15000000000000002,0.26,2,4.0,5,1,0.0,2,5,95,7.0,0.0,3.0,2.0,0.0,0.0,227,4,Noah Okafor,Leeds United,3.0
2026-27,ENG1,917802,chelsea,0.0,0.0,0.0,0.0,0.0,0.0,0.08,4,4.0,5,4,3.0,20,7,198,2.0,2.0,7.0,2.0,0.0,0.0,244,3,Wesley Fofana,Chelsea,1.0
2026-27,ENG1,921253,liverpool,0.0,0.0,0.0,0.0,0.0,0.0,0.05,2,0.0,3,1,3.0,12,9,173,2.0,2.0,12.0,0.0,0.0,0.0,195,4,Ronald Araujo,Liverpool,1.0
2026-27,ENG1,923312,manchester united,2.0,0.0,14.0,5.0,2.8,2.8,0.55,3,4.0,4,3,1.0,1,13,189,21.0,2.0,4.0,7.0,0.0,0.0,360,4,Bryan Mbeumo,Manchester United,3.0
2026-27,ENG1,932308,hull city,1.0,0.0,3.0,1.0,0.58,0.58,0.0,1,1.0,1,0,1.0,1,1,22,2.0,1.0,0.0,0.0,0.0,0.0,50,2,Liam Millar,Hull City,3.0
2026-27,ENG1,933576,manchester city,0.0,2.0,5.0,2.0,0.16999999999999998,0.16999999999999998,0.99,7,5.0,4,0,0.0,0,11,217,25.0,7.0,2.0,7.0,0.0,0.0,360,4,Antoine Semenyo,Manchester City,3.0
2026-27,ENG1,933635,hull city,0.0,1.0,1.0,0.0,0.02,0.02,0.35000000000000003,0,1.0,4,3,0.0,12,12,160,2.0,1.0,4.0,6.0,0.0,0.0,355,4,Ryan Giles,Hull City,1.0
2026-27,ENG1,935728,leeds united,0.0,1.0,3.0,0.0,0.5900000000000001,0.5900000000000001,0.05,1,1.0,7,1,1.0,7,8,128,3.0,0.0,2.0,1.0,0.0,0.0,190,3,Ao Tanaka,Leeds United,2.0
2026-27,ENG1,939542,crystal palace,0.0,0.0,1.0,0.0,0.05,0.05,0.02,1,0.0,0,1,1.0,2,3,46,0.0,2.0,0.0,0.0,0.0,0.0,85,2,Dwight McNeil,Crystal Palace,3.0
2026-27,ENG1,940446,sunderland,0.0,0.0,6.0,1.0,0.59,0.59,0.06999999999999999,7,4.0,0,0,0.0,1,10,85,20.0,4.0,9.0,4.0,0.0,0.0,311,4,Brian Brobbey,Sunderland,3.0
2026-27,ENG1,941573,tottenham hotspur,0.0,0.0,6.0,1.0,0.36,0.36,0.16,1,3.0,2,1,0.0,5,5,144,8.0,1.0,1.0,2.0,0.0,0.0,180,2,Pedro Porro,Tottenham Hotspur,1.0
2026-27,ENG1,942381,arsenal,0.0,0.0,0.0,0.0,0.0,0.0,0.01,0,0.0,1,0,0.0,2,5,19,0.0,0.0,0.0,0.0,0.0,0.0,45,1,Jurriën Timber,Arsenal,1.0
2026-27,ENG1,950474,everton,0.0,0.0,1.0,1.0,0.04,0.04,0.13,4,5.0,11,2,1.0,2,20,171,1.0,1.0,0.0,3.0,0.0,0.0,240,4,James Garner,Everton,2.0
2026-27,ENG1,950485,chelsea,0.0,1.0,1.0,0.0,0.02,0.02,0.21000000000000002,3,1.0,9,5,3.0,18,5,174,4.0,2.0,8.0,1.0,0.0,0.0,274,4,Maxence Lacroix,Chelsea,1.0
2026-27,ENG1,950829,crystal palace,0.0,0.0,2.0,2.0,0.08,0.08,0.06,2,0.0,6,7,6.0,25,13,258,1.0,0.0,4.0,0.0,0.0,0.0,360,4,Chris Richards,Crystal Palace,1.0
2026-27,ENG1,950830,manchester united,0.0,0.0,0.0,0.0,0.0,0.0,0.01,0,0.0,0,0,0.0,1,2,9,0.0,0.0,0.0,0.0,0.0,0.0,7,1,Joshua Zirkzee,Manchester United,3.0
2026-27,ENG1,952095,crystal palace,0.0,0.0,0.0,0.0,0.0,0.0,0.0,1,0.0,2,0,0.0,0,1,14,0.0,0.0,0.0,0.0,0.0,0.0,16,2,Óscar Mingueza,Crystal Palace,2.0
2026-27,ENG1,952322,leeds united,0.0,0.0,1.0,1.0,0.01,0.01,0.02,0,6.0,2,0,0.0,1,8,64,1.0,3.0,3.0,0.0,0.0,0.0,173,4,Brenden Aaronson,Leeds United,2.0
2026-27,ENG1,955529,manchester city,0.0,0.0,0.0,0.0,0.0,0.0,0.05,0,1.0,2,2,2.0,6,10,92,2.0,0.0,1.0,0.0,0.0,0.0,123,2,Matheus Nunes,Manchester City,1.0
2026-27,ENG1,956682,newcastle united,0.0,0.0,1.0,0.0,0.01,0.01,0.17,1,3.0,4,2,7.0,28,13,266,2.0,1.0,13.0,0.0,0.0,0.0,360,4,Sven Botman,Newcastle United,1.0
2026-27,ENG1,956683,liverpool,0.0,1.0,3.0,0.0,0.1,0.1,0.07,3,4.0,4,3,1.0,6,10,143,0.0,8.0,3.0,3.0,0.0,0.0,183,4,Ryan Gravenberch,Liverpool,2.0
2026-27,ENG1,956925,brighton hove albion,0.0,1.0,2.0,0.0,0.08,0.08,0.44,0,1.0,2,0,0.0,1,4,30,6.0,5.0,0.0,1.0,0.0,0.0,90,1,Georginio Rutter,Brighton and Hove Albion,3.0
2026-27,ENG1,958010,newcastle united,0.0,1.0,3.0,0.0,0.14,0.14,0.08,6,4.0,8,1,2.0,13,15,207,4.0,1.0,4.0,2.0,0.0,0.0,328,4,Amar Dedić,Newcastle United,1.0
2026-27,ENG1,959407,bournemouth,0.0,0.0,0.0,0.0,0.0,0.0,0.77,5,3.0,5,5,0.0,25,8,278,3.0,0.0,15.0,6.0,0.0,0.0,360,4,James Hill,Bournemouth,1.0
2026-27,ENG1,961306,brentford,0.0,0.0,5.0,1.0,0.51,0.51,0.05,2,3.0,2,2,0.0,13,11,152,10.0,0.0,6.0,2.0,0.0,0.0,197,3,Nathan Collins,Brentford,1.0
2026-27,ENG1,961995,arsenal,3.0,0.0,13.0,8.0,2.87,2.08,0.43,2,14.0,5,3,0.0,5,16,222,21.0,3.0,2.0,4.0,0.0,0.0,337,4,Bukayo Saka,Arsenal,3.0
2026-27,ENG1,962046,hull city,0.0,0.0,1.0,0.0,0.05,0.05,0.0,1,1.0,1,2,0.0,3,4,29,0.0,0.0,1.0,0.0,0.0,0.0,65,2,Cody Drameh,Hull City,1.0
2026-27,ENG1,965764,everton,0.0,1.0,4.0,3.0,0.26,0.26,0.39,2,1.0,5,2,0.0,3,15,121,10.0,5.0,1.0,4.0,0.0,0.0,180,2,Iliman Ndiaye,Everton,3.0
2026-27,ENG1,965764,manchester city,0.0,0.0,1.0,0.0,0.02,0.02,0.05,1,7.0,3,1,0.0,3,8,89,5.0,6.0,1.0,1.0,0.0,0.0,132,2,Iliman Ndiaye,Manchester City,3.0
2026-27,ENG1,966018,liverpool,0.0,0.0,1.0,0.0,0.01,0.01,0.22999999999999998,2,1.0,4,1,0.0,7,7,153,7.0,0.0,0.0,6.0,0.0,0.0,179,3,Jeremie Frimpong,Liverpool,1.0
2026-27,ENG1,966026,aston villa,0.0,0.0,5.0,1.0,0.28,0.28,0.44999999999999996,5,0.0,7,7,0.0,10,10,201,10.0,2.0,1.0,1.0,0.0,0.0,330,4,Ian Maatsen,Aston Villa,1.0
2026-27,ENG1,966027,tottenham hotspur,0.0,0.0,1.0,0.0,0.02,0.02,0.12,1,6.0,5,1,0.0,0,8,74,1.0,1.0,1.0,0.0,0.0,0.0,128,2,Conor Gallagher,Tottenham Hotspur,2.0
2026-27,ENG1,970243,brighton hove albion,0.0,0.0,2.0,0.0,0.12,0.12,0.13,1,4.0,4,6,3.0,2,9,157,3.0,3.0,4.0,2.0,0.0,0.0,158,2,Mats Wieffer,Brighton and Hove Albion,1.0
2026-27,ENG1,970563,crystal palace,0.0,0.0,3.0,1.0,0.12000000000000001,0.12000000000000001,0.03,2,4.0,9,1,1.0,2,9,98,5.0,1.0,0.0,0.0,0.0,0.0,164,2,Quinten Timber,Crystal Palace,2.0
2026-27,ENG1,974268,sunderland,0.0,0.0,3.0,0.0,0.16999999999999998,0.16999999999999998,0.16000000000000003,6,6.0,6,2,2.0,25,9,236,7.0,1.0,20.0,2.0,0.0,0.0,360,4,Daniel Ballard,Sunderland,1.0
2026-27,ENG1,974618,tottenham hotspur,0.0,0.0,4.0,1.0,0.34,0.34,0.12,6,5.0,7,1,5.0,21,13,382,5.0,0.0,12.0,3.0,0.0,0.0,360,4,Jan Paul van Hecke,Tottenham Hotspur,1.0
2026-27,ENG1,976506,tottenham hotspur,0.0,0.0,0.0,0.0,0.0,0.0,0.0,1,1.0,0,0,0.0,0,0,4,1.0,0.0,0.0,0.0,0.0,0.0,16,1,Mykhaylo Mudryk,Tottenham Hotspur,3.0
2026-27,ENG1,980381,ipswich town,2.0,1.0,5.0,3.0,1.17,1.17,0.44,0,2.0,2,2,3.0,12,8,190,12.0,3.0,2.0,4.0,0.0,0.0,360,4,Leif Davis,Ipswich Town,1.0
2026-27,ENG1,982284,coventry,0.0,0.0,1.0,1.0,0.3,0.3,0.01,2,1.0,0,0,0.0,1,2,26,3.0,0.0,4.0,2.0,0.0,0.0,89,2,Ellis Simms,Coventry City,3.0
2026-27,ENG1,982394,everton,0.0,1.0,2.0,0.0,0.05,0.05,0.13,2,3.0,3,2,1.0,1,5,111,8.0,1.0,0.0,4.0,0.0,0.0,137,4,Hayden Hackney,Everton,2.0
2026-27,ENG1,988805,chelsea,0.0,0.0,0.0,0.0,0.0,0.0,0.03,1,1.0,2,2,0.0,3,4,79,4.0,1.0,0.0,0.0,0.0,0.0,118,4,Pep Chavarría,Chelsea,1.0
2026-27,ENG1,1002039,brentford,0.0,0.0,1.0,0.0,0.03,0.03,0.05,3,4.0,4,2,0.0,7,8,95,2.0,0.0,2.0,0.0,0.0,0.0,132,4,Aaron Hickey,Brentford,1.0
2026-27,ENG1,1010426,brentford,1.0,1.0,7.0,1.0,1.06,1.06,0.78,8,1.0,5,2,1.0,9,12,219,11.0,2.0,3.0,6.0,0.0,0.0,328,4,Keane Lewis-Potter,Brentford,1.0
2026-27,ENG1,1021382,chelsea,3.0,3.0,11.0,4.0,2.17,2.17,0.19,5,12.0,1,0,0.0,3,5,160,29.0,5.0,14.0,7.0,0.0,0.0,360,4,João Pedro,Chelsea,3.0
2026-27,ENG1,1021929,newcastle united,1.0,0.0,2.0,1.0,0.16999999999999998,0.16999999999999998,0.16,3,0.0,2,1,1.0,1,6,52,2.0,0.0,2.0,0.0,0.0,0.0,69,3,Jacob Ramsey,Newcastle United,2.0
2026-27,ENG1,1022649,nottingham forest,1.0,0.0,8.0,2.0,1.0499999999999998,1.0499999999999998,0.88,8,5.0,2,1,0.0,1,15,88,14.0,4.0,2.0,3.0,0.0,0.0,262,4,Dan Ndoye,Nottingham Forest,3.0
2026-27,ENG1,1025603,coventry,0.0,0.0,1.0,0.0,0.02,0.02,0.02,0,0.0,2,0,0.0,0,2,27,2.0,0.0,1.0,0.0,0.0,0.0,31,1,Tatsuhiro Sakamoto,Coventry City,3.0
2026-27,ENG1,1030829,everton,0.0,0.0,3.0,3.0,0.16999999999999998,0.16999999999999998,0.02,2,2.0,5,5,9.0,21,11,219,6.0,0.0,10.0,0.0,0.0,0.0,360,4,Jarrad Branthwaite,Everton,1.0
2026-27,ENG1,1030830,coventry,0.0,0.0,5.0,3.0,0.83,0.83,0.9099999999999999,5,3.0,3,2,1.0,2,13,124,7.0,2.0,7.0,8.0,0.0,0.0,227,4,Jack Rudoni,Coventry City,2.0
2026-27,ENG1,1031325,arsenal,0.0,0.0,1.0,0.0,0.08,0.08,0.04,3,0.0,4,3,0.0,1,3,74,4.0,2.0,2.0,0.0,0.0,0.0,59,4,Martín Zubimendi,Arsenal,2.0
2026-27,ENG1,1047676,crystal palace,0.0,0.0,4.0,0.0,0.36,0.36,0.4,4,5.0,5,1,0.0,2,13,146,8.0,2.0,1.0,5.0,0.0,0.0,229,4,Yéremi Pino,Crystal Palace,2.0
2026-27,ENG1,1049999,sunderland,1.0,0.0,10.0,3.0,2.06,0.48,0.82,1,6.0,6,1,0.0,0,11,183,12.0,2.0,3.0,3.0,0.0,0.0,349,4,Enzo Le Fée,Sunderland,2.0
2026-27,ENG1,1050166,newcastle united,2.0,0.0,4.0,3.0,0.42000000000000004,0.42000000000000004,0.34,3,4.0,4,0,0.0,2,3,87,11.0,0.0,2.0,4.0,0.0,0.0,235,3,Anthony Elanga,Newcastle United,3.0
2026-27,ENG1,1051097,aston villa,0.0,0.0,0.0,0.0,0.0,0.0,0.01,0,0.0,2,1,0.0,0,2,26,0.0,0.0,0.0,0.0,0.0,0.0,23,2,Matteo Ruggeri,Aston Villa,1.0
2026-27,ENG1,1052898,tottenham hotspur,0.0,0.0,0.0,0.0,0.0,0.0,0.22999999999999998,3,3.0,1,1,0.0,2,4,82,2.0,2.0,3.0,1.0,0.0,0.0,87,3,Destiny Udogie,Tottenham Hotspur,1.0
2026-27,ENG1,1053679,aston villa,0.0,0.0,0.0,0.0,0.0,0.0,0.01,0,2.0,0,0,0.0,5,31,150,0.0,0.0,2.0,0.0,10.0,3.0,270,3,Zion Suzuki,Aston Villa,0.0
2026-27,ENG1,1067256,bournemouth,0.0,0.0,0.0,0.0,0.0,0.0,0.0,0,0.0,0,0,0.0,6,31,178,0.0,0.0,3.0,0.0,9.0,7.0,360,4,Djordje Petrović,Bournemouth,0.0
2026-27,ENG1,1067763,sunderland,0.0,0.0,2.0,0.0,0.04,0.04,0.28,4,2.0,9,1,1.0,1,12,89,6.0,2.0,7.0,4.0,0.0,0.0,196,3,Trai Hume,Sunderland,1.0
2026-27,ENG1,1070712,manchester city,1.0,1.0,3.0,1.0,0.22,0.22,0.11,3,3.0,11,5,1.0,7,15,284,5.0,0.0,9.0,2.0,0.0,0.0,345,4,Joško Gvardiol,Manchester City,1.0
2026-27,ENG1,1072068,hull city,0.0,0.0,0.0,0.0,0.0,0.0,0.0,0,5.0,0,0,0.0,2,58,210,0.0,0.0,4.0,0.0,14.0,2.0,360,4,Konstantinos Tzolakis,Hull City,0.0
2026-27,ENG1,1073742,ipswich town,0.0,2.0,14.0,3.0,0.92,0.92,0.84,2,8.0,2,3,0.0,2,19,185,14.0,11.0,1.0,5.0,0.0,0.0,341,4,Julio Enciso,Ipswich Town,2.0
2026-27,ENG1,1073977,manchester united,1.0,0.0,4.0,1.0,0.38999999999999996,0.38999999999999996,0.01,1,0.0,0,0,0.0,0,5,30,7.0,1.0,1.0,1.0,0.0,0.0,76,4,Benjamin Šeško,Manchester United,3.0
2026-27,ENG1,1073980,fulham,0.0,0.0,0.0,0.0,0.0,0.0,0.0,1,0.0,1,2,0.0,9,3,59,0.0,0.0,0.0,0.0,0.0,0.0,90,1,David Affengruber,Fulham,1.0
2026-27,ENG1,1074750,coventry,0.0,0.0,0.0,0.0,0.0,0.0,0.3,4,2.0,6,5,3.0,13,13,197,7.0,3.0,4.0,3.0,0.0,0.0,360,4,Milan van Ewijk,Coventry City,1.0
2026-27,ENG1,1076756,everton,0.0,0.0,2.0,0.0,0.21000000000000002,0.21000000000000002,0.22,4,1.0,4,3,0.0,4,7,70,5.0,3.0,0.0,4.0,0.0,0.0,175,4,Brennan Johnson,Everton,3.0
2026-27,ENG1,1078788,nottingham forest,0.0,0.0,3.0,0.0,0.32,0.32,0.4,5,7.0,13,0,3.0,11,20,212,10.0,3.0,4.0,4.0,0.0,0.0,360,4,Neco Williams,Nottingham Forest,1.0
2026-27,ENG1,1079103,ipswich town,0.0,0.0,0.0,0.0,0.0,0.0,0.060000000000000005,2,5.0,5,2,5.0,18,12,244,2.0,0.0,7.0,1.0,0.0,0.0,358,4,Jacob Greaves,Ipswich Town,1.0
2026-27,ENG1,1079456,brighton hove albion,0.0,0.0,2.0,1.0,0.12,0.12,0.16,2,2.0,1,2,0.0,3,1,65,1.0,3.0,0.0,1.0,0.0,0.0,54,4,Costinha,Brighton and Hove Albion,1.0
2026-27,ENG1,1079485,everton,0.0,0.0,2.0,0.0,0.09,0.09,0.0,0,0.0,0,0,1.0,0,0,14,1.0,1.0,1.0,0.0,0.0,0.0,31,2,Beto,Everton,3.0
2026-27,ENG1,1082102,nottingham forest,1.0,0.0,7.0,3.0,1.0899999999999999,1.0899999999999999,0.07,6,5.0,2,0,0.0,5,5,114,12.0,6.0,17.0,2.0,0.0,0.0,225,4,Igor Jesus,Nottingham Forest,3.0
2026-27,ENG1,1083796,brentford,3.0,0.0,10.0,5.0,0.98,0.98,0.30000000000000004,1,7.0,6,0,1.0,3,17,176,22.0,7.0,13.0,3.0,0.0,0.0,358,4,Kevin Schade,Brentford,3.0
2026-27,ENG1,1084981,arsenal,0.0,0.0,0.0,0.0,0.0,0.0,0.05,0,0.0,1,0,0.0,0,2,27,0.0,0.0,1.0,4.0,0.0,0.0,23,2,Noni Madueke,Arsenal,3.0
2026-27,ENG1,1087966,crystal palace,0.0,0.0,1.0,1.0,0.03,0.03,0.03,2,0.0,1,0,0.0,1,0,27,0.0,2.0,0.0,0.0,0.0,0.0,54,2,Evann Guessand,Crystal Palace,3.0
2026-27,ENG1,1089645,ipswich town,0.0,0.0,1.0,1.0,0.01,0.01,0.0,0,0.0,0,0,0.0,0,3,22,1.0,2.0,0.0,0.0,0.0,0.0,28,1,Jaden Philogene-Bidace,Ipswich Town,3.0
2026-27,ENG1,1089691,manchester city,0.0,0.0,3.0,1.0,0.09000000000000001,0.09000000000000001,0.65,5,10.0,11,8,0.0,6,20,452,3.0,3.0,2.0,3.0,0.0,0.0,325,4,Elliot Anderson,Manchester City,2.0
2026-27,ENG1,1092403,leeds united,0.0,0.0,0.0,0.0,0.0,0.0,0.0,1,0.0,1,1,0.0,0,2,9,0.0,0.0,1.0,1.0,0.0,0.0,18,1,Melvin Bard,Leeds United,1.0
2026-27,ENG1,1095445,nottingham forest,0.0,0.0,0.0,0.0,0.0,0.0,0.0,0,0.0,0,0,0.0,0,0,0,0.0,0.0,0.0,0.0,0.0,0.0,1,1,Arnaud Kalimuendo-Muinga,Nottingham Forest,3.0
2026-27,ENG1,1096353,chelsea,2.0,2.0,15.0,5.0,1.1800000000000002,1.1800000000000002,0.61,3,5.0,4,1,0.0,1,17,205,21.0,7.0,1.0,9.0,0.0,0.0,353,4,Cole Palmer,Chelsea,2.0
2026-27,ENG1,1096400,chelsea,0.0,0.0,1.0,0.0,0.01,0.01,0.04,2,1.0,3,2,2.0,12,11,157,4.0,0.0,7.0,1.0,0.0,0.0,252,3,Levi Colwill,Chelsea,1.0
2026-27,ENG1,1097466,tottenham hotspur,0.0,0.0,2.0,0.0,0.57,0.57,0.04,3,3.0,4,2,0.0,17,12,256,3.0,1.0,8.0,0.0,0.0,0.0,270,3,Micky van de Ven,Tottenham Hotspur,1.0
2026-27,ENG1,1098096,bournemouth,0.0,3.0,6.0,0.0,0.71,0.71,0.51,7,8.0,1,5,0.0,5,11,135,14.0,4.0,10.0,6.0,0.0,0.0,335,4,Evanilson,Bournemouth,3.0
2026-27,ENG1,1098607,everton,0.0,0.0,0.0,0.0,0.0,0.0,0.0,0,0.0,0,0,0.0,1,1,3,0.0,0.0,0.0,0.0,0.0,0.0,15,1,Jake O'Brien,Everton,1.0
2026-27,ENG1,1104053,manchester city,2.0,2.0,7.0,3.0,0.59,0.59,1.4100000000000001,5,3.0,0,0,0.0,1,6,232,17.0,5.0,0.0,10.0,0.0,0.0,220,4,Rayan Cherki,Manchester City,2.0
2026-27,ENG1,1105912,arsenal,0.0,2.0,5.0,1.0,0.6000000000000001,0.6000000000000001,0.59,3,1.0,3,1,1.0,8,8,144,9.0,1.0,4.0,2.0,0.0,0.0,328,4,Riccardo Calafiori,Arsenal,1.0
2026-27,ENG1,1106563,newcastle united,0.0,1.0,1.0,0.0,0.02,0.02,0.01,0,2.0,0,0,0.0,0,0,11,4.0,1.0,2.0,1.0,0.0,0.0,19,1,Nick Woltemade,Newcastle United,3.0
2026-27,ENG1,1107648,nottingham forest,0.0,0.0,5.0,2.0,0.16,0.16,1.01,7,9.0,8,1,0.0,7,19,224,1.0,3.0,6.0,11.0,0.0,0.0,335,4,James McAtee,Nottingham Forest,2.0
2026-27,ENG1,1107910,newcastle united,0.0,0.0,0.0,0.0,0.0,0.0,0.01,1,0.0,2,0,0.0,1,4,29,2.0,0.0,0.0,0.0,0.0,0.0,33,2,Valentino Livramento,Newcastle United,1.0
2026-27,ENG1,1113790,fulham,0.0,0.0,3.0,1.0,0.32,0.32,1.05,2,5.0,6,4,0.0,0,12,152,17.0,6.0,1.0,8.0,0.0,0.0,277,4,Oscar Bobb,Fulham,3.0
2026-27,ENG1,1113903,nottingham forest,1.0,0.0,8.0,1.0,0.76,0.76,0.14,3,2.0,1,0,0.0,3,5,66,11.0,4.0,5.0,4.0,0.0,0.0,187,3,Liam Delap,Nottingham Forest,3.0
2026-27,ENG1,1113915,ipswich town,0.0,0.0,1.0,1.0,0.05,0.05,0.0,1,0.0,1,0,0.0,0,4,19,0.0,0.0,0.0,0.0,0.0,0.0,42,3,Kasey McAteer,Ipswich Town,3.0
2026-27,ENG1,1120224,crystal palace,2.0,0.0,5.0,2.0,0.77,0.77,0.24000000000000002,2,0.0,6,2,0.0,9,15,199,10.0,4.0,1.0,5.0,0.0,0.0,331,4,Tyrick Mitchell,Crystal Palace,2.0
2026-27,ENG1,1123947,sunderland,0.0,0.0,1.0,1.0,0.17,0.17,0.0,0,0.0,0,0,1.0,0,0,7,1.0,0.0,0.0,0.0,0.0,0.0,1,1,Romaine Mundle,Sunderland,3.0
2026-27,ENG1,1125720,sunderland,0.0,0.0,0.0,0.0,0.0,0.0,0.0,0,2.0,0,0,0.0,5,31,184,0.0,0.0,2.0,0.0,5.0,5.0,360,4,Robin Roefs,Sunderland,0.0
2026-27,ENG1,1128945,fulham,0.0,0.0,3.0,2.0,0.4,0.4,0.0,0,1.0,0,0,0.0,2,0,21,6.0,0.0,5.0,2.0,0.0,0.0,28,3,Rodrigo Muniz,Fulham,3.0
2026-27,ENG1,1128965,everton,0.0,0.0,2.0,1.0,0.05,0.05,0.02,1,0.0,1,0,0.0,0,2,9,4.0,0.0,0.0,0.0,0.0,0.0,5,2,Charly Alcaraz,Everton,2.0
2026-27,ENG1,1129081,ipswich town,0.0,0.0,1.0,0.0,0.03,0.03,0.05,1,0.0,3,1,3.0,4,10,93,2.0,0.0,0.0,1.0,0.0,0.0,142,2,Marcelino Núñez,Ipswich Town,2.0
2026-27,ENG1,1131987,brighton hove albion,0.0,0.0,0.0,0.0,0.0,0.0,0.2,0,1.0,0,0,0.0,3,30,181,0.0,0.0,2.0,0.0,10.0,5.0,360,4,Bart Verbruggen,Brighton and Hove Albion,0.0
2026-27,ENG1,1134871,brighton hove albion,1.0,2.0,6.0,1.0,1.53,1.53,0.44,6,2.0,4,2,0.0,3,14,240,6.0,1.0,0.0,9.0,0.0,0.0,335,4,Maxim De Cuyper,Brighton and Hove Albion,1.0
2026-27,ENG1,1137106,hull city,0.0,0.0,0.0,0.0,0.0,0.0,0.02,1,1.0,4,2,2.0,1,7,60,0.0,2.0,3.0,2.0,0.0,0.0,127,2,Lucas Gourna-Douath,Hull City,2.0
2026-27,ENG1,1137407,newcastle united,0.0,0.0,0.0,0.0,0.0,0.0,0.07,4,3.0,0,1,7.0,24,7,223,1.0,0.0,15.0,1.0,0.0,0.0,360,4,Malick Thiaw,Newcastle United,1.0
2026-27,ENG1,1137667,arsenal,0.0,0.0,0.0,0.0,0.0,0.0,0.0,0,0.0,1,0,0.0,2,0,27,1.0,0.0,0.0,0.0,0.0,0.0,32,2,Piero Hincapié,Arsenal,1.0
2026-27,ENG1,1137668,chelsea,0.0,0.0,0.0,0.0,0.0,0.0,0.0,0,0.0,0,0,0.0,0,0,2,0.0,0.0,0.0,0.0,0.0,0.0,14,1,Moisés Caicedo,Chelsea,2.0
2026-27,ENG1,1137705,chelsea,0.0,0.0,0.0,0.0,0.0,0.0,0.02,0,1.0,0,0,0.0,0,3,25,0.0,1.0,0.0,1.0,0.0,0.0,25,1,Enzo Fernández,Chelsea,2.0
2026-27,ENG1,1137705,manchester city,0.0,0.0,4.0,1.0,0.31,0.31,0.25,4,5.0,3,3,0.0,2,5,149,9.0,1.0,3.0,2.0,0.0,0.0,158,2,Enzo Fernández,Manchester City,2.0
2026-27,ENG1,1152455,liverpool,0.0,1.0,10.0,3.0,0.78,0.78,0.35000000000000003,6,2.0,5,0,0.0,2,21,257,15.0,4.0,4.0,6.0,0.0,0.0,332,4,Florian Wirtz,Liverpool,3.0
2026-27,ENG1,1155130,nottingham forest,0.0,0.0,0.0,0.0,0.0,0.0,0.0,1,0.0,1,0,0.0,0,1,15,0.0,0.0,0.0,0.0,0.0,0.0,20,2,Luca Netz,Nottingham Forest,2.0
2026-27,ENG1,1157236,brentford,0.0,1.0,2.0,0.0,0.07,0.07,0.24,3,1.0,3,2,0.0,2,9,108,5.0,2.0,1.0,2.0,0.0,0.0,149,4,Yehor Yarmoliuk,Brentford,2.0
2026-27,ENG1,1157237,arsenal,0.0,1.0,4.0,2.0,0.19,0.19,0.48000000000000004,2,8.0,3,2,0.0,4,11,169,13.0,3.0,3.0,8.0,0.0,0.0,292,4,Christos Tzolis,Arsenal,3.0
2026-27,ENG1,1161885,coventry,0.0,0.0,9.0,0.0,0.43,0.43,0.26,4,7.0,2,5,4.0,28,13,211,12.0,0.0,14.0,3.0,0.0,0.0,348,4,Bobby Thomas,Coventry City,1.0
2026-27,ENG1,1168311,brighton hove albion,1.0,0.0,8.0,3.0,0.59,0.59,0.1,2,3.0,1,0,0.0,2,11,179,3.0,1.0,0.0,2.0,0.0,0.0,244,3,Yasin Ayari,Brighton and Hove Albion,2.0
2026-27,ENG1,1171140,brentford,0.0,0.0,4.0,0.0,0.19,0.19,0.52,5,0.0,4,0,0.0,5,15,106,7.0,4.0,2.0,6.0,0.0,0.0,189,4,Jaidon Anthony,Brentford,3.0
2026-27,ENG1,1174337,tottenham hotspur,0.0,0.0,3.0,0.0,0.12000000000000001,0.12000000000000001,0.53,2,3.0,0,0,1.0,0,5,104,17.0,4.0,0.0,5.0,0.0,0.0,151,2,Sávio,Tottenham Hotspur,3.0
2026-27,ENG1,1174672,aston villa,0.0,0.0,0.0,0.0,0.0,0.0,0.01,2,1.0,4,0,0.0,1,2,25,0.0,1.0,0.0,1.0,0.0,0.0,40,1,João Gomes,Aston Villa,2.0
2026-27,ENG1,1177358,bournemouth,0.0,0.0,3.0,2.0,0.09,0.09,0.23,8,3.0,15,7,2.0,14,21,259,5.0,3.0,3.0,4.0,0.0,0.0,360,4,Adrien Truffert,Bournemouth,1.0
2026-27,ENG1,1178602,manchester united,0.0,0.0,0.0,0.0,0.0,0.0,0.0,0,0.0,0,0,0.0,5,33,105,0.0,0.0,3.0,0.0,10.0,7.0,360,4,Senne Lammens,Manchester United,0.0
2026-27,ENG1,1180718,hull city,0.0,0.0,3.0,2.0,0.52,0.52,0.16,0,0.0,0,0,0.0,1,1,17,3.0,0.0,0.0,1.0,0.0,0.0,45,3,Mohamed-Ali Cho,Hull City,3.0
2026-27,ENG1,1185211,brentford,0.0,1.0,6.0,1.0,0.41,0.41,0.65,8,4.0,13,6,1.0,4,21,223,6.0,5.0,3.0,4.0,0.0,0.0,301,4,Mamadou Sangaré,Brentford,2.0
2026-27,ENG1,1186978,newcastle united,0.0,0.0,0.0,0.0,0.0,0.0,0.0,0,0.0,0,0,0.0,8,19,175,0.0,0.0,0.0,0.0,16.0,8.0,360,4,Lukás Hornícek,Newcastle United,0.0
2026-27,ENG1,1187213,leeds united,0.0,0.0,0.0,0.0,0.0,0.0,0.0,0,0.0,0,0,0.0,6,39,207,0.0,0.0,1.0,0.0,15.0,3.0,360,4,James Trafford,Leeds United,0.0
2026-27,ENG1,1187236,coventry,0.0,0.0,0.0,0.0,0.0,0.0,0.02,0,1.0,0,0,0.0,4,40,209,0.0,0.0,1.0,0.0,7.0,10.0,360,4,Carl Rushworth,Coventry City,0.0
2026-27,ENG1,1187506,crystal palace,0.0,0.0,0.0,0.0,0.0,0.0,0.01,2,0.0,1,1,0.0,5,3,61,0.0,0.0,2.0,0.0,0.0,0.0,72,1,Chadi Riad,Crystal Palace,1.0
2026-27,ENG1,1190033,aston villa,0.0,0.0,0.0,0.0,0.0,0.0,0.0,0,0.0,0,0,0.0,1,0,4,0.0,0.0,1.0,0.0,0.0,0.0,16,1,Lamare Bogarde,Aston Villa,2.0
2026-27,ENG1,1190867,chelsea,1.0,0.0,2.0,2.0,0.75,0.75,0.11000000000000001,2,5.0,6,6,0.0,4,15,153,2.0,1.0,1.0,2.0,0.0,0.0,262,4,Roméo Lavia,Chelsea,2.0
2026-27,ENG1,1195281,liverpool,0.0,0.0,2.0,1.0,0.02,0.02,0.06999999999999999,5,5.0,7,2,3.0,11,8,211,2.0,4.0,4.0,2.0,0.0,0.0,296,4,Miloš Kerkez,Liverpool,1.0
2026-27,ENG1,1197250,chelsea,0.0,0.0,2.0,0.0,0.08,0.08,0.12000000000000001,1,0.0,4,4,0.0,7,13,169,5.0,2.0,4.0,1.0,0.0,0.0,274,4,Malo Gusto,Chelsea,1.0
2026-27,ENG1,1197347,aston villa,0.0,0.0,2.0,0.0,0.24,0.24,0.58,1,1.0,0,0,0.0,0,5,65,8.0,1.0,3.0,1.0,0.0,0.0,201,3,Nicolas Jackson,Aston Villa,3.0
2026-27,ENG1,1197655,newcastle united,0.0,1.0,3.0,1.0,0.06,0.06,0.6799999999999999,3,4.0,12,5,5.0,14,31,285,2.0,3.0,5.0,3.0,0.0,0.0,359,4,Lewis Hall,Newcastle United,1.0
2026-27,ENG1,1203512,everton,0.0,0.0,0.0,0.0,0.0,0.0,0.0,1,0.0,0,0,0.0,0,0,1,0.0,0.0,0.0,0.0,0.0,0.0,4,1,Tim Iroegbunam,Everton,2.0
2026-27,ENG1,1203512,hull city,0.0,0.0,0.0,0.0,0.0,0.0,0.0,1,0.0,1,1,0.0,0,0,12,0.0,0.0,0.0,0.0,0.0,0.0,21,1,Tim Iroegbunam,Hull City,2.0
2026-27,ENG1,1203665,aston villa,0.0,0.0,0.0,0.0,0.0,0.0,0.0,0,0.0,0,0,0.0,0,2,22,0.0,2.0,0.0,0.0,0.0,0.0,31,3,Alejandro Garnacho,Aston Villa,3.0
2026-27,ENG1,1210384,everton,0.0,0.0,0.0,0.0,0.0,0.0,0.2,3,4.0,5,0,0.0,6,13,160,1.0,1.0,3.0,2.0,0.0,0.0,251,3,Merlin Röhl,Everton,1.0
2026-27,ENG1,1214915,hull city,0.0,0.0,1.0,0.0,0.05,0.05,0.0,1,0.0,0,0,0.0,1,4,19,3.0,0.0,0.0,0.0,0.0,0.0,34,2,Brooke Norton-Cuffy,Hull City,2.0
2026-27,ENG1,1215410,brighton hove albion,0.0,0.0,2.0,0.0,0.05,0.05,0.07,1,2.0,1,0,0.0,0,3,45,7.0,1.0,0.0,1.0,0.0,0.0,40,3,Ibrahim Osman,Brighton and Hove Albion,3.0
2026-27,ENG1,1231090,hull city,2.0,1.0,8.0,3.0,0.37,0.37,0.12,4,1.0,10,9,2.0,3,9,118,9.0,1.0,1.0,3.0,0.0,0.0,315,4,Mohamed Belloumi,Hull City,3.0
2026-27,ENG1,1233655,bournemouth,1.0,0.0,5.0,1.0,0.52,0.52,0.35000000000000003,3,12.0,9,8,0.0,7,28,282,10.0,5.0,3.0,8.0,0.0,0.0,356,4,Alex Scott,Bournemouth,2.0
2026-27,ENG1,1250253,brentford,0.0,0.0,4.0,0.0,0.09,0.09,0.38999999999999996,5,3.0,2,3,0.0,6,17,91,8.0,1.0,6.0,4.0,0.0,0.0,171,4,Dango Ouattara,Brentford,3.0
2026-27,ENG1,1250485,leeds united,0.0,1.0,1.0,1.0,0.09,0.09,0.04,1,5.0,4,8,5.0,33,11,259,4.0,1.0,10.0,1.0,0.0,0.0,360,4,Tarik Muharemović,Leeds United,1.0
2026-27,ENG1,1251334,brighton hove albion,2.0,0.0,3.0,2.0,1.41,1.41,0.02,0,2.0,2,0,0.0,0,1,25,5.0,0.0,1.0,1.0,0.0,0.0,64,1,Jack Hinshelwood,Brighton and Hove Albion,2.0
2026-27,ENG1,1252132,brighton hove albion,0.0,0.0,1.0,0.0,0.42,0.42,0.0,2,0.0,0,0,0.0,0,0,10,1.0,0.0,0.0,0.0,0.0,0.0,23,2,Promise David,Brighton and Hove Albion,3.0
2026-27,ENG1,1253827,bournemouth,0.0,0.0,1.0,1.0,0.1,0.1,0.0,0,2.0,0,0,0.0,0,1,11,1.0,0.0,0.0,0.0,0.0,0.0,16,2,Daniel Jebbison,Bournemouth,3.0
2026-27,ENG1,1257648,coventry,0.0,0.0,1.0,0.0,0.02,0.02,0.39,6,0.0,1,3,4.0,16,11,199,6.0,2.0,14.0,1.0,0.0,0.0,360,4,Aurèle Amenda,Coventry City,1.0
2026-27,ENG1,1258092,newcastle united,0.0,1.0,2.0,0.0,0.06,0.06,0.14,0,0.0,1,0,2.0,0,2,20,2.0,1.0,0.0,1.0,0.0,0.0,56,1,William Osula,Newcastle United,3.0
2026-27,ENG1,1265626,ipswich town,0.0,1.0,2.0,0.0,0.03,0.03,0.83,8,6.0,9,3,0.0,3,9,161,9.0,9.0,3.0,7.0,0.0,0.0,290,4,Abdul Fatawu,Ipswich Town,3.0
2026-27,ENG1,1272349,hull city,0.0,0.0,3.0,0.0,0.060000000000000005,0.060000000000000005,0.05,6,0.0,5,2,0.0,1,12,66,4.0,0.0,2.0,1.0,0.0,0.0,253,4,Elliot Stroud,Hull City,2.0
2026-27,ENG1,1272440,chelsea,0.0,0.0,1.0,0.0,0.04,0.04,0.09,2,2.0,0,2,0.0,0,1,40,2.0,2.0,1.0,0.0,0.0,0.0,29,2,Valentín Barco,Chelsea,2.0
2026-27,ENG1,1280132,newcastle united,0.0,0.0,0.0,0.0,0.0,0.0,0.21000000000000002,8,3.0,0,1,1.0,1,9,127,1.0,3.0,1.0,3.0,0.0,0.0,167,3,Nico González,Newcastle United,2.0
2026-27,ENG1,1281452,fulham,0.0,0.0,2.0,0.0,0.09,0.09,0.13999999999999999,1,3.0,2,7,3.0,2,19,200,5.0,1.0,2.0,3.0,0.0,0.0,214,4,Shea Charles,Fulham,2.0
2026-27,ENG1,1283034,coventry,0.0,0.0,5.0,1.0,0.19,0.19,0.18,1,2.0,1,0,0.0,5,9,93,4.0,1.0,2.0,3.0,0.0,0.0,168,3,Loum Tchaouna,Coventry City,3.0
2026-27,ENG1,1285866,sunderland,0.0,1.0,1.0,0.0,0.03,0.03,0.16,1,0.0,0,0,0.0,0,0,12,0.0,0.0,1.0,1.0,0.0,0.0,28,2,Habib Diarra,Sunderland,2.0
2026-27,ENG1,1287010,sunderland,1.0,0.0,2.0,1.0,0.15,0.15,0.12000000000000001,3,6.0,5,1,1.0,0,13,138,11.0,5.0,2.0,1.0,0.0,0.0,258,4,Nilson Angulo,Sunderland,3.0
2026-27,ENG1,1288111,tottenham hotspur,0.0,0.0,6.0,1.0,0.21000000000000002,0.21000000000000002,0.22999999999999998,4,1.0,1,0,0.0,1,11,164,24.0,9.0,1.0,3.0,0.0,0.0,259,4,Mathys Tel,Tottenham Hotspur,3.0
2026-27,ENG1,1288450,manchester city,0.0,0.0,1.0,1.0,0.17,0.17,0.02,1,2.0,0,2,0.0,0,0,45,4.0,4.0,1.0,0.0,0.0,0.0,57,1,Rico Lewis,Manchester City,1.0
2026-27,ENG1,1292092,bournemouth,0.0,0.0,4.0,1.0,0.85,0.85,0.27,2,1.0,3,6,3.0,29,12,255,7.0,0.0,17.0,0.0,0.0,0.0,360,4,António Silva,Bournemouth,1.0
2026-27,ENG1,1292810,manchester united,0.0,1.0,5.0,0.0,0.24000000000000002,0.24000000000000002,0.42000000000000004,3,5.0,5,5,1.0,3,30,282,1.0,2.0,1.0,5.0,0.0,0.0,277,4,Kobbie Mainoo,Manchester United,2.0
2026-27,ENG1,1296650,crystal palace,0.0,0.0,1.0,0.0,0.08,0.08,0.36,0,8.0,8,4,1.0,7,14,212,2.0,6.0,1.0,5.0,0.0,0.0,347,4,Adam Wharton,Crystal Palace,2.0
2026-27,ENG1,1296763,newcastle united,0.0,0.0,1.0,0.0,0.05,0.05,0.1,2,2.0,2,3,2.0,8,21,213,2.0,0.0,4.0,3.0,0.0,0.0,309,4,Lewis Miley,Newcastle United,2.0
2026-27,ENG1,1297165,liverpool,0.0,0.0,1.0,0.0,0.21,0.21,0.1,0,0.0,3,0,0.0,0,2,45,4.0,0.0,0.0,2.0,0.0,0.0,98,2,Bradley Barcola,Liverpool,3.0
2026-27,ENG1,1298907,arsenal,0.0,0.0,0.0,0.0,0.0,0.0,0.01,1,0.0,0,2,0.0,8,3,135,0.0,1.0,1.0,0.0,0.0,0.0,169,2,Cristhian Mosquera,Arsenal,1.0
2026-27,ENG1,1300526,manchester city,0.0,0.0,2.0,0.0,0.09000000000000001,0.09000000000000001,0.43,2,0.0,2,0,0.0,1,8,108,5.0,4.0,1.0,1.0,0.0,0.0,160,3,Nico O'Reilly,Manchester City,1.0
2026-27,ENG1,1302005,brentford,0.0,0.0,10.0,3.0,2.41,1.62,0.13,3,2.0,2,0,2.0,2,10,138,17.0,4.0,14.0,1.0,0.0,0.0,353,4,Igor Thiago,Brentford,3.0
2026-27,ENG1,1307961,ipswich town,0.0,0.0,0.0,0.0,0.0,0.0,0.0,1,1.0,0,0,0.0,0,0,2,0.0,0.0,0.0,0.0,0.0,0.0,10,1,Sindre Walle Egeli,Ipswich Town,3.0
2026-27,ENG1,1318400,fulham,0.0,0.0,1.0,0.0,0.03,0.03,0.12000000000000001,3,0.0,3,0,0.0,0,3,38,0.0,1.0,0.0,0.0,0.0,0.0,42,3,Kevin,Fulham,3.0
2026-27,ENG1,1320949,ipswich town,2.0,1.0,7.0,3.0,1.48,1.48,0.11,1,5.0,2,0,0.0,3,4,79,13.0,2.0,4.0,4.0,0.0,0.0,240,4,Emersonn,Ipswich Town,3.0
2026-27,ENG1,1323305,tottenham hotspur,0.0,0.0,2.0,0.0,0.09,0.09,0.04,2,4.0,3,4,0.0,5,10,151,3.0,2.0,2.0,0.0,0.0,0.0,239,3,Archie Gray,Tottenham Hotspur,2.0
2026-27,ENG1,1324871,bournemouth,0.0,0.0,3.0,0.0,0.12000000000000001,0.12000000000000001,0.03,0,0.0,2,0,0.0,0,5,24,3.0,1.0,0.0,0.0,0.0,0.0,10,3,Ben Gannon-Doak,Bournemouth,3.0
2026-27,ENG1,1327319,sunderland,0.0,0.0,0.0,0.0,0.0,0.0,0.0,0,0.0,0,0,0.0,0,1,5,0.0,0.0,0.0,0.0,0.0,0.0,17,2,Chris Rigg,Sunderland,2.0
2026-27,ENG1,1327406,bournemouth,0.0,0.0,0.0,0.0,0.0,0.0,0.0,1,1.0,0,0,0.0,0,1,10,0.0,0.0,0.0,0.0,0.0,0.0,10,2,Álvaro Rodriguez,Bournemouth,3.0
2026-27,ENG1,1329007,crystal palace,0.0,0.0,0.0,0.0,0.0,0.0,0.0,0,0.0,1,0,0.0,0,0,4,0.0,0.0,0.0,0.0,0.0,0.0,1,1,Darío Osorio,Crystal Palace,2.0
2026-27,ENG1,1339269,fulham,0.0,0.0,1.0,0.0,0.13,0.13,0.23,0,0.0,1,0,0.0,0,1,24,3.0,0.0,0.0,0.0,0.0,0.0,24,2,Hugo Larsson,Fulham,2.0
2026-27,ENG1,1341475,tottenham hotspur,0.0,0.0,0.0,0.0,0.0,0.0,0.0,0,1.0,0,0,0.0,10,29,178,0.0,0.0,2.0,1.0,9.0,5.0,360,4,Antonín Kinský,Tottenham Hotspur,0.0
2026-27,ENG1,1343053,ipswich town,0.0,0.0,0.0,0.0,0.0,0.0,0.02,0,0.0,1,0,0.0,2,4,51,0.0,0.0,0.0,2.0,0.0,0.0,41,4,Abdoul Ouattara,Ipswich Town,1.0
2026-27,ENG1,1354561,brighton hove albion,0.0,1.0,14.0,4.0,0.79,0.79,0.76,4,0.0,8,3,0.0,3,9,196,20.0,8.0,13.0,5.0,0.0,0.0,350,4,Diego Gómez,Brighton and Hove Albion,3.0
2026-27,ENG1,1356312,tottenham hotspur,0.0,0.0,4.0,1.0,0.12,0.12,0.26,8,1.0,6,0,0.0,0,8,178,6.0,2.0,1.0,5.0,0.0,0.0,205,4,Mateus Fernandes,Tottenham Hotspur,2.0
2026-27,ENG1,1358581,manchester united,0.0,0.0,0.0,0.0,0.0,0.0,0.02,1,0.0,2,2,0.0,1,1,32,1.0,1.0,0.0,0.0,0.0,0.0,22,2,Leny Yoro,Manchester United,1.0
2026-27,ENG1,1359649,sunderland,0.0,0.0,6.0,3.0,0.4,0.4,0.22999999999999998,2,6.0,6,2,1.0,7,10,216,13.0,3.0,2.0,3.0,0.0,0.0,344,4,Noah Sadiki,Sunderland,2.0
2026-27,ENG1,1362998,manchester city,0.0,0.0,0.0,0.0,0.0,0.0,0.06,2,1.0,8,4,1.0,4,13,301,2.0,0.0,5.0,0.0,0.0,0.0,269,3,Abdukodir Khusanov,Manchester City,1.0
2026-27,ENG1,1364042,liverpool,0.0,0.0,1.0,0.0,0.03,0.03,0.0,0,0.0,0,0,0.0,0,1,5,2.0,0.0,0.0,0.0,0.0,0.0,13,2,Lewis Koumas,Liverpool,3.0
2026-27,ENG1,1364069,sunderland,0.0,0.0,0.0,0.0,0.0,0.0,0.0,2,0.0,0,0,0.0,0,0,17,3.0,2.0,0.0,0.0,0.0,0.0,30,2,Malick Fofana,Sunderland,3.0
2026-27,ENG1,1368654,sunderland,0.0,0.0,0.0,0.0,0.0,0.0,0.0,1,0.0,0,0,0.0,0,2,16,0.0,1.0,0.0,0.0,0.0,0.0,31,1,Chemsdine Talbi,Sunderland,3.0
2026-27,ENG1,1372921,manchester united,0.0,0.0,0.0,0.0,0.0,0.0,0.24000000000000002,2,2.0,4,0,0.0,7,7,105,4.0,0.0,3.0,0.0,0.0,0.0,83,3,Andrey Santos,Manchester United,2.0
2026-27,ENG1,1377949,hull city,0.0,0.0,0.0,0.0,0.0,0.0,0.0,0,1.0,0,0,0.0,0,1,3,0.0,0.0,0.0,0.0,0.0,0.0,8,1,Jens Hjertø-Dahl,Hull City,2.0
2026-27,ENG1,1386775,tottenham hotspur,0.0,0.0,1.0,1.0,0.06,0.06,0.26,1,1.0,2,0,0.0,1,9,53,1.0,1.0,0.0,0.0,0.0,0.0,72,2,Lucas Bergvall,Tottenham Hotspur,2.0
2026-27,ENG1,1391209,nottingham forest,0.0,0.0,1.0,0.0,0.03,0.03,0.01,3,6.0,5,3,2.0,18,5,142,0.0,0.0,3.0,0.0,0.0,0.0,270,3,Jair Cunha,Nottingham Forest,1.0
2026-27,ENG1,1398392,everton,1.0,0.0,14.0,4.0,2.98,2.98,0.13999999999999999,2,5.0,1,1,0.0,2,8,118,22.0,3.0,13.0,4.0,0.0,0.0,329,4,Thierno Barry,Everton,3.0
2026-27,ENG1,1400216,chelsea,0.0,0.0,0.0,0.0,0.0,0.0,0.02,1,1.0,6,1,2.0,10,7,98,3.0,1.0,1.0,0.0,0.0,0.0,202,3,Josh Acheampong,Chelsea,1.0
2026-27,ENG1,1403691,fulham,1.0,0.0,8.0,2.0,0.98,0.98,0.03,5,0.0,2,1,0.0,2,8,134,10.0,1.0,2.0,1.0,0.0,0.0,210,3,César Palacios,Fulham,3.0
2026-27,ENG1,1406436,arsenal,0.0,0.0,3.0,0.0,0.16,0.16,0.23,8,7.0,1,1,2.0,2,8,226,5.0,3.0,2.0,2.0,0.0,0.0,273,4,Myles Lewis-Skelly,Arsenal,1.0
2026-27,ENG1,1407250,tottenham hotspur,0.0,0.0,4.0,3.0,0.4,0.4,0.02,0,1.0,1,0,0.0,0,2,33,5.0,0.0,0.0,1.0,0.0,0.0,90,2,Mikey Moore,Tottenham Hotspur,3.0
2026-27,ENG1,1413846,chelsea,0.0,2.0,1.0,0.0,0.01,0.01,0.21000000000000002,1,2.0,7,2,3.0,6,9,124,6.0,1.0,4.0,4.0,0.0,0.0,260,4,Jorrel Hato,Chelsea,1.0
2026-27,ENG1,1413847,fulham,1.0,0.0,12.0,2.0,1.6400000000000001,1.6400000000000001,0.25,6,3.0,2,1,1.0,4,8,146,24.0,4.0,14.0,2.0,0.0,0.0,347,4,Gonzalo García,Fulham,3.0
2026-27,ENG1,1413996,brighton hove albion,1.0,0.0,8.0,1.0,0.46,0.46,0.07,3,3.0,4,2,2.0,23,13,385,11.0,2.0,14.0,0.0,0.0,0.0,348,4,Luka Vušković,Brighton and Hove Albion,1.0
2026-27,ENG1,1422593,fulham,2.0,0.0,11.0,5.0,1.16,1.16,0.43000000000000005,3,5.0,7,1,1.0,2,12,196,30.0,3.0,0.0,4.0,0.0,0.0,347,4,Joshua King,Fulham,2.0
2026-27,ENG1,1424875,everton,1.0,0.0,9.0,2.0,0.32,0.32,0.31,1,4.0,1,3,0.0,2,10,163,17.0,6.0,2.0,7.0,0.0,0.0,301,4,Tyrique George,Everton,3.0
2026-27,ENG1,1425182,nottingham forest,0.0,0.0,1.0,0.0,0.11,0.11,0.0,0,1.0,1,1,1.0,11,3,54,3.0,0.0,4.0,0.0,0.0,0.0,91,2,Ousmane Diomande,Nottingham Forest,1.0
2026-27,ENG1,1428427,hull city,1.0,0.0,4.0,3.0,0.32,0.32,0.0,3,1.0,7,3,4.0,25,6,151,1.0,1.0,4.0,0.0,0.0,0.0,253,4,Nobel Mendy,Hull City,1.0
2026-27,ENG1,1429912,brentford,1.0,0.0,6.0,1.0,0.55,0.55,0.36,4,4.0,1,5,2.0,6,12,127,7.0,1.0,6.0,2.0,0.0,0.0,228,4,Michael Kayode,Brentford,1.0
2026-27,ENG1,1436258,liverpool,0.0,0.0,0.0,0.0,0.0,0.0,0.0,0,0.0,2,1,0.0,0,2,28,0.0,0.0,0.0,0.0,0.0,0.0,19,2,Trey Nyoni,Liverpool,2.0
2026-27,ENG1,1436260,manchester united,0.0,0.0,0.0,0.0,0.0,0.0,0.0,0,0.0,0,0,0.0,0,1,7,0.0,0.0,0.0,0.0,0.0,0.0,10,1,Shea Lacey,Manchester United,3.0
2026-27,ENG1,1444231,newcastle united,0.0,0.0,0.0,0.0,0.0,0.0,0.01,2,2.0,1,0,0.0,0,2,32,5.0,1.0,1.0,1.0,0.0,0.0,85,2,Matias Fernandez-Pardo,Newcastle United,3.0
2026-27,ENG1,1449690,bournemouth,0.0,0.0,0.0,0.0,0.0,0.0,0.0,0,0.0,1,0,0.0,0,1,17,0.0,0.0,0.0,0.0,0.0,0.0,15,1,Alex Tóth,Bournemouth,2.0
2026-27,ENG1,1451265,brentford,0.0,0.0,0.0,0.0,0.0,0.0,0.01,0,1.0,0,0,0.0,1,1,21,0.0,0.0,2.0,0.0,0.0,0.0,30,1,Malick Diouf,Brentford,1.0
2026-27,ENG1,1455818,crystal palace,0.0,0.0,0.0,0.0,0.0,0.0,0.0,1,0.0,1,0,0.0,0,0,14,0.0,1.0,0.0,0.0,0.0,0.0,28,2,Zavier Gozo,Crystal Palace,2.0
2026-27,ENG1,1458711,nottingham forest,0.0,1.0,3.0,0.0,0.35,0.35,0.29000000000000004,9,1.0,8,4,2.0,28,16,241,4.0,2.0,5.0,3.0,0.0,0.0,358,4,Murillo,Nottingham Forest,1.0
2026-27,ENG1,1473534,liverpool,0.0,0.0,0.0,0.0,0.0,0.0,0.12000000000000001,4,5.0,8,6,3.0,11,15,342,2.0,1.0,10.0,3.0,0.0,0.0,327,4,Jérémy Jacquet,Liverpool,1.0
2026-27,ENG1,1477878,crystal palace,1.0,0.0,7.0,1.0,0.96,0.96,0.31000000000000005,3,1.0,19,5,2.0,12,15,222,10.0,0.0,5.0,3.0,0.0,0.0,290,4,Anan Khalaili,Crystal Palace,2.0
2026-27,ENG1,1478295,bournemouth,0.0,0.0,12.0,4.0,0.86,0.86,0.08,1,3.0,3,1,0.0,4,3,122,12.0,3.0,13.0,2.0,0.0,0.0,350,4,Rayan,Bournemouth,3.0
2026-27,ENG1,1520063,aston villa,0.0,0.0,0.0,0.0,0.0,0.0,0.08,0,0.0,1,0,0.0,0,1,15,0.0,0.0,0.0,0.0,0.0,0.0,27,1,Johan Manzambi,Aston Villa,2.0
2026-27,ENG1,1524069,coventry,0.0,0.0,0.0,0.0,0.0,0.0,0.0,0,1.0,0,1,0.0,0,0,12,0.0,0.0,2.0,0.0,0.0,0.0,30,1,Sidiki Cherif,Coventry City,3.0
2026-27,ENG1,1526560,manchester united,0.0,0.0,5.0,1.0,0.6499999999999999,0.6499999999999999,0.08,7,1.0,8,2,0.0,4,4,116,11.0,1.0,6.0,2.0,0.0,0.0,165,4,Patrick Dorgu,Manchester United,3.0
2026-27,ENG1,1530314,chelsea,0.0,0.0,0.0,0.0,0.0,0.0,0.0,0,0.0,0,0,0.0,1,0,6,1.0,0.0,0.0,0.0,0.0,0.0,8,1,Geovany Quenda,Chelsea,3.0
2026-27,ENG1,1553105,liverpool,1.0,0.0,7.0,2.0,0.51,0.51,0.25,5,7.0,2,3,1.0,0,7,134,13.0,3.0,1.0,1.0,0.0,0.0,241,4,Víctor Muñoz,Liverpool,3.0
2026-27,ENG1,1559637,everton,0.0,1.0,2.0,0.0,0.09,0.09,0.12,7,2.0,6,3,3.0,6,17,163,5.0,3.0,2.0,2.0,0.0,0.0,356,4,Harrison Armstrong,Everton,2.0
2026-27,ENG1,1559639,manchester united,0.0,0.0,2.0,0.0,0.12,0.12,0.04,1,2.0,1,0,0.0,1,4,76,3.0,1.0,2.0,0.0,0.0,0.0,90,1,Ayden Heaven,Manchester United,1.0
2026-27,ENG1,1561249,brighton hove albion,1.0,0.0,9.0,3.0,1.17,1.17,0.05,4,5.0,3,0,0.0,5,15,121,14.0,7.0,8.0,1.0,0.0,0.0,280,4,Charalampos Kostoulas,Brighton and Hove Albion,3.0
2026-27,ENG1,1561552,manchester city,0.0,0.0,0.0,0.0,0.0,0.0,0.12,0,0.0,0,1,2.0,0,3,45,0.0,0.0,0.0,0.0,0.0,0.0,22,2,Ayyoub Bouaddi,Manchester City,2.0
2026-27,ENG1,1572340,brentford,0.0,0.0,1.0,0.0,0.1,0.1,0.02,3,1.0,2,0,2.0,18,3,93,5.0,0.0,6.0,0.0,0.0,0.0,163,2,Jannik Schuster,Brentford,1.0
2026-27,ENG1,1580774,chelsea,0.0,0.0,2.0,2.0,0.07,0.07,0.07,0,1.0,1,0,0.0,0,1,18,4.0,0.0,0.0,0.0,0.0,0.0,20,3,Estêvão,Chelsea,3.0
2026-27,ENG1,1580952,manchester city,0.0,0.0,0.0,0.0,0.0,0.0,0.0,0,0.0,0,0,0.0,0,0,15,0.0,0.0,0.0,0.0,0.0,0.0,1,1,Vitor Reis,Manchester City,1.0
2026-27,ENG1,1586552,brighton hove albion,0.0,1.0,1.0,0.0,0.24,0.24,0.01,2,0.0,1,0,0.0,2,1,22,0.0,0.0,1.0,1.0,0.0,0.0,25,1,Chema Andrés,Brighton and Hove Albion,2.0
2026-27,ENG1,1593857,aston villa,0.0,0.0,1.0,1.0,0.02,0.02,0.13,1,0.0,1,0,0.0,0,1,16,2.0,0.0,0.0,1.0,0.0,0.0,27,1,Ibrahim Mbaye,Aston Villa,3.0
2026-27,ENG1,1597668,liverpool,0.0,0.0,2.0,0.0,0.15,0.15,0.05,2,2.0,1,0,0.0,1,2,49,3.0,2.0,0.0,0.0,0.0,0.0,100,3,Rio Ngumoha,Liverpool,3.0
2026-27,ENG1,1602352,brighton hove albion,2.0,0.0,6.0,4.0,1.42,1.42,0.27,3,3.0,5,0,1.0,5,7,148,20.0,1.0,2.0,4.0,0.0,0.0,233,4,Malick Junior Yalcouyé,Brighton and Hove Albion,2.0
2026-27,ENG1,1607333,aston villa,0.0,0.0,1.0,1.0,0.07,0.07,0.16000000000000003,5,0.0,6,0,0.0,3,10,91,5.0,3.0,5.0,3.0,0.0,0.0,281,4,George Hemmings,Aston Villa,2.0
2026-27,ENG1,1615927,coventry,0.0,0.0,1.0,0.0,0.03,0.03,0.14,4,3.0,0,2,0.0,3,11,92,2.0,1.0,7.0,2.0,0.0,0.0,177,4,Caleb Yirenkyi,Coventry City,2.0
2026-27,ENG1,1624586,newcastle united,1.0,0.0,1.0,1.0,0.28,0.28,0.01,1,1.0,0,0,0.0,0,2,26,3.0,0.0,1.0,0.0,0.0,0.0,34,2,Bazoumana Touré,Newcastle United,3.0
2026-27,ENG1,1643770,newcastle united,0.0,0.0,0.0,0.0,0.0,0.0,0.03,1,0.0,2,1,1.0,5,5,117,0.0,2.0,0.0,1.0,0.0,0.0,159,4,Sean Steur,Newcastle United,2.0
2026-27,ENG1,1656860,aston villa,1.0,0.0,1.0,1.0,0.06,0.06,0.0,1,1.0,2,0,0.0,2,4,50,5.0,1.0,1.0,0.0,0.0,0.0,87,4,Alysson Edward,Aston Villa,3.0
2026-27,ENG1,1664722,crystal palace,0.0,0.0,1.0,0.0,0.05,0.05,0.01,0,1.0,7,3,4.0,10,6,224,1.0,1.0,5.0,0.0,0.0,0.0,270,3,Jaydee Canvot,Crystal Palace,1.0
2026-27,ENG1,1669629,crystal palace,0.0,0.0,0.0,0.0,0.0,0.0,0.01,2,5.0,2,1,0.0,8,4,77,2.0,0.0,2.0,1.0,0.0,0.0,90,1,Honest Ahanor,Crystal Palace,1.0
2026-27,ENG1,1680328,manchester city,0.0,0.0,1.0,0.0,0.1,0.1,0.0,0,1.0,2,0,0.0,0,2,16,1.0,0.0,0.0,0.0,0.0,0.0,11,2,Ryan McAidoo,Manchester City,3.0
2026-27,ENG1,1682403,manchester city,0.0,0.0,0.0,0.0,0.0,0.0,0.0,0,0.0,0,0,0.0,0,1,10,0.0,0.0,0.0,0.0,0.0,0.0,1,1,Kaden Braithwaite,Manchester City,1.0
2026-27,ENG1,1686118,hull city,0.0,0.0,0.0,0.0,0.0,0.0,0.01,1,0.0,1,1,1.0,5,1,41,0.0,0.0,3.0,0.0,0.0,0.0,107,4,Lucas Herrington,Hull City,1.0
2026-27,ENG1,1695681,newcastle united,0.0,0.0,0.0,0.0,0.0,0.0,0.0,1,0.0,2,0,0.0,1,1,13,0.0,1.0,1.0,0.0,0.0,0.0,24,2,Aladji Bamba,Newcastle United,2.0
2026-27,ENG1,1705134,hull city,0.0,0.0,0.0,0.0,0.0,0.0,0.0,1,1.0,0,0,0.0,0,1,7,0.0,2.0,0.0,0.0,0.0,0.0,8,1,Robinio Vaz,Hull City,3.0
2026-27,ENG1,1782648,brighton hove albion,0.0,0.0,0.0,0.0,0.0,0.0,0.03,1,0.0,0,0,0.0,0,0,11,0.0,1.0,0.0,0.0,0.0,0.0,12,1,Zadok Yohanna,Brighton and Hove Albion,3.0
2026-27,GER1,15403,schalke,0.0,0.0,0.0,0.0,0.0,0.0,0.0,1,1.0,0,0,0.0,0,2,20,0.0,0.0,2.0,0.0,0.0,0.0,24,2,Edin Džeko,FC Schalke 04,3.0
2026-27,GER1,27299,bayern munich,0.0,0.0,0.0,0.0,0.0,0.0,0.21000000000000002,0,0.0,0,0,0.0,0,9,83,0.0,0.0,0.0,1.0,4.0,1.0,180,2,Manuel Neuer,FC Bayern München,0.0
2026-27,GER1,158234,eintracht frankfurt,0.0,0.0,1.0,0.0,0.11,0.11,0.01,1,0.0,0,1,0.0,1,1,22,1.0,0.0,0.0,0.0,0.0,0.0,24,2,Timothy Chandler,Eintracht Frankfurt,2.0
2026-27,GER1,166733,union berlin,0.0,0.0,0.0,0.0,0.0,0.0,0.0,0,0.0,0,0,0.0,0,0,8,0.0,0.0,0.0,0.0,0.0,0.0,16,1,Christopher Trimmel,1. FC Union Berlin,2.0
2026-27,GER1,173461,tsg hoffenheim,0.0,0.0,1.0,0.0,0.02,0.02,0.03,1,0.0,0,0,0.0,0,0,22,4.0,0.0,0.0,0.0,0.0,0.0,28,3,Andrej Kramarić,TSG 1899 Hoffenheim,2.0
2026-27,GER1,177714,eintracht frankfurt,0.0,1.0,0.0,0.0,0.0,0.0,1.0899999999999999,5,1.0,4,0,0.0,3,7,101,1.0,1.0,0.0,3.0,0.0,0.0,100,2,Mario Götze,Eintracht Frankfurt,2.0
2026-27,GER1,178778,tsg hoffenheim,0.0,0.0,0.0,0.0,0.0,0.0,0.07,0,0.0,0,1,0.0,6,22,138,0.0,0.0,0.0,0.0,9.0,7.0,270,3,Oliver Baumann,TSG 1899 Hoffenheim,0.0
2026-27,GER1,186557,union berlin,0.0,0.0,0.0,0.0,0.0,0.0,0.0,0,0.0,0,0,0.0,0,25,95,0.0,0.0,0.0,0.0,12.0,7.0,180,2,Frederik Rønnow,1. FC Union Berlin,0.0
2026-27,GER1,194165,bayern munich,1.0,1.0,11.0,2.0,0.98,0.98,0.7999999999999999,1,6.0,0,1,0.0,0,6,100,20.0,0.0,1.0,8.0,0.0,0.0,219,3,Harry Kane,FC Bayern München,3.0
2026-27,GER1,198316,augsburg,3.0,0.0,8.0,7.0,1.96,1.96,0.35,1,2.0,1,1,1.0,3,5,94,11.0,0.0,10.0,4.0,0.0,0.0,240,3,Michael Gregoritsch,FC Augsburg,3.0
2026-27,GER1,215151,borussia dortmund,0.0,1.0,1.0,0.0,0.2,0.2,0.26,0,1.0,1,1,0.0,0,3,40,4.0,0.0,1.0,1.0,0.0,0.0,64,3,Marcel Sabitzer,Borussia Dortmund,2.0
2026-27,GER1,240537,mainz 05,0.0,0.0,4.0,0.0,0.12,0.12,0.31,1,1.0,4,2,0.0,1,3,102,4.0,0.0,3.0,1.0,0.0,0.0,127,3,Danny da Costa,1. FSV Mainz 05,1.0
2026-27,GER1,245315,augsburg,0.0,0.0,0.0,0.0,0.0,0.0,0.0,0,0.0,0,0,0.0,1,0,4,0.0,0.0,1.0,0.0,0.0,0.0,7,2,Jeffrey Gouweleeuw,FC Augsburg,1.0
2026-27,GER1,248437,mainz 05,0.0,0.0,0.0,0.0,0.0,0.0,0.01,0,0.0,0,0,0.0,1,5,37,0.0,0.0,1.0,1.0,1.0,0.0,90,1,Alexander Schwolow,1. FSV Mainz 05,0.0
2026-27,GER1,266527,hamburger,0.0,0.0,1.0,0.0,0.12,0.12,0.01,2,1.0,0,0,0.0,1,0,20,2.0,0.0,2.0,0.0,0.0,0.0,53,2,Yussuf Poulsen,Hamburger SV,3.0
2026-27,GER1,275034,mainz 05,0.0,0.0,0.0,0.0,0.0,0.0,0.16,0,0.0,0,0,0.0,0,0,14,0.0,0.0,0.0,1.0,0.0,0.0,17,1,Silvan Widmer,1. FSV Mainz 05,2.0
2026-27,GER1,276739,borussia monchengladbach,0.0,0.0,0.0,0.0,0.0,0.0,0.12,2,1.0,1,1,0.0,2,2,111,0.0,0.0,0.0,1.0,0.0,0.0,147,2,Kevin Stöger,Borussia Mönchengladbach,2.0
2026-27,GER1,276791,werder bremen,2.0,0.0,5.0,4.0,0.46,0.46,0.13,10,3.0,5,0,0.0,3,10,90,8.0,1.0,10.0,3.0,0.0,0.0,216,3,Niclas Füllkrug,SV Werder Bremen,3.0
2026-27,GER1,278856,leipzig,1.0,0.0,7.0,2.0,1.8800000000000001,1.8800000000000001,0.1,1,3.0,0,1,4.0,19,7,313,8.0,1.0,12.0,0.0,0.0,0.0,270,3,Willi Orbán,RB Leipzig,1.0
2026-27,GER1,287894,schalke,0.0,0.0,0.0,0.0,0.0,0.0,0.01,0,1.0,0,0,0.0,0,34,135,0.0,0.0,0.0,0.0,22.0,4.0,270,3,Loris Karius,FC Schalke 04,0.0
2026-27,GER1,298823,werder bremen,0.0,0.0,0.0,0.0,0.0,0.0,0.01,0,1.0,1,0,0.0,1,1,7,0.0,0.0,0.0,0.0,0.0,0.0,7,1,Mitchell Weiser,SV Werder Bremen,2.0
2026-27,GER1,303905,mainz 05,0.0,0.0,1.0,1.0,0.01,0.01,0.07,1,0.0,4,0,0.0,4,1,63,1.0,0.0,1.0,0.0,0.0,0.0,80,1,Dominik Kohr,1. FSV Mainz 05,1.0
2026-27,GER1,303912,sport freiburg,0.0,3.0,5.0,0.0,0.32,0.32,0.27,2,7.0,6,4,2.0,15,8,243,6.0,0.0,13.0,6.0,0.0,0.0,270,3,Matthias Ginter,Sport-Club Freiburg,1.0
2026-27,GER1,304348,union berlin,0.0,0.0,0.0,0.0,0.0,0.0,0.15,3,2.0,7,2,1.0,7,8,124,4.0,2.0,6.0,1.0,0.0,0.0,270,3,Rani Khedira,1. FC Union Berlin,2.0
2026-27,GER1,304354,union berlin,0.0,0.0,2.0,1.0,0.17,0.17,0.01,0,0.0,2,1,1.0,1,4,43,1.0,0.0,0.0,0.0,0.0,0.0,47,3,Janik Haberer,1. FC Union Berlin,2.0
2026-27,GER1,307209,sport freiburg,0.0,0.0,1.0,0.0,0.05,0.05,0.04,1,4.0,1,0,0.0,4,2,67,1.0,0.0,2.0,0.0,0.0,0.0,93,3,Lukas Kübler,Sport-Club Freiburg,1.0
2026-27,GER1,307317,tsg hoffenheim,0.0,2.0,1.0,0.0,0.04,0.04,0.46,2,3.0,4,5,0.0,7,17,228,4.0,2.0,3.0,5.0,0.0,0.0,249,3,Vladimír Coufal,TSG 1899 Hoffenheim,1.0
2026-27,GER1,330643,bayer leverkusen,0.0,0.0,0.0,0.0,0.0,0.0,0.0,0,0.0,0,0,0.0,0,30,105,0.0,0.0,0.0,0.0,6.0,5.0,270,3,Mark Flekken,Bayer 04 Leverkusen,0.0
2026-27,GER1,331542,bayer leverkusen,0.0,0.0,1.0,1.0,0.03,0.03,0.05,0,0.0,0,0,0.0,0,0,22,1.0,0.0,0.0,2.0,0.0,0.0,25,1,Jonas Hofmann,Bayer 04 Leverkusen,2.0
2026-27,GER1,359193,bayer leverkusen,0.0,0.0,0.0,0.0,0.0,0.0,0.09999999999999999,2,2.0,1,1,0.0,2,3,57,3.0,1.0,0.0,1.0,0.0,0.0,67,3,Lucas Vázquez,Bayer 04 Leverkusen,2.0
2026-27,GER1,400625,sport freiburg,0.0,0.0,1.0,0.0,0.04,0.04,0.2,0,0.0,0,0,0.0,2,3,44,1.0,0.0,0.0,1.0,0.0,0.0,39,2,Vincenzo Grifo,Sport-Club Freiburg,3.0
2026-27,GER1,406501,hamburger,0.0,0.0,0.0,0.0,0.0,0.0,0.02,0,0.0,0,0,0.0,1,17,177,0.0,0.0,0.0,1.0,9.0,12.0,270,3,Daniel Heuer Fernandes,Hamburger SV,0.0
2026-27,GER1,411851,bayer leverkusen,0.0,0.0,0.0,0.0,0.0,0.0,0.02,1,1.0,0,0,0.0,0,1,17,0.0,0.0,0.0,1.0,0.0,0.0,19,1,Robert Andrich,Bayer 04 Leverkusen,1.0
2026-27,GER1,423812,mainz 05,1.0,1.0,3.0,2.0,0.9400000000000001,0.9400000000000001,0.19000000000000003,5,7.0,6,2,1.0,8,12,148,10.0,1.0,1.0,2.0,0.0,0.0,254,3,Phillipp Mwene,1. FSV Mainz 05,2.0
2026-27,GER1,442728,borussia monchengladbach,0.0,0.0,6.0,1.0,0.35000000000000003,0.35000000000000003,0.04,8,1.0,3,0,0.0,5,4,85,13.0,1.0,10.0,2.0,0.0,0.0,219,3,Tim Kleindienst,Borussia Mönchengladbach,3.0
2026-27,GER1,447959,union berlin,0.0,0.0,0.0,0.0,0.0,0.0,0.0,0,0.0,0,0,0.0,0,0,6,1.0,1.0,0.0,0.0,0.0,0.0,1,1,Robert Skov,1. FC Union Berlin,1.0
2026-27,GER1,448540,borussia dortmund,2.0,2.0,10.0,7.0,2.13,2.13,0.53,6,6.0,0,0,0.0,3,6,118,20.0,0.0,6.0,6.0,0.0,0.0,267,3,Serhou Guirassy,Borussia Dortmund,3.0
2026-27,GER1,458602,elversberg,0.0,0.0,1.0,0.0,0.14,0.14,0.02,3,3.0,9,3,1.0,6,13,155,2.0,3.0,4.0,1.0,0.0,0.0,253,3,Jan Gyamerah,SV 07 Elversberg,1.0
2026-27,GER1,459010,elversberg,0.0,0.0,0.0,0.0,0.0,0.0,0.0,2,0.0,0,1,1.0,0,1,17,1.0,0.0,1.0,0.0,0.0,0.0,22,2,Luca Schnellbacher,SV 07 Elversberg,3.0
2026-27,GER1,460632,bayern munich,0.0,2.0,1.0,1.0,0.03,0.03,1.29,0,4.0,2,4,1.0,1,14,284,3.0,0.0,3.0,6.0,0.0,0.0,205,3,Joshua Kimmich,FC Bayern München,2.0
2026-27,GER1,469700,bayern munich,0.0,0.0,1.0,0.0,0.16,0.16,0.12,1,1.0,3,0,0.0,2,8,146,1.0,0.0,3.0,0.0,0.0,0.0,96,2,Jonathan Tah,FC Bayern München,1.0
2026-27,GER1,469763,schalke,0.0,0.0,2.0,0.0,0.1,0.1,0.12,0,1.0,0,1,0.0,2,2,35,4.0,0.0,1.0,4.0,0.0,0.0,86,2,Kenan Karaman,FC Schalke 04,2.0
2026-27,GER1,495222,mainz 05,1.0,2.0,8.0,3.0,1.06,1.06,1.44,2,2.0,0,0,0.0,2,7,92,17.0,8.0,3.0,4.0,0.0,0.0,210,3,Sheraldo Becker,1. FSV Mainz 05,3.0
2026-27,GER1,501543,borussia monchengladbach,0.0,2.0,4.0,2.0,0.1,0.1,0.73,2,0.0,1,1,0.0,3,7,98,5.0,0.0,3.0,9.0,0.0,0.0,162,3,Franck Honorat,Borussia Mönchengladbach,3.0
2026-27,GER1,518346,schalke,1.0,0.0,4.0,1.0,0.51,0.51,0.09,2,2.0,7,2,1.0,8,7,92,5.0,0.0,3.0,1.0,0.0,0.0,173,3,Robin Gosens,FC Schalke 04,1.0
2026-27,GER1,522236,stuttgart,0.0,0.0,0.0,0.0,0.0,0.0,0.0,0,1.0,0,0,0.0,9,28,151,0.0,0.0,2.0,0.0,14.0,8.0,270,3,Fabian Bredlow,VfB Stuttgart,0.0
2026-27,GER1,523749,mainz 05,0.0,1.0,4.0,0.0,0.21,0.21,0.55,1,2.0,1,7,0.0,9,6,109,14.0,1.0,4.0,5.0,0.0,0.0,201,3,Jae-Sung Lee,1. FSV Mainz 05,2.0
2026-27,GER1,526827,bayern munich,0.0,0.0,2.0,1.0,0.29,0.29,0.12,5,2.0,4,2,0.0,2,17,188,6.0,6.0,1.0,2.0,0.0,0.0,180,2,Konrad Laimer,FC Bayern München,1.0
2026-27,GER1,540097,bayer leverkusen,3.0,1.0,13.0,4.0,2.26,2.26,0.35,1,3.0,0,0,0.0,6,3,70,24.0,0.0,4.0,4.0,0.0,0.0,184,3,Patrik Schick,Bayer 04 Leverkusen,3.0
2026-27,GER1,556029,augsburg,0.0,0.0,2.0,1.0,0.16,0.16,1.5599999999999998,2,2.0,2,1,0.0,4,8,114,10.0,1.0,1.0,9.0,0.0,0.0,238,3,Marius Wolf,FC Augsburg,2.0
2026-27,GER1,556505,mainz 05,0.0,0.0,0.0,0.0,0.0,0.0,0.0,0,2.0,0,0,0.0,1,19,75,0.0,0.0,1.0,0.0,2.0,3.0,180,2,Robin Zentner,1. FSV Mainz 05,0.0
2026-27,GER1,556524,sport freiburg,0.0,0.0,0.0,0.0,0.0,0.0,0.03,1,0.0,1,0,0.0,0,1,16,0.0,1.0,0.0,2.0,0.0,0.0,29,2,Lucas Höler,Sport-Club Freiburg,3.0
2026-27,GER1,557325,mainz 05,0.0,0.0,1.0,0.0,0.01,0.01,0.06,3,2.0,3,2,0.0,5,10,129,0.0,0.0,3.0,1.0,0.0,0.0,178,2,Stefan Posch,1. FSV Mainz 05,1.0
2026-27,GER1,559065,borussia dortmund,0.0,0.0,0.0,0.0,0.0,0.0,0.0,0,0.0,0,1,0.0,2,0,13,0.0,0.0,2.0,0.0,0.0,0.0,13,1,Ramy Bensebaini,Borussia Dortmund,1.0
2026-27,GER1,560976,schalke,0.0,0.0,0.0,0.0,0.0,0.0,0.01,0,0.0,0,0,0.0,0,1,3,0.0,0.0,0.0,0.0,0.0,0.0,1,1,Janik Bachmann,FC Schalke 04,2.0
2026-27,GER1,566158,borussia monchengladbach,0.0,0.0,2.0,0.0,0.11,0.11,0.05,2,2.0,2,0,1.0,15,5,192,4.0,0.0,6.0,0.0,0.0,0.0,270,3,Kevin Diks,Borussia Mönchengladbach,1.0
2026-27,GER1,573465,cologne,0.0,0.0,0.0,0.0,0.0,0.0,0.02,0,0.0,0,0,0.0,2,27,163,0.0,0.0,0.0,0.0,10.0,7.0,270,3,Marvin Schwäbe,1. FC Köln,0.0
2026-27,GER1,574642,cologne,0.0,1.0,3.0,1.0,0.6399999999999999,0.6399999999999999,0.28,3,1.0,4,3,0.0,4,6,119,4.0,2.0,2.0,4.0,0.0,0.0,160,3,Ellyes Skhiri,1. FC Köln,2.0
2026-27,GER1,594886,elversberg,0.0,0.0,0.0,0.0,0.0,0.0,0.0,0,0.0,0,0,0.0,1,0,10,0.0,0.0,1.0,0.0,0.0,0.0,8,1,Florian Le Joncour,SV 07 Elversberg,1.0
2026-27,GER1,602523,sport freiburg,2.0,0.0,8.0,2.0,0.78,0.78,0.22,1,3.0,2,5,1.0,0,9,192,7.0,2.0,2.0,3.0,0.0,0.0,270,3,Maximilian Eggestein,Sport-Club Freiburg,2.0
2026-27,GER1,614384,stuttgart,1.0,1.0,3.0,1.0,0.25,0.25,1.2,2,1.0,8,5,3.0,5,10,226,10.0,2.0,3.0,11.0,0.0,0.0,258,3,Maximilian Mittelstädt,VfB Stuttgart,1.0
2026-27,GER1,614449,mainz 05,0.0,0.0,7.0,2.0,1.25,0.45999999999999996,1.17,2,2.0,3,2,1.0,1,6,218,12.0,4.0,0.0,12.0,0.0,0.0,265,3,Nadiem Amiri,1. FSV Mainz 05,2.0
2026-27,GER1,620026,schalke,0.0,1.0,0.0,0.0,0.0,0.0,0.2,1,0.0,0,0,0.0,0,3,11,1.0,0.0,0.0,1.0,0.0,0.0,10,1,Hee-Chan Hwang,FC Schalke 04,3.0
2026-27,GER1,620917,borussia monchengladbach,0.0,0.0,4.0,1.0,0.49,0.49,0.21,2,2.0,2,2,1.0,10,10,161,4.0,2.0,2.0,1.0,0.0,0.0,270,3,Ko Itakura,Borussia Mönchengladbach,1.0
2026-27,GER1,622373,union berlin,0.0,2.0,4.0,2.0,0.2,0.2,0.5700000000000001,0,0.0,6,4,0.0,5,12,222,0.0,0.0,1.0,9.0,0.0,0.0,254,3,Josip Juranović,1. FC Union Berlin,1.0
2026-27,GER1,625175,stuttgart,1.0,0.0,8.0,3.0,0.8,0.8,0.19,3,3.0,0,2,4.0,5,7,166,7.0,1.0,7.0,2.0,0.0,0.0,270,3,Grischa Prömel,VfB Stuttgart,2.0
2026-27,GER1,626890,cologne,0.0,0.0,4.0,1.0,1.23,1.23,0.22,2,0.0,1,0,1.0,4,5,44,6.0,0.0,4.0,2.0,0.0,0.0,106,3,Marius Bülter,1. FC Köln,3.0
2026-27,GER1,628201,eintracht frankfurt,0.0,0.0,4.0,2.0,0.18,0.18,0.06999999999999999,1,0.0,3,7,3.0,31,14,249,6.0,0.0,17.0,1.0,0.0,0.0,270,3,Robin Koch,Eintracht Frankfurt,1.0
2026-27,GER1,629805,eintracht frankfurt,0.0,0.0,4.0,0.0,0.13999999999999999,0.13999999999999999,0.7100000000000001,0,1.0,3,2,2.0,1,8,108,9.0,3.0,0.0,3.0,0.0,0.0,177,2,Ritsu Doan,Eintracht Frankfurt,2.0
2026-27,GER1,633721,elversberg,0.0,0.0,0.0,0.0,0.0,0.0,0.01,0,0.0,0,1,0.0,3,1,11,1.0,0.0,0.0,1.0,0.0,0.0,15,1,Nicholas Mickelson,SV 07 Elversberg,1.0
2026-27,GER1,637716,tsg hoffenheim,0.0,0.0,0.0,0.0,0.0,0.0,0.0,0,0.0,3,0,0.0,4,2,43,0.0,0.0,0.0,0.0,0.0,0.0,53,1,Bernardo,TSG 1899 Hoffenheim,1.0
2026-27,GER1,642551,bayer leverkusen,0.0,0.0,4.0,2.0,0.15,0.15,0.91,2,1.0,5,3,0.0,2,15,357,3.0,0.0,1.0,12.0,0.0,0.0,270,3,Aleix García,Bayer 04 Leverkusen,2.0
2026-27,GER1,643724,sport freiburg,0.0,0.0,0.0,0.0,0.0,0.0,0.16,2,5.0,1,3,2.0,14,9,245,1.0,1.0,8.0,2.0,0.0,0.0,249,3,Philipp Lienhart,Sport-Club Freiburg,1.0
2026-27,GER1,644459,hamburger,0.0,0.0,6.0,0.0,0.75,0.75,0.07,1,2.0,4,1,1.0,2,3,75,10.0,0.0,3.0,3.0,0.0,0.0,185,3,Patson Daka,Hamburger SV,3.0
2026-27,GER1,655095,borussia monchengladbach,0.0,0.0,1.0,0.0,0.1,0.1,0.02,0,1.0,0,0,0.0,0,0,25,4.0,0.0,3.0,1.0,0.0,0.0,62,3,Isac Lidberg,Borussia Mönchengladbach,3.0
2026-27,GER1,658440,union berlin,2.0,0.0,6.0,5.0,1.35,1.35,0.2,1,2.0,2,1,0.0,1,4,43,12.0,0.0,0.0,3.0,0.0,0.0,70,3,Tim Skarke,1. FC Union Berlin,3.0
2026-27,GER1,658444,paderborn,0.0,0.0,0.0,0.0,0.0,0.0,0.01,0,0.0,1,0,0.0,0,0,10,0.0,0.0,0.0,0.0,0.0,0.0,15,1,Tom Baack,SC Paderborn 07,2.0
2026-27,GER1,658554,bayern munich,1.0,0.0,3.0,1.0,0.49,0.49,0.48,3,1.0,8,6,1.0,16,20,330,4.0,1.0,11.0,1.0,0.0,0.0,270,3,Dayot Upamecano,FC Bayern München,1.0
2026-27,GER1,659272,borussia dortmund,0.0,0.0,0.0,0.0,0.0,0.0,1.57,2,5.0,2,4,0.0,4,14,170,6.0,2.0,1.0,5.0,0.0,0.0,241,3,Julian Ryerson,Borussia Dortmund,2.0
2026-27,GER1,661519,stuttgart,0.0,0.0,1.0,1.0,0.31,0.31,0.12,4,0.0,1,2,0.0,1,6,72,5.0,1.0,0.0,3.0,0.0,0.0,169,3,Deniz Undav,VfB Stuttgart,3.0
2026-27,GER1,664970,borussia dortmund,0.0,1.0,1.0,0.0,0.02,0.02,0.12,1,2.0,3,13,1.0,32,14,268,4.0,1.0,9.0,1.0,0.0,0.0,270,3,Waldemar Anton,Borussia Dortmund,1.0
2026-27,GER1,681383,leipzig,0.0,0.0,2.0,0.0,0.11,0.11,0.01,1,2.0,2,1,0.0,3,1,79,2.0,0.0,0.0,1.0,0.0,0.0,91,2,Benjamin Henrichs,RB Leipzig,1.0
2026-27,GER1,686315,mainz 05,3.0,0.0,13.0,5.0,1.72,1.72,0.61,5,1.0,0,1,1.0,2,16,128,23.0,5.0,17.0,4.0,0.0,0.0,270,3,Phillip Tietz,1. FSV Mainz 05,3.0
2026-27,GER1,689065,augsburg,1.0,0.0,3.0,1.0,0.08,0.08,0.24,1,3.0,1,0,0.0,1,3,40,1.0,0.0,1.0,2.0,0.0,0.0,61,2,Alexis Claude-Maurice,FC Augsburg,2.0
2026-27,GER1,700074,hamburger,0.0,0.0,0.0,0.0,0.0,0.0,0.01,5,0.0,2,4,1.0,19,7,145,0.0,0.0,6.0,0.0,0.0,0.0,217,3,Jordan Torunarigha,Hamburger SV,1.0
2026-27,GER1,701149,schalke,1.0,0.0,1.0,1.0,0.26,0.26,0.0,1,1.0,2,1,2.0,11,1,44,1.0,0.0,2.0,0.0,0.0,0.0,54,3,Maximilian Wöber,FC Schalke 04,1.0
2026-27,GER1,704523,leipzig,1.0,1.0,8.0,4.0,0.8300000000000001,0.8300000000000001,0.22,2,3.0,1,0,1.0,0,3,85,10.0,1.0,2.0,3.0,0.0,0.0,165,3,Christopher Nkunku,RB Leipzig,3.0
2026-27,GER1,706500,paderborn,0.0,0.0,5.0,0.0,0.25,0.25,0.13,2,1.0,1,1,0.0,1,3,46,8.0,3.0,10.0,1.0,0.0,0.0,91,3,Steffen Tigges,SC Paderborn 07,3.0
2026-27,GER1,725655,schalke,0.0,0.0,0.0,0.0,0.0,0.0,0.11,1,2.0,6,1,2.0,45,3,155,4.0,0.0,18.0,2.0,0.0,0.0,256,3,Nikola Katić,FC Schalke 04,1.0
2026-27,GER1,726956,werder bremen,0.0,0.0,1.0,0.0,0.08,0.08,0.02,2,0.0,1,0,0.0,4,5,28,1.0,0.0,2.0,1.0,0.0,0.0,54,3,Cedric Itten,SV Werder Bremen,3.0
2026-27,GER1,727817,tsg hoffenheim,0.0,0.0,0.0,0.0,0.0,0.0,0.01,0,0.0,0,1,0.0,4,1,15,1.0,0.0,2.0,0.0,0.0,0.0,21,1,Koki Machida,TSG 1899 Hoffenheim,1.0
2026-27,GER1,748620,cologne,0.0,0.0,0.0,0.0,0.0,0.0,0.22000000000000003,3,0.0,7,4,0.0,7,15,156,6.0,1.0,2.0,4.0,0.0,0.0,244,3,Alessio Castro-Montes,1. FC Köln,1.0
2026-27,GER1,751202,bayern munich,0.0,0.0,2.0,0.0,0.12,0.12,1.13,1,2.0,4,1,0.0,4,15,204,19.0,0.0,4.0,6.0,0.0,0.0,189,3,Alphonso Davies,FC Bayern München,1.0
2026-27,GER1,763990,elversberg,0.0,0.0,0.0,0.0,0.0,0.0,0.0,0,1.0,0,0,0.0,0,1,8,0.0,0.0,0.0,0.0,0.0,0.0,19,2,Amara Condé,SV 07 Elversberg,2.0
2026-27,GER1,763998,hamburger,0.0,0.0,0.0,0.0,0.0,0.0,0.04,2,1.0,1,1,1.0,2,6,59,0.0,2.0,1.0,0.0,0.0,0.0,83,2,Bakery Jatta,Hamburger SV,2.0
2026-27,GER1,764018,borussia dortmund,0.0,0.0,0.0,0.0,0.0,0.0,0.0,0,1.0,0,0,0.0,3,25,125,0.0,0.0,2.0,0.0,7.0,2.0,270,3,Gregor Kobel,Borussia Dortmund,0.0
2026-27,GER1,765998,werder bremen,0.0,0.0,4.0,1.0,0.14,0.14,0.05,0,2.0,8,5,4.0,20,3,240,1.0,0.0,6.0,0.0,0.0,0.0,270,3,Amos Pieper,SV Werder Bremen,1.0
2026-27,GER1,767789,werder bremen,0.0,0.0,1.0,0.0,0.1,0.1,0.04,5,1.0,2,2,5.0,21,12,229,2.0,0.0,1.0,1.0,0.0,0.0,270,3,Marco Friedl,SV Werder Bremen,1.0
2026-27,GER1,767800,union berlin,0.0,0.0,2.0,0.0,0.19,0.19,0.03,5,4.0,3,1,5.0,18,9,172,3.0,0.0,11.0,1.0,0.0,0.0,180,2,Felix Uduokhai,1. FC Union Berlin,1.0
2026-27,GER1,770136,bayer leverkusen,0.0,0.0,1.0,1.0,0.1,0.1,0.14,0,0.0,1,0,0.0,0,1,9,1.0,0.0,0.0,0.0,0.0,0.0,14,1,Martin Terrier,Bayer 04 Leverkusen,2.0
2026-27,GER1,771401,mainz 05,0.0,0.0,2.0,1.0,0.09,0.09,0.42000000000000004,3,1.0,7,4,0.0,4,9,156,4.0,2.0,1.0,3.0,0.0,0.0,216,3,Anthony Caci,1. FSV Mainz 05,2.0
2026-27,GER1,771630,cologne,0.0,0.0,4.0,0.0,0.13,0.13,0.1,5,2.0,3,4,0.0,6,22,185,0.0,0.0,1.0,0.0,0.0,0.0,270,3,Gideon Mensah,1. FC Köln,1.0
2026-27,GER1,772193,cologne,0.0,0.0,5.0,0.0,0.53,0.53,0.07,0,5.0,0,0,1.0,3,4,67,12.0,3.0,10.0,4.0,0.0,0.0,166,3,Ragnar Ache,1. FC Köln,3.0
2026-27,GER1,783585,union berlin,1.0,0.0,4.0,2.0,0.38,0.38,0.1,2,1.0,2,1,0.0,0,3,49,6.0,3.0,5.0,0.0,0.0,0.0,200,3,Emmanuel Latte Lath,1. FC Union Berlin,3.0
2026-27,GER1,784146,borussia monchengladbach,0.0,0.0,0.0,0.0,0.0,0.0,0.0,0,0.0,0,0,0.0,3,23,149,0.0,0.0,0.0,0.0,18.0,12.0,270,3,Moritz Nicolas,Borussia Mönchengladbach,0.0
2026-27,GER1,784175,cologne,0.0,0.0,3.0,0.0,0.19,0.19,0.0,2,2.0,1,1,3.0,17,6,190,6.0,0.0,5.0,0.0,0.0,0.0,270,3,Luka Lochoshvili,1. FC Köln,1.0
2026-27,GER1,784225,paderborn,0.0,0.0,2.0,0.0,0.08,0.08,0.43,0,0.0,4,8,1.0,7,13,178,2.0,1.0,2.0,4.0,0.0,0.0,270,3,Raphael Obermair,SC Paderborn 07,2.0
2026-27,GER1,785739,schalke,0.0,0.0,0.0,0.0,0.0,0.0,0.02,0,1.0,8,3,4.0,25,11,175,0.0,0.0,10.0,0.0,0.0,0.0,270,3,Timo Becker,FC Schalke 04,1.0
2026-27,GER1,789914,bayer leverkusen,0.0,1.0,1.0,0.0,0.05,0.05,0.30000000000000004,0,2.0,4,2,1.0,14,18,252,3.0,1.0,7.0,1.0,0.0,0.0,270,3,Edmond Tapsoba,Bayer 04 Leverkusen,1.0
2026-27,GER1,792429,borussia dortmund,0.0,0.0,3.0,1.0,0.21000000000000002,0.21000000000000002,0.04,3,1.0,4,1,1.0,6,4,102,3.0,1.0,1.0,0.0,0.0,0.0,126,3,Joey Veerman,Borussia Dortmund,2.0
2026-27,GER1,792756,union berlin,0.0,0.0,5.0,0.0,0.24,0.24,0.14,4,1.0,4,0,0.0,1,8,82,8.0,1.0,4.0,4.0,0.0,0.0,209,3,Michel Aebischer,1. FC Union Berlin,2.0
2026-27,GER1,794619,schalke,0.0,0.0,0.0,0.0,0.0,0.0,0.01,1,0.0,10,1,3.0,16,9,137,0.0,0.0,3.0,0.0,0.0,0.0,226,3,Hasan Kuruçay,FC Schalke 04,1.0
2026-27,GER1,806669,leipzig,0.0,0.0,3.0,1.0,0.1,0.1,1.28,4,0.0,1,3,0.0,7,15,270,5.0,2.0,1.0,13.0,0.0,0.0,270,3,David Raum,RB Leipzig,1.0
2026-27,GER1,812652,bayer leverkusen,1.0,0.0,1.0,1.0,0.3,0.3,0.11,4,2.0,0,2,1.0,4,9,206,3.0,2.0,2.0,0.0,0.0,0.0,191,3,Facundo Medina,Bayer 04 Leverkusen,1.0
2026-27,GER1,820974,schalke,0.0,0.0,1.0,1.0,0.06,0.06,0.01,2,1.0,1,0,1.0,1,2,48,1.0,0.0,1.0,0.0,0.0,0.0,62,1,Ron Schallenberg,FC Schalke 04,2.0
2026-27,GER1,828159,bayern munich,0.0,0.0,0.0,0.0,0.0,0.0,0.1,2,0.0,3,3,2.0,9,10,154,3.0,0.0,2.0,1.0,0.0,0.0,174,2,Min-Jae Kim,FC Bayern München,1.0
2026-27,GER1,836726,union berlin,0.0,0.0,1.0,1.0,0.21,0.21,0.12,3,1.0,3,4,0.0,1,8,84,2.0,3.0,1.0,1.0,0.0,0.0,117,3,András Schäfer,1. FC Union Berlin,2.0
2026-27,GER1,840241,stuttgart,1.0,0.0,7.0,3.0,1.2,1.2,0.06,2,3.0,0,1,0.0,0,2,51,7.0,1.0,2.0,1.0,0.0,0.0,112,3,Ermedin Demirović,VfB Stuttgart,3.0
2026-27,GER1,844431,augsburg,0.0,0.0,0.0,0.0,0.0,0.0,0.0,0,0.0,0,0,0.0,0,0,7,0.0,0.0,0.0,0.0,0.0,0.0,12,2,Yannik Keitel,FC Augsburg,2.0
2026-27,GER1,845990,tsg hoffenheim,1.0,0.0,5.0,2.0,0.58,0.58,0.2,8,0.0,2,3,3.0,29,8,173,11.0,0.0,22.0,1.0,0.0,0.0,259,3,Ozan Kabak,TSG 1899 Hoffenheim,1.0
2026-27,GER1,860056,schalke,0.0,0.0,5.0,2.0,1.08,1.08,0.05,0,3.0,2,0,0.0,1,5,58,9.0,2.0,2.0,2.0,0.0,0.0,180,2,Moussa Sylla,FC Schalke 04,3.0
2026-27,GER1,860260,union berlin,0.0,0.0,1.0,1.0,0.02,0.02,0.0,0,1.0,0,0,0.0,1,3,12,1.0,1.0,0.0,0.0,0.0,0.0,8,1,Derrick Köhn,1. FC Union Berlin,2.0
2026-27,GER1,860914,bayern munich,1.0,0.0,10.0,4.0,2.9499999999999997,2.9499999999999997,0.72,5,3.0,2,0,0.0,0,6,209,33.0,8.0,3.0,5.0,0.0,0.0,205,3,Luis Díaz,FC Bayern München,3.0
2026-27,GER1,861668,schalke,0.0,0.0,2.0,1.0,0.14,0.14,0.18,0,0.0,1,1,0.0,2,13,72,3.0,3.0,2.0,1.0,0.0,0.0,185,3,Dejan Ljubičić,FC Schalke 04,2.0
2026-27,GER1,864157,sport freiburg,0.0,1.0,3.0,0.0,0.060000000000000005,0.060000000000000005,0.44999999999999996,1,3.0,2,1,0.0,5,9,117,2.0,1.0,0.0,3.0,0.0,0.0,201,3,Jan-Niklas Beste,Sport-Club Freiburg,3.0
2026-27,GER1,867080,stuttgart,0.0,0.0,5.0,2.0,0.5599999999999999,0.5599999999999999,0.06999999999999999,4,0.0,7,5,2.0,19,10,187,6.0,1.0,13.0,0.0,0.0,0.0,254,3,Jeff Chabot,VfB Stuttgart,1.0
2026-27,GER1,869326,werder bremen,0.0,0.0,1.0,0.0,0.03,0.03,0.04,1,3.0,13,2,5.0,11,15,153,3.0,2.0,0.0,1.0,0.0,0.0,245,3,Ludovit Reis,SV Werder Bremen,2.0
2026-27,GER1,878296,borussia monchengladbach,0.0,0.0,1.0,0.0,0.22,0.22,0.0,1,1.0,1,0,1.0,6,1,50,1.0,1.0,0.0,0.0,0.0,0.0,76,1,Daiki Hashioka,Borussia Mönchengladbach,1.0
2026-27,GER1,882163,schalke,0.0,1.0,5.0,2.0,1.35,1.35,0.57,3,1.0,1,0,0.0,2,4,57,8.0,3.0,5.0,3.0,0.0,0.0,142,2,Chukwubuike Adamu,FC Schalke 04,3.0
2026-27,GER1,883087,leipzig,2.0,0.0,5.0,2.0,0.94,0.94,0.3,0,2.0,3,2,3.0,8,13,245,11.0,2.0,2.0,1.0,0.0,0.0,179,3,Ridle Baku,RB Leipzig,1.0
2026-27,GER1,884919,borussia monchengladbach,0.0,0.0,2.0,0.0,0.09,0.09,0.13,2,0.0,2,1,0.0,1,5,65,5.0,1.0,0.0,1.0,0.0,0.0,152,3,Robin Hack,Borussia Mönchengladbach,3.0
2026-27,GER1,885005,hamburger,0.0,0.0,3.0,2.0,0.35000000000000003,0.35000000000000003,0.01,1,0.0,1,1,0.0,1,1,30,6.0,1.0,0.0,1.0,0.0,0.0,132,3,Terem Moffi,Hamburger SV,3.0
2026-27,GER1,885085,cologne,2.0,0.0,6.0,3.0,1.19,0.4,0.1,1,2.0,0,0,1.0,3,0,32,9.0,1.0,4.0,0.0,0.0,0.0,89,2,Thijs Dallinga,1. FC Köln,3.0
2026-27,GER1,888745,borussia monchengladbach,0.0,0.0,1.0,0.0,0.11,0.11,0.34,0,0.0,1,0,0.0,0,1,6,1.0,0.0,0.0,2.0,0.0,0.0,21,1,Nicolas-Gerrit Kühn,Borussia Mönchengladbach,3.0
2026-27,GER1,892679,stuttgart,0.0,0.0,0.0,0.0,0.0,0.0,0.7,0,1.0,3,0,0.0,1,7,104,9.0,1.0,0.0,5.0,0.0,0.0,135,2,Chris Führich,VfB Stuttgart,2.0
2026-27,GER1,901495,hamburger,0.0,0.0,1.0,0.0,0.05,0.05,0.26,3,4.0,3,0,1.0,1,8,126,2.0,1.0,0.0,2.0,0.0,0.0,168,2,Albert Sambi Lokonga,Hamburger SV,2.0
2026-27,GER1,915111,borussia monchengladbach,0.0,0.0,1.0,0.0,0.05,0.05,0.01,0,1.0,0,0,0.0,1,1,17,1.0,1.0,2.0,0.0,0.0,0.0,45,1,Shuto Machino,Borussia Mönchengladbach,3.0
2026-27,GER1,916092,cologne,0.0,0.0,0.0,0.0,0.0,0.0,0.0,0,0.0,0,0,0.0,1,1,3,0.0,0.0,0.0,0.0,0.0,0.0,1,1,Imad Rondić,1. FC Köln,3.0
2026-27,GER1,919742,werder bremen,0.0,0.0,0.0,0.0,0.0,0.0,0.0,1,0.0,2,1,0.0,2,4,20,0.0,0.0,0.0,0.0,0.0,0.0,45,1,Senne Lynen,SV Werder Bremen,2.0
2026-27,GER1,921197,mainz 05,0.0,0.0,0.0,0.0,0.0,0.0,0.0,0,0.0,0,0,0.0,0,0,2,0.0,0.0,0.0,0.0,0.0,0.0,2,1,Lennard Maloney,1. FSV Mainz 05,2.0
2026-27,GER1,922892,hamburger,0.0,0.0,0.0,0.0,0.0,0.0,0.28,4,0.0,3,4,1.0,10,2,120,0.0,1.0,6.0,0.0,0.0,0.0,180,2,Sebastiaan Bornauw,Hamburger SV,1.0
2026-27,GER1,923498,bayer leverkusen,0.0,0.0,6.0,0.0,0.38,0.38,0.51,1,0.0,0,1,0.0,1,4,75,13.0,0.0,1.0,3.0,0.0,0.0,113,2,Moussa Diaby,Bayer 04 Leverkusen,3.0
2026-27,GER1,926445,augsburg,0.0,0.0,0.0,0.0,0.0,0.0,0.0,0,1.0,0,0,0.0,4,42,156,0.0,0.0,1.0,0.0,14.0,3.0,270,3,Finn Dahmen,FC Augsburg,0.0
2026-27,GER1,928454,stuttgart,2.0,1.0,4.0,2.0,0.83,0.83,0.6799999999999999,2,3.0,2,2,3.0,7,7,172,6.0,1.0,2.0,5.0,0.0,0.0,261,3,Josha Vagnoman,VfB Stuttgart,1.0
2026-27,GER1,930035,cologne,1.0,1.0,2.0,1.0,0.06,0.06,0.22,0,4.0,1,0,0.0,1,8,77,4.0,0.0,0.0,3.0,0.0,0.0,165,3,Linton Maina,1. FC Köln,2.0
2026-27,GER1,936140,cologne,0.0,0.0,0.0,0.0,0.0,0.0,0.12,1,0.0,1,0,0.0,0,0,25,1.0,0.0,0.0,0.0,0.0,0.0,25,1,Sebastian Sebulonsen,1. FC Köln,1.0
2026-27,GER1,942379,bayer leverkusen,0.0,2.0,3.0,1.0,0.11,0.11,1.8699999999999999,2,2.0,3,2,0.0,2,17,230,11.0,0.0,1.0,8.0,0.0,0.0,263,3,Miguel Gutiérrez,Bayer 04 Leverkusen,2.0
2026-27,GER1,947884,tsg hoffenheim,0.0,0.0,3.0,1.0,0.16,0.16,0.22,4,3.0,6,2,2.0,6,11,182,7.0,2.0,7.0,2.0,0.0,0.0,259,3,Wouter Burger,TSG 1899 Hoffenheim,2.0
2026-27,GER1,947901,eintracht frankfurt,2.0,1.0,8.0,2.0,0.9100000000000001,0.9100000000000001,0.63,1,5.0,0,3,0.0,0,8,99,18.0,3.0,5.0,5.0,0.0,0.0,230,3,Jonathan Burkardt,Eintracht Frankfurt,3.0
2026-27,GER1,949673,union berlin,0.0,0.0,6.0,1.0,0.35,0.35,0.66,2,3.0,0,1,0.0,1,9,93,9.0,2.0,6.0,4.0,0.0,0.0,145,3,Woo-Yeong Jeong,1. FC Union Berlin,2.0
2026-27,GER1,950822,paderborn,0.0,0.0,1.0,0.0,0.04,0.04,0.01,1,0.0,3,0,0.0,0,3,32,2.0,1.0,0.0,1.0,0.0,0.0,39,2,Oliver Batista Meier,SC Paderborn 07,3.0
2026-27,GER1,950824,bayern munich,0.0,0.0,1.0,0.0,0.09,0.09,0.12000000000000001,0,0.0,1,0,1.0,2,9,105,7.0,0.0,2.0,1.0,0.0,0.0,106,2,Josip Stanišić,FC Bayern München,1.0
2026-27,GER1,951918,borussia monchengladbach,0.0,0.0,4.0,0.0,0.17,0.17,0.28,10,0.0,8,4,1.0,3,17,205,4.0,0.0,3.0,3.0,0.0,0.0,270,3,Philipp Sander,Borussia Mönchengladbach,1.0
2026-27,GER1,956913,paderborn,0.0,0.0,4.0,1.0,0.23,0.23,0.22000000000000003,8,2.0,2,0,2.0,4,5,101,10.0,12.0,4.0,2.0,0.0,0.0,261,3,Marvin Pieringer,SC Paderborn 07,3.0
2026-27,GER1,959696,borussia monchengladbach,1.0,0.0,2.0,1.0,0.23,0.23,0.03,0,5.0,8,1,0.0,3,9,123,6.0,1.0,0.0,0.0,0.0,0.0,181,3,Joseph Scally,Borussia Mönchengladbach,2.0
2026-27,GER1,962113,elversberg,0.0,0.0,0.0,0.0,0.0,0.0,0.02,4,2.0,3,4,7.0,9,9,129,0.0,0.0,0.0,1.0,0.0,0.0,270,3,Łukasz Poręba,SV 07 Elversberg,2.0
2026-27,GER1,966019,borussia dortmund,2.0,0.0,5.0,3.0,0.3,0.3,0.06,2,0.0,3,2,0.0,3,4,107,5.0,0.0,3.0,3.0,0.0,0.0,144,3,Felix Nmecha,Borussia Dortmund,2.0
2026-27,GER1,969856,werder bremen,0.0,0.0,3.0,3.0,0.1,0.1,0.09,4,0.0,14,3,3.0,14,11,217,2.0,0.0,3.0,0.0,0.0,0.0,270,3,Olivier Deman,SV Werder Bremen,1.0
2026-27,GER1,969870,tsg hoffenheim,2.0,0.0,11.0,4.0,1.75,1.75,0.13,3,1.0,2,1,0.0,2,10,95,15.0,4.0,3.0,1.0,0.0,0.0,208,3,Adam Hložek,TSG 1899 Hoffenheim,2.0
2026-27,GER1,972200,leipzig,0.0,0.0,0.0,0.0,0.0,0.0,0.0,0,2.0,0,0,0.0,4,20,135,0.0,0.0,2.0,0.0,12.0,3.0,270,3,Maarten Vandevoordt,RB Leipzig,0.0
2026-27,GER1,978680,augsburg,0.0,1.0,1.0,0.0,0.12,0.12,0.32,1,1.0,4,5,0.0,7,13,130,1.0,3.0,0.0,5.0,0.0,0.0,265,3,Han-Noah Massengo,FC Augsburg,2.0
2026-27,GER1,982692,werder bremen,0.0,0.0,0.0,0.0,0.0,0.0,0.01,0,0.0,1,0,0.0,5,24,136,0.0,0.0,3.0,1.0,9.0,6.0,270,3,Karl Hein,SV Werder Bremen,0.0
2026-27,GER1,992060,cologne,0.0,0.0,5.0,2.0,0.92,0.92,0.13,4,3.0,4,6,2.0,7,17,163,8.0,3.0,2.0,2.0,0.0,0.0,267,3,Tom Krauß,1. FC Köln,2.0
2026-27,GER1,1000428,cologne,0.0,0.0,3.0,1.0,0.21999999999999997,0.21999999999999997,0.30000000000000004,0,2.0,5,1,0.0,3,7,111,5.0,2.0,0.0,4.0,0.0,0.0,205,3,Ísak Jóhannesson,1. FC Köln,2.0
2026-27,GER1,1002058,borussia dortmund,0.0,0.0,0.0,0.0,0.0,0.0,0.01,1,0.0,10,0,1.0,6,2,78,1.0,0.0,2.0,0.0,0.0,0.0,77,1,Nico Schlotterbeck,Borussia Dortmund,1.0
2026-27,GER1,1003254,cologne,0.0,0.0,0.0,0.0,0.0,0.0,0.0,0,0.0,0,0,0.0,0,0,1,0.0,0.0,0.0,0.0,0.0,0.0,1,1,Joël Schmied,1. FC Köln,1.0
2026-27,GER1,1018564,hamburger,0.0,0.0,1.0,0.0,0.14,0.14,0.23,7,10.0,8,6,0.0,10,18,165,2.0,2.0,2.0,2.0,0.0,0.0,270,3,Nicolás Capaldo,Hamburger SV,1.0
2026-27,GER1,1019947,stuttgart,0.0,0.0,0.0,0.0,0.0,0.0,0.0,0,0.0,0,0,0.0,3,2,12,0.0,0.0,0.0,0.0,0.0,0.0,16,1,Leonidas Stergiou,VfB Stuttgart,1.0
2026-27,GER1,1024292,werder bremen,1.0,2.0,8.0,2.0,0.36,0.36,0.65,4,7.0,12,6,1.0,4,22,164,13.0,4.0,1.0,6.0,0.0,0.0,265,3,Marco Grüll,SV Werder Bremen,3.0
2026-27,GER1,1024672,leipzig,0.0,0.0,0.0,0.0,0.0,0.0,0.24000000000000002,1,0.0,4,4,0.0,2,11,109,2.0,1.0,0.0,0.0,0.0,0.0,180,2,Nicolas Seiwald,RB Leipzig,2.0
2026-27,GER1,1025462,hamburger,0.0,0.0,1.0,1.0,0.03,0.03,0.01,0,4.0,2,1,0.0,1,2,38,2.0,1.0,0.0,0.0,0.0,0.0,62,2,Fábio Vieira,Hamburger SV,2.0
2026-27,GER1,1029063,bayern munich,1.0,0.0,11.0,4.0,1.51,1.51,1.4,1,6.0,1,1,0.0,0,9,229,23.0,2.0,0.0,8.0,0.0,0.0,213,3,Michael Olise,FC Bayern München,3.0
2026-27,GER1,1033111,mainz 05,0.0,1.0,3.0,0.0,0.13,0.13,0.36,3,6.0,6,11,1.0,3,20,194,8.0,4.0,1.0,5.0,0.0,0.0,268,3,Kaishu Sano,1. FSV Mainz 05,2.0
2026-27,GER1,1035208,bayer leverkusen,0.0,0.0,3.0,1.0,0.21,0.21,0.18,0,0.0,0,0,0.0,0,0,6,3.0,0.0,1.0,1.0,0.0,0.0,5,1,Victor Okoh Boniface,Bayer 04 Leverkusen,3.0
2026-27,GER1,1040889,schalke,0.0,0.0,1.0,0.0,0.02,0.02,0.07,2,2.0,9,0,0.0,10,5,86,2.0,1.0,4.0,2.0,0.0,0.0,162,3,Junior Dina Ebimbe,FC Schalke 04,3.0
2026-27,GER1,1047664,schalke,1.0,0.0,8.0,5.0,1.08,1.08,0.89,1,1.0,2,5,0.0,5,11,115,6.0,1.0,3.0,6.0,0.0,0.0,259,3,Adil Aouchiche,FC Schalke 04,2.0
2026-27,GER1,1047667,borussia dortmund,0.0,2.0,7.0,1.0,0.8400000000000001,0.8400000000000001,0.15,0,3.0,3,0,0.0,5,2,88,12.0,1.0,2.0,3.0,0.0,0.0,187,3,Maximilian Beier,Borussia Dortmund,2.0
2026-27,GER1,1049679,hamburger,0.0,0.0,4.0,1.0,0.33,0.33,0.07,3,2.0,0,2,1.0,1,5,86,5.0,1.0,1.0,1.0,0.0,0.0,174,2,David Møller Wolfe,Hamburger SV,1.0
2026-27,GER1,1050158,borussia dortmund,2.0,0.0,3.0,2.0,0.41000000000000003,0.41000000000000003,0.02,1,1.0,0,0,0.0,2,4,46,7.0,3.0,0.0,0.0,0.0,0.0,93,2,Fábio Silva,Borussia Dortmund,3.0
2026-27,GER1,1071186,stuttgart,0.0,0.0,1.0,0.0,0.06,0.06,0.16,5,2.0,2,2,0.0,2,10,167,4.0,1.0,2.0,2.0,0.0,0.0,212,3,Angelo Stiller,VfB Stuttgart,2.0
2026-27,GER1,1073498,tsg hoffenheim,0.0,0.0,6.0,1.0,0.7100000000000001,0.7100000000000001,0.47000000000000003,3,4.0,3,1,0.0,3,12,107,11.0,1.0,4.0,5.0,0.0,0.0,179,3,Patrick Wimmer,TSG 1899 Hoffenheim,3.0
2026-27,GER1,1073941,eintracht frankfurt,0.0,0.0,1.0,0.0,0.02,0.02,0.06999999999999999,0,1.0,4,7,1.0,9,7,162,1.0,0.0,3.0,0.0,0.0,0.0,180,2,Lilian Brassier,Eintracht Frankfurt,1.0
2026-27,GER1,1074968,stuttgart,0.0,0.0,0.0,0.0,0.0,0.0,0.08,1,0.0,0,1,0.0,0,4,38,2.0,1.0,0.0,1.0,0.0,0.0,57,3,Jamie Leweling,VfB Stuttgart,3.0
2026-27,GER1,1077653,tsg hoffenheim,0.0,0.0,0.0,0.0,0.0,0.0,0.0,0,0.0,1,1,1.0,0,0,10,1.0,0.0,1.0,0.0,0.0,0.0,21,1,Valentin Gendrey,TSG 1899 Hoffenheim,2.0
2026-27,GER1,1077911,elversberg,0.0,0.0,1.0,0.0,0.05,0.05,0.01,3,3.0,1,5,11.0,15,9,197,2.0,0.0,2.0,0.0,0.0,0.0,262,3,Maximilian Rohr,SV 07 Elversberg,1.0
2026-27,GER1,1079892,hamburger,0.0,0.0,1.0,0.0,0.05,0.05,0.0,0,0.0,0,0,0.0,0,1,7,0.0,0.0,0.0,1.0,0.0,0.0,1,1,Rayan Philippe,Hamburger SV,3.0
2026-27,GER1,1079892,paderborn,0.0,0.0,1.0,1.0,0.03,0.03,0.13,1,0.0,0,1,0.0,0,2,13,0.0,0.0,1.0,1.0,0.0,0.0,53,2,Rayan Philippe,SC Paderborn 07,3.0
2026-27,GER1,1089685,borussia dortmund,0.0,0.0,0.0,0.0,0.0,0.0,0.0,0,0.0,1,0,0.0,0,2,18,0.0,0.0,1.0,0.0,0.0,0.0,25,1,Carney Chukwuemeka,Borussia Dortmund,2.0
2026-27,GER1,1093782,elversberg,1.0,1.0,4.0,3.0,0.21000000000000002,0.21000000000000002,0.99,5,5.0,10,2,0.0,6,18,130,5.0,6.0,3.0,4.0,0.0,0.0,263,3,Lukas Petkov,SV 07 Elversberg,3.0
2026-27,GER1,1097361,elversberg,0.0,0.0,0.0,0.0,0.0,0.0,0.1,0,1.0,0,0,0.0,1,0,14,1.0,0.0,0.0,0.0,0.0,0.0,17,2,Luca Sirch,SV 07 Elversberg,1.0
2026-27,GER1,1107620,bayer leverkusen,0.0,1.0,2.0,0.0,0.29,0.29,0.64,2,1.0,1,0,1.0,5,7,143,8.0,1.0,0.0,4.0,0.0,0.0,188,3,Jarell Quansah,Bayer 04 Leverkusen,1.0
2026-27,GER1,1111980,werder bremen,0.0,0.0,1.0,1.0,0.02,0.02,0.09000000000000001,2,1.0,4,5,2.0,3,5,111,1.0,1.0,1.0,3.0,0.0,0.0,166,2,Youri Regeer,SV Werder Bremen,2.0
2026-27,GER1,1119461,bayer leverkusen,0.0,0.0,1.0,0.0,0.12,0.12,0.0,2,1.0,4,4,0.0,5,4,75,1.0,0.0,3.0,0.0,0.0,0.0,74,2,Loic Badé,Bayer 04 Leverkusen,1.0
2026-27,GER1,1119643,cologne,0.0,0.0,2.0,0.0,0.06,0.06,0.04,0,1.0,3,1,0.0,1,2,54,3.0,1.0,0.0,2.0,0.0,0.0,135,2,Jan Thielmann,1. FC Köln,2.0
2026-27,GER1,1121170,mainz 05,1.0,0.0,4.0,2.0,0.72,0.72,0.13999999999999999,3,2.0,1,0,0.0,1,1,41,7.0,2.0,2.0,1.0,0.0,0.0,89,3,Ransford Königsdörffer,1. FSV Mainz 05,3.0
2026-27,GER1,1124825,tsg hoffenheim,1.0,0.0,7.0,3.0,0.9,0.9,0.11,3,0.0,1,0,0.0,0,5,77,8.0,1.0,3.0,5.0,0.0,0.0,166,2,Tim Lemperle,TSG 1899 Hoffenheim,3.0
2026-27,GER1,1125187,stuttgart,0.0,0.0,0.0,0.0,0.0,0.0,0.09999999999999999,0,5.0,3,2,1.0,7,4,139,1.0,1.0,6.0,1.0,0.0,0.0,183,3,Ramon Hendriks,VfB Stuttgart,1.0
2026-27,GER1,1126058,bayer leverkusen,0.0,1.0,3.0,0.0,0.16,0.16,0.6399999999999999,3,3.0,2,4,2.0,1,8,109,11.0,3.0,1.0,2.0,0.0,0.0,147,3,Malik Tillman,Bayer 04 Leverkusen,2.0
2026-27,GER1,1126768,eintracht frankfurt,0.0,0.0,1.0,1.0,0.04,0.04,0.10999999999999999,5,1.0,6,2,3.0,10,14,173,0.0,1.0,7.0,2.0,0.0,0.0,270,3,Raphael Onyedika,Eintracht Frankfurt,2.0
2026-27,GER1,1132818,augsburg,0.0,1.0,0.0,0.0,0.0,0.0,0.05,1,0.0,0,0,0.0,1,1,23,1.0,1.0,1.0,2.0,0.0,0.0,32,3,Young-Woo Seol,FC Augsburg,1.0
2026-27,GER1,1133381,hamburger,0.0,0.0,3.0,2.0,0.1,0.1,0.38999999999999996,1,8.0,7,1,0.0,0,11,160,4.0,2.0,0.0,3.0,0.0,0.0,270,3,Albert Grønbæk,Hamburger SV,2.0
2026-27,GER1,1134467,sport freiburg,3.0,0.0,6.0,4.0,2.19,2.19,0.14,4,2.0,0,1,1.0,1,12,134,10.0,4.0,1.0,4.0,0.0,0.0,240,3,Yuito Suzuki,Sport-Club Freiburg,2.0
2026-27,GER1,1137364,werder bremen,0.0,0.0,1.0,0.0,0.03,0.03,0.04,0,2.0,2,0,0.0,0,2,23,1.0,1.0,0.0,0.0,0.0,0.0,61,1,Justin Njinmah,SV Werder Bremen,3.0
2026-27,GER1,1138725,elversberg,0.0,1.0,1.0,0.0,0.29,0.29,0.19,0,1.0,0,0,1.0,2,0,14,3.0,0.0,1.0,2.0,0.0,0.0,32,2,Noel Futkeu,SV 07 Elversberg,3.0
2026-27,GER1,1146376,werder bremen,1.0,0.0,3.0,1.0,0.8600000000000001,0.8600000000000001,0.02,0,0.0,0,0,0.0,0,5,45,5.0,2.0,0.0,0.0,0.0,0.0,155,3,Eren Dinkçi,SV Werder Bremen,2.0
2026-27,GER1,1155066,schalke,0.0,0.0,0.0,0.0,0.0,0.0,0.03,1,5.0,5,7,2.0,8,7,88,0.0,3.0,0.0,0.0,0.0,0.0,180,2,Satoshi Tanaka,FC Schalke 04,2.0
2026-27,GER1,1156141,bayern munich,0.0,0.0,3.0,0.0,0.12000000000000001,0.12000000000000001,0.32,1,0.0,0,0,0.0,0,2,52,12.0,4.0,0.0,1.0,0.0,0.0,58,2,Jamal Musiala,FC Bayern München,2.0
2026-27,GER1,1156148,union berlin,0.0,0.0,0.0,0.0,0.0,0.0,0.0,0,0.0,0,0,0.0,0,5,37,0.0,0.0,0.0,0.0,0.0,3.0,90,1,Matheo Raab,1. FC Union Berlin,0.0
2026-27,GER1,1161211,augsburg,1.0,2.0,5.0,4.0,0.23,0.23,0.38,3,5.0,9,5,2.0,3,12,149,2.0,3.0,2.0,3.0,0.0,0.0,263,3,Fabian Rieder,FC Augsburg,2.0
2026-27,GER1,1164506,stuttgart,0.0,0.0,2.0,1.0,0.32,0.32,0.04,1,2.0,2,0,0.0,0,2,38,5.0,1.0,3.0,0.0,0.0,0.0,62,1,Tiago Tomás,VfB Stuttgart,3.0
2026-27,GER1,1174726,leipzig,1.0,0.0,2.0,1.0,0.46,0.46,0.11,1,2.0,0,0,0.0,2,2,41,5.0,1.0,0.0,3.0,0.0,0.0,83,1,Rocco Reitz,RB Leipzig,2.0
2026-27,GER1,1178512,augsburg,0.0,0.0,1.0,1.0,0.01,0.01,0.01,0,0.0,4,6,8.0,25,16,188,1.0,1.0,6.0,1.0,0.0,0.0,270,3,Chrislain Matsima,FC Augsburg,1.0
2026-27,GER1,1180288,bayern munich,0.0,2.0,4.0,0.0,0.14,0.14,1.2,2,2.0,2,1,0.0,0,4,106,14.0,4.0,1.0,6.0,0.0,0.0,151,3,Ismael Saibari,FC Bayern München,2.0
2026-27,GER1,1185568,mainz 05,0.0,0.0,2.0,0.0,0.12,0.12,0.02,0,1.0,1,0,0.0,0,1,21,4.0,2.0,1.0,0.0,0.0,0.0,16,1,Benedict Hollerbach,1. FSV Mainz 05,3.0
2026-27,GER1,1185609,augsburg,1.0,0.0,5.0,2.0,0.48000000000000004,0.48000000000000004,0.15,2,1.0,1,1,1.0,2,9,86,5.0,2.0,2.0,2.0,0.0,0.0,214,3,Robin Fellhauer,FC Augsburg,2.0
2026-27,GER1,1186015,tsg hoffenheim,0.0,0.0,1.0,0.0,0.02,0.02,0.24,6,3.0,2,5,3.0,11,15,216,6.0,0.0,6.0,0.0,0.0,0.0,267,3,Albian Hajdari,TSG 1899 Hoffenheim,1.0
2026-27,GER1,1188890,hamburger,0.0,0.0,1.0,1.0,0.08,0.08,0.1,4,3.0,3,5,3.0,9,9,171,3.0,1.0,5.0,1.0,0.0,0.0,270,3,Nicolai Remberg,Hamburger SV,2.0
2026-27,GER1,1199947,union berlin,1.0,1.0,3.0,1.0,0.16999999999999998,0.16999999999999998,0.16,2,1.0,4,3,3.0,21,10,156,15.0,1.0,12.0,4.0,0.0,0.0,180,2,Leopold Querfeld,1. FC Union Berlin,1.0
2026-27,GER1,1199959,bayer leverkusen,1.0,0.0,5.0,1.0,0.8200000000000001,0.8200000000000001,0.35,1,5.0,6,3,0.0,2,15,187,8.0,4.0,0.0,3.0,0.0,0.0,202,3,Equi Fernández,Bayer 04 Leverkusen,2.0
2026-27,GER1,1202595,hamburger,0.0,0.0,0.0,0.0,0.0,0.0,0.0,0,0.0,0,1,0.0,0,2,7,0.0,0.0,0.0,0.0,0.0,0.0,17,1,Warmed Omari,Hamburger SV,1.0
2026-27,GER1,1203194,leipzig,0.0,0.0,2.0,0.0,0.03,0.03,0.17,0,0.0,1,0,0.0,0,0,60,3.0,3.0,1.0,1.0,0.0,0.0,80,2,Johan Bakayoko,RB Leipzig,3.0
2026-27,GER1,1209228,borussia dortmund,0.0,0.0,1.0,0.0,0.04,0.04,0.09,2,7.0,11,8,1.0,18,17,230,3.0,2.0,5.0,1.0,0.0,0.0,270,3,Daniel Svensson,Borussia Dortmund,2.0
2026-27,GER1,1210893,sport freiburg,3.0,1.0,13.0,7.0,1.71,1.71,0.63,1,5.0,1,1,1.0,11,14,119,11.0,2.0,12.0,3.0,0.0,0.0,241,3,Igor Matanović,Sport-Club Freiburg,3.0
2026-27,GER1,1215014,borussia dortmund,1.0,0.0,2.0,1.0,0.37,0.37,0.14,1,1.0,0,2,0.0,0,4,40,6.0,3.0,0.0,2.0,0.0,0.0,54,1,Giannis Konstantelias,Borussia Dortmund,2.0
2026-27,GER1,1219540,tsg hoffenheim,0.0,0.0,1.0,1.0,0.28,0.28,0.02,1,1.0,0,0,1.0,0,1,8,2.0,1.0,0.0,2.0,0.0,0.0,8,1,Fisnik Asllani,TSG 1899 Hoffenheim,3.0
2026-27,GER1,1225995,tsg hoffenheim,0.0,0.0,1.0,0.0,0.08,0.08,0.060000000000000005,0,0.0,2,1,1.0,4,0,56,1.0,0.0,2.0,0.0,0.0,0.0,48,2,Robin Hranác,TSG 1899 Hoffenheim,1.0
2026-27,GER1,1231677,union berlin,0.0,0.0,0.0,0.0,0.0,0.0,0.08,4,1.0,2,2,0.0,17,5,117,2.0,0.0,4.0,2.0,0.0,0.0,180,2,Zeno Van Den Bosch,1. FC Union Berlin,1.0
2026-27,GER1,1242198,union berlin,0.0,0.0,4.0,2.0,0.41000000000000003,0.41000000000000003,0.1,4,2.0,1,0,0.0,0,3,57,5.0,3.0,3.0,1.0,0.0,0.0,217,3,Marin Ljubičić,1. FC Union Berlin,3.0
2026-27,GER1,1245692,elversberg,0.0,0.0,1.0,1.0,0.08,0.08,0.07,4,3.0,3,2,1.0,10,6,134,4.0,0.0,2.0,3.0,0.0,0.0,255,3,Lasse Günther,SV 07 Elversberg,1.0
2026-27,GER1,1248482,leipzig,2.0,2.0,8.0,5.0,0.42000000000000004,0.42000000000000004,0.39,1,8.0,4,0,0.0,0,13,143,14.0,3.0,0.0,5.0,0.0,0.0,252,3,Antonio Nusa,RB Leipzig,3.0
2026-27,GER1,1249185,schalke,0.0,0.0,5.0,3.0,0.22999999999999998,0.22999999999999998,0.56,3,3.0,10,5,1.0,4,22,186,3.0,6.0,1.0,2.0,0.0,0.0,270,3,Soufian El-Faouzi,FC Schalke 04,2.0
2026-27,GER1,1250443,leipzig,0.0,0.0,0.0,0.0,0.0,0.0,0.09,0,0.0,1,2,0.0,5,8,164,0.0,0.0,5.0,0.0,0.0,0.0,107,2,Maxime Estève,RB Leipzig,1.0
2026-27,GER1,1253852,leipzig,0.0,0.0,1.0,0.0,0.02,0.02,0.05,2,1.0,0,3,2.0,13,5,164,1.0,1.0,0.0,0.0,0.0,0.0,163,2,Castello Lukeba,RB Leipzig,1.0
2026-27,GER1,1254234,borussia dortmund,0.0,0.0,2.0,1.0,0.18,0.18,0.7,1,0.0,1,3,1.0,2,9,74,3.0,3.0,0.0,4.0,0.0,0.0,123,2,Ethan Nwaneri,Borussia Dortmund,2.0
2026-27,GER1,1257826,paderborn,0.0,0.0,0.0,0.0,0.0,0.0,0.02,0,0.0,0,0,0.0,8,24,202,0.0,0.0,1.0,0.0,13.0,4.0,270,3,Nahuel Noll,SC Paderborn 07,0.0
2026-27,GER1,1269497,sport freiburg,2.0,0.0,6.0,3.0,0.6200000000000001,0.6200000000000001,0.09,3,4.0,1,2,1.0,2,5,160,5.0,2.0,7.0,0.0,0.0,0.0,262,3,Yannik Engelhardt,Sport-Club Freiburg,2.0
2026-27,GER1,1274060,leipzig,0.0,0.0,4.0,0.0,0.43,0.43,0.21,1,1.0,1,2,0.0,1,8,132,8.0,1.0,0.0,2.0,0.0,0.0,165,2,Neil El Aynaoui,RB Leipzig,2.0
2026-27,GER1,1276453,paderborn,0.0,0.0,0.0,0.0,0.0,0.0,0.07,2,3.0,1,0,0.0,0,19,151,1.0,3.0,0.0,1.0,0.0,0.0,247,3,Gabriel Vidović,SC Paderborn 07,3.0
2026-27,GER1,1276988,werder bremen,1.0,0.0,1.0,1.0,0.15,0.15,0.08,3,1.0,4,1,0.0,7,1,39,1.0,0.0,0.0,1.0,0.0,0.0,72,3,Dariusz Stalmach,SV Werder Bremen,2.0
2026-27,GER1,1280560,elversberg,0.0,1.0,0.0,0.0,0.0,0.0,0.0,2,2.0,2,4,4.0,28,7,179,0.0,0.0,9.0,1.0,0.0,0.0,270,3,Lukas Pinckert,SV 07 Elversberg,1.0
2026-27,GER1,1281090,sport freiburg,0.0,0.0,1.0,1.0,0.05,0.05,0.27,1,2.0,9,2,2.0,4,4,125,4.0,1.0,0.0,2.0,0.0,0.0,193,3,Philipp Treu,Sport-Club Freiburg,1.0
2026-27,GER1,1281100,eintracht frankfurt,0.0,0.0,0.0,0.0,0.0,0.0,0.0,0,1.0,0,0,0.0,6,34,125,0.0,0.0,0.0,0.0,16.0,8.0,270,3,Noah Atubolu,Eintracht Frankfurt,0.0
2026-27,GER1,1281107,sport freiburg,0.0,0.0,0.0,0.0,0.0,0.0,0.0,0,0.0,0,2,0.0,3,1,18,0.0,0.0,0.0,0.0,0.0,0.0,21,1,Max Rosenfelder,Sport-Club Freiburg,1.0
2026-27,GER1,1281108,sport freiburg,0.0,1.0,1.0,1.0,0.01,0.01,0.55,3,8.0,2,4,2.0,10,13,197,5.0,1.0,4.0,2.0,0.0,0.0,270,3,Jordy Makengo,Sport-Club Freiburg,1.0
2026-27,GER1,1282582,union berlin,0.0,1.0,4.0,2.0,0.44,0.44,0.51,3,2.0,7,3,3.0,8,9,224,8.0,4.0,9.0,3.0,0.0,0.0,270,3,Tom Rothe,1. FC Union Berlin,1.0
2026-27,GER1,1283407,hamburger,0.0,0.0,0.0,0.0,0.0,0.0,0.03,0,3.0,1,0,0.0,1,1,43,0.0,1.0,1.0,0.0,0.0,0.0,53,2,Bilal Nadir,Hamburger SV,2.0
2026-27,GER1,1285872,bayern munich,0.0,0.0,0.0,0.0,0.0,0.0,0.0,0,0.0,0,0,0.0,1,12,49,0.0,0.0,0.0,0.0,0.0,1.0,90,1,Jonas Urbig,FC Bayern München,0.0
2026-27,GER1,1285926,elversberg,0.0,0.0,0.0,0.0,0.0,0.0,0.01,0,2.0,0,0,0.0,8,25,179,0.0,0.0,4.0,0.0,7.0,7.0,270,3,Nicolas Kristof,SV 07 Elversberg,0.0
2026-27,GER1,1286183,bayern munich,0.0,0.0,2.0,0.0,0.07,0.07,0.2,1,0.0,2,1,0.0,1,6,142,2.0,2.0,0.0,0.0,0.0,0.0,87,3,Tom Bischof,FC Bayern München,1.0
2026-27,GER1,1287373,borussia dortmund,0.0,0.0,3.0,0.0,0.12,0.12,0.31000000000000005,4,3.0,8,8,0.0,6,17,186,3.0,1.0,3.0,4.0,0.0,0.0,270,3,Jobe Bellingham,Borussia Dortmund,2.0
2026-27,GER1,1287871,hamburger,0.0,0.0,2.0,1.0,0.19,0.19,0.03,3,3.0,1,0,0.0,5,4,98,2.0,1.0,0.0,1.0,0.0,0.0,179,2,Zakaria El Ouahdi,Hamburger SV,1.0
2026-27,GER1,1288195,elversberg,1.0,0.0,4.0,3.0,0.32,0.32,0.07,3,6.0,0,0,0.0,0,12,65,11.0,1.0,0.0,1.0,0.0,0.0,174,3,Cole Campbell,SV 07 Elversberg,3.0
2026-27,GER1,1300329,augsburg,0.0,0.0,2.0,0.0,0.12,0.12,0.06,2,1.0,10,4,4.0,20,17,209,4.0,0.0,15.0,2.0,0.0,0.0,263,3,Calvin Brackelmann,FC Augsburg,1.0
2026-27,GER1,1302666,sport freiburg,0.0,1.0,7.0,1.0,0.26,0.26,0.32,6,1.0,3,1,0.0,2,5,103,16.0,2.0,1.0,6.0,0.0,0.0,231,3,Derry Scherhant,Sport-Club Freiburg,3.0
2026-27,GER1,1310001,leipzig,0.0,1.0,4.0,1.0,1.26,1.26,0.19,7,5.0,7,0,0.0,3,13,145,7.0,6.0,4.0,3.0,0.0,0.0,263,3,Ezechiel Banzuzi,RB Leipzig,2.0
2026-27,GER1,1310103,augsburg,1.0,1.0,6.0,4.0,1.06,1.06,0.88,1,1.0,0,0,0.0,1,2,46,11.0,2.0,2.0,3.0,0.0,0.0,90,1,Anton Kade,FC Augsburg,2.0
2026-27,GER1,1314412,leipzig,1.0,0.0,1.0,1.0,0.49,0.49,0.05,1,0.0,1,0,0.0,0,1,12,3.0,0.0,1.0,0.0,0.0,0.0,16,1,Rômulo,RB Leipzig,3.0
2026-27,GER1,1315344,werder bremen,0.0,1.0,4.0,1.0,0.16,0.16,0.6900000000000001,4,3.0,5,1,0.0,2,8,121,8.0,0.0,1.0,4.0,0.0,0.0,263,3,Chuki,SV Werder Bremen,2.0
2026-27,GER1,1321553,paderborn,0.0,0.0,4.0,0.0,0.39,0.39,0.6000000000000001,1,1.0,0,0,0.0,1,5,72,13.0,5.0,5.0,1.0,0.0,0.0,142,3,Stefano Marino,SC Paderborn 07,3.0
2026-27,GER1,1324082,hamburger,0.0,0.0,0.0,0.0,0.0,0.0,0.06999999999999999,2,0.0,1,0,0.0,0,3,44,1.0,1.0,2.0,0.0,0.0,0.0,112,2,Martin Adeline,Hamburger SV,2.0
2026-27,GER1,1327150,augsburg,0.0,0.0,6.0,2.0,0.62,0.62,0.12000000000000001,2,3.0,1,0,0.0,2,2,73,6.0,0.0,5.0,2.0,0.0,0.0,120,2,Arijon Ibrahimović,FC Augsburg,2.0
2026-27,GER1,1336529,eintracht frankfurt,0.0,0.0,0.0,0.0,0.0,0.0,0.0,0,0.0,0,0,0.0,0,0,2,0.0,0.0,0.0,0.0,0.0,0.0,11,1,Oscar Højlund,Eintracht Frankfurt,2.0
2026-27,GER1,1338957,tsg hoffenheim,0.0,2.0,2.0,0.0,0.22,0.22,0.26,1,6.0,2,0,0.0,1,6,83,6.0,7.0,3.0,4.0,0.0,0.0,162,3,Bambasé Conté,TSG 1899 Hoffenheim,2.0
2026-27,GER1,1340895,stuttgart,1.0,0.0,3.0,1.0,0.27,0.27,0.83,0,1.0,6,0,0.0,1,7,88,5.0,1.0,2.0,2.0,0.0,0.0,119,3,Bilal El Khannouss,VfB Stuttgart,2.0
2026-27,GER1,1343749,augsburg,1.0,0.0,2.0,1.0,0.42,0.42,0.03,1,0.0,0,0,0.0,0,2,14,4.0,0.0,0.0,0.0,0.0,0.0,30,3,Rodrigo Ribeiro,FC Augsburg,3.0
2026-27,GER1,1345875,eintracht frankfurt,0.0,0.0,2.0,0.0,0.05,0.05,0.16,0,1.0,1,1,0.0,3,3,92,3.0,0.0,1.0,2.0,0.0,0.0,111,2,Farès Chaïbi,Eintracht Frankfurt,2.0
2026-27,GER1,1347994,mainz 05,0.0,1.0,0.0,0.0,0.0,0.0,0.02,0,0.0,0,0,0.0,2,3,19,1.0,0.0,0.0,1.0,0.0,0.0,29,3,Otto Ruoppi,1. FSV Mainz 05,2.0
2026-27,GER1,1351569,borussia monchengladbach,2.0,0.0,10.0,4.0,1.02,1.02,0.48000000000000004,5,6.0,4,2,0.0,1,11,109,15.0,0.0,1.0,4.0,0.0,0.0,225,3,Hugo Bolin,Borussia Mönchengladbach,2.0
2026-27,GER1,1352996,sport freiburg,0.0,0.0,0.0,0.0,0.0,0.0,0.02,0,0.0,1,0,0.0,3,32,133,0.0,0.0,1.0,1.0,5.0,1.0,270,3,Mio Backhaus,Sport-Club Freiburg,0.0
2026-27,GER1,1353000,tsg hoffenheim,1.0,2.0,5.0,3.0,0.15,0.15,0.6399999999999999,4,2.0,6,4,0.0,1,9,149,11.0,3.0,4.0,7.0,0.0,0.0,267,3,Adam Daghim,TSG 1899 Hoffenheim,3.0
2026-27,GER1,1353457,werder bremen,0.0,0.0,0.0,0.0,0.0,0.0,0.22999999999999998,0,3.0,4,2,0.0,1,8,112,1.0,1.0,0.0,1.0,0.0,0.0,148,2,Arthur,SV Werder Bremen,2.0
2026-27,GER1,1356589,borussia monchengladbach,0.0,0.0,0.0,0.0,0.0,0.0,0.09,3,1.0,6,0,3.0,5,4,83,2.0,0.0,3.0,2.0,0.0,0.0,125,3,David Herold,Borussia Mönchengladbach,1.0
2026-27,GER1,1362417,mainz 05,0.0,0.0,2.0,0.0,0.1,0.1,0.09,6,0.0,8,5,4.0,22,14,216,6.0,1.0,10.0,0.0,0.0,0.0,270,3,Fabio Gruber,1. FSV Mainz 05,1.0
2026-27,GER1,1362492,paderborn,0.0,0.0,3.0,1.0,0.13,0.13,0.13,3,3.0,6,8,2.0,22,9,215,6.0,5.0,5.0,2.0,0.0,0.0,270,3,Santiago Castañeda,SC Paderborn 07,2.0
2026-27,GER1,1366338,elversberg,1.0,0.0,2.0,1.0,0.22000000000000003,0.22000000000000003,0.13,4,2.0,4,6,3.0,5,13,131,0.0,1.0,0.0,1.0,0.0,0.0,253,3,Felix Keidel,SV 07 Elversberg,1.0
2026-27,GER1,1366602,stuttgart,0.0,0.0,8.0,2.0,1.25,1.25,0.12,0,0.0,2,0,0.0,3,5,112,9.0,0.0,4.0,1.0,0.0,0.0,243,3,Dženan Pejčinović,VfB Stuttgart,3.0
2026-27,GER1,1367047,bayer leverkusen,0.0,0.0,7.0,3.0,0.71,0.71,0.33999999999999997,5,7.0,3,0,0.0,5,5,123,12.0,2.0,0.0,2.0,0.0,0.0,250,3,Afonso Moreira,Bayer 04 Leverkusen,3.0
2026-27,GER1,1367587,paderborn,0.0,0.0,5.0,0.0,0.28,0.28,0.31,2,5.0,5,2,1.0,5,15,140,6.0,7.0,2.0,3.0,0.0,0.0,226,3,Laurin Ulrich,SC Paderborn 07,2.0
2026-27,GER1,1367924,eintracht frankfurt,2.0,0.0,6.0,3.0,2.12,2.12,0.64,1,4.0,3,0,0.0,2,20,189,13.0,9.0,0.0,7.0,0.0,0.0,235,3,Can Uzun,Eintracht Frankfurt,2.0
2026-27,GER1,1387389,leipzig,0.0,0.0,1.0,0.0,0.03,0.03,0.0,1,0.0,0,0,0.0,0,0,5,1.0,0.0,0.0,0.0,0.0,0.0,7,1,Arthur Vermeeren,RB Leipzig,2.0
2026-27,GER1,1395447,bayern munich,0.0,0.0,3.0,2.0,0.3,0.3,0.25,0,2.0,4,0,0.0,1,0,98,5.0,1.0,0.0,2.0,0.0,0.0,171,3,Nathaniel Brown,FC Bayern München,1.0
2026-27,GER1,1395704,bayer leverkusen,0.0,0.0,0.0,0.0,0.0,0.0,0.1,2,0.0,0,0,0.0,1,3,37,0.0,0.0,0.0,0.0,0.0,0.0,27,1,Guéla Doué,Bayer 04 Leverkusen,1.0
2026-27,GER1,1398483,borussia monchengladbach,0.0,0.0,2.0,0.0,0.12000000000000001,0.12000000000000001,0.2,3,3.0,5,6,0.0,2,7,84,4.0,2.0,2.0,1.0,0.0,0.0,145,2,Lukas Ullrich,Borussia Mönchengladbach,1.0
2026-27,GER1,1403332,union berlin,0.0,0.0,0.0,0.0,0.0,0.0,0.05,1,0.0,3,1,0.0,13,10,131,1.0,1.0,4.0,1.0,0.0,0.0,183,3,Aljoscha Kemlein,1. FC Union Berlin,2.0
2026-27,GER1,1407250,cologne,0.0,0.0,5.0,3.0,0.43000000000000005,0.43000000000000005,0.66,0,1.0,0,0,0.0,1,3,54,8.0,3.0,0.0,2.0,0.0,0.0,119,2,Mikey Moore,1. FC Köln,3.0
2026-27,GER1,1412137,leipzig,0.0,0.0,0.0,0.0,0.0,0.0,0.06,2,0.0,0,0,0.0,0,2,8,3.0,0.0,0.0,0.0,0.0,0.0,15,1,Marc Guiu,RB Leipzig,3.0
2026-27,GER1,1412933,elversberg,3.0,0.0,8.0,5.0,1.59,1.59,0.01,1,5.0,1,2,0.0,0,7,44,5.0,1.0,0.0,0.0,0.0,0.0,96,3,Maurice Krattenmacher,SV 07 Elversberg,3.0
2026-27,GER1,1415373,paderborn,0.0,0.0,1.0,0.0,0.08,0.08,0.07,2,2.0,5,2,4.0,22,24,247,5.0,0.0,10.0,1.0,0.0,0.0,270,3,Tjark Scheller,SC Paderborn 07,1.0
2026-27,GER1,1421821,eintracht frankfurt,0.0,1.0,4.0,2.0,0.18,0.18,0.51,4,2.0,9,3,2.0,9,8,196,10.0,5.0,4.0,3.0,0.0,0.0,246,3,Elias Baum,Eintracht Frankfurt,1.0
2026-27,GER1,1425998,stuttgart,0.0,0.0,1.0,0.0,0.07,0.07,0.0,0,1.0,0,0,0.0,0,0,21,5.0,2.0,0.0,0.0,0.0,0.0,21,2,Leo Sauer,VfB Stuttgart,3.0
2026-27,GER1,1426060,paderborn,0.0,0.0,4.0,0.0,0.51,0.51,0.77,5,5.0,7,3,1.0,19,13,181,8.0,2.0,14.0,5.0,0.0,0.0,247,3,Laurin Curda,SC Paderborn 07,2.0
2026-27,GER1,1430151,leipzig,0.0,0.0,4.0,2.0,0.22999999999999998,0.22999999999999998,1.05,2,4.0,2,0,0.0,0,11,119,7.0,3.0,0.0,3.0,0.0,0.0,163,2,Brajan Gruda,RB Leipzig,3.0
2026-27,GER1,1436730,sport freiburg,0.0,0.0,0.0,0.0,0.0,0.0,0.05,2,2.0,0,0,0.0,1,1,16,1.0,1.0,2.0,2.0,0.0,0.0,30,3,Keisuke Goto,Sport-Club Freiburg,3.0
2026-27,GER1,1445416,tsg hoffenheim,0.0,0.0,3.0,0.0,0.11000000000000001,0.11000000000000001,0.74,3,0.0,4,2,1.0,6,8,158,2.0,0.0,3.0,6.0,0.0,0.0,162,3,Mats Rots,TSG 1899 Hoffenheim,1.0
2026-27,GER1,1447050,eintracht frankfurt,3.0,1.0,8.0,4.0,1.52,1.52,0.88,2,1.0,1,0,0.0,2,9,83,17.0,2.0,2.0,4.0,0.0,0.0,191,3,Younes Ebnoutalib,Eintracht Frankfurt,3.0
2026-27,GER1,1453218,augsburg,0.0,0.0,4.0,2.0,0.5,0.5,0.09000000000000001,0,3.0,1,0,0.0,2,7,37,2.0,2.0,2.0,1.0,0.0,0.0,55,3,Mert Kömür,FC Augsburg,2.0
2026-27,GER1,1457626,bayer leverkusen,1.0,1.0,13.0,2.0,0.96,0.96,1.51,4,3.0,2,2,0.0,3,11,206,28.0,8.0,2.0,8.0,0.0,0.0,270,3,Ibrahim Maza,Bayer 04 Leverkusen,2.0
2026-27,GER1,1459758,elversberg,2.0,0.0,4.0,2.0,0.8,0.8,0.09,2,2.0,1,1,0.0,1,9,53,5.0,2.0,0.0,3.0,0.0,0.0,236,3,David Mokwa,SV 07 Elversberg,3.0
2026-27,GER1,1463271,cologne,0.0,0.0,0.0,0.0,0.0,0.0,0.03,2,4.0,4,5,4.0,21,7,200,0.0,0.0,7.0,0.0,0.0,0.0,270,3,Jahmai Simpson-Pusey,1. FC Köln,1.0
2026-27,GER1,1473580,bayern munich,1.0,1.0,6.0,2.0,1.19,1.19,0.7,7,2.0,3,3,0.0,2,16,332,11.0,1.0,5.0,7.0,0.0,0.0,248,3,Aleksandar Pavlović,FC Bayern München,2.0
2026-27,GER1,1478148,tsg hoffenheim,1.0,0.0,3.0,1.0,0.09,0.09,0.44999999999999996,2,1.0,6,7,1.0,2,15,214,1.0,0.0,1.0,2.0,0.0,0.0,270,3,Leon Avdullahu,TSG 1899 Hoffenheim,2.0
2026-27,GER1,1479742,borussia dortmund,0.0,0.0,0.0,0.0,0.0,0.0,0.05,1,0.0,5,1,0.0,10,13,210,0.0,1.0,2.0,0.0,0.0,0.0,243,3,Joane Gadou,Borussia Dortmund,1.0
2026-27,GER1,1479921,elversberg,0.0,1.0,1.0,0.0,0.43,0.43,0.02,0,1.0,1,0,0.0,2,3,38,3.0,1.0,1.0,1.0,0.0,0.0,104,2,Noah Darvich,SV 07 Elversberg,3.0
2026-27,GER1,1482209,leipzig,0.0,1.0,0.0,0.0,0.0,0.0,0.48,0,0.0,1,0,0.0,0,0,13,1.0,0.0,0.0,2.0,0.0,0.0,6,1,Andrija Maksimović,RB Leipzig,2.0
2026-27,GER1,1482294,leipzig,0.0,0.0,2.0,1.0,0.21,0.21,0.01,0,1.0,0,0,0.0,0,0,7,1.0,0.0,0.0,1.0,0.0,0.0,7,1,Conrad Harder,RB Leipzig,3.0
2026-27,GER1,1482733,leipzig,1.0,2.0,7.0,2.0,0.9600000000000001,0.9600000000000001,0.6699999999999999,0,3.0,2,0,0.0,0,4,98,12.0,1.0,0.0,4.0,0.0,0.0,165,3,Tidiam Gomis,RB Leipzig,3.0
2026-27,GER1,1486537,tsg hoffenheim,0.0,0.0,3.0,2.0,1.31,0.52,0.0,0,1.0,2,0,0.0,1,0,16,6.0,1.0,0.0,0.0,0.0,0.0,43,2,Max Moerstedt,TSG 1899 Hoffenheim,3.0
2026-27,GER1,1486541,leipzig,0.0,0.0,1.0,0.0,0.02,0.02,0.04,0,1.0,0,0,0.0,0,2,18,0.0,0.0,0.0,2.0,0.0,0.0,35,1,Assan Ouédraogo,RB Leipzig,2.0
2026-27,GER1,1487877,stuttgart,0.0,1.0,6.0,1.0,0.52,0.52,0.08,3,3.0,6,3,2.0,17,10,207,5.0,1.0,7.0,4.0,0.0,0.0,270,3,Finn Jeltsch,VfB Stuttgart,1.0
2026-27,GER1,1515976,paderborn,0.0,0.0,2.0,0.0,0.03,0.03,0.15000000000000002,1,3.0,5,3,2.0,7,16,227,0.0,0.0,2.0,1.0,0.0,0.0,246,3,Mattes Hansen,SC Paderborn 07,1.0
2026-27,GER1,1520469,paderborn,0.0,0.0,1.0,0.0,0.02,0.02,0.04,3,2.0,5,8,3.0,23,9,222,0.0,2.0,7.0,1.0,0.0,0.0,262,3,Jano ter Horst,SC Paderborn 07,1.0
2026-27,GER1,1520506,union berlin,0.0,0.0,2.0,0.0,0.06,0.06,0.04,0,5.0,1,2,1.0,1,8,85,2.0,1.0,1.0,0.0,0.0,0.0,153,3,Livan Burcu,1. FC Union Berlin,3.0
2026-27,GER1,1520593,paderborn,0.0,0.0,0.0,0.0,0.0,0.0,0.04,0,0.0,0,1,0.0,2,0,18,0.0,0.0,1.0,0.0,0.0,0.0,23,2,Jonah Sticker,SC Paderborn 07,2.0
2026-27,GER1,1526221,sport freiburg,0.0,0.0,2.0,0.0,0.12,0.12,0.01,2,0.0,1,0,0.0,0,3,39,2.0,0.0,0.0,0.0,0.0,0.0,53,2,Cyriaque Irié,Sport-Club Freiburg,3.0
2026-27,GER1,1527363,cologne,0.0,0.0,1.0,0.0,0.09,0.09,0.02,4,0.0,1,0,1.0,3,5,75,0.0,1.0,2.0,1.0,0.0,0.0,111,3,Paul Okon-Engstler,1. FC Köln,2.0
2026-27,GER1,1529161,leipzig,0.0,0.0,0.0,0.0,0.0,0.0,0.01,1,0.0,0,0,0.0,0,0,12,0.0,0.0,1.0,0.0,0.0,0.0,12,1,Max Finkgräfe,RB Leipzig,1.0
2026-27,GER1,1536436,borussia dortmund,0.0,1.0,6.0,3.0,0.44,0.44,0.14,2,6.0,1,0,0.0,1,4,103,4.0,3.0,0.0,3.0,0.0,0.0,136,2,Konstantinos Karetsas,Borussia Dortmund,3.0
2026-27,GER1,1576487,hamburger,0.0,0.0,2.0,0.0,0.04,0.04,0.01,3,1.0,0,0,0.0,0,1,23,5.0,1.0,0.0,0.0,0.0,0.0,61,3,Otto Stange,Hamburger SV,3.0
2026-27,GER1,1580371,sport freiburg,0.0,0.0,0.0,0.0,0.0,0.0,0.0,0,1.0,1,0,0.0,0,0,8,0.0,2.0,0.0,0.0,0.0,0.0,8,1,Berkay Yılmaz,Sport-Club Freiburg,1.0
2026-27,GER1,1586401,paderborn,0.0,0.0,0.0,0.0,0.0,0.0,0.0,0,1.0,0,0,0.0,0,0,16,0.0,1.0,1.0,0.0,0.0,0.0,13,1,Luka Djuric,SC Paderborn 07,2.0
2026-27,GER1,1586552,stuttgart,0.0,0.0,0.0,0.0,0.0,0.0,0.0,0,0.0,0,1,0.0,0,0,5,0.0,0.0,0.0,0.0,0.0,0.0,2,1,Chema Andrés,VfB Stuttgart,2.0
2026-27,GER1,1596359,eintracht frankfurt,0.0,0.0,0.0,0.0,0.0,0.0,0.06,0,1.0,2,1,0.0,0,5,30,0.0,0.0,0.0,0.0,0.0,0.0,59,1,Noël Aséko,Eintracht Frankfurt,2.0
2026-27,GER1,1603681,elversberg,0.0,1.0,3.0,2.0,0.44,0.44,0.06999999999999999,3,2.0,3,2,0.0,0,5,52,6.0,5.0,1.0,2.0,0.0,0.0,151,3,Francis Onyeka,SV 07 Elversberg,2.0
2026-27,GER1,1613676,cologne,1.0,0.0,6.0,3.0,0.73,0.73,0.01,1,1.0,2,0,0.0,0,1,45,7.0,4.0,0.0,1.0,0.0,0.0,81,2,Saïd El Mala,1. FC Köln,3.0
2026-27,GER1,1627706,eintracht frankfurt,0.0,0.0,2.0,1.0,0.13,0.13,0.11,4,9.0,5,7,1.0,12,9,202,4.0,2.0,6.0,3.0,0.0,0.0,270,3,Keita Kosugi,Eintracht Frankfurt,1.0
2026-27,GER1,1641063,augsburg,0.0,0.0,2.0,0.0,0.19,0.19,0.06,6,2.0,5,4,4.0,19,13,178,4.0,0.0,9.0,4.0,0.0,0.0,270,3,Noahkai Banks,FC Augsburg,1.0
2026-27,GER1,1646629,werder bremen,0.0,0.0,0.0,0.0,0.0,0.0,0.0,0,0.0,1,0,0.0,0,2,21,2.0,1.0,0.0,0.0,0.0,0.0,36,2,Salim Musah,SV Werder Bremen,3.0
2026-27,GER1,1646943,werder bremen,0.0,0.0,1.0,0.0,0.03,0.03,0.0,1,0.0,0,0,0.0,0,0,6,0.0,0.0,0.0,0.0,0.0,0.0,5,1,Patrice Covic,SV Werder Bremen,2.0
2026-27,GER1,1659420,schalke,0.0,0.0,0.0,0.0,0.0,0.0,0.25,1,1.0,2,0,1.0,1,1,40,1.0,1.0,0.0,1.0,0.0,0.0,87,2,Vitalie Becker,FC Schalke 04,2.0
2026-27,GER1,1660228,borussia monchengladbach,0.0,0.0,0.0,0.0,0.0,0.0,0.01,1,0.0,0,0,0.0,2,1,13,1.0,0.0,3.0,1.0,0.0,0.0,13,1,Jan Leszczyński,Borussia Mönchengladbach,1.0
2026-27,GER1,1663094,borussia dortmund,0.0,0.0,0.0,0.0,0.0,0.0,0.0,2,1.0,1,2,0.0,2,3,42,0.0,0.0,0.0,0.0,0.0,0.0,48,2,Filippo Mane,Borussia Dortmund,1.0
2026-27,GER1,1664759,tsg hoffenheim,0.0,0.0,0.0,0.0,0.0,0.0,0.04,1,0.0,0,0,0.0,0,4,25,3.0,0.0,1.0,1.0,0.0,0.0,30,2,Nathan De Cat,TSG 1899 Hoffenheim,2.0
2026-27,GER1,1665352,cologne,0.0,0.0,1.0,0.0,0.04,0.04,0.0,0,1.0,0,0,0.0,0,0,7,0.0,0.0,0.0,0.0,0.0,0.0,15,1,Reigan Heskey,1. FC Köln,3.0
2026-27,GER1,1671553,eintracht frankfurt,0.0,1.0,0.0,0.0,0.0,0.0,0.6,0,1.0,4,6,4.0,23,10,175,2.0,0.0,18.0,1.0,0.0,0.0,180,2,Jeremiaha Maluze,Eintracht Frankfurt,1.0
2026-27,GER1,1678681,augsburg,0.0,1.0,2.0,0.0,0.07,0.07,0.53,1,3.0,11,10,0.0,9,23,200,5.0,1.0,2.0,2.0,0.0,0.0,270,3,Hennes Behrens,FC Augsburg,1.0
2026-27,GER1,1680173,eintracht frankfurt,0.0,0.0,4.0,1.0,0.32,0.32,0.09,2,3.0,1,1,1.0,0,4,50,10.0,3.0,0.0,1.0,0.0,0.0,103,3,Ayoube Amaimouni-Echghouyab,Eintracht Frankfurt,3.0
2026-27,GER1,1690128,eintracht frankfurt,0.0,0.0,0.0,0.0,0.0,0.0,0.0,1,0.0,0,0,0.0,2,2,17,1.0,0.0,2.0,0.0,0.0,0.0,27,2,Malik Pimpong,Eintracht Frankfurt,3.0
2026-27,GER1,1701615,paderborn,0.0,0.0,1.0,0.0,0.03,0.03,0.0,1,0.0,0,0,0.0,1,4,24,0.0,1.0,1.0,0.0,0.0,0.0,24,2,Clemens Lippmann,SC Paderborn 07,2.0
2026-27,GER1,1705081,bayer leverkusen,2.0,0.0,8.0,2.0,1.02,1.02,0.11,6,1.0,1,1,0.0,0,0,39,10.0,1.0,4.0,1.0,0.0,0.0,121,3,Christian Kofane,Bayer 04 Leverkusen,3.0
2026-27,GER1,1714103,werder bremen,0.0,0.0,0.0,0.0,0.0,0.0,0.02,3,4.0,4,0,0.0,4,3,71,0.0,0.0,0.0,0.0,0.0,0.0,122,3,Mick Schmetgens,SV Werder Bremen,1.0
2026-27,GER1,1717491,eintracht frankfurt,0.0,0.0,0.0,0.0,0.0,0.0,0.0,0,0.0,0,0,0.0,0,2,3,0.0,0.0,0.0,0.0,0.0,0.0,11,1,Love Arrhov,Eintracht Frankfurt,3.0
2026-27,GER1,1737700,bayern munich,1.0,0.0,4.0,3.0,0.42000000000000004,0.42000000000000004,0.14,0,0.0,1,0,0.0,0,3,103,5.0,1.0,0.0,0.0,0.0,0.0,128,3,Lennart Karl,FC Bayern München,3.0
2026-27,GER1,1738366,eintracht frankfurt,0.0,0.0,0.0,0.0,0.0,0.0,0.0,2,0.0,0,0,0.0,3,0,5,0.0,0.0,1.0,0.0,0.0,0.0,5,1,Otávio,Eintracht Frankfurt,1.0
2026-27,GER1,1750565,borussia dortmund,0.0,0.0,1.0,0.0,0.07,0.07,0.0,0,0.0,2,0,0.0,0,0,7,0.0,0.0,0.0,0.0,0.0,0.0,6,1,Kauã Prates,Borussia Dortmund,1.0
2026-27,GER1,1755657,schalke,0.0,0.0,0.0,0.0,0.0,0.0,0.0,0,0.0,2,0,0.0,1,4,15,1.0,0.0,0.0,0.0,0.0,0.0,29,2,Mertcan Ayhan,FC Schalke 04,1.0
2026-27,GER1,1761151,borussia dortmund,0.0,0.0,0.0,0.0,0.0,0.0,0.0,1,0.0,0,0,0.0,0,0,1,0.0,0.0,0.0,0.0,0.0,0.0,3,1,Samuele Inácio,Borussia Dortmund,2.0
2026-27,GER1,1793638,stuttgart,0.0,0.0,0.0,0.0,0.0,0.0,0.0,3,3.0,2,1,0.0,3,3,40,0.0,0.0,1.0,0.0,0.0,0.0,56,2,Yanik Spalt,VfB Stuttgart,2.0
2026-27,GER1,1793874,borussia monchengladbach,0.0,0.0,3.0,1.0,0.39,0.39,0.11,3,1.0,2,1,1.0,2,5,72,7.0,2.0,2.0,1.0,0.0,0.0,156,3,Wael Mohya,Borussia Mönchengladbach,2.0
2026-27,GER1,1800401,mainz 05,0.0,0.0,1.0,0.0,0.02,0.02,0.03,3,1.0,5,3,1.0,9,8,151,1.0,1.0,6.0,1.0,0.0,0.0,190,3,Kacper Potulski,1. FSV Mainz 05,1.0
2026-27,GER1,1801952,paderborn,0.0,0.0,0.0,0.0,0.0,0.0,0.0,1,0.0,0,0,0.0,1,0,3,0.0,0.0,0.0,0.0,0.0,0.0,1,1,Niklas Mohr,SC Paderborn 07,1.0
2026-27,GER1,1804634,hamburger,0.0,0.0,0.0,0.0,0.0,0.0,0.01,2,0.0,2,1,1.0,5,6,65,0.0,0.0,0.0,0.0,0.0,0.0,118,2,Shafiq Nandja,Hamburger SV,1.0
2026-27,GER1,1810868,werder bremen,0.0,0.0,1.0,1.0,0.05,0.05,0.0,1,0.0,2,1,0.0,2,2,15,1.0,1.0,0.0,0.0,0.0,0.0,30,2,Paul Erevbenagie,SV Werder Bremen,3.0
2026-27,GER1,1842512,schalke,0.0,0.0,0.0,0.0,0.0,0.0,0.0,1,0.0,1,0,0.0,1,2,8,0.0,1.0,0.0,0.0,0.0,0.0,16,1,Luca Vozar,FC Schalke 04,2.0
2026-27,GER1,1845173,borussia dortmund,0.0,0.0,0.0,0.0,0.0,0.0,0.0,1,0.0,1,0,2.0,4,2,18,0.0,0.0,0.0,0.0,0.0,0.0,27,1,Luca Reggiani,Borussia Dortmund,1.0
2026-27,GER1,1860819,leipzig,0.0,0.0,1.0,0.0,0.15,0.15,0.01,1,1.0,0,0,0.0,0,1,17,2.0,0.0,0.0,0.0,0.0,0.0,6,1,Samba Konaté,RB Leipzig,3.0
2026-27,GER1,1899791,hamburger,0.0,0.0,0.0,0.0,0.0,0.0,0.060000000000000005,3,0.0,2,3,0.0,0,5,47,3.0,2.0,0.0,1.0,0.0,0.0,95,2,Louis Lemke,Hamburger SV,2.0
2026-27,GER1,1975572,borussia monchengladbach,0.0,0.0,2.0,0.0,0.1,0.1,0.06,3,1.0,1,1,0.0,2,11,73,1.0,1.0,2.0,3.0,0.0,0.0,123,3,Mathieu Nguefack,Borussia Mönchengladbach,2.0
2026-27,GER1,2140397,mainz 05,0.0,0.0,1.0,1.0,0.05,0.05,0.26,0,0.0,1,0,0.0,0,0,15,0.0,0.0,0.0,1.0,0.0,0.0,18,2,Rael Nakuzola,1. FSV Mainz 05,1.0
2026-27,ESP1,80295,athletic club,0.0,0.0,7.0,0.0,0.18,0.18,0.31,4,1.0,3,4,0.0,6,18,265,3.0,0.0,4.0,4.0,0.0,0.0,281,4,Yuri Berchiche,Athletic Club,1.0
2026-27,ESP1,150565,deportivo a coruna,5.0,2.0,14.0,9.0,2.77,2.77,0.47000000000000003,4,2.0,3,2,0.0,8,11,167,24.0,2.0,4.0,9.0,0.0,0.0,535,6,Pierre-Emerick Aubameyang,Deportivo de La Coruña,3.0
2026-27,ESP1,150649,real racing,1.0,0.0,13.0,5.0,0.8500000000000001,0.8500000000000001,0.33999999999999997,4,9.0,7,2,1.0,2,23,311,17.0,6.0,2.0,2.0,0.0,0.0,480,6,Sergio Canales,Racing de Santander,2.0
2026-27,ESP1,151001,villarreal,0.0,0.0,0.0,0.0,0.0,0.0,0.0,0,0.0,0,0,0.0,4,8,38,0.0,0.0,1.0,0.0,10.0,2.0,90,1,Péter Gulácsi,Villarreal,0.0
2026-27,ESP1,169586,espanyol,0.0,0.0,1.0,0.0,0.17,0.17,0.15000000000000002,6,1.0,1,3,1.0,30,6,182,9.0,0.0,11.0,0.0,0.0,0.0,270,3,Leandro Cabrera,Espanyol,1.0
2026-27,ESP1,169718,barcelona,0.0,0.0,0.0,0.0,0.0,0.0,0.0,0,0.0,0,0,0.0,0,3,7,0.0,0.0,0.0,0.0,0.0,1.0,45,1,Wojciech Szczęsny,Barcelona,0.0
2026-27,ESP1,170323,real madrid,0.0,0.0,0.0,0.0,0.0,0.0,0.0,0,0.0,0,0,0.0,1,35,211,0.0,0.0,0.0,0.0,16.0,6.0,540,6,Thibaut Courtois,Real Madrid,0.0
2026-27,ESP1,174472,celta vigo,1.0,0.0,6.0,2.0,0.37,0.37,0.19,0,3.0,1,0,2.0,0,5,158,9.0,1.0,2.0,2.0,0.0,0.0,220,6,Iago Aspas,Celta de Vigo,3.0
2026-27,ESP1,175311,getafe,0.0,0.0,0.0,0.0,0.0,0.0,0.24,2,1.0,2,1,0.0,2,8,122,0.0,2.0,2.0,1.0,0.0,0.0,140,3,Kiko,Getafe,1.0
2026-27,ESP1,177126,atletico madrid,0.0,0.0,0.0,0.0,0.0,0.0,0.0,0,1.0,0,1,0.0,1,45,216,0.0,0.0,1.0,0.0,14.0,6.0,540,6,Jan Oblak,Atlético de Madrid,0.0
2026-27,ESP1,178753,getafe,0.0,0.0,3.0,0.0,0.05,0.05,0.18,2,0.0,1,1,1.0,6,2,76,3.0,0.0,4.0,1.0,0.0,0.0,194,3,Nemanja Gudelj,Getafe,1.0
2026-27,ESP1,184521,rayo vallecano,0.0,0.0,10.0,2.0,0.25,0.25,0.06,6,6.0,13,9,5.0,34,23,396,4.0,0.0,12.0,1.0,0.0,0.0,540,6,Florian Lejeune,Rayo Vallecano,1.0
2026-27,ESP1,184533,atletico madrid,0.0,0.0,1.0,0.0,0.04,0.04,0.32,2,4.0,12,2,0.0,1,19,320,2.0,3.0,0.0,5.0,0.0,0.0,313,6,Koke,Atlético de Madrid,2.0
2026-27,ESP1,185644,levante,0.0,0.0,0.0,0.0,0.0,0.0,0.01,0,1.0,1,0,0.0,7,49,229,0.0,0.0,0.0,0.0,19.0,9.0,450,5,Mathew Ryan,Levante,0.0
2026-27,ESP1,191315,real betis,0.0,0.0,7.0,3.0,0.53,0.53,0.54,4,5.0,2,2,0.0,1,11,184,6.0,1.0,1.0,10.0,0.0,0.0,237,5,Isco,Real Betis,2.0
2026-27,ESP1,195305,real betis,1.0,0.0,4.0,2.0,0.16,0.16,0.02,0,0.0,10,4,5.0,30,10,211,3.0,0.0,10.0,1.0,0.0,0.0,321,4,Marc Bartra,Real Betis,1.0
2026-27,ESP1,196169,celta vigo,0.0,0.0,3.0,0.0,0.27,0.27,0.18000000000000002,6,3.0,7,10,1.0,25,24,477,2.0,3.0,7.0,0.0,0.0,0.0,411,5,Marcos Alonso,Celta de Vigo,1.0
2026-27,ESP1,210683,levante,0.0,0.0,1.0,0.0,0.05,0.05,0.05,1,2.0,9,7,2.0,30,13,322,3.0,0.0,10.0,2.0,0.0,0.0,450,5,Aïssa Mandi,Levante,1.0
2026-27,ESP1,213471,osasuna,0.0,0.0,0.0,0.0,0.0,0.0,0.0,0,0.0,0,0,0.0,2,9,50,0.0,0.0,0.0,0.0,7.0,4.0,90,1,Aitor Fernández,Osasuna,0.0
2026-27,ESP1,246438,villarreal,2.0,0.0,6.0,3.0,1.87,1.08,1.1,3,1.0,2,0,0.0,2,6,186,19.0,3.0,3.0,9.0,0.0,0.0,273,5,Gerard Moreno,Villarreal,3.0
2026-27,ESP1,251269,osasuna,4.0,0.0,16.0,10.0,4.18,1.81,0.11,7,13.0,6,0,1.0,4,6,136,32.0,2.0,20.0,1.0,0.0,0.0,412,6,Ante Budimir,Osasuna,3.0
2026-27,ESP1,254241,valencia,0.0,0.0,0.0,0.0,0.0,0.0,0.0,0,0.0,0,0,0.0,7,58,262,0.0,0.0,1.0,1.0,19.0,10.0,540,6,Stole Dimitrievski,Valencia CF,0.0
2026-27,ESP1,260659,deportivo a coruna,0.0,0.0,2.0,0.0,0.07,0.07,0.11000000000000001,4,5.0,13,6,1.0,22,11,305,4.0,1.0,2.0,1.0,0.0,0.0,443,5,Ximo Navarro,Deportivo de La Coruña,1.0
2026-27,ESP1,262592,osasuna,0.0,1.0,0.0,0.0,0.0,0.0,0.48,1,7.0,3,3,1.0,5,15,157,0.0,1.0,1.0,4.0,0.0,0.0,240,4,Moi Gómez,Osasuna,2.0
2026-27,ESP1,264885,rayo vallecano,0.0,0.0,0.0,0.0,0.0,0.0,0.01,2,3.0,3,2,2.0,8,5,119,0.0,0.0,4.0,0.0,0.0,0.0,206,5,Iván Balliu,Rayo Vallecano,1.0
2026-27,ESP1,276738,real madrid,0.0,0.0,2.0,1.0,0.07,0.07,0.02,1,1.0,0,0,5.0,16,2,187,4.0,0.0,4.0,1.0,0.0,0.0,180,2,Antonio Rüdiger,Real Madrid,1.0
2026-27,ESP1,280818,espanyol,0.0,0.0,0.0,0.0,0.0,0.0,0.0,0,1.0,0,1,0.0,5,68,239,0.0,0.0,1.0,0.0,19.0,7.0,540,6,Marko Dmitrović,Espanyol,0.0
2026-27,ESP1,282281,alaves,0.0,0.0,2.0,1.0,0.53,0.53,0.78,3,6.0,5,0,0.0,0,14,205,5.0,2.0,1.0,11.0,0.0,0.0,280,6,Denis Suárez,Alavés,2.0
2026-27,ESP1,282462,athletic club,0.0,1.0,2.0,0.0,0.07,0.07,0.79,6,3.0,1,3,0.0,1,10,163,3.0,2.0,2.0,4.0,0.0,0.0,197,4,Íñigo Ruíz de Galarreta,Athletic Club,2.0
2026-27,ESP1,288406,atletico madrid,1.0,1.0,8.0,4.0,1.16,0.37,0.43,3,2.0,13,3,2.0,10,17,388,10.0,1.0,4.0,4.0,0.0,0.0,445,5,Alejandro Grimaldo,Atlético de Madrid,2.0
2026-27,ESP1,291635,elche,0.0,0.0,1.0,1.0,0.02,0.02,0.02,2,1.0,0,1,1.0,2,5,139,1.0,0.0,1.0,0.0,0.0,0.0,161,3,Pedro Bigas,Elche,1.0
2026-27,ESP1,303879,osasuna,0.0,0.0,1.0,0.0,0.06,0.06,0.04,2,1.0,4,1,1.0,7,14,128,3.0,0.0,6.0,1.0,0.0,0.0,208,4,Lucas Torró,Osasuna,2.0
2026-27,ESP1,304355,sevilla,0.0,0.0,0.0,0.0,0.0,0.0,0.0,0,0.0,0,0,0.0,7,47,179,0.0,0.0,2.0,0.0,15.0,6.0,540,6,Odysseas Vlachodimos,Sevilla,0.0
2026-27,ESP1,360918,alaves,0.0,0.0,2.0,1.0,0.09,0.09,0.11,1,3.0,12,3,3.0,17,18,251,1.0,1.0,5.0,2.0,0.0,0.0,420,5,Jonny Otto,Alavés,1.0
2026-27,ESP1,361757,barcelona,1.0,0.0,4.0,1.0,0.08,0.08,0.09,2,0.0,1,2,0.0,2,4,134,5.0,1.0,1.0,1.0,0.0,0.0,116,5,João Cancelo,Barcelona,1.0
2026-27,ESP1,384413,osasuna,0.0,0.0,6.0,3.0,0.38,0.38,1.0,3,3.0,11,1,1.0,7,14,192,7.0,2.0,4.0,6.0,0.0,0.0,300,6,Rubén Garcia,Osasuna,3.0
2026-27,ESP1,391058,valencia,0.0,0.0,0.0,0.0,0.0,0.0,0.03,6,4.0,13,0,0.0,11,14,197,6.0,0.0,1.0,1.0,0.0,0.0,278,4,José Gayà,Valencia CF,1.0
2026-27,ESP1,411617,athletic club,0.0,0.0,2.0,0.0,0.43,0.43,0.14,2,3.0,4,2,2.0,17,22,367,3.0,0.0,6.0,0.0,0.0,0.0,392,5,Aymeric Laporte,Athletic Club,1.0
2026-27,ESP1,420568,real betis,0.0,0.0,0.0,0.0,0.0,0.0,0.01,1,0.0,1,6,4.0,10,4,88,0.0,0.0,2.0,0.0,0.0,0.0,129,2,Diego Llorente,Real Betis,1.0
2026-27,ESP1,421365,getafe,0.0,0.0,0.0,0.0,0.0,0.0,0.11,5,1.0,6,8,1.0,16,29,241,0.0,0.0,4.0,1.0,0.0,0.0,441,5,Djené,Getafe,1.0
2026-27,ESP1,427438,real betis,0.0,0.0,3.0,2.0,0.5,0.5,0.38,4,1.0,9,3,2.0,9,13,259,9.0,1.0,2.0,6.0,0.0,0.0,379,5,Héctor Bellerín,Real Betis,1.0
2026-27,ESP1,443966,levante,0.0,0.0,0.0,0.0,0.0,0.0,0.01,1,0.0,1,1,1.0,7,1,93,0.0,1.0,1.0,0.0,0.0,0.0,174,5,Jeremy Toljan,Levante,1.0
2026-27,ESP1,449232,barcelona,0.0,0.0,3.0,0.0,0.61,0.61,0.11,6,2.0,2,7,2.0,15,17,343,5.0,0.0,10.0,0.0,0.0,0.0,343,5,Andreas Christensen,Barcelona,1.0
2026-27,ESP1,464486,getafe,1.0,0.0,7.0,1.0,1.19,1.19,0.08,7,4.0,7,0,1.0,1,6,167,21.0,8.0,17.0,4.0,0.0,0.0,405,5,Enes Ünal,Getafe,3.0
2026-27,ESP1,468931,elche,1.0,0.0,3.0,1.0,0.12,0.12,0.33,5,0.0,5,1,0.0,2,6,96,5.0,0.0,0.0,2.0,0.0,0.0,88,3,Thomas Lemar,Elche,2.0
2026-27,ESP1,474589,atletico madrid,0.0,0.0,0.0,0.0,0.0,0.0,0.01,2,0.0,0,0,0.0,6,1,36,0.0,0.0,3.0,0.0,0.0,0.0,35,2,José Giménez,Atlético de Madrid,1.0
2026-27,ESP1,474589,deportivo a coruna,0.0,0.0,2.0,0.0,0.12,0.12,0.02,1,0.0,2,4,2.0,17,2,209,2.0,0.0,6.0,1.0,0.0,0.0,239,3,José Giménez,Deportivo de La Coruña,1.0
2026-27,ESP1,474658,rayo vallecano,2.0,2.0,6.0,4.0,1.76,1.76,0.54,4,0.0,5,6,1.0,7,19,170,14.0,1.0,2.0,3.0,0.0,0.0,443,6,Álvaro Garcia,Rayo Vallecano,3.0
2026-27,ESP1,474673,getafe,0.0,0.0,2.0,0.0,0.05,0.05,0.39,3,10.0,5,1,2.0,14,15,264,0.0,3.0,4.0,6.0,0.0,0.0,360,4,Johan Mojica,Getafe,1.0
2026-27,ESP1,479020,villarreal,0.0,1.0,7.0,3.0,0.9,0.9,0.1,3,8.0,4,0,0.0,0,8,112,10.0,2.0,1.0,3.0,0.0,0.0,221,5,Ayoze Pérez,Villarreal,3.0
2026-27,ESP1,488139,real madrid,0.0,0.0,1.0,0.0,0.14,0.14,0.24000000000000002,5,3.0,8,5,1.0,3,12,262,3.0,2.0,1.0,4.0,0.0,0.0,274,5,Bernardo Silva,Real Madrid,2.0
2026-27,ESP1,488718,osasuna,0.0,0.0,0.0,0.0,0.0,0.0,0.19,0,3.0,2,0,0.0,3,2,40,0.0,1.0,1.0,0.0,0.0,0.0,45,1,Diego Rico,Osasuna,1.0
2026-27,ESP1,493216,elche,0.0,0.0,3.0,1.0,0.2,0.2,0.09,2,3.0,2,1,0.0,1,1,41,6.0,2.0,5.0,1.0,0.0,0.0,121,3,Ezequiel Ponce,Elche,3.0
2026-27,ESP1,493647,deportivo a coruna,0.0,0.0,0.0,0.0,0.0,0.0,0.02,1,5.0,0,0,0.0,0,6,66,2.0,5.0,1.0,0.0,0.0,0.0,97,3,Adama Traoré,Deportivo de La Coruña,3.0
2026-27,ESP1,497662,celta vigo,1.0,0.0,4.0,1.0,0.31000000000000005,0.31000000000000005,0.04,2,2.0,8,4,0.0,10,10,231,5.0,0.0,5.0,1.0,0.0,0.0,218,3,Carl Starfelt,Celta de Vigo,1.0
2026-27,ESP1,516803,malaga,0.0,0.0,0.0,0.0,0.0,0.0,0.03,3,2.0,4,5,3.0,20,9,359,0.0,0.0,1.0,0.0,0.0,0.0,379,5,Einar Galilea,Málaga,1.0
2026-27,ESP1,518525,alaves,3.0,3.0,9.0,8.0,1.3,1.3,0.33,4,2.0,1,0,1.0,3,10,81,11.0,2.0,8.0,3.0,0.0,0.0,258,6,Mariano Díaz,Alavés,3.0
2026-27,ESP1,530468,alaves,0.0,1.0,0.0,0.0,0.0,0.0,0.02,0,0.0,1,0,0.0,10,48,217,0.0,0.0,1.0,1.0,17.0,6.0,540,6,Antonio Sivera,Alavés,0.0
2026-27,ESP1,531629,real betis,0.0,0.0,0.0,0.0,0.0,0.0,0.01,1,2.0,4,1,0.0,2,3,31,0.0,1.0,0.0,1.0,0.0,0.0,33,1,Dani Ceballos,Real Betis,2.0
2026-27,ESP1,536455,real sociedad,0.0,0.0,8.0,3.0,0.45000000000000007,0.45000000000000007,0.21000000000000002,1,2.0,5,0,0.0,1,11,123,12.0,5.0,3.0,4.0,0.0,0.0,177,5,Gonçalo Guedes,Real Sociedad,3.0
2026-27,ESP1,561164,alaves,4.0,0.0,16.0,6.0,1.24,1.24,0.35000000000000003,13,8.0,14,0,1.0,5,16,197,16.0,7.0,13.0,3.0,0.0,0.0,409,5,Lucas Boyé,Alavés,3.0
2026-27,ESP1,561198,valencia,0.0,0.0,2.0,0.0,0.1,0.1,0.02,1,1.0,2,6,2.0,18,13,189,4.0,0.0,7.0,0.0,0.0,0.0,287,4,Mouctar Diakhaby,Valencia CF,1.0
2026-27,ESP1,571615,rayo vallecano,0.0,3.0,4.0,1.0,0.25,0.25,0.94,9,3.0,12,4,5.0,3,22,373,1.0,5.0,4.0,13.0,0.0,0.0,469,6,Unai López,Rayo Vallecano,2.0
2026-27,ESP1,574624,osasuna,1.0,0.0,3.0,1.0,0.77,0.77,0.49,4,3.0,3,0,0.0,2,5,88,4.0,2.0,0.0,4.0,0.0,0.0,181,5,Enrique Barja,Osasuna,3.0
2026-27,ESP1,574629,athletic club,1.0,0.0,5.0,2.0,0.16999999999999998,0.16999999999999998,0.66,3,2.0,4,4,0.0,2,9,191,14.0,4.0,4.0,8.0,0.0,0.0,252,5,Alex Berenguer,Athletic Club,3.0
2026-27,ESP1,575735,villarreal,2.0,0.0,14.0,7.0,0.8200000000000001,0.8200000000000001,1.25,0,5.0,3,1,2.0,1,17,337,42.0,9.0,1.0,9.0,0.0,0.0,412,5,Nicolas Pépé,Villarreal,2.0
2026-27,ESP1,576165,barcelona,1.0,0.0,3.0,1.0,0.26,0.26,0.22,0,0.0,1,0,0.0,0,0,31,6.0,1.0,0.0,1.0,0.0,0.0,30,2,Gabriel Jesus,Barcelona,3.0
2026-27,ESP1,581919,getafe,0.0,0.0,0.0,0.0,0.0,0.0,0.04,0,2.0,0,0,0.0,6,45,204,0.0,0.0,0.0,0.0,13.0,6.0,450,5,David Soria,Getafe,0.0
2026-27,ESP1,586768,valencia,0.0,0.0,2.0,1.0,0.07,0.07,0.05,6,7.0,9,6,1.0,6,19,210,0.0,4.0,7.0,1.0,0.0,0.0,248,3,Guido Rodríguez,Valencia CF,2.0
2026-27,ESP1,590494,valencia,1.0,0.0,3.0,3.0,1.3399999999999999,1.3399999999999999,0.02,1,1.0,1,0,0.0,1,5,55,5.0,5.0,5.0,1.0,0.0,0.0,158,3,Umar Sadiq,Valencia CF,3.0
2026-27,ESP1,592412,elche,0.0,0.0,0.0,0.0,0.0,0.0,0.0,0,0.0,0,1,0.0,3,49,338,0.0,0.0,2.0,0.0,14.0,16.0,540,6,Matías Dituro,Elche,0.0
2026-27,ESP1,593118,real madrid,0.0,0.0,6.0,2.0,0.35000000000000003,0.35000000000000003,0.16,2,2.0,9,3,0.0,4,7,187,10.0,2.0,1.0,3.0,0.0,0.0,325,5,Denzel Dumfries,Real Madrid,2.0
2026-27,ESP1,593129,espanyol,0.0,0.0,1.0,0.0,0.02,0.02,0.0,1,1.0,2,0,0.0,1,4,22,1.0,2.0,1.0,0.0,0.0,0.0,40,4,Pere Milla,Espanyol,3.0
2026-27,ESP1,602563,atletico madrid,0.0,1.0,3.0,2.0,0.11,0.11,0.19,7,2.0,10,7,5.0,7,25,360,6.0,3.0,2.0,6.0,0.0,0.0,375,6,Marcos Llorente,Atlético de Madrid,1.0
2026-27,ESP1,602845,rayo vallecano,0.0,0.0,0.0,0.0,0.0,0.0,0.0,0,0.0,0,0,0.0,3,19,105,0.0,0.0,0.0,0.0,10.0,5.0,180,2,Emil Audero,Rayo Vallecano,0.0
2026-27,ESP1,603537,deportivo a coruna,0.0,0.0,0.0,0.0,0.0,0.0,0.02,2,2.0,1,1,0.0,2,3,61,1.0,0.0,0.0,0.0,0.0,0.0,59,1,Angeliño,Deportivo de La Coruña,2.0
2026-27,ESP1,604105,athletic club,0.0,2.0,10.0,4.0,1.54,1.54,0.08,3,5.0,4,1,1.0,1,7,104,19.0,3.0,4.0,5.0,0.0,0.0,330,5,Iñaki Williams,Athletic Club,3.0
2026-27,ESP1,604126,real betis,0.0,0.0,0.0,0.0,0.0,0.0,0.0,0,1.0,1,1,0.0,0,1,8,0.0,2.0,0.0,0.0,0.0,0.0,6,1,Giovani Lo Celso,Real Betis,2.0
2026-27,ESP1,609505,celta vigo,0.0,0.0,2.0,0.0,0.29,0.29,0.01,0,0.0,0,0,0.0,0,1,8,2.0,0.0,0.0,0.0,0.0,0.0,21,1,Borja Iglesias,Celta de Vigo,3.0
2026-27,ESP1,609516,atletico madrid,1.0,0.0,1.0,1.0,0.04,0.04,0.01,2,3.0,4,4,0.0,17,13,169,1.0,1.0,7.0,0.0,0.0,0.0,256,3,Robin Le Normand,Atlético de Madrid,1.0
2026-27,ESP1,614834,barcelona,0.0,3.0,8.0,1.0,0.65,0.65,2.01,1,4.0,4,2,0.0,3,8,236,14.0,5.0,1.0,11.0,0.0,0.0,245,6,Dani Olmo,Barcelona,2.0
2026-27,ESP1,616538,malaga,0.0,0.0,0.0,0.0,0.0,0.0,0.01,0,1.0,0,0,0.0,7,42,262,0.0,0.0,1.0,0.0,19.0,8.0,450,5,Alfonso Herrero,Málaga,0.0
2026-27,ESP1,616539,real sociedad,0.0,0.0,0.0,0.0,0.0,0.0,0.01,0,0.0,0,0,0.0,6,41,255,0.0,0.0,0.0,0.0,19.0,9.0,450,5,Alex Remiro,Real Sociedad,0.0
2026-27,ESP1,621415,rayo vallecano,0.0,0.0,0.0,0.0,0.0,0.0,0.0,0,0.0,1,1,0.0,3,19,78,0.0,0.0,0.0,0.0,3.0,2.0,150,2,Augusto Batalla,Rayo Vallecano,0.0
2026-27,ESP1,623982,elche,0.0,1.0,0.0,0.0,0.0,0.0,0.61,1,0.0,0,0,0.0,0,0,42,3.0,0.0,0.0,5.0,0.0,0.0,25,3,Josan,Elche,3.0
2026-27,ESP1,635772,getafe,0.0,0.0,0.0,0.0,0.0,0.0,0.0,0,1.0,0,0,0.0,0,1,5,0.0,0.0,0.0,0.0,0.0,0.0,5,2,Borja Mayoral,Getafe,3.0
2026-27,ESP1,637756,alaves,0.0,1.0,2.0,1.0,0.11,0.11,0.05,1,0.0,4,1,0.0,2,4,97,6.0,5.0,0.0,2.0,0.0,0.0,110,5,Carles Aleñá,Alavés,2.0
2026-27,ESP1,638010,rayo vallecano,0.0,0.0,1.0,0.0,0.04,0.04,0.01,1,1.0,3,0,0.0,3,2,38,2.0,1.0,2.0,0.0,0.0,0.0,81,2,Isi Palazón,Rayo Vallecano,2.0
2026-27,ESP1,638070,valencia,1.0,0.0,3.0,1.0,0.39,0.39,0.15,0,1.0,0,1,0.0,1,9,65,5.0,0.0,0.0,2.0,0.0,0.0,114,3,Luis Rioja,Valencia CF,2.0
2026-27,ESP1,639450,athletic club,0.0,1.0,3.0,0.0,0.15,0.15,0.02,2,3.0,4,4,2.0,14,14,274,5.0,0.0,7.0,2.0,0.0,0.0,315,4,Yeray Álvarez,Athletic Club,1.0
2026-27,ESP1,640123,alaves,0.0,0.0,11.0,0.0,1.9200000000000002,1.9200000000000002,0.14,2,10.0,4,0,1.0,7,4,101,21.0,3.0,16.0,5.0,0.0,0.0,324,5,Toni Martínez,Alavés,3.0
2026-27,ESP1,640220,real betis,0.0,1.0,3.0,0.0,0.1,0.1,0.56,5,6.0,13,4,1.0,7,31,251,3.0,1.0,4.0,3.0,0.0,0.0,337,4,Marc Roca,Real Betis,2.0
2026-27,ESP1,659490,sevilla,0.0,0.0,1.0,0.0,0.01,0.01,0.49,11,9.0,16,3,1.0,16,27,379,3.0,1.0,9.0,8.0,0.0,0.0,540,6,Gabriel Suazo,Sevilla,1.0
2026-27,ESP1,660625,athletic club,0.0,0.0,0.0,0.0,0.0,0.0,0.01,0,0.0,0,0,0.0,7,51,268,0.0,0.0,2.0,0.0,17.0,6.0,450,5,Unai Simón,Athletic Club,0.0
2026-27,ESP1,670031,real racing,0.0,1.0,2.0,1.0,0.42,0.42,0.0,0,6.0,0,0,1.0,4,1,67,9.0,3.0,4.0,1.0,0.0,0.0,219,5,Asier Villalibre,Racing de Santander,3.0
2026-27,ESP1,671686,celta vigo,0.0,0.0,1.0,1.0,0.02,0.02,0.060000000000000005,5,7.0,6,0,0.0,1,8,129,0.0,0.0,0.0,0.0,0.0,0.0,167,2,Aleix Febas,Celta de Vigo,2.0
2026-27,ESP1,671865,villarreal,0.0,0.0,1.0,1.0,0.57,0.57,0.6,11,2.0,8,7,2.0,6,14,283,9.0,0.0,0.0,3.0,0.0,0.0,320,5,Santi Comesaña,Villarreal,2.0
2026-27,ESP1,673356,valencia,0.0,0.0,1.0,1.0,0.05,0.05,0.060000000000000005,4,2.0,2,4,1.0,8,9,152,1.0,0.0,2.0,1.0,0.0,0.0,240,5,Pablo Maffeo,Valencia CF,1.0
2026-27,ESP1,673689,valencia,0.0,0.0,1.0,0.0,0.03,0.03,0.15,4,2.0,10,7,3.0,29,24,384,2.0,2.0,3.0,1.0,0.0,0.0,478,6,Pepelu,Valencia CF,2.0
2026-27,ESP1,675088,barcelona,0.0,0.0,2.0,0.0,0.14,0.14,0.8,1,2.0,7,6,0.0,6,19,358,11.0,1.0,2.0,4.0,0.0,0.0,266,5,Rodri,Barcelona,2.0
2026-27,ESP1,678192,sevilla,1.0,0.0,4.0,3.0,0.94,0.15,0.08,7,2.0,5,1,0.0,3,18,161,9.0,5.0,6.0,2.0,0.0,0.0,341,6,Jon Guridi,Sevilla,2.0
2026-27,ESP1,678234,real sociedad,0.0,2.0,8.0,4.0,0.57,0.57,0.72,4,8.0,4,2,0.0,0,14,217,16.0,6.0,5.0,6.0,0.0,0.0,417,6,Mikel Oyarzabal,Real Sociedad,3.0
2026-27,ESP1,681213,celta vigo,0.0,0.0,0.0,0.0,0.0,0.0,0.01,0,2.0,0,0,0.0,12,59,246,0.0,0.0,1.0,0.0,16.0,6.0,540,6,Ionuț Radu,Celta de Vigo,0.0
2026-27,ESP1,683450,real betis,0.0,0.0,9.0,0.0,0.41,0.41,0.47000000000000003,3,3.0,3,5,0.0,1,34,336,12.0,1.0,2.0,11.0,0.0,0.0,376,5,Pablo Fornals,Real Betis,2.0
2026-27,ESP1,683762,osasuna,0.0,0.0,0.0,0.0,0.0,0.0,0.02,1,2.0,1,0,0.0,4,39,152,0.0,0.0,1.0,1.0,6.0,8.0,450,5,Sergio Herrera,Osasuna,0.0
2026-27,ESP1,684981,real racing,0.0,0.0,0.0,0.0,0.0,0.0,0.12000000000000001,2,2.0,1,2,0.0,1,2,42,1.0,1.0,1.0,1.0,0.0,0.0,91,2,Aarón Martín,Racing de Santander,2.0
2026-27,ESP1,690516,atletico madrid,1.0,0.0,10.0,3.0,1.3599999999999999,1.3599999999999999,0.55,7,7.0,4,0,0.0,0,9,199,35.0,8.0,0.0,10.0,0.0,0.0,437,6,Ademola Lookman,Atlético de Madrid,2.0
2026-27,ESP1,695062,celta vigo,0.0,0.0,0.0,0.0,0.0,0.0,0.15000000000000002,2,4.0,5,1,1.0,3,7,164,1.0,0.0,2.0,3.0,0.0,0.0,205,5,Javi Galán,Celta de Vigo,1.0
2026-27,ESP1,696263,osasuna,0.0,0.0,0.0,0.0,0.0,0.0,0.03,0,1.0,1,0,0.0,0,1,21,0.0,0.0,2.0,0.0,0.0,0.0,35,2,Romain Del Castillo,Osasuna,3.0
2026-27,ESP1,696679,barcelona,9.0,3.0,21.0,13.0,7.960000000000001,5.61,1.45,3,4.0,3,0,0.0,2,6,246,36.0,3.0,1.0,14.0,0.0,0.0,478,6,Raphinha,Barcelona,3.0
2026-27,ESP1,698653,real sociedad,0.0,0.0,0.0,0.0,0.0,0.0,0.07,3,1.0,14,7,0.0,16,10,289,1.0,1.0,7.0,2.0,0.0,0.0,393,5,Igor Zubeldia,Real Sociedad,1.0
2026-27,ESP1,701154,real madrid,7.0,2.0,40.0,22.0,7.85,6.28,2.04,7,6.0,3,1,0.0,0,9,350,80.0,8.0,1.0,11.0,0.0,0.0,540,6,Kylian Mbappé,Real Madrid,3.0
2026-27,ESP1,704151,valencia,0.0,0.0,13.0,5.0,1.29,1.29,0.43999999999999995,6,7.0,1,0,1.0,1,6,157,17.0,5.0,1.0,5.0,0.0,0.0,438,6,Arnaut Danjuma,Valencia CF,3.0
2026-27,ESP1,705450,barcelona,0.0,0.0,0.0,0.0,0.0,0.0,0.07,1,2.0,1,1,0.0,6,9,217,4.0,2.0,3.0,2.0,0.0,0.0,171,4,Jules Koundé,Barcelona,1.0
2026-27,ESP1,708890,real sociedad,0.0,1.0,2.0,1.0,0.08,0.08,0.48,2,3.0,6,1,2.0,4,27,279,3.0,4.0,1.0,9.0,0.0,0.0,374,6,Carlos Soler,Real Sociedad,2.0
2026-27,ESP1,711231,athletic club,0.0,0.0,2.0,0.0,0.05,0.05,0.23,5,3.0,2,1,0.0,4,2,55,3.0,0.0,4.0,1.0,0.0,0.0,178,4,Gorka Guruzeta,Athletic Club,3.0
2026-27,ESP1,715069,rayo vallecano,0.0,0.0,10.0,2.0,0.49,0.49,0.21,3,4.0,5,1,0.0,1,14,147,5.0,3.0,0.0,9.0,0.0,0.0,292,5,Pedro Díaz,Rayo Vallecano,2.0
2026-27,ESP1,722830,malaga,0.0,0.0,0.0,0.0,0.0,0.0,0.0,1,1.0,1,0,0.0,0,0,8,0.0,2.0,0.0,0.0,0.0,0.0,10,1,Eneko Jauregi,Málaga,3.0
2026-27,ESP1,723148,valencia,0.0,0.0,0.0,0.0,0.0,0.0,0.05,6,2.0,11,0,1.0,7,16,156,0.0,3.0,3.0,1.0,0.0,0.0,227,5,Aliou Dieng,Valencia CF,2.0
2026-27,ESP1,727897,atletico madrid,0.0,2.0,4.0,0.0,0.09000000000000001,0.09000000000000001,0.29,2,3.0,5,9,5.0,20,19,448,12.0,1.0,7.0,2.0,0.0,0.0,455,6,Dávid Hancko,Atlético de Madrid,1.0
2026-27,ESP1,730901,real sociedad,1.0,0.0,4.0,2.0,0.15,0.15,0.06,8,9.0,9,1,1.0,3,16,288,2.0,9.0,5.0,1.0,0.0,0.0,382,6,Yangel Herrera,Real Sociedad,2.0
2026-27,ESP1,743192,real betis,0.0,0.0,0.0,0.0,0.0,0.0,0.07,1,1.0,2,0,0.0,1,2,59,1.0,0.0,2.0,1.0,0.0,0.0,59,1,Júnior Firpo,Real Betis,1.0
2026-27,ESP1,743533,real madrid,0.0,1.0,6.0,1.0,0.27,0.27,0.36,3,2.0,8,5,2.0,6,19,374,5.0,4.0,2.0,5.0,0.0,0.0,474,6,Federico Valverde,Real Madrid,2.0
2026-27,ESP1,750027,real madrid,0.0,0.0,1.0,0.0,0.05,0.05,0.07,0,1.0,1,0,0.0,0,6,65,9.0,1.0,0.0,3.0,0.0,0.0,99,3,Brahim Díaz,Real Madrid,3.0
2026-27,ESP1,750028,real betis,0.0,1.0,0.0,0.0,0.0,0.0,0.31,3,4.0,11,4,2.0,4,25,277,7.0,1.0,3.0,5.0,0.0,0.0,391,5,Fran García,Real Betis,1.0
2026-27,ESP1,750031,espanyol,0.0,0.0,1.0,0.0,0.06,0.06,0.04,2,0.0,2,0,0.0,1,4,31,0.0,1.0,0.0,2.0,0.0,0.0,39,3,Pol Lozano,Espanyol,2.0
2026-27,ESP1,760712,real madrid,0.0,1.0,3.0,1.0,0.13,0.13,0.8,0,1.0,3,7,0.0,3,13,213,2.0,0.0,0.0,6.0,0.0,0.0,213,4,Trent Alexander-Arnold,Real Madrid,1.0
2026-27,ESP1,765693,getafe,0.0,0.0,3.0,0.0,0.16,0.16,0.07,7,5.0,4,10,0.0,6,12,205,4.0,6.0,3.0,2.0,0.0,0.0,448,5,Orel Mangala,Getafe,2.0
2026-27,ESP1,777028,real racing,0.0,0.0,0.0,0.0,0.0,0.0,0.45,2,0.0,3,1,0.0,0,3,57,1.0,1.0,0.0,0.0,0.0,0.0,59,2,André Almeida,Racing de Santander,2.0
2026-27,ESP1,784246,valencia,0.0,0.0,1.0,0.0,0.01,0.01,0.01,0,0.0,0,0,0.0,0,2,16,0.0,0.0,0.0,1.0,0.0,0.0,8,1,Dani Raba,Valencia CF,3.0
2026-27,ESP1,789066,atletico madrid,0.0,0.0,3.0,1.0,0.28,0.28,0.08,1,4.0,4,0,1.0,15,11,185,3.0,1.0,6.0,0.0,0.0,0.0,189,3,Cristian Romero,Atlético de Madrid,1.0
2026-27,ESP1,797901,rayo vallecano,0.0,1.0,1.0,1.0,0.07,0.07,0.05,4,5.0,9,0,0.0,2,12,103,4.0,3.0,3.0,1.0,0.0,0.0,302,4,Jorge de Frutos,Rayo Vallecano,3.0
2026-27,ESP1,799914,alaves,0.0,0.0,1.0,0.0,0.06,0.06,0.01,2,1.0,1,3,0.0,1,5,40,1.0,2.0,1.0,1.0,0.0,0.0,64,2,Carlos Protesoni,Alavés,1.0
2026-27,ESP1,800615,valencia,0.0,0.0,6.0,2.0,0.41,0.41,0.3,4,10.0,9,3,0.0,8,13,345,3.0,6.0,2.0,4.0,0.0,0.0,464,6,Filip Ugrinic,Valencia CF,2.0
2026-27,ESP1,800891,deportivo a coruna,0.0,0.0,0.0,0.0,0.0,0.0,0.02,4,2.0,5,5,1.0,23,3,205,0.0,2.0,4.0,0.0,0.0,0.0,195,4,Miguel Loureiro,Deportivo de La Coruña,1.0
2026-27,ESP1,801120,malaga,0.0,0.0,0.0,0.0,0.0,0.0,0.0,0,0.0,1,0,0.0,0,0,7,0.0,0.0,0.0,0.0,0.0,0.0,4,1,Jens-Lys Cajuste,Málaga,2.0
2026-27,ESP1,801213,elche,0.0,2.0,5.0,1.0,0.14,0.14,0.44,9,6.0,3,5,0.0,3,17,234,8.0,3.0,1.0,4.0,0.0,0.0,385,6,Tete Morente,Elche,3.0
2026-27,ESP1,805352,espanyol,0.0,0.0,1.0,0.0,0.02,0.02,0.41000000000000003,0,3.0,4,2,4.0,23,17,272,2.0,0.0,5.0,1.0,0.0,0.0,356,4,Unai Núñez,Espanyol,1.0
2026-27,ESP1,814663,osasuna,0.0,0.0,0.0,0.0,0.0,0.0,0.09,4,3.0,7,4,2.0,28,19,392,5.0,1.0,14.0,1.0,0.0,0.0,450,5,Alejandro Catena,Osasuna,1.0
2026-27,ESP1,820140,real madrid,0.0,0.0,4.0,1.0,0.36,0.36,0.05,7,3.0,5,1,4.0,16,23,356,5.0,3.0,10.0,2.0,0.0,0.0,450,5,Ibrahima Konaté,Real Madrid,1.0
2026-27,ESP1,833219,villarreal,0.0,0.0,4.0,1.0,0.32,0.32,0.34,1,2.0,6,7,7.0,16,18,284,6.0,2.0,9.0,1.0,0.0,0.0,270,3,Juan Foyth,Villarreal,1.0
2026-27,ESP1,837089,espanyol,0.0,0.0,14.0,1.0,0.89,0.89,1.1600000000000001,4,5.0,9,1,1.0,9,30,365,5.0,9.0,4.0,10.0,0.0,0.0,468,6,Edu Expósito,Espanyol,2.0
2026-27,ESP1,837270,sevilla,1.0,0.0,2.0,1.0,0.34,0.34,0.06,2,2.0,3,2,0.0,3,12,108,4.0,1.0,2.0,1.0,0.0,0.0,179,5,Chidera Ejuke,Sevilla,3.0
2026-27,ESP1,844477,real sociedad,0.0,0.0,4.0,1.0,0.16999999999999998,0.16999999999999998,0.32,3,1.0,11,5,3.0,13,37,475,4.0,0.0,3.0,6.0,0.0,0.0,522,6,Sergio Gómez,Real Sociedad,1.0
2026-27,ESP1,844544,villarreal,1.0,0.0,4.0,2.0,0.1,0.1,0.45,5,10.0,3,4,3.0,5,21,376,7.0,0.0,1.0,7.0,0.0,0.0,386,5,Pape Gueye,Villarreal,2.0
2026-27,ESP1,845998,alaves,0.0,0.0,7.0,0.0,0.2,0.2,0.24,12,4.0,16,13,1.0,7,26,339,2.0,4.0,2.0,2.0,0.0,0.0,511,6,Antonio Blanco,Alavés,2.0
2026-27,ESP1,846033,real madrid,1.0,3.0,20.0,6.0,2.95,2.95,1.74,5,22.0,5,0,0.0,0,19,285,62.0,5.0,0.0,13.0,0.0,0.0,511,6,Vinícius Júnior,Real Madrid,3.0
2026-27,ESP1,848289,real sociedad,0.0,0.0,2.0,0.0,0.53,0.53,0.15,3,5.0,2,1,0.0,1,7,103,12.0,2.0,0.0,3.0,0.0,0.0,223,5,Takefusa Kubo,Real Sociedad,3.0
2026-27,ESP1,852071,real betis,1.0,1.0,7.0,4.0,1.8699999999999999,1.8699999999999999,0.28,2,4.0,1,0,0.0,2,10,139,25.0,8.0,5.0,5.0,0.0,0.0,336,5,Juan Hernández,Real Betis,3.0
2026-27,ESP1,860314,alaves,1.0,0.0,6.0,2.0,0.37,0.37,0.33,5,6.0,10,7,0.0,28,20,295,10.0,4.0,6.0,2.0,0.0,0.0,495,6,Nahuel Tenaglia,Alavés,1.0
2026-27,ESP1,860752,sevilla,0.0,0.0,1.0,0.0,0.07,0.07,0.01,0,0.0,1,0,0.0,1,2,10,2.0,0.0,0.0,0.0,0.0,0.0,20,1,Rubén Vargas,Sevilla,3.0
2026-27,ESP1,863169,real racing,0.0,0.0,3.0,0.0,0.07,0.07,0.0,5,2.0,5,4,4.0,41,5,185,4.0,1.0,11.0,0.0,0.0,0.0,397,5,Manu,Racing de Santander,1.0
2026-27,ESP1,872396,rayo vallecano,0.0,0.0,1.0,0.0,0.06,0.06,0.060000000000000005,4,5.0,6,16,5.0,36,33,384,3.0,5.0,9.0,2.0,0.0,0.0,540,6,Pathé Ciss,Rayo Vallecano,1.0
2026-27,ESP1,873289,real madrid,0.0,0.0,0.0,0.0,0.0,0.0,0.14,0,2.0,8,3,2.0,7,20,275,6.0,0.0,4.0,2.0,0.0,0.0,340,6,Marc Cucurella,Real Madrid,1.0
2026-27,ESP1,873827,alaves,0.0,0.0,0.0,0.0,0.0,0.0,0.01,0,1.0,1,0,0.0,0,1,24,0.0,0.0,1.0,1.0,0.0,0.0,6,2,Ander Guevara,Alavés,2.0
2026-27,ESP1,873838,malaga,0.0,0.0,0.0,0.0,0.0,0.0,0.0,0,0.0,0,0,0.0,0,0,3,0.0,0.0,0.0,0.0,0.0,0.0,3,1,Juan Berrocal,Málaga,1.0
2026-27,ESP1,881773,elche,0.0,1.0,4.0,3.0,0.21,0.21,1.01,13,19.0,14,3,0.0,3,28,410,10.0,5.0,6.0,7.0,0.0,0.0,513,6,Gonzalo Villar,Elche,2.0
2026-27,ESP1,889229,real racing,0.0,2.0,1.0,0.0,0.04,0.04,2.02,9,13.0,10,4,0.0,5,29,424,18.0,10.0,1.0,17.0,0.0,0.0,454,6,Iñigo Vicente,Racing de Santander,3.0
2026-27,ESP1,895954,real betis,0.0,0.0,0.0,0.0,0.0,0.0,0.01,0,0.0,2,0,0.0,0,0,17,1.0,0.0,0.0,0.0,0.0,0.0,30,1,Álvaro Fidalgo,Real Betis,2.0
2026-27,ESP1,899195,real racing,1.0,0.0,9.0,3.0,2.3499999999999996,0.79,0.53,3,5.0,5,3,0.0,1,14,150,8.0,2.0,0.0,6.0,0.0,0.0,239,3,Andrés Martin,Racing de Santander,3.0
2026-27,ESP1,906937,barcelona,0.0,4.0,9.0,4.0,1.22,1.22,0.93,1,3.0,3,0,0.0,2,9,155,28.0,6.0,1.0,7.0,0.0,0.0,311,5,Anthony Gordon,Barcelona,3.0
2026-27,ESP1,914401,levante,0.0,0.0,1.0,0.0,0.02,0.02,0.08,6,1.0,6,2,2.0,10,19,198,0.0,5.0,4.0,1.0,0.0,0.0,389,5,Oriol Rey,Levante,2.0
2026-27,ESP1,914458,real madrid,0.0,0.0,1.0,0.0,0.03,0.03,0.09000000000000001,0,0.0,2,2,0.0,3,5,76,2.0,0.0,0.0,3.0,0.0,0.0,107,2,Aurélien Tchouaméni,Real Madrid,2.0
2026-27,ESP1,915264,rayo vallecano,0.0,0.0,3.0,1.0,0.88,0.88,0.01,3,2.0,3,0,1.0,2,4,47,5.0,4.0,4.0,0.0,0.0,0.0,153,3,Randy Nteka,Rayo Vallecano,3.0
2026-27,ESP1,921825,osasuna,0.0,0.0,2.0,1.0,0.09000000000000001,0.09000000000000001,0.24,4,0.0,13,5,0.0,4,16,270,3.0,0.0,2.0,1.0,0.0,0.0,424,6,Jon Moncayola,Osasuna,2.0
2026-27,ESP1,922877,villarreal,0.0,0.0,1.0,0.0,0.06,0.06,0.03,0,0.0,0,0,1.0,1,2,56,2.0,0.0,1.0,0.0,0.0,0.0,83,1,Logan Costa,Villarreal,1.0
2026-27,ESP1,923298,malaga,0.0,1.0,3.0,1.0,0.04,0.04,0.43,3,0.0,1,4,1.0,1,10,155,1.0,1.0,2.0,7.0,0.0,0.0,194,3,Pablo Martínez,Málaga,2.0
2026-27,ESP1,924300,rayo vallecano,0.0,0.0,5.0,2.0,0.56,0.56,0.03,4,5.0,2,0,0.0,2,4,59,10.0,7.0,3.0,0.0,0.0,0.0,102,5,Alemão,Rayo Vallecano,3.0
2026-27,ESP1,926643,sevilla,0.0,0.0,0.0,0.0,0.0,0.0,0.02,0,0.0,0,0,0.0,0,1,5,1.0,1.0,0.0,1.0,0.0,0.0,10,1,Alfon González,Sevilla,2.0
2026-27,ESP1,927646,rayo vallecano,1.0,0.0,4.0,2.0,0.14,0.14,0.74,8,2.0,6,2,0.0,7,9,182,5.0,3.0,2.0,7.0,0.0,0.0,308,4,Adrià Pedrosa,Rayo Vallecano,1.0
2026-27,ESP1,929838,valencia,0.0,0.0,2.0,0.0,0.14,0.14,0.02,1,5.0,1,1,1.0,3,3,62,7.0,2.0,7.0,2.0,0.0,0.0,176,6,Hugo Duro,Valencia CF,3.0
2026-27,ESP1,939061,rayo vallecano,0.0,0.0,6.0,2.0,0.63,0.63,0.16999999999999998,1,0.0,1,0,0.0,1,2,52,8.0,2.0,0.0,2.0,0.0,0.0,182,3,Giorgi Tsitaishvili,Rayo Vallecano,3.0
2026-27,ESP1,939427,rayo vallecano,0.0,0.0,0.0,0.0,0.0,0.0,0.0,0,0.0,0,1,2.0,5,4,77,0.0,0.0,2.0,0.0,0.0,0.0,76,2,Mujaid Sadick,Rayo Vallecano,1.0
2026-27,ESP1,939569,atletico madrid,2.0,1.0,8.0,5.0,1.73,1.73,0.38,0,2.0,0,0,0.0,0,2,44,11.0,1.0,1.0,5.0,0.0,0.0,98,2,Jonathan David,Atlético de Madrid,3.0
2026-27,ESP1,940573,barcelona,0.0,0.0,3.0,0.0,0.11000000000000001,0.11000000000000001,0.45999999999999996,3,0.0,13,4,1.0,14,21,460,13.0,0.0,4.0,3.0,0.0,0.0,379,5,Eric García,Barcelona,1.0
2026-27,ESP1,940608,malaga,0.0,0.0,2.0,0.0,0.04,0.04,0.05,2,1.0,4,0,0.0,0,7,89,3.0,3.0,1.0,0.0,0.0,0.0,196,5,Juan Cruz,Málaga,3.0
2026-27,ESP1,940976,atletico madrid,2.0,1.0,18.0,5.0,1.21,1.21,0.8899999999999999,6,9.0,8,2,0.0,2,15,261,13.0,5.0,3.0,9.0,0.0,0.0,380,6,Kang-In Lee,Atlético de Madrid,3.0
2026-27,ESP1,942358,sevilla,0.0,0.0,1.0,1.0,0.05,0.05,0.23,4,2.0,3,0,0.0,2,3,77,6.0,0.0,2.0,3.0,0.0,0.0,164,2,Félix Correia,Sevilla,3.0
2026-27,ESP1,942365,real betis,1.0,0.0,4.0,1.0,1.24,1.24,0.09,1,1.0,4,0,0.0,3,4,43,11.0,3.0,0.0,2.0,0.0,0.0,98,3,Troy Parrott,Real Betis,3.0
2026-27,ESP1,942372,atletico madrid,4.0,1.0,14.0,6.0,1.03,1.03,1.15,7,7.0,2,8,0.0,1,16,276,22.0,4.0,1.0,14.0,0.0,0.0,388,6,Álex Baena,Atlético de Madrid,2.0
2026-27,ESP1,950199,atletico madrid,0.0,0.0,3.0,0.0,0.16999999999999998,0.16999999999999998,0.28,4,9.0,8,8,2.0,8,17,283,4.0,2.0,5.0,7.0,0.0,0.0,341,6,Morten Hjulmand,Atlético de Madrid,2.0
2026-27,ESP1,950545,athletic club,1.0,0.0,15.0,4.0,1.78,1.78,1.1800000000000002,2,8.0,2,2,0.0,0,17,219,26.0,13.0,6.0,8.0,0.0,0.0,425,5,Oihan Sancet,Athletic Club,2.0
2026-27,ESP1,951739,malaga,0.0,0.0,3.0,0.0,0.08,0.08,0.2,4,10.0,4,1,1.0,1,13,136,9.0,6.0,0.0,3.0,0.0,0.0,293,5,Joaquín Muñoz,Málaga,2.0
2026-27,ESP1,952528,levante,1.0,0.0,7.0,2.0,0.45999999999999996,0.45999999999999996,0.92,6,6.0,4,4,1.0,22,19,343,5.0,1.0,4.0,2.0,0.0,0.0,431,5,Adrián De La Fuente,Levante,1.0
2026-27,ESP1,953958,sevilla,0.0,1.0,4.0,0.0,0.11000000000000001,0.11000000000000001,0.22,3,2.0,3,1,0.0,2,9,114,5.0,1.0,0.0,1.0,0.0,0.0,117,4,Giorgi Kochorashvili,Sevilla,2.0
2026-27,ESP1,954621,sevilla,0.0,0.0,4.0,1.0,0.19,0.19,0.1,1,1.0,6,2,1.0,3,13,109,7.0,1.0,1.0,1.0,0.0,0.0,197,3,Youssouf Fofana,Sevilla,2.0
2026-27,ESP1,955204,espanyol,0.0,0.0,0.0,0.0,0.0,0.0,0.0,3,3.0,3,0,2.0,8,3,84,0.0,0.0,2.0,0.0,0.0,0.0,115,3,Vanja Drkušić,Espanyol,1.0
2026-27,ESP1,956622,rayo vallecano,0.0,0.0,0.0,0.0,0.0,0.0,0.04,6,4.0,10,6,4.0,13,13,186,1.0,1.0,6.0,1.0,0.0,0.0,312,6,Óscar Valentín,Rayo Vallecano,2.0
2026-27,ESP1,956921,getafe,0.0,0.0,0.0,0.0,0.0,0.0,0.0,1,1.0,2,1,1.0,8,1,46,0.0,0.0,1.0,0.0,0.0,0.0,91,2,Abdelkabir Abqar,Getafe,1.0
2026-27,ESP1,959594,barcelona,2.0,2.0,15.0,6.0,3.88,3.88,0.61,3,8.0,2,0,0.0,1,9,161,37.0,2.0,3.0,6.0,0.0,0.0,229,6,Karim Adeyemi,Barcelona,2.0
2026-27,ESP1,959597,real sociedad,2.0,0.0,13.0,5.0,0.78,0.78,0.52,3,2.0,6,1,0.0,1,19,270,6.0,3.0,3.0,5.0,0.0,0.0,464,6,Luka Sučić,Real Sociedad,2.0
2026-27,ESP1,963964,valencia,0.0,0.0,0.0,0.0,0.0,0.0,0.06999999999999999,0,0.0,2,0,0.0,0,1,37,1.0,0.0,0.0,0.0,0.0,0.0,64,2,Harvey Elliott,Valencia CF,2.0
2026-27,ESP1,967622,real betis,0.0,0.0,23.0,9.0,1.4300000000000002,1.4300000000000002,0.83,5,6.0,6,3,0.0,1,15,278,29.0,2.0,3.0,7.0,0.0,0.0,371,5,Antony,Real Betis,3.0
2026-27,ESP1,967871,real racing,0.0,0.0,1.0,0.0,0.05,0.05,0.07,4,4.0,17,0,1.0,7,5,247,1.0,3.0,1.0,2.0,0.0,0.0,315,4,Iván Martin,Racing de Santander,2.0
2026-27,ESP1,969711,valencia,0.0,0.0,0.0,0.0,0.0,0.0,0.0,2,0.0,1,2,1.0,6,4,116,0.0,1.0,1.0,0.0,0.0,0.0,127,2,Justin De Haas,Valencia CF,1.0
2026-27,ESP1,970566,deportivo a coruna,0.0,0.0,0.0,0.0,0.0,0.0,0.03,3,2.0,0,3,0.0,2,5,91,1.0,2.0,1.0,0.0,0.0,0.0,175,3,Riki Rodríguez,Deportivo de La Coruña,2.0
2026-27,ESP1,970578,rayo vallecano,1.0,0.0,7.0,2.0,0.58,0.58,0.19,4,6.0,9,7,1.0,11,23,335,21.0,9.0,3.0,4.0,0.0,0.0,450,5,Andrei Rațiu,Rayo Vallecano,1.0
2026-27,ESP1,971790,sevilla,0.0,0.0,5.0,0.0,0.11,0.11,0.52,11,5.0,18,12,2.0,14,37,353,3.0,2.0,3.0,2.0,0.0,0.0,540,6,Lucien Agoumé,Sevilla,2.0
2026-27,ESP1,974753,atletico madrid,0.0,0.0,2.0,1.0,0.28,0.28,0.06,0,0.0,0,0,0.0,0,1,42,1.0,1.0,0.0,2.0,0.0,0.0,55,2,Julián Álvarez,Atlético de Madrid,3.0
2026-27,ESP1,977618,levante,0.0,0.0,1.0,0.0,0.15,0.15,0.11,3,4.0,2,2,1.0,3,8,92,6.0,6.0,1.0,1.0,0.0,0.0,196,4,Víctor García,Levante,3.0
2026-27,ESP1,980422,rayo vallecano,6.0,1.0,15.0,10.0,2.27,2.27,0.44999999999999996,6,13.0,4,0,0.0,1,15,196,17.0,9.0,2.0,8.0,0.0,0.0,399,6,Sergio Camello,Rayo Vallecano,3.0
2026-27,ESP1,982734,real racing,0.0,0.0,0.0,0.0,0.0,0.0,0.03,1,6.0,12,6,1.0,23,17,235,0.0,4.0,8.0,1.0,0.0,0.0,292,4,Pablo Ramón,Racing de Santander,1.0
2026-27,ESP1,988178,deportivo a coruna,0.0,0.0,0.0,0.0,0.0,0.0,0.01,1,0.0,4,1,0.0,2,4,66,0.0,0.0,2.0,0.0,0.0,0.0,58,2,Diego Villares,Deportivo de La Coruña,2.0
2026-27,ESP1,999159,real sociedad,0.0,0.0,0.0,0.0,0.0,0.0,0.02,0,0.0,2,0,1.0,0,0,15,0.0,0.0,0.0,0.0,0.0,0.0,18,1,Aihen Muñoz,Real Sociedad,1.0
2026-27,ESP1,999171,real betis,0.0,0.0,0.0,0.0,0.0,0.0,0.0,0,0.0,0,0,0.0,10,50,200,0.0,0.0,5.0,0.0,23.0,6.0,450,5,Álvaro Vallés,Real Betis,0.0
2026-27,ESP1,1002618,real sociedad,1.0,0.0,6.0,1.0,0.29,0.29,0.08,4,5.0,2,1,1.0,1,12,156,8.0,9.0,0.0,1.0,0.0,0.0,288,5,Ander Barrenetxea,Real Sociedad,3.0
2026-27,ESP1,1011117,athletic club,2.0,0.0,5.0,3.0,1.22,1.22,0.27,1,1.0,5,6,0.0,0,12,145,12.0,0.0,0.0,5.0,0.0,0.0,242,4,Robert Navarro,Athletic Club,3.0
2026-27,ESP1,1015185,real madrid,0.0,0.0,0.0,0.0,0.0,0.0,0.16,5,2.0,4,3,3.0,5,17,210,2.0,3.0,3.0,0.0,0.0,0.0,221,5,Eduardo Camavinga,Real Madrid,2.0
2026-27,ESP1,1020026,celta vigo,0.0,0.0,1.0,0.0,0.03,0.03,0.02,1,1.0,1,0,0.0,3,5,77,0.0,1.0,4.0,0.0,0.0,0.0,90,1,Sebastián Cáceres,Celta de Vigo,1.0
2026-27,ESP1,1026135,villarreal,0.0,0.0,6.0,3.0,0.6000000000000001,0.6000000000000001,0.24,4,8.0,3,2,0.0,2,10,151,19.0,3.0,1.0,3.0,0.0,0.0,209,5,Tajon Buchanan,Villarreal,2.0
2026-27,ESP1,1029029,deportivo a coruna,1.0,0.0,3.0,1.0,0.13,0.13,0.07,2,1.0,3,0,0.0,0,2,35,5.0,2.0,2.0,1.0,0.0,0.0,69,4,Zakaria Eddahchouri,Deportivo de La Coruña,3.0
2026-27,ESP1,1037537,athletic club,0.0,0.0,1.0,0.0,0.07,0.07,0.23,3,3.0,8,6,0.0,6,9,200,4.0,2.0,6.0,5.0,0.0,0.0,299,4,Jesús Areso,Athletic Club,1.0
2026-27,ESP1,1041445,rayo vallecano,0.0,0.0,0.0,0.0,0.0,0.0,0.0,0,1.0,0,0,0.0,3,22,93,0.0,0.0,0.0,0.0,8.0,8.0,210,3,Dani Cárdenas,Rayo Vallecano,0.0
2026-27,ESP1,1050828,deportivo a coruna,0.0,1.0,5.0,1.0,0.33,0.33,0.43000000000000005,5,6.0,8,3,0.0,4,22,332,4.0,8.0,2.0,4.0,0.0,0.0,418,6,Mario Soriano,Deportivo de La Coruña,2.0
2026-27,ESP1,1052330,levante,0.0,0.0,1.0,0.0,0.01,0.01,0.1,4,6.0,22,5,1.0,14,14,336,4.0,3.0,2.0,1.0,0.0,0.0,431,5,Manuel Sánchez,Levante,1.0
2026-27,ESP1,1054786,osasuna,0.0,0.0,2.0,0.0,0.11,0.11,0.13,2,6.0,1,0,0.0,0,7,77,7.0,2.0,1.0,4.0,0.0,0.0,151,3,Aimar Oroz,Osasuna,2.0
2026-27,ESP1,1056461,alaves,1.0,0.0,2.0,2.0,0.91,0.91,0.02,8,1.0,3,6,3.0,40,9,270,4.0,0.0,7.0,0.0,0.0,0.0,530,6,Ville Koski,Alavés,1.0
2026-27,ESP1,1059657,villarreal,0.0,0.0,0.0,0.0,0.0,0.0,0.04,3,1.0,2,2,0.0,0,3,88,3.0,0.0,2.0,0.0,0.0,0.0,90,1,Sergi Cardona,Villarreal,1.0
2026-27,ESP1,1065640,real racing,0.0,0.0,0.0,0.0,0.0,0.0,0.0,1,1.0,0,0,0.0,1,3,15,0.0,1.0,0.0,0.0,0.0,0.0,48,3,Giorgi Guliashvili,Racing de Santander,3.0
2026-27,ESP1,1072200,real betis,2.0,0.0,6.0,3.0,0.96,0.96,0.30000000000000004,2,6.0,3,6,0.0,3,7,174,16.0,3.0,1.0,5.0,0.0,0.0,279,5,Rodrigo Riquelme,Real Betis,3.0
2026-27,ESP1,1073980,elche,0.0,0.0,5.0,0.0,0.33,0.33,0.05,1,4.0,3,5,3.0,11,17,267,9.0,1.0,3.0,1.0,0.0,0.0,270,3,David Affengruber,Elche,1.0
2026-27,ESP1,1077894,real madrid,3.0,2.0,16.0,7.0,1.27,1.27,1.44,5,14.0,8,2,1.0,4,21,330,36.0,9.0,3.0,13.0,0.0,0.0,447,6,Jude Bellingham,Real Madrid,2.0
2026-27,ESP1,1077977,deportivo a coruna,0.0,0.0,4.0,1.0,0.21,0.21,0.55,5,8.0,4,10,1.0,8,27,305,6.0,2.0,2.0,5.0,0.0,0.0,479,6,Giacomo Quagliata,Deportivo de La Coruña,1.0
2026-27,ESP1,1082957,malaga,0.0,0.0,0.0,0.0,0.0,0.0,0.06,1,2.0,0,2,1.0,2,7,119,0.0,0.0,0.0,0.0,0.0,0.0,86,5,Ramón Enríquez,Málaga,2.0
2026-27,ESP1,1083323,barcelona,1.0,1.0,4.0,1.0,0.38,0.38,1.35,1,5.0,7,0,0.0,5,35,428,13.0,5.0,0.0,10.0,0.0,0.0,416,6,Pedri,Barcelona,2.0
2026-27,ESP1,1094778,osasuna,0.0,1.0,9.0,3.0,0.86,0.86,0.09,3,7.0,1,0,0.0,3,10,122,10.0,2.0,7.0,2.0,0.0,0.0,340,6,Raúl García,Osasuna,3.0
2026-27,ESP1,1097229,real sociedad,1.0,0.0,9.0,4.0,2.16,2.16,0.07,6,4.0,0,0,2.0,1,4,97,18.0,5.0,8.0,2.0,0.0,0.0,283,5,Orri Óskarsson,Real Sociedad,3.0
2026-27,ESP1,1098365,osasuna,0.0,0.0,2.0,2.0,0.2,0.2,0.0,3,2.0,1,3,0.0,10,5,139,2.0,0.0,4.0,0.0,0.0,0.0,187,3,Jorge Herrando,Osasuna,1.0
2026-27,ESP1,1098594,malaga,0.0,0.0,0.0,0.0,0.0,0.0,0.01,0,0.0,0,0,0.0,0,1,2,0.0,0.0,0.0,0.0,0.0,0.0,5,1,Julen Lobete,Málaga,2.0
2026-27,ESP1,1102289,sevilla,1.0,0.0,4.0,3.0,0.42000000000000004,0.42000000000000004,0.2,4,10.0,12,5,1.0,24,18,345,6.0,2.0,6.0,2.0,0.0,0.0,540,6,Juan Iglesias,Sevilla,1.0
2026-27,ESP1,1102708,elche,0.0,0.0,2.0,0.0,0.03,0.03,0.93,4,10.0,3,4,0.0,5,19,282,6.0,7.0,1.0,10.0,0.0,0.0,482,6,Germán Valera,Elche,2.0
2026-27,ESP1,1102732,celta vigo,1.0,0.0,4.0,2.0,0.5,0.5,0.22,5,8.0,2,0,2.0,2,7,117,18.0,3.0,5.0,3.0,0.0,0.0,325,6,Ferrán Jutglà,Celta de Vigo,3.0
2026-27,ESP1,1106742,celta vigo,0.0,0.0,4.0,1.0,0.55,0.55,0.52,4,7.0,2,0,2.0,5,18,313,8.0,0.0,0.0,3.0,0.0,0.0,411,6,Sergio Carreira,Celta de Vigo,2.0
2026-27,ESP1,1108863,malaga,0.0,0.0,11.0,2.0,0.5900000000000001,0.5900000000000001,0.42,1,4.0,16,4,1.0,0,18,233,28.0,12.0,0.0,7.0,0.0,0.0,394,5,David Larrubia,Málaga,2.0
2026-27,ESP1,1109046,celta vigo,0.0,0.0,4.0,0.0,0.1,0.1,0.24,2,5.0,6,2,1.0,5,19,316,5.0,4.0,0.0,1.0,0.0,0.0,402,6,Ilaix Moriba,Celta de Vigo,2.0
2026-27,ESP1,1112072,real sociedad,0.0,0.0,0.0,0.0,0.0,0.0,0.0,0,0.0,1,0,1.0,3,0,8,0.0,0.0,0.0,0.0,0.0,0.0,20,1,Jon Pacheco,Real Sociedad,1.0
2026-27,ESP1,1117069,villarreal,1.0,1.0,16.0,8.0,2.93,2.14,0.84,3,4.0,0,1,0.0,2,9,203,41.0,5.0,0.0,6.0,0.0,0.0,369,5,Georges Mikautadze,Villarreal,3.0
2026-27,ESP1,1118199,getafe,0.0,0.0,1.0,0.0,0.04,0.04,0.08,3,3.0,4,7,1.0,21,22,239,3.0,5.0,8.0,0.0,0.0,0.0,337,4,Zaid Abner Romero,Getafe,1.0
2026-27,ESP1,1127224,elche,3.0,0.0,9.0,7.0,2.01,2.01,0.19,3,6.0,6,2,0.0,7,10,167,26.0,5.0,17.0,2.0,0.0,0.0,409,6,Fer Niño,Elche,3.0
2026-27,ESP1,1130991,sevilla,1.0,1.0,4.0,1.0,0.4,0.4,0.04,7,4.0,6,1,0.0,4,9,114,12.0,5.0,11.0,2.0,0.0,0.0,189,5,Isaac Romero,Sevilla,3.0
2026-27,ESP1,1131957,levante,1.0,1.0,6.0,3.0,0.62,0.62,0.67,2,6.0,9,5,0.0,3,16,228,8.0,4.0,5.0,8.0,0.0,0.0,415,5,Jon Olasagasti,Levante,2.0
2026-27,ESP1,1132355,celta vigo,0.0,0.0,1.0,1.0,0.01,0.01,0.04,2,1.0,3,3,0.0,4,8,168,0.0,0.0,0.0,1.0,0.0,0.0,174,2,Álvaro Núñez,Celta de Vigo,1.0
2026-27,ESP1,1132607,sevilla,1.0,0.0,6.0,3.0,1.22,0.43,0.11000000000000001,6,7.0,1,2,0.0,1,6,68,4.0,2.0,0.0,3.0,0.0,0.0,158,3,Peque Fernández,Sevilla,2.0
2026-27,ESP1,1167220,barcelona,0.0,0.0,0.0,0.0,0.0,0.0,0.0,0,1.0,0,0,0.0,9,59,200,0.0,0.0,1.0,0.0,11.0,5.0,495,6,Joan García,Barcelona,0.0
2026-27,ESP1,1168852,real racing,0.0,0.0,0.0,0.0,0.0,0.0,0.04,0,1.0,2,1,0.0,1,4,40,0.0,1.0,0.0,1.0,0.0,0.0,78,1,Íñigo Sainz-Maza,Racing de Santander,2.0
2026-27,ESP1,1169596,osasuna,0.0,0.0,4.0,1.0,0.3,0.3,0.65,1,1.0,0,0,0.0,1,8,80,5.0,4.0,0.0,3.0,0.0,0.0,137,4,Raúl Moro,Osasuna,3.0
2026-27,ESP1,1173678,atletico madrid,0.0,1.0,2.0,0.0,0.060000000000000005,0.060000000000000005,0.3,3,1.0,5,2,1.0,2,8,145,2.0,2.0,3.0,1.0,0.0,0.0,135,4,Johnny Cardoso,Atlético de Madrid,2.0
2026-27,ESP1,1175610,real sociedad,0.0,0.0,0.0,0.0,0.0,0.0,0.06,0,1.0,0,0,0.0,0,0,20,0.0,0.0,0.0,0.0,0.0,0.0,8,2,Arsen Zakharyan,Real Sociedad,3.0
2026-27,ESP1,1179368,getafe,0.0,0.0,1.0,0.0,0.01,0.01,0.01,3,2.0,4,1,1.0,5,4,63,1.0,0.0,1.0,0.0,0.0,0.0,105,3,Saba Sazonov,Getafe,1.0
2026-27,ESP1,1181101,espanyol,1.0,0.0,4.0,1.0,0.21,0.21,0.44000000000000006,8,7.0,2,6,0.0,3,26,187,9.0,6.0,0.0,1.0,0.0,0.0,410,5,Tyrhys Dolan,Espanyol,3.0
2026-27,ESP1,1183650,getafe,0.0,0.0,1.0,1.0,0.01,0.01,0.03,2,1.0,3,3,0.0,2,8,105,0.0,3.0,0.0,0.0,0.0,0.0,180,3,Francho Serrano,Getafe,2.0
2026-27,ESP1,1184663,alaves,0.0,0.0,0.0,0.0,0.0,0.0,0.03,0,1.0,1,0,0.0,1,3,15,0.0,2.0,0.0,2.0,0.0,0.0,11,3,Miguel Rodríguez,Alavés,3.0
2026-27,ESP1,1184693,celta vigo,0.0,0.0,2.0,0.0,0.06,0.06,0.18000000000000002,1,0.0,4,2,1.0,0,8,61,6.0,1.0,0.0,2.0,0.0,0.0,63,3,Couhaib Driouech,Celta de Vigo,3.0
2026-27,ESP1,1184694,villarreal,0.0,1.0,4.0,2.0,0.36,0.36,0.76,2,2.0,6,0,1.0,1,4,178,7.0,4.0,0.0,7.0,0.0,0.0,240,5,Alberto Moleiro,Villarreal,2.0
2026-27,ESP1,1184777,espanyol,0.0,0.0,2.0,0.0,0.21,0.21,0.0,0,1.0,0,0,0.0,0,0,22,2.0,2.0,1.0,0.0,0.0,0.0,18,3,Jofre Carreras,Espanyol,2.0
2026-27,ESP1,1187044,villarreal,0.0,0.0,0.0,0.0,0.0,0.0,0.0,0,0.0,0,0,0.0,2,23,106,0.0,0.0,0.0,0.0,6.0,8.0,360,4,Luíz Júnior,Villarreal,0.0
2026-27,ESP1,1187478,malaga,0.0,0.0,0.0,0.0,0.0,0.0,0.02,2,2.0,3,4,2.0,5,6,154,0.0,0.0,3.0,1.0,0.0,0.0,225,4,José Salinas,Málaga,1.0
2026-27,ESP1,1187702,deportivo a coruna,0.0,0.0,0.0,0.0,0.0,0.0,0.0,0,0.0,0,0,0.0,4,47,288,0.0,0.0,1.0,0.0,21.0,7.0,540,6,Leo Román,Deportivo de La Coruña,0.0
2026-27,ESP1,1187734,osasuna,0.0,0.0,0.0,0.0,0.0,0.0,0.0,4,1.0,6,1,3.0,15,7,120,0.0,2.0,2.0,1.0,0.0,0.0,201,3,Flavien Boyomo,Osasuna,1.0
2026-27,ESP1,1187767,espanyol,0.0,0.0,1.0,0.0,0.01,0.01,0.1,6,5.0,4,5,1.0,10,15,210,1.0,2.0,3.0,1.0,0.0,0.0,397,6,Urko González,Espanyol,2.0
2026-27,ESP1,1188375,real betis,1.0,0.0,2.0,1.0,0.22,0.22,0.02,2,0.0,10,0,3.0,34,14,254,2.0,0.0,8.0,1.0,0.0,0.0,360,4,Natan,Real Betis,1.0
2026-27,ESP1,1190025,real madrid,1.0,0.0,1.0,1.0,0.19,0.19,0.22,1,2.0,4,1,0.0,4,10,187,5.0,1.0,1.0,5.0,0.0,0.0,201,4,Alvaro Carreras,Real Madrid,1.0
2026-27,ESP1,1191407,athletic club,1.0,0.0,1.0,1.0,0.26,0.26,0.03,3,1.0,6,1,1.0,16,8,183,1.0,0.0,6.0,1.0,0.0,0.0,209,3,Aitor Paredes,Athletic Club,1.0
2026-27,ESP1,1192393,elche,0.0,1.0,3.0,1.0,0.39,0.39,0.38,4,0.0,9,6,2.0,13,29,525,2.0,1.0,9.0,3.0,0.0,0.0,540,6,Víctor Chust,Elche,1.0
2026-27,ESP1,1194892,valencia,0.0,0.0,1.0,0.0,0.02,0.02,0.05,2,0.0,5,1,3.0,3,5,168,1.0,0.0,2.0,0.0,0.0,0.0,242,4,Arnau Martínez,Valencia CF,1.0
2026-27,ESP1,1197039,getafe,1.0,0.0,12.0,3.0,0.71,0.71,0.21,6,9.0,3,1,1.0,5,11,173,16.0,8.0,8.0,4.0,0.0,0.0,410,5,Martín Satriano,Getafe,3.0
2026-27,ESP1,1199649,real racing,0.0,0.0,2.0,0.0,0.17,0.17,0.14,6,1.0,11,5,3.0,21,18,287,10.0,1.0,6.0,1.0,0.0,0.0,449,5,Álvaro Mantilla,Racing de Santander,1.0
2026-27,ESP1,1200941,alaves,0.0,0.0,5.0,3.0,0.16,0.16,0.12,10,5.0,15,9,0.0,8,21,290,7.0,0.0,6.0,0.0,0.0,0.0,496,6,Abderrahman Rebbach,Alavés,2.0
2026-27,ESP1,1202110,athletic club,1.0,0.0,9.0,2.0,0.98,0.98,1.24,1,0.0,5,2,0.0,4,14,172,27.0,3.0,1.0,4.0,0.0,0.0,274,5,Nico Williams,Athletic Club,3.0
2026-27,ESP1,1202525,espanyol,0.0,0.0,2.0,1.0,0.07,0.07,0.44000000000000006,0,3.0,0,1,0.0,0,5,46,9.0,1.0,0.0,2.0,0.0,0.0,70,3,Bryan Zaragoza,Espanyol,3.0
2026-27,ESP1,1202587,getafe,1.0,0.0,15.0,4.0,0.96,0.96,0.87,8,13.0,6,2,1.0,7,21,242,11.0,3.0,6.0,6.0,0.0,0.0,442,5,Ramón Terrats,Getafe,2.0
2026-27,ESP1,1203946,getafe,0.0,1.0,1.0,0.0,0.08,0.08,0.21,2,2.0,1,1,0.0,1,3,33,7.0,2.0,4.0,2.0,0.0,0.0,93,2,Iván Azon,Getafe,3.0
2026-27,ESP1,1204447,deportivo a coruna,1.0,1.0,4.0,2.0,0.37,0.37,0.69,13,8.0,12,3,1.0,3,14,208,10.0,3.0,4.0,9.0,0.0,0.0,374,6,Luismi Cruz,Deportivo de La Coruña,2.0
2026-27,ESP1,1208708,espanyol,0.0,1.0,0.0,0.0,0.0,0.0,0.94,17,4.0,12,6,3.0,27,12,321,3.0,0.0,10.0,3.0,0.0,0.0,525,6,Omar El Hilali,Espanyol,1.0
2026-27,ESP1,1209399,real betis,0.0,0.0,3.0,1.0,0.1,0.1,0.65,1,1.0,1,0,0.0,0,1,62,8.0,1.0,0.0,3.0,0.0,0.0,82,2,Abdessamad Ezzalzouli,Real Betis,3.0
2026-27,ESP1,1209421,malaga,0.0,0.0,2.0,1.0,0.12,0.12,0.22999999999999998,4,0.0,10,2,0.0,1,17,218,6.0,5.0,2.0,4.0,0.0,0.0,316,4,Carlos Dotor,Málaga,2.0
2026-27,ESP1,1209441,levante,1.0,0.0,15.0,6.0,3.0200000000000005,3.0200000000000005,0.17,3,7.0,6,0,0.0,1,12,125,20.0,5.0,4.0,3.0,0.0,0.0,316,5,Iván Romero,Levante,3.0
2026-27,ESP1,1209980,levante,0.0,0.0,0.0,0.0,0.0,0.0,0.01,1,2.0,0,0,0.0,0,3,20,0.0,1.0,0.0,1.0,0.0,0.0,45,1,Carlos Álvarez,Levante,2.0
2026-27,ESP1,1210647,real sociedad,0.0,0.0,4.0,3.0,0.1,0.1,0.14,0,1.0,7,1,1.0,8,14,217,3.0,2.0,0.0,4.0,0.0,0.0,258,4,Beñat Turrientes,Real Sociedad,2.0
2026-27,ESP1,1212179,real racing,0.0,0.0,0.0,0.0,0.0,0.0,0.0,7,3.0,5,5,4.0,18,5,133,1.0,0.0,4.0,0.0,0.0,0.0,246,5,Facundo González,Racing de Santander,1.0
2026-27,ESP1,1216798,villarreal,0.0,0.0,1.0,0.0,0.12,0.12,0.17,1,2.0,5,3,1.0,3,5,134,3.0,3.0,3.0,1.0,0.0,0.0,126,2,Nathan Saliba,Villarreal,2.0
2026-27,ESP1,1217043,real sociedad,0.0,0.0,0.0,0.0,0.0,0.0,0.0,0,0.0,0,0,0.0,2,11,53,0.0,0.0,1.0,0.0,8.0,2.0,90,1,Unai Marrero,Real Sociedad,0.0
2026-27,ESP1,1220187,valencia,0.0,0.0,2.0,0.0,0.04,0.04,0.11,6,9.0,9,3,1.0,4,15,220,10.0,5.0,1.0,1.0,0.0,0.0,339,6,Jesus Vázquez,Valencia CF,1.0
2026-27,ESP1,1220748,malaga,0.0,0.0,3.0,0.0,0.23,0.23,0.01,1,2.0,0,0,0.0,0,2,24,1.0,0.0,0.0,1.0,0.0,0.0,33,2,Haitam Abaida,Málaga,2.0
2026-27,ESP1,1225417,real racing,0.0,0.0,1.0,0.0,0.29,0.29,0.0,3,1.0,1,1,0.0,0,2,25,3.0,1.0,0.0,0.0,0.0,0.0,62,3,Juan Carlos Arana,Racing de Santander,3.0
2026-27,ESP1,1226147,atletico madrid,2.0,1.0,8.0,2.0,0.96,0.96,0.18,3,4.0,11,5,1.0,3,24,261,19.0,2.0,11.0,4.0,0.0,0.0,384,6,Giuliano Simeone,Atlético de Madrid,2.0
2026-27,ESP1,1226189,elche,0.0,0.0,3.0,0.0,0.1,0.1,0.16,1,1.0,1,1,0.0,0,6,99,3.0,3.0,0.0,3.0,0.0,0.0,161,4,Martim Neto,Elche,2.0
2026-27,ESP1,1226783,celta vigo,0.0,2.0,7.0,3.0,0.48,0.48,0.32,3,4.0,1,0,0.0,1,8,93,6.0,3.0,0.0,6.0,0.0,0.0,190,3,Hugo González,Celta de Vigo,3.0
2026-27,ESP1,1238154,alaves,1.0,0.0,9.0,2.0,0.75,0.75,0.12000000000000001,10,10.0,9,6,1.0,8,28,270,12.0,5.0,5.0,1.0,0.0,0.0,495,6,Pablo Ibánez,Alavés,2.0
2026-27,ESP1,1242139,osasuna,0.0,0.0,4.0,2.0,1.0,1.0,0.16999999999999998,3,2.0,3,4,1.0,1,14,156,6.0,6.0,3.0,2.0,0.0,0.0,232,6,Jonathan Dubasin,Osasuna,3.0
2026-27,ESP1,1244272,sevilla,0.0,0.0,0.0,0.0,0.0,0.0,0.0,4,1.0,2,4,2.0,11,6,141,3.0,0.0,9.0,1.0,0.0,0.0,214,3,Arouna Sangante,Sevilla,1.0
2026-27,ESP1,1249284,real sociedad,0.0,0.0,4.0,2.0,0.08,0.08,0.19,24,12.0,21,15,1.0,20,21,401,5.0,3.0,15.0,3.0,0.0,0.0,507,6,Jon Aramburu,Real Sociedad,1.0
2026-27,ESP1,1249665,alaves,0.0,0.0,1.0,0.0,0.02,0.02,0.08,1,1.0,1,1,4.0,7,1,93,2.0,0.0,3.0,1.0,0.0,0.0,145,3,Nicolás Valentini,Alavés,1.0
2026-27,ESP1,1252373,espanyol,6.0,0.0,13.0,6.0,3.2,3.2,0.35,8,8.0,2,1,1.0,8,8,140,25.0,2.0,12.0,4.0,0.0,0.0,523,6,Roberto Fernández,Espanyol,3.0
2026-27,ESP1,1253890,real madrid,1.0,2.0,10.0,3.0,2.02,2.02,2.98,3,8.0,5,1,2.0,2,22,267,12.0,6.0,1.0,27.0,0.0,0.0,295,6,Arda Güler,Real Madrid,2.0
2026-27,ESP1,1254166,barcelona,0.0,0.0,0.0,0.0,0.0,0.0,0.02,0,1.0,2,0,0.0,0,1,19,1.0,0.0,0.0,1.0,0.0,0.0,12,1,Alejandro Balde,Barcelona,1.0
2026-27,ESP1,1254218,levante,0.0,0.0,1.0,0.0,0.08,0.08,0.01,2,1.0,4,2,0.0,1,2,46,1.0,1.0,0.0,0.0,0.0,0.0,99,4,Hugo Sotelo,Levante,2.0
2026-27,ESP1,1255090,rayo vallecano,0.0,0.0,0.0,0.0,0.0,0.0,0.0,2,1.0,2,0,1.0,3,5,60,0.0,1.0,0.0,0.0,0.0,0.0,122,2,Jozhua Vertrouwd,Rayo Vallecano,1.0
2026-27,ESP1,1256478,deportivo a coruna,0.0,0.0,0.0,0.0,0.0,0.0,0.07,5,4.0,5,2,1.0,4,10,122,0.0,0.0,3.0,1.0,0.0,0.0,240,4,Adrià Altimira,Deportivo de La Coruña,1.0
2026-27,ESP1,1260010,malaga,0.0,0.0,3.0,1.0,0.09000000000000001,0.09000000000000001,0.060000000000000005,3,1.0,4,6,2.0,18,15,365,1.0,0.0,4.0,1.0,0.0,0.0,450,5,Ángel Recio,Málaga,1.0
2026-27,ESP1,1272740,celta vigo,0.0,0.0,4.0,3.0,0.78,0.78,0.12,4,11.0,5,1,0.0,2,5,112,12.0,3.0,2.0,3.0,0.0,0.0,246,5,Williot Swedberg,Celta de Vigo,3.0
2026-27,ESP1,1277343,elche,0.0,0.0,1.0,0.0,0.05,0.05,0.17,2,3.0,13,9,1.0,11,25,267,2.0,1.0,1.0,2.0,0.0,0.0,321,4,Federico Redondo,Elche,1.0
2026-27,ESP1,1279040,barcelona,0.0,0.0,0.0,0.0,0.0,0.0,0.04,2,2.0,1,2,0.0,0,1,54,0.0,0.0,3.0,1.0,0.0,0.0,73,2,Gavi,Barcelona,2.0
2026-27,ESP1,1279557,espanyol,0.0,0.0,2.0,2.0,0.04,0.04,0.03,10,1.0,4,2,2.0,24,11,247,0.0,1.0,8.0,0.0,0.0,0.0,340,5,Clemens Riedel,Espanyol,1.0
2026-27,ESP1,1280020,real racing,0.0,0.0,0.0,0.0,0.0,0.0,0.0,0,2.0,0,0,0.0,12,64,223,0.0,0.0,2.0,0.0,26.0,16.0,540,6,Julen Agirrezabala,Racing de Santander,0.0
2026-27,ESP1,1280756,elche,0.0,2.0,7.0,4.0,0.2,0.2,0.6599999999999999,4,1.0,1,3,1.0,1,5,134,5.0,2.0,0.0,5.0,0.0,0.0,137,6,Lucas Cepeda,Elche,3.0
2026-27,ESP1,1281461,sevilla,0.0,0.0,0.0,0.0,0.0,0.0,0.03,1,2.0,0,1,1.0,1,1,23,1.0,0.0,0.0,1.0,0.0,0.0,41,2,José Ángel Carmona,Sevilla,1.0
2026-27,ESP1,1282015,atletico madrid,0.0,0.0,2.0,0.0,0.07,0.07,0.07,4,0.0,0,0,0.0,0,2,28,6.0,1.0,1.0,0.0,0.0,0.0,57,1,Carlos Martín,Atlético de Madrid,3.0
2026-27,ESP1,1284429,valencia,0.0,1.0,5.0,0.0,0.37,0.37,0.5,1,4.0,4,1,1.0,4,22,257,8.0,13.0,1.0,6.0,0.0,0.0,475,6,Javier Guerra,Valencia CF,2.0
2026-27,ESP1,1284430,rayo vallecano,0.0,0.0,1.0,0.0,0.04,0.04,0.08,5,2.0,0,2,0.0,1,8,72,8.0,1.0,0.0,1.0,0.0,0.0,142,5,Fran Pérez,Rayo Vallecano,3.0
2026-27,ESP1,1286471,levante,3.0,0.0,12.0,5.0,2.73,2.73,0.23,3,4.0,6,1,0.0,1,13,118,18.0,2.0,6.0,2.0,0.0,0.0,354,4,Roger Brugué,Levante,2.0
2026-27,ESP1,1297989,atletico madrid,0.0,0.0,2.0,0.0,0.33,0.33,0.44,2,4.0,2,0,0.0,1,2,56,18.0,3.0,1.0,5.0,0.0,0.0,149,5,Arnau Ortiz,Atlético de Madrid,3.0
2026-27,ESP1,1300457,espanyol,1.0,0.0,8.0,4.0,0.77,0.77,0.2,7,3.0,11,2,0.0,4,11,166,9.0,9.0,6.0,2.0,0.0,0.0,327,6,Álex Calatrava,Espanyol,3.0
2026-27,ESP1,1302821,levante,0.0,0.0,1.0,0.0,0.08,0.08,0.0,0,1.0,0,1,0.0,0,3,22,2.0,3.0,1.0,0.0,0.0,0.0,59,1,Petar Ratkov,Levante,3.0
2026-27,ESP1,1308414,celta vigo,0.0,0.0,1.0,0.0,0.18,0.18,0.19,2,3.0,0,1,0.0,0,5,104,5.0,4.0,0.0,3.0,0.0,0.0,189,4,Hugo Álvarez,Celta de Vigo,3.0
2026-27,ESP1,1310440,celta vigo,0.0,0.0,2.0,0.0,0.05,0.05,0.43000000000000005,4,5.0,6,5,1.0,7,19,207,8.0,5.0,4.0,6.0,0.0,0.0,331,6,Javi Rueda,Celta de Vigo,2.0
2026-27,ESP1,1311915,villarreal,0.0,0.0,1.0,0.0,0.01,0.01,0.03,1,2.0,2,1,0.0,0,2,60,2.0,2.0,0.0,0.0,0.0,0.0,51,4,Ilias Akhomach,Villarreal,3.0
2026-27,ESP1,1311985,valencia,0.0,0.0,3.0,0.0,0.13999999999999999,0.13999999999999999,0.05,6,3.0,10,4,1.0,22,15,262,2.0,1.0,4.0,0.0,0.0,0.0,330,5,César Tárrega,Valencia CF,1.0
2026-27,ESP1,1315711,real betis,0.0,0.0,11.0,5.0,0.52,0.52,0.27999999999999997,3,1.0,4,1,0.0,6,15,151,7.0,3.0,7.0,3.0,0.0,0.0,168,5,Nelson Deossa,Real Betis,2.0
2026-27,ESP1,1317624,malaga,0.0,0.0,1.0,0.0,0.18,0.18,0.16,2,6.0,5,3,1.0,0,19,263,11.0,6.0,0.0,3.0,0.0,0.0,299,4,Dani Lorenzo,Málaga,2.0
2026-27,ESP1,1319204,deportivo a coruna,0.0,1.0,1.0,0.0,0.08,0.08,0.23,2,3.0,8,2,0.0,1,17,114,6.0,2.0,0.0,1.0,0.0,0.0,146,5,Yeremay Hernández,Deportivo de La Coruña,3.0
2026-27,ESP1,1321605,getafe,0.0,0.0,4.0,1.0,0.26,0.26,0.07,5,8.0,4,2,1.0,3,11,120,4.0,2.0,3.0,1.0,0.0,0.0,246,3,Mario Martín,Getafe,2.0
2026-27,ESP1,1322858,celta vigo,0.0,0.0,2.0,1.0,0.12000000000000001,0.12000000000000001,0.08,2,2.0,2,0,0.0,1,7,78,11.0,2.0,1.0,2.0,0.0,0.0,201,4,Pablo Durán,Celta de Vigo,3.0
2026-27,ESP1,1323398,osasuna,0.0,0.0,2.0,0.0,0.03,0.03,0.37,9,2.0,12,3,1.0,9,27,306,1.0,6.0,6.0,3.0,0.0,0.0,495,6,Abel Bretones,Osasuna,1.0
2026-27,ESP1,1323827,real sociedad,0.0,0.0,0.0,0.0,0.0,0.0,0.02,0,0.0,0,0,1.0,3,4,50,0.0,1.0,1.0,0.0,0.0,0.0,62,4,Jon Gorrotxategi,Real Sociedad,2.0
2026-27,ESP1,1323863,osasuna,0.0,0.0,2.0,1.0,0.09,0.09,0.14,8,7.0,2,6,3.0,13,7,303,2.0,2.0,9.0,1.0,0.0,0.0,386,5,Iker Muñoz,Osasuna,2.0
2026-27,ESP1,1323897,atletico madrid,1.0,0.0,3.0,1.0,0.16,0.16,0.06,5,5.0,6,1,1.0,8,15,298,3.0,1.0,6.0,0.0,0.0,0.0,358,5,Marc Pubill,Atlético de Madrid,1.0
2026-27,ESP1,1327006,athletic club,0.0,0.0,0.0,0.0,0.0,0.0,0.0,2,3.0,5,6,0.0,6,7,86,2.0,0.0,0.0,0.0,0.0,0.0,123,4,Johaneko Louisjean,Athletic Club,1.0
2026-27,ESP1,1327489,sevilla,0.0,0.0,6.0,2.0,0.18,0.18,0.28,8,5.0,9,2,2.0,27,22,290,14.0,1.0,17.0,2.0,0.0,0.0,448,5,Kike Salas,Sevilla,1.0
2026-27,ESP1,1329406,real racing,0.0,0.0,2.0,0.0,0.11,0.11,0.02,1,0.0,1,2,0.0,17,5,101,2.0,0.0,9.0,0.0,0.0,0.0,125,2,Jeanuël Belocian,Racing de Santander,1.0
2026-27,ESP1,1330035,elche,0.0,0.0,1.0,0.0,0.01,0.01,0.0,1,0.0,2,1,1.0,3,2,26,0.0,1.0,0.0,0.0,0.0,0.0,36,2,Rubén Sánchez,Elche,1.0
2026-27,ESP1,1331249,athletic club,0.0,0.0,0.0,0.0,0.0,0.0,0.0,0,1.0,0,1,0.0,1,2,13,0.0,0.0,0.0,0.0,0.0,0.0,20,1,Adama Boiro,Athletic Club,1.0
2026-27,ESP1,1331597,real racing,0.0,0.0,2.0,0.0,0.05,0.05,0.4,10,9.0,7,2,1.0,2,20,241,3.0,4.0,0.0,4.0,0.0,0.0,268,3,Gustavo Puerta,Racing de Santander,2.0
2026-27,ESP1,1332025,deportivo a coruna,0.0,0.0,0.0,0.0,0.0,0.0,0.04,6,5.0,8,8,3.0,37,14,343,1.0,0.0,8.0,1.0,0.0,0.0,450,5,Lucas Noubi,Deportivo de La Coruña,1.0
2026-27,ESP1,1332540,levante,1.0,1.0,2.0,1.0,0.06,0.06,0.52,6,2.0,6,4,0.0,0,10,148,3.0,2.0,1.0,8.0,0.0,0.0,308,5,Enzo Bardeli,Levante,2.0
2026-27,ESP1,1334767,sevilla,0.0,0.0,2.0,1.0,0.18,0.18,0.06,1,3.0,6,6,2.0,25,21,238,4.0,0.0,7.0,3.0,0.0,0.0,390,5,Andrés Lopez,Sevilla,1.0
2026-27,ESP1,1336566,elche,1.0,0.0,8.0,4.0,1.13,0.33999999999999997,0.16,6,2.0,6,3,2.0,2,12,144,7.0,7.0,0.0,1.0,0.0,0.0,219,4,Facundo Buonanotte,Elche,2.0
2026-27,ESP1,1337914,elche,0.0,0.0,1.0,0.0,0.12,0.12,0.15000000000000002,3,3.0,2,3,2.0,8,3,140,7.0,0.0,3.0,1.0,0.0,0.0,189,3,Roy Revivo,Elche,1.0
2026-27,ESP1,1338016,real betis,0.0,0.0,0.0,0.0,0.0,0.0,0.01,1,0.0,3,2,0.0,9,3,81,0.0,1.0,1.0,1.0,0.0,0.0,90,1,Valentín Gómez,Real Betis,1.0
2026-27,ESP1,1338192,atletico madrid,0.0,1.0,3.0,2.0,0.15,0.15,0.51,2,6.0,4,7,1.0,1,20,286,7.0,3.0,2.0,6.0,0.0,0.0,294,4,Pablo Barrios,Atlético de Madrid,2.0
2026-27,ESP1,1338696,villarreal,0.0,0.0,2.0,1.0,0.07,0.07,0.11,0,3.0,5,0,0.0,3,5,169,3.0,0.0,2.0,1.0,0.0,0.0,134,4,Alex Freeman,Villarreal,1.0
2026-27,ESP1,1338740,villarreal,0.0,0.0,1.0,0.0,0.07,0.07,0.08,2,0.0,3,1,0.0,2,2,36,8.0,2.0,2.0,2.0,0.0,0.0,55,4,Tani Oluwaseyi,Villarreal,3.0
2026-27,ESP1,1343195,elche,1.0,0.0,7.0,2.0,1.05,1.05,0.05,6,4.0,0,2,0.0,3,2,44,12.0,1.0,1.0,2.0,0.0,0.0,146,3,Abiel Osorio,Elche,3.0
2026-27,ESP1,1343750,villarreal,0.0,1.0,2.0,0.0,0.13,0.13,0.63,6,1.0,2,9,9.0,29,20,472,8.0,1.0,7.0,1.0,0.0,0.0,450,5,Renato Veiga,Villarreal,1.0
2026-27,ESP1,1355668,athletic club,0.0,0.0,0.0,0.0,0.0,0.0,0.0,0,0.0,1,0,0.0,0,0,5,0.0,2.0,0.0,0.0,0.0,0.0,9,1,Álvaro Djaló,Athletic Club,2.0
2026-27,ESP1,1359911,celta vigo,0.0,1.0,5.0,0.0,0.11000000000000001,0.11000000000000001,0.7200000000000001,3,4.0,5,2,2.0,5,23,416,1.0,2.0,4.0,6.0,0.0,0.0,495,6,Miguel Román,Celta de Vigo,2.0
2026-27,ESP1,1363232,real racing,1.0,0.0,3.0,1.0,0.43000000000000005,0.43000000000000005,0.02,6,1.0,1,1,1.0,5,9,77,4.0,0.0,1.0,0.0,0.0,0.0,148,5,Maguette Gueye,Racing de Santander,2.0
2026-27,ESP1,1367619,real madrid,0.0,0.0,6.0,2.0,0.63,0.63,0.26,5,3.0,6,8,0.0,24,15,402,5.0,0.0,10.0,2.0,0.0,0.0,450,5,Dean Huijsen,Real Madrid,1.0
2026-27,ESP1,1368655,deportivo a coruna,0.0,0.0,0.0,0.0,0.0,0.0,0.01,1,1.0,1,1,0.0,1,5,25,1.0,1.0,1.0,0.0,0.0,0.0,47,2,David Mella,Deportivo de La Coruña,3.0
2026-27,ESP1,1379196,celta vigo,0.0,0.0,3.0,1.0,0.32,0.32,0.04,4,1.0,0,0,0.0,2,5,69,7.0,3.0,1.0,0.0,0.0,0.0,152,3,Jones El-Abdellaoui,Celta de Vigo,2.0
2026-27,ESP1,1384883,deportivo a coruna,0.0,0.0,0.0,0.0,0.0,0.0,0.01,0,5.0,0,1,1.0,1,6,73,0.0,0.0,1.0,0.0,0.0,0.0,86,2,Marc Casadó,Deportivo de La Coruña,2.0
2026-27,ESP1,1392232,elche,1.0,0.0,1.0,1.0,0.05,0.05,0.01,5,3.0,2,2,0.0,5,13,163,2.0,0.0,1.0,1.0,0.0,0.0,257,4,Marc Aguado,Elche,2.0
2026-27,ESP1,1392779,levante,0.0,1.0,2.0,1.0,0.09,0.09,0.27,2,2.0,1,0,0.0,0,3,28,2.0,3.0,3.0,1.0,0.0,0.0,64,3,Etta Eyong,Levante,3.0
2026-27,ESP1,1393669,espanyol,0.0,0.0,0.0,0.0,0.0,0.0,0.3,3,0.0,5,1,0.0,2,6,83,1.0,0.0,2.0,4.0,0.0,0.0,94,2,Quilindschy Hartman,Espanyol,1.0
2026-27,ESP1,1395964,villarreal,0.0,0.0,3.0,0.0,0.11000000000000001,0.11000000000000001,0.2,2,7.0,7,2,2.0,7,22,299,11.0,2.0,3.0,2.0,0.0,0.0,360,4,Carlos Romero,Villarreal,1.0
2026-27,ESP1,1396089,real racing,0.0,0.0,0.0,0.0,0.0,0.0,0.09,2,3.0,4,2,5.0,13,7,162,3.0,1.0,0.0,2.0,0.0,0.0,260,4,Matteo Prati,Racing de Santander,2.0
2026-27,ESP1,1398377,sevilla,1.0,0.0,7.0,4.0,0.8600000000000001,0.8600000000000001,0.03,0,2.0,1,0,0.0,0,5,68,10.0,2.0,6.0,2.0,0.0,0.0,195,3,Lucas Stassin,Sevilla,3.0
2026-27,ESP1,1399218,sevilla,0.0,1.0,4.0,0.0,0.35,0.35,0.11,7,9.0,1,0,0.0,0,6,86,12.0,5.0,3.0,4.0,0.0,0.0,307,6,Robbie Ure,Sevilla,3.0
2026-27,ESP1,1403692,alaves,0.0,0.0,1.0,0.0,0.02,0.02,0.18000000000000002,2,3.0,7,0,1.0,7,4,107,2.0,1.0,1.0,3.0,0.0,0.0,123,5,Youssef Enríquez,Alavés,1.0
2026-27,ESP1,1403695,malaga,1.0,0.0,3.0,1.0,0.14,0.14,0.0,1,1.0,0,0,0.0,0,0,5,3.0,0.0,1.0,1.0,0.0,0.0,23,1,Adrián Nino,Málaga,3.0
2026-27,ESP1,1404415,barcelona,4.0,2.0,11.0,8.0,2.74,2.74,0.73,6,6.0,6,2,1.0,1,9,264,25.0,5.0,2.0,8.0,0.0,0.0,371,5,Fermín López,Barcelona,2.0
2026-27,ESP1,1406729,real madrid,0.0,0.0,1.0,0.0,0.15,0.15,0.0,0,0.0,0,0,0.0,0,0,2,1.0,0.0,0.0,0.0,0.0,0.0,4,1,Endrick,Real Madrid,3.0
2026-27,ESP1,1407468,villarreal,0.0,0.0,2.0,1.0,0.16999999999999998,0.16999999999999998,0.54,7,3.0,13,1,2.0,8,24,267,10.0,5.0,5.0,3.0,0.0,0.0,316,4,Santiago Mouriño,Villarreal,1.0
2026-27,ESP1,1407741,espanyol,1.0,1.0,10.0,4.0,1.0999999999999999,1.0999999999999999,0.55,7,1.0,2,0,0.0,1,5,52,13.0,1.0,5.0,3.0,0.0,0.0,166,5,Marcos Fernández,Espanyol,3.0
2026-27,ESP1,1411818,rayo vallecano,0.0,0.0,0.0,0.0,0.0,0.0,0.0,4,0.0,1,1,0.0,2,3,38,0.0,0.0,2.0,0.0,0.0,0.0,67,2,Pelayo Fernández,Rayo Vallecano,1.0
2026-27,ESP1,1414777,getafe,0.0,0.0,0.0,0.0,0.0,0.0,0.04,3,0.0,2,3,0.0,4,1,55,0.0,2.0,0.0,0.0,0.0,0.0,99,4,Sebastián Boselli,Getafe,1.0
2026-27,ESP1,1419969,atletico madrid,0.0,0.0,5.0,3.0,0.3,0.3,0.09,1,1.0,3,0,0.0,0,5,62,9.0,2.0,0.0,0.0,0.0,0.0,107,3,Rodrigo Mendoza,Atlético de Madrid,2.0
2026-27,ESP1,1425173,athletic club,0.0,0.0,1.0,1.0,0.03,0.03,0.25,11,5.0,10,12,0.0,3,11,230,6.0,1.0,4.0,1.0,0.0,0.0,373,5,Beñat Gerenabarrena,Athletic Club,2.0
2026-27,ESP1,1425206,athletic club,0.0,0.0,2.0,1.0,0.3,0.3,0.01,0,1.0,0,0,0.0,0,3,13,4.0,0.0,2.0,0.0,0.0,0.0,41,2,Maroan Sannadi,Athletic Club,3.0
2026-27,ESP1,1425989,deportivo a coruna,0.0,1.0,0.0,0.0,0.0,0.0,0.14,13,6.0,18,6,5.0,17,24,420,3.0,3.0,9.0,3.0,0.0,0.0,540,6,Lorenzo Amatucci,Deportivo de La Coruña,2.0
2026-27,ESP1,1426170,real sociedad,0.0,0.0,0.0,0.0,0.0,0.0,0.02,1,2.0,4,1,1.0,4,5,116,0.0,0.0,1.0,0.0,0.0,0.0,148,2,Mamadou Sarr,Real Sociedad,1.0
2026-27,ESP1,1426189,alaves,1.0,0.0,2.0,1.0,0.57,0.57,0.30000000000000004,1,5.0,5,2,0.0,3,7,76,6.0,1.0,1.0,3.0,0.0,0.0,149,3,Mikel Rodríguez,Alavés,2.0
2026-27,ESP1,1427819,athletic club,0.0,0.0,0.0,0.0,0.0,0.0,0.02,1,4.0,1,1,2.0,1,2,51,0.0,1.0,1.0,0.0,0.0,0.0,106,2,Hugo Rincón,Athletic Club,1.0
2026-27,ESP1,1427828,espanyol,0.0,4.0,8.0,3.0,0.65,0.65,0.95,13,8.0,8,1,0.0,1,17,227,24.0,19.0,0.0,11.0,0.0,0.0,471,6,Javi Hernández,Espanyol,3.0
2026-27,ESP1,1428849,sevilla,0.0,0.0,0.0,0.0,0.0,0.0,0.08,0,2.0,1,0,0.0,0,3,19,1.0,0.0,0.0,1.0,0.0,0.0,27,2,Manu Bueno,Sevilla,2.0
2026-27,ESP1,1430406,getafe,0.0,0.0,3.0,0.0,0.11,0.11,0.09,0,1.0,9,2,0.0,6,15,188,7.0,4.0,0.0,3.0,0.0,0.0,313,4,Andrés García,Getafe,2.0
2026-27,ESP1,1431121,osasuna,0.0,0.0,1.0,0.0,0.02,0.02,0.04,7,1.0,10,2,0.0,7,11,161,0.0,2.0,3.0,0.0,0.0,0.0,200,4,Asier Osambela,Osasuna,1.0
2026-27,ESP1,1434474,malaga,0.0,0.0,6.0,0.0,0.21000000000000002,0.21000000000000002,0.05,2,3.0,1,0,0.0,1,5,65,5.0,1.0,0.0,1.0,0.0,0.0,85,3,Rafa Rodríguez,Málaga,2.0
2026-27,ESP1,1435439,celta vigo,0.0,0.0,1.0,1.0,0.01,0.01,0.08,1,1.0,3,3,0.0,6,7,219,1.0,0.0,0.0,0.0,0.0,0.0,231,4,Javi Rodríguez,Celta de Vigo,1.0
2026-27,ESP1,1436133,real betis,0.0,0.0,3.0,1.0,0.14,0.14,0.05,3,3.0,9,7,0.0,3,20,202,3.0,0.0,3.0,1.0,0.0,0.0,296,5,Facundo Bernal,Real Betis,2.0
2026-27,ESP1,1447089,sevilla,0.0,0.0,0.0,0.0,0.0,0.0,0.33999999999999997,1,2.0,2,0,0.0,0,2,46,2.0,1.0,2.0,2.0,0.0,0.0,83,4,Julio Díaz,Sevilla,1.0
2026-27,ESP1,1460063,levante,0.0,0.0,5.0,1.0,0.44999999999999996,0.44999999999999996,0.27,1,0.0,4,3,0.0,1,7,91,10.0,4.0,0.0,2.0,0.0,0.0,227,3,Thiago Fernández,Levante,3.0
2026-27,ESP1,1466558,deportivo a coruna,0.0,0.0,0.0,0.0,0.0,0.0,0.0,1,0.0,1,0,0.0,2,0,8,0.0,0.0,0.0,1.0,0.0,0.0,26,1,Teun Gijselhart,Deportivo de La Coruña,2.0
2026-27,ESP1,1467236,barcelona,7.0,2.0,33.0,13.0,5.73,4.16,2.07,5,9.0,3,2,0.0,2,14,447,64.0,8.0,0.0,21.0,0.0,0.0,491,6,Lamine Yamal,Barcelona,3.0
2026-27,ESP1,1481503,levante,0.0,0.0,1.0,0.0,0.03,0.03,0.0,5,2.0,3,0,0.0,1,2,34,1.0,0.0,0.0,0.0,0.0,0.0,94,2,Dani Requena,Levante,2.0
2026-27,ESP1,1490110,real sociedad,0.0,0.0,0.0,0.0,0.0,0.0,0.0,0,0.0,1,1,0.0,0,1,6,0.0,0.0,0.0,0.0,0.0,0.0,9,1,Héctor Fort,Real Sociedad,1.0
2026-27,ESP1,1503655,espanyol,0.0,0.0,2.0,1.0,0.13,0.13,0.02,3,1.0,8,1,0.0,6,4,95,5.0,6.0,7.0,0.0,0.0,0.0,173,4,Gabriel Moscardo,Espanyol,2.0
2026-27,ESP1,1523234,real sociedad,0.0,0.0,2.0,1.0,0.12,0.12,0.060000000000000005,5,3.0,8,1,1.0,14,17,288,5.0,1.0,10.0,1.0,0.0,0.0,366,5,Jon Martín,Real Sociedad,1.0
2026-27,ESP1,1531100,atletico madrid,0.0,0.0,1.0,0.0,0.22,0.22,0.03,0,0.0,2,0,0.0,2,8,88,1.0,0.0,0.0,0.0,0.0,0.0,90,1,Dani Martinez,Atlético de Madrid,1.0
2026-27,ESP1,1531887,villarreal,0.0,0.0,0.0,0.0,0.0,0.0,0.02,1,0.0,2,1,1.0,5,2,96,0.0,0.0,3.0,0.0,0.0,0.0,90,1,Pau Navarro,Villarreal,1.0
2026-27,ESP1,1532137,barcelona,0.0,0.0,2.0,0.0,0.45,0.45,0.1,3,1.0,7,5,2.0,18,12,436,3.0,0.0,11.0,0.0,0.0,0.0,332,4,Pau Cubarsí,Barcelona,1.0
2026-27,ESP1,1553099,athletic club,0.0,0.0,1.0,1.0,0.03,0.03,0.01,3,2.0,9,4,0.0,1,6,91,0.0,0.0,1.0,0.0,0.0,0.0,150,4,Mikel Jauregizar,Athletic Club,2.0
2026-27,ESP1,1553404,rayo vallecano,0.0,0.0,0.0,0.0,0.0,0.0,0.01,0,0.0,0,0,0.0,1,1,9,1.0,1.0,1.0,0.0,0.0,0.0,23,1,Rayane Belaid,Rayo Vallecano,2.0
2026-27,ESP1,1553663,alaves,0.0,0.0,0.0,0.0,0.0,0.0,0.0,3,3.0,0,2,0.0,3,1,29,3.0,1.0,3.0,1.0,0.0,0.0,87,4,Aitor Mañas,Alavés,3.0
2026-27,ESP1,1555492,celta vigo,0.0,0.0,0.0,0.0,0.0,0.0,0.0,1,0.0,1,1,0.0,6,2,41,0.0,0.0,0.0,0.0,0.0,0.0,45,1,Abdoulaye Faye,Celta de Vigo,1.0
2026-27,ESP1,1559834,getafe,0.0,0.0,0.0,0.0,0.0,0.0,0.0,1,0.0,0,0,0.0,0,0,5,2.0,0.0,0.0,0.0,0.0,0.0,6,1,Joselu Pérez,Getafe,3.0
2026-27,ESP1,1560023,deportivo a coruna,0.0,0.0,0.0,0.0,0.0,0.0,0.0,0,0.0,0,0,0.0,0,0,1,0.0,0.0,0.0,0.0,0.0,0.0,5,1,Kevin Sánchez,Deportivo de La Coruña,3.0
2026-27,ESP1,1563022,alaves,0.0,3.0,9.0,4.0,0.9199999999999999,0.9199999999999999,1.56,4,4.0,6,5,0.0,4,20,233,21.0,3.0,2.0,10.0,0.0,0.0,477,6,Ángel Pérez,Alavés,2.0
2026-27,ESP1,1573126,barcelona,0.0,2.0,3.0,1.0,0.52,0.52,0.28,5,1.0,13,4,0.0,7,22,243,4.0,0.0,5.0,7.0,0.0,0.0,288,6,Marc Bernal,Barcelona,2.0
2026-27,ESP1,1575945,sevilla,1.0,1.0,4.0,1.0,0.67,0.67,0.12000000000000001,1,2.0,4,2,0.0,4,9,75,6.0,2.0,5.0,1.0,0.0,0.0,156,2,Oso,Sevilla,1.0
2026-27,ESP1,1578176,celta vigo,0.0,0.0,0.0,0.0,0.0,0.0,0.11,8,6.0,4,10,6.0,24,25,446,1.0,2.0,4.0,1.0,0.0,0.0,495,6,Yoel Lago,Celta de Vigo,1.0
2026-27,ESP1,1580522,real betis,0.0,0.0,1.0,0.0,0.02,0.02,0.01,1,0.0,5,0,3.0,2,2,61,0.0,0.0,0.0,1.0,0.0,0.0,71,1,Ángel Ortiz,Real Betis,1.0
2026-27,ESP1,1583872,elche,1.0,0.0,1.0,1.0,0.04,0.04,0.12,7,2.0,11,3,1.0,16,7,271,2.0,3.0,2.0,2.0,0.0,0.0,503,6,Buba Sangaré,Elche,1.0
2026-27,ESP1,1585726,athletic club,0.0,0.0,3.0,2.0,0.16,0.16,0.28,1,5.0,2,1,0.0,1,8,148,1.0,2.0,0.0,4.0,0.0,0.0,205,3,Peio Canales,Athletic Club,2.0
2026-27,ESP1,1586390,real racing,0.0,0.0,1.0,0.0,0.05,0.05,0.0,2,1.0,0,1,0.0,1,1,21,1.0,0.0,0.0,0.0,0.0,0.0,47,2,Iker Luque,Racing de Santander,3.0
2026-27,ESP1,1598982,barcelona,0.0,0.0,1.0,0.0,0.1,0.1,0.09,5,3.0,3,7,1.0,24,9,415,1.0,0.0,4.0,0.0,0.0,0.0,405,5,Gerard Martín,Barcelona,1.0
2026-27,ESP1,1600732,valencia,0.0,0.0,2.0,0.0,0.11,0.11,0.23,0,3.0,4,1,1.0,0,10,108,12.0,2.0,2.0,1.0,0.0,0.0,218,5,David Otorbi,Valencia CF,2.0
2026-27,ESP1,1603025,osasuna,0.0,0.0,0.0,0.0,0.0,0.0,0.04,2,1.0,6,5,1.0,11,12,162,0.0,1.0,2.0,1.0,0.0,0.0,210,3,Rockson Yeboah,Osasuna,1.0
2026-27,ESP1,1609364,espanyol,0.0,1.0,1.0,0.0,0.02,0.02,0.05,4,3.0,3,1,1.0,3,1,74,2.0,0.0,1.0,1.0,0.0,0.0,107,4,Rafel Bauzà,Espanyol,2.0
2026-27,ESP1,1610744,real madrid,2.0,0.0,4.0,3.0,1.78,1.78,0.06,0,1.0,0,1,0.0,0,2,19,8.0,1.0,0.0,1.0,0.0,0.0,25,4,Carlos Espí,Real Madrid,3.0
2026-27,ESP1,1611149,valencia,0.0,0.0,5.0,1.0,0.26,0.26,0.06,4,1.0,4,0,0.0,0,8,155,8.0,3.0,1.0,1.0,0.0,0.0,297,5,Ryunosuke Sato,Valencia CF,2.0
2026-27,ESP1,1614872,osasuna,0.0,0.0,1.0,0.0,0.01,0.01,0.24,6,4.0,8,2,1.0,6,14,267,3.0,4.0,0.0,2.0,0.0,0.0,476,6,Iñigo Arguibide,Osasuna,1.0
2026-27,ESP1,1621150,deportivo a coruna,0.0,0.0,5.0,4.0,0.21,0.21,0.02,2,2.0,4,0,0.0,1,4,59,2.0,2.0,0.0,0.0,0.0,0.0,162,4,Jonathan Asp,Deportivo de La Coruña,3.0
2026-27,ESP1,1637438,getafe,0.0,0.0,1.0,0.0,0.02,0.02,0.01,1,1.0,2,0,0.0,0,3,34,1.0,4.0,0.0,0.0,0.0,0.0,50,3,Alberto Risco,Getafe,2.0
2026-27,ESP1,1637860,valencia,0.0,0.0,0.0,0.0,0.0,0.0,0.0,2,0.0,0,2,2.0,12,5,81,0.0,0.0,3.0,0.0,0.0,0.0,102,3,Iker Córdoba,Valencia CF,1.0
2026-27,ESP1,1640985,real racing,6.0,0.0,13.0,8.0,3.5,3.5,0.1,11,2.0,6,0,0.0,3,1,101,23.0,3.0,1.0,2.0,0.0,0.0,311,6,Yassir Zabiri,Racing de Santander,3.0
2026-27,ESP1,1644302,real racing,0.0,0.0,0.0,0.0,0.0,0.0,0.0,3,0.0,2,0,0.0,5,2,29,0.0,0.0,0.0,0.0,0.0,0.0,76,3,Pedro Felipe,Racing de Santander,1.0
2026-27,ESP1,1649293,levante,0.0,0.0,1.0,1.0,0.03,0.03,0.01,0,1.0,0,0,0.0,0,3,27,0.0,1.0,0.0,0.0,0.0,0.0,64,3,Paco Cortés,Levante,3.0
2026-27,ESP1,1662379,real betis,1.0,0.0,3.0,1.0,0.4,0.4,0.04,3,4.0,0,0,0.0,3,5,33,5.0,3.0,1.0,3.0,0.0,0.0,51,3,Pablo García,Real Betis,3.0
2026-27,ESP1,1662379,real racing,1.0,0.0,6.0,3.0,0.55,0.55,0.0,0,3.0,2,0,0.0,0,5,54,3.0,5.0,0.0,0.0,0.0,0.0,154,2,Pablo García,Racing de Santander,3.0
2026-27,ESP1,1668274,malaga,0.0,0.0,1.0,0.0,0.02,0.02,0.11000000000000001,9,4.0,9,5,3.0,8,10,249,6.0,4.0,1.0,1.0,0.0,0.0,268,5,Carlos Puga,Málaga,1.0
2026-27,ESP1,1669619,malaga,0.0,0.0,1.0,0.0,0.05,0.05,0.11,5,1.0,4,3,1.0,2,10,263,0.0,0.0,0.0,3.0,0.0,0.0,360,5,Izan Merino,Málaga,2.0
2026-27,ESP1,1669622,malaga,1.0,0.0,14.0,3.0,3.0,1.4300000000000002,0.12,8,7.0,2,1,0.0,8,5,139,18.0,1.0,10.0,3.0,0.0,0.0,450,5,Chupe,Málaga,3.0
2026-27,ESP1,1670161,real racing,0.0,1.0,1.0,1.0,0.21,0.21,0.99,4,8.0,20,9,2.0,27,21,307,11.0,1.0,11.0,3.0,0.0,0.0,454,6,Jorge Salinas,Racing de Santander,1.0
2026-27,ESP1,1670281,elche,0.0,0.0,5.0,2.0,0.82,0.82,0.05,2,1.0,2,1,0.0,0,9,141,6.0,8.0,0.0,2.0,0.0,0.0,190,3,Ali Houary,Elche,2.0
2026-27,ESP1,1676086,getafe,0.0,0.0,0.0,0.0,0.0,0.0,0.03,1,0.0,1,0,1.0,3,3,28,0.0,0.0,1.0,1.0,0.0,0.0,46,2,Davinchi,Getafe,1.0
2026-27,ESP1,1682298,osasuna,0.0,0.0,1.0,0.0,0.04,0.04,0.0,3,0.0,0,3,2.0,7,1,60,1.0,0.0,1.0,0.0,0.0,0.0,90,1,Unai Santos,Osasuna,1.0
2026-27,ESP1,1690831,deportivo a coruna,0.0,0.0,6.0,2.0,0.44000000000000006,0.44000000000000006,0.08,6,4.0,9,1,1.0,6,9,170,12.0,11.0,12.0,2.0,0.0,0.0,330,6,Bil Nsongo,Deportivo de La Coruña,3.0
2026-27,ESP1,1693550,real racing,0.0,0.0,0.0,0.0,0.0,0.0,0.0,0,0.0,0,0,0.0,0,1,7,0.0,0.0,0.0,0.0,0.0,0.0,13,1,Diego Díaz,Racing de Santander,3.0
2026-27,ESP1,1694764,getafe,0.0,0.0,0.0,0.0,0.0,0.0,0.0,0,0.0,0,0,0.0,0,0,0,0.0,0.0,0.0,0.0,0.0,0.0,1,1,Oscar Lopez,Getafe,2.0
2026-27,ESP1,1697334,real sociedad,0.0,0.0,0.0,0.0,0.0,0.0,0.14,2,0.0,1,2,2.0,10,6,147,1.0,1.0,4.0,2.0,0.0,0.0,180,2,Luken Beitia,Real Sociedad,1.0
2026-27,ESP1,1708842,barcelona,0.0,0.0,0.0,0.0,0.0,0.0,0.0,0,1.0,0,0,0.0,1,1,3,0.0,0.0,0.0,0.0,0.0,0.0,4,1,Hamza Abdelkarim,Barcelona,3.0
2026-27,ESP1,1711969,deportivo a coruna,0.0,0.0,1.0,0.0,0.04,0.04,0.01,0,1.0,4,3,1.0,15,5,149,1.0,1.0,5.0,0.0,0.0,0.0,196,3,Bright Ede,Deportivo de La Coruña,1.0
2026-27,ESP1,1717331,malaga,0.0,0.0,1.0,0.0,0.03,0.03,0.08,5,7.0,4,5,3.0,13,19,312,6.0,1.0,3.0,0.0,0.0,0.0,427,5,Rafita,Málaga,1.0
2026-27,ESP1,1721181,alaves,0.0,0.0,0.0,0.0,0.0,0.0,0.0,0,0.0,0,0,1.0,2,1,10,0.0,0.0,0.0,0.0,0.0,0.0,10,1,Xanet Oláiz,Alavés,1.0
2026-27,ESP1,1721611,real sociedad,0.0,0.0,3.0,1.0,0.18,0.18,0.44,1,0.0,3,0,0.0,0,2,50,6.0,3.0,0.0,2.0,0.0,0.0,101,4,Álex Marchal,Real Sociedad,3.0
2026-27,ESP1,1724551,real sociedad,1.0,2.0,5.0,2.0,0.27,0.27,0.09,5,1.0,1,0,0.0,0,9,74,13.0,5.0,2.0,3.0,0.0,0.0,174,3,Job Ochieng,Real Sociedad,3.0
2026-27,ESP1,1727689,espanyol,0.0,0.0,1.0,0.0,0.06,0.06,0.27999999999999997,4,2.0,14,5,1.0,18,20,338,2.0,1.0,7.0,1.0,0.0,0.0,491,6,Roger Hinojo,Espanyol,1.0
2026-27,ESP1,1732412,elche,0.0,0.0,0.0,0.0,0.0,0.0,0.03,3,0.0,7,4,0.0,7,13,121,0.0,2.0,1.0,0.0,0.0,0.0,217,4,Javi Morcillo,Elche,2.0
2026-27,ESP1,1732791,celta vigo,0.0,0.0,1.0,0.0,0.15,0.15,0.0,0,0.0,0,1,0.0,1,2,23,1.0,1.0,1.0,0.0,0.0,0.0,63,1,Andrés Antañón,Celta de Vigo,3.0
2026-27,ESP1,1735453,real madrid,0.0,1.0,2.0,0.0,0.14,0.14,0.5,4,6.0,5,3,0.0,1,10,161,17.0,3.0,1.0,7.0,0.0,0.0,244,6,Yan Diomande,Real Madrid,3.0
2026-27,ESP1,1780239,levante,0.0,0.0,0.0,0.0,0.0,0.0,0.0,0,0.0,1,0,0.0,2,1,16,2.0,0.0,0.0,0.0,0.0,0.0,19,1,Ifeanyi Ndukwe,Levante,1.0
2026-27,ESP1,1783498,sevilla,0.0,0.0,1.0,0.0,0.04,0.04,0.01,5,3.0,4,2,0.0,4,6,47,1.0,1.0,0.0,0.0,0.0,0.0,90,2,Nico Guillen,Sevilla,2.0
2026-27,ESP1,1791769,real racing,1.0,0.0,1.0,1.0,0.07,0.07,0.02,3,1.0,4,2,0.0,4,2,62,0.0,2.0,1.0,0.0,0.0,0.0,114,2,Sergio Martínez,Racing de Santander,2.0
2026-27,ESP1,1792368,getafe,0.0,0.0,0.0,0.0,0.0,0.0,0.0,1,0.0,0,0,0.0,2,0,7,0.0,0.0,0.0,0.0,0.0,0.0,17,1,Jean Ives Valou,Getafe,1.0
2026-27,ESP1,1797904,sevilla,2.0,0.0,10.0,5.0,0.6000000000000001,0.6000000000000001,0.28,7,11.0,10,1,0.0,2,23,231,11.0,10.0,6.0,6.0,0.0,0.0,418,6,Miguel Sierra,Sevilla,3.0
2026-27,ESP1,1800611,levante,0.0,0.0,1.0,1.0,0.11,0.11,0.16,2,3.0,7,5,3.0,19,8,179,3.0,0.0,4.0,2.0,0.0,0.0,295,5,Nacho Pérez,Levante,1.0
2026-27,ESP1,1815149,barcelona,1.0,2.0,4.0,2.0,0.15,0.15,0.42000000000000004,8,3.0,20,7,0.0,15,27,370,7.0,1.0,6.0,4.0,0.0,0.0,440,5,Xavi Espart,Barcelona,2.0
2026-27,ESP1,1825995,celta vigo,0.0,0.0,1.0,0.0,0.15,0.15,0.03,0,1.0,1,0,0.0,0,0,26,1.0,0.0,1.0,0.0,0.0,0.0,16,1,Hugo Burcio,Celta de Vigo,2.0
2026-27,ESP1,1836083,levante,0.0,0.0,0.0,0.0,0.0,0.0,0.0,2,1.0,0,0,0.0,1,3,16,0.0,2.0,0.0,0.0,0.0,0.0,30,1,Yanis Musuayi,Levante,3.0
2026-27,ESP1,1841906,villarreal,0.0,0.0,0.0,0.0,0.0,0.0,0.01,1,0.0,4,2,0.0,3,3,53,0.0,1.0,0.0,0.0,0.0,0.0,45,2,Carlos Maciá,Villarreal,2.0
2026-27,ESP1,1842329,atletico madrid,0.0,0.0,0.0,0.0,0.0,0.0,0.01,4,0.0,2,0,1.0,0,0,24,0.0,1.0,1.0,0.0,0.0,0.0,45,1,Jorge Domínguez,Atlético de Madrid,1.0
2026-27,ESP1,1859341,elche,0.0,0.0,0.0,0.0,0.0,0.0,0.0,2,0.0,0,0,0.0,0,0,9,0.0,1.0,1.0,0.0,0.0,0.0,21,1,Umaru Konare,Elche,3.0
2026-27,ESP1,1875615,levante,0.0,0.0,0.0,0.0,0.0,0.0,0.0,0,0.0,0,0,0.0,0,0,4,0.0,0.0,0.0,0.0,0.0,0.0,14,1,Kareem Tunde,Levante,3.0
2026-27,ESP1,1889232,rayo vallecano,0.0,0.0,1.0,1.0,0.04,0.04,0.02,5,3.0,6,6,0.0,5,7,97,0.0,1.0,4.0,3.0,0.0,0.0,186,4,Gnangoro Bouare,Rayo Vallecano,2.0
2026-27,ESP1,1905203,valencia,0.0,0.0,0.0,0.0,0.0,0.0,0.02,3,0.0,1,3,0.0,1,6,58,1.0,3.0,0.0,0.0,0.0,0.0,90,1,Aaron Mayol,Valencia CF,1.0
2026-27,ESP1,1959218,elche,0.0,0.0,0.0,0.0,0.0,0.0,0.0,0,0.0,0,0,0.0,0,2,12,0.0,1.0,0.0,0.0,0.0,0.0,9,1,Alvaro Padilla,Elche,3.0
2026-27,ESP1,2141146,levante,0.0,0.0,0.0,0.0,0.0,0.0,0.0,0,2.0,1,1,0.0,1,1,11,0.0,0.0,1.0,0.0,0.0,0.0,26,1,Marc Santos,Levante,1.0
2026-27,ITA1,31097,milan,0.0,0.0,0.0,0.0,0.0,0.0,0.5,0,3.0,2,4,0.0,2,16,231,0.0,1.0,0.0,4.0,0.0,0.0,235,4,Luka Modrić,Milan,2.0
2026-27,ITA1,73167,inter,0.0,0.0,6.0,1.0,0.38,0.38,0.04,0,1.0,2,1,0.0,0,5,49,4.0,2.0,0.0,2.0,0.0,0.0,62,1,Henrikh Mkhitaryan,Internazionale,2.0
2026-27,ITA1,115067,sassuolo,0.0,1.0,3.0,0.0,0.06,0.06,0.35,3,1.0,8,5,2.0,9,22,276,6.0,3.0,0.0,7.0,0.0,0.0,333,4,Nemanja Matić,Sassuolo,2.0
2026-27,ITA1,115591,torino,0.0,0.0,0.0,0.0,0.0,0.0,0.0,0,0.0,1,0,0.0,0,2,18,0.0,0.0,0.0,0.0,0.0,0.0,17,1,Ricardo Rodríguez,Torino,1.0
2026-27,ITA1,116555,torino,0.0,0.0,0.0,0.0,0.0,0.0,0.01,0,0.0,0,0,0.0,2,2,11,1.0,1.0,0.0,1.0,0.0,0.0,14,2,Duván Zapata,Torino,3.0
2026-27,ITA1,149219,udinese,0.0,0.0,0.0,0.0,0.0,0.0,0.03,2,2.0,1,1,3.0,9,1,64,0.0,0.0,2.0,0.0,0.0,0.0,142,2,Christian Kabasele,Udinese,1.0
2026-27,ITA1,161328,genoa,0.0,0.0,0.0,0.0,0.0,0.0,0.02,0,0.0,1,0,0.0,0,1,17,0.0,0.0,0.0,0.0,0.0,0.0,30,1,Stephan El Shaarawy,Genoa,2.0
2026-27,ITA1,169200,napoli,1.0,1.0,5.0,1.0,0.52,0.52,0.9600000000000001,2,1.0,3,1,0.0,0,7,167,9.0,2.0,0.0,10.0,0.0,0.0,173,4,Kevin De Bruyne,Napoli,2.0
2026-27,ITA1,178732,bologna,0.0,0.0,0.0,0.0,0.0,0.0,0.0,0,0.0,0,0,0.0,4,23,87,0.0,0.0,1.0,0.0,7.0,4.0,270,3,Łukasz Skorupski,Bologna,0.0
2026-27,ITA1,181910,juventus,0.0,0.0,0.0,0.0,0.0,0.0,0.0,0,0.0,0,0,0.0,0,2,5,0.0,0.0,0.0,0.0,0.0,0.0,1,1,Mattia Perin,Juventus,0.0
2026-27,ITA1,182917,fiorentina,0.0,0.0,0.0,0.0,0.0,0.0,0.01,0,2.0,0,0,0.0,1,29,131,0.0,0.0,0.0,1.0,10.0,11.0,360,4,David de Gea,Fiorentina,0.0
2026-27,ITA1,197352,venezia,0.0,0.0,0.0,0.0,0.0,0.0,0.0,1,0.0,2,1,0.0,1,4,26,0.0,0.0,0.0,0.0,0.0,0.0,21,1,Juan Jesus,Venezia,1.0
2026-27,ITA1,198559,roma,0.0,0.0,0.0,0.0,0.0,0.0,0.01,1,0.0,2,4,0.0,0,1,39,0.0,0.0,0.0,1.0,0.0,0.0,32,2,Marten de Roon,Roma,2.0
2026-27,ITA1,215242,napoli,0.0,0.0,3.0,1.0,0.12000000000000001,0.12000000000000001,0.48,2,0.0,2,1,1.0,3,13,265,8.0,4.0,1.0,5.0,0.0,0.0,304,4,Leonardo Spinazzola,Napoli,2.0
2026-27,ITA1,244811,atalanta,0.0,0.0,2.0,0.0,0.06,0.06,0.22999999999999998,1,0.0,2,0,1.0,3,7,150,5.0,0.0,0.0,0.0,0.0,0.0,197,3,Davide Zappacosta,Atalanta,2.0
2026-27,ITA1,263653,inter,0.0,0.0,2.0,0.0,0.12,0.12,0.02,1,1.0,3,0,0.0,12,2,106,3.0,0.0,7.0,0.0,0.0,0.0,99,3,John Stones,Internazionale,1.0
2026-27,ITA1,299799,roma,0.0,0.0,6.0,1.0,0.38,0.38,0.13,6,2.0,11,4,0.0,6,19,335,8.0,2.0,12.0,1.0,0.0,0.0,334,4,Bryan Cristante,Roma,2.0
2026-27,ITA1,304345,atalanta,0.0,0.0,1.0,0.0,0.02,0.02,0.07,2,2.0,2,1,2.0,4,16,138,0.0,0.0,1.0,0.0,0.0,0.0,238,4,Sead Kolašinac,Atalanta,1.0
2026-27,ITA1,304733,inter,2.0,0.0,3.0,2.0,0.09999999999999999,0.09999999999999999,0.25,2,1.0,4,3,2.0,0,13,175,2.0,1.0,1.0,5.0,0.0,0.0,137,3,Hakan Çalhanoglu,Internazionale,2.0
2026-27,ITA1,308517,napoli,1.0,0.0,4.0,2.0,0.5,0.5,0.39,1,8.0,6,2,1.0,7,22,257,5.0,3.0,2.0,3.0,0.0,0.0,349,4,Stanislav Lobotka,Napoli,2.0
2026-27,ITA1,322003,udinese,1.0,0.0,2.0,2.0,0.32,0.32,0.13,4,1.0,7,4,4.0,7,14,193,3.0,1.0,0.0,2.0,0.0,0.0,360,4,Jesper Karlström,Udinese,2.0
2026-27,ITA1,325916,roma,0.0,4.0,14.0,4.0,1.4000000000000001,1.4000000000000001,2.72,2,5.0,4,1,1.0,0,17,271,29.0,5.0,0.0,17.0,0.0,0.0,317,4,Paulo Dybala,Roma,2.0
2026-27,ITA1,352879,milan,1.0,2.0,3.0,1.0,0.51,0.51,0.13,5,4.0,2,0,1.0,5,9,167,6.0,3.0,2.0,3.0,0.0,0.0,216,4,Adrien Rabiot,Milan,2.0
2026-27,ITA1,355356,como,0.0,0.0,3.0,0.0,0.05,0.05,0.02,0,1.0,0,1,0.0,8,3,92,3.0,1.0,6.0,1.0,0.0,0.0,115,2,Marc-Oliver Kempf,Como,1.0
2026-27,ITA1,362200,lecce,0.0,0.0,0.0,0.0,0.0,0.0,0.01,0,1.0,0,0,0.0,4,36,181,0.0,0.0,0.0,0.0,26.0,7.0,360,4,Wladimiro Falcone,Lecce,0.0
2026-27,ITA1,362212,inter,1.0,1.0,9.0,2.0,0.36,0.36,0.37,1,3.0,3,1,1.0,1,14,245,5.0,1.0,0.0,3.0,0.0,0.0,262,4,Piotr Zieliński,Internazionale,2.0
2026-27,ITA1,364104,genoa,0.0,0.0,0.0,0.0,0.0,0.0,0.0,2,1.0,0,2,0.0,1,0,18,0.0,1.0,1.0,0.0,0.0,0.0,45,1,Stefano Sabelli,Genoa,2.0
2026-27,ITA1,364520,sassuolo,1.0,0.0,7.0,6.0,0.55,0.55,0.16,0,4.0,4,2,1.0,0,7,101,8.0,3.0,1.0,2.0,0.0,0.0,141,3,Domenico Berardi,Sassuolo,3.0
2026-27,ITA1,414232,venezia,0.0,1.0,1.0,1.0,0.33,0.33,0.14,1,6.0,3,4,2.0,8,12,170,3.0,2.0,4.0,3.0,0.0,0.0,257,4,Ridgeciano Haps,Venezia,2.0
2026-27,ITA1,414245,bologna,0.0,0.0,8.0,4.0,0.34,0.34,0.65,3,4.0,2,1,0.0,2,10,193,6.0,3.0,2.0,6.0,0.0,0.0,288,4,Federico Bernardeschi,Bologna,3.0
2026-27,ITA1,414906,napoli,0.0,1.0,1.0,0.0,0.01,0.01,0.26,3,2.0,10,2,2.0,4,8,260,8.0,2.0,6.0,2.0,0.0,0.0,360,4,Giovanni Di Lorenzo,Napoli,1.0
2026-27,ITA1,415539,napoli,1.0,0.0,3.0,2.0,0.56,0.56,0.45999999999999996,2,2.0,3,1,0.0,3,4,139,5.0,3.0,1.0,4.0,0.0,0.0,264,4,Matteo Politano,Napoli,2.0
2026-27,ITA1,446266,atalanta,0.0,0.0,0.0,0.0,0.0,0.0,0.11,1,0.0,0,1,1.0,2,5,132,3.0,1.0,0.0,2.0,0.0,0.0,178,4,Mario Pašalić,Atalanta,2.0
2026-27,ITA1,449283,cagliari,0.0,0.0,1.0,0.0,0.14,0.14,0.04,3,1.0,8,4,4.0,17,14,221,3.0,0.0,1.0,0.0,0.0,0.0,353,4,Alessandro Deiola,Cagliari,2.0
2026-27,ITA1,466439,milan,0.0,0.0,0.0,0.0,0.0,0.0,0.0,0,2.0,0,0,0.0,1,27,168,0.0,0.0,2.0,0.0,10.0,4.0,360,4,Mike Maignan,Milan,0.0
2026-27,ITA1,469615,torino,0.0,0.0,7.0,1.0,1.05,1.05,0.05,2,6.0,1,1,0.0,1,5,90,9.0,7.0,6.0,1.0,0.0,0.0,253,4,Giovanni Simeone,Torino,3.0
2026-27,ITA1,478447,lazio,0.0,0.0,0.0,0.0,0.0,0.0,0.0,1,1.0,1,0,0.0,1,0,17,0.0,2.0,0.0,0.0,0.0,0.0,19,1,Adam Marusic,Lazio,1.0
2026-27,ITA1,485634,cagliari,0.0,0.0,0.0,0.0,0.0,0.0,0.01,0,0.0,0,2,0.0,3,2,15,0.0,0.0,0.0,1.0,0.0,0.0,16,1,Roberto Gagliardini,Cagliari,2.0
2026-27,ITA1,488415,udinese,2.0,1.0,7.0,5.0,0.74,0.74,0.11,2,2.0,12,4,1.0,11,14,208,7.0,2.0,1.0,2.0,0.0,0.0,360,4,Hassane Kamara,Udinese,2.0
2026-27,ITA1,521318,inter,0.0,1.0,6.0,1.0,0.66,0.66,0.07,3,0.0,6,6,2.0,16,12,303,8.0,0.0,15.0,2.0,0.0,0.0,323,4,Manuel Akanji,Internazionale,1.0
2026-27,ITA1,528453,cagliari,0.0,0.0,3.0,1.0,0.09,0.09,0.07,5,4.0,3,9,3.0,6,21,241,0.0,1.0,1.0,0.0,0.0,0.0,327,4,Harry Winks,Cagliari,2.0
2026-27,ITA1,538501,juventus,0.0,0.0,0.0,0.0,0.0,0.0,0.0,0,0.0,0,0,0.0,4,21,119,0.0,0.0,2.0,0.0,8.0,4.0,359,4,Guglielmo Vicario,Juventus,0.0
2026-27,ITA1,541555,lazio,0.0,2.0,13.0,6.0,1.29,1.29,1.27,3,7.0,6,8,1.0,4,11,224,16.0,4.0,2.0,8.0,0.0,0.0,359,4,Mattia Zaccagni,Lazio,3.0
2026-27,ITA1,541820,inter,1.0,1.0,8.0,5.0,0.45,0.45,0.8,3,3.0,4,1,1.0,3,16,301,14.0,4.0,0.0,10.0,0.0,0.0,360,4,Nicolò Barella,Internazionale,2.0
2026-27,ITA1,543021,napoli,0.0,0.0,0.0,0.0,0.0,0.0,0.01,0,0.0,0,0,0.0,0,5,38,0.0,0.0,0.0,0.0,2.0,0.0,90,1,Vanja Milinković-Savić,Napoli,0.0
2026-27,ITA1,544693,napoli,0.0,1.0,4.0,0.0,0.07,0.07,0.09,7,3.0,9,3,3.0,30,15,329,5.0,1.0,24.0,1.0,0.0,0.0,360,4,Amir Rrahmani,Napoli,1.0
2026-27,ITA1,557346,udinese,0.0,0.0,0.0,0.0,0.0,0.0,0.11,1,0.0,1,0,0.0,0,0,9,0.0,0.0,0.0,1.0,0.0,0.0,10,1,Sandi Lovrić,Udinese,2.0
2026-27,ITA1,557677,torino,0.0,0.0,5.0,2.0,0.37,0.37,0.12,6,4.0,1,0,1.0,1,9,176,11.0,7.0,5.0,2.0,0.0,0.0,360,4,Nikola Vlašić,Torino,2.0
2026-27,ITA1,557799,sassuolo,0.0,0.0,0.0,0.0,0.0,0.0,0.0,0,0.0,0,0,0.0,0,0,3,0.0,0.0,0.0,0.0,0.0,0.0,9,1,Duje Ćaleta-Car,Sassuolo,1.0
2026-27,ITA1,560939,como,0.0,0.0,0.0,0.0,0.0,0.0,0.01,0,0.0,1,0,0.0,6,24,128,0.0,0.0,2.0,1.0,4.0,3.0,270,3,Jean Butez,Como,0.0
2026-27,ITA1,560945,udinese,0.0,0.0,2.0,0.0,0.07,0.07,0.5700000000000001,0,4.0,9,3,0.0,6,15,256,6.0,1.0,1.0,5.0,0.0,0.0,339,4,Mërgim Vojvoda,Udinese,2.0
2026-27,ITA1,570434,parma,0.0,0.0,1.0,0.0,0.04,0.04,0.13,3,0.0,0,0,4.0,13,4,119,4.0,0.0,1.0,0.0,0.0,0.0,135,2,Diego Carlos,Parma,1.0
2026-27,ITA1,577911,fiorentina,0.0,0.0,1.0,1.0,0.03,0.03,0.01,1,1.0,1,0,0.0,1,1,25,0.0,0.0,0.0,0.0,0.0,0.0,35,2,Rolando Mandragora,Fiorentina,2.0
2026-27,ITA1,577911,torino,1.0,0.0,5.0,4.0,0.18,0.18,0.08,2,4.0,4,3,0.0,2,10,173,0.0,1.0,3.0,1.0,0.0,0.0,173,2,Rolando Mandragora,Torino,2.0
2026-27,ITA1,577912,napoli,0.0,0.0,0.0,0.0,0.0,0.0,0.0,0,1.0,0,0,0.0,2,16,113,0.0,0.0,2.0,0.0,11.0,5.0,270,3,Alex Meret,Napoli,0.0
2026-27,ITA1,579747,atalanta,0.0,0.0,3.0,1.0,0.41,0.41,0.1,2,1.0,5,0,0.0,1,10,98,2.0,1.0,0.0,2.0,0.0,0.0,97,2,Franck Kessié,Atalanta,2.0
2026-27,ITA1,586474,genoa,0.0,0.0,3.0,0.0,0.08,0.08,0.02,2,2.0,3,1,0.0,3,4,50,6.0,0.0,1.0,1.0,0.0,0.0,84,2,Kingsley Ehizibue,Genoa,2.0
2026-27,ITA1,588687,roma,0.0,1.0,3.0,2.0,0.27,0.27,0.73,6,3.0,8,7,0.0,5,18,249,12.0,2.0,4.0,4.0,0.0,0.0,332,4,Gianluca Mancini,Roma,1.0
2026-27,ITA1,599353,torino,2.0,0.0,3.0,3.0,0.8200000000000001,0.8200000000000001,0.28,3,2.0,1,0,0.0,2,2,72,6.0,4.0,4.0,2.0,0.0,0.0,193,3,Ché Adams,Torino,3.0
2026-27,ITA1,604982,milan,0.0,0.0,5.0,0.0,0.25,0.25,0.29000000000000004,2,2.0,0,0,1.0,0,3,103,11.0,3.0,2.0,8.0,0.0,0.0,189,4,Ruben Loftus-Cheek,Milan,2.0
2026-27,ITA1,605224,inter,0.0,1.0,7.0,2.0,0.58,0.58,1.54,1,1.0,4,4,0.0,0,8,231,14.0,1.0,1.0,14.0,0.0,0.0,262,4,Federico Dimarco,Internazionale,2.0
2026-27,ITA1,611223,inter,0.0,0.0,1.0,0.0,0.02,0.02,0.13,0,0.0,2,1,0.0,2,4,141,2.0,0.0,0.0,1.0,0.0,0.0,118,2,Benjamin Pavard,Internazionale,1.0
2026-27,ITA1,612863,napoli,0.0,0.0,5.0,1.0,1.29,1.29,0.1,2,3.0,3,1,3.0,2,10,113,10.0,2.0,4.0,2.0,0.0,0.0,237,3,Frank Anguissa,Napoli,2.0
2026-27,ITA1,617044,frosinone,0.0,0.0,0.0,0.0,0.0,0.0,0.0,2,0.0,0,0,0.0,1,1,10,0.0,0.0,0.0,0.0,0.0,0.0,8,1,Florian Grillitsch,Frosinone,2.0
2026-27,ITA1,621562,inter,2.0,1.0,12.0,4.0,1.9300000000000002,1.9300000000000002,0.1,2,2.0,1,0,0.0,2,0,59,20.0,1.0,6.0,4.0,0.0,0.0,140,3,Marcus Thuram,Internazionale,3.0
2026-27,ITA1,624166,juventus,0.0,1.0,2.0,0.0,0.56,0.56,0.52,8,8.0,5,7,1.0,9,11,279,2.0,2.0,5.0,6.0,0.0,0.0,270,3,Manuel Locatelli,Juventus,2.0
2026-27,ITA1,629594,lazio,0.0,0.0,1.0,0.0,0.07,0.07,0.01,3,1.0,0,0,0.0,1,3,48,2.0,1.0,0.0,2.0,0.0,0.0,106,3,Alfonso Pedraza,Lazio,1.0
2026-27,ITA1,634310,parma,0.0,0.0,1.0,0.0,0.06,0.06,0.52,3,2.0,1,1,0.0,2,10,75,3.0,1.0,0.0,1.0,0.0,0.0,109,2,Vincent Sierro,Parma,2.0
2026-27,ITA1,637656,torino,0.0,0.0,0.0,0.0,0.0,0.0,0.0,0,0.0,0,0,0.0,1,17,114,0.0,0.0,1.0,0.0,7.0,3.0,180,2,Lucas Perri,Torino,0.0
2026-27,ITA1,638090,como,0.0,0.0,1.0,0.0,0.07,0.07,0.51,1,3.0,3,8,2.0,5,8,227,1.0,1.0,0.0,6.0,0.0,0.0,200,4,Luis Milla,Como,2.0
2026-27,ITA1,639671,monza,0.0,0.0,4.0,1.0,0.62,0.62,0.15000000000000002,3,3.0,3,0,0.0,1,7,55,9.0,0.0,2.0,3.0,0.0,0.0,136,3,Patrick Cutrone,Monza,3.0
2026-27,ITA1,641595,bologna,0.0,0.0,0.0,0.0,0.0,0.0,0.07,1,2.0,1,0,0.0,2,6,71,1.0,1.0,1.0,0.0,0.0,0.0,79,3,Nikola Moro,Bologna,2.0
2026-27,ITA1,643229,juventus,0.0,0.0,1.0,1.0,0.03,0.03,0.46,0,0.0,1,0,0.0,0,4,64,8.0,2.0,0.0,2.0,0.0,0.0,104,3,Jérémie Boga,Juventus,3.0
2026-27,ITA1,644738,udinese,0.0,1.0,3.0,1.0,0.79,0.79,0.01,1,1.0,0,0,0.0,2,4,32,5.0,1.0,5.0,1.0,0.0,0.0,73,3,Vakoun Issouf Bayo,Udinese,3.0
2026-27,ITA1,651435,venezia,0.0,0.0,0.0,0.0,0.0,0.0,0.4,1,1.0,2,0,0.0,3,3,104,0.0,2.0,1.0,3.0,0.0,0.0,150,2,Toma Basic,Venezia,2.0
2026-27,ITA1,655696,bologna,1.0,0.0,4.0,1.0,0.74,0.74,0.09999999999999999,2,0.0,0,0,0.0,1,0,26,10.0,1.0,1.0,1.0,0.0,0.0,84,3,Artem Dovbyk,Bologna,3.0
2026-27,ITA1,660301,roma,6.0,0.0,17.0,9.0,4.220000000000001,4.220000000000001,0.16999999999999998,3,4.0,1,2,0.0,0,8,107,36.0,2.0,1.0,4.0,0.0,0.0,255,4,Donyell Malen,Roma,3.0
2026-27,ITA1,661761,bologna,0.0,0.0,0.0,0.0,0.0,0.0,0.16,0,1.0,0,0,0.0,1,3,22,3.0,1.0,0.0,2.0,0.0,0.0,80,2,Riccardo Orsolini,Bologna,3.0
2026-27,ITA1,662205,lazio,0.0,0.0,0.0,0.0,0.0,0.0,0.0,1,1.0,0,1,0.0,1,3,15,2.0,0.0,0.0,0.0,0.0,0.0,16,2,Manuel Lazzari,Lazio,1.0
2026-27,ITA1,664587,lecce,2.0,1.0,5.0,3.0,0.99,0.99,0.13,3,9.0,7,3,0.0,3,24,221,8.0,5.0,5.0,5.0,0.0,0.0,360,4,Lassana Coulibaly,Lecce,2.0
2026-27,ITA1,665188,fiorentina,0.0,0.0,4.0,1.0,0.35,0.35,0.84,2,1.0,1,0,0.0,1,1,30,6.0,0.0,0.0,5.0,0.0,0.0,71,1,Albert Gudmundsson,Fiorentina,3.0
2026-27,ITA1,665188,lazio,1.0,0.0,2.0,1.0,0.16,0.16,0.02,3,0.0,0,0,0.0,0,1,16,2.0,0.0,0.0,1.0,0.0,0.0,26,2,Albert Guðmundsson,Lazio,3.0
2026-27,ITA1,671203,roma,1.0,0.0,2.0,1.0,0.09,0.09,0.81,3,4.0,10,15,1.0,10,22,330,4.0,2.0,4.0,5.0,0.0,0.0,338,4,Mario Hermoso,Roma,1.0
2026-27,ITA1,688278,milan,0.0,0.0,3.0,0.0,0.09,0.09,0.12000000000000001,4,0.0,2,4,1.0,10,7,168,2.0,1.0,3.0,2.0,0.0,0.0,204,4,Pervis Estupinán,Milan,2.0
2026-27,ITA1,688295,milan,0.0,1.0,1.0,1.0,0.07,0.07,0.16,2,0.0,0,0,0.0,0,2,31,3.0,0.0,0.0,4.0,0.0,0.0,45,1,Christian Pulisic,Milan,3.0
2026-27,ITA1,688300,milan,0.0,2.0,6.0,3.0,0.33,0.33,0.8999999999999999,0,1.0,4,4,1.0,2,16,231,15.0,0.0,3.0,10.0,0.0,0.0,299,4,Samuel Chukwueze,Milan,3.0
2026-27,ITA1,689680,bologna,0.0,0.0,6.0,1.0,0.81,0.81,0.19,5,6.0,1,1,0.0,2,2,92,5.0,4.0,1.0,2.0,0.0,0.0,227,4,Jens Odgaard,Bologna,2.0
2026-27,ITA1,689987,udinese,1.0,0.0,4.0,1.0,0.44,0.44,0.05,4,3.0,3,0,1.0,4,6,90,3.0,0.0,1.0,3.0,0.0,0.0,146,3,Jakub Piotrowski,Udinese,2.0
2026-27,ITA1,690230,inter,2.0,0.0,16.0,4.0,3.06,3.06,0.19,4,4.0,4,1,0.0,2,3,139,27.0,5.0,2.0,4.0,0.0,0.0,234,3,Lautaro Martínez,Internazionale,3.0
2026-27,ITA1,705484,torino,0.0,1.0,1.0,0.0,0.03,0.03,0.06,1,3.0,5,1,1.0,16,4,269,0.0,1.0,2.0,1.0,0.0,0.0,247,3,Eray Cömert,Torino,1.0
2026-27,ITA1,707970,genoa,0.0,1.0,1.0,0.0,0.05,0.05,0.35,2,3.0,3,1,1.0,0,6,152,1.0,1.0,1.0,5.0,0.0,0.0,227,4,Djibril Sow,Genoa,2.0
2026-27,ITA1,721089,atalanta,1.0,0.0,6.0,4.0,0.25,0.25,0.44999999999999996,4,6.0,2,0,2.0,1,4,108,10.0,8.0,3.0,4.0,0.0,0.0,241,4,Gianluca Scamacca,Atalanta,3.0
2026-27,ITA1,721533,genoa,0.0,0.0,0.0,0.0,0.0,0.0,0.01,0,0.0,1,0,0.0,4,32,238,0.0,0.0,1.0,0.0,13.0,8.0,360,4,Justin Bijlow,Genoa,0.0
2026-27,ITA1,724196,lazio,0.0,1.0,3.0,0.0,0.91,0.91,0.21,3,3.0,2,2,3.0,16,8,169,6.0,0.0,5.0,2.0,0.0,0.0,270,3,Danilho Doekhi,Lazio,1.0
2026-27,ITA1,724368,udinese,0.0,2.0,5.0,2.0,0.37,0.37,0.44,1,0.0,1,0,0.0,1,5,98,16.0,2.0,11.0,5.0,0.0,0.0,224,3,Keinan Davis,Udinese,3.0
2026-27,ITA1,726345,roma,0.0,0.0,2.0,1.0,0.06,0.06,0.33999999999999997,3,0.0,7,0,0.0,1,11,154,8.0,1.0,1.0,5.0,0.0,0.0,156,3,Nahuel Molina,Roma,1.0
2026-27,ITA1,729093,napoli,0.0,0.0,2.0,0.0,0.18,0.18,0.55,0,0.0,2,1,0.0,1,6,54,5.0,2.0,1.0,1.0,0.0,0.0,67,3,Mathías Olivera,Napoli,1.0
2026-27,ITA1,737339,monza,0.0,0.0,4.0,1.0,0.88,0.88,0.02,1,1.0,1,0,0.0,1,3,36,6.0,0.0,1.0,3.0,0.0,0.0,68,2,Dany Mota,Monza,3.0
2026-27,ITA1,740944,genoa,0.0,0.0,2.0,1.0,0.1,0.1,0.03,6,1.0,5,4,11.0,21,8,264,6.0,0.0,13.0,1.0,0.0,0.0,336,4,Leo Østigard,Genoa,1.0
2026-27,ITA1,741049,atalanta,0.0,0.0,0.0,0.0,0.0,0.0,0.03,2,0.0,1,2,0.0,1,3,40,3.0,2.0,0.0,0.0,0.0,0.0,108,3,Eljif Elmas,Atalanta,2.0
2026-27,ITA1,746829,frosinone,0.0,1.0,6.0,2.0,0.41,0.41,0.8500000000000001,5,8.0,3,1,5.0,4,15,248,6.0,0.0,1.0,15.0,0.0,0.0,350,4,Giacomo Calò,Frosinone,2.0
2026-27,ITA1,747926,como,0.0,1.0,2.0,1.0,0.13,0.13,0.13,0,1.0,1,0,0.0,0,2,25,6.0,1.0,1.0,2.0,0.0,0.0,88,2,Moise Kean,Como,3.0
2026-27,ITA1,747926,fiorentina,0.0,0.0,2.0,2.0,0.17,0.17,0.02,0,2.0,0,0,0.0,0,0,16,2.0,0.0,0.0,0.0,0.0,0.0,27,1,Moise Kean,Fiorentina,3.0
2026-27,ITA1,749488,frosinone,0.0,1.0,0.0,0.0,0.0,0.0,0.08,7,3.0,3,0,0.0,2,6,133,3.0,1.0,2.0,1.0,0.0,0.0,277,4,Romano Schmid,Frosinone,2.0
2026-27,ITA1,750030,lazio,0.0,0.0,1.0,0.0,0.06,0.06,0.0,4,1.0,0,0,0.0,0,1,26,1.0,2.0,1.0,0.0,0.0,0.0,95,3,Andrea Pinamonti,Lazio,3.0
2026-27,ITA1,750734,fiorentina,0.0,0.0,1.0,0.0,0.01,0.01,0.01,1,1.0,1,0,0.0,1,2,41,0.0,0.0,0.0,0.0,0.0,0.0,90,1,Dodô,Fiorentina,1.0
2026-27,ITA1,750880,torino,0.0,0.0,0.0,0.0,0.0,0.0,0.01,0,2.0,0,4,2.0,17,6,142,0.0,0.0,4.0,0.0,0.0,0.0,163,3,Ardian Ismajli,Torino,1.0
2026-27,ITA1,760752,sassuolo,0.0,0.0,0.0,0.0,0.0,0.0,0.0,0,2.0,0,0,0.0,3,26,161,0.0,0.0,2.0,0.0,17.0,7.0,360,4,Arijanet Murić,Sassuolo,0.0
2026-27,ITA1,768474,roma,0.0,0.0,0.0,0.0,0.0,0.0,0.0,0,0.0,1,0,0.0,0,30,158,0.0,0.0,0.0,0.0,10.0,1.0,360,4,Mile Svilar,Roma,0.0
2026-27,ITA1,769167,udinese,0.0,0.0,0.0,0.0,0.0,0.0,0.06,2,1.0,4,4,2.0,11,8,219,1.0,2.0,4.0,2.0,0.0,0.0,293,4,Enzo Ebosse,Udinese,1.0
2026-27,ITA1,772168,inter,0.0,0.0,0.0,0.0,0.0,0.0,0.0,0,1.0,0,0,0.0,7,36,181,0.0,0.0,0.0,0.0,10.0,6.0,360,4,Josep Martínez,Internazionale,0.0
2026-27,ITA1,787242,roma,0.0,0.0,2.0,0.0,0.44999999999999996,0.44999999999999996,0.01,7,1.0,4,3,0.0,8,12,135,3.0,0.0,6.0,0.0,0.0,0.0,157,2,Evan N'Dicka,Roma,1.0
2026-27,ITA1,787350,juventus,0.0,0.0,11.0,3.0,0.51,0.51,0.44,12,6.0,5,1,1.0,1,15,303,4.0,2.0,1.0,6.0,0.0,0.0,335,4,Douglas Luiz,Juventus,2.0
2026-27,ITA1,789243,lecce,0.0,0.0,4.0,1.0,0.18,0.18,0.43,3,2.0,3,3,0.0,2,7,122,5.0,3.0,0.0,2.0,0.0,0.0,183,4,Youssef Maleh,Lecce,2.0
2026-27,ITA1,789571,como,0.0,0.0,0.0,0.0,0.0,0.0,0.0,0,0.0,0,0,0.0,0,9,37,0.0,0.0,0.0,0.0,3.0,1.0,90,1,Robert Sánchez,Como,0.0
2026-27,ITA1,790732,bologna,0.0,0.0,4.0,1.0,0.18,0.18,0.04,3,1.0,2,3,0.0,1,9,115,0.0,1.0,0.0,2.0,0.0,0.0,175,3,Tommaso Pobega,Bologna,2.0
2026-27,ITA1,793066,napoli,0.0,0.0,2.0,0.0,0.27,0.27,0.08,1,0.0,0,0,0.0,0,1,21,3.0,0.0,0.0,0.0,0.0,0.0,38,2,David Neres,Napoli,2.0
2026-27,ITA1,793907,como,0.0,0.0,1.0,1.0,0.07,0.07,0.04,0,1.0,6,3,2.0,14,6,238,2.0,0.0,6.0,1.0,0.0,0.0,270,3,Trevoh Chalobah,Como,1.0
2026-27,ITA1,799497,monza,0.0,1.0,4.0,3.0,0.35000000000000003,0.35000000000000003,0.96,2,4.0,4,2,0.0,6,15,192,9.0,1.0,1.0,6.0,0.0,0.0,354,4,Samuele Birindelli,Monza,2.0
2026-27,ITA1,805451,inter,0.0,0.0,2.0,0.0,0.25,0.25,0.65,3,1.0,9,2,1.0,8,27,407,3.0,2.0,4.0,5.0,0.0,0.0,329,4,Alessandro Bastoni,Internazionale,1.0
2026-27,ITA1,814284,monza,0.0,0.0,0.0,0.0,0.0,0.0,0.0,2,0.0,0,0,0.0,5,4,37,0.0,0.0,3.0,0.0,0.0,0.0,31,2,Filippo Delli Carri,Monza,1.0
2026-27,ITA1,815431,lazio,3.0,0.0,8.0,3.0,1.51,1.51,0.8400000000000001,5,7.0,6,4,3.0,2,15,136,15.0,8.0,0.0,3.0,0.0,0.0,296,4,Davide Frattesi,Lazio,2.0
2026-27,ITA1,818893,udinese,0.0,0.0,3.0,0.0,0.17,0.17,0.42,3,3.0,2,1,1.0,0,2,49,3.0,1.0,0.0,2.0,0.0,0.0,89,1,Nicolò Zaniolo,Udinese,3.0
2026-27,ITA1,819215,juventus,0.0,0.0,1.0,0.0,0.1,0.1,0.01,2,1.0,0,0,0.0,3,11,121,1.0,1.0,0.0,0.0,0.0,0.0,150,3,Lloyd Kelly,Juventus,1.0
2026-27,ITA1,822440,monza,0.0,0.0,6.0,0.0,0.36000000000000004,0.36000000000000004,0.16,4,7.0,4,3,1.0,2,12,192,7.0,3.0,3.0,4.0,0.0,0.0,216,3,Michael Folorunsho,Monza,2.0
2026-27,ITA1,822589,parma,0.0,1.0,0.0,0.0,0.0,0.0,0.15,1,1.0,2,1,0.0,0,0,35,6.0,1.0,1.0,2.0,0.0,0.0,53,4,Pontus Almqvist,Parma,2.0
2026-27,ITA1,823113,torino,0.0,0.0,0.0,0.0,0.0,0.0,0.0,1,0.0,0,0,0.0,0,0,1,0.0,0.0,1.0,0.0,0.0,0.0,22,2,Sandro Kulenovic,Torino,3.0
2026-27,ITA1,823825,juventus,0.0,1.0,9.0,2.0,1.5699999999999998,1.5699999999999998,0.19,10,6.0,2,0,0.0,2,5,139,24.0,3.0,5.0,3.0,0.0,0.0,360,4,Randal Kolo Muani,Juventus,3.0
2026-27,ITA1,824635,lazio,0.0,0.0,0.0,0.0,0.0,0.0,0.0,0,0.0,0,0,0.0,3,1,8,0.0,0.0,0.0,0.0,0.0,0.0,6,1,Diogo Leite,Lazio,1.0
2026-27,ITA1,824655,monza,1.0,2.0,2.0,2.0,1.03,1.03,0.56,3,6.0,4,4,0.0,6,12,185,6.0,5.0,4.0,7.0,0.0,0.0,315,4,Ricardo Mangas,Monza,1.0
2026-27,ITA1,831474,fiorentina,0.0,0.0,0.0,0.0,0.0,0.0,0.0,3,0.0,0,0,0.0,7,3,51,0.0,0.0,1.0,0.0,0.0,0.0,62,2,Marin Pongračić,Fiorentina,1.0
2026-27,ITA1,833638,atalanta,1.0,0.0,5.0,3.0,0.67,0.67,0.09,2,1.0,0,0,1.0,1,2,81,18.0,4.0,2.0,3.0,0.0,0.0,119,4,Nikola Krstović,Atalanta,3.0
2026-27,ITA1,837341,napoli,0.0,0.0,2.0,0.0,0.31,0.31,0.27,0,0.0,3,0,0.0,1,1,86,7.0,1.0,1.0,2.0,0.0,0.0,125,3,Noa Lang,Napoli,3.0
2026-27,ITA1,837847,udinese,0.0,0.0,0.0,0.0,0.0,0.0,0.0,0,0.0,1,0,0.0,0,0,8,0.0,0.0,0.0,0.0,0.0,0.0,17,1,Giorgi Chakvetadze,Udinese,2.0
2026-27,ITA1,841672,juventus,1.0,0.0,8.0,3.0,0.31,0.31,0.30000000000000004,0,5.0,4,4,0.0,1,11,99,2.0,1.0,0.0,3.0,0.0,0.0,157,3,Nicolás González,Juventus,2.0
2026-27,ITA1,843099,napoli,0.0,0.0,2.0,1.0,0.31,0.31,0.02,3,0.0,0,2,2.0,3,3,74,8.0,2.0,1.0,3.0,0.0,0.0,146,2,Scott McTominay,Napoli,2.0
2026-27,ITA1,844996,milan,0.0,0.0,0.0,0.0,0.0,0.0,0.0,0,0.0,1,0,0.0,4,0,7,0.0,0.0,0.0,0.0,0.0,0.0,17,2,Matteo Gabbia,Milan,1.0
2026-27,ITA1,845368,venezia,1.0,0.0,12.0,4.0,0.9800000000000001,0.9800000000000001,0.49,2,4.0,7,0,0.0,0,12,160,18.0,7.0,0.0,7.0,0.0,0.0,295,4,John Yeboah,Venezia,3.0
2026-27,ITA1,846000,como,0.0,0.0,0.0,0.0,0.0,0.0,0.15,2,0.0,0,0,0.0,1,6,88,4.0,1.0,0.0,3.0,0.0,0.0,92,4,Maxence Caqueret,Como,2.0
2026-27,ITA1,846761,torino,0.0,0.0,2.0,0.0,0.36,0.36,0.02,2,0.0,0,0,0.0,0,2,15,3.0,0.0,0.0,0.0,0.0,0.0,26,2,Zakaria Aboukhlal,Torino,2.0
2026-27,ITA1,848266,juventus,0.0,0.0,2.0,0.0,0.13,0.13,0.04,0,1.0,0,0,0.0,2,0,59,4.0,2.0,0.0,0.0,0.0,0.0,90,1,Weston McKennie,Juventus,2.0
2026-27,ITA1,850295,frosinone,0.0,0.0,2.0,1.0,0.08,0.08,0.02,1,2.0,2,2,0.0,1,4,51,4.0,2.0,1.0,1.0,0.0,0.0,79,3,Alessio Zerbin,Frosinone,2.0
2026-27,ITA1,857269,juventus,1.0,0.0,3.0,1.0,0.5,0.5,0.34,6,1.0,6,7,1.0,20,15,271,9.0,1.0,11.0,5.0,0.0,0.0,360,4,Gleison Bremer,Juventus,1.0
2026-27,ITA1,860913,juventus,0.0,0.0,1.0,0.0,0.08,0.08,0.08,2,0.0,3,1,0.0,4,7,198,1.0,0.0,4.0,1.0,0.0,0.0,210,3,Jhon Lucumí,Juventus,1.0
2026-27,ITA1,862616,juventus,2.0,0.0,4.0,2.0,0.39,0.39,0.24,1,1.0,2,0,0.0,2,7,59,4.0,1.0,1.0,5.0,0.0,0.0,53,3,Edon Zhegrova,Juventus,3.0
2026-27,ITA1,866165,venezia,0.0,0.0,0.0,0.0,0.0,0.0,0.0,0,1.0,1,0,0.0,1,1,23,1.0,1.0,1.0,0.0,0.0,0.0,40,3,Lion Lauberbach,Venezia,3.0
2026-27,ITA1,866516,juventus,1.0,1.0,4.0,2.0,0.24000000000000002,0.24000000000000002,0.26,4,0.0,0,1,0.0,1,9,105,4.0,0.0,2.0,1.0,0.0,0.0,112,4,Teun Koopmeiners,Juventus,2.0
2026-27,ITA1,866708,udinese,0.0,0.0,0.0,0.0,0.0,0.0,0.05,2,3.0,3,5,2.0,11,13,161,0.0,3.0,3.0,2.0,0.0,0.0,218,3,Oumar Solet,Udinese,1.0
2026-27,ITA1,867225,juventus,0.0,0.0,1.0,0.0,0.04,0.04,0.45,3,1.0,10,5,0.0,4,9,225,8.0,3.0,4.0,4.0,0.0,0.0,337,4,Zeki Çelik,Juventus,2.0
2026-27,ITA1,867789,parma,0.0,0.0,2.0,1.0,0.04,0.04,1.07,1,2.0,6,3,1.0,7,14,180,9.0,2.0,2.0,8.0,0.0,0.0,360,4,Emanuele Valeri,Parma,2.0
2026-27,ITA1,873270,como,2.0,0.0,11.0,6.0,1.63,1.63,0.18,2,8.0,0,0,0.0,3,2,82,22.0,3.0,6.0,4.0,0.0,0.0,272,4,Anastasios Douvikas,Como,3.0
2026-27,ITA1,873956,bologna,0.0,1.0,0.0,0.0,0.0,0.0,0.45999999999999996,1,1.0,6,2,0.0,6,9,177,4.0,2.0,3.0,5.0,0.0,0.0,225,3,Juan Miranda,Bologna,1.0
2026-27,ITA1,875133,fiorentina,0.0,0.0,0.0,0.0,0.0,0.0,0.01,0,0.0,0,1,0.0,1,2,16,1.0,0.0,0.0,0.0,0.0,0.0,21,2,Pote,Fiorentina,3.0
2026-27,ITA1,879065,lecce,0.0,0.0,1.0,0.0,0.02,0.02,0.32,0,0.0,4,1,3.0,12,6,136,0.0,1.0,2.0,1.0,0.0,0.0,225,3,Antonino Gallo,Lecce,1.0
2026-27,ITA1,883824,lecce,0.0,0.0,2.0,1.0,0.43,0.43,0.04,4,1.0,1,0,0.0,0,1,46,4.0,2.0,2.0,0.0,0.0,0.0,128,2,Willem Geubbels,Lecce,3.0
2026-27,ITA1,888167,venezia,0.0,0.0,1.0,0.0,0.02,0.02,0.57,4,7.0,11,3,0.0,2,16,286,2.0,3.0,1.0,7.0,0.0,0.0,330,4,Kike Pérez,Venezia,2.0
2026-27,ITA1,888921,bologna,0.0,0.0,3.0,1.0,0.35,0.35,0.71,10,3.0,11,3,4.0,4,15,445,3.0,1.0,3.0,5.0,0.0,0.0,360,4,Lewis Ferguson,Bologna,2.0
2026-27,ITA1,889535,inter,1.0,0.0,3.0,1.0,0.2,0.2,0.18000000000000002,0,0.0,4,4,1.0,6,10,160,7.0,0.0,2.0,2.0,0.0,0.0,189,3,Yann Aurel Bisseck,Internazionale,1.0
2026-27,ITA1,902651,atalanta,0.0,0.0,1.0,0.0,0.03,0.03,0.31,3,2.0,4,3,3.0,11,12,163,2.0,3.0,1.0,1.0,0.0,0.0,192,3,Raoul Bellanova,Atalanta,2.0
2026-27,ITA1,914103,genoa,1.0,0.0,3.0,1.0,0.2,0.2,0.09,3,4.0,6,1,2.0,17,19,288,5.0,0.0,8.0,1.0,0.0,0.0,341,4,Johan Vásquez,Genoa,1.0
2026-27,ITA1,915156,lazio,0.0,0.0,0.0,0.0,0.0,0.0,0.01,0,0.0,0,0,0.0,2,37,183,0.0,0.0,2.0,0.0,14.0,3.0,360,4,Christos Mandas,Lazio,0.0
2026-27,ITA1,917464,monza,0.0,0.0,0.0,0.0,0.0,0.0,0.0,0,0.0,0,0,0.0,3,9,33,0.0,0.0,0.0,0.0,1.0,4.0,90,1,Semuel Pizzignacco,Monza,0.0
2026-27,ITA1,921341,milan,0.0,1.0,1.0,0.0,0.14,0.14,0.41,1,1.0,4,2,0.0,1,10,85,3.0,1.0,1.0,3.0,0.0,0.0,116,3,Alexis Saelemaekers,Milan,2.0
2026-27,ITA1,921543,genoa,0.0,0.0,2.0,1.0,0.08,0.08,0.1,2,4.0,7,14,3.0,9,13,246,2.0,1.0,4.0,4.0,0.0,0.0,360,4,Morten Frendrup,Genoa,2.0
2026-27,ITA1,921921,sassuolo,0.0,0.0,4.0,2.0,0.42000000000000004,0.42000000000000004,0.16,0,6.0,2,1,0.0,0,10,122,4.0,3.0,2.0,1.0,0.0,0.0,157,4,Kristian Thorstvedt,Sassuolo,2.0
2026-27,ITA1,924431,venezia,0.0,2.0,5.0,0.0,0.32999999999999996,0.32999999999999996,0.19,3,3.0,10,1,2.0,4,14,265,2.0,2.0,4.0,5.0,0.0,0.0,314,4,Gianluca Busio,Venezia,2.0
2026-27,ITA1,924610,cagliari,0.0,0.0,0.0,0.0,0.0,0.0,0.0,1,0.0,0,0,0.0,2,2,11,0.0,0.0,0.0,0.0,0.0,0.0,22,1,Yukinari Sugawara,Cagliari,1.0
2026-27,ITA1,933768,inter,0.0,0.0,2.0,0.0,0.06,0.06,0.2,1,2.0,3,1,0.0,3,9,118,9.0,3.0,1.0,1.0,0.0,0.0,98,3,Curtis Jones,Internazionale,2.0
2026-27,ITA1,934156,udinese,2.0,1.0,9.0,4.0,0.74,0.74,0.3,2,4.0,7,4,0.0,3,20,161,13.0,3.0,3.0,2.0,0.0,0.0,345,4,Jurgen Ekkelenkamp,Udinese,2.0
2026-27,ITA1,935380,parma,0.0,0.0,4.0,0.0,0.13,0.13,0.21000000000000002,1,1.0,3,7,4.0,8,15,223,9.0,2.0,5.0,4.0,0.0,0.0,360,4,Enrico Del Prato,Parma,1.0
2026-27,ITA1,935406,fiorentina,0.0,0.0,1.0,0.0,0.04,0.04,0.02,2,0.0,2,2,0.0,9,5,75,2.0,0.0,2.0,1.0,0.0,0.0,179,2,Luca Ranieri,Fiorentina,1.0
2026-27,ITA1,935550,bologna,0.0,0.0,1.0,0.0,0.08,0.08,0.19,5,2.0,2,3,5.0,16,13,358,5.0,0.0,6.0,3.0,0.0,0.0,360,4,Torbjørn Heggem,Bologna,1.0
2026-27,ITA1,935622,torino,0.0,0.0,0.0,0.0,0.0,0.0,0.08,1,1.0,1,0,1.0,0,1,27,1.0,0.0,0.0,1.0,0.0,0.0,70,1,Marcus Holmgren Pedersen,Torino,2.0
2026-27,ITA1,935769,sassuolo,0.0,1.0,16.0,4.0,1.08,1.08,0.88,2,3.0,2,0,0.0,0,12,208,23.0,6.0,1.0,5.0,0.0,0.0,360,4,Armand Laurienté,Sassuolo,3.0
2026-27,ITA1,936164,cagliari,0.0,2.0,4.0,2.0,0.33,0.33,0.33,3,1.0,2,1,0.0,4,18,178,4.0,2.0,4.0,8.0,0.0,0.0,360,4,Michel Ndary Adopo,Cagliari,2.0
2026-27,ITA1,936603,genoa,1.0,0.0,4.0,1.0,0.53,0.53,0.03,2,6.0,0,0,1.0,2,4,54,12.0,3.0,3.0,4.0,0.0,0.0,207,3,Milutin Osmajić,Genoa,3.0
2026-27,ITA1,937412,sassuolo,0.0,0.0,1.0,0.0,0.06,0.06,0.01,4,3.0,0,2,3.0,11,8,131,4.0,0.0,2.0,1.0,0.0,0.0,261,3,Jay Idzes,Sassuolo,1.0
2026-27,ITA1,937462,monza,1.0,0.0,6.0,4.0,0.9099999999999999,0.9099999999999999,0.46,0,2.0,0,2,0.0,2,8,105,5.0,3.0,2.0,6.0,0.0,0.0,254,4,Andrea Colpani,Monza,2.0
2026-27,ITA1,939569,juventus,0.0,0.0,2.0,0.0,0.08,0.08,0.05,0,0.0,3,0,0.0,0,3,20,2.0,0.0,1.0,1.0,0.0,0.0,57,1,Jonathan David,Juventus,3.0
2026-27,ITA1,939593,venezia,0.0,0.0,1.0,1.0,0.02,0.02,0.03,2,0.0,1,0,1.0,1,1,41,3.0,2.0,0.0,1.0,0.0,0.0,46,1,Thórir Helgason,Venezia,2.0
2026-27,ITA1,940087,milan,1.0,0.0,14.0,4.0,1.55,1.55,0.08,7,5.0,6,1,0.0,4,8,158,20.0,7.0,12.0,2.0,0.0,0.0,355,4,Gonçalo Ramos,Milan,3.0
2026-27,ITA1,940829,inter,1.0,1.0,2.0,2.0,0.08,0.08,0.16,1,0.0,1,2,0.0,7,5,101,2.0,0.0,7.0,3.0,0.0,0.0,118,2,Carlos Augusto,Internazionale,1.0
2026-27,ITA1,941656,como,0.0,0.0,1.0,1.0,0.05,0.05,0.06,0,0.0,1,0,0.0,0,0,23,0.0,0.0,0.0,2.0,0.0,0.0,20,2,Samuele Ricci,Como,2.0
2026-27,ITA1,941953,torino,0.0,0.0,2.0,1.0,0.28,0.28,0.05,4,1.0,3,3,3.0,21,10,293,2.0,0.0,4.0,1.0,0.0,0.0,310,4,Saúl Coco,Torino,1.0
2026-27,ITA1,942193,genoa,0.0,0.0,2.0,0.0,0.12,0.12,0.14,5,2.0,11,2,1.0,9,11,171,7.0,2.0,0.0,2.0,0.0,0.0,350,4,Mikael Egill Ellertsson,Genoa,2.0
2026-27,ITA1,942549,napoli,0.0,0.0,1.0,0.0,0.04,0.04,0.03,0,2.0,0,0,0.0,0,3,86,0.0,1.0,1.0,0.0,0.0,0.0,101,2,Billy Gilmour,Napoli,2.0
2026-27,ITA1,949731,cagliari,0.0,0.0,0.0,0.0,0.0,0.0,0.04,0,0.0,0,0,0.0,0,0,15,0.0,0.0,0.0,1.0,0.0,0.0,24,1,Gabriele Zappa,Cagliari,1.0
2026-27,ITA1,950596,fiorentina,0.0,0.0,1.0,1.0,0.01,0.01,0.05,1,0.0,2,3,0.0,2,5,52,3.0,1.0,0.0,0.0,0.0,0.0,127,4,Marco Brescianini,Fiorentina,2.0
2026-27,ITA1,951712,fiorentina,0.0,1.0,3.0,1.0,0.18,0.18,0.28,4,3.0,9,5,0.0,6,20,206,4.0,1.0,0.0,3.0,0.0,0.0,270,4,Nicolò Fagioli,Fiorentina,2.0
2026-27,ITA1,951714,parma,0.0,0.0,1.0,0.0,0.02,0.02,0.12,2,7.0,2,2,0.0,2,8,134,2.0,1.0,0.0,3.0,0.0,0.0,172,3,Adrián Bernabé,Parma,2.0
2026-27,ITA1,951743,atalanta,1.0,0.0,8.0,1.0,0.39,0.39,0.31,2,3.0,4,2,0.0,0,4,74,8.0,1.0,0.0,2.0,0.0,0.0,152,3,Giacomo Raspadori,Atalanta,2.0
2026-27,ITA1,951765,venezia,0.0,0.0,2.0,0.0,0.27,0.27,0.01,1,5.0,4,3,1.0,13,7,166,1.0,2.0,11.0,0.0,0.0,0.0,196,3,Armel Bella-Kotchap,Venezia,1.0
2026-27,ITA1,955376,napoli,0.0,0.0,0.0,0.0,0.0,0.0,0.0,0,0.0,0,0,0.0,1,1,8,0.0,0.0,1.0,0.0,0.0,0.0,10,1,Benoît Badiashile,Napoli,1.0
2026-27,ITA1,955947,monza,0.0,0.0,0.0,0.0,0.0,0.0,0.01,0,1.0,0,0,0.0,4,34,119,0.0,0.0,3.0,1.0,4.0,7.0,270,3,Demba Thiam,Monza,0.0
2026-27,ITA1,957107,cagliari,0.0,0.0,1.0,0.0,0.18,0.18,0.14,2,0.0,6,3,0.0,10,9,201,4.0,3.0,1.0,2.0,0.0,0.0,314,4,Zé Pedro,Cagliari,1.0
2026-27,ITA1,957118,lazio,0.0,1.0,7.0,2.0,0.19,0.19,0.21,2,6.0,6,1,0.0,7,17,255,9.0,1.0,1.0,5.0,0.0,0.0,255,4,Nuno Tavares,Lazio,1.0
2026-27,ITA1,957203,atalanta,1.0,0.0,4.0,3.0,0.13,0.13,0.13,3,9.0,2,2,0.0,3,15,231,4.0,6.0,0.0,2.0,0.0,0.0,327,4,Éderson,Atalanta,2.0
2026-27,ITA1,958421,fiorentina,0.0,0.0,0.0,0.0,0.0,0.0,0.16,3,7.0,4,2,0.0,7,10,143,0.0,1.0,0.0,2.0,0.0,0.0,176,3,João Mário,Fiorentina,1.0
2026-27,ITA1,958422,cagliari,0.0,0.0,0.0,0.0,0.0,0.0,0.0,0,0.0,0,0,0.0,4,39,178,0.0,0.0,3.0,0.0,13.0,2.0,360,4,Elia Caprile,Cagliari,0.0
2026-27,ITA1,958464,roma,0.0,0.0,1.0,0.0,0.15,0.15,0.02,1,1.0,2,5,1.0,6,6,81,1.0,0.0,6.0,0.0,0.0,0.0,113,2,Leonardo Balerdi,Roma,1.0
2026-27,ITA1,958640,venezia,1.0,0.0,12.0,4.0,1.1199999999999999,1.1199999999999999,0.060000000000000005,3,3.0,0,1,0.0,2,6,106,19.0,2.0,8.0,2.0,0.0,0.0,340,4,Akor Adams,Venezia,3.0
2026-27,ITA1,968029,parma,0.0,0.0,0.0,0.0,0.0,0.0,0.01,0,0.0,0,1,0.0,0,0,25,1.0,0.0,1.0,0.0,0.0,0.0,45,1,Lautaro Valenti,Parma,1.0
2026-27,ITA1,970565,lazio,0.0,0.0,2.0,0.0,0.06,0.06,0.45,5,4.0,7,4,0.0,1,17,210,5.0,3.0,1.0,6.0,0.0,0.0,344,4,Kenneth Taylor,Lazio,2.0
2026-27,ITA1,972120,lazio,0.0,1.0,0.0,0.0,0.0,0.0,0.19,2,0.0,0,0,0.0,0,3,48,1.0,1.0,2.0,4.0,0.0,0.0,159,2,Boulaye Dia,Lazio,3.0
2026-27,ITA1,975242,venezia,0.0,0.0,0.0,0.0,0.0,0.0,0.03,2,0.0,0,0,0.0,2,8,84,2.0,0.0,2.0,2.0,0.0,0.0,150,3,Simon Sohm,Venezia,2.0
2026-27,ITA1,982617,sassuolo,1.0,0.0,8.0,3.0,1.64,1.64,0.16999999999999998,4,6.0,2,1,0.0,2,4,81,15.0,0.0,1.0,5.0,0.0,0.0,269,4,Kieron Bowie,Sassuolo,3.0
2026-27,ITA1,992025,frosinone,0.0,0.0,1.0,0.0,0.01,0.01,0.02,1,1.0,0,0,0.0,1,1,24,0.0,1.0,2.0,1.0,0.0,0.0,30,2,Aleksa Terzic,Frosinone,1.0
2026-27,ITA1,992052,venezia,0.0,0.0,3.0,1.0,0.18,0.18,0.1,3,0.0,3,0,1.0,1,13,92,3.0,1.0,1.0,2.0,0.0,0.0,109,3,Thierry Correia,Venezia,1.0
2026-27,ITA1,1003368,genoa,0.0,0.0,6.0,0.0,0.33,0.33,0.29,0,4.0,8,1,2.0,3,5,84,8.0,3.0,4.0,4.0,0.0,0.0,125,4,Junior Messias,Genoa,2.0
2026-27,ITA1,1012842,atalanta,0.0,1.0,1.0,1.0,0.01,0.01,0.06,5,2.0,6,5,0.0,5,10,185,0.0,2.0,2.0,2.0,0.0,0.0,270,3,Gianluca Gaetano,Atalanta,2.0
2026-27,ITA1,1013021,atalanta,0.0,0.0,0.0,0.0,0.0,0.0,0.01,0,0.0,0,0,0.0,7,35,200,0.0,0.0,0.0,0.0,22.0,5.0,360,4,Marco Carnesecchi,Atalanta,0.0
2026-27,ITA1,1014496,atalanta,0.0,0.0,1.0,0.0,0.05,0.05,0.11,1,1.0,5,4,4.0,11,18,318,2.0,1.0,1.0,0.0,0.0,0.0,360,4,Odilon Kossounou,Atalanta,1.0
2026-27,ITA1,1014630,bologna,0.0,0.0,3.0,0.0,0.13,0.13,0.08,0,6.0,15,2,2.0,8,20,237,5.0,4.0,1.0,1.0,0.0,0.0,273,4,Emil Holm,Bologna,1.0
2026-27,ITA1,1014980,torino,0.0,0.0,0.0,0.0,0.0,0.0,0.26,0,3.0,3,0,0.0,2,5,59,2.0,1.0,1.0,1.0,0.0,0.0,65,2,Daniel Bragança,Torino,2.0
2026-27,ITA1,1016093,lazio,0.0,0.0,3.0,0.0,0.17,0.17,0.03,3,7.0,1,0,1.0,6,9,86,5.0,4.0,2.0,1.0,0.0,0.0,157,4,Gustav Isaksen,Lazio,3.0
2026-27,ITA1,1016132,roma,0.0,0.0,4.0,1.0,0.15,0.15,0.37,6,3.0,6,3,0.0,1,20,220,4.0,1.0,1.0,6.0,0.0,0.0,262,4,Manu Koné,Roma,2.0
2026-27,ITA1,1017401,bologna,1.0,0.0,7.0,2.0,0.87,0.87,0.05,3,6.0,1,1,0.0,3,3,73,13.0,3.0,2.0,1.0,0.0,0.0,268,4,Roberto Piccoli,Bologna,3.0
2026-27,ITA1,1020963,lazio,0.0,0.0,1.0,0.0,0.04,0.04,0.06,1,2.0,3,2,0.0,4,11,101,0.0,1.0,0.0,2.0,0.0,0.0,127,2,Nicolò Rovella,Lazio,2.0
2026-27,ITA1,1021302,cagliari,0.0,0.0,1.0,1.0,0.09,0.09,0.01,1,0.0,0,0,0.0,0,1,21,2.0,2.0,0.0,1.0,0.0,0.0,37,2,Mattia Felici,Cagliari,2.0
2026-27,ITA1,1024946,frosinone,0.0,0.0,1.0,1.0,0.14,0.14,0.04,0,0.0,1,0,0.0,0,1,9,4.0,1.0,0.0,1.0,0.0,0.0,19,1,Tomás Bobček,Frosinone,3.0
2026-27,ITA1,1027594,lecce,0.0,0.0,3.0,0.0,0.09,0.09,0.03,4,2.0,7,1,0.0,2,10,99,13.0,4.0,0.0,0.0,0.0,0.0,188,4,Konan N’Dri,Lecce,3.0
2026-27,ITA1,1030212,sassuolo,1.0,0.0,2.0,1.0,0.28,0.28,0.2,1,3.0,0,0,0.0,0,2,48,6.0,1.0,0.0,3.0,0.0,0.0,70,1,Sebastiano Esposito,Sassuolo,3.0
2026-27,ITA1,1030646,cagliari,0.0,0.0,2.0,0.0,0.08,0.08,0.0,1,2.0,2,1,0.0,0,2,28,3.0,3.0,4.0,0.0,0.0,0.0,36,2,Gennaro Borrelli,Cagliari,3.0
2026-27,ITA1,1036182,lecce,0.0,2.0,1.0,0.0,0.05,0.05,0.27,2,0.0,2,2,0.0,3,8,137,0.0,1.0,0.0,3.0,0.0,0.0,150,3,Ivan Ilić,Lecce,2.0
2026-27,ITA1,1039403,lecce,0.0,0.0,3.0,2.0,0.48000000000000004,0.48000000000000004,0.33,7,0.0,11,2,0.0,4,20,148,5.0,3.0,7.0,2.0,0.0,0.0,288,4,Santiago Pierotti,Lecce,3.0
2026-27,ITA1,1041508,lecce,0.0,0.0,0.0,0.0,0.0,0.0,0.01,0,0.0,1,0,0.0,6,5,69,0.0,1.0,0.0,0.0,0.0,0.0,135,2,Corrie Ndaba,Lecce,1.0
2026-27,ITA1,1044029,bologna,0.0,0.0,8.0,1.0,0.53,0.53,0.2,8,10.0,4,2,1.0,0,10,160,20.0,4.0,0.0,4.0,0.0,0.0,298,4,Nicolò Cambiaghi,Bologna,3.0
2026-27,ITA1,1048023,milan,0.0,0.0,3.0,1.0,0.26,0.26,0.06,2,5.0,12,1,1.0,18,15,332,7.0,2.0,9.0,0.0,0.0,0.0,360,4,Strahinja Pavlović,Milan,1.0
2026-27,ITA1,1050163,genoa,0.0,1.0,5.0,1.0,0.9400000000000001,0.15,0.55,5,6.0,3,1,2.0,2,2,89,10.0,5.0,2.0,5.0,0.0,0.0,300,4,Lorenzo Colombo,Genoa,3.0
2026-27,ITA1,1050178,atalanta,1.0,0.0,7.0,1.0,0.94,0.94,0.14,1,1.0,6,2,0.0,2,9,162,12.0,3.0,1.0,4.0,0.0,0.0,194,4,Lazar Samardžić,Atalanta,2.0
2026-27,ITA1,1053676,parma,0.0,0.0,1.0,0.0,0.1,0.1,0.0,3,2.0,3,0,0.0,4,2,73,1.0,2.0,0.0,0.0,0.0,0.0,90,1,Abdoulaye Ndiaye,Parma,1.0
2026-27,ITA1,1053714,atalanta,0.0,1.0,3.0,1.0,0.3,0.3,0.1,1,2.0,2,4,0.0,2,5,82,3.0,1.0,0.0,3.0,0.0,0.0,119,3,Nicola Zalewski,Atalanta,2.0
2026-27,ITA1,1054114,parma,0.0,0.0,4.0,3.0,0.4,0.4,0.05,2,5.0,1,0,2.0,3,10,92,4.0,1.0,7.0,1.0,0.0,0.0,315,4,El Bilal Touré,Parma,3.0
2026-27,ITA1,1055183,sassuolo,0.0,0.0,0.0,0.0,0.0,0.0,0.0,0,0.0,1,0,0.0,0,4,12,0.0,0.0,0.0,0.0,0.0,0.0,10,1,Andrea Ghion,Sassuolo,2.0
2026-27,ITA1,1072054,cagliari,2.0,0.0,9.0,3.0,1.65,0.86,0.31,4,6.0,4,4,1.0,2,12,189,14.0,7.0,1.0,4.0,0.0,0.0,310,4,Daniel Maldini,Cagliari,3.0
2026-27,ITA1,1072710,venezia,0.0,0.0,2.0,2.0,0.27,0.27,0.02,0,1.0,4,3,0.0,1,9,122,2.0,1.0,2.0,0.0,0.0,0.0,134,2,Bartol Franjic,Venezia,1.0
2026-27,ITA1,1076647,como,0.0,0.0,7.0,0.0,0.25,0.25,0.4,1,1.0,7,0,0.0,5,20,288,3.0,0.0,0.0,9.0,0.0,0.0,271,4,Lucas Da Cunha,Como,2.0
2026-27,ITA1,1078846,juventus,0.0,0.0,0.0,0.0,0.0,0.0,0.01,1,1.0,2,0,0.0,0,2,30,0.0,1.0,0.0,0.0,0.0,0.0,31,2,Andrea Cambiaso,Juventus,2.0
2026-27,ITA1,1079485,fiorentina,0.0,1.0,4.0,1.0,0.99,0.99,0.0,1,0.0,1,0,0.0,0,0,29,10.0,2.0,2.0,1.0,0.0,0.0,74,2,Beto,Fiorentina,3.0
2026-27,ITA1,1079501,sassuolo,1.0,0.0,1.0,1.0,0.64,0.64,0.0,2,0.0,0,0,1.0,0,3,70,1.0,0.0,0.0,1.0,0.0,0.0,90,1,Cas Odenthal,Sassuolo,1.0
2026-27,ITA1,1080669,bologna,0.0,0.0,1.0,0.0,0.04,0.04,0.0,0,0.0,3,0,0.0,1,1,57,2.0,0.0,0.0,0.0,0.0,0.0,87,2,Nadir Zortea,Bologna,1.0
2026-27,ITA1,1091193,udinese,0.0,0.0,0.0,0.0,0.0,0.0,0.01,0,1.0,0,0,0.0,7,44,196,0.0,0.0,0.0,0.0,19.0,10.0,360,4,Maduka Okoye,Udinese,0.0
2026-27,ITA1,1091907,lazio,0.0,0.0,0.0,0.0,0.0,0.0,0.01,0,2.0,0,0,0.0,0,1,27,0.0,1.0,0.0,0.0,0.0,0.0,54,1,Fisayo Dele-Bashiru,Lazio,2.0
2026-27,ITA1,1095432,atalanta,0.0,1.0,1.0,0.0,0.05,0.05,0.34,3,4.0,4,1,0.0,1,9,163,9.0,4.0,5.0,7.0,0.0,0.0,265,4,Charles De Ketelaere,Atalanta,2.0
2026-27,ITA1,1106074,milan,0.0,0.0,1.0,1.0,0.31,0.31,0.2,5,3.0,5,2,1.0,10,13,313,1.0,0.0,6.0,4.0,0.0,0.0,341,4,Mario Gila,Milan,1.0
2026-27,ITA1,1106563,juventus,0.0,0.0,3.0,0.0,0.27,0.27,0.02,2,3.0,0,0,0.0,0,2,20,4.0,0.0,0.0,0.0,0.0,0.0,44,2,Nick Woltemade,Juventus,3.0
2026-27,ITA1,1106916,udinese,0.0,0.0,0.0,0.0,0.0,0.0,0.01,0,2.0,0,0,0.0,0,2,19,1.0,0.0,0.0,0.0,0.0,0.0,45,3,Oier Zarraga,Udinese,2.0
2026-27,ITA1,1107280,juventus,0.0,0.0,0.0,0.0,0.0,0.0,0.01,0,0.0,0,0,0.0,0,2,21,0.0,0.0,0.0,0.0,0.0,0.0,19,1,Pape Sarr,Juventus,2.0
2026-27,ITA1,1107286,fiorentina,0.0,0.0,3.0,1.0,0.11,0.11,0.01,1,0.0,0,0,0.0,1,1,46,5.0,1.0,0.0,0.0,0.0,0.0,75,2,Wilfried Gnonto,Fiorentina,3.0
2026-27,ITA1,1109171,como,0.0,1.0,5.0,3.0,0.24000000000000002,0.24000000000000002,0.5,1,0.0,3,2,0.0,6,13,286,6.0,1.0,0.0,5.0,0.0,0.0,327,4,Yan Couto,Como,2.0
2026-27,ITA1,1110044,monza,1.0,0.0,2.0,1.0,0.06,0.06,0.07,3,0.0,1,0,0.0,0,0,24,0.0,1.0,1.0,0.0,0.0,0.0,26,1,Exequiel Zeballos,Monza,3.0
2026-27,ITA1,1112684,torino,0.0,0.0,0.0,0.0,0.0,0.0,0.0,0,0.0,1,0,1.0,1,1,17,0.0,0.0,0.0,0.0,0.0,0.0,34,1,Nathan Patterson,Torino,1.0
2026-27,ITA1,1113694,atalanta,0.0,0.0,3.0,0.0,0.09,0.09,0.1,0,3.0,3,0,0.0,0,2,66,6.0,3.0,1.0,2.0,0.0,0.0,90,1,Jonathan Rowe,Atalanta,3.0
2026-27,ITA1,1113694,bologna,0.0,0.0,1.0,1.0,0.34,0.34,0.0,1,2.0,0,0,0.0,0,2,17,2.0,0.0,0.0,0.0,0.0,0.0,30,1,Jonathan Rowe,Bologna,3.0
2026-27,ITA1,1114635,inter,0.0,0.0,1.0,0.0,0.04,0.04,0.04,0,1.0,1,2,0.0,0,10,95,2.0,2.0,0.0,0.0,0.0,0.0,96,2,Luis Henrique,Internazionale,2.0
2026-27,ITA1,1117058,frosinone,0.0,0.0,4.0,1.0,0.27,0.27,0.05,5,1.0,8,3,1.0,18,1,102,7.0,1.0,7.0,3.0,0.0,0.0,213,4,Ilario Monterisi,Frosinone,1.0
2026-27,ITA1,1117310,parma,0.0,0.0,0.0,0.0,0.0,0.0,0.01,0,0.0,0,0,0.0,3,36,182,0.0,0.0,0.0,0.0,17.0,6.0,360,4,Edoardo Corvi,Parma,0.0
2026-27,ITA1,1123969,monza,0.0,0.0,4.0,2.0,0.47000000000000003,0.47000000000000003,0.30000000000000004,4,1.0,4,5,2.0,8,12,286,7.0,0.0,15.0,2.0,0.0,0.0,351,4,Andrea Carboni,Monza,1.0
2026-27,ITA1,1130330,sassuolo,1.0,0.0,4.0,1.0,0.18,0.18,0.12000000000000001,4,2.0,7,5,2.0,14,7,190,7.0,2.0,2.0,4.0,0.0,0.0,321,4,Josh Doig,Sassuolo,1.0
2026-27,ITA1,1130600,venezia,0.0,0.0,0.0,0.0,0.0,0.0,0.0,0,0.0,0,0,0.0,5,48,252,0.0,0.0,0.0,0.0,17.0,11.0,360,4,Filip Stanković,Venezia,0.0
2026-27,ITA1,1131217,juventus,0.0,0.0,1.0,1.0,0.06,0.06,0.32,1,3.0,8,4,1.0,12,17,295,7.0,0.0,2.0,3.0,0.0,0.0,360,4,Pierre Kalulu,Juventus,1.0
2026-27,ITA1,1135820,frosinone,0.0,0.0,0.0,0.0,0.0,0.0,0.0,1,0.0,2,0,0.0,0,1,7,0.0,0.0,1.0,0.0,0.0,0.0,12,2,Daniel Bîrligea,Frosinone,3.0
2026-27,ITA1,1137272,milan,0.0,0.0,1.0,0.0,0.34,0.34,0.08,1,6.0,3,3,0.0,3,18,200,3.0,1.0,1.0,1.0,0.0,0.0,315,4,Yunus Musah,Milan,2.0
2026-27,ITA1,1146500,lazio,1.0,0.0,6.0,3.0,0.49,0.49,0.72,5,1.0,4,1,0.0,1,5,98,9.0,2.0,1.0,5.0,0.0,0.0,203,4,Matteo Cancellieri,Lazio,3.0
2026-27,ITA1,1159233,cagliari,0.0,0.0,4.0,1.0,0.16,0.16,0.03,3,2.0,4,0,0.0,0,5,60,7.0,4.0,1.0,3.0,0.0,0.0,90,3,Alieu Fadera,Cagliari,3.0
2026-27,ITA1,1163219,milan,0.0,0.0,1.0,1.0,0.5,0.5,0.05,2,0.0,0,0,0.0,1,3,77,3.0,0.0,0.0,2.0,0.0,0.0,80,3,Ardon Jashari,Milan,2.0
2026-27,ITA1,1163501,milan,0.0,0.0,0.0,0.0,0.0,0.0,0.0,0,1.0,0,0,0.0,1,0,6,0.0,0.0,1.0,0.0,0.0,0.0,2,1,Filippo Terracciano,Milan,1.0
2026-27,ITA1,1165232,cagliari,0.0,0.0,0.0,0.0,0.0,0.0,0.0,1,0.0,0,0,0.0,1,0,4,0.0,0.0,0.0,0.0,0.0,0.0,3,1,Giuseppe Aurelio,Cagliari,2.0
2026-27,ITA1,1166344,cagliari,0.0,0.0,0.0,0.0,0.0,0.0,0.0,1,1.0,0,0,0.0,2,2,18,0.0,2.0,4.0,0.0,0.0,0.0,44,2,Kevin Carlos,Cagliari,3.0
2026-27,ITA1,1167529,sassuolo,0.0,0.0,0.0,0.0,0.0,0.0,0.01,0,1.0,3,0,0.0,3,1,46,0.0,0.0,0.0,0.0,0.0,0.0,39,2,Rafael Obrador,Sassuolo,2.0
2026-27,ITA1,1173250,bologna,0.0,0.0,2.0,0.0,0.07,0.07,0.01,1,1.0,1,3,1.0,10,5,140,3.0,1.0,2.0,0.0,0.0,0.0,180,2,Arthur Theate,Bologna,1.0
2026-27,ITA1,1178314,lecce,0.0,0.0,5.0,2.0,1.04,1.04,0.09999999999999999,4,2.0,0,0,0.0,2,6,70,12.0,4.0,3.0,0.0,0.0,0.0,216,4,Nikola Štulić,Lecce,3.0
2026-27,ITA1,1180321,roma,0.0,0.0,0.0,0.0,0.0,0.0,0.0,0,0.0,0,0,0.0,0,1,4,0.0,0.0,0.0,0.0,0.0,0.0,2,1,Devyne Rensch,Roma,2.0
2026-27,ITA1,1185260,lecce,0.0,0.0,1.0,0.0,0.17,0.17,0.26,1,2.0,6,7,1.0,23,8,165,1.0,2.0,4.0,2.0,0.0,0.0,294,4,Jamil Siebert,Lecce,1.0
2026-27,ITA1,1185336,juventus,0.0,1.0,10.0,4.0,0.99,0.99,0.95,10,4.0,2,1,0.0,0,12,210,26.0,3.0,0.0,8.0,0.0,0.0,293,4,Francisco Conceição,Juventus,3.0
2026-27,ITA1,1186228,lazio,0.0,0.0,0.0,0.0,0.0,0.0,0.0,0,0.0,0,1,1.0,3,5,34,0.0,0.0,0.0,0.0,0.0,0.0,84,1,Josip Šutalo,Lazio,1.0
2026-27,ITA1,1187691,lecce,0.0,0.0,1.0,0.0,0.02,0.02,0.02,4,0.0,6,1,0.0,3,2,81,1.0,2.0,7.0,1.0,0.0,0.0,140,2,Joël Monteiro,Lecce,3.0
2026-27,ITA1,1189223,frosinone,0.0,1.0,3.0,0.0,0.06,0.06,0.66,5,5.0,14,7,4.0,12,18,173,5.0,0.0,3.0,1.0,0.0,0.0,301,4,Patrizio Masini,Frosinone,2.0
2026-27,ITA1,1189288,juventus,1.0,0.0,1.0,1.0,0.27,0.27,0.0,0,0.0,0,0,0.0,0,0,3,1.0,0.0,0.0,0.0,0.0,0.0,2,1,Federico Gatti,Juventus,1.0
2026-27,ITA1,1189402,monza,0.0,0.0,1.0,0.0,0.05,0.05,0.0,0,0.0,0,0,0.0,0,2,17,0.0,1.0,0.0,0.0,0.0,0.0,20,1,Nicolas Galazzi,Monza,2.0
2026-27,ITA1,1190023,monza,0.0,0.0,2.0,0.0,0.1,0.1,0.1,0,2.0,0,0,0.0,0,2,61,3.0,0.0,1.0,4.0,0.0,0.0,95,4,Omari Forson,Monza,2.0
2026-27,ITA1,1190371,parma,0.0,0.0,1.0,0.0,0.17,0.17,0.03,2,2.0,1,1,0.0,0,1,17,3.0,0.0,1.0,2.0,0.0,0.0,80,2,Matija Frigan,Parma,3.0
2026-27,ITA1,1191093,atalanta,0.0,0.0,1.0,0.0,0.03,0.03,0.05,0,0.0,0,0,0.0,0,1,74,1.0,0.0,0.0,1.0,0.0,0.0,93,2,Lorenzo Bernasconi,Atalanta,2.0
2026-27,ITA1,1199272,napoli,2.0,0.0,7.0,4.0,0.72,0.72,0.03,2,2.0,0,0,0.0,4,2,76,12.0,3.0,5.0,1.0,0.0,0.0,305,4,Rasmus Højlund,Napoli,3.0
2026-27,ITA1,1199383,inter,1.0,0.0,3.0,2.0,0.97,0.97,0.01,1,1.0,6,3,0.0,1,1,55,7.0,1.0,1.0,0.0,0.0,0.0,67,3,Ange-Yoan Bonny,Internazionale,3.0
2026-27,ITA1,1200591,genoa,0.0,0.0,9.0,1.0,1.01,1.01,0.06,2,0.0,4,1,0.0,3,5,130,11.0,2.0,1.0,2.0,0.0,0.0,255,4,Tommaso Baldanzi,Genoa,2.0
2026-27,ITA1,1200630,milan,0.0,0.0,3.0,0.0,0.38,0.38,0.02,7,1.0,8,5,2.0,22,19,273,6.0,1.0,9.0,0.0,0.0,0.0,360,4,Koni De Winter,Milan,1.0
2026-27,ITA1,1202114,lecce,0.0,0.0,0.0,0.0,0.0,0.0,0.0,0,0.0,0,0,0.0,0,0,1,0.0,0.0,0.0,0.0,0.0,0.0,1,1,Omri Gandelman,Lecce,2.0
2026-27,ITA1,1202358,atalanta,0.0,0.0,1.0,0.0,0.04,0.04,0.05,5,2.0,6,2,2.0,13,10,310,3.0,1.0,8.0,0.0,0.0,0.0,360,4,Giorgio Scalvini,Atalanta,1.0
2026-27,ITA1,1203195,sassuolo,0.0,1.0,0.0,0.0,0.0,0.0,0.03,3,0.0,6,4,4.0,13,10,176,1.0,0.0,9.0,1.0,0.0,0.0,286,4,Fedde Leysen,Sassuolo,1.0
2026-27,ITA1,1203661,fiorentina,0.0,1.0,2.0,0.0,0.17,0.17,0.11,6,4.0,4,11,5.0,26,13,162,3.0,0.0,10.0,1.0,0.0,0.0,360,4,Radu Drăgușin,Fiorentina,1.0
2026-27,ITA1,1206806,lecce,0.0,0.0,1.0,1.0,0.26,0.26,0.01,4,3.0,11,2,1.0,21,7,169,1.0,0.0,3.0,0.0,0.0,0.0,246,3,Kialonda Gaspar,Lecce,1.0
2026-27,ITA1,1210653,cagliari,0.0,0.0,1.0,0.0,0.03,0.03,0.1,0,0.0,0,0,0.0,0,2,14,2.0,0.0,0.0,0.0,0.0,0.0,7,1,Riccardo Ciervo,Cagliari,2.0
2026-27,ITA1,1210653,sassuolo,0.0,0.0,0.0,0.0,0.0,0.0,0.0,0,0.0,0,0,0.0,0,0,4,1.0,0.0,0.0,0.0,0.0,0.0,2,1,Riccardo Ciervo,Sassuolo,2.0
2026-27,ITA1,1212630,napoli,0.0,0.0,2.0,1.0,0.27,0.27,0.03,3,0.0,0,2,0.0,1,2,34,5.0,5.0,5.0,3.0,0.0,0.0,55,4,Lorenzo Lucca,Napoli,3.0
2026-27,ITA1,1214915,genoa,0.0,0.0,1.0,0.0,0.03,0.03,0.1,0,1.0,0,0,1.0,5,8,99,1.0,4.0,0.0,4.0,0.0,0.0,180,2,Brooke Norton-Cuffy,Genoa,2.0
2026-27,ITA1,1215057,genoa,0.0,0.0,6.0,3.0,0.37,0.37,0.05,0,4.0,3,1,1.0,1,14,101,9.0,6.0,1.0,0.0,0.0,0.0,218,4,Vítinha,Genoa,3.0
2026-27,ITA1,1215064,como,2.0,1.0,8.0,3.0,0.56,0.56,0.86,2,5.0,2,0,0.0,0,12,171,16.0,3.0,0.0,4.0,0.0,0.0,224,4,Martin Baturina,Como,3.0
2026-27,ITA1,1215652,milan,0.0,0.0,1.0,1.0,0.01,0.01,0.0,0,1.0,0,0,0.0,0,0,15,0.0,0.0,0.0,0.0,0.0,0.0,13,1,Omari Hutchinson,Milan,3.0
2026-27,ITA1,1218556,torino,0.0,0.0,2.0,0.0,0.04,0.04,0.6900000000000001,1,4.0,3,3,0.0,3,13,231,2.0,2.0,0.0,6.0,0.0,0.0,329,4,Kian Fitz-Jim,Torino,2.0
2026-27,ITA1,1224237,fiorentina,2.0,0.0,5.0,2.0,0.7,0.7,0.10999999999999999,2,9.0,1,0,1.0,2,4,120,17.0,9.0,9.0,5.0,0.0,0.0,286,4,Mateo Pellegrino,Fiorentina,3.0
2026-27,ITA1,1231029,torino,0.0,1.0,0.0,0.0,0.0,0.0,0.01,0,0.0,0,0,0.0,3,2,48,2.0,0.0,0.0,1.0,0.0,0.0,79,2,Rafik Belghali,Torino,2.0
2026-27,ITA1,1233748,parma,1.0,0.0,7.0,6.0,0.79,0.79,0.01,1,3.0,1,1,0.0,0,5,44,9.0,3.0,2.0,0.0,0.0,0.0,109,3,David Romero,Parma,3.0
2026-27,ITA1,1235421,frosinone,0.0,1.0,6.0,1.0,0.22999999999999998,0.22999999999999998,0.21,6,7.0,10,7,0.0,16,25,199,4.0,4.0,3.0,1.0,0.0,0.0,293,4,Anthony Oyono,Frosinone,1.0
2026-27,ITA1,1239749,parma,0.0,0.0,1.0,0.0,0.05,0.05,0.25,2,12.0,3,5,0.0,3,12,182,3.0,6.0,0.0,3.0,0.0,0.0,345,4,Mandela Keita,Parma,2.0
2026-27,ITA1,1246009,fiorentina,0.0,0.0,5.0,1.0,0.17,0.17,0.59,5,2.0,5,3,1.0,2,15,173,12.0,2.0,3.0,5.0,0.0,0.0,308,4,Cher Ndour,Fiorentina,2.0
2026-27,ITA1,1250568,frosinone,0.0,0.0,0.0,0.0,0.0,0.0,0.0,0,0.0,1,0,0.0,1,1,3,0.0,0.0,1.0,0.0,0.0,0.0,2,1,Wisdom Amey,Frosinone,1.0
2026-27,ITA1,1254297,inter,0.0,3.0,3.0,1.0,0.12,0.12,1.4300000000000002,1,0.0,4,2,0.0,3,6,163,16.0,2.0,2.0,13.0,0.0,0.0,255,3,Andy Diouf,Internazionale,2.0
2026-27,ITA1,1256534,frosinone,4.0,0.0,8.0,4.0,1.7599999999999998,1.7599999999999998,0.06,6,5.0,1,1,1.0,0,5,84,12.0,3.0,4.0,3.0,0.0,0.0,329,4,Antonio Raimondo,Frosinone,3.0
2026-27,ITA1,1258292,udinese,0.0,0.0,0.0,0.0,0.0,0.0,0.0,1,0.0,1,0,0.0,3,2,29,1.0,0.0,0.0,0.0,0.0,0.0,52,3,Nicolò Bertola,Udinese,1.0
2026-27,ITA1,1269329,udinese,1.0,0.0,1.0,1.0,0.34,0.34,0.14,7,4.0,5,1,6.0,16,15,193,1.0,3.0,2.0,1.0,0.0,0.0,346,4,James Abankwah,Udinese,1.0
2026-27,ITA1,1274060,roma,0.0,0.0,0.0,0.0,0.0,0.0,0.0,0,0.0,0,0,0.0,0,0,11,0.0,0.0,0.0,0.0,0.0,0.0,11,1,Neil El Aynaoui,Roma,2.0
2026-27,ITA1,1276505,parma,0.0,0.0,1.0,0.0,0.11,0.11,0.0,2,1.0,2,1,0.0,0,0,17,1.0,0.0,0.0,0.0,0.0,0.0,55,2,Giovanni Fabbian,Parma,2.0
2026-27,ITA1,1280082,roma,2.0,1.0,14.0,7.0,1.6600000000000001,1.6600000000000001,0.33,1,2.0,4,3,0.0,1,17,174,20.0,2.0,2.0,4.0,0.0,0.0,189,4,Matias Soulé,Roma,2.0
2026-27,ITA1,1282008,roma,0.0,0.0,7.0,0.0,0.69,0.69,0.15,5,2.0,1,1,0.0,1,2,49,12.0,1.0,3.0,2.0,0.0,0.0,105,4,Santiago Castro,Roma,3.0
2026-27,ITA1,1282285,lazio,1.0,0.0,3.0,2.0,0.98,0.98,0.13,1,2.0,0,0,0.0,3,1,44,7.0,2.0,0.0,0.0,0.0,0.0,106,3,Tijjani Noslin,Lazio,3.0
2026-27,ITA1,1283469,bologna,0.0,0.0,0.0,0.0,0.0,0.0,0.05,1,2.0,1,1,1.0,0,1,64,3.0,1.0,0.0,1.0,0.0,0.0,79,1,Oussama El Azzouzi,Bologna,2.0
2026-27,ITA1,1289655,frosinone,0.0,0.0,0.0,0.0,0.0,0.0,0.0,0,1.0,0,0,0.0,6,35,157,0.0,0.0,2.0,1.0,14.0,4.0,360,4,Lorenzo Palmisani,Frosinone,0.0
2026-27,ITA1,1289961,cagliari,0.0,0.0,3.0,2.0,0.11,0.11,0.18,1,0.0,9,4,2.0,8,18,219,6.0,0.0,1.0,4.0,0.0,0.0,357,4,Adam Obert,Cagliari,1.0
2026-27,ITA1,1290968,venezia,1.0,1.0,5.0,1.0,0.39,0.39,1.1400000000000001,9,3.0,6,2,0.0,9,17,280,11.0,3.0,10.0,7.0,0.0,0.0,355,4,Antoine Hainaut,Venezia,2.0
2026-27,ITA1,1298186,venezia,0.0,0.0,1.0,0.0,0.1,0.1,0.01,5,1.0,3,1,1.0,10,3,79,1.0,0.0,8.0,0.0,0.0,0.0,136,2,Redouane Halhal,Venezia,1.0
2026-27,ITA1,1299869,lecce,0.0,0.0,0.0,0.0,0.0,0.0,0.0,1,0.0,0,0,0.0,0,0,0,0.0,0.0,0.0,0.0,0.0,0.0,5,1,Mohamed Kaba,Lecce,2.0
2026-27,ITA1,1301633,torino,0.0,0.0,0.0,0.0,0.0,0.0,0.48,0,1.0,1,0,0.0,0,3,36,0.0,0.0,0.0,1.0,0.0,0.0,54,2,Emirhan İlkhan,Torino,2.0
2026-27,ITA1,1306664,lecce,0.0,1.0,0.0,0.0,0.0,0.0,0.36,4,6.0,10,4,2.0,11,16,256,2.0,5.0,2.0,2.0,0.0,0.0,360,4,Danilo Veiga,Lecce,1.0
2026-27,ITA1,1307957,lazio,0.0,0.0,1.0,0.0,0.03,0.03,0.12000000000000001,6,1.0,9,5,3.0,8,15,216,3.0,1.0,3.0,2.0,0.0,0.0,325,4,Romano Floriani Mussolini,Lazio,2.0
2026-27,ITA1,1308909,sassuolo,1.0,0.0,5.0,4.0,0.24,0.24,0.49,3,3.0,3,0,0.0,2,7,106,8.0,1.0,1.0,8.0,0.0,0.0,186,3,Cristian Volpato,Sassuolo,3.0
2026-27,ITA1,1311977,lecce,0.0,0.0,2.0,0.0,0.08,0.08,0.03,1,1.0,2,1,0.0,1,1,43,5.0,2.0,0.0,1.0,0.0,0.0,79,3,Amar Fatah,Lecce,3.0
2026-27,ITA1,1313884,napoli,0.0,0.0,2.0,0.0,0.16999999999999998,0.16999999999999998,0.05,9,3.0,8,3,4.0,16,11,257,2.0,0.0,2.0,1.0,0.0,0.0,351,4,Rafa Marín,Napoli,1.0
2026-27,ITA1,1316088,sassuolo,0.0,0.0,1.0,0.0,0.02,0.02,0.01,1,2.0,1,0,0.0,0,2,40,3.0,4.0,0.0,0.0,0.0,0.0,66,3,Benja Domínguez,Sassuolo,3.0
2026-27,ITA1,1320176,roma,0.0,1.0,1.0,0.0,0.03,0.03,1.33,2,3.0,8,0,0.0,1,14,198,15.0,6.0,2.0,13.0,0.0,0.0,240,3,Wesley,Roma,2.0
2026-27,ITA1,1320863,napoli,1.0,1.0,2.0,1.0,0.17,0.17,0.36,1,2.0,11,2,1.0,2,9,83,10.0,12.0,1.0,2.0,0.0,0.0,130,3,Antonio Vergara,Napoli,2.0
2026-27,ITA1,1327513,frosinone,0.0,0.0,1.0,0.0,0.07,0.07,0.03,6,1.0,10,10,1.0,21,7,132,1.0,1.0,13.0,1.0,0.0,0.0,230,4,Giorgio Cittadini,Frosinone,
2026-27,ITA1,1329487,cagliari,0.0,1.0,4.0,1.0,0.14,0.14,0.35,3,3.0,4,4,0.0,3,15,157,5.0,9.0,0.0,4.0,0.0,0.0,241,4,Jacopo Fazzini,Cagliari,2.0
2026-27,ITA1,1332538,lecce,0.0,0.0,3.0,0.0,0.07,0.07,0.05,3,0.0,9,4,0.0,2,18,154,0.0,4.0,1.0,2.0,0.0,0.0,231,4,Oumar Ngom,Lecce,2.0
2026-27,ITA1,1333066,bologna,0.0,0.0,2.0,0.0,0.25,0.25,0.04,3,1.0,4,2,2.0,2,6,129,7.0,1.0,1.0,3.0,0.0,0.0,135,2,Rahim Alhassane,Bologna,1.0
2026-27,ITA1,1333331,lazio,0.0,0.0,1.0,0.0,0.15,0.15,0.05,10,1.0,4,4,3.0,12,10,240,2.0,0.0,4.0,1.0,0.0,0.0,360,4,Oliver Provstgaard,Lazio,1.0
2026-27,ITA1,1336582,como,0.0,1.0,4.0,0.0,0.34,0.34,0.2,3,1.0,4,2,1.0,4,11,269,4.0,2.0,1.0,7.0,0.0,0.0,249,4,Máximo Perrone,Como,2.0
2026-27,ITA1,1337884,roma,0.0,0.0,0.0,0.0,0.0,0.0,0.0,0,0.0,1,0,0.0,0,2,17,1.0,0.0,0.0,0.0,0.0,0.0,22,1,Konstantinos Koulierakis,Roma,1.0
2026-27,ITA1,1339372,torino,0.0,0.0,0.0,0.0,0.0,0.0,0.0,1,1.0,2,0,0.0,1,5,24,1.0,1.0,2.0,0.0,0.0,0.0,70,1,Cesare Casadei,Torino,2.0
2026-27,ITA1,1342748,frosinone,2.0,1.0,10.0,4.0,1.04,1.04,0.5599999999999999,2,6.0,7,0,1.0,2,17,158,22.0,6.0,0.0,10.0,0.0,0.0,357,4,Giorgi Kvernadze,Frosinone,3.0
2026-27,ITA1,1342754,milan,2.0,0.0,4.0,2.0,0.27,0.27,0.12000000000000001,1,1.0,2,1,0.0,2,3,101,7.0,1.0,0.0,0.0,0.0,0.0,106,2,Diego Moreira,Milan,2.0
2026-27,ITA1,1344246,bologna,0.0,0.0,1.0,0.0,0.05,0.05,0.08,0,0.0,0,0,0.0,0,0,3,2.0,0.0,1.0,1.0,0.0,0.0,8,1,Jay Enem,Bologna,3.0
2026-27,ITA1,1347574,como,1.0,1.0,17.0,3.0,1.21,1.21,0.42,9,5.0,17,2,0.0,0,12,316,23.0,3.0,1.0,6.0,0.0,0.0,330,4,Nico Paz,Como,2.0
2026-27,ITA1,1352744,venezia,0.0,0.0,0.0,0.0,0.0,0.0,0.03,2,0.0,8,2,1.0,8,19,273,2.0,0.0,3.0,2.0,0.0,0.0,360,4,Joël Schingtienne,Venezia,1.0
2026-27,ITA1,1353289,como,0.0,0.0,0.0,0.0,0.0,0.0,0.0,1,1.0,2,2,0.0,4,1,29,0.0,0.0,0.0,0.0,0.0,0.0,33,2,Ivan Smolcic,Como,1.0
2026-27,ITA1,1354177,parma,0.0,0.0,0.0,0.0,0.0,0.0,0.0,1,2.0,2,0,0.0,0,1,27,1.0,1.0,1.0,0.0,0.0,0.0,34,2,Benjamín Cremaschi,Parma,2.0
2026-27,ITA1,1355552,napoli,0.0,0.0,8.0,1.0,0.21000000000000002,0.21000000000000002,0.27,0,1.0,2,0,0.0,3,3,88,6.0,1.0,0.0,2.0,0.0,0.0,180,3,Alisson Santos,Napoli,2.0
2026-27,ITA1,1367618,inter,2.0,1.0,13.0,5.0,2.17,2.17,0.25,2,8.0,1,0,0.0,2,4,130,27.0,6.0,8.0,4.0,0.0,0.0,290,4,Francesco Pio Esposito,Internazionale,3.0
2026-27,ITA1,1369279,sassuolo,0.0,0.0,0.0,0.0,0.0,0.0,0.04,2,0.0,2,2,0.0,2,5,58,3.0,2.0,0.0,0.0,0.0,0.0,116,3,Luca Lipani,Sassuolo,2.0
2026-27,ITA1,1379468,venezia,0.0,0.0,4.0,1.0,0.36,0.36,0.0,1,0.0,2,1,0.0,0,2,33,3.0,3.0,2.0,0.0,0.0,0.0,60,3,Albion Rrahmani,Venezia,3.0
2026-27,ITA1,1382000,inter,0.0,0.0,0.0,0.0,0.0,0.0,0.29,0,2.0,3,0,1.0,0,10,113,5.0,1.0,1.0,1.0,0.0,0.0,146,3,Petar Sučić,Internazionale,2.0
2026-27,ITA1,1382375,sassuolo,2.0,1.0,9.0,4.0,1.6600000000000001,1.6600000000000001,0.16,3,1.0,3,1,0.0,3,3,102,14.0,2.0,1.0,10.0,0.0,0.0,203,4,Vasilije Adžić,Sassuolo,2.0
2026-27,ITA1,1384881,como,0.0,1.0,5.0,1.0,0.14,0.14,0.26,3,2.0,2,5,3.0,3,12,223,6.0,3.0,1.0,7.0,0.0,0.0,270,3,Álex Valle,Como,1.0
2026-27,ITA1,1385856,milan,0.0,0.0,0.0,0.0,0.0,0.0,0.44000000000000006,1,1.0,4,1,0.0,4,5,82,3.0,2.0,2.0,4.0,0.0,0.0,111,2,Davide Bartesaghi,Milan,2.0
2026-27,ITA1,1386006,roma,0.0,0.0,0.0,0.0,0.0,0.0,0.03,1,2.0,7,0,0.0,3,6,106,2.0,0.0,4.0,0.0,0.0,0.0,118,2,Daniele Ghilardi,Roma,1.0
2026-27,ITA1,1388039,venezia,1.0,0.0,3.0,1.0,1.1,1.1,0.060000000000000005,1,2.0,1,1,0.0,2,6,67,4.0,3.0,2.0,0.0,0.0,0.0,148,3,Richie Sagrado,Venezia,2.0
2026-27,ITA1,1388071,lazio,0.0,0.0,0.0,0.0,0.0,0.0,0.1,3,1.0,9,2,0.0,2,19,154,0.0,1.0,1.0,2.0,0.0,0.0,233,3,Reda Belahyane,Lazio,2.0
2026-27,ITA1,1393542,parma,0.0,0.0,3.0,0.0,0.16,0.16,0.34,1,7.0,6,2,1.0,4,9,123,2.0,2.0,0.0,2.0,0.0,0.0,196,3,Christian Ordóñez,Parma,2.0
2026-27,ITA1,1395728,lecce,0.0,0.0,1.0,1.0,0.03,0.03,0.02,0,0.0,0,0,1.0,0,2,15,1.0,0.0,0.0,0.0,0.0,0.0,8,1,Medon Berisha,Lecce,2.0
2026-27,ITA1,1396084,cagliari,0.0,0.0,1.0,0.0,0.06,0.06,0.01,0,0.0,2,1,2.0,12,2,42,2.0,0.0,3.0,1.0,0.0,0.0,68,3,Raphael Kofler,Cagliari,1.0
2026-27,ITA1,1396091,frosinone,1.0,1.0,5.0,3.0,0.33,0.33,0.17,7,6.0,4,2,5.0,19,9,177,4.0,1.0,6.0,5.0,0.0,0.0,330,4,Gabriele Bracaglia,Frosinone,1.0
2026-27,ITA1,1396375,sassuolo,0.0,0.0,0.0,0.0,0.0,0.0,0.0,0,1.0,0,0,1.0,2,3,31,0.0,0.0,1.0,0.0,0.0,0.0,30,1,Ibrahim Sulemana,Sassuolo,2.0
2026-27,ITA1,1399969,udinese,0.0,0.0,1.0,1.0,0.03,0.03,0.02,10,2.0,3,6,2.0,7,8,102,2.0,2.0,0.0,1.0,0.0,0.0,197,4,Lennon Miller,Udinese,2.0
2026-27,ITA1,1400185,juventus,0.0,0.0,0.0,0.0,0.0,0.0,0.0,0,0.0,0,0,0.0,0,0,2,0.0,0.0,0.0,0.0,0.0,0.0,3,1,Justin Oboavwoduo,Juventus,2.0
2026-27,ITA1,1402900,bologna,0.0,0.0,1.0,1.0,0.11,0.11,0.0,0,0.0,0,0,0.0,0,1,20,1.0,2.0,0.0,0.0,0.0,0.0,12,2,Samuel Mbangula,Bologna,3.0
2026-27,ITA1,1402924,frosinone,0.0,0.0,4.0,1.0,0.25,0.25,0.08,1,1.0,0,0,0.0,0,4,39,4.0,0.0,0.0,4.0,0.0,0.0,42,2,Luis Hasa,Frosinone,2.0
2026-27,ITA1,1403328,napoli,0.0,1.0,1.0,1.0,0.05,0.05,0.14,1,0.0,3,0,0.0,0,4,28,5.0,0.0,0.0,2.0,0.0,0.0,45,1,Costantino Favasuli,Napoli,2.0
2026-27,ITA1,1404077,genoa,0.0,0.0,0.0,0.0,0.0,0.0,0.0,0,0.0,0,0,0.0,0,0,8,0.0,0.0,1.0,0.0,0.0,0.0,24,1,Sebastian Otoa,Genoa,1.0
2026-27,ITA1,1410437,inter,0.0,0.0,1.0,0.0,0.08,0.08,0.0,0,0.0,0,0,0.0,2,0,28,0.0,0.0,0.0,0.0,0.0,0.0,15,2,Aleksandar Stanković,Internazionale,2.0
2026-27,ITA1,1412132,juventus,0.0,0.0,2.0,1.0,0.19,0.19,0.33,0,2.0,0,1,0.0,0,4,34,5.0,0.0,0.0,3.0,0.0,0.0,69,1,Kenan Yildiz,Juventus,3.0
2026-27,ITA1,1413963,como,1.0,0.0,4.0,2.0,1.01,1.01,0.12,2,1.0,7,2,1.0,15,18,347,7.0,0.0,12.0,2.0,0.0,0.0,360,4,Jacobo Ramón,Como,1.0
2026-27,ITA1,1414124,lecce,1.0,0.0,1.0,1.0,0.13,0.13,0.06,1,1.0,0,0,1.0,1,0,37,1.0,3.0,2.0,1.0,0.0,0.0,106,2,Olaf Gorter,Lecce,2.0
2026-27,ITA1,1415326,frosinone,0.0,0.0,4.0,0.0,0.19,0.19,0.02,5,4.0,10,5,6.0,23,17,156,5.0,2.0,11.0,0.0,0.0,0.0,344,4,Gabriele Calvani,Frosinone,1.0
2026-27,ITA1,1415623,monza,0.0,0.0,0.0,0.0,0.0,0.0,0.0,1,0.0,0,0,0.0,0,0,17,0.0,0.0,0.0,0.0,0.0,0.0,28,1,Leonardo Colombo,Monza,2.0
2026-27,ITA1,1417101,lecce,0.0,0.0,0.0,0.0,0.0,0.0,0.0,0,2.0,2,0,0.0,0,2,12,1.0,2.0,1.0,0.0,0.0,0.0,16,1,Paco Esteban,Lecce,3.0
2026-27,ITA1,1421505,torino,0.0,1.0,1.0,0.0,0.08,0.08,0.14,3,8.0,6,0,1.0,3,9,127,3.0,4.0,1.0,1.0,0.0,0.0,272,4,Gvidas Gineitis,Torino,2.0
2026-27,ITA1,1425693,monza,0.0,0.0,1.0,0.0,0.05,0.05,0.01,3,2.0,1,5,0.0,2,13,86,2.0,1.0,2.0,0.0,0.0,0.0,124,3,Adam Bakoune,Monza,2.0
2026-27,ITA1,1428426,fiorentina,0.0,0.0,9.0,3.0,1.18,1.18,0.4,1,1.0,1,3,0.0,2,9,202,16.0,11.0,4.0,4.0,0.0,0.0,269,4,Arthur Atta,Fiorentina,2.0
2026-27,ITA1,1434889,como,2.0,1.0,7.0,3.0,0.52,0.52,0.49,3,1.0,4,2,0.0,2,9,178,25.0,1.0,4.0,8.0,0.0,0.0,249,4,Assane Diao,Como,3.0
2026-27,ITA1,1436270,udinese,0.0,1.0,3.0,1.0,0.23,0.23,0.45,4,3.0,2,0,0.0,0,4,71,3.0,6.0,2.0,3.0,0.0,0.0,171,4,Unai Gómez,Udinese,2.0
2026-27,ITA1,1436436,genoa,0.0,0.0,0.0,0.0,0.0,0.0,0.05,2,2.0,6,0,2.0,15,8,209,2.0,2.0,3.0,2.0,0.0,0.0,351,4,Alessandro Marcandalli,Genoa,1.0
2026-27,ITA1,1439776,parma,0.0,0.0,0.0,0.0,0.0,0.0,0.03,1,0.0,2,0,0.0,0,1,15,0.0,0.0,1.0,1.0,0.0,0.0,15,1,Rachid Kouda,Parma,2.0
2026-27,ITA1,1445163,frosinone,0.0,0.0,2.0,1.0,0.19,0.19,0.14,4,4.0,2,1,0.0,0,7,62,8.0,2.0,0.0,3.0,0.0,0.0,179,4,Seydou Fini,Frosinone,3.0
2026-27,ITA1,1445650,milan,2.0,0.0,7.0,2.0,0.7,0.7,0.11,2,8.0,2,0,0.0,0,7,149,13.0,4.0,1.0,2.0,0.0,0.0,231,4,Alphadjo Cissè,Milan,2.0
2026-27,ITA1,1450999,udinese,0.0,0.0,0.0,0.0,0.0,0.0,0.0,0,0.0,0,0,0.0,2,1,3,0.0,0.0,0.0,0.0,0.0,0.0,5,1,Juan Arizala,Udinese,1.0
2026-27,ITA1,1451196,roma,2.0,0.0,2.0,2.0,0.36,0.36,0.23,2,0.0,2,1,0.0,2,5,90,4.0,1.0,0.0,3.0,0.0,0.0,124,3,Niccolò Pisilli,Roma,2.0
2026-27,ITA1,1453338,monza,1.0,0.0,4.0,3.0,0.47,0.47,0.03,1,9.0,4,0,0.0,0,4,78,4.0,6.0,2.0,0.0,0.0,0.0,152,3,Jay Robinson,Monza,2.0
2026-27,ITA1,1459564,como,1.0,0.0,4.0,2.0,0.6699999999999999,0.6699999999999999,0.47,0,1.0,3,0,1.0,5,5,74,7.0,0.0,2.0,3.0,0.0,0.0,99,2,Kaiki,Como,1.0
2026-27,ITA1,1460253,parma,0.0,0.0,2.0,0.0,0.25,0.25,0.01,1,0.0,0,0,0.0,0,1,24,5.0,1.0,3.0,1.0,0.0,0.0,80,3,Nesta Elphege,Parma,3.0
2026-27,ITA1,1469120,genoa,0.0,0.0,1.0,1.0,0.02,0.02,0.12,1,2.0,5,2,0.0,2,4,109,0.0,3.0,2.0,3.0,0.0,0.0,113,4,Amorim,Genoa,2.0
2026-27,ITA1,1481909,monza,0.0,1.0,0.0,0.0,0.0,0.0,0.51,8,3.0,3,3,0.0,2,14,169,3.0,5.0,2.0,3.0,0.0,0.0,210,3,Ebenezer Akinsanmiro,Monza,2.0
2026-27,ITA1,1498718,cagliari,0.0,0.0,0.0,0.0,0.0,0.0,0.0,2,0.0,0,0,0.0,0,0,3,0.0,0.0,0.0,0.0,0.0,0.0,3,1,Kingstone Mutandwa,Cagliari,3.0
2026-27,ITA1,1501917,fiorentina,0.0,0.0,0.0,0.0,0.0,0.0,0.01,4,0.0,7,3,1.0,11,6,114,0.0,0.0,3.0,0.0,0.0,0.0,209,3,Viery,Fiorentina,1.0
2026-27,ITA1,1503574,bologna,0.0,0.0,2.0,1.0,0.12,0.12,0.22,3,1.0,7,4,0.0,9,4,190,2.0,0.0,3.0,0.0,0.0,0.0,180,2,Eivind Helland,Bologna,1.0
2026-27,ITA1,1520184,parma,0.0,0.0,0.0,0.0,0.0,0.0,0.17,2,3.0,4,6,6.0,22,18,316,7.0,0.0,5.0,2.0,0.0,0.0,355,4,Mariano Troilo,Parma,1.0
2026-27,ITA1,1523327,frosinone,0.0,0.0,4.0,2.0,0.27,0.27,0.11,1,3.0,2,0,0.0,1,4,53,11.0,0.0,1.0,1.0,0.0,0.0,105,2,Farès Ghedjemis,Frosinone,3.0
2026-27,ITA1,1524139,monza,0.0,0.0,3.0,2.0,0.35,0.35,0.01,8,2.0,6,12,5.0,20,21,226,3.0,2.0,8.0,0.0,0.0,0.0,329,4,Lorenzo Lucchesi,Monza,1.0
2026-27,ITA1,1525065,roma,1.0,0.0,9.0,3.0,1.1,1.1,0.35,0,1.0,3,1,0.0,0,7,102,13.0,1.0,1.0,4.0,0.0,0.0,171,4,Rodrigo Mora,Roma,2.0
2026-27,ITA1,1526689,fiorentina,0.0,1.0,2.0,0.0,0.13,0.13,0.09,1,1.0,7,1,0.0,6,10,132,4.0,6.0,1.0,4.0,0.0,0.0,202,3,Álex Jiménez,Fiorentina,1.0
2026-27,ITA1,1529222,torino,1.0,0.0,2.0,1.0,0.56,0.56,0.09,6,1.0,12,3,3.0,10,15,254,3.0,0.0,6.0,2.0,0.0,0.0,335,4,Pietro Comuzzo,Torino,1.0
2026-27,ITA1,1532261,udinese,1.0,0.0,5.0,1.0,0.6699999999999999,0.6699999999999999,0.02,1,2.0,0,0,1.0,2,4,54,7.0,2.0,10.0,2.0,0.0,0.0,123,3,Idrissa Gueye,Udinese,3.0
2026-27,ITA1,1554575,milan,0.0,0.0,0.0,0.0,0.0,0.0,0.0,0,0.0,0,0,0.0,0,0,2,0.0,0.0,0.0,0.0,0.0,0.0,5,1,Francesco Camarda,Milan,3.0
2026-27,ITA1,1574492,lecce,2.0,0.0,2.0,2.0,1.05,1.05,0.02,2,3.0,7,3,1.0,16,6,166,2.0,0.0,8.0,0.0,0.0,0.0,241,4,Tiago Gabriel,Lecce,1.0
2026-27,ITA1,1577119,torino,0.0,0.0,0.0,0.0,0.0,0.0,0.0,0,0.0,0,0,0.0,2,18,92,0.0,0.0,0.0,0.0,7.0,4.0,180,2,Diego Mascardi,Torino,0.0
2026-27,ITA1,1577900,monza,0.0,0.0,2.0,1.0,0.06,0.06,0.04,2,0.0,2,2,0.0,0,10,70,3.0,3.0,1.0,2.0,0.0,0.0,144,2,Foe Ondoa,Monza,2.0
2026-27,ITA1,1585676,monza,2.0,0.0,8.0,3.0,1.19,1.19,0.09000000000000001,4,0.0,0,0,0.0,3,3,76,14.0,1.0,4.0,3.0,0.0,0.0,248,3,Gustavo Varela,Monza,3.0
2026-27,ITA1,1592168,venezia,0.0,0.0,0.0,0.0,0.0,0.0,0.0,1,0.0,0,0,0.0,0,0,25,0.0,0.0,1.0,0.0,0.0,0.0,20,1,Matteo Dagasso,Venezia,2.0
2026-27,ITA1,1593861,como,0.0,0.0,2.0,1.0,0.06,0.06,0.03,0,1.0,1,1,0.0,0,3,26,4.0,1.0,0.0,1.0,0.0,0.0,25,2,Mattia Liberali,Como,2.0
2026-27,ITA1,1605748,venezia,0.0,0.0,1.0,0.0,0.11,0.11,0.01,1,0.0,1,1,1.0,4,4,74,2.0,0.0,4.0,0.0,0.0,0.0,84,2,Matías Moreno,Venezia,1.0
2026-27,ITA1,1607014,fiorentina,0.0,0.0,4.0,3.0,0.72,0.72,0.8,2,5.0,4,0,0.0,2,4,75,10.0,2.0,1.0,7.0,0.0,0.0,159,2,Alieu Njie,Fiorentina,2.0
2026-27,ITA1,1607014,torino,0.0,0.0,1.0,0.0,0.1,0.1,0.12,0,0.0,1,0,0.0,0,2,20,6.0,2.0,1.0,1.0,0.0,0.0,20,1,Alieu Njie,Torino,2.0
2026-27,ITA1,1607566,fiorentina,3.0,0.0,18.0,7.0,2.13,2.13,0.44,2,8.0,2,2,0.0,0,9,167,28.0,6.0,1.0,6.0,0.0,0.0,287,4,Franco Mastantuono,Fiorentina,3.0
2026-27,ITA1,1621219,cagliari,0.0,0.0,1.0,0.0,0.04,0.04,0.01,2,1.0,6,8,5.0,18,7,256,1.0,1.0,5.0,2.0,0.0,0.0,336,4,Juan Rodríguez,Cagliari,1.0
2026-27,ITA1,1624039,como,0.0,0.0,8.0,1.0,0.42000000000000004,0.42000000000000004,0.09,1,0.0,2,0,0.0,0,0,67,14.0,1.0,0.0,1.0,0.0,0.0,106,2,Jesús Rodríguez,Como,3.0
2026-27,ITA1,1641041,sassuolo,0.0,1.0,1.0,0.0,0.07,0.07,0.26999999999999996,2,4.0,7,1,3.0,1,17,171,4.0,2.0,1.0,4.0,0.0,0.0,215,3,Darryl Bakola,Sassuolo,2.0
2026-27,ITA1,1642351,torino,0.0,0.0,1.0,0.0,0.04,0.04,0.2,0,4.0,6,0,1.0,4,11,187,6.0,4.0,1.0,1.0,0.0,0.0,222,4,Niccolò Fortini,Torino,2.0
2026-27,ITA1,1645922,udinese,0.0,0.0,0.0,0.0,0.0,0.0,0.0,0,1.0,1,0,1.0,3,2,24,0.0,0.0,2.0,0.0,0.0,0.0,45,1,Matteo Palma,Udinese,1.0
2026-27,ITA1,1661207,bologna,0.0,0.0,1.0,0.0,0.03,0.03,0.05,4,2.0,3,0,0.0,1,5,56,4.0,0.0,1.0,1.0,0.0,0.0,95,3,Mikel Amondarain,Bologna,2.0
2026-27,ITA1,1663296,cagliari,0.0,0.0,1.0,1.0,0.09,0.09,0.0,0,0.0,0,0,0.0,0,3,8,1.0,0.0,0.0,0.0,0.0,0.0,16,1,Alessandro Sugamele,Cagliari,3.0
2026-27,ITA1,1665438,venezia,0.0,0.0,0.0,0.0,0.0,0.0,0.07,1,0.0,0,0,0.0,0,2,37,0.0,1.0,0.0,0.0,0.0,0.0,55,2,Toni Fernández,Venezia,2.0
2026-27,ITA1,1666494,fiorentina,0.0,0.0,1.0,0.0,0.02,0.02,0.03,2,5.0,6,3,1.0,1,8,86,0.0,0.0,1.0,2.0,0.0,0.0,123,3,Christ Inao Oulaï,Fiorentina,2.0
2026-27,ITA1,1670272,frosinone,0.0,0.0,1.0,1.0,0.04,0.04,0.0,1,0.0,2,1,0.0,2,5,49,1.0,0.0,2.0,0.0,0.0,0.0,100,2,Matteo Cichella,Frosinone,2.0
2026-27,ITA1,1670284,genoa,0.0,0.0,0.0,0.0,0.0,0.0,0.0,1,0.0,0,0,0.0,0,0,1,0.0,0.0,0.0,0.0,0.0,0.0,3,1,Adam Zulevic,Genoa,3.0
2026-27,ITA1,1676901,monza,0.0,0.0,1.0,1.0,0.16,0.16,0.51,4,0.0,10,13,1.0,13,16,220,3.0,2.0,4.0,2.0,0.0,0.0,351,4,Eddy Kouadio,Monza,1.0
2026-27,ITA1,1677025,genoa,0.0,0.0,2.0,0.0,0.16,0.16,0.0,1,1.0,0,0,0.0,0,4,34,5.0,4.0,0.0,1.0,0.0,0.0,47,4,Franz-Ethan Meichtry,Genoa,3.0
2026-27,ITA1,1684401,juventus,0.0,0.0,8.0,3.0,0.22,0.22,0.13,2,2.0,0,0,0.0,1,12,109,10.0,1.0,0.0,1.0,0.0,0.0,184,3,Kerim Alajbegović,Juventus,3.0
2026-27,ITA1,1684415,parma,0.0,0.0,0.0,0.0,0.0,0.0,0.0,0,0.0,0,0,0.0,0,0,2,0.0,0.0,0.0,0.0,0.0,0.0,15,1,Ousmane Diallo,Parma,3.0
2026-27,ITA1,1693531,parma,0.0,0.0,1.0,0.0,0.02,0.02,0.05,4,3.0,3,0,0.0,4,7,94,3.0,1.0,4.0,0.0,0.0,0.0,241,3,Sascha Britschgi,Parma,2.0
2026-27,ITA1,1696050,bologna,0.0,0.0,0.0,0.0,0.0,0.0,0.0,0,0.0,0,0,0.0,2,5,43,0.0,0.0,2.0,0.0,3.0,1.0,90,1,Massimo Pessina,Bologna,0.0
2026-27,ITA1,1705649,cagliari,1.0,0.0,6.0,4.0,0.23,0.23,0.39,4,4.0,7,2,3.0,11,18,260,7.0,3.0,1.0,3.0,0.0,0.0,360,4,Alessandro Romano,Cagliari,2.0
2026-27,ITA1,1712399,fiorentina,0.0,0.0,1.0,0.0,0.43,0.43,0.13999999999999999,0,3.0,5,1,0.0,6,4,144,3.0,2.0,4.0,2.0,0.0,0.0,190,3,Valde,Fiorentina,1.0
2026-27,ITA1,1735847,sassuolo,0.0,0.0,4.0,1.0,0.31999999999999995,0.31999999999999995,0.09,4,2.0,4,3,3.0,14,14,226,6.0,1.0,2.0,1.0,0.0,0.0,360,4,Simone Cinquegrano,Sassuolo,1.0
2026-27,ITA1,1746591,torino,0.0,1.0,1.0,0.0,0.08,0.08,0.42,2,8.0,4,1,1.0,4,11,168,3.0,1.0,0.0,2.0,0.0,0.0,272,4,Alessio Cacciamani,Torino,2.0
2026-27,ITA1,1800491,roma,0.0,0.0,1.0,0.0,0.12,0.12,0.54,3,3.0,9,2,0.0,4,22,225,11.0,3.0,2.0,4.0,0.0,0.0,322,4,Emanuele Lulli,Roma,2.0
2026-27,ITA1,1830551,monza,0.0,0.0,1.0,0.0,0.03,0.03,0.0,0,1.0,0,0,0.0,0,0,9,1.0,0.0,2.0,0.0,0.0,0.0,9,1,Yvan Kouadio Maye,Monza,1.0
2026-27,ITA1,1843609,parma,1.0,0.0,5.0,2.0,0.54,0.54,0.09,0,7.0,3,2,0.0,1,10,119,12.0,5.0,1.0,1.0,0.0,0.0,252,4,Simone Lontani,Parma,3.0
2026-27,ITA1,1844134,parma,0.0,0.0,1.0,0.0,0.02,0.02,0.0,3,2.0,3,2,0.0,1,6,67,0.0,1.0,1.0,0.0,0.0,0.0,94,2,Abdou-Salam Konate,Parma,2.0
2026-27,ITA1,1858596,sassuolo,0.0,0.0,0.0,0.0,0.0,0.0,0.0,0,0.0,0,0,0.0,2,1,47,0.0,0.0,1.0,0.0,0.0,0.0,74,1,Tommaso Macchioni,Sassuolo,1.0
2026-27,ITA1,1879542,monza,0.0,1.0,2.0,0.0,0.060000000000000005,0.060000000000000005,0.05,0,2.0,7,3,1.0,3,12,108,2.0,0.0,0.0,1.0,0.0,0.0,139,4,Mathis Mout,Monza,2.0
2026-27,ITA1,1891769,parma,0.0,0.0,0.0,0.0,0.0,0.0,0.0,2,0.0,1,0,1.0,9,1,59,0.0,0.0,3.0,0.0,0.0,0.0,90,1,Dominik Drobnic,Parma,1.0
2026-27,ITA1,1902196,cagliari,1.0,0.0,7.0,3.0,0.93,0.93,0.03,6,4.0,5,0,0.0,4,9,98,10.0,10.0,6.0,2.0,0.0,0.0,276,4,Paul Mendy,Cagliari,3.0
2026-27,ITA1,2008804,bologna,0.0,0.0,1.0,1.0,0.08,0.08,0.03,1,0.0,2,0,0.0,1,3,41,4.0,1.0,0.0,1.0,0.0,0.0,77,2,Marco Libra,Bologna,2.0
2026-27,ITA1,2022716,sassuolo,0.0,0.0,0.0,0.0,0.0,0.0,0.0,0,0.0,0,0,0.0,0,0,2,0.0,0.0,0.0,0.0,0.0,0.0,2,1,Gabriel Kulla,Sassuolo,3.0
2026-27,FRA1,39591,nice,0.0,0.0,4.0,1.0,0.7,0.7,0.07,1,2.0,1,6,1.0,0,19,190,3.0,2.0,0.0,2.0,0.0,0.0,232,3,Axel Witsel,Nice,2.0
2026-27,FRA1,46469,lille,1.0,2.0,3.0,2.0,0.8600000000000001,0.8600000000000001,0.09000000000000001,1,2.0,0,0,0.0,2,4,73,4.0,3.0,8.0,3.0,0.0,0.0,229,4,Olivier Giroud,Lille,3.0
2026-27,FRA1,66757,monaco,0.0,0.0,0.0,0.0,0.0,0.0,0.0,0,0.0,0,0,0.0,4,36,140,0.0,0.0,0.0,0.0,16.0,2.0,360,4,Lukás Hrádecky,Monaco,0.0
2026-27,FRA1,145550,paris fc,0.0,0.0,0.0,0.0,0.0,0.0,0.0,0,0.0,0,0,0.0,4,27,197,0.0,0.0,0.0,0.0,9.0,2.0,360,4,Kevin Trapp,Paris FC,0.0
2026-27,FRA1,148830,lille,0.0,0.0,0.0,0.0,0.0,0.0,0.05,5,5.0,7,2,2.0,6,10,107,0.0,1.0,2.0,3.0,0.0,0.0,155,3,Benjamin André,Lille,2.0
2026-27,FRA1,167035,angers,0.0,0.0,0.0,0.0,0.0,0.0,0.01,0,0.0,1,0,0.0,2,41,209,0.0,0.0,0.0,0.0,23.0,5.0,360,4,Anthony Lopes,Angers,0.0
2026-27,FRA1,195750,lyon,0.0,0.0,0.0,0.0,0.0,0.0,0.01,1,1.0,1,2,0.0,3,2,66,0.0,1.0,2.0,1.0,0.0,0.0,80,1,Nicolás Tagliafico,Lyon,1.0
2026-27,FRA1,210111,paris saint germain,0.0,0.0,1.0,0.0,0.01,0.01,0.02,0,0.0,0,0,0.0,0,1,19,0.0,0.0,0.0,0.0,0.0,0.0,18,1,Lucas Digne,Paris Saint-Germain,1.0
2026-27,FRA1,210443,le havre,0.0,0.0,0.0,0.0,0.0,0.0,0.01,2,0.0,2,1,0.0,4,6,69,3.0,0.0,2.0,0.0,0.0,0.0,91,2,Vincent Sasso,Le Havre,1.0
2026-27,FRA1,214972,marseille,0.0,0.0,0.0,0.0,0.0,0.0,0.01,1,1.0,6,3,1.0,5,8,148,0.0,1.0,1.0,0.0,0.0,0.0,141,2,Geoffrey Kondogbia,Marseille,2.0
2026-27,FRA1,242156,le mans,0.0,0.0,1.0,0.0,0.09,0.09,0.01,2,1.0,1,0,0.0,1,2,36,1.0,0.0,0.0,0.0,0.0,0.0,46,2,Djibril Sidibé,Le Mans,2.0
2026-27,FRA1,254308,lens,3.0,1.0,14.0,9.0,3.5,1.13,1.58,2,6.0,2,2,0.0,1,10,282,25.0,9.0,3.0,12.0,0.0,0.0,360,4,Florian Thauvin,Lens,2.0
2026-27,FRA1,264190,lens,0.0,0.0,3.0,0.0,0.57,0.57,0.41000000000000003,2,3.0,3,0,0.0,0,4,84,7.0,0.0,1.0,2.0,0.0,0.0,129,4,Thorgan Hazard,Lens,2.0
2026-27,FRA1,266105,lyon,0.0,0.0,0.0,0.0,0.0,0.0,0.01,0,3.0,1,1,0.0,6,4,100,0.0,0.0,1.0,0.0,0.0,0.0,90,1,Clinton Mata,Lyon,1.0
2026-27,FRA1,266523,marseille,1.0,0.0,7.0,2.0,0.52,0.52,0.45,4,2.0,7,8,0.0,6,23,395,5.0,6.0,6.0,5.0,0.0,0.0,360,4,Pierre-Emile Højbjerg,Marseille,2.0
2026-27,FRA1,267365,paris saint germain,2.0,0.0,2.0,2.0,0.8099999999999999,0.8099999999999999,0.13,4,2.0,2,1,1.0,11,22,384,3.0,1.0,7.0,1.0,0.0,0.0,360,4,Marquinhos,Paris Saint-Germain,1.0
2026-27,FRA1,267371,marseille,0.0,0.0,3.0,1.0,0.1,0.1,1.02,3,6.0,7,4,1.0,5,15,356,11.0,1.0,3.0,4.0,0.0,0.0,359,4,Emerson,Marseille,1.0
2026-27,FRA1,274787,lorient,0.0,0.0,0.0,0.0,0.0,0.0,0.0,0,0.0,0,0,0.0,3,17,186,0.0,0.0,0.0,0.0,9.0,4.0,360,4,Yvon Mvogo,Lorient,0.0
2026-27,FRA1,279461,brest,0.0,0.0,2.0,0.0,0.04,0.04,0.73,1,4.0,6,0,0.0,9,14,222,1.0,0.0,1.0,7.0,0.0,0.0,292,4,Kenny Lala,Brest,1.0
2026-27,FRA1,279714,rennes,0.0,0.0,0.0,0.0,0.0,0.0,0.0,0,0.0,0,0,0.0,2,22,138,0.0,0.0,0.0,0.0,10.0,3.0,270,3,Brice Samba,Rennes,0.0
2026-27,FRA1,317062,rennes,1.0,2.0,4.0,1.0,1.21,1.21,0.5900000000000001,6,5.0,5,4,1.0,2,18,224,15.0,2.0,6.0,11.0,0.0,0.0,283,4,Adrien Thomasson,Rennes,2.0
2026-27,FRA1,348409,le havre,0.0,0.0,0.0,0.0,0.0,0.0,0.0,0,0.0,0,0,0.0,0,6,38,0.0,0.0,0.0,0.0,1.0,0.0,91,2,Gauthier Gallon,Le Havre,0.0
2026-27,FRA1,348420,troyes,1.0,0.0,8.0,3.0,1.64,0.85,0.13,2,7.0,4,1,0.0,0,10,98,14.0,6.0,13.0,1.0,0.0,0.0,252,4,Renaud Ripart,Troyes,3.0
2026-27,FRA1,361315,monaco,1.0,1.0,4.0,1.0,0.44,0.44,0.03,2,0.0,7,3,2.0,33,14,283,5.0,1.0,9.0,1.0,0.0,0.0,360,4,Eric Dier,Monaco,1.0
2026-27,FRA1,391064,marseille,0.0,0.0,1.0,0.0,0.07,0.07,0.04,0,0.0,0,1,0.0,0,1,32,0.0,2.0,0.0,0.0,0.0,0.0,30,3,Neal Maupay,Marseille,3.0
2026-27,FRA1,402419,rennes,1.0,1.0,4.0,1.0,0.22,0.22,0.53,7,4.0,7,6,0.0,11,12,272,12.0,1.0,1.0,5.0,0.0,0.0,336,4,Przemysław Frankowski,Rennes,2.0
2026-27,FRA1,420731,brest,0.0,0.0,1.0,0.0,0.07,0.07,0.01,1,2.0,4,6,3.0,11,7,160,1.0,0.0,7.0,0.0,0.0,0.0,263,3,Gautier Lloris,Brest,1.0
2026-27,FRA1,426892,paris fc,0.0,0.0,0.0,0.0,0.0,0.0,0.01,2,2.0,2,1,1.0,4,6,137,1.0,0.0,1.0,0.0,0.0,0.0,187,3,Hamari Traoré,Paris FC,1.0
2026-27,FRA1,437329,le havre,1.0,0.0,17.0,7.0,1.1099999999999999,1.1099999999999999,0.11,1,3.0,5,2,0.0,4,16,150,24.0,5.0,15.0,1.0,0.0,0.0,338,4,Mbwana Samatta,Le Havre,3.0
2026-27,FRA1,465719,troyes,0.0,0.0,6.0,1.0,0.5900000000000001,0.5900000000000001,0.11,0,3.0,11,6,2.0,15,13,291,5.0,0.0,10.0,3.0,0.0,0.0,360,4,Adrien Monfray,Troyes,1.0
2026-27,FRA1,467486,paris fc,0.0,0.0,3.0,1.0,0.24,0.24,0.74,1,1.0,1,1,0.0,1,5,79,6.0,1.0,0.0,3.0,0.0,0.0,132,4,Moses Simon,Paris FC,3.0
2026-27,FRA1,471153,brest,1.0,0.0,17.0,5.0,1.33,1.33,0.71,11,7.0,1,1,1.0,4,5,178,31.0,9.0,28.0,7.0,0.0,0.0,360,4,Ludovic Ajorque,Brest,3.0
2026-27,FRA1,473852,lyon,0.0,1.0,6.0,3.0,0.67,0.67,0.62,2,6.0,5,5,1.0,5,18,219,10.0,1.0,5.0,7.0,0.0,0.0,291,4,Corentin Tolisso,Lyon,2.0
2026-27,FRA1,492116,angers,0.0,0.0,0.0,0.0,0.0,0.0,0.4,8,5.0,2,1,6.0,23,22,287,4.0,0.0,2.0,3.0,0.0,0.0,360,4,Jordan Lefort,Angers,1.0
2026-27,FRA1,500520,lille,0.0,1.0,3.0,1.0,0.12000000000000001,0.12000000000000001,0.32999999999999996,1,4.0,3,3,0.0,14,27,244,0.0,4.0,5.0,5.0,0.0,0.0,341,4,Nabil Bentaleb,Lille,2.0
2026-27,FRA1,504606,paris saint germain,0.0,0.0,0.0,0.0,0.0,0.0,0.05,1,0.0,3,1,0.0,3,5,137,1.0,0.0,1.0,2.0,0.0,0.0,116,2,Lucas Hernández,Paris Saint-Germain,1.0
2026-27,FRA1,505059,angers,1.0,1.0,3.0,1.0,0.06,0.06,1.04,3,3.0,8,1,0.0,7,14,323,5.0,1.0,0.0,11.0,0.0,0.0,360,4,Branco van den Boomen,Angers,2.0
2026-27,FRA1,513072,lens,0.0,0.0,1.0,0.0,0.03,0.03,0.0,1,0.0,0,1,1.0,2,0,33,1.0,0.0,1.0,0.0,0.0,0.0,55,1,Jonathan Gradit,Lens,1.0
2026-27,FRA1,520979,marseille,0.0,0.0,0.0,0.0,0.0,0.0,0.0,0,0.0,0,0,0.0,0,1,6,0.0,0.0,0.0,0.0,0.0,0.0,1,1,Ulisses Garcia,Marseille,1.0
2026-27,FRA1,541933,brest,0.0,1.0,7.0,1.0,0.39,0.39,0.33999999999999997,2,4.0,3,0,0.0,0,5,71,8.0,2.0,1.0,3.0,0.0,0.0,109,3,Mama Baldé,Brest,3.0
2026-27,FRA1,561046,lens,0.0,1.0,1.0,0.0,0.05,0.05,0.48,7,1.0,6,6,0.0,3,10,165,4.0,0.0,1.0,5.0,0.0,0.0,188,3,Ruben Aguilar,Lens,2.0
2026-27,FRA1,562719,rennes,1.0,0.0,3.0,3.0,0.19,0.19,0.41000000000000003,5,3.0,9,4,6.0,10,16,274,4.0,1.0,6.0,5.0,0.0,0.0,344,4,Valentin Rongier,Rennes,2.0
2026-27,FRA1,566187,nice,0.0,0.0,0.0,0.0,0.0,0.0,0.0,1,0.0,3,0,0.0,1,3,30,1.0,2.0,1.0,0.0,0.0,0.0,35,2,Ali Abdi,Nice,1.0
2026-27,FRA1,586388,monaco,0.0,2.0,4.0,2.0,0.27,0.27,0.72,5,2.0,5,1,0.0,2,11,159,13.0,7.0,0.0,7.0,0.0,0.0,348,4,Aleksandr Golovin,Monaco,2.0
2026-27,FRA1,592102,lyon,0.0,0.0,0.0,0.0,0.0,0.0,0.060000000000000005,4,2.0,0,5,3.0,12,17,257,2.0,0.0,4.0,1.0,0.0,0.0,270,3,Moussa Niakhaté,Lyon,1.0
2026-27,FRA1,598355,monaco,0.0,0.0,4.0,2.0,0.2,0.2,0.08,5,3.0,5,3,6.0,11,12,210,3.0,0.0,1.0,0.0,0.0,0.0,360,4,Denis Zakaria,Monaco,1.0
2026-27,FRA1,601145,le mans,0.0,0.0,1.0,0.0,0.05,0.05,0.04,1,3.0,2,0,0.0,0,2,25,4.0,0.0,2.0,0.0,0.0,0.0,54,2,Habibou Mouhamadou Diallo,Le Mans,3.0
2026-27,FRA1,604088,monaco,0.0,0.0,0.0,0.0,0.0,0.0,0.0,0,0.0,0,0,0.0,1,0,2,0.0,0.0,1.0,0.0,0.0,0.0,1,1,Thilo Kehrer,Monaco,1.0
2026-27,FRA1,605654,paris saint germain,0.0,2.0,2.0,2.0,0.11,0.11,0.55,2,2.0,5,3,0.0,1,12,228,6.0,0.0,0.0,8.0,0.0,0.0,229,4,Fabián Ruiz,Paris Saint-Germain,2.0
2026-27,FRA1,612277,brest,0.0,0.0,4.0,3.0,0.97,0.97,0.03,2,2.0,3,2,0.0,10,3,83,4.0,2.0,6.0,1.0,0.0,0.0,124,4,Lucas Tousart,Brest,2.0
2026-27,FRA1,612699,lens,0.0,0.0,2.0,1.0,0.33,0.33,0.16,0,0.0,0,0,0.0,0,1,13,4.0,0.0,0.0,1.0,0.0,0.0,21,2,Florian Sotoca,Lens,2.0
2026-27,FRA1,614207,paris fc,0.0,0.0,1.0,1.0,0.02,0.02,0.32,4,1.0,6,5,0.0,4,17,319,1.0,2.0,0.0,2.0,0.0,0.0,296,4,Maxime Lopez,Paris FC,2.0
2026-27,FRA1,617310,marseille,0.0,0.0,0.0,0.0,0.0,0.0,0.060000000000000005,2,0.0,1,1,2.0,12,9,250,0.0,0.0,11.0,0.0,0.0,0.0,208,4,Nayef Aguerd,Marseille,1.0
2026-27,FRA1,622137,lille,0.0,0.0,1.0,0.0,0.01,0.01,0.02,1,0.0,4,0,0.0,3,4,52,0.0,0.0,0.0,0.0,0.0,0.0,69,3,Calvin Verdonk,Lille,1.0
2026-27,FRA1,625422,rennes,0.0,0.0,0.0,0.0,0.0,0.0,0.0,0,0.0,0,0,0.0,2,9,27,0.0,0.0,0.0,0.0,3.0,2.0,90,1,Nicolas Lemaître,Rennes,0.0
2026-27,FRA1,631757,brest,0.0,0.0,0.0,0.0,0.0,0.0,0.03,0,0.0,0,0,0.0,5,36,154,0.0,0.0,0.0,1.0,12.0,6.0,360,4,Egil Selvik,Brest,0.0
2026-27,FRA1,634110,angers,1.0,0.0,3.0,1.0,0.22,0.22,0.28,2,0.0,5,4,1.0,8,12,167,8.0,0.0,2.0,4.0,0.0,0.0,253,4,Carlens Arcus,Angers,1.0
2026-27,FRA1,637745,paris fc,0.0,0.0,0.0,0.0,0.0,0.0,0.0,2,0.0,0,0,0.0,0,0,1,0.0,0.0,0.0,0.0,0.0,0.0,3,1,Jonathan Ikoné,Paris FC,3.0
2026-27,FRA1,637746,lens,0.0,0.0,2.0,1.0,0.28,0.28,0.09000000000000001,1,1.0,0,0,0.0,1,2,29,5.0,2.0,0.0,2.0,0.0,0.0,84,3,Odsonne Édouard,Lens,3.0
2026-27,FRA1,637754,toulouse,0.0,0.0,2.0,0.0,0.05,0.05,0.42,4,0.0,4,2,1.0,5,12,238,2.0,1.0,2.0,6.0,0.0,0.0,218,4,Niklas Schmidt,Toulouse,2.0
2026-27,FRA1,640292,paris fc,1.0,0.0,2.0,1.0,0.33,0.33,0.0,0,0.0,0,0,0.0,0,0,11,2.0,2.0,0.0,0.0,0.0,0.0,7,1,Vincent Marchetti,Paris FC,2.0
2026-27,FRA1,651910,lyon,0.0,0.0,0.0,0.0,0.0,0.0,0.0,0,1.0,0,0,0.0,4,27,131,0.0,0.0,2.0,0.0,9.0,2.0,270,3,Dominik Greif,Lyon,0.0
2026-27,FRA1,656491,toulouse,0.0,0.0,4.0,0.0,0.19,0.19,0.02,4,2.0,2,4,5.0,20,11,196,5.0,0.0,14.0,1.0,0.0,0.0,270,3,Rasmus Nicolaisen,Toulouse,1.0
2026-27,FRA1,660326,lens,0.0,0.0,4.0,0.0,1.07,1.07,0.28,3,3.0,5,4,1.0,7,15,189,11.0,1.0,12.0,4.0,0.0,0.0,294,4,Matthieu Udol,Lens,2.0
2026-27,FRA1,660462,paris fc,0.0,0.0,4.0,0.0,0.13,0.13,0.15,3,5.0,12,7,2.0,5,25,314,4.0,2.0,2.0,1.0,0.0,0.0,360,4,Pierre Lees-Melou,Paris FC,2.0
2026-27,FRA1,660565,le mans,0.0,0.0,0.0,0.0,0.0,0.0,0.0,1,0.0,3,1,2.0,3,4,74,0.0,0.0,0.0,0.0,0.0,0.0,106,2,Samuel Yohou,Le Mans,1.0
2026-27,FRA1,687868,marseille,0.0,0.0,0.0,0.0,0.0,0.0,0.0,0,0.0,0,0,0.0,2,30,156,0.0,0.0,0.0,0.0,15.0,6.0,360,4,Jeffrey De Lange,Marseille,0.0
2026-27,FRA1,688285,lorient,0.0,0.0,0.0,0.0,0.0,0.0,0.15,0,0.0,0,1,1.0,0,1,19,0.0,0.0,0.0,1.0,0.0,0.0,18,1,Alec Georgen,Lorient,1.0
2026-27,FRA1,688830,lens,0.0,0.0,2.0,1.0,0.18,0.18,0.04,1,0.0,2,2,0.0,1,7,84,3.0,0.0,3.0,0.0,0.0,0.0,125,3,Amadou Haidara,Lens,2.0
2026-27,FRA1,690149,auxerre,0.0,0.0,2.0,1.0,0.25,0.25,0.0,0,2.0,0,1,0.0,6,6,39,3.0,0.0,1.0,0.0,0.0,0.0,90,1,Axel Tuanzebe,Auxerre,1.0
2026-27,FRA1,692984,paris saint germain,0.0,1.0,9.0,3.0,0.5700000000000001,0.5700000000000001,0.3,0,0.0,0,1,0.0,0,3,135,11.0,2.0,0.0,4.0,0.0,0.0,132,3,Ousmane Dembélé,Paris Saint-Germain,3.0
2026-27,FRA1,693171,rennes,0.0,0.0,10.0,3.0,1.37,1.37,0.43,4,2.0,4,2,0.0,0,8,128,16.0,1.0,0.0,6.0,0.0,0.0,189,4,Ludovic Blas,Rennes,2.0
2026-27,FRA1,696263,brest,1.0,0.0,1.0,1.0,0.2,0.2,0.49,3,1.0,3,2,0.0,0,7,99,3.0,1.0,0.0,4.0,0.0,0.0,138,2,Romain Del Castillo,Brest,3.0
2026-27,FRA1,699461,lorient,1.0,0.0,7.0,2.0,1.08,1.08,0.47000000000000003,4,13.0,6,1,1.0,3,20,215,10.0,4.0,3.0,3.0,0.0,0.0,343,4,Jean-Victor Makengo,Lorient,2.0
2026-27,FRA1,708435,lille,0.0,0.0,1.0,0.0,0.05,0.05,0.060000000000000005,1,0.0,2,0,0.0,1,6,37,4.0,1.0,1.0,0.0,0.0,0.0,75,3,Gaëtan Perrin,Lille,3.0
2026-27,FRA1,715301,nice,0.0,0.0,12.0,3.0,0.93,0.93,1.5,2,1.0,6,2,0.0,7,19,298,17.0,2.0,4.0,7.0,0.0,0.0,338,4,Jonathan Clauss,Nice,2.0
2026-27,FRA1,717270,le mans,0.0,0.0,1.0,0.0,0.06,0.06,0.45999999999999996,1,3.0,4,3,1.0,9,2,72,6.0,1.0,2.0,2.0,0.0,0.0,141,3,Antoine Rabillard,Le Mans,3.0
2026-27,FRA1,722531,le mans,0.0,0.0,0.0,0.0,0.0,0.0,0.0,0,1.0,0,0,0.0,1,22,114,0.0,0.0,0.0,0.0,9.0,4.0,171,2,Nicolas Kocik,Le Mans,0.0
2026-27,FRA1,725256,le mans,1.0,0.0,5.0,1.0,1.8599999999999999,1.8599999999999999,0.02,3,1.0,4,2,0.0,7,5,95,6.0,3.0,17.0,0.0,0.0,0.0,266,4,Dame Gueye,Le Mans,3.0
2026-27,FRA1,747767,lyon,1.0,1.0,13.0,5.0,2.29,2.29,0.22,4,7.0,1,0,0.0,2,6,89,26.0,1.0,1.0,3.0,0.0,0.0,255,3,Loïs Openda,Lyon,3.0
2026-27,FRA1,763974,nice,0.0,0.0,3.0,0.0,0.2,0.2,0.51,2,0.0,1,1,0.0,0,5,276,9.0,4.0,1.0,5.0,0.0,0.0,295,4,Gauthier Hein,Nice,2.0
2026-27,FRA1,765466,rennes,1.0,1.0,3.0,1.0,0.18,0.18,0.28,1,2.0,7,2,0.0,2,3,124,2.0,2.0,0.0,6.0,0.0,0.0,227,4,Sebastian Szymański,Rennes,2.0
2026-27,FRA1,766574,nice,0.0,0.0,0.0,0.0,0.0,0.0,0.0,1,1.0,0,0,0.0,2,29,212,0.0,0.0,1.0,0.0,9.0,5.0,360,4,Yéhvann Diouf,Nice,0.0
2026-27,FRA1,767014,lyon,0.0,0.0,0.0,0.0,0.0,0.0,0.0,0,0.0,0,0,0.0,0,7,48,0.0,0.0,0.0,0.0,2.0,0.0,90,1,Rémy Descamps,Lyon,0.0
2026-27,FRA1,770321,rennes,0.0,0.0,4.0,1.0,0.31,0.31,0.31,6,4.0,1,2,0.0,0,16,151,10.0,1.0,1.0,4.0,0.0,0.0,210,3,Mahdi Camara,Rennes,2.0
2026-27,FRA1,770340,rennes,0.0,0.0,2.0,1.0,0.66,0.66,0.0,0,0.0,0,0,0.0,0,0,18,1.0,0.0,0.0,0.0,0.0,0.0,32,2,Arnaud Nordin,Rennes,3.0
2026-27,FRA1,770881,paris saint germain,0.0,0.0,8.0,1.0,0.46,0.46,0.55,0,5.0,3,3,0.0,1,21,368,18.0,3.0,2.0,5.0,0.0,0.0,309,4,Achraf Hakimi,Paris Saint-Germain,1.0
2026-27,FRA1,780815,marseille,0.0,1.0,5.0,2.0,0.22999999999999998,0.22999999999999998,0.85,1,8.0,5,4,0.0,1,11,230,15.0,11.0,0.0,8.0,0.0,0.0,353,4,Amine Harit,Marseille,3.0
2026-27,FRA1,791805,le havre,0.0,0.0,3.0,1.0,0.6799999999999999,0.6799999999999999,0.05,4,2.0,0,0,1.0,2,4,74,11.0,2.0,2.0,3.0,0.0,0.0,187,4,Josh Maja,Le Havre,3.0
2026-27,FRA1,792653,le havre,0.0,0.0,1.0,0.0,0.03,0.03,0.32,3,0.0,9,9,1.0,26,16,198,2.0,0.0,6.0,1.0,0.0,0.0,270,3,Ahmed Touba,Le Havre,1.0
2026-27,FRA1,800880,paris saint germain,0.0,0.0,0.0,0.0,0.0,0.0,0.0,0,1.0,0,0,0.0,8,32,129,0.0,0.0,1.0,0.0,7.0,6.0,360,4,Matvey Safonov,Paris Saint-Germain,0.0
2026-27,FRA1,807955,le mans,3.0,1.0,10.0,6.0,3.95,3.16,0.42999999999999994,5,3.0,1,0,0.0,0,6,89,16.0,0.0,4.0,2.0,0.0,0.0,333,4,Louis Mafouta,Le Mans,3.0
2026-27,FRA1,812415,brest,0.0,1.0,3.0,1.0,0.05,0.05,0.28,3,3.0,7,7,1.0,2,14,126,3.0,3.0,0.0,3.0,0.0,0.0,180,3,Hugo Magnetti,Brest,2.0
2026-27,FRA1,813055,rennes,0.0,0.0,8.0,3.0,0.45999999999999996,0.45999999999999996,0.79,3,2.0,4,1,0.0,1,15,124,27.0,4.0,1.0,5.0,0.0,0.0,255,4,Mousa Tamari,Rennes,2.0
2026-27,FRA1,815465,lille,0.0,0.0,2.0,0.0,0.08,0.08,0.06,3,2.0,6,3,2.0,13,12,217,6.0,3.0,3.0,1.0,0.0,0.0,301,4,Romain Perraud,Lille,1.0
2026-27,FRA1,815912,lille,0.0,0.0,0.0,0.0,0.0,0.0,0.0,0,2.0,0,0,0.0,2,33,207,0.0,0.0,1.0,0.0,14.0,2.0,360,4,Berke Özer,Lille,0.0
2026-27,FRA1,817724,auxerre,1.0,0.0,8.0,5.0,1.46,0.6799999999999999,0.16,4,3.0,8,0,0.0,4,11,152,15.0,10.0,7.0,6.0,0.0,0.0,319,4,Danny Namaso,Auxerre,2.0
2026-27,FRA1,841395,lorient,0.0,0.0,1.0,0.0,0.37,0.37,0.0,0,0.0,0,0,0.0,1,2,7,1.0,0.0,1.0,0.0,0.0,0.0,44,2,Aiyegun Tosin,Lorient,3.0
2026-27,FRA1,844437,marseille,4.0,0.0,13.0,6.0,2.49,1.7000000000000002,0.22999999999999998,1,3.0,1,0,0.0,1,9,172,27.0,9.0,3.0,3.0,0.0,0.0,358,4,Amine Gouiri,Marseille,3.0
2026-27,FRA1,845943,toulouse,0.0,3.0,5.0,1.0,0.87,0.87,1.47,8,9.0,20,3,2.0,12,36,453,5.0,0.0,6.0,15.0,0.0,0.0,360,4,Cristian Cásseres,Toulouse,2.0
2026-27,FRA1,846392,lorient,0.0,0.0,3.0,2.0,0.25,0.25,0.1,1,2.0,5,2,4.0,28,16,322,6.0,1.0,8.0,0.0,0.0,0.0,360,4,Montassar Talbi,Lorient,1.0
2026-27,FRA1,847629,marseille,0.0,0.0,1.0,1.0,0.05,0.05,0.0,1,0.0,0,1,0.0,2,1,40,1.0,0.0,0.0,0.0,0.0,0.0,26,3,Derek Cornelius,Marseille,1.0
2026-27,FRA1,848667,marseille,0.0,1.0,8.0,2.0,0.98,0.98,0.46,4,4.0,7,3,0.0,0,17,212,9.0,3.0,2.0,3.0,0.0,0.0,312,4,Angel Gomes,Marseille,2.0
2026-27,FRA1,857120,le havre,0.0,0.0,3.0,0.0,0.27999999999999997,0.27999999999999997,0.24,5,1.0,4,6,3.0,21,10,249,4.0,0.0,6.0,6.0,0.0,0.0,360,4,Ayumu Seko,Le Havre,1.0
2026-27,FRA1,861445,lens,0.0,0.0,3.0,2.0,0.85,0.85,0.05,4,0.0,6,3,0.0,2,12,124,2.0,1.0,0.0,2.0,0.0,0.0,217,4,Michaël Cuisance,Lens,2.0
2026-27,FRA1,874319,le mans,0.0,0.0,1.0,1.0,0.04,0.04,0.11,1,8.0,1,1,0.0,2,4,102,3.0,1.0,4.0,1.0,0.0,0.0,180,2,Lucas Buadés,Le Mans,2.0
2026-27,FRA1,881771,paris saint germain,3.0,0.0,6.0,3.0,1.43,1.43,0.12,0,3.0,0,2,0.0,0,5,86,8.0,2.0,2.0,3.0,0.0,0.0,221,4,Ferrán Torres,Paris Saint-Germain,3.0
2026-27,FRA1,887704,lyon,0.0,0.0,0.0,0.0,0.0,0.0,0.0,0,0.0,1,0,0.0,0,0,3,0.0,0.0,0.0,0.0,0.0,0.0,15,1,Keito Nakamura,Lyon,3.0
2026-27,FRA1,889536,marseille,0.0,0.0,4.0,2.0,0.16999999999999998,0.16999999999999998,0.5700000000000001,6,5.0,8,1,3.0,12,15,323,5.0,1.0,3.0,5.0,0.0,0.0,360,4,Timothy Weah,Marseille,1.0
2026-27,FRA1,890263,monaco,0.0,1.0,0.0,0.0,0.0,0.0,0.53,0,0.0,2,1,1.0,5,1,20,2.0,0.0,0.0,1.0,0.0,0.0,38,1,Jordan Teze,Monaco,2.0
2026-27,FRA1,900433,paris saint germain,0.0,1.0,10.0,4.0,0.51,0.51,0.97,1,3.0,2,1,0.0,0,7,178,17.0,7.0,0.0,6.0,0.0,0.0,224,4,Khvicha Kvaratskhelia,Paris Saint-Germain,3.0
2026-27,FRA1,904021,auxerre,0.0,1.0,4.0,1.0,0.2,0.2,0.24000000000000002,2,0.0,2,0,0.0,0,8,114,8.0,2.0,1.0,5.0,0.0,0.0,170,4,Romain Faivre,Auxerre,3.0
2026-27,FRA1,912286,le havre,0.0,0.0,0.0,0.0,0.0,0.0,0.0,1,0.0,0,0,0.0,2,39,158,0.0,0.0,1.0,0.0,19.0,4.0,269,3,Lionel Mpasi-Nzau,Le Havre,0.0
2026-27,FRA1,917808,troyes,1.0,0.0,5.0,1.0,1.33,1.33,0.02,3,2.0,1,0,0.0,0,3,52,10.0,1.0,7.0,0.0,0.0,0.0,124,2,Jérémy Le Douaron,Troyes,2.0
2026-27,FRA1,923196,paris fc,4.0,0.0,12.0,7.0,3.1999999999999997,1.62,0.27,5,7.0,8,5,0.0,2,5,143,19.0,10.0,6.0,7.0,0.0,0.0,348,4,Lassine Sinayoko,Paris FC,3.0
2026-27,FRA1,924446,rennes,0.0,0.0,0.0,0.0,0.0,0.0,0.0,1,0.0,1,1,0.0,3,1,22,0.0,0.0,0.0,0.0,0.0,0.0,24,2,Bryan Reynolds,Rennes,1.0
2026-27,FRA1,924485,toulouse,0.0,0.0,0.0,0.0,0.0,0.0,0.07,5,3.0,3,5,2.0,24,17,326,3.0,0.0,8.0,2.0,0.0,0.0,360,4,Mark McKenzie,Toulouse,1.0
2026-27,FRA1,942358,lille,0.0,0.0,1.0,0.0,0.1,0.1,0.18,2,1.0,1,3,1.0,2,7,46,1.0,0.0,0.0,0.0,0.0,0.0,94,2,Félix Correia,Lille,3.0
2026-27,FRA1,942393,lille,1.0,0.0,5.0,3.0,1.08,1.08,0.14,7,0.0,0,0,0.0,1,2,35,12.0,1.0,1.0,1.0,0.0,0.0,104,2,Ayase Ueda,Lille,3.0
2026-27,FRA1,942893,auxerre,0.0,0.0,1.0,0.0,0.03,0.03,0.01,0,0.0,0,0,0.0,0,2,6,2.0,0.0,0.0,0.0,0.0,0.0,19,1,Thelonius Bair,Auxerre,3.0
2026-27,FRA1,944385,nice,0.0,0.0,0.0,0.0,0.0,0.0,0.01,0,2.0,1,0,0.0,0,0,14,1.0,0.0,1.0,0.0,0.0,0.0,21,2,Isak Jansson,Nice,3.0
2026-27,FRA1,951498,lyon,1.0,0.0,3.0,2.0,0.35,0.35,0.06,3,2.0,4,1,1.0,17,6,327,3.0,0.0,7.0,1.0,0.0,0.0,356,4,Felix Bacher,Lyon,1.0
2026-27,FRA1,952325,marseille,0.0,0.0,1.0,0.0,0.27,0.27,0.0,0,0.0,0,0,0.0,0,0,3,2.0,1.0,0.0,0.0,0.0,0.0,8,3,Faris Moumbagna,Marseille,3.0
2026-27,FRA1,953812,nice,0.0,1.0,2.0,2.0,0.30000000000000004,0.30000000000000004,0.6000000000000001,2,1.0,5,2,0.0,0,10,171,10.0,9.0,0.0,8.0,0.0,0.0,240,4,Sofiane Diop,Nice,2.0
2026-27,FRA1,954190,lens,0.0,1.0,1.0,0.0,0.02,0.02,1.23,4,8.0,3,7,0.0,10,13,200,5.0,3.0,1.0,7.0,0.0,0.0,252,4,Michał Skóras,Lens,2.0
2026-27,FRA1,955214,lens,0.0,0.0,1.0,0.0,0.02,0.02,0.0,2,0.0,0,0,0.0,3,1,27,1.0,0.0,0.0,1.0,0.0,0.0,35,1,Jean-Clair Todibo,Lens,1.0
2026-27,FRA1,955411,toulouse,0.0,1.0,2.0,0.0,0.32,0.32,0.25,3,6.0,0,2,0.0,2,10,88,8.0,3.0,0.0,4.0,0.0,0.0,170,2,Yann Gboho,Toulouse,2.0
2026-27,FRA1,956659,marseille,0.0,0.0,1.0,0.0,0.02,0.02,0.17,4,2.0,4,0,1.0,4,22,218,3.0,1.0,1.0,2.0,0.0,0.0,295,4,Himad Abdelli,Marseille,2.0
2026-27,FRA1,961770,le mans,0.0,0.0,0.0,0.0,0.0,0.0,0.04,0,1.0,1,1,0.0,0,4,33,0.0,3.0,0.0,1.0,0.0,0.0,38,2,Billal Brahimi,Le Mans,2.0
2026-27,FRA1,970563,marseille,0.0,0.0,0.0,0.0,0.0,0.0,0.01,2,1.0,0,0,0.0,0,1,21,1.0,0.0,0.0,0.0,0.0,0.0,45,1,Quinten Timber,Marseille,2.0
2026-27,FRA1,972120,rennes,0.0,0.0,0.0,0.0,0.0,0.0,0.03,0,0.0,0,0,0.0,0,3,14,2.0,1.0,0.0,1.0,0.0,0.0,13,2,Boulaye Dia,Rennes,3.0
2026-27,FRA1,979759,nice,0.0,0.0,3.0,0.0,0.25,0.25,0.18,0,2.0,0,0,0.0,0,6,64,3.0,0.0,0.0,0.0,0.0,0.0,141,4,Nathan N'Goumou,Nice,3.0
2026-27,FRA1,988160,lille,0.0,0.0,2.0,1.0,0.18,0.18,0.08,0,2.0,0,1,0.0,0,3,44,2.0,4.0,0.0,0.0,0.0,0.0,72,2,Osame Sahraoui,Lille,3.0
2026-27,FRA1,992082,troyes,0.0,0.0,0.0,0.0,0.0,0.0,0.0,1,1.0,0,1,0.0,1,2,14,0.0,0.0,1.0,0.0,0.0,0.0,19,2,Alexandre Phliponeau,Troyes,2.0
2026-27,FRA1,999690,paris fc,0.0,1.0,9.0,3.0,1.1199999999999999,1.1199999999999999,0.9199999999999999,7,7.0,6,2,0.0,1,30,258,18.0,3.0,1.0,8.0,0.0,0.0,337,4,Ilan Kebbal,Paris FC,2.0
2026-27,FRA1,1002617,lens,1.0,0.0,1.0,1.0,0.79,0.79,0.02,1,1.0,1,2,0.0,1,2,30,2.0,0.0,0.0,0.0,0.0,0.0,62,1,Saud Abdulhamid,Lens,2.0
2026-27,FRA1,1011026,angers,0.0,0.0,10.0,2.0,0.63,0.63,0.8600000000000001,2,7.0,3,2,0.0,1,15,157,21.0,6.0,2.0,4.0,0.0,0.0,295,4,Jim Allevinah,Angers,3.0
2026-27,FRA1,1030945,troyes,0.0,0.0,3.0,0.0,0.11,0.11,0.02,4,3.0,4,1,1.0,4,7,69,5.0,0.0,7.0,1.0,0.0,0.0,182,4,Iron Gomis,Troyes,2.0
2026-27,FRA1,1033099,nice,0.0,0.0,0.0,0.0,0.0,0.0,0.0,0,0.0,0,1,0.0,0,1,10,0.0,0.0,0.0,0.0,0.0,0.0,4,1,Hicham Boudaoui,Nice,2.0
2026-27,FRA1,1037539,lyon,0.0,2.0,3.0,1.0,0.13,0.13,0.42,2,1.0,4,0,0.0,3,8,96,9.0,2.0,2.0,4.0,0.0,0.0,194,4,Pavel Šulc,Lyon,3.0
2026-27,FRA1,1038058,troyes,0.0,0.0,4.0,1.0,0.15,0.15,0.04,0,1.0,0,0,0.0,0,3,16,5.0,0.0,0.0,1.0,0.0,0.0,35,2,Timothé Nkada,Troyes,3.0
2026-27,FRA1,1039219,paris fc,1.0,0.0,1.0,1.0,0.07,0.07,0.060000000000000005,6,0.0,2,7,3.0,10,9,182,3.0,0.0,0.0,1.0,0.0,0.0,270,3,Samir Chergui,Paris FC,1.0
2026-27,FRA1,1039807,le mans,0.0,0.0,4.0,2.0,0.13,0.13,0.37000000000000005,8,2.0,7,6,1.0,12,13,190,1.0,2.0,4.0,5.0,0.0,0.0,268,4,Alexandre Lauray,Le Mans,2.0
2026-27,FRA1,1044470,lille,1.0,0.0,5.0,4.0,0.55,0.55,0.8300000000000001,5,4.0,4,3,0.0,6,14,161,11.0,5.0,1.0,7.0,0.0,0.0,307,4,Hákon Arnar Haraldsson,Lille,2.0
2026-27,FRA1,1050822,strasbourg,0.0,0.0,1.0,0.0,0.06,0.06,0.01,1,0.0,5,2,1.0,9,6,120,1.0,0.0,0.0,0.0,0.0,0.0,180,2,Andrew Omobamidele,Strasbourg,1.0
2026-27,FRA1,1053678,paris fc,0.0,0.0,0.0,0.0,0.0,0.0,0.01,1,0.0,1,0,1.0,4,1,127,0.0,0.0,0.0,0.0,0.0,0.0,91,2,Mamadou Mbow,Paris FC,1.0
2026-27,FRA1,1053713,lens,0.0,0.0,1.0,1.0,0.06,0.06,0.01,1,0.0,1,3,4.0,3,4,104,0.0,1.0,1.0,0.0,0.0,0.0,152,2,Maik Nawrocki,Lens,1.0
2026-27,FRA1,1057433,lyon,0.0,0.0,1.0,0.0,0.02,0.02,0.05,2,1.0,2,0,0.0,1,4,27,1.0,1.0,0.0,1.0,0.0,0.0,27,3,Tanner Tessmann,Lyon,2.0
2026-27,FRA1,1057703,nice,0.0,0.0,1.0,0.0,0.06,0.06,0.08,3,4.0,3,9,5.0,18,21,493,2.0,0.0,5.0,0.0,0.0,0.0,360,4,Youssouf Ndayishimiye,Nice,1.0
2026-27,FRA1,1060604,lyon,0.0,0.0,0.0,0.0,0.0,0.0,0.19,2,3.0,0,0,0.0,3,10,125,0.0,1.0,0.0,3.0,0.0,0.0,190,3,Abner,Lyon,1.0
2026-27,FRA1,1061249,paris saint germain,1.0,1.0,9.0,3.0,0.31,0.31,1.5899999999999999,2,1.0,3,4,1.0,3,22,435,4.0,3.0,0.0,7.0,0.0,0.0,339,4,Vítinha,Paris Saint-Germain,2.0
2026-27,FRA1,1068902,le mans,0.0,0.0,2.0,1.0,0.06,0.06,0.01,1,1.0,0,1,0.0,3,3,63,2.0,1.0,0.0,1.0,0.0,0.0,93,2,Yasser Larouci,Le Mans,1.0
2026-27,FRA1,1070404,lille,0.0,1.0,1.0,1.0,0.32,0.32,0.22,0,0.0,0,0,0.0,0,1,26,2.0,1.0,0.0,3.0,0.0,0.0,29,1,Maurits Kjærgaard,Lille,2.0
2026-27,FRA1,1071179,strasbourg,1.0,0.0,6.0,3.0,0.52,0.52,0.51,2,4.0,2,1,0.0,2,15,141,11.0,5.0,2.0,6.0,0.0,0.0,241,4,Giovanni Reyna,Strasbourg,2.0
2026-27,FRA1,1072117,le havre,0.0,0.0,3.0,0.0,0.14,0.14,0.32,4,2.0,4,0,0.0,1,2,85,3.0,0.0,0.0,5.0,0.0,0.0,152,3,Kaito Mizuta,Le Havre,2.0
2026-27,FRA1,1073905,le havre,0.0,0.0,6.0,1.0,0.39,0.39,0.47,2,5.0,7,2,1.0,0,14,175,11.0,0.0,1.0,6.0,0.0,0.0,225,3,Rassoul Ndiaye,Le Havre,2.0
2026-27,FRA1,1079539,lille,1.0,1.0,4.0,1.0,0.36,0.36,0.15,2,2.0,3,2,0.0,2,9,94,9.0,1.0,1.0,3.0,0.0,0.0,138,3,Dilane Bakwa,Lille,3.0
2026-27,FRA1,1079548,brest,0.0,0.0,6.0,2.0,0.22999999999999998,0.22999999999999998,1.51,4,1.0,5,7,1.0,6,27,292,0.0,2.0,2.0,11.0,0.0,0.0,348,4,Joris Chotard,Brest,2.0
2026-27,FRA1,1079554,rennes,0.0,0.0,1.0,0.0,0.03,0.03,0.02,0,0.0,3,1,4.0,19,4,149,1.0,0.0,5.0,0.0,0.0,0.0,180,2,Anthony Rouault,Rennes,1.0
2026-27,FRA1,1081025,lyon,0.0,0.0,3.0,0.0,0.18,0.18,0.17,2,5.0,14,5,1.0,1,10,125,8.0,2.0,1.0,2.0,0.0,0.0,305,4,Mads Bidstrup,Lyon,2.0
2026-27,FRA1,1086647,auxerre,2.0,0.0,5.0,3.0,1.5,1.5,0.35000000000000003,5,1.0,0,1,2.0,0,7,53,12.0,2.0,1.0,1.0,0.0,0.0,164,2,Cameron Archer,Auxerre,3.0
2026-27,FRA1,1092403,nice,0.0,0.0,1.0,0.0,0.02,0.02,0.08,1,2.0,3,1,2.0,5,13,106,2.0,0.0,5.0,2.0,0.0,0.0,172,2,Melvin Bard,Nice,1.0
2026-27,FRA1,1097446,lorient,0.0,0.0,6.0,0.0,0.25,0.25,0.2,3,4.0,7,3,1.0,5,23,283,4.0,1.0,4.0,3.0,0.0,0.0,354,4,Noah Cadiou,Lorient,2.0
2026-27,FRA1,1098243,le havre,0.0,0.0,0.0,0.0,0.0,0.0,0.03,1,1.0,0,1,1.0,0,3,22,0.0,0.0,0.0,0.0,0.0,0.0,40,1,Yanis Zouaoui,Le Havre,1.0
2026-27,FRA1,1102240,toulouse,1.0,0.0,5.0,1.0,1.31,1.31,0.26,1,0.0,0,0,0.0,0,0,27,8.0,1.0,0.0,1.0,0.0,0.0,70,2,Casper Tengstedt,Toulouse,3.0
2026-27,FRA1,1103837,rennes,0.0,1.0,5.0,1.0,0.28,0.28,0.06,4,5.0,2,3,2.0,5,5,106,7.0,3.0,6.0,2.0,0.0,0.0,215,4,Issa Soumaré,Rennes,3.0
2026-27,FRA1,1104441,nice,0.0,0.0,0.0,0.0,0.0,0.0,0.12,0,1.0,4,5,1.0,0,5,96,1.0,0.0,3.0,0.0,0.0,0.0,145,2,Niels Nkounkou,Nice,2.0
2026-27,FRA1,1106866,toulouse,1.0,0.0,8.0,4.0,1.55,1.55,0.39,4,0.0,1,1,0.0,4,6,84,14.0,1.0,2.0,2.0,0.0,0.0,252,4,Jacen Russell-Rowe,Toulouse,3.0
2026-27,FRA1,1107257,lorient,0.0,0.0,2.0,0.0,0.1,0.1,0.0,0,2.0,1,0,0.0,1,1,24,5.0,1.0,2.0,1.0,0.0,0.0,38,2,Souleymane Faye,Lorient,3.0
2026-27,FRA1,1108031,troyes,0.0,1.0,2.0,0.0,0.1,0.1,0.89,2,3.0,3,2,0.0,1,7,102,8.0,2.0,2.0,3.0,0.0,0.0,207,4,Kandet Diawara,Troyes,3.0
2026-27,FRA1,1108603,le havre,0.0,0.0,2.0,0.0,0.1,0.1,0.06,6,1.0,8,3,0.0,6,5,116,3.0,1.0,1.0,1.0,0.0,0.0,208,3,Timothée Pembélé,Le Havre,2.0
2026-27,FRA1,1113724,lyon,0.0,0.0,2.0,0.0,0.04,0.04,0.36,5,0.0,4,2,1.0,3,10,212,4.0,2.0,2.0,3.0,0.0,0.0,287,4,Tyler Morton,Lyon,2.0
2026-27,FRA1,1113784,auxerre,0.0,0.0,0.0,0.0,0.0,0.0,0.01,0,0.0,1,0,0.0,0,0,16,0.0,1.0,0.0,0.0,0.0,0.0,32,2,Pierre Ekwah,Auxerre,2.0
2026-27,FRA1,1113809,monaco,0.0,0.0,0.0,0.0,0.0,0.0,0.02,0,2.0,2,0,0.0,2,1,20,0.0,1.0,1.0,0.0,0.0,0.0,42,2,Mika Biereth,Monaco,3.0
2026-27,FRA1,1114371,le mans,0.0,0.0,0.0,0.0,0.0,0.0,0.0,0,2.0,0,0,0.0,3,23,104,0.0,0.0,2.0,0.0,5.0,4.0,189,3,Ewan Hatfout,Le Mans,0.0
2026-27,FRA1,1123505,angers,1.0,1.0,9.0,2.0,0.9400000000000001,0.9400000000000001,0.060000000000000005,3,7.0,4,1,0.0,1,6,114,14.0,8.0,14.0,2.0,0.0,0.0,308,4,Amine El Ouazzani,Angers,3.0
2026-27,FRA1,1125076,lyon,0.0,0.0,0.0,0.0,0.0,0.0,0.0,0,0.0,0,0,0.0,1,0,15,0.0,0.0,0.0,0.0,0.0,0.0,4,1,Ruben Kluivert,Lyon,1.0
2026-27,FRA1,1133081,auxerre,0.0,0.0,2.0,0.0,0.33,0.33,0.01,3,3.0,3,3,1.0,9,6,112,1.0,0.0,3.0,0.0,0.0,0.0,180,2,Sinaly Diomandé,Auxerre,1.0
2026-27,FRA1,1134206,nice,0.0,0.0,2.0,0.0,0.17,0.17,0.8,1,2.0,3,0,0.0,0,5,54,11.0,1.0,1.0,1.0,0.0,0.0,111,2,Mohamed Amoura,Nice,3.0
2026-27,FRA1,1137670,paris saint germain,0.0,0.0,1.0,0.0,0.05,0.05,0.05,1,1.0,9,4,3.0,7,21,300,0.0,1.0,6.0,0.0,0.0,0.0,360,4,Willian Pacho,Paris Saint-Germain,1.0
2026-27,FRA1,1156569,strasbourg,0.0,2.0,5.0,2.0,0.71,0.71,1.2200000000000002,3,0.0,2,0,0.0,3,6,152,13.0,2.0,1.0,7.0,0.0,0.0,313,4,Sebastian Nanasi,Strasbourg,2.0
2026-27,FRA1,1158945,paris saint germain,0.0,0.0,1.0,0.0,0.08,0.08,0.08,0,2.0,2,1,1.0,4,2,97,3.0,1.0,1.0,1.0,0.0,0.0,90,1,Nuno Mendes,Paris Saint-Germain,1.0
2026-27,FRA1,1169692,angers,0.0,0.0,7.0,1.0,0.59,0.59,0.01,4,0.0,2,0,0.0,2,5,34,5.0,2.0,4.0,1.0,0.0,0.0,44,4,Usman Simbakoli,Angers,3.0
2026-27,FRA1,1177312,strasbourg,0.0,0.0,0.0,0.0,0.0,0.0,0.01,1,1.0,2,0,0.0,0,3,26,1.0,3.0,0.0,0.0,0.0,0.0,76,2,Sékou Mara,Strasbourg,3.0
2026-27,FRA1,1178325,angers,0.0,1.0,2.0,0.0,0.22,0.22,0.19,0,0.0,7,6,5.0,25,13,267,5.0,0.0,5.0,2.0,0.0,0.0,360,4,Ousmane Camara,Angers,1.0
2026-27,FRA1,1178332,strasbourg,0.0,0.0,0.0,0.0,0.0,0.0,0.0,2,0.0,2,0,1.0,6,10,109,0.0,0.0,4.0,0.0,0.0,0.0,160,2,Ismaël Doukouré,Strasbourg,1.0
2026-27,FRA1,1179331,nice,0.0,0.0,3.0,0.0,0.15000000000000002,0.15000000000000002,0.1,1,2.0,7,3,0.0,7,12,295,2.0,2.0,6.0,0.0,0.0,0.0,251,4,Mohamed Abdelmonem,Nice,1.0
2026-27,FRA1,1180696,le havre,0.0,1.0,2.0,0.0,0.09,0.09,0.29000000000000004,3,1.0,1,4,0.0,0,3,51,2.0,2.0,0.0,2.0,0.0,0.0,95,2,Fodé Doucouré,Le Havre,3.0
2026-27,FRA1,1180718,nice,0.0,0.0,1.0,0.0,0.02,0.02,0.02,2,0.0,0,0,0.0,0,1,12,1.0,1.0,0.0,0.0,0.0,0.0,30,1,Mohamed-Ali Cho,Nice,3.0
2026-27,FRA1,1186444,rennes,0.0,0.0,2.0,0.0,0.09,0.09,0.04,3,4.0,3,3,5.0,22,15,294,3.0,0.0,19.0,0.0,0.0,0.0,360,4,Charlie Cresswell,Rennes,1.0
2026-27,FRA1,1186553,lille,0.0,0.0,0.0,0.0,0.0,0.0,0.02,3,5.0,5,2,4.0,29,7,301,0.0,0.0,9.0,0.0,0.0,0.0,360,4,Alexsandro Ribeiro,Lille,1.0
2026-27,FRA1,1187227,marseille,0.0,0.0,0.0,0.0,0.0,0.0,0.15000000000000002,1,4.0,7,6,3.0,24,19,330,3.0,0.0,10.0,1.0,0.0,0.0,345,4,CJ Egan-Riley,Marseille,1.0
2026-27,FRA1,1189856,lens,1.0,1.0,7.0,2.0,0.73,0.73,0.46,6,5.0,3,4,0.0,3,8,132,24.0,4.0,6.0,5.0,0.0,0.0,326,4,Abdallah Sima,Lens,2.0
2026-27,FRA1,1190113,paris fc,0.0,0.0,1.0,0.0,0.11,0.11,0.02,2,1.0,4,3,4.0,13,13,183,2.0,0.0,2.0,0.0,0.0,0.0,173,2,Otávio,Paris FC,1.0
2026-27,FRA1,1192854,auxerre,0.0,0.0,1.0,1.0,0.02,0.02,0.45999999999999996,0,2.0,1,0,1.0,4,10,151,10.0,4.0,1.0,5.0,0.0,0.0,242,4,Naouirou Ahamada,Auxerre,2.0
2026-27,FRA1,1199382,auxerre,0.0,0.0,2.0,0.0,0.06,0.06,0.09,1,0.0,2,0,0.0,0,2,34,2.0,0.0,1.0,0.0,0.0,0.0,22,2,Josué Casimir,Auxerre,2.0
2026-27,FRA1,1200984,strasbourg,0.0,0.0,0.0,0.0,0.0,0.0,0.01,0,2.0,1,0,0.0,10,32,229,0.0,0.0,2.0,0.0,16.0,8.0,360,4,Filip Jörgensen,Strasbourg,0.0
2026-27,FRA1,1202070,lorient,0.0,0.0,2.0,0.0,0.06,0.06,0.03,0,2.0,0,0,0.0,0,4,43,0.0,0.0,0.0,0.0,0.0,0.0,71,3,Isak Steiner Jensen,Lorient,3.0
2026-27,FRA1,1202891,le mans,0.0,0.0,0.0,0.0,0.0,0.0,0.0,2,0.0,5,0,0.0,8,2,51,0.0,0.0,1.0,0.0,0.0,0.0,74,2,Raúl Torrente,Le Mans,1.0
2026-27,FRA1,1203189,auxerre,0.0,0.0,0.0,0.0,0.0,0.0,0.02,1,0.0,1,2,2.0,6,8,56,1.0,2.0,0.0,1.0,0.0,0.0,119,2,Fredrik Oppegård,Auxerre,1.0
2026-27,FRA1,1207992,monaco,0.0,0.0,2.0,0.0,0.060000000000000005,0.060000000000000005,0.63,6,2.0,11,5,4.0,10,17,274,9.0,2.0,3.0,3.0,0.0,0.0,321,4,Vanderson,Monaco,1.0
2026-27,FRA1,1213430,nice,1.0,0.0,5.0,3.0,0.87,0.87,0.16,0,5.0,1,1,0.0,0,2,78,14.0,2.0,4.0,3.0,0.0,0.0,203,3,Elye Wahi,Nice,3.0
2026-27,FRA1,1225704,lorient,1.0,0.0,1.0,1.0,0.19,0.19,0.03,3,5.0,3,3,0.0,2,9,88,2.0,4.0,0.0,0.0,0.0,0.0,142,3,Noah Mbamba,Lorient,2.0
2026-27,FRA1,1231909,brest,0.0,1.0,6.0,2.0,0.35,0.35,0.03,3,1.0,8,0,0.0,1,8,77,2.0,1.0,1.0,2.0,0.0,0.0,102,2,Mamady Diambou,Brest,2.0
2026-27,FRA1,1233931,rennes,0.0,0.0,0.0,0.0,0.0,0.0,0.48,5,1.0,0,2,0.0,4,9,126,2.0,1.0,1.0,3.0,0.0,0.0,158,3,Quentin Merlin,Rennes,1.0
2026-27,FRA1,1239590,monaco,1.0,1.0,1.0,1.0,0.38,0.38,0.37,5,3.0,10,7,2.0,13,17,282,3.0,0.0,2.0,4.0,0.0,0.0,350,4,Flávio Nazinho,Monaco,1.0
2026-27,FRA1,1239595,strasbourg,0.0,1.0,2.0,0.0,0.37,0.37,0.07,0,5.0,0,1,1.0,1,4,53,2.0,3.0,0.0,3.0,0.0,0.0,72,2,Dário Essugo,Strasbourg,2.0
2026-27,FRA1,1242587,angers,0.0,0.0,10.0,1.0,0.68,0.68,1.15,2,7.0,1,0,0.0,0,12,167,16.0,7.0,2.0,14.0,0.0,0.0,342,4,Amine Sbaï,Angers,3.0
2026-27,FRA1,1244864,le mans,0.0,1.0,3.0,0.0,0.39999999999999997,0.39999999999999997,0.060000000000000005,5,2.0,2,2,2.0,2,10,74,1.0,2.0,1.0,2.0,0.0,0.0,156,3,Jean Vercruysse,Le Mans,2.0
2026-27,FRA1,1250492,monaco,0.0,0.0,0.0,0.0,0.0,0.0,0.31,0,0.0,1,2,0.0,1,4,52,10.0,4.0,4.0,3.0,0.0,0.0,94,3,Matthis Abline,Monaco,3.0
2026-27,FRA1,1252070,lille,0.0,0.0,0.0,0.0,0.0,0.0,0.0,5,5.0,4,5,3.0,29,12,299,1.0,1.0,5.0,0.0,0.0,0.0,360,4,Nathan Ngoy,Lille,1.0
2026-27,FRA1,1254147,nice,0.0,0.0,3.0,0.0,0.1,0.1,0.04,1,2.0,5,2,0.0,3,6,155,2.0,3.0,2.0,1.0,0.0,0.0,124,3,Antoine Mendy,Nice,1.0
2026-27,FRA1,1255209,paris saint germain,0.0,0.0,0.0,0.0,0.0,0.0,0.11,0,0.0,2,0,1.0,1,3,65,1.0,1.0,1.0,0.0,0.0,0.0,84,2,Lucas Beraldo,Paris Saint-Germain,1.0
2026-27,FRA1,1255860,le havre,0.0,0.0,7.0,3.0,0.29000000000000004,0.29000000000000004,0.45999999999999996,7,6.0,9,5,1.0,10,20,257,5.0,1.0,7.0,9.0,0.0,0.0,360,4,Amir Richardson,Le Havre,2.0
2026-27,FRA1,1265963,marseille,0.0,0.0,4.0,2.0,0.48,0.48,0.22,6,6.0,2,0,0.0,1,8,169,12.0,4.0,2.0,4.0,0.0,0.0,250,3,Igor Paixão,Marseille,3.0
2026-27,FRA1,1276315,troyes,0.0,0.0,4.0,1.0,0.23,0.23,0.32,4,1.0,5,2,0.0,2,17,113,5.0,2.0,0.0,2.0,0.0,0.0,186,3,Dermane Karim,Troyes,2.0
2026-27,FRA1,1276685,auxerre,0.0,0.0,0.0,0.0,0.0,0.0,0.01,0,0.0,1,0,0.0,1,2,8,0.0,0.0,0.0,1.0,0.0,0.0,13,1,Lasso Coulibaly,Auxerre,2.0
2026-27,FRA1,1280225,rennes,3.0,0.0,16.0,8.0,2.19,1.4000000000000001,0.12000000000000001,2,3.0,0,2,0.0,4,6,113,19.0,4.0,6.0,4.0,0.0,0.0,347,4,Estéban Lepaul,Rennes,3.0
2026-27,FRA1,1282665,lorient,1.0,0.0,2.0,1.0,0.43000000000000005,0.43000000000000005,0.08,2,1.0,0,1,0.0,1,1,32,4.0,1.0,5.0,1.0,0.0,0.0,92,2,Ibrahima Baldé,Lorient,3.0
2026-27,FRA1,1285784,brest,0.0,0.0,0.0,0.0,0.0,0.0,0.37,3,9.0,11,7,1.0,13,21,289,0.0,2.0,4.0,4.0,0.0,0.0,358,4,Bradley Locko,Brest,1.0
2026-27,FRA1,1288907,lens,0.0,0.0,1.0,0.0,0.03,0.03,0.11,2,5.0,9,4,0.0,2,20,209,0.0,2.0,1.0,0.0,0.0,0.0,240,3,Yacine Titraoui,Lens,2.0
2026-27,FRA1,1289641,brest,0.0,0.0,1.0,0.0,0.04,0.04,0.0,0,0.0,0,0,0.0,0,1,5,1.0,0.0,0.0,0.0,0.0,0.0,19,1,Axel Camblan,Brest,3.0
2026-27,FRA1,1292354,lorient,0.0,0.0,3.0,1.0,0.26,0.26,0.04,2,2.0,8,5,2.0,10,2,133,5.0,2.0,0.0,2.0,0.0,0.0,200,4,Théo Le Bris,Lorient,2.0
2026-27,FRA1,1305543,auxerre,0.0,0.0,6.0,1.0,0.28,0.28,0.53,7,5.0,12,3,0.0,10,21,298,11.0,4.0,2.0,6.0,0.0,0.0,360,4,Kévin Danois,Auxerre,2.0
2026-27,FRA1,1305618,paris saint germain,0.0,0.0,1.0,1.0,0.3,0.3,0.55,4,1.0,9,4,0.0,1,11,178,10.0,3.0,1.0,5.0,0.0,0.0,201,4,Maghnes Akliouche,Paris Saint-Germain,3.0
2026-27,FRA1,1305787,le havre,0.0,0.0,0.0,0.0,0.0,0.0,0.060000000000000005,2,0.0,3,2,0.0,4,7,131,1.0,0.0,0.0,2.0,0.0,0.0,189,3,Elias Jelert,Le Havre,1.0
2026-27,FRA1,1310270,brest,4.0,1.0,12.0,5.0,3.56,2.77,0.5399999999999999,5,7.0,4,5,0.0,0,24,201,15.0,10.0,1.0,6.0,0.0,0.0,317,4,Kamory Doumbia,Brest,2.0
2026-27,FRA1,1311670,le mans,0.0,0.0,1.0,1.0,0.04,0.04,0.17,3,0.0,4,5,2.0,12,12,240,2.0,0.0,4.0,0.0,0.0,0.0,270,3,Harold Voyer,Le Mans,1.0
2026-27,FRA1,1317318,le mans,1.0,1.0,3.0,3.0,0.43,0.43,0.94,2,2.0,4,5,0.0,2,14,127,8.0,1.0,1.0,4.0,0.0,0.0,245,4,Lucas Calodat,Le Mans,1.0
2026-27,FRA1,1321149,troyes,0.0,0.0,4.0,0.0,0.37,0.37,0.06,4,4.0,10,5,1.0,9,18,197,4.0,7.0,1.0,1.0,0.0,0.0,345,4,Mouhamed Diop,Troyes,2.0
2026-27,FRA1,1321562,paris fc,0.0,0.0,0.0,0.0,0.0,0.0,0.08,2,1.0,5,3,2.0,27,17,373,1.0,0.0,6.0,1.0,0.0,0.0,360,4,Diego Coppola,Paris FC,1.0
2026-27,FRA1,1327156,angers,0.0,0.0,2.0,0.0,0.07,0.07,0.01,2,0.0,3,2,0.0,1,2,55,2.0,1.0,1.0,0.0,0.0,0.0,90,1,Jacques Ekomié,Angers,1.0
2026-27,FRA1,1329255,angers,0.0,0.0,0.0,0.0,0.0,0.0,0.0,0,0.0,0,0,0.0,0,1,3,1.0,1.0,0.0,1.0,0.0,0.0,2,1,Louis Mouton,Angers,2.0
2026-27,FRA1,1330942,troyes,1.0,0.0,3.0,1.0,0.42000000000000004,0.42000000000000004,0.39999999999999997,3,3.0,8,2,2.0,3,12,122,1.0,1.0,2.0,4.0,0.0,0.0,215,3,Lucas Maronnier,Troyes,1.0
2026-27,FRA1,1331097,paris fc,0.0,1.0,6.0,0.0,0.34,0.34,1.1,5,4.0,4,3,0.0,2,8,174,8.0,5.0,1.0,7.0,0.0,0.0,296,4,Pablo Pagis,Paris FC,2.0
2026-27,FRA1,1334805,auxerre,1.0,0.0,2.0,1.0,0.77,0.77,0.37,7,1.0,2,6,0.0,7,25,227,8.0,2.0,4.0,4.0,0.0,0.0,359,4,Lamine Sy,Auxerre,1.0
2026-27,FRA1,1335765,troyes,0.0,0.0,0.0,0.0,0.0,0.0,0.0,0,1.0,0,0,0.0,4,37,139,0.0,0.0,0.0,0.0,15.0,9.0,360,4,Patrick Beach,Troyes,0.0
2026-27,FRA1,1336846,strasbourg,0.0,0.0,0.0,0.0,0.0,0.0,0.0,1,0.0,2,0,0.0,3,1,12,0.0,0.0,0.0,0.0,0.0,0.0,12,2,Mateo Del Blanco,Strasbourg,1.0
2026-27,FRA1,1338390,lyon,1.0,1.0,8.0,1.0,0.5700000000000001,0.5700000000000001,0.61,4,4.0,1,1,0.0,1,8,116,15.0,2.0,2.0,3.0,0.0,0.0,234,3,Ernest Nuamah,Lyon,3.0
2026-27,FRA1,1339208,paris saint germain,0.0,0.0,10.0,3.0,0.68,0.68,0.65,4,10.0,8,2,0.0,0,10,225,15.0,8.0,0.0,5.0,0.0,0.0,222,4,Désiré Doué,Paris Saint-Germain,3.0
2026-27,FRA1,1340071,strasbourg,0.0,0.0,1.0,0.0,0.16,0.16,0.04,2,0.0,6,6,4.0,17,7,226,2.0,0.0,8.0,0.0,0.0,0.0,270,3,Jeyland Mitchell,Strasbourg,1.0
2026-27,FRA1,1342757,paris saint germain,0.0,0.0,7.0,3.0,0.8400000000000001,0.8400000000000001,0.21000000000000002,4,3.0,6,5,0.0,2,14,224,14.0,1.0,6.0,3.0,0.0,0.0,240,3,João Neves,Paris Saint-Germain,2.0
2026-27,FRA1,1342983,troyes,1.0,1.0,6.0,1.0,0.43,0.43,0.69,8,2.0,12,3,1.0,2,15,187,14.0,2.0,10.0,6.0,0.0,0.0,263,4,Antoine Mille,Troyes,2.0
2026-27,FRA1,1347229,lille,0.0,0.0,0.0,0.0,0.0,0.0,0.56,2,4.0,3,0,0.0,2,8,81,3.0,3.0,1.0,1.0,0.0,0.0,147,3,Başar Önal,Lille,2.0
2026-27,FRA1,1347791,angers,0.0,0.0,2.0,0.0,0.08,0.08,0.09,5,4.0,10,6,1.0,5,9,194,5.0,3.0,0.0,4.0,0.0,0.0,355,4,Yassin Belkhdim,Angers,3.0
2026-27,FRA1,1351065,lorient,0.0,0.0,0.0,0.0,0.0,0.0,0.06,1,5.0,7,11,3.0,18,17,327,0.0,0.0,7.0,0.0,0.0,0.0,360,4,Nathaniel Adjei,Lorient,1.0
2026-27,FRA1,1353104,marseille,0.0,0.0,0.0,0.0,0.0,0.0,0.03,0,1.0,2,0,0.0,0,2,45,1.0,1.0,0.0,0.0,0.0,0.0,35,2,Tochukwu Nnadi,Marseille,2.0
2026-27,FRA1,1359270,le mans,0.0,0.0,0.0,0.0,0.0,0.0,0.01,0,0.0,0,0,0.0,0,1,5,0.0,0.0,1.0,0.0,0.0,0.0,9,1,Milan Robin,Le Mans,2.0
2026-27,FRA1,1362516,toulouse,0.0,0.0,8.0,5.0,0.72,0.72,0.05,5,4.0,2,1,1.0,2,8,77,16.0,5.0,0.0,1.0,0.0,0.0,185,4,Santiago Hidalgo,Toulouse,3.0
2026-27,FRA1,1362622,le havre,0.0,0.0,0.0,0.0,0.0,0.0,0.02,2,1.0,5,4,1.0,9,6,117,0.0,6.0,0.0,1.0,0.0,0.0,225,3,Junior Mwanga,Le Havre,2.0
2026-27,FRA1,1364069,lyon,1.0,0.0,3.0,1.0,0.29,0.29,0.04,1,2.0,2,0,0.0,0,1,42,5.0,2.0,0.0,1.0,0.0,0.0,56,2,Malick Fofana,Lyon,3.0
2026-27,FRA1,1366618,nice,0.0,0.0,1.0,0.0,0.01,0.01,0.02,3,0.0,0,0,0.0,1,0,21,2.0,1.0,2.0,0.0,0.0,0.0,60,1,Zoumana Diallo,Nice,3.0
2026-27,FRA1,1366936,monaco,1.0,0.0,10.0,3.0,0.69,0.69,0.36,2,4.0,6,1,1.0,8,15,180,11.0,7.0,0.0,4.0,0.0,0.0,325,4,Stanis Idumbo,Monaco,3.0
2026-27,FRA1,1367615,paris saint germain,0.0,0.0,4.0,1.0,0.66,0.66,0.11,2,3.0,6,1,0.0,1,20,300,3.0,5.0,2.0,0.0,0.0,0.0,291,4,Warren Zaïre-Emery,Paris Saint-Germain,2.0
2026-27,FRA1,1368304,lyon,0.0,0.0,0.0,0.0,0.0,0.0,0.06,0,1.0,0,0,0.0,0,1,30,5.0,1.0,0.0,0.0,0.0,0.0,63,1,Julien Duranville,Lyon,3.0
2026-27,FRA1,1368318,paris fc,0.0,1.0,6.0,1.0,0.51,0.51,0.49,6,2.0,3,2,0.0,0,3,91,9.0,4.0,0.0,3.0,0.0,0.0,201,3,Luca Koleosho,Paris FC,3.0
2026-27,FRA1,1368710,lyon,1.0,0.0,1.0,1.0,0.07,0.07,0.04,2,1.0,1,1,0.0,1,7,50,1.0,0.0,1.0,1.0,0.0,0.0,101,3,Noah Nartey,Lyon,2.0
2026-27,FRA1,1387237,auxerre,0.0,0.0,0.0,0.0,0.0,0.0,0.0,0,0.0,0,1,0.0,8,32,139,0.0,0.0,1.0,0.0,16.0,11.0,360,4,Mamadou Diop,Auxerre,0.0
2026-27,FRA1,1388072,le mans,0.0,0.0,1.0,0.0,0.13,0.13,0.07,2,0.0,1,0,0.0,0,3,18,2.0,0.0,0.0,0.0,0.0,0.0,25,1,Daouda Traoré,Le Mans,2.0
2026-27,FRA1,1388678,auxerre,0.0,0.0,2.0,1.0,0.3,0.3,0.06,6,5.0,9,5,0.0,14,19,254,2.0,4.0,6.0,1.0,0.0,0.0,360,4,Clément Akpa,Auxerre,1.0
2026-27,FRA1,1390336,lens,0.0,0.0,0.0,0.0,0.0,0.0,0.0,0,1.0,0,0,0.0,5,33,167,0.0,0.0,2.0,0.0,11.0,7.0,360,4,Robin Risser,Lens,0.0
2026-27,FRA1,1391052,rennes,0.0,0.0,4.0,0.0,0.14,0.14,0.05,1,3.0,1,0,0.0,0,1,34,6.0,1.0,0.0,1.0,0.0,0.0,33,3,Eliezer Mayenda,Rennes,3.0
2026-27,FRA1,1395704,strasbourg,0.0,0.0,1.0,0.0,0.05,0.05,0.01,1,0.0,1,0,1.0,3,2,52,3.0,1.0,3.0,0.0,0.0,0.0,90,1,Guéla Doué,Strasbourg,1.0
2026-27,FRA1,1396372,paris saint germain,0.0,1.0,4.0,0.0,0.17,0.17,0.32,2,3.0,3,0,0.0,0,6,135,6.0,1.0,0.0,6.0,0.0,0.0,107,4,Mika Godts,Paris Saint-Germain,3.0
2026-27,FRA1,1397857,lille,2.0,0.0,6.0,4.0,0.43,0.43,0.31000000000000005,1,9.0,7,5,0.0,14,14,234,15.0,1.0,2.0,2.0,0.0,0.0,360,4,Tiago Santos,Lille,1.0
2026-27,FRA1,1399999,lorient,0.0,0.0,0.0,0.0,0.0,0.0,0.06,3,6.0,6,12,2.0,15,6,271,0.0,3.0,8.0,0.0,0.0,0.0,342,4,Dembo Sylla,Lorient,2.0
2026-27,FRA1,1401205,troyes,0.0,0.0,3.0,1.0,0.21000000000000002,0.21000000000000002,0.18,4,1.0,4,5,2.0,10,13,192,4.0,1.0,7.0,0.0,0.0,0.0,360,4,Michel Diaz,Troyes,1.0
2026-27,FRA1,1401248,auxerre,1.0,0.0,9.0,6.0,0.68,0.68,0.15,1,1.0,4,2,0.0,2,9,82,9.0,2.0,0.0,1.0,0.0,0.0,198,3,Rémy Lascary,Auxerre,3.0
2026-27,FRA1,1406419,lens,2.0,0.0,5.0,4.0,0.7,0.7,0.12,4,4.0,4,1,0.0,1,1,82,9.0,4.0,2.0,1.0,0.0,0.0,180,3,Franjo Ivanović,Lens,3.0
2026-27,FRA1,1406428,monaco,0.0,0.0,0.0,0.0,0.0,0.0,0.0,0,0.0,0,1,0.0,1,0,2,0.0,0.0,0.0,0.0,0.0,0.0,3,1,Christian Mawissa,Monaco,1.0
2026-27,FRA1,1406645,lens,1.0,0.0,3.0,2.0,0.6799999999999999,0.6799999999999999,0.42,1,2.0,6,5,0.0,12,10,218,5.0,0.0,5.0,1.0,0.0,0.0,259,3,Ismaëlo Ganiou,Lens,1.0
2026-27,FRA1,1411553,troyes,0.0,0.0,3.0,0.0,0.14,0.14,0.72,2,2.0,4,3,0.0,1,11,149,7.0,2.0,0.0,10.0,0.0,0.0,293,4,Hugo Picard,Troyes,2.0
2026-27,FRA1,1412956,monaco,3.0,0.0,13.0,6.0,2.3,2.3,0.19,2,3.0,5,0,0.0,4,5,116,20.0,5.0,6.0,3.0,0.0,0.0,301,4,Paris Brunner,Monaco,3.0
2026-27,FRA1,1417802,strasbourg,0.0,0.0,5.0,0.0,0.33,0.33,0.07,4,4.0,11,5,4.0,9,24,264,1.0,0.0,0.0,4.0,0.0,0.0,291,4,Pape Demba Diop,Strasbourg,2.0
2026-27,FRA1,1418073,strasbourg,2.0,0.0,5.0,4.0,0.27,0.27,0.08,1,2.0,1,2,0.0,0,8,65,4.0,1.0,0.0,1.0,0.0,0.0,118,4,Samuel Amo-Ameyaw,Strasbourg,2.0
2026-27,FRA1,1420942,le mans,0.0,0.0,0.0,0.0,0.0,0.0,0.0,2,0.0,2,2,2.0,14,4,84,0.0,0.0,2.0,0.0,0.0,0.0,180,2,Théo Eyoum,Le Mans,1.0
2026-27,FRA1,1426809,lille,1.0,0.0,8.0,6.0,1.07,1.07,0.47,2,4.0,2,1,1.0,2,6,111,13.0,1.0,0.0,5.0,0.0,0.0,208,4,Ethan Mbappé,Lille,3.0
2026-27,FRA1,1427018,brest,0.0,0.0,1.0,0.0,0.01,0.01,0.02,2,3.0,4,1,1.0,1,4,59,4.0,2.0,0.0,0.0,0.0,0.0,117,4,Joseph Boende,Brest,2.0
2026-27,FRA1,1427808,lorient,0.0,3.0,1.0,1.0,0.07,0.07,0.77,1,2.0,4,4,0.0,7,9,110,10.0,0.0,4.0,5.0,0.0,0.0,160,4,Panos Katseris,Lorient,2.0
2026-27,FRA1,1428153,lille,0.0,0.0,1.0,1.0,0.09,0.09,0.14,3,0.0,4,3,1.0,6,20,134,1.0,1.0,2.0,0.0,0.0,0.0,237,4,Ngal Ayel Mukau,Lille,2.0
2026-27,FRA1,1431818,angers,0.0,0.0,1.0,0.0,0.04,0.04,0.05,0,2.0,2,6,0.0,8,5,104,0.0,0.0,2.0,0.0,0.0,0.0,104,3,Lilian Rao-Lisoa,Angers,3.0
2026-27,FRA1,1436305,monaco,0.0,1.0,2.0,1.0,0.12000000000000001,0.12000000000000001,0.13,6,10.0,24,6,0.0,2,37,314,1.0,3.0,2.0,3.0,0.0,0.0,360,4,Lamine Camara,Monaco,2.0
2026-27,FRA1,1436942,strasbourg,0.0,0.0,0.0,0.0,0.0,0.0,0.02,2,0.0,3,1,0.0,8,5,133,1.0,1.0,2.0,2.0,0.0,0.0,184,3,Lucas Høgsberg,Strasbourg,1.0
2026-27,FRA1,1438609,le mans,0.0,0.0,0.0,0.0,0.0,0.0,0.0,0,0.0,0,0,1.0,0,1,9,0.0,0.0,0.0,0.0,0.0,0.0,27,1,Erwan Colas,Le Mans,3.0
2026-27,FRA1,1441582,auxerre,0.0,0.0,0.0,0.0,0.0,0.0,0.16999999999999998,3,3.0,4,7,2.0,5,22,201,1.0,5.0,4.0,2.0,0.0,0.0,339,4,Arthur Piedfort,Auxerre,2.0
2026-27,FRA1,1441955,brest,0.0,0.0,1.0,0.0,0.08,0.08,0.03,1,0.0,4,2,0.0,0,3,45,4.0,1.0,0.0,1.0,0.0,0.0,81,2,Giovani Versini,Brest,3.0
2026-27,FRA1,1469758,le havre,0.0,0.0,3.0,2.0,0.11000000000000001,0.11000000000000001,0.14,9,10.0,12,9,0.0,1,37,237,8.0,9.0,2.0,3.0,0.0,0.0,344,4,Simon Ebonog,Le Havre,2.0
2026-27,FRA1,1474555,auxerre,0.0,1.0,0.0,0.0,0.0,0.0,0.21,2,1.0,3,6,3.0,23,8,128,0.0,1.0,3.0,2.0,0.0,0.0,215,3,Christ Makosso,Auxerre,1.0
2026-27,FRA1,1481910,toulouse,1.0,0.0,9.0,3.0,1.8399999999999999,1.8399999999999999,0.63,5,1.0,8,3,0.0,0,14,194,18.0,4.0,2.0,8.0,0.0,0.0,348,4,Thomas Jørgensen,Toulouse,2.0
2026-27,FRA1,1482294,strasbourg,1.0,0.0,2.0,1.0,0.26,0.26,0.0,1,0.0,1,0,0.0,0,0,18,1.0,0.0,2.0,0.0,0.0,0.0,40,2,Conrad Harder,Strasbourg,3.0
2026-27,FRA1,1487879,toulouse,0.0,0.0,0.0,0.0,0.0,0.0,0.0,0,0.0,0,0,0.0,0,12,35,0.0,0.0,0.0,0.0,3.0,3.0,109,2,Mathys Niflore,Toulouse,0.0
2026-27,FRA1,1487935,troyes,0.0,0.0,1.0,0.0,0.01,0.01,0.02,0,1.0,0,0,1.0,1,3,53,1.0,1.0,0.0,0.0,0.0,0.0,55,1,Yvann Titi,Troyes,1.0
2026-27,FRA1,1487952,le havre,0.0,0.0,0.0,0.0,0.0,0.0,0.05,0,0.0,0,0,0.0,0,2,12,0.0,0.0,0.0,1.0,0.0,0.0,10,1,Ismaïl Bouneb,Le Havre,2.0
2026-27,FRA1,1494508,toulouse,0.0,0.0,0.0,0.0,0.0,0.0,0.01,1,0.0,0,2,1.0,2,3,33,1.0,0.0,0.0,1.0,0.0,0.0,45,1,Niko Sigur,Toulouse,1.0
2026-27,FRA1,1512829,lyon,0.0,0.0,0.0,0.0,0.0,0.0,0.03,2,1.0,0,4,0.0,1,7,100,0.0,2.0,0.0,0.0,0.0,0.0,90,1,Mohamed Ouédraogo,Lyon,2.0
2026-27,FRA1,1513317,paris fc,0.0,0.0,1.0,0.0,0.11,0.11,0.07,1,3.0,11,4,0.0,14,15,249,6.0,2.0,2.0,2.0,0.0,0.0,360,4,Adama Camara,Paris FC,2.0
2026-27,FRA1,1514456,brest,0.0,0.0,15.0,6.0,1.24,1.24,0.25,17,4.0,7,4,0.0,0,13,161,18.0,4.0,4.0,5.0,0.0,0.0,319,4,Pathé Mboup,Brest,3.0
2026-27,FRA1,1523208,monaco,0.0,0.0,0.0,0.0,0.0,0.0,0.04,4,2.0,7,2,4.0,18,17,254,3.0,0.0,3.0,1.0,0.0,0.0,360,4,Sadibou Sané,Monaco,1.0
2026-27,FRA1,1523312,le mans,0.0,0.0,0.0,0.0,0.0,0.0,0.02,4,4.0,3,5,3.0,2,11,88,0.0,0.0,0.0,1.0,0.0,0.0,152,3,Lucas Bretelle,Le Mans,2.0
2026-27,FRA1,1523321,troyes,0.0,0.0,1.0,0.0,0.12,0.12,0.49,1,2.0,1,1,0.0,2,7,131,6.0,1.0,1.0,9.0,0.0,0.0,236,3,Merwan Ifnaou,Troyes,3.0
2026-27,FRA1,1524210,toulouse,0.0,0.0,0.0,0.0,0.0,0.0,0.0,0,1.0,0,0,0.0,4,18,139,0.0,0.0,0.0,0.0,9.0,4.0,251,3,Guillaume Restes,Toulouse,0.0
2026-27,FRA1,1524548,monaco,0.0,0.0,0.0,0.0,0.0,0.0,0.2,2,7.0,4,4,0.0,1,12,136,4.0,6.0,0.0,3.0,0.0,0.0,211,3,Mamadou Coulibaly,Monaco,2.0
2026-27,FRA1,1529204,paris fc,0.0,0.0,0.0,0.0,0.0,0.0,0.01,1,2.0,1,0,0.0,0,2,14,0.0,0.0,0.0,0.0,0.0,0.0,12,2,Omar Sissoko,Paris FC,3.0
2026-27,FRA1,1553514,rennes,0.0,0.0,2.0,0.0,0.1,0.1,0.23,2,3.0,9,7,1.0,10,16,170,2.0,2.0,0.0,2.0,0.0,0.0,202,4,Mahamadou Nagida,Rennes,1.0
2026-27,FRA1,1565010,lorient,0.0,0.0,4.0,0.0,0.17,0.17,0.72,1,3.0,9,6,0.0,1,15,239,2.0,1.0,1.0,2.0,0.0,0.0,224,4,Arthur Avom,Lorient,2.0
2026-27,FRA1,1573544,angers,0.0,0.0,6.0,0.0,0.9299999999999999,0.9299999999999999,0.04,5,3.0,2,2,0.0,0,4,68,10.0,3.0,6.0,1.0,0.0,0.0,170,3,Anthony Bermont,Angers,3.0
2026-27,FRA1,1574189,paris saint germain,0.0,0.0,0.0,0.0,0.0,0.0,0.03,1,0.0,0,0,0.0,0,0,12,1.0,0.0,0.0,0.0,0.0,0.0,18,1,Senny Mayulu,Paris Saint-Germain,2.0
2026-27,FRA1,1575945,strasbourg,0.0,0.0,4.0,0.0,0.21,0.21,0.13,0,3.0,2,5,1.0,3,13,149,5.0,1.0,3.0,2.0,0.0,0.0,180,2,Oso,Strasbourg,1.0
2026-27,FRA1,1581722,rennes,0.0,0.0,0.0,0.0,0.0,0.0,0.01,2,0.0,6,6,4.0,12,10,128,0.0,1.0,7.0,0.0,0.0,0.0,180,2,Abdelhamid Aït Boudlal,Rennes,1.0
2026-27,FRA1,1586559,le havre,1.0,0.0,3.0,1.0,1.03,0.25,0.01,1,1.0,0,0,0.0,0,1,23,3.0,1.0,1.0,0.0,0.0,0.0,55,2,Rayan Fofana,Le Havre,3.0
2026-27,FRA1,1592417,brest,0.0,0.0,1.0,0.0,0.05,0.05,0.03,2,1.0,1,4,0.0,3,2,59,1.0,1.0,1.0,1.0,0.0,0.0,68,1,Luck Zogbé,Brest,1.0
2026-27,FRA1,1595629,lyon,1.0,1.0,2.0,1.0,0.1,0.1,0.77,5,5.0,12,2,0.0,14,18,295,2.0,1.0,1.0,5.0,0.0,0.0,360,4,Zachary Athekame,Lyon,1.0
2026-27,FRA1,1598170,strasbourg,0.0,0.0,0.0,0.0,0.0,0.0,0.14,2,0.0,2,1,0.0,2,6,49,0.0,3.0,1.0,1.0,0.0,0.0,68,2,Samir El Mourabet,Strasbourg,2.0
2026-27,FRA1,1603755,strasbourg,2.0,1.0,9.0,5.0,1.0,1.0,1.49,8,11.0,9,3,0.0,3,24,206,23.0,5.0,1.0,5.0,0.0,0.0,347,4,Gessime Yassine,Strasbourg,3.0
2026-27,FRA1,1603990,brest,0.0,0.0,1.0,1.0,0.04,0.04,0.01,0,0.0,0,0,0.0,0,0,4,1.0,0.0,0.0,1.0,0.0,0.0,23,1,Noah Edjouma,Brest,3.0
2026-27,FRA1,1610106,angers,0.0,0.0,1.0,0.0,0.02,0.02,0.03,0,5.0,4,4,1.0,7,15,181,2.0,3.0,0.0,0.0,0.0,0.0,270,3,Joseph Kalulu,Angers,1.0
2026-27,FRA1,1611220,toulouse,0.0,0.0,4.0,1.0,0.28,0.28,0.17,5,3.0,2,0,0.0,3,9,74,7.0,3.0,1.0,1.0,0.0,0.0,171,3,Julián Vignolo,Toulouse,3.0
2026-27,FRA1,1632788,le mans,0.0,0.0,1.0,0.0,0.06,0.06,0.1,3,0.0,8,2,0.0,6,19,213,2.0,2.0,1.0,2.0,0.0,0.0,270,3,Rayan Bamba,Le Mans,2.0
2026-27,FRA1,1634789,lens,0.0,0.0,6.0,2.0,0.17,0.17,0.18,2,3.0,3,2,0.0,0,8,138,2.0,2.0,1.0,4.0,0.0,0.0,149,4,Andrija Bulatović,Lens,2.0
2026-27,FRA1,1638922,marseille,1.0,0.0,5.0,2.0,0.52,0.52,0.5,2,2.0,0,0,0.0,0,2,98,14.0,3.0,2.0,3.0,0.0,0.0,94,4,Keyliane Abdallah,Marseille,3.0
2026-27,FRA1,1640832,lorient,0.0,0.0,1.0,0.0,0.02,0.02,0.5800000000000001,3,6.0,3,3,1.0,7,20,233,8.0,4.0,3.0,7.0,0.0,0.0,360,4,Arsène Kouassi,Lorient,2.0
2026-27,FRA1,1640973,toulouse,0.0,0.0,0.0,0.0,0.0,0.0,0.17,5,4.0,4,6,0.0,4,13,164,5.0,2.0,3.0,2.0,0.0,0.0,175,4,Rafik Messali,Toulouse,2.0
2026-27,FRA1,1643851,strasbourg,0.0,0.0,0.0,0.0,0.0,0.0,0.0,0,0.0,0,0,2.0,5,1,19,0.0,0.0,0.0,0.0,0.0,0.0,28,3,Karim Coulibaly,Strasbourg,1.0
2026-27,FRA1,1647186,strasbourg,0.0,0.0,1.0,0.0,0.02,0.02,0.06,3,0.0,7,4,3.0,8,16,205,6.0,2.0,3.0,0.0,0.0,0.0,349,4,Genesis Antwi,Strasbourg,1.0
2026-27,FRA1,1651122,monaco,0.0,0.0,0.0,0.0,0.0,0.0,0.01,1,1.0,0,0,0.0,1,2,10,0.0,1.0,0.0,0.0,0.0,0.0,9,1,Oumar Konaté,Monaco,2.0
2026-27,FRA1,1664718,toulouse,0.0,0.0,0.0,0.0,0.0,0.0,0.0,1,0.0,0,0,0.0,0,0,4,1.0,1.0,0.0,0.0,0.0,0.0,4,1,Mathis Saka,Toulouse,2.0
2026-27,FRA1,1666019,strasbourg,0.0,0.0,0.0,0.0,0.0,0.0,0.0,0,0.0,0,0,0.0,0,1,7,1.0,0.0,0.0,1.0,0.0,0.0,12,2,Fabio Baldé,Strasbourg,3.0
2026-27,FRA1,1666482,toulouse,1.0,0.0,5.0,2.0,1.63,1.63,0.35000000000000003,4,3.0,2,4,3.0,15,18,252,12.0,2.0,5.0,4.0,0.0,0.0,354,4,Christ Tapé,Toulouse,1.0
2026-27,FRA1,1667649,le havre,0.0,0.0,0.0,0.0,0.0,0.0,0.0,0,2.0,0,0,1.0,0,2,8,0.0,1.0,0.0,0.0,0.0,0.0,5,1,Daren Mosengo,Le Havre,2.0
2026-27,FRA1,1668289,brest,0.0,0.0,0.0,0.0,0.0,0.0,0.0,0,0.0,0,0,0.0,0,0,1,0.0,0.0,0.0,0.0,0.0,0.0,2,1,Justin Bourgault,Brest,1.0
2026-27,FRA1,1668294,lorient,0.0,0.0,3.0,1.0,0.21,0.21,0.59,2,6.0,5,1,0.0,4,9,142,13.0,4.0,2.0,3.0,0.0,0.0,268,4,Gabin Bernardeau,Lorient,2.0
2026-27,FRA1,1668295,le mans,0.0,0.0,0.0,0.0,0.0,0.0,0.03,6,1.0,9,3,1.0,13,12,203,0.0,0.0,4.0,1.0,0.0,0.0,315,4,Noa Boissé,Le Mans,1.0
2026-27,FRA1,1668299,toulouse,0.0,0.0,1.0,0.0,0.02,0.02,0.05,1,3.0,4,0,1.0,4,8,108,1.0,0.0,0.0,0.0,0.0,0.0,146,4,Ismaïl Diallo,Toulouse,1.0
2026-27,FRA1,1677224,strasbourg,1.0,1.0,6.0,4.0,1.1,1.1,0.54,6,1.0,2,0,0.0,2,4,97,18.0,9.0,8.0,4.0,0.0,0.0,244,4,Jacobo Ortega,Strasbourg,3.0
2026-27,FRA1,1679978,auxerre,0.0,0.0,2.0,0.0,0.15,0.15,0.19,2,0.0,1,1,0.0,2,3,73,9.0,1.0,0.0,1.0,0.0,0.0,119,3,Aristide Zossou,Auxerre,3.0
2026-27,FRA1,1680590,lille,0.0,0.0,0.0,0.0,0.0,0.0,0.0,0,0.0,1,0,0.0,2,0,9,0.0,0.0,0.0,0.0,0.0,0.0,14,1,Isaac Cossier,Lille,1.0
2026-27,FRA1,1682313,paris saint germain,0.0,0.0,0.0,0.0,0.0,0.0,0.48,1,1.0,4,1,0.0,1,2,39,2.0,2.0,0.0,1.0,0.0,0.0,39,3,Dro Fernández,Paris Saint-Germain,2.0
2026-27,FRA1,1685514,lens,0.0,0.0,1.0,0.0,0.04,0.04,0.06,0,4.0,4,2,1.0,5,9,135,0.0,1.0,1.0,1.0,0.0,0.0,180,2,Kyllian Antonio,Lens,1.0
2026-27,FRA1,1688980,angers,0.0,0.0,0.0,0.0,0.0,0.0,0.0,0,0.0,0,1,0.0,0,0,4,0.0,0.0,0.0,0.0,0.0,0.0,3,1,Marius Louër,Angers,1.0
2026-27,FRA1,1690114,auxerre,0.0,0.0,0.0,0.0,0.0,0.0,0.01,3,0.0,3,2,2.0,19,1,95,2.0,0.0,5.0,0.0,0.0,0.0,141,3,Elikya Legros,Auxerre,1.0
2026-27,FRA1,1696775,nice,0.0,0.0,0.0,0.0,0.0,0.0,0.01,2,1.0,2,0,0.0,1,6,36,0.0,0.0,2.0,0.0,0.0,0.0,90,1,Everton,Nice,2.0
2026-27,FRA1,1699556,brest,0.0,0.0,8.0,0.0,1.07,1.07,0.16999999999999998,1,1.0,4,4,2.0,27,18,243,10.0,0.0,18.0,2.0,0.0,0.0,360,4,Raphaël Le Guen,Brest,1.0
2026-27,FRA1,1701117,strasbourg,1.0,1.0,5.0,4.0,0.95,0.95,0.65,7,0.0,3,2,1.0,7,11,142,11.0,0.0,1.0,4.0,0.0,0.0,294,4,Diogo Sousa,Strasbourg,2.0
2026-27,FRA1,1703371,brest,0.0,0.0,1.0,0.0,0.04,0.04,0.0,1,0.0,0,0,0.0,0,0,4,0.0,0.0,0.0,0.0,0.0,0.0,12,1,Djylian N'Guessan,Brest,3.0
2026-27,FRA1,1707955,rennes,0.0,0.0,0.0,0.0,0.0,0.0,0.0,0,0.0,0,0,0.0,0,0,7,0.0,0.0,0.0,1.0,0.0,0.0,12,1,Henrick Do Marcolino,Rennes,3.0
2026-27,FRA1,1709473,monaco,0.0,0.0,0.0,0.0,0.0,0.0,0.15,0,0.0,0,0,0.0,0,2,19,5.0,1.0,0.0,0.0,0.0,0.0,23,2,Mathys Detourbet,Monaco,3.0
2026-27,FRA1,1709839,paris fc,0.0,1.0,2.0,0.0,1.48,1.48,0.12,2,0.0,1,2,0.0,1,6,34,4.0,0.0,0.0,2.0,0.0,0.0,40,3,Patrick Zabi,Paris FC,2.0
2026-27,FRA1,1714197,le havre,0.0,0.0,3.0,1.0,0.14,0.14,0.21000000000000002,2,0.0,3,1,0.0,3,7,85,4.0,1.0,0.0,2.0,0.0,0.0,142,4,Sota Nakamura,Le Havre,2.0
2026-27,FRA1,1717493,toulouse,0.0,0.0,0.0,0.0,0.0,0.0,0.06,0,2.0,2,0,0.0,0,1,38,3.0,2.0,1.0,0.0,0.0,0.0,56,3,Sion Oppong,Toulouse,3.0
2026-27,FRA1,1727044,lens,0.0,0.0,1.0,1.0,0.05,0.05,0.07,2,1.0,11,5,2.0,13,7,203,0.0,1.0,5.0,0.0,0.0,0.0,246,3,Souleymane Sagnan,Lens,1.0
2026-27,FRA1,1738340,paris fc,0.0,0.0,1.0,1.0,0.13,0.13,0.05,2,0.0,3,0,0.0,2,11,70,1.0,3.0,0.0,3.0,0.0,0.0,127,4,Rudy Matondo,Paris FC,2.0
2026-27,FRA1,1739906,lyon,0.0,0.0,0.0,0.0,0.0,0.0,0.01,0,1.0,2,0,1.0,1,2,37,0.0,0.0,0.0,0.0,0.0,0.0,69,1,Mathys de Carvalho,Lyon,2.0
2026-27,FRA1,1748405,angers,0.0,0.0,4.0,2.0,0.91,0.91,0.01,2,5.0,0,0,0.0,0,5,38,7.0,3.0,4.0,1.0,0.0,0.0,89,4,Prosper Peter,Angers,3.0
2026-27,FRA1,1751857,toulouse,0.0,0.0,4.0,1.0,0.26,0.26,0.12000000000000001,6,4.0,3,0,0.0,0,14,117,11.0,8.0,2.0,2.0,0.0,0.0,176,3,Ilyas Azizi,Toulouse,3.0
2026-27,FRA1,1763598,nice,0.0,0.0,3.0,1.0,0.12,0.12,0.27,6,3.0,2,4,0.0,3,20,212,5.0,7.0,10.0,3.0,0.0,0.0,360,4,Djibril Coulibaly,Nice,2.0
2026-27,FRA1,1791727,toulouse,0.0,0.0,3.0,0.0,0.08,0.08,0.04,2,2.0,4,2,0.0,2,10,105,3.0,6.0,2.0,0.0,0.0,0.0,138,3,Alexis Vossah,Toulouse,2.0
2026-27,FRA1,1791729,toulouse,0.0,0.0,0.0,0.0,0.0,0.0,0.01,3,1.0,1,2,0.0,4,3,90,0.0,0.0,2.0,0.0,0.0,0.0,102,2,Seny Koumbassa,Toulouse,1.0
2026-27,FRA1,1791882,le mans,0.0,0.0,0.0,0.0,0.0,0.0,0.0,0,0.0,0,0,0.0,1,0,9,0.0,0.0,2.0,0.0,0.0,0.0,18,1,William Harhouz,Le Mans,3.0
2026-27,FRA1,1793640,lyon,0.0,0.0,0.0,0.0,0.0,0.0,0.63,0,0.0,4,0,0.0,0,0,18,1.0,0.0,0.0,1.0,0.0,0.0,23,1,Khalis Merah,Lyon,2.0
2026-27,FRA1,1793704,lyon,0.0,0.0,0.0,0.0,0.0,0.0,0.02,3,1.0,0,1,0.0,0,1,16,3.0,1.0,1.0,2.0,0.0,0.0,63,1,Rémi Himbert,Lyon,3.0
2026-27,FRA1,1796096,nice,0.0,0.0,1.0,0.0,0.03,0.03,0.0,3,0.0,0,0,0.0,0,0,10,0.0,0.0,0.0,0.0,0.0,0.0,17,2,Hamza Koutoune,Nice,2.0
2026-27,FRA1,1797614,troyes,0.0,1.0,1.0,0.0,0.05,0.05,0.19,4,10.0,10,5,2.0,11,21,259,8.0,5.0,1.0,4.0,0.0,0.0,360,4,Anis Ouzenadji,Troyes,1.0
2026-27,FRA1,1810011,auxerre,0.0,1.0,1.0,0.0,0.02,0.02,0.6,6,2.0,1,2,0.0,3,6,35,2.0,1.0,1.0,1.0,0.0,0.0,50,3,Rayan Mandengue,Auxerre,3.0
2026-27,FRA1,1814264,marseille,0.0,0.0,1.0,0.0,0.1,0.1,0.03,1,1.0,1,1,0.0,0,0,20,2.0,0.0,0.0,0.0,0.0,0.0,20,2,Tadjidine Mmadi,Marseille,3.0
2026-27,FRA1,1815791,monaco,0.0,0.0,0.0,0.0,0.0,0.0,0.0,0,0.0,0,1,0.0,3,2,8,0.0,0.0,1.0,0.0,0.0,0.0,10,1,Ilane Touré,Monaco,2.0
2026-27,FRA1,1816726,le havre,0.0,0.0,3.0,2.0,0.15000000000000002,0.15000000000000002,0.12000000000000001,1,5.0,4,2,0.0,4,5,112,5.0,3.0,5.0,3.0,0.0,0.0,102,4,Enzo Koffi,Le Havre,1.0
2026-27,FRA1,1832893,angers,1.0,0.0,3.0,2.0,0.4,0.4,0.02,2,3.0,2,2,0.0,2,6,57,4.0,1.0,2.0,1.0,0.0,0.0,72,4,Harouna Djibirin,Angers,3.0
2026-27,FRA1,1844131,troyes,0.0,0.0,0.0,0.0,0.0,0.0,0.16,2,1.0,0,1,1.0,1,1,52,0.0,1.0,0.0,1.0,0.0,0.0,84,3,Noah Donkor,Troyes,1.0
2026-27,FRA1,1845327,monaco,0.0,0.0,0.0,0.0,0.0,0.0,0.0,0,0.0,0,0,1.0,0,0,3,0.0,0.0,0.0,0.0,0.0,0.0,3,1,Safouane Benzahra,Monaco,3.0
2026-27,FRA1,1888816,lorient,1.0,0.0,7.0,5.0,1.45,1.45,0.15,5,3.0,4,2,0.0,0,5,87,13.0,8.0,4.0,4.0,0.0,0.0,224,4,Mamadou Koné,Lorient,3.0
2026-27,FRA1,1896949,lyon,0.0,0.0,7.0,1.0,1.3199999999999998,1.3199999999999998,0.18,2,5.0,2,1,0.0,2,5,99,14.0,2.0,0.0,1.0,0.0,0.0,177,4,Kaïl Boudache,Lyon,2.0
2026-27,FRA1,1900516,le mans,2.0,2.0,6.0,2.0,1.1600000000000001,1.1600000000000001,0.22,5,4.0,5,6,1.0,4,12,185,6.0,4.0,2.0,6.0,0.0,0.0,313,4,Adil Bourabaa,Le Mans,2.0
2026-27,FRA1,1958964,angers,0.0,0.0,0.0,0.0,0.0,0.0,0.01,0,5.0,3,1,0.0,1,5,65,2.0,5.0,1.0,0.0,0.0,0.0,123,4,Bane Diatta,Angers,2.0
2026-27,FRA1,1980586,lens,0.0,0.0,2.0,1.0,0.05,0.05,0.06,0,1.0,0,0,0.0,1,3,49,3.0,1.0,0.0,2.0,0.0,0.0,46,2,Mezian Mesloub Soares,Lens,2.0
2026-27,FRA1,1988951,auxerre,0.0,0.0,2.0,1.0,0.05,0.05,0.01,1,0.0,0,0,0.0,0,4,19,0.0,0.0,0.0,0.0,0.0,0.0,34,3,Lamfia Dioubate,Auxerre,2.0
2026-27,FRA1,2116938,nice,0.0,0.0,4.0,1.0,0.09999999999999999,0.09999999999999999,0.12,1,2.0,8,8,1.0,16,31,416,2.0,2.0,7.0,4.0,0.0,0.0,358,4,Xavier Mandza,Nice,1.0
2026-27,FRA1,2117308,nice,0.0,0.0,0.0,0.0,0.0,0.0,0.0,0,0.0,1,0,0.0,1,1,9,0.0,0.0,0.0,0.0,0.0,0.0,5,1,Aboulaye Camara,Nice,2.0
2026-27,FRA1,2130847,monaco,0.0,0.0,2.0,1.0,0.45,0.45,0.18,2,1.0,3,2,0.0,2,9,43,5.0,4.0,1.0,1.0,0.0,0.0,81,4,Anis Soubeir,Monaco,2.0
2026-27,FRA1,2140393,nice,0.0,0.0,0.0,0.0,0.0,0.0,0.0,0,0.0,0,0,0.0,0,0,3,0.0,0.0,0.0,0.0,0.0,0.0,8,1,Djelan Morana,Nice,3.0
2026-27,FRA1,2155240,troyes,0.0,0.0,1.0,1.0,0.02,0.02,0.01,1,0.0,1,0,0.0,0,0,11,4.0,0.0,0.0,0.0,0.0,0.0,24,4,Yacouba Kone,Troyes,3.0
2026-27,FRA1,2155246,brest,0.0,0.0,0.0,0.0,0.0,0.0,0.0,0,2.0,0,0,0.0,0,1,7,1.0,0.0,0.0,0.0,0.0,0.0,8,2,Mathis Laine,Brest,3.0
2026-27,FRA1,2156004,le havre,0.0,0.0,3.0,0.0,0.16,0.16,0.1,3,4.0,2,2,1.0,6,5,126,5.0,0.0,2.0,0.0,0.0,0.0,156,3,Djibril Ouziad,Le Havre,2.0
2026-27,FRA1,2221625,le havre,0.0,0.0,0.0,0.0,0.0,0.0,0.0,0,0.0,0,0,0.0,0,0,0,0.0,0.0,0.0,0.0,0.0,0.0,1,1,Hakim Dongopandji,Le Havre,3.0
