source,season,league,tier,competition_type,comp_code,Date,Time,HomeTeam,AwayTeam,status,FTHG,FTAG,FTR,HTHG,HTAG,HTR,HS,AS,HST,AST,HC,AC,HF,AF,HY,AY,HR,AR,HPoss,APoss,HxG,AxG,match_id
espn,2025-26,Copa del Rey,1,domestic_cup,CDR,2025-09-27,14:30,Atlètic Sant Just,Atlético Calatayud,FULL_TIME,3,0,H,,,,,,,,,,,,,,,,,,,,espn:758889
espn,2025-26,Copa del Rey,1,domestic_cup,CDR,2025-09-27,15:00,Getxo,Betis CF,FULL_TIME,0,0,D,,,,,,,,,,,,,,,,,,,,espn:758896
espn,2025-26,Copa del Rey,1,domestic_cup,CDR,2025-09-27,15:15,Puerto De Vega,Alberite,FULL_TIME,4,0,H,,,,,,,,,,,,,,,,,,,,espn:758893
espn,2025-26,Copa del Rey,1,domestic_cup,CDR,2025-09-27,16:00,Manises CF,Unión Deportiva Los Garres,FULL_TIME,2,0,H,,,,,,,,,,,,,,,,,,,,espn:758894
espn,2025-26,Copa del Rey,1,domestic_cup,CDR,2025-09-27,16:00,Sporting Ceuta,Maracena,FULL_TIME,1,1,D,,,,,,,,,,,,,,,,,,,,espn:758892
espn,2025-26,Copa del Rey,1,domestic_cup,CDR,2025-09-27,16:00,Textil Escudo,Negreira,FULL_TIME,2,1,H,,,,,,,,,,,,,,,,,,,,espn:758891
espn,2025-26,Copa del Rey,1,domestic_cup,CDR,2025-09-27,16:45,Campanario,Yuncos,FULL_TIME,0,0,D,,,,,,,,,,,,,,,,,,,,espn:758897
espn,2025-26,Copa del Rey,1,domestic_cup,CDR,2025-09-27,18:00,Atlético Melilla,Palma del Río,FULL_TIME,0,5,A,,,,,,,,,,,,,,,,,,,,espn:758890
espn,2025-26,Copa del Rey,1,domestic_cup,CDR,2025-09-27,18:00,CE Sant Jordi,Lourdes,FULL_TIME,1,0,H,,,,,,,,,,,,,,,,,,,,espn:758898
espn,2025-26,Copa del Rey,1,domestic_cup,CDR,2025-09-27,18:00,Inter de Valdemoro,Universitario FC,FULL_TIME,1,1,D,,,,,,,,,,,,,,,,,,,,espn:758895
espn,2025-26,Copa del Rey,1,domestic_cup,CDR,2025-10-04,14:45,Alberite,Puerto De Vega,FULL_TIME,1,1,D,,,,,,,,,,,,,,,,,,,,espn:758899
espn,2025-26,Copa del Rey,1,domestic_cup,CDR,2025-10-04,15:00,Betis CF,Getxo,FULL_TIME,1,2,A,,,,,,,,,,,,,,,,,,,,espn:758906
espn,2025-26,Copa del Rey,1,domestic_cup,CDR,2025-10-04,15:30,Atlético Calatayud,Atlètic Sant Just,FULL_TIME,1,4,A,,,,,,,,,,,,,,,,,,,,espn:758907
espn,2025-26,Copa del Rey,1,domestic_cup,CDR,2025-10-04,15:30,Lourdes,CE Sant Jordi,FULL_TIME,1,3,A,,,,,,,,,,,,,,,,,,,,espn:758905
espn,2025-26,Copa del Rey,1,domestic_cup,CDR,2025-10-04,15:30,Negreira,Textil Escudo,FULL_TIME,4,0,H,,,,,,,,,,,,,,,,,,,,espn:758908
espn,2025-26,Copa del Rey,1,domestic_cup,CDR,2025-10-04,16:00,Palma del Río,Atlético Melilla,FULL_TIME,2,0,H,,,,,,,,,,,,,,,,,,,,espn:758902
espn,2025-26,Copa del Rey,1,domestic_cup,CDR,2025-10-04,16:00,Unión Deportiva Los Garres,Manises CF,FINAL_PEN,4,0,H,,,,,,,,,,,,,,,,,,,,espn:758901
espn,2025-26,Copa del Rey,1,domestic_cup,CDR,2025-10-04,16:00,Yuncos,Campanario,FULL_TIME,2,0,H,,,,,,,,,,,,,,,,,,,,espn:758903
espn,2025-26,Copa del Rey,1,domestic_cup,CDR,2025-10-04,16:30,Maracena,Sporting Ceuta,FULL_TIME,2,0,H,,,,,,,,,,,,,,,,,,,,espn:758904
espn,2025-26,Copa del Rey,1,domestic_cup,CDR,2025-10-04,18:00,Universitario FC,Inter de Valdemoro,FULL_TIME,1,3,A,,,,,,,,,,,,,,,,,,,,espn:758900
espn+fotmob,2025-26,Copa del Rey,1,domestic_cup,CDR,2025-10-28,18:00,Atlético Tordesillas,Burgos,FINAL_AET,1,2,A,,,,,,,,,,,,,,,,,,,,espn:759762
espn+fotmob,2025-26,Copa del Rey,1,domestic_cup,CDR,2025-10-28,18:00,Constancia,Girona,FINAL_AET,2,3,A,,,,9.0,24.0,4.0,4.0,3.0,12.0,,,4.0,2.0,,,26.0,74.0,0.32,1.77,espn:759764
espn+fotmob,2025-26,Copa del Rey,1,domestic_cup,CDR,2025-10-28,18:00,Ourense CF,Real Oviedo,FINAL_AET,4,2,H,,,,25.0,14.0,9.0,5.0,8.0,5.0,,,5.0,3.0,,,45.0,55.0,4.02,1.87,espn:759780
espn+fotmob,2025-26,Copa del Rey,1,domestic_cup,CDR,2025-10-28,18:30,Langreo,Racing Ferrol,FINAL_PEN,0,0,D,,,,,,,,,,,,,,,,,,,,espn:759785
espn+fotmob,2025-26,Copa del Rey,1,domestic_cup,CDR,2025-10-28,18:30,SD Logroñés,Racing Santander,FULL_TIME,0,4,A,,,,1.0,18.0,0.0,10.0,1.0,10.0,,,5.0,2.0,,,37.0,63.0,0.07,2.36,espn:759772
espn+fotmob,2025-26,Copa del Rey,1,domestic_cup,CDR,2025-10-28,18:30,UCAM Murcia,Cádiz,FULL_TIME,1,3,A,,,,9.0,12.0,2.0,6.0,5.0,4.0,,,2.0,1.0,,,47.0,53.0,1.91,2.21,espn:759800
espn+fotmob,2025-26,Copa del Rey,1,domestic_cup,CDR,2025-10-28,19:00,CD Guadalajara,Cacereno,FULL_TIME,2,1,H,,,,,,,,,,,,,,,,,,,,espn:759750
espn+fotmob,2025-26,Copa del Rey,1,domestic_cup,CDR,2025-10-28,19:00,Inter de Valdemoro,Getafe,FULL_TIME,0,11,A,,,,3.0,31.0,0.0,17.0,3.0,7.0,,,0.0,1.0,,,29.0,71.0,0.08,7.57,espn:759754
espn+fotmob,2025-26,Copa del Rey,1,domestic_cup,CDR,2025-10-28,19:00,Maracena,Valencia,FULL_TIME,0,5,A,,,,4.0,19.0,1.0,10.0,0.0,6.0,,,1.0,0.0,,,34.0,66.0,0.34,4.23,espn:759797
espn+fotmob,2025-26,Copa del Rey,1,domestic_cup,CDR,2025-10-28,19:00,Rayo Majadahonda,Talavera,FULL_TIME,1,4,A,,,,,,,,,,,,,,,,,,,,espn:759747
espn+fotmob,2025-26,Copa del Rey,1,domestic_cup,CDR,2025-10-28,19:00,Roda,Granada,FULL_TIME,1,5,A,,,,5.0,19.0,2.0,8.0,0.0,6.0,,,0.0,0.0,,,34.0,66.0,0.9,2.37,espn:759768
espn+fotmob,2025-26,Copa del Rey,1,domestic_cup,CDR,2025-10-28,19:00,Tropezón,Cultural Leonesa,FULL_TIME,1,3,A,,,,,,,,,,,,,,,,,,,,espn:759774
espn+fotmob,2025-26,Copa del Rey,1,domestic_cup,CDR,2025-10-28,19:00,UD San Fernando,Albacete,FULL_TIME,0,3,A,,,,,,,,,,,,,,,,,,,,espn:759757
espn+fotmob,2025-26,Copa del Rey,1,domestic_cup,CDR,2025-10-28,19:30,Alcalá,Tenerife,FULL_TIME,0,4,A,,,,,,,,,,,,,,,,,,,,espn:759749
espn+fotmob,2025-26,Copa del Rey,1,domestic_cup,CDR,2025-10-28,19:30,Utebo,Huesca,FULL_TIME,0,3,A,,,,7.0,13.0,1.0,9.0,3.0,5.0,,,3.0,1.0,,,58.0,42.0,0.29,1.62,espn:759790
espn+fotmob,2025-26,Copa del Rey,1,domestic_cup,CDR,2025-10-28,20:00,CD Extremadura,Las Palmas,FULL_TIME,3,1,H,,,,7.0,14.0,4.0,4.0,2.0,9.0,,,5.0,2.0,,,31.0,69.0,1.65,1.08,espn:759802
espn+fotmob,2025-26,Copa del Rey,1,domestic_cup,CDR,2025-10-28,20:00,Negreira,Real Sociedad,FULL_TIME,0,3,A,,,,16.0,18.0,1.0,7.0,4.0,3.0,,,0.0,1.0,,,31.0,69.0,0.63,1.8,espn:759783
espn+fotmob,2025-26,Copa del Rey,1,domestic_cup,CDR,2025-10-28,20:00,Toledo,Sevilla,FULL_TIME,1,4,A,,,,9.0,14.0,2.0,7.0,5.0,7.0,,,3.0,2.0,,,38.0,62.0,0.66,2.55,espn:759795
espn+fotmob,2025-26,Copa del Rey,1,domestic_cup,CDR,2025-10-29,17:00,Poblense,CD Sabadell,FINAL_AET,1,2,A,,,,,,,,,,,,,,,,,,,,espn:759779
espn+fotmob,2025-26,Copa del Rey,1,domestic_cup,CDR,2025-10-29,18:00,CD Ebro,Tarazona,FINAL_PEN,1,1,D,,,,,,,,,,,,,,,,,,,,espn:759787
espn+fotmob,2025-26,Copa del Rey,1,domestic_cup,CDR,2025-10-29,18:00,CE Sant Jordi,Osasuna,FULL_TIME,0,5,A,,,,9.0,17.0,0.0,10.0,0.0,4.0,,,0.0,0.0,,,34.0,66.0,0.45,3.56,espn:759760
espn+fotmob,2025-26,Copa del Rey,1,domestic_cup,CDR,2025-10-29,18:00,Mutilvera,Real Zaragoza,FULL_TIME,1,3,A,,,,,,,,,,,,,,,,,,,,espn:759784
espn+fotmob,2025-26,Copa del Rey,1,domestic_cup,CDR,2025-10-29,18:00,Unión Deportiva Los Garres,Elche,FULL_TIME,0,4,A,,,,6.0,28.0,2.0,14.0,1.0,13.0,,,2.0,0.0,,,18.0,82.0,0.33,3.72,espn:759794
espn+fotmob,2025-26,Copa del Rey,1,domestic_cup,CDR,2025-10-29,18:30,La Unión Atlético,Ceuta,FULL_TIME,0,2,A,,,,9.0,13.0,2.0,6.0,4.0,1.0,,,2.0,1.0,,,35.0,65.0,1.11,1.61,espn:759765
espn+fotmob,2025-26,Copa del Rey,1,domestic_cup,CDR,2025-10-29,19:00,Atlètic Sant Just,Mallorca,FULL_TIME,0,2,A,,,,6.0,33.0,4.0,11.0,1.0,10.0,,,2.0,1.0,,,24.0,76.0,0.29,3.8,espn:759791
espn+fotmob,2025-26,Copa del Rey,1,domestic_cup,CDR,2025-10-29,19:00,Atletico Astorga,Mirandés,FINAL_PEN,1,1,D,,,,15.0,24.0,5.0,6.0,4.0,9.0,,,4.0,3.0,,,37.0,63.0,0.94,1.01,espn:759793
espn+fotmob,2025-26,Copa del Rey,1,domestic_cup,CDR,2025-10-29,19:00,Azuaga,Leganés,FULL_TIME,1,4,A,,,,6.0,14.0,2.0,10.0,3.0,6.0,,,2.0,1.0,,,24.0,76.0,0.76,1.8,espn:759753
espn+fotmob,2025-26,Copa del Rey,1,domestic_cup,CDR,2025-10-29,19:00,Caudal Deportivo,Sporting Gijón,FULL_TIME,0,1,A,,,,,,,,,,,,,,,,,,,,espn:759788
espn+fotmob,2025-26,Copa del Rey,1,domestic_cup,CDR,2025-10-29,19:00,CD Artistico Navalcarnero,Mérida,FULL_TIME,2,1,H,,,,,,,,,,,,,,,,,,,,espn:759748
espn+fotmob,2025-26,Copa del Rey,1,domestic_cup,CDR,2025-10-29,19:00,Cieza,Córdoba,FULL_TIME,1,0,H,,,,10.0,14.0,4.0,3.0,3.0,5.0,,,2.0,2.0,,,37.0,63.0,1.0,1.37,espn:759763
espn+fotmob,2025-26,Copa del Rey,1,domestic_cup,CDR,2025-10-29,19:00,Lorca Deportiva,Almería,FULL_TIME,0,2,A,,,,8.0,19.0,0.0,8.0,2.0,6.0,,,3.0,2.0,,,42.0,58.0,0.28,3.67,espn:759799
espn+fotmob,2025-26,Copa del Rey,1,domestic_cup,CDR,2025-10-29,19:00,Naxara,Eibar,FULL_TIME,2,4,A,,,,,,,,,,,,,,,,,,,,espn:759781
espn+fotmob,2025-26,Copa del Rey,1,domestic_cup,CDR,2025-10-29,19:00,Numancia,Arenas Club,FULL_TIME,3,0,H,,,,,,,,,,,,,,,,,,,,espn:759782
espn+fotmob,2025-26,Copa del Rey,1,domestic_cup,CDR,2025-10-29,19:00,Portugalete,Real Valladolid,FULL_TIME,1,0,H,,,,,,,,,,,,,,,,,,,,espn:759778
espn+fotmob,2025-26,Copa del Rey,1,domestic_cup,CDR,2025-10-29,19:00,Sant Andreu,Teruel,FINAL_AET,2,1,H,,,,,,,,,,,,,,,,,,,,espn:759773
espn+fotmob,2025-26,Copa del Rey,1,domestic_cup,CDR,2025-10-29,19:00,Torrent,Juventud Torremolinos,FULL_TIME,3,1,H,,,,,,,,,,,,,,,,,,,,espn:759770
espn+fotmob,2025-26,Copa del Rey,1,domestic_cup,CDR,2025-10-29,19:30,Puente Genil,FC Cartagena,FULL_TIME,0,1,A,,,,,,,,,,,,,,,,,,,,espn:759766
espn+fotmob,2025-26,Copa del Rey,1,domestic_cup,CDR,2025-10-29,19:30,Reus FC Reddis,CE Europa,FINAL_PEN,2,2,D,,,,,,,,,,,,,,,,,,,,espn:759767
espn+fotmob,2025-26,Copa del Rey,1,domestic_cup,CDR,2025-10-29,19:30,UD Ourense,Pontevedra,FINAL_PEN,1,1,D,,,,,,,,,,,,,,,,,,,,espn:759771
espn+fotmob,2025-26,Copa del Rey,1,domestic_cup,CDR,2025-10-29,20:00,Lucena CF,Villarreal,FULL_TIME,0,6,A,,,,10.0,20.0,2.0,12.0,3.0,4.0,,,1.0,0.0,,,39.0,61.0,1.01,4.08,espn:759752
espn+fotmob,2025-26,Copa del Rey,1,domestic_cup,CDR,2025-10-29,20:00,Quintanar del Rey,UD Ibiza,FINAL_PEN,1,1,D,,,,,,,,,,,,,,,,,,,,espn:759759
espn+fotmob,2025-26,Copa del Rey,1,domestic_cup,CDR,2025-10-29,20:00,Real Jaen CF,Eldense,FULL_TIME,1,3,A,,,,,,,,,,,,,,,,,,,,espn:759755
espn+fotmob,2025-26,Copa del Rey,1,domestic_cup,CDR,2025-10-29,20:00,Yuncos,Rayo Vallecano,FULL_TIME,1,6,A,,,,7.0,20.0,3.0,8.0,1.0,5.0,,,1.0,1.0,,,22.0,78.0,1.54,2.22,espn:759758
espn+fotmob,2025-26,Copa del Rey,1,domestic_cup,CDR,2025-10-30,18:00,Orihuela,Levante,FULL_TIME,3,4,A,,,,18.0,21.0,8.0,8.0,5.0,6.0,,,3.0,3.0,,,59.0,41.0,1.74,1.71,espn:759751
espn+fotmob,2025-26,Copa del Rey,1,domestic_cup,CDR,2025-10-30,18:00,Puerto De Vega,Celta Vigo,FULL_TIME,0,2,A,,,,2.0,25.0,1.0,10.0,0.0,3.0,,,1.0,0.0,,,17.0,83.0,0.04,4.24,espn:759777
espn+fotmob,2025-26,Copa del Rey,1,domestic_cup,CDR,2025-10-30,18:30,Egüés,FC Andorra,FULL_TIME,1,5,A,,,,6.0,19.0,3.0,10.0,0.0,10.0,,,4.0,0.0,,,28.0,72.0,1.01,3.32,espn:759792
espn+fotmob,2025-26,Copa del Rey,1,domestic_cup,CDR,2025-10-30,19:00,Atlético Baleares,Gimnàstic de Tarragona,FULL_TIME,2,0,H,,,,,,,,,,,,,,,,,,,,espn:759789
espn+fotmob,2025-26,Copa del Rey,1,domestic_cup,CDR,2025-10-30,19:00,Getxo,Alavés,FULL_TIME,0,7,A,,,,9.0,24.0,2.0,13.0,4.0,5.0,,,1.0,0.0,,,30.0,70.0,0.46,4.7,espn:759786
espn+fotmob,2025-26,Copa del Rey,1,domestic_cup,CDR,2025-10-30,19:00,Real Ávila,Real Aviles Industrial,FINAL_AET,1,0,H,,,,,,,,,,,,,,,,,,,,espn:759776
espn+fotmob,2025-26,Copa del Rey,1,domestic_cup,CDR,2025-10-30,19:00,UD Logroñés,Ponferradina,FULL_TIME,1,3,A,,,,,,,,,,,,,,,,,,,,espn:759775
espn+fotmob,2025-26,Copa del Rey,1,domestic_cup,CDR,2025-10-30,20:00,Atlètic Lleida,Espanyol,FULL_TIME,1,2,A,,,,7.0,11.0,3.0,3.0,3.0,8.0,,,3.0,2.0,,,42.0,58.0,1.07,1.99,espn:759761
espn+fotmob,2025-26,Copa del Rey,1,domestic_cup,CDR,2025-10-30,20:00,CD Estepona,Málaga,FULL_TIME,1,3,A,,,,10.0,11.0,5.0,6.0,2.0,3.0,,,2.0,2.0,,,38.0,62.0,1.5,1.94,espn:759798
espn+fotmob,2025-26,Copa del Rey,1,domestic_cup,CDR,2025-10-30,20:00,Club Atlético Antoniano,Castellón,FULL_TIME,1,0,H,,,,,,,,,,,,,,,,,,,,espn:759801
espn+fotmob,2025-26,Copa del Rey,1,domestic_cup,CDR,2025-10-30,20:00,Palma del Río,Real Betis,FULL_TIME,1,7,A,,,,7.0,22.0,1.0,10.0,3.0,8.0,,,0.0,0.0,,,44.0,56.0,0.9,4.24,espn:759796
espn+fotmob,2025-26,Copa del Rey,1,domestic_cup,CDR,2025-10-30,20:00,Real Murcia,Antequera CF,FINAL_PEN,1,1,D,,,,,,,,,,,,,,,,,,,,espn:759756
espn+fotmob,2025-26,Copa del Rey,1,domestic_cup,CDR,2025-10-30,20:00,Sámano,Deportivo,FULL_TIME,1,5,A,,,,16.0,13.0,4.0,6.0,7.0,4.0,,,3.0,2.0,,,35.0,65.0,1.02,3.03,espn:759769
espn+fotmob,2025-26,Copa del Rey,1,domestic_cup,CDR,2025-12-02,18:00,CD Ebro,Osasuna,FULL_TIME,3,5,A,,,,11.0,22.0,5.0,10.0,4.0,7.0,,,1.0,1.0,,,27.0,73.0,1.64,4.38,espn:761026
espn+fotmob,2025-26,Copa del Rey,1,domestic_cup,CDR,2025-12-02,18:00,Numancia,Mallorca,FULL_TIME,2,3,A,,,,19.0,10.0,5.0,5.0,6.0,4.0,,,3.0,2.0,,,49.0,51.0,1.57,2.19,espn:761024
espn+fotmob,2025-26,Copa del Rey,1,domestic_cup,CDR,2025-12-02,18:00,Portugalete,Alavés,FULL_TIME,0,3,A,,,,14.0,8.0,3.0,5.0,5.0,3.0,,,2.0,3.0,,,40.0,60.0,0.91,1.07,espn:761016
espn+fotmob,2025-26,Copa del Rey,1,domestic_cup,CDR,2025-12-02,18:00,Racing Ferrol,Huesca,FULL_TIME,0,2,A,,,,22.0,11.0,7.0,5.0,9.0,4.0,,,1.0,1.0,,,63.0,37.0,1.06,2.22,espn:761017
espn+fotmob,2025-26,Copa del Rey,1,domestic_cup,CDR,2025-12-02,19:00,CD Guadalajara,Ceuta,FULL_TIME,1,0,H,,,,,,,,,,,,,,,,,,,,espn:761008
espn+fotmob,2025-26,Copa del Rey,1,domestic_cup,CDR,2025-12-02,20:00,CD Artistico Navalcarnero,Getafe,FINAL_AET,2,3,A,,,,24.0,26.0,10.0,6.0,5.0,5.0,,,1.0,1.0,,,33.0,67.0,2.76,2.12,espn:761012
espn+fotmob,2025-26,Copa del Rey,1,domestic_cup,CDR,2025-12-03,19:00,Cultural Leonesa,FC Andorra,FULL_TIME,4,2,H,,,,11.0,17.0,4.0,9.0,4.0,8.0,,,1.0,1.0,,,34.0,66.0,1.89,0.82,espn:761028
espn+fotmob,2025-26,Copa del Rey,1,domestic_cup,CDR,2025-12-03,19:00,Eldense,Almería,FULL_TIME,2,1,H,,,,10.0,4.0,4.0,3.0,7.0,1.0,,,2.0,1.0,,,58.0,42.0,1.33,0.21,espn:761007
espn+fotmob,2025-26,Copa del Rey,1,domestic_cup,CDR,2025-12-03,19:00,Mirandés,Sporting Gijón,FULL_TIME,0,2,A,,,,12.0,9.0,2.0,6.0,2.0,1.0,,,4.0,2.0,,,64.0,36.0,0.5,0.55,espn:761025
espn+fotmob,2025-26,Copa del Rey,1,domestic_cup,CDR,2025-12-03,19:00,Real Murcia,Cádiz,FULL_TIME,3,2,H,,,,9.0,15.0,4.0,6.0,4.0,6.0,,,3.0,4.0,,,41.0,59.0,1.72,2.55,espn:761006
espn+fotmob,2025-26,Copa del Rey,1,domestic_cup,CDR,2025-12-03,19:00,Talavera,Málaga,FULL_TIME,2,1,H,,,,11.0,14.0,3.0,6.0,2.0,9.0,,,2.0,0.0,,,33.0,67.0,1.35,1.7,espn:761004
espn+fotmob,2025-26,Copa del Rey,1,domestic_cup,CDR,2025-12-03,20:00,Cieza,Levante,FULL_TIME,0,1,A,,,,10.0,10.0,3.0,3.0,5.0,2.0,,,2.0,1.0,,,36.0,64.0,0.93,0.92,espn:761010
espn+fotmob,2025-26,Copa del Rey,1,domestic_cup,CDR,2025-12-03,20:00,Club Atlético Antoniano,Villarreal,FINAL_PEN,1,1,D,,,,12.0,41.0,2.0,12.0,4.0,18.0,,,1.0,2.0,,,26.0,74.0,0.97,2.95,espn:761011
espn+fotmob,2025-26,Copa del Rey,1,domestic_cup,CDR,2025-12-03,20:00,Ourense CF,Girona,FULL_TIME,2,1,H,,,,13.0,19.0,6.0,5.0,1.0,5.0,,,1.0,3.0,,,38.0,62.0,1.31,2.67,espn:761023
espn+fotmob,2025-26,Copa del Rey,1,domestic_cup,CDR,2025-12-03,20:00,Pontevedra,Eibar,FULL_TIME,0,3,A,,,,7.0,19.0,4.0,9.0,7.0,3.0,,,1.0,2.0,,,55.0,45.0,0.48,2.04,espn:761015
espn+fotmob,2025-26,Copa del Rey,1,domestic_cup,CDR,2025-12-03,20:00,Quintanar del Rey,Elche,FINAL_AET,1,2,A,,,,10.0,12.0,3.0,4.0,0.0,4.0,,,4.0,1.0,,,25.0,75.0,0.7,0.61,espn:761013
espn+fotmob,2025-26,Copa del Rey,1,domestic_cup,CDR,2025-12-03,20:00,Reus FC Reddis,Real Sociedad,FULL_TIME,0,2,A,,,,7.0,7.0,2.0,5.0,2.0,0.0,,,2.0,3.0,,,56.0,44.0,0.34,1.42,espn:761019
espn+fotmob,2025-26,Copa del Rey,1,domestic_cup,CDR,2025-12-03,20:00,Torrent,Real Betis,FULL_TIME,1,4,A,,,,5.0,22.0,2.0,9.0,1.0,7.0,,,3.0,2.0,,,38.0,62.0,0.41,2.17,espn:761009
espn+fotmob,2025-26,Copa del Rey,1,domestic_cup,CDR,2025-12-04,18:00,Atlético Baleares,Espanyol,FULL_TIME,1,0,H,,,,4.0,15.0,1.0,2.0,0.0,10.0,,,0.0,2.0,,,37.0,63.0,0.5,0.91,espn:761027
espn+fotmob,2025-26,Copa del Rey,1,domestic_cup,CDR,2025-12-04,18:00,CD Sabadell,Deportivo,FULL_TIME,0,2,A,,,,9.0,11.0,2.0,7.0,2.0,2.0,,,2.0,1.0,,,45.0,55.0,0.48,1.99,espn:761020
espn+fotmob,2025-26,Copa del Rey,1,domestic_cup,CDR,2025-12-04,18:00,Leganés,Albacete,FULL_TIME,1,2,A,,,,10.0,11.0,6.0,5.0,7.0,5.0,,,4.0,1.0,,,68.0,32.0,0.55,1.18,espn:761003
espn+fotmob,2025-26,Copa del Rey,1,domestic_cup,CDR,2025-12-04,18:00,Real Ávila,Rayo Vallecano,FINAL_AET,1,2,A,,,,18.0,14.0,5.0,3.0,3.0,11.0,,,2.0,1.0,,,24.0,76.0,1.17,1.32,espn:761014
espn+fotmob,2025-26,Copa del Rey,1,domestic_cup,CDR,2025-12-04,19:00,Ponferradina,Racing Santander,FINAL_AET,1,2,A,,,,7.0,18.0,3.0,7.0,3.0,5.0,,,1.0,2.0,,,40.0,60.0,1.41,2.48,espn:761022
espn+fotmob,2025-26,Copa del Rey,1,domestic_cup,CDR,2025-12-04,20:00,CD Extremadura,Sevilla,FULL_TIME,1,2,A,,,,10.0,14.0,4.0,6.0,4.0,5.0,,,1.0,2.0,,,35.0,65.0,1.11,1.59,espn:761029
espn+fotmob,2025-26,Copa del Rey,1,domestic_cup,CDR,2025-12-04,20:00,FC Cartagena,Valencia,FINAL_AET,1,2,A,,,,16.0,30.0,6.0,10.0,5.0,9.0,,,3.0,2.0,,,38.0,62.0,2.44,2.01,espn:761030
espn+fotmob,2025-26,Copa del Rey,1,domestic_cup,CDR,2025-12-04,20:00,Real Zaragoza,Burgos,FINAL_AET,0,1,A,,,,14.0,9.0,2.0,5.0,8.0,1.0,,,5.0,2.0,,,55.0,45.0,0.93,1.3,espn:761018
espn+fotmob,2025-26,Copa del Rey,1,domestic_cup,CDR,2025-12-04,20:00,Sant Andreu,Celta Vigo,FINAL_PEN,1,1,D,,,,6.0,20.0,2.0,4.0,2.0,9.0,,,5.0,1.0,,,43.0,57.0,0.68,1.43,espn:761021
espn+fotmob,2025-26,Copa del Rey,1,domestic_cup,CDR,2025-12-04,21:00,Tenerife,Granada,FULL_TIME,0,1,A,,,,11.0,9.0,3.0,4.0,5.0,4.0,,,2.0,3.0,,,42.0,58.0,1.07,0.96,espn:761005
espn+fotmob,2025-26,Copa del Rey,1,domestic_cup,CDR,2025-12-16,18:00,Deportivo,Mallorca,FULL_TIME,1,0,H,,,,10.0,16.0,3.0,3.0,2.0,4.0,,,1.0,0.0,,,43.0,57.0,1.15,1.38,espn:762535
espn+fotmob,2025-26,Copa del Rey,1,domestic_cup,CDR,2025-12-16,18:00,Eibar,Elche,FULL_TIME,0,1,A,,,,9.0,6.0,2.0,1.0,5.0,3.0,,,2.0,3.0,,,50.0,50.0,0.99,0.6,espn:762536
espn+fotmob,2025-26,Copa del Rey,1,domestic_cup,CDR,2025-12-16,20:00,Eldense,Real Sociedad,FULL_TIME,1,2,A,,,,10.0,12.0,2.0,6.0,2.0,2.0,,,3.0,2.0,,,40.0,60.0,0.43,1.16,espn:762537
espn+fotmob,2025-26,Copa del Rey,1,domestic_cup,CDR,2025-12-16,20:00,Sporting Gijón,Valencia,FULL_TIME,0,2,A,,,,6.0,11.0,3.0,7.0,7.0,5.0,,,2.0,3.0,,,35.0,65.0,0.29,1.94,espn:762542
espn+fotmob,2025-26,Copa del Rey,1,domestic_cup,CDR,2025-12-16,20:30,CD Guadalajara,Barcelona,FULL_TIME,0,2,A,,,,6.0,21.0,2.0,9.0,2.0,9.0,,,3.0,1.0,,,18.0,82.0,0.17,1.85,espn:762534
espn+fotmob,2025-26,Copa del Rey,1,domestic_cup,CDR,2025-12-17,17:00,Cultural Leonesa,Levante,FULL_TIME,1,0,H,,,,17.0,8.0,9.0,3.0,4.0,6.0,,,1.0,1.0,,,48.0,52.0,1.67,0.73,espn:762533
espn+fotmob,2025-26,Copa del Rey,1,domestic_cup,CDR,2025-12-17,18:00,Albacete,Celta Vigo,FINAL_PEN,2,2,D,,,,12.0,18.0,5.0,5.0,5.0,8.0,,,2.0,2.0,,,36.0,64.0,1.02,2.49,espn:762545
espn+fotmob,2025-26,Copa del Rey,1,domestic_cup,CDR,2025-12-17,18:00,Atlético Baleares,Atlético Madrid,FULL_TIME,2,3,A,,,,12.0,10.0,9.0,4.0,7.0,7.0,,,0.0,1.0,,,43.0,57.0,3.57,1.35,espn:762546
espn+fotmob,2025-26,Copa del Rey,1,domestic_cup,CDR,2025-12-17,18:00,Huesca,Osasuna,FINAL_AET,2,4,A,,,,13.0,18.0,2.0,8.0,7.0,9.0,,,3.0,1.0,,,40.0,60.0,1.26,2.48,espn:762538
espn+fotmob,2025-26,Copa del Rey,1,domestic_cup,CDR,2025-12-17,18:00,Racing Santander,Villarreal,FULL_TIME,2,1,H,,,,10.0,22.0,5.0,5.0,1.0,11.0,,,3.0,4.0,,,33.0,67.0,0.75,1.65,espn:762540
espn+fotmob,2025-26,Copa del Rey,1,domestic_cup,CDR,2025-12-17,20:00,Alavés,Sevilla,FULL_TIME,1,0,H,,,,15.0,9.0,7.0,3.0,11.0,9.0,,,1.0,2.0,,,52.0,48.0,1.98,0.64,espn:762544
espn+fotmob,2025-26,Copa del Rey,1,domestic_cup,CDR,2025-12-17,20:00,Talavera,Real Madrid,FULL_TIME,2,3,A,,,,16.0,25.0,5.0,9.0,5.0,11.0,,,1.0,1.0,,,35.0,65.0,1.61,2.93,espn:762543
espn+fotmob,2025-26,Copa del Rey,1,domestic_cup,CDR,2025-12-18,18:00,Burgos,Getafe,FULL_TIME,3,1,H,,,,7.0,11.0,4.0,4.0,3.0,4.0,,,4.0,2.0,,,40.0,60.0,2.03,1.08,espn:762532
espn+fotmob,2025-26,Copa del Rey,1,domestic_cup,CDR,2025-12-18,18:00,Ourense CF,Athletic Club,FINAL_AET,0,1,A,,,,6.0,29.0,1.0,7.0,5.0,11.0,,,3.0,3.0,,,47.0,53.0,0.41,2.09,espn:762539
espn+fotmob,2025-26,Copa del Rey,1,domestic_cup,CDR,2025-12-18,20:00,Real Murcia,Real Betis,FULL_TIME,0,2,A,,,,13.0,18.0,5.0,5.0,5.0,6.0,,,0.0,3.0,,,41.0,59.0,1.4,1.72,espn:762541
espn+fotmob,2025-26,Copa del Rey,1,domestic_cup,CDR,2026-01-06,18:00,Granada,Rayo Vallecano,FULL_TIME,1,3,A,,,,9.0,18.0,6.0,4.0,3.0,11.0,,,0.0,3.0,,,40.0,60.0,1.83,0.72,espn:762547
espn+fotmob,2025-26,Copa del Rey,1,domestic_cup,CDR,2026-01-13,20:00,Cultural Leonesa,Athletic Club,FINAL_AET,3,4,A,,,,16.0,19.0,5.0,7.0,4.0,9.0,,,2.0,3.0,,,58.0,42.0,1.81,2.38,espn:401846961
espn+fotmob,2025-26,Copa del Rey,1,domestic_cup,CDR,2026-01-13,20:00,Deportivo,Atlético Madrid,FULL_TIME,0,1,A,,,,10.0,15.0,3.0,6.0,4.0,6.0,,,0.0,0.0,,,48.0,52.0,0.74,1.42,espn:401846960
espn+fotmob,2025-26,Copa del Rey,1,domestic_cup,CDR,2026-01-13,20:00,Real Sociedad,Osasuna,FINAL_PEN,2,2,D,,,,30.0,13.0,9.0,5.0,7.0,3.0,,,1.0,5.0,,,69.0,31.0,3.96,0.55,espn:401846958
espn+fotmob,2025-26,Copa del Rey,1,domestic_cup,CDR,2026-01-14,20:00,Alavés,Rayo Vallecano,FULL_TIME,2,0,H,,,,12.0,11.0,7.0,2.0,4.0,8.0,,,3.0,1.0,,,51.0,49.0,1.92,0.97,espn:401846965
espn+fotmob,2025-26,Copa del Rey,1,domestic_cup,CDR,2026-01-14,20:00,Albacete,Real Madrid,FULL_TIME,3,2,H,,,,12.0,20.0,5.0,5.0,3.0,11.0,,,2.0,2.0,,,22.0,78.0,0.68,1.42,espn:401846963
espn+fotmob,2025-26,Copa del Rey,1,domestic_cup,CDR,2026-01-14,20:00,Real Betis,Elche,FULL_TIME,2,1,H,,,,12.0,13.0,3.0,4.0,1.0,5.0,,,3.0,3.0,,,38.0,62.0,1.33,1.4,espn:401846964
espn+fotmob,2025-26,Copa del Rey,1,domestic_cup,CDR,2026-01-15,20:00,Burgos,Valencia,FULL_TIME,0,2,A,,,,10.0,6.0,2.0,3.0,7.0,1.0,,,2.0,2.0,,,49.0,51.0,0.73,0.69,espn:401846962
espn+fotmob,2025-26,Copa del Rey,1,domestic_cup,CDR,2026-01-15,20:15,Racing Santander,Barcelona,FULL_TIME,0,2,A,,,,6.0,17.0,3.0,7.0,3.0,10.0,,,4.0,1.0,,,23.0,77.0,0.91,2.58,espn:401846959
espn+fotmob,2025-26,Copa del Rey,1,domestic_cup,CDR,2026-02-03,20:00,Albacete,Barcelona,FULL_TIME,1,2,A,,,,7.0,17.0,3.0,6.0,3.0,6.0,,,1.0,1.0,,,27.0,73.0,0.85,2.17,espn:401856363
espn+fotmob,2025-26,Copa del Rey,1,domestic_cup,CDR,2026-02-04,20:00,Alavés,Real Sociedad,FULL_TIME,2,3,A,,,,7.0,11.0,3.0,6.0,3.0,6.0,,,3.0,4.0,,,46.0,54.0,1.99,1.52,espn:401856362
espn+fotmob,2025-26,Copa del Rey,1,domestic_cup,CDR,2026-02-04,20:00,Valencia,Athletic Club,FULL_TIME,1,2,A,,,,11.0,12.0,3.0,3.0,4.0,3.0,,,2.0,0.0,,,52.0,48.0,1.07,1.56,espn:401856364
espn+fotmob,2025-26,Copa del Rey,1,domestic_cup,CDR,2026-02-05,20:00,Real Betis,Atlético Madrid,FULL_TIME,0,5,A,,,,8.0,12.0,2.0,6.0,3.0,5.0,,,2.0,0.0,,,42.0,58.0,0.45,2.95,espn:401856365
espn+fotmob,2025-26,Copa del Rey,1,domestic_cup,CDR,2026-02-11,20:00,Athletic Club,Real Sociedad,FULL_TIME,0,1,A,,,,13.0,12.0,3.0,6.0,4.0,4.0,,,1.0,3.0,,,47.0,53.0,0.8,2.35,espn:401859848
espn+fotmob,2025-26,Copa del Rey,1,domestic_cup,CDR,2026-02-12,20:00,Atlético Madrid,Barcelona,FULL_TIME,4,0,H,,,,12.0,14.0,8.0,4.0,5.0,8.0,,,5.0,3.0,,,34.0,66.0,2.37,1.18,espn:401859849
espn+fotmob,2025-26,Copa del Rey,1,domestic_cup,CDR,2026-03-03,20:00,Barcelona,Atlético Madrid,FULL_TIME,3,0,H,,,,21.0,7.0,9.0,2.0,15.0,0.0,9.0,7.0,3.0,1.0,0.0,0.0,71.0,29.0,3.22,0.62,espn:401859850
espn+fotmob,2025-26,Copa del Rey,1,domestic_cup,CDR,2026-03-04,20:00,Real Sociedad,Athletic Club,FULL_TIME,1,0,H,,,,14.0,11.0,4.0,2.0,11.0,8.0,14.0,16.0,2.0,5.0,0.0,0.0,49.2,50.8,1.67,0.33,espn:401859851
espn+fotmob,2025-26,Copa del Rey,1,domestic_cup,CDR,2026-04-18,19:00,Atlético Madrid,Real Sociedad,FINAL_PEN,2,2,D,,,,19.0,15.0,4.0,6.0,5.0,6.0,17.0,17.0,2.0,3.0,0.0,0.0,62.9,37.1,1.67,1.52,espn:401859852
espn+fotmob,2025-26,DFB-Pokal,1,domestic_cup,DFB,2025-08-15,16:00,FC Gütersloh 2000,1. FC Union Berlin,FULL_TIME,0,5,A,,,,19.0,15.0,5.0,8.0,5.0,4.0,13.0,11.0,4.0,0.0,0.0,0.0,51.5,48.5,1.33,2.21,espn:739936
espn+fotmob,2025-26,DFB-Pokal,1,domestic_cup,DFB,2025-08-15,16:00,Saarbrücken,1. FC Magdeburg,FULL_TIME,1,3,A,,,,22.0,11.0,3.0,5.0,6.0,3.0,6.0,15.0,3.0,1.0,0.0,0.0,47.0,53.0,1.85,0.95,espn:739926
espn+fotmob,2025-26,DFB-Pokal,1,domestic_cup,DFB,2025-08-15,16:00,SG Sonnenhof Großaspach,Bayer Leverkusen,FULL_TIME,0,4,A,,,,12.0,20.0,5.0,9.0,6.0,4.0,16.0,10.0,1.0,2.0,2.0,0.0,31.3,68.7,0.62,4.37,espn:739946
espn+fotmob,2025-26,DFB-Pokal,1,domestic_cup,DFB,2025-08-15,18:45,Arminia Bielefeld,Werder Bremen,FULL_TIME,1,0,H,,,,13.0,10.0,4.0,0.0,3.0,4.0,14.0,13.0,1.0,3.0,0.0,1.0,50.8,49.2,1.48,0.92,espn:739929
espn+fotmob,2025-26,DFB-Pokal,1,domestic_cup,DFB,2025-08-16,11:00,BFC Dynamo Berlin,VfL Bochum,FINAL_AET,1,3,A,,,,10.0,28.0,5.0,10.0,2.0,10.0,20.0,20.0,5.0,3.0,2.0,0.0,30.9,69.1,0.45,4.3,espn:739930
espn+fotmob,2025-26,DFB-Pokal,1,domestic_cup,DFB,2025-08-16,11:00,FK Pirmasens,Hamburg SV,FINAL_AET,1,2,A,,,,16.0,17.0,5.0,7.0,7.0,13.0,17.0,15.0,6.0,1.0,0.0,0.0,25.3,74.7,3.03,2.17,espn:739939
espn+fotmob,2025-26,DFB-Pokal,1,domestic_cup,DFB,2025-08-16,13:30,Bahlinger SC 1929,1. FC Heidenheim 1846,FULL_TIME,0,5,A,,,,9.0,15.0,2.0,10.0,0.0,5.0,10.0,11.0,0.0,2.0,0.0,0.0,43.1,56.9,1.57,3.14,espn:739931
espn+fotmob,2025-26,DFB-Pokal,1,domestic_cup,DFB,2025-08-16,13:30,FC Eintracht Norderstedt,St. Pauli,FINAL_PEN,0,0,D,,,,9.0,41.0,3.0,16.0,3.0,24.0,14.0,10.0,4.0,0.0,0.0,0.0,21.8,78.2,0.75,3.71,espn:739934
espn+fotmob,2025-26,DFB-Pokal,1,domestic_cup,DFB,2025-08-16,13:30,FV Illertissen,1. FC Nürnberg,FINAL_PEN,3,3,D,,,,6.0,37.0,3.0,10.0,3.0,11.0,26.0,16.0,7.0,3.0,0.0,0.0,21.7,78.3,0.8,3.71,espn:739941
espn+fotmob,2025-26,DFB-Pokal,1,domestic_cup,DFB,2025-08-16,13:30,Hansa Rostock,TSG Hoffenheim,FULL_TIME,0,4,A,,,,10.0,15.0,5.0,9.0,6.0,6.0,12.0,17.0,1.0,1.0,0.0,0.0,34.3,65.7,0.74,2.33,espn:739937
espn+fotmob,2025-26,DFB-Pokal,1,domestic_cup,DFB,2025-08-16,13:30,Hemelingen,VfL Wolfsburg,FULL_TIME,0,9,A,,,,3.0,38.0,2.0,17.0,1.0,10.0,14.0,10.0,3.0,1.0,0.0,0.0,28.2,71.8,0.09,7.25,espn:739955
espn+fotmob,2025-26,DFB-Pokal,1,domestic_cup,DFB,2025-08-16,13:30,SV Sandhausen,RB Leipzig,FULL_TIME,2,4,A,,,,7.0,29.0,3.0,7.0,2.0,9.0,11.0,8.0,2.0,1.0,0.0,0.0,28.3,71.7,0.61,2.61,espn:739950
espn+fotmob,2025-26,DFB-Pokal,1,domestic_cup,DFB,2025-08-16,16:00,Energie Cottbus,Hannover 96,FULL_TIME,1,0,H,,,,5.0,14.0,2.0,6.0,4.0,8.0,18.0,11.0,4.0,3.0,0.0,0.0,33.5,66.5,0.22,1.49,espn:739935
espn+fotmob,2025-26,DFB-Pokal,1,domestic_cup,DFB,2025-08-16,16:00,Sportfreunde Lotte,SC Freiburg,FULL_TIME,0,2,A,,,,2.0,17.0,0.0,3.0,1.0,2.0,19.0,4.0,5.0,1.0,0.0,0.0,16.5,83.5,0.05,1.4,espn:739951
espn+fotmob,2025-26,DFB-Pokal,1,domestic_cup,DFB,2025-08-16,16:00,VfB Lübeck,SV Darmstadt 98,FULL_TIME,1,2,A,,,,8.0,18.0,4.0,8.0,2.0,4.0,20.0,9.0,3.0,1.0,0.0,0.0,34.3,65.7,0.69,1.66,espn:739952
espn+fotmob,2025-26,DFB-Pokal,1,domestic_cup,DFB,2025-08-17,11:00,FV Engers 07,Eintracht Frankfurt,FULL_TIME,0,5,A,,,,6.0,31.0,1.0,10.0,1.0,9.0,9.0,7.0,3.0,3.0,0.0,0.0,16.6,83.4,0.84,5.63,espn:739940
espn+fotmob,2025-26,DFB-Pokal,1,domestic_cup,DFB,2025-08-17,11:00,Viktoria Köln,SC Paderborn 07,FULL_TIME,1,3,A,,,,15.0,10.0,4.0,7.0,2.0,0.0,9.0,16.0,2.0,3.0,0.0,0.0,58.3,41.7,1.38,2.38,espn:739938
espn+fotmob,2025-26,DFB-Pokal,1,domestic_cup,DFB,2025-08-17,13:30,1. FC Lokomotive Leipzig,Schalke 04,FINAL_AET,0,1,A,,,,11.0,26.0,4.0,11.0,8.0,9.0,11.0,13.0,2.0,2.0,0.0,0.0,46.2,53.8,0.65,2.26,espn:739925
espn+fotmob,2025-26,DFB-Pokal,1,domestic_cup,DFB,2025-08-17,13:30,Lohne,SpVgg Greuther Fürth,FULL_TIME,0,2,A,,,,6.0,29.0,1.0,8.0,2.0,13.0,22.0,12.0,1.0,0.0,2.0,0.0,25.3,74.7,0.29,2.01,espn:739932
espn+fotmob,2025-26,DFB-Pokal,1,domestic_cup,DFB,2025-08-17,13:30,RSV Eintracht,Kaiserslautern,FULL_TIME,0,7,A,,,,5.0,15.0,2.0,10.0,0.0,7.0,15.0,6.0,1.0,2.0,0.0,0.0,25.2,74.8,0.21,4.06,espn:739956
espn+fotmob,2025-26,DFB-Pokal,1,domestic_cup,DFB,2025-08-17,13:30,SSV Jahn Regensburg,FC Cologne,FULL_TIME,1,2,A,,,,7.0,17.0,2.0,2.0,3.0,13.0,14.0,8.0,3.0,2.0,0.0,0.0,23.2,76.8,0.41,0.97,espn:739947
espn+fotmob,2025-26,DFB-Pokal,1,domestic_cup,DFB,2025-08-17,13:30,SV Atlas Delmenhorst,Borussia Mönchengladbach,FULL_TIME,2,3,A,,,,8.0,26.0,4.0,10.0,2.0,8.0,21.0,8.0,5.0,0.0,0.0,0.0,36.2,63.8,0.36,4.41,espn:739949
espn+fotmob,2025-26,DFB-Pokal,1,domestic_cup,DFB,2025-08-17,13:30,ZFC Meuselwitz,Karlsruher SC,FULL_TIME,0,5,A,,,,9.0,22.0,2.0,9.0,1.0,7.0,15.0,15.0,1.0,0.0,0.0,0.0,42.8,57.2,0.5,3.82,espn:739927
espn+fotmob,2025-26,DFB-Pokal,1,domestic_cup,DFB,2025-08-17,16:00,FC 08 Homburg,Holstein Kiel,FULL_TIME,0,2,A,,,,13.0,26.0,3.0,10.0,5.0,19.0,13.0,15.0,2.0,3.0,0.0,0.0,39.3,60.7,0.83,2.25,espn:739933
espn+fotmob,2025-26,DFB-Pokal,1,domestic_cup,DFB,2025-08-17,16:00,Hallescher FC,FC Augsburg,FULL_TIME,0,2,A,,,,10.0,16.0,2.0,6.0,9.0,2.0,15.0,14.0,2.0,4.0,0.0,0.0,42.8,57.2,0.52,2.13,espn:739942
espn+fotmob,2025-26,DFB-Pokal,1,domestic_cup,DFB,2025-08-17,16:00,SSV Ulm 1846,SV Elversberg,FULL_TIME,0,1,A,,,,9.0,20.0,0.0,5.0,3.0,10.0,13.0,7.0,3.0,1.0,0.0,0.0,41.8,58.2,0.48,1.66,espn:739948
espn+fotmob,2025-26,DFB-Pokal,1,domestic_cup,DFB,2025-08-18,16:00,1. FC Schweinfurt 05,Fortuna Düsseldorf,FULL_TIME,2,4,A,,,,11.0,25.0,4.0,11.0,2.0,7.0,15.0,13.0,4.0,3.0,0.0,0.0,37.2,62.8,1.08,3.46,espn:739928
espn+fotmob,2025-26,DFB-Pokal,1,domestic_cup,DFB,2025-08-18,16:00,Dynamo Dresden,Mainz,FULL_TIME,0,1,A,,,,16.0,12.0,7.0,6.0,3.0,4.0,13.0,16.0,2.0,2.0,0.0,0.0,51.6,48.4,1.66,1.05,espn:739945
espn+fotmob,2025-26,DFB-Pokal,1,domestic_cup,DFB,2025-08-18,16:00,Preußen Münster,Hertha Berlin,FINAL_PEN,0,0,D,,,,27.0,11.0,5.0,5.0,10.0,0.0,15.0,21.0,3.0,4.0,0.0,0.0,70.3,29.7,1.78,1.19,espn:739944
espn+fotmob,2025-26,DFB-Pokal,1,domestic_cup,DFB,2025-08-18,18:45,Rot-Weiss Essen,Borussia Dortmund,FULL_TIME,0,1,A,,,,12.0,13.0,5.0,4.0,2.0,6.0,11.0,9.0,1.0,1.0,0.0,0.0,33.5,66.5,0.92,0.86,espn:739943
espn+fotmob,2025-26,DFB-Pokal,1,domestic_cup,DFB,2025-08-26,18:45,TSV Eintracht Braunschweig,VfB Stuttgart,FINAL_PEN,4,4,D,,,,24.0,21.0,7.0,7.0,8.0,7.0,14.0,21.0,3.0,5.0,0.0,0.0,33.5,66.5,1.83,3.03,espn:739953
espn+fotmob,2025-26,DFB-Pokal,1,domestic_cup,DFB,2025-08-27,18:45,SV Wehen Wiesbaden,Bayern Munich,FULL_TIME,2,3,A,,,,6.0,22.0,2.0,15.0,0.0,7.0,12.0,8.0,1.0,1.0,0.0,0.0,21.4,78.6,1.13,3.87,espn:739954
espn+fotmob,2025-26,DFB-Pokal,1,domestic_cup,DFB,2025-10-28,17:30,1. FC Heidenheim 1846,Hamburg SV,FULL_TIME,0,1,A,,,,6.0,17.0,1.0,7.0,4.0,8.0,10.0,8.0,5.0,1.0,1.0,0.0,42.6,57.4,0.13,2.25,espn:758136
espn+fotmob,2025-26,DFB-Pokal,1,domestic_cup,DFB,2025-10-28,17:30,Eintracht Frankfurt,Borussia Dortmund,FINAL_PEN,1,1,D,,,,16.0,13.0,7.0,3.0,3.0,6.0,9.0,14.0,1.0,3.0,0.0,0.0,48.9,51.1,0.82,1.04,espn:758131
espn+fotmob,2025-26,DFB-Pokal,1,domestic_cup,DFB,2025-10-28,17:30,Hertha Berlin,SV Elversberg,FULL_TIME,3,0,H,,,,9.0,11.0,4.0,2.0,3.0,4.0,12.0,17.0,0.0,3.0,0.0,1.0,47.1,52.9,1.72,0.59,espn:758129
espn+fotmob,2025-26,DFB-Pokal,1,domestic_cup,DFB,2025-10-28,17:30,VfL Wolfsburg,Holstein Kiel,FULL_TIME,0,1,A,,,,14.0,13.0,2.0,3.0,5.0,4.0,15.0,14.0,5.0,3.0,1.0,0.0,50.4,49.6,0.76,1.72,espn:758126
espn+fotmob,2025-26,DFB-Pokal,1,domestic_cup,DFB,2025-10-28,19:45,Borussia Mönchengladbach,Karlsruher SC,FULL_TIME,3,1,H,,,,26.0,12.0,10.0,5.0,10.0,4.0,10.0,12.0,1.0,2.0,0.0,0.0,50.0,50.0,3.15,1.63,espn:758122
espn+fotmob,2025-26,DFB-Pokal,1,domestic_cup,DFB,2025-10-28,19:45,Energie Cottbus,RB Leipzig,FULL_TIME,1,4,A,,,,16.0,17.0,8.0,8.0,6.0,6.0,8.0,11.0,1.0,3.0,0.0,0.0,38.6,61.4,0.86,1.75,espn:758123
espn+fotmob,2025-26,DFB-Pokal,1,domestic_cup,DFB,2025-10-28,19:45,FC Augsburg,VfL Bochum,FULL_TIME,0,1,A,,,,15.0,16.0,2.0,4.0,7.0,5.0,8.0,8.0,1.0,3.0,0.0,0.0,61.0,39.0,1.21,1.78,espn:758125
espn+fotmob,2025-26,DFB-Pokal,1,domestic_cup,DFB,2025-10-28,19:45,St. Pauli,TSG Hoffenheim,FINAL_PEN,2,2,D,,,,19.0,8.0,5.0,4.0,8.0,7.0,15.0,18.0,5.0,5.0,0.0,0.0,41.2,58.8,1.48,1.73,espn:758128
espn+fotmob,2025-26,DFB-Pokal,1,domestic_cup,DFB,2025-10-29,17:00,FV Illertissen,1. FC Magdeburg,FULL_TIME,0,3,A,,,,7.0,22.0,1.0,10.0,2.0,6.0,8.0,8.0,1.0,2.0,0.0,0.0,25.5,74.5,0.4,2.81,espn:758137
espn+fotmob,2025-26,DFB-Pokal,1,domestic_cup,DFB,2025-10-29,17:00,Mainz,VfB Stuttgart,FULL_TIME,0,2,A,,,,10.0,17.0,2.0,6.0,2.0,4.0,14.0,10.0,5.0,3.0,0.0,0.0,52.5,47.5,0.65,2.06,espn:758133
espn+fotmob,2025-26,DFB-Pokal,1,domestic_cup,DFB,2025-10-29,17:00,SC Paderborn 07,Bayer Leverkusen,FINAL_AET,2,4,A,,,,18.0,29.0,5.0,14.0,6.0,6.0,18.0,12.0,3.0,2.0,1.0,0.0,35.9,64.1,1.41,3.68,espn:758130
espn+fotmob,2025-26,DFB-Pokal,1,domestic_cup,DFB,2025-10-29,17:00,SpVgg Greuther Fürth,Kaiserslautern,FULL_TIME,0,1,A,,,,11.0,10.0,6.0,3.0,6.0,8.0,16.0,14.0,3.0,6.0,1.0,0.0,52.3,47.7,0.96,1.25,espn:758134
espn+fotmob,2025-26,DFB-Pokal,1,domestic_cup,DFB,2025-10-29,19:45,1. FC Union Berlin,Arminia Bielefeld,FINAL_AET,2,1,H,,,,29.0,20.0,11.0,7.0,11.0,4.0,17.0,10.0,3.0,2.0,0.0,0.0,53.9,46.1,2.15,2.5,espn:758135
espn+fotmob,2025-26,DFB-Pokal,1,domestic_cup,DFB,2025-10-29,19:45,FC Cologne,Bayern Munich,FULL_TIME,1,4,A,,,,13.0,16.0,7.0,9.0,6.0,5.0,12.0,14.0,1.0,2.0,0.0,0.0,39.9,60.1,1.51,4.15,espn:758124
espn+fotmob,2025-26,DFB-Pokal,1,domestic_cup,DFB,2025-10-29,19:45,Fortuna Düsseldorf,SC Freiburg,FULL_TIME,1,3,A,,,,19.0,19.0,4.0,7.0,8.0,3.0,20.0,8.0,2.0,4.0,0.0,0.0,60.5,39.5,1.64,1.78,espn:758127
espn+fotmob,2025-26,DFB-Pokal,1,domestic_cup,DFB,2025-10-29,19:45,SV Darmstadt 98,Schalke 04,FULL_TIME,4,0,H,,,,15.0,7.0,8.0,1.0,6.0,3.0,15.0,14.0,1.0,1.0,0.0,0.0,51.2,48.8,2.65,1.32,espn:758132
espn+fotmob,2025-26,DFB-Pokal,1,domestic_cup,DFB,2025-12-02,17:00,Borussia Mönchengladbach,St. Pauli,FULL_TIME,1,2,A,,,,13.0,11.0,6.0,5.0,2.0,0.0,8.0,7.0,1.0,2.0,0.0,0.0,47.9,52.1,1.81,0.66,espn:760549
espn+fotmob,2025-26,DFB-Pokal,1,domestic_cup,DFB,2025-12-02,17:00,Hertha Berlin,Kaiserslautern,FULL_TIME,6,1,H,,,,15.0,12.0,8.0,3.0,3.0,2.0,11.0,13.0,1.0,3.0,0.0,0.0,42.7,57.3,3.4,0.91,espn:760547
espn+fotmob,2025-26,DFB-Pokal,1,domestic_cup,DFB,2025-12-02,20:00,Borussia Dortmund,Bayer Leverkusen,FULL_TIME,0,1,A,,,,20.0,6.0,4.0,2.0,11.0,0.0,5.0,8.0,3.0,2.0,0.0,0.0,57.9,42.1,1.32,0.33,espn:760553
espn+fotmob,2025-26,DFB-Pokal,1,domestic_cup,DFB,2025-12-02,20:00,RB Leipzig,1. FC Magdeburg,FULL_TIME,3,1,H,,,,16.0,11.0,10.0,3.0,2.0,8.0,7.0,11.0,1.0,3.0,0.0,0.0,49.6,50.4,1.79,1.4,espn:760552
espn+fotmob,2025-26,DFB-Pokal,1,domestic_cup,DFB,2025-12-03,17:00,SC Freiburg,SV Darmstadt 98,FULL_TIME,2,0,H,,,,11.0,11.0,4.0,6.0,3.0,9.0,6.0,7.0,0.0,0.0,0.0,1.0,52.0,48.0,3.01,0.48,espn:760551
espn+fotmob,2025-26,DFB-Pokal,1,domestic_cup,DFB,2025-12-03,17:00,VfL Bochum,VfB Stuttgart,FULL_TIME,0,2,A,,,,13.0,10.0,3.0,4.0,4.0,4.0,11.0,5.0,0.0,0.0,1.0,0.0,24.0,76.0,0.92,0.99,espn:760548
espn+fotmob,2025-26,DFB-Pokal,1,domestic_cup,DFB,2025-12-03,19:45,1. FC Union Berlin,Bayern Munich,FULL_TIME,2,3,A,,,,18.0,6.0,7.0,6.0,2.0,4.0,14.0,11.0,3.0,3.0,0.0,0.0,40.4,59.6,3.0,0.84,espn:760550
espn+fotmob,2025-26,DFB-Pokal,1,domestic_cup,DFB,2025-12-03,19:45,Hamburg SV,Holstein Kiel,FINAL_PEN,1,1,D,,,,19.0,19.0,7.0,4.0,4.0,8.0,14.0,15.0,3.0,6.0,0.0,0.0,56.3,43.7,1.74,2.86,espn:760546
espn+fotmob,2025-26,DFB-Pokal,1,domestic_cup,DFB,2026-02-03,19:45,Bayer Leverkusen,St. Pauli,FULL_TIME,3,0,H,,,,8.0,10.0,4.0,1.0,4.0,5.0,6.0,14.0,1.0,2.0,0.0,0.0,61.1,38.9,1.28,0.94,espn:762466
espn+fotmob,2025-26,DFB-Pokal,1,domestic_cup,DFB,2026-02-04,19:45,Holstein Kiel,VfB Stuttgart,FULL_TIME,0,3,A,,,,11.0,16.0,3.0,5.0,4.0,5.0,10.0,14.0,0.0,1.0,0.0,0.0,40.5,59.5,0.88,2.82,espn:762469
espn+fotmob,2025-26,DFB-Pokal,1,domestic_cup,DFB,2026-02-10,19:45,Hertha Berlin,SC Freiburg,FINAL_PEN,1,1,D,,,,11.0,18.0,4.0,8.0,6.0,5.0,14.0,9.0,3.0,1.0,0.0,0.0,51.9,48.1,0.69,1.05,espn:762468
espn+fotmob,2025-26,DFB-Pokal,1,domestic_cup,DFB,2026-02-11,19:45,Bayern Munich,RB Leipzig,FULL_TIME,2,0,H,,,,12.0,7.0,7.0,1.0,4.0,6.0,11.0,14.0,3.0,4.0,0.0,0.0,59.3,40.7,3.11,0.46,espn:762467
espn+fotmob,2025-26,DFB-Pokal,1,domestic_cup,DFB,2026-04-22,18:45,Bayer Leverkusen,Bayern Munich,FULL_TIME,0,2,A,,,,4.0,20.0,1.0,11.0,4.0,6.0,11.0,18.0,2.0,1.0,0.0,0.0,47.0,53.0,0.24,3.13,espn:401862313
espn+fotmob,2025-26,DFB-Pokal,1,domestic_cup,DFB,2026-04-23,18:45,VfB Stuttgart,SC Freiburg,FINAL_AET,2,1,H,,,,29.0,18.0,9.0,5.0,9.0,4.0,20.0,17.0,4.0,5.0,0.0,0.0,65.9,34.1,4.17,2.45,espn:401862314
espn+fotmob,2025-26,DFB-Pokal,1,domestic_cup,DFB,2026-05-23,18:00,Bayern Munich,VfB Stuttgart,FULL_TIME,3,0,H,,,,11.0,8.0,6.0,3.0,0.0,3.0,5.0,13.0,0.0,2.0,0.0,0.0,64.6,35.4,2.4,0.36,espn:401862315
espn,2025-26,EFL Cup,1,league_cup,EFL,2025-07-29,18:30,Barnet,Newport County,FINAL_PEN,2,2,D,,,,,,,,,,,,,,,,,,,,espn:746256
espn,2025-26,EFL Cup,1,league_cup,EFL,2025-08-05,18:45,Accrington Stanley,Oldham Athletic,FULL_TIME,3,1,H,,,,,,,,,,,,,,,,,,,,espn:746257
espn+fotmob,2025-26,EFL Cup,1,league_cup,EFL,2025-08-12,18:00,Swansea City,Crawley Town,FULL_TIME,3,1,H,,,,21.0,7.0,8.0,2.0,8.0,7.0,,,0.0,1.0,,,61.0,39.0,2.72,0.97,espn:746283
espn+fotmob,2025-26,EFL Cup,1,league_cup,EFL,2025-08-12,18:30,Barrow,Preston North End,FULL_TIME,0,1,A,,,,9.0,22.0,3.0,5.0,1.0,13.0,,,1.0,0.0,,,38.0,62.0,0.95,1.31,espn:746290
espn+fotmob,2025-26,EFL Cup,1,league_cup,EFL,2025-08-12,18:30,Middlesbrough,Doncaster Rovers,FULL_TIME,0,4,A,,,,18.0,18.0,5.0,5.0,7.0,2.0,,,1.0,3.0,,,62.0,38.0,1.04,1.76,espn:746275
espn+fotmob,2025-26,EFL Cup,1,league_cup,EFL,2025-08-12,18:30,Newport County,Millwall,FULL_TIME,0,1,A,,,,14.0,20.0,2.0,7.0,2.0,7.0,,,0.0,2.0,,,38.0,62.0,1.56,1.93,espn:746285
espn+fotmob,2025-26,EFL Cup,1,league_cup,EFL,2025-08-12,18:30,Stockport County,Crewe Alexandra,FULL_TIME,3,1,H,,,,21.0,12.0,10.0,4.0,5.0,4.0,,,2.0,0.0,,,56.0,44.0,1.67,0.86,espn:746281
espn+fotmob,2025-26,EFL Cup,1,league_cup,EFL,2025-08-12,18:45,Accrington Stanley,Peterborough United,FULL_TIME,2,1,H,,,,10.0,14.0,7.0,3.0,2.0,8.0,,,6.0,2.0,,,28.0,72.0,1.39,0.83,espn:746284
espn+fotmob,2025-26,EFL Cup,1,league_cup,EFL,2025-08-12,18:45,Blackburn Rovers,Bradford City,FULL_TIME,1,2,A,,,,15.0,9.0,4.0,5.0,4.0,3.0,,,3.0,4.0,,,65.0,35.0,1.42,1.2,espn:746259
espn+fotmob,2025-26,EFL Cup,1,league_cup,EFL,2025-08-12,18:45,Blackpool,Port Vale,FULL_TIME,0,1,A,,,,11.0,10.0,2.0,3.0,7.0,7.0,,,2.0,1.0,,,57.0,43.0,0.63,1.0,espn:746260
espn+fotmob,2025-26,EFL Cup,1,league_cup,EFL,2025-08-12,18:45,Bristol City,Milton Keynes Dons,FULL_TIME,2,0,H,,,,14.0,5.0,2.0,0.0,5.0,3.0,,,0.0,2.0,,,65.0,35.0,1.16,0.63,espn:746262
espn+fotmob,2025-26,EFL Cup,1,league_cup,EFL,2025-08-12,18:45,Bristol Rovers,Cambridge United,FULL_TIME,0,2,A,,,,7.0,11.0,1.0,2.0,6.0,5.0,,,1.0,1.0,,,57.0,43.0,0.39,1.2,espn:746263
espn+fotmob,2025-26,EFL Cup,1,league_cup,EFL,2025-08-12,18:45,Cardiff City,Swindon Town,FULL_TIME,2,1,H,,,,17.0,8.0,10.0,1.0,12.0,2.0,,,1.0,2.0,,,73.0,27.0,1.65,1.08,espn:746265
espn+fotmob,2025-26,EFL Cup,1,league_cup,EFL,2025-08-12,18:45,Charlton Athletic,Stevenage,FULL_TIME,3,1,H,,,,11.0,8.0,4.0,2.0,4.0,2.0,,,0.0,0.0,,,42.0,58.0,1.43,0.46,espn:746266
espn+fotmob,2025-26,EFL Cup,1,league_cup,EFL,2025-08-12,18:45,Chesterfield,Mansfield Town,FULL_TIME,0,2,A,,,,12.0,10.0,5.0,5.0,9.0,3.0,,,1.0,4.0,,,71.0,29.0,1.05,0.88,espn:746268
espn+fotmob,2025-26,EFL Cup,1,league_cup,EFL,2025-08-12,18:45,Coventry City,Luton Town,FULL_TIME,1,0,H,,,,12.0,13.0,3.0,1.0,5.0,5.0,,,0.0,1.0,,,54.0,46.0,2.61,1.78,espn:746269
espn+fotmob,2025-26,EFL Cup,1,league_cup,EFL,2025-08-12,18:45,Gillingham,AFC Wimbledon,FINAL_PEN,1,1,D,,,,11.0,10.0,4.0,2.0,5.0,3.0,,,0.0,2.0,,,51.0,49.0,0.75,1.1,espn:746270
espn+fotmob,2025-26,EFL Cup,1,league_cup,EFL,2025-08-12,18:45,Grimsby Town,Shrewsbury Town,FULL_TIME,3,1,H,,,,19.0,8.0,6.0,3.0,10.0,3.0,,,0.0,4.0,,,56.0,44.0,2.8,0.84,espn:746271
espn+fotmob,2025-26,EFL Cup,1,league_cup,EFL,2025-08-12,18:45,Harrogate Town,Lincoln City,FULL_TIME,1,3,A,,,,8.0,21.0,3.0,5.0,2.0,10.0,,,0.0,1.0,,,38.0,62.0,0.34,2.61,espn:746292
espn+fotmob,2025-26,EFL Cup,1,league_cup,EFL,2025-08-12,18:45,Leyton Orient,Wycombe Wanderers,FULL_TIME,0,1,A,,,,14.0,14.0,2.0,4.0,11.0,5.0,,,1.0,2.0,,,49.0,51.0,1.25,1.42,espn:746274
espn+fotmob,2025-26,EFL Cup,1,league_cup,EFL,2025-08-12,18:45,Northampton Town,Southampton,FULL_TIME,0,1,A,,,,16.0,13.0,4.0,3.0,4.0,8.0,,,3.0,4.0,,,43.0,57.0,1.32,1.18,espn:746276
espn+fotmob,2025-26,EFL Cup,1,league_cup,EFL,2025-08-12,18:45,Oxford United,Colchester United,FULL_TIME,1,0,H,,,,13.0,14.0,6.0,3.0,8.0,5.0,,,3.0,3.0,,,63.0,37.0,0.75,0.75,espn:746277
espn+fotmob,2025-26,EFL Cup,1,league_cup,EFL,2025-08-12,18:45,Plymouth Argyle,Queens Park Rangers,FULL_TIME,3,2,H,,,,28.0,6.0,10.0,4.0,15.0,2.0,,,0.0,1.0,,,69.0,31.0,4.86,1.23,espn:746278
espn+fotmob,2025-26,EFL Cup,1,league_cup,EFL,2025-08-12,18:45,Portsmouth,Reading,FULL_TIME,1,2,A,,,,11.0,11.0,3.0,6.0,6.0,6.0,11.0,15.0,2.0,2.0,0.0,0.0,62.7,37.3,1.49,2.05,espn:746279
espn+fotmob,2025-26,EFL Cup,1,league_cup,EFL,2025-08-12,18:45,Salford City,Rotherham United,FINAL_PEN,0,0,D,,,,17.0,14.0,4.0,4.0,8.0,6.0,,,2.0,1.0,,,51.0,49.0,1.43,1.05,espn:746280
espn+fotmob,2025-26,EFL Cup,1,league_cup,EFL,2025-08-12,18:45,Stoke City,Walsall,FINAL_PEN,0,0,D,,,,8.0,11.0,1.0,1.0,4.0,6.0,,,2.0,1.0,,,74.0,26.0,0.36,0.68,espn:746282
espn+fotmob,2025-26,EFL Cup,1,league_cup,EFL,2025-08-12,18:45,Watford,Norwich City,FULL_TIME,1,2,A,,,,10.0,11.0,2.0,6.0,8.0,3.0,,,1.0,1.0,,,44.0,56.0,0.4,0.66,espn:746287
espn+fotmob,2025-26,EFL Cup,1,league_cup,EFL,2025-08-12,18:45,West Bromwich Albion,Derby County,FINAL_PEN,1,1,D,,,,20.0,4.0,6.0,1.0,8.0,2.0,,,1.0,4.0,,,55.0,45.0,1.25,0.16,espn:746288
espn+fotmob,2025-26,EFL Cup,1,league_cup,EFL,2025-08-12,18:45,Wigan Athletic,Notts County,FULL_TIME,1,0,H,,,,10.0,10.0,3.0,3.0,5.0,6.0,,,4.0,1.0,,,36.0,64.0,1.35,0.6,espn:746289
espn+fotmob,2025-26,EFL Cup,1,league_cup,EFL,2025-08-12,18:45,Wrexham,Hull City,FINAL_PEN,3,3,D,,,,16.0,14.0,6.0,6.0,6.0,4.0,9.0,9.0,0.0,3.0,0.0,0.0,38.7,61.3,1.47,2.33,espn:746272
espn+fotmob,2025-26,EFL Cup,1,league_cup,EFL,2025-08-12,19:00,Bromley,Ipswich Town,FINAL_PEN,1,1,D,,,,9.0,18.0,2.0,5.0,6.0,8.0,,,1.0,0.0,,,28.0,72.0,1.18,1.86,espn:746264
espn+fotmob,2025-26,EFL Cup,1,league_cup,EFL,2025-08-13,18:45,Barnsley,Fleetwood Town,FINAL_PEN,2,2,D,,,,8.0,11.0,1.0,4.0,3.0,4.0,,,1.0,0.0,,,65.0,35.0,0.79,1.18,espn:746291
espn+fotmob,2025-26,EFL Cup,1,league_cup,EFL,2025-08-13,18:45,Bolton Wanderers,Sheffield Wednesday,FINAL_PEN,3,3,D,,,,10.0,8.0,8.0,4.0,4.0,0.0,,,1.0,1.0,,,53.0,47.0,1.39,0.94,espn:746261
espn+fotmob,2025-26,EFL Cup,1,league_cup,EFL,2025-08-13,18:45,Cheltenham Town,Exeter City,FULL_TIME,2,0,H,,,,19.0,9.0,9.0,1.0,5.0,8.0,,,3.0,4.0,,,47.0,53.0,2.53,0.66,espn:746267
espn+fotmob,2025-26,EFL Cup,1,league_cup,EFL,2025-08-13,18:45,Huddersfield Town,Leicester City,FINAL_PEN,2,2,D,,,,11.0,12.0,6.0,3.0,3.0,6.0,,,2.0,1.0,,,40.0,60.0,1.26,0.76,espn:746273
espn+fotmob,2025-26,EFL Cup,1,league_cup,EFL,2025-08-13,19:00,Birmingham City,Sheffield United,FULL_TIME,2,1,H,,,,20.0,5.0,5.0,1.0,5.0,2.0,,,2.0,2.0,,,54.0,46.0,3.38,0.45,espn:746258
espn+fotmob,2025-26,EFL Cup,1,league_cup,EFL,2025-08-19,18:45,Tranmere Rovers,Burton Albion,FINAL_PEN,1,1,D,,,,13.0,6.0,5.0,2.0,1.0,6.0,,,1.0,2.0,,,64.0,36.0,0.89,0.91,espn:746286
espn+fotmob,2025-26,EFL Cup,1,league_cup,EFL,2025-08-26,18:00,Reading,AFC Wimbledon,FULL_TIME,2,1,H,,,,9.0,14.0,4.0,5.0,2.0,6.0,,,0.0,1.0,,,49.0,51.0,1.24,1.02,espn:756234
espn+fotmob,2025-26,EFL Cup,1,league_cup,EFL,2025-08-26,18:30,Cambridge United,Charlton Athletic,FULL_TIME,3,1,H,,,,12.0,13.0,5.0,4.0,3.0,4.0,,,0.0,3.0,,,44.0,56.0,1.5,0.94,espn:756244
espn+fotmob,2025-26,EFL Cup,1,league_cup,EFL,2025-08-26,18:30,Wolverhampton Wanderers,West Ham United,FULL_TIME,3,2,H,,,,19.0,7.0,6.0,4.0,7.0,0.0,,,2.0,1.0,,,51.0,49.0,2.12,1.39,espn:756240
espn+fotmob,2025-26,EFL Cup,1,league_cup,EFL,2025-08-26,18:45,Accrington Stanley,Doncaster Rovers,FULL_TIME,0,2,A,,,,6.0,14.0,3.0,5.0,1.0,12.0,,,0.0,0.0,,,35.0,65.0,0.26,1.12,espn:756248
espn+fotmob,2025-26,EFL Cup,1,league_cup,EFL,2025-08-26,18:45,AFC Bournemouth,Brentford,FULL_TIME,0,2,A,,,,18.0,6.0,4.0,2.0,4.0,3.0,,,1.0,3.0,,,66.0,34.0,1.68,1.0,espn:756247
espn+fotmob,2025-26,EFL Cup,1,league_cup,EFL,2025-08-26,18:45,Barnsley,Rotherham United,FULL_TIME,2,1,H,,,,15.0,13.0,4.0,8.0,2.0,3.0,,,2.0,2.0,,,62.0,38.0,1.73,1.73,espn:756238
espn+fotmob,2025-26,EFL Cup,1,league_cup,EFL,2025-08-26,18:45,Birmingham City,Port Vale,FULL_TIME,0,1,A,,,,9.0,11.0,0.0,3.0,10.0,7.0,,,3.0,0.0,,,70.0,30.0,0.34,1.65,espn:756241
espn+fotmob,2025-26,EFL Cup,1,league_cup,EFL,2025-08-26,18:45,Bromley,Wycombe Wanderers,FINAL_PEN,1,1,D,,,,16.0,15.0,6.0,5.0,4.0,5.0,,,0.0,0.0,,,30.0,70.0,0.92,0.8,espn:756246
espn+fotmob,2025-26,EFL Cup,1,league_cup,EFL,2025-08-26,18:45,Burnley,Derby County,FULL_TIME,2,1,H,,,,13.0,8.0,5.0,2.0,5.0,3.0,,,1.0,1.0,,,55.0,45.0,1.3,0.74,espn:756245
espn+fotmob,2025-26,EFL Cup,1,league_cup,EFL,2025-08-26,18:45,Burton Albion,Lincoln City,FULL_TIME,0,1,A,,,,7.0,16.0,2.0,8.0,3.0,2.0,,,3.0,2.0,,,48.0,52.0,0.44,2.01,espn:756239
espn+fotmob,2025-26,EFL Cup,1,league_cup,EFL,2025-08-26,18:45,Cardiff City,Cheltenham Town,FULL_TIME,3,0,H,,,,23.0,14.0,10.0,4.0,7.0,3.0,,,2.0,2.0,,,62.0,38.0,2.9,1.71,espn:756243
espn+fotmob,2025-26,EFL Cup,1,league_cup,EFL,2025-08-26,18:45,Norwich City,Southampton,FULL_TIME,0,3,A,,,,10.0,9.0,4.0,5.0,5.0,5.0,,,0.0,1.0,,,49.0,51.0,0.48,1.14,espn:756231
espn+fotmob,2025-26,EFL Cup,1,league_cup,EFL,2025-08-26,18:45,Preston North End,Wrexham,FULL_TIME,2,3,A,,,,14.0,11.0,6.0,3.0,5.0,6.0,,,1.0,1.0,,,53.0,47.0,1.12,1.26,espn:756233
espn+fotmob,2025-26,EFL Cup,1,league_cup,EFL,2025-08-26,18:45,Stoke City,Bradford City,FULL_TIME,0,3,A,,,,13.0,15.0,2.0,4.0,4.0,7.0,,,0.0,2.0,,,60.0,40.0,0.69,1.95,espn:756235
espn+fotmob,2025-26,EFL Cup,1,league_cup,EFL,2025-08-26,18:45,Sunderland,Huddersfield Town,FINAL_PEN,1,1,D,,,,17.0,11.0,4.0,4.0,11.0,2.0,,,2.0,1.0,,,70.0,30.0,0.81,0.37,espn:756236
espn+fotmob,2025-26,EFL Cup,1,league_cup,EFL,2025-08-26,18:45,Swansea City,Plymouth Argyle,FINAL_PEN,1,1,D,,,,15.0,15.0,3.0,4.0,3.0,8.0,,,1.0,1.0,,,66.0,34.0,1.2,1.49,espn:756237
espn+fotmob,2025-26,EFL Cup,1,league_cup,EFL,2025-08-26,18:45,Wigan Athletic,Stockport County,FULL_TIME,1,0,H,,,,6.0,10.0,3.0,1.0,2.0,7.0,11.0,11.0,0.0,2.0,0.0,0.0,45.8,54.2,1.09,0.45,espn:756249
espn+fotmob,2025-26,EFL Cup,1,league_cup,EFL,2025-08-26,19:00,Millwall,Coventry City,FULL_TIME,2,1,H,,,,9.0,15.0,2.0,5.0,6.0,8.0,,,2.0,2.0,,,41.0,59.0,0.6,1.65,espn:756230
espn+fotmob,2025-26,EFL Cup,1,league_cup,EFL,2025-08-26,19:00,Sheffield Wednesday,Leeds United,FINAL_PEN,1,1,D,,,,6.0,25.0,3.0,7.0,1.0,8.0,,,2.0,0.0,,,20.0,80.0,0.16,2.91,espn:756242
espn+fotmob,2025-26,EFL Cup,1,league_cup,EFL,2025-08-27,18:45,Fulham,Bristol City,FULL_TIME,2,0,H,,,,11.0,7.0,4.0,0.0,3.0,8.0,,,1.0,0.0,,,58.0,42.0,0.68,0.37,espn:756250
espn+fotmob,2025-26,EFL Cup,1,league_cup,EFL,2025-08-27,18:45,Oxford United,Brighton & Hove Albion,FULL_TIME,0,6,A,,,,19.0,19.0,11.0,9.0,7.0,5.0,,,1.0,0.0,,,38.0,62.0,1.71,2.35,espn:756232
espn+fotmob,2025-26,EFL Cup,1,league_cup,EFL,2025-08-27,19:00,Everton,Mansfield Town,FULL_TIME,2,0,H,,,,14.0,4.0,6.0,1.0,5.0,1.0,,,0.0,0.0,,,66.0,34.0,2.2,0.22,espn:756228
espn+fotmob,2025-26,EFL Cup,1,league_cup,EFL,2025-08-27,19:00,Grimsby Town,Manchester United,FINAL_PEN,2,2,D,,,,10.0,28.0,4.0,9.0,6.0,4.0,,,2.0,2.0,,,30.0,70.0,1.75,3.15,espn:756229
espn+fotmob,2025-26,EFL Cup,1,league_cup,EFL,2025-09-16,18:45,Sheffield Wednesday,Grimsby Town,FULL_TIME,0,1,A,,,,3.0,10.0,0.0,6.0,4.0,3.0,,,2.0,1.0,,,52.0,48.0,0.25,0.62,espn:758184
espn+fotmob,2025-26,EFL Cup,1,league_cup,EFL,2025-09-16,19:00,Brentford,Aston Villa,FINAL_PEN,1,1,D,,,,10.0,12.0,3.0,6.0,3.0,3.0,,,0.0,2.0,,,46.0,54.0,0.53,0.74,espn:758186
espn+fotmob,2025-26,EFL Cup,1,league_cup,EFL,2025-09-16,19:00,Crystal Palace,Millwall,FINAL_PEN,1,1,D,,,,17.0,8.0,6.0,3.0,8.0,2.0,,,1.0,4.0,,,54.0,46.0,1.81,1.36,espn:758185
espn+fotmob,2025-26,EFL Cup,1,league_cup,EFL,2025-09-17,19:00,Swansea City,Nottingham Forest,FULL_TIME,3,2,H,,,,14.0,17.0,4.0,3.0,3.0,6.0,,,4.0,2.0,,,45.0,55.0,0.58,2.64,espn:758187
espn+fotmob,2025-26,EFL Cup,1,league_cup,EFL,2025-09-23,18:45,Barnsley,Brighton & Hove Albion,FULL_TIME,0,6,A,,,,6.0,16.0,0.0,12.0,2.0,6.0,,,0.0,3.0,,,40.0,60.0,0.31,1.84,espn:758194
espn+fotmob,2025-26,EFL Cup,1,league_cup,EFL,2025-09-23,18:45,Burnley,Cardiff City,FULL_TIME,1,2,A,,,,15.0,9.0,8.0,3.0,2.0,5.0,,,2.0,1.0,,,47.0,53.0,1.18,1.28,espn:758188
espn+fotmob,2025-26,EFL Cup,1,league_cup,EFL,2025-09-23,18:45,Fulham,Cambridge United,FULL_TIME,1,0,H,,,,16.0,6.0,7.0,0.0,7.0,5.0,,,1.0,1.0,,,77.0,23.0,1.66,0.26,espn:758193
espn+fotmob,2025-26,EFL Cup,1,league_cup,EFL,2025-09-23,18:45,Lincoln City,Chelsea,FULL_TIME,1,2,A,,,,16.0,14.0,2.0,4.0,3.0,2.0,,,3.0,4.0,,,28.0,72.0,1.84,1.94,espn:758189
espn+fotmob,2025-26,EFL Cup,1,league_cup,EFL,2025-09-23,18:45,Wigan Athletic,Wycombe Wanderers,FULL_TIME,0,2,A,,,,4.0,8.0,0.0,4.0,2.0,8.0,,,2.0,3.0,,,45.0,55.0,0.44,0.46,espn:758191
espn+fotmob,2025-26,EFL Cup,1,league_cup,EFL,2025-09-23,18:45,Wolverhampton Wanderers,Everton,FULL_TIME,2,0,H,,,,13.0,18.0,4.0,4.0,3.0,5.0,,,2.0,2.0,,,52.0,48.0,0.87,1.33,espn:758192
espn+fotmob,2025-26,EFL Cup,1,league_cup,EFL,2025-09-23,18:45,Wrexham,Reading,FULL_TIME,2,0,H,,,,18.0,11.0,7.0,4.0,3.0,4.0,,,1.0,0.0,,,46.0,54.0,2.19,0.64,espn:758190
espn+fotmob,2025-26,EFL Cup,1,league_cup,EFL,2025-09-23,19:00,Liverpool,Southampton,FULL_TIME,2,1,H,,,,10.0,13.0,4.0,3.0,3.0,6.0,,,0.0,2.0,,,61.0,39.0,1.93,1.7,espn:758195
espn+fotmob,2025-26,EFL Cup,1,league_cup,EFL,2025-09-24,18:45,Huddersfield Town,Manchester City,FULL_TIME,0,2,A,,,,5.0,17.0,0.0,7.0,1.0,5.0,,,0.0,0.0,,,24.0,76.0,0.24,1.23,espn:758198
espn+fotmob,2025-26,EFL Cup,1,league_cup,EFL,2025-09-24,18:45,Newcastle United,Bradford City,FULL_TIME,4,1,H,,,,27.0,6.0,11.0,3.0,6.0,3.0,,,0.0,1.0,,,77.0,23.0,4.73,0.36,espn:758196
espn+fotmob,2025-26,EFL Cup,1,league_cup,EFL,2025-09-24,18:45,Tottenham Hotspur,Doncaster Rovers,FULL_TIME,3,0,H,,,,18.0,10.0,5.0,2.0,9.0,4.0,,,1.0,1.0,,,55.0,45.0,1.62,0.73,espn:758197
espn+fotmob,2025-26,EFL Cup,1,league_cup,EFL,2025-09-24,19:00,Port Vale,Arsenal,FULL_TIME,0,2,A,,,,3.0,11.0,0.0,4.0,1.0,6.0,,,0.0,0.0,,,19.0,81.0,0.08,1.06,espn:758199
espn+fotmob,2025-26,EFL Cup,1,league_cup,EFL,2025-10-28,19:45,Grimsby Town,Brentford,FULL_TIME,0,5,A,,,,4.0,13.0,2.0,5.0,2.0,3.0,,,2.0,0.0,,,43.0,57.0,0.53,1.72,espn:759238
espn+fotmob,2025-26,EFL Cup,1,league_cup,EFL,2025-10-28,19:45,Wycombe Wanderers,Fulham,FINAL_PEN,1,1,D,,,,6.0,21.0,1.0,8.0,1.0,9.0,,,2.0,1.0,,,26.0,74.0,0.33,1.53,espn:759239
espn+fotmob,2025-26,EFL Cup,1,league_cup,EFL,2025-10-28,20:00,Wrexham,Cardiff City,FULL_TIME,1,2,A,,,,14.0,23.0,5.0,9.0,3.0,10.0,,,0.0,3.0,,,50.0,50.0,1.14,1.97,espn:759240
espn+fotmob,2025-26,EFL Cup,1,league_cup,EFL,2025-10-29,19:45,Arsenal,Brighton & Hove Albion,FULL_TIME,2,0,H,,,,16.0,18.0,5.0,6.0,8.0,2.0,,,0.0,2.0,,,50.0,50.0,1.21,1.62,espn:759241
espn+fotmob,2025-26,EFL Cup,1,league_cup,EFL,2025-10-29,19:45,Liverpool,Crystal Palace,FULL_TIME,0,3,A,,,,8.0,15.0,1.0,9.0,3.0,2.0,,,2.0,2.0,,,58.0,42.0,0.49,1.62,espn:759242
espn+fotmob,2025-26,EFL Cup,1,league_cup,EFL,2025-10-29,19:45,Swansea City,Manchester City,FULL_TIME,1,3,A,,,,2.0,24.0,2.0,6.0,3.0,8.0,,,1.0,1.0,,,24.0,76.0,0.13,1.43,espn:759243
espn+fotmob,2025-26,EFL Cup,1,league_cup,EFL,2025-10-29,19:45,Wolverhampton Wanderers,Chelsea,FULL_TIME,3,4,A,,,,15.0,12.0,4.0,4.0,4.0,1.0,,,3.0,4.0,,,40.0,60.0,1.13,2.44,espn:759244
espn+fotmob,2025-26,EFL Cup,1,league_cup,EFL,2025-10-29,20:00,Newcastle United,Tottenham Hotspur,FULL_TIME,2,0,H,,,,10.0,11.0,3.0,6.0,7.0,2.0,,,4.0,3.0,,,47.0,53.0,1.36,0.83,espn:759245
espn+fotmob,2025-26,EFL Cup,1,league_cup,EFL,2025-12-16,20:00,Cardiff City,Chelsea,FULL_TIME,1,3,A,,,,10.0,20.0,4.0,7.0,2.0,8.0,,,2.0,1.0,,,46.0,54.0,0.51,2.65,espn:760342
espn+fotmob,2025-26,EFL Cup,1,league_cup,EFL,2025-12-17,19:30,Manchester City,Brentford,FULL_TIME,2,0,H,,,,15.0,3.0,7.0,3.0,5.0,1.0,,,2.0,0.0,,,60.0,40.0,0.96,0.1,espn:760343
espn+fotmob,2025-26,EFL Cup,1,league_cup,EFL,2025-12-17,20:15,Newcastle United,Fulham,FULL_TIME,2,1,H,,,,14.0,6.0,6.0,3.0,5.0,5.0,,,2.0,1.0,,,61.0,39.0,1.5,0.46,espn:760344
espn+fotmob,2025-26,EFL Cup,1,league_cup,EFL,2025-12-23,20:00,Arsenal,Crystal Palace,FINAL_PEN,1,1,D,,,,25.0,8.0,7.0,1.0,8.0,2.0,,,1.0,0.0,,,69.0,31.0,3.06,0.91,espn:760341
espn+fotmob,2025-26,EFL Cup,1,league_cup,EFL,2026-01-13,20:00,Newcastle United,Manchester City,FULL_TIME,0,2,A,,,,10.0,11.0,2.0,4.0,5.0,6.0,,,4.0,4.0,,,42.0,58.0,0.88,1.92,espn:401842433
espn+fotmob,2025-26,EFL Cup,1,league_cup,EFL,2026-01-14,20:00,Chelsea,Arsenal,FULL_TIME,2,3,A,,,,10.0,17.0,5.0,6.0,6.0,9.0,,,4.0,4.0,,,58.0,42.0,0.75,2.84,espn:401842432
espn+fotmob,2025-26,EFL Cup,1,league_cup,EFL,2026-02-03,20:00,Arsenal,Chelsea,FULL_TIME,1,0,H,,,,5.0,14.0,2.0,2.0,2.0,5.0,14.0,12.0,0.0,3.0,0.0,0.0,44.2,55.8,0.98,0.64,espn:401842435
espn+fotmob,2025-26,EFL Cup,1,league_cup,EFL,2026-02-04,20:00,Manchester City,Newcastle United,FULL_TIME,3,1,H,,,,18.0,12.0,8.0,5.0,5.0,4.0,13.0,14.0,3.0,0.0,0.0,0.0,62.8,37.2,2.29,1.44,espn:401842434
espn+fotmob,2025-26,EFL Cup,1,league_cup,EFL,2026-03-22,16:30,Arsenal,Manchester City,FULL_TIME,0,2,A,,,,10.0,10.0,4.0,2.0,3.0,3.0,12.0,10.0,3.0,1.0,0.0,0.0,38.0,62.0,0.89,1.54,espn:401859837
espn+fotmob,2025-26,FA Cup,1,domestic_cup,FA,2025-10-31,19:30,Luton Town,Forest Green Rovers,FULL_TIME,4,3,H,,,,9.0,16.0,5.0,5.0,2.0,6.0,,,2.0,1.0,,,53.0,47.0,1.59,2.06,espn:759997
espn+fotmob,2025-26,FA Cup,1,domestic_cup,FA,2025-11-01,12:00,Chelmsford,Braintree Town,FULL_TIME,4,1,H,,,,14.0,10.0,6.0,3.0,3.0,4.0,,,1.0,0.0,,,47.0,53.0,1.5,1.41,espn:760020
espn+fotmob,2025-26,FA Cup,1,domestic_cup,FA,2025-11-01,15:00,AFC Wimbledon,Gateshead,FULL_TIME,0,2,A,,,,10.0,5.0,4.0,3.0,6.0,3.0,,,,,,,51.0,49.0,,,espn:759996
espn+fotmob,2025-26,FA Cup,1,domestic_cup,FA,2025-11-01,15:00,Barnsley,York City,FULL_TIME,3,2,H,,,,17.0,15.0,8.0,8.0,9.0,3.0,,,2.0,2.0,,,56.0,44.0,2.55,2.47,espn:760004
espn+fotmob,2025-26,FA Cup,1,domestic_cup,FA,2025-11-01,15:00,Blackpool,Scunthorpe United,FULL_TIME,1,0,H,,,,,,,,,,,,,,,,,,,,espn:760005
espn+fotmob,2025-26,FA Cup,1,domestic_cup,FA,2025-11-01,15:00,Bolton Wanderers,Huddersfield Town,FULL_TIME,2,1,H,,,,,,,,,,,,,,,,,,,,espn:760001
espn+fotmob,2025-26,FA Cup,1,domestic_cup,FA,2025-11-01,15:00,Boreham Wood,Crawley Town,FULL_TIME,3,0,H,,,,12.0,2.0,5.0,1.0,3.0,5.0,,,,,,,39.0,61.0,,,espn:760003
espn+fotmob,2025-26,FA Cup,1,domestic_cup,FA,2025-11-01,15:00,Bromley,Bristol Rovers,FULL_TIME,1,2,A,,,,8.0,5.0,6.0,3.0,4.0,4.0,,,,,,,51.0,49.0,,,espn:760007
espn+fotmob,2025-26,FA Cup,1,domestic_cup,FA,2025-11-01,15:00,Burton Albion,St Albans City,FULL_TIME,6,0,H,,,,18.0,5.0,8.0,4.0,4.0,4.0,,,,,,,68.0,32.0,,,espn:760011
espn+fotmob,2025-26,FA Cup,1,domestic_cup,FA,2025-11-01,15:00,Buxton,Chatham Town,FINAL_AET,2,1,H,,,,11.0,5.0,7.0,4.0,9.0,4.0,,,,,,,47.0,53.0,,,espn:760021
espn+fotmob,2025-26,FA Cup,1,domestic_cup,FA,2025-11-01,15:00,Cambridge United,Chester FC,FULL_TIME,3,0,H,,,,7.0,6.0,3.0,2.0,2.0,3.0,,,,,,,72.0,28.0,,,espn:759995
espn+fotmob,2025-26,FA Cup,1,domestic_cup,FA,2025-11-01,15:00,Cheltenham Town,Bradford City,FULL_TIME,1,0,H,,,,5.0,14.0,3.0,8.0,5.0,8.0,,,,,,,49.0,51.0,,,espn:760012
espn+fotmob,2025-26,FA Cup,1,domestic_cup,FA,2025-11-01,15:00,Colchester United,Milton Keynes Dons,FULL_TIME,2,3,A,,,,5.0,8.0,3.0,5.0,4.0,4.0,,,,,,,48.0,52.0,,,espn:760010
espn+fotmob,2025-26,FA Cup,1,domestic_cup,FA,2025-11-01,15:00,Crewe Alexandra,Doncaster Rovers,FULL_TIME,1,2,A,,,,6.0,11.0,2.0,7.0,2.0,8.0,,,,,,,48.0,52.0,,,espn:759994
espn+fotmob,2025-26,FA Cup,1,domestic_cup,FA,2025-11-01,15:00,FC Halifax Town,Exeter City,FULL_TIME,0,2,A,,,,7.0,12.0,4.0,7.0,2.0,3.0,,,,,,,44.0,56.0,,,espn:760009
espn+fotmob,2025-26,FA Cup,1,domestic_cup,FA,2025-11-01,15:00,Fleetwood Town,Barnet,FULL_TIME,2,1,H,,,,5.0,7.0,3.0,3.0,2.0,4.0,,,,,,,43.0,57.0,,,espn:760014
espn+fotmob,2025-26,FA Cup,1,domestic_cup,FA,2025-11-01,15:00,Grimsby Town,Ebbsfleet United,FULL_TIME,3,1,H,,,,10.0,4.0,3.0,3.0,3.0,5.0,,,,,,,63.0,37.0,,,espn:760006
espn+fotmob,2025-26,FA Cup,1,domestic_cup,FA,2025-11-01,15:00,Macclesfield FC,AFC Totton,FULL_TIME,6,3,H,,,,,,,,,,,,,,,,,,,,espn:760028
espn+fotmob,2025-26,FA Cup,1,domestic_cup,FA,2025-11-01,15:00,Mansfield Town,Harrogate Town,FULL_TIME,3,2,H,,,,11.0,7.0,5.0,3.0,3.0,5.0,,,,,,,53.0,47.0,,,espn:759999
espn+fotmob,2025-26,FA Cup,1,domestic_cup,FA,2025-11-01,15:00,Newport County,Gillingham,FINAL_PEN,2,2,D,,,,13.0,10.0,12.0,5.0,8.0,8.0,,,,,,,54.0,46.0,,,espn:759991
espn+fotmob,2025-26,FA Cup,1,domestic_cup,FA,2025-11-01,15:00,Oldham Athletic,Northampton Town,FULL_TIME,3,1,H,,,,,,,,,,,,,,,,,,,,espn:759993
espn+fotmob,2025-26,FA Cup,1,domestic_cup,FA,2025-11-01,15:00,Peterborough United,Cardiff City,FULL_TIME,1,0,H,,,,,,,,,,,,,,,,,,,,espn:760002
espn+fotmob,2025-26,FA Cup,1,domestic_cup,FA,2025-11-01,15:00,Reading,Carlisle United,FINAL_AET,2,3,A,,,,12.0,11.0,6.0,7.0,7.0,2.0,,,,,,,57.0,43.0,,,espn:759990
espn+fotmob,2025-26,FA Cup,1,domestic_cup,FA,2025-11-01,15:00,Rotherham United,Swindon Town,FINAL_AET,1,2,A,,,,10.0,18.0,3.0,11.0,4.0,9.0,,,,,,,51.0,49.0,,,espn:760016
espn+fotmob,2025-26,FA Cup,1,domestic_cup,FA,2025-11-01,15:00,Salford City,Lincoln City,FINAL_PEN,1,1,D,,,,11.0,13.0,6.0,6.0,8.0,6.0,,,,,,,48.0,52.0,,,espn:760013
espn+fotmob,2025-26,FA Cup,1,domestic_cup,FA,2025-11-01,15:00,Slough Town,Altrincham,FULL_TIME,2,1,H,,,,12.0,6.0,4.0,4.0,4.0,4.0,,,,,,,49.0,51.0,,,espn:760018
espn+fotmob,2025-26,FA Cup,1,domestic_cup,FA,2025-11-01,15:00,Spennymoor Town,Barrow,FULL_TIME,0,2,A,,,,5.0,6.0,1.0,5.0,4.0,4.0,,,,,,,56.0,44.0,,,espn:760023
espn+fotmob,2025-26,FA Cup,1,domestic_cup,FA,2025-11-01,15:00,Stevenage,Chesterfield,FULL_TIME,0,1,A,,,,5.0,6.0,3.0,3.0,8.0,3.0,,,,,,,39.0,61.0,,,espn:760015
espn+fotmob,2025-26,FA Cup,1,domestic_cup,FA,2025-11-01,15:00,Sutton United,AFC Telford United,FULL_TIME,2,1,H,,,,8.0,9.0,4.0,4.0,3.0,7.0,,,,,,,59.0,41.0,,,espn:760024
espn+fotmob,2025-26,FA Cup,1,domestic_cup,FA,2025-11-01,15:00,Tranmere Rovers,Stockport County,FULL_TIME,1,3,A,,,,8.0,11.0,4.0,8.0,4.0,2.0,,,,,,,56.0,44.0,,,espn:760017
espn+fotmob,2025-26,FA Cup,1,domestic_cup,FA,2025-11-01,15:00,Wealdstone,Southend United,FULL_TIME,1,0,H,,,,7.0,5.0,3.0,3.0,4.0,4.0,,,,,,,68.0,32.0,,,espn:759992
espn+fotmob,2025-26,FA Cup,1,domestic_cup,FA,2025-11-01,15:00,Weston-super-Mare,Aldershot Town,FINAL_AET,2,1,H,,,,9.0,13.0,5.0,6.0,1.0,1.0,,,,,,,54.0,46.0,,,espn:760027
espn+fotmob,2025-26,FA Cup,1,domestic_cup,FA,2025-11-01,15:00,Wigan Athletic,Hemel Hempstead Town,FINAL_PEN,1,1,D,,,,6.0,13.0,3.0,3.0,5.0,7.0,,,,,,,48.0,52.0,,,espn:760000
espn+fotmob,2025-26,FA Cup,1,domestic_cup,FA,2025-11-01,15:00,Wycombe Wanderers,Plymouth Argyle,FULL_TIME,2,0,H,,,,13.0,2.0,6.0,1.0,8.0,2.0,,,,,,,58.0,42.0,,,espn:759989
espn+fotmob,2025-26,FA Cup,1,domestic_cup,FA,2025-11-01,17:30,Brackley Town,Notts County,FINAL_PEN,2,2,D,,,,16.0,7.0,5.0,4.0,8.0,6.0,,,2.0,2.0,,,40.0,60.0,2.01,1.05,espn:760025
espn+fotmob,2025-26,FA Cup,1,domestic_cup,FA,2025-11-02,12:00,South Shields,Shrewsbury Town,FULL_TIME,1,3,A,,,,7.0,21.0,1.0,9.0,0.0,2.0,,,2.0,2.0,,,71.0,29.0,0.22,3.05,espn:760019
espn+fotmob,2025-26,FA Cup,1,domestic_cup,FA,2025-11-02,14:15,Eastleigh,Walsall,FULL_TIME,0,3,A,,,,11.0,13.0,5.0,3.0,7.0,4.0,,,1.0,1.0,,,64.0,36.0,0.61,1.59,espn:760008
espn+fotmob,2025-26,FA Cup,1,domestic_cup,FA,2025-11-02,15:00,Port Vale,Maldon & Tiptree,FULL_TIME,5,1,H,,,,26.0,4.0,9.0,1.0,9.0,0.0,,,2.0,1.0,,,66.0,34.0,3.56,0.51,espn:759998
espn+fotmob,2025-26,FA Cup,1,domestic_cup,FA,2025-11-02,17:15,Gainsborough Trinity,Accrington Stanley,FINAL_AET,1,2,A,,,,13.0,20.0,2.0,6.0,3.0,8.0,,,3.0,1.0,,,37.0,63.0,1.27,1.91,espn:760026
espn+fotmob,2025-26,FA Cup,1,domestic_cup,FA,2025-11-03,19:30,Tamworth,Leyton Orient,FULL_TIME,0,1,A,,,,14.0,12.0,2.0,3.0,5.0,2.0,,,0.0,2.0,,,28.0,72.0,0.9,0.92,espn:760022
espn+fotmob,2025-26,FA Cup,1,domestic_cup,FA,2025-12-05,19:30,Salford City,Leyton Orient,FULL_TIME,4,0,H,,,,18.0,12.0,9.0,1.0,5.0,1.0,,,2.0,2.0,,,36.0,64.0,3.07,0.53,espn:760650
espn+fotmob,2025-26,FA Cup,1,domestic_cup,FA,2025-12-06,15:00,Accrington Stanley,Mansfield Town,FINAL_PEN,2,2,D,,,,6.0,10.0,4.0,6.0,3.0,14.0,,,,,,,44.0,56.0,,,espn:760639
espn+fotmob,2025-26,FA Cup,1,domestic_cup,FA,2025-12-06,15:00,Chelmsford,Weston-super-Mare,FULL_TIME,0,2,A,,,,,,,,,,,,,,,,,,,,espn:760635
espn+fotmob,2025-26,FA Cup,1,domestic_cup,FA,2025-12-06,15:00,Cheltenham Town,Buxton,FULL_TIME,6,2,H,,,,21.0,6.0,10.0,3.0,7.0,7.0,,,,,,,59.0,41.0,,,espn:760634
espn+fotmob,2025-26,FA Cup,1,domestic_cup,FA,2025-12-06,15:00,Exeter City,Wycombe Wanderers,FULL_TIME,4,0,H,,,,11.0,12.0,9.0,5.0,3.0,6.0,,,,,,,58.0,42.0,,,espn:760632
espn+fotmob,2025-26,FA Cup,1,domestic_cup,FA,2025-12-06,15:00,Fleetwood Town,Luton Town,FINAL_PEN,2,2,D,,,,10.0,18.0,7.0,7.0,5.0,10.0,,,,,,,37.0,63.0,,,espn:760631
espn+fotmob,2025-26,FA Cup,1,domestic_cup,FA,2025-12-06,15:00,Grimsby Town,Wealdstone,FULL_TIME,4,0,H,,,,9.0,3.0,6.0,1.0,3.0,5.0,,,,,,,52.0,48.0,,,espn:760645
espn+fotmob,2025-26,FA Cup,1,domestic_cup,FA,2025-12-06,15:00,Milton Keynes Dons,Oldham Athletic,FULL_TIME,3,1,H,,,,8.0,6.0,7.0,3.0,8.0,2.0,,,,,,,61.0,39.0,,,espn:760646
espn+fotmob,2025-26,FA Cup,1,domestic_cup,FA,2025-12-06,15:00,Peterborough United,Barnsley,FULL_TIME,0,1,A,,,,9.0,19.0,1.0,7.0,4.0,3.0,,,2.0,5.0,,,45.0,55.0,1.0,2.13,espn:760647
espn+fotmob,2025-26,FA Cup,1,domestic_cup,FA,2025-12-06,15:00,Port Vale,Bristol Rovers,FULL_TIME,1,0,H,,,,8.0,8.0,2.0,1.0,5.0,5.0,,,,,,,37.0,63.0,,,espn:760648
espn+fotmob,2025-26,FA Cup,1,domestic_cup,FA,2025-12-06,15:00,Stockport County,Cambridge United,FINAL_PEN,0,0,D,,,,8.0,8.0,4.0,4.0,8.0,6.0,,,,,,,49.0,51.0,,,espn:760643
espn+fotmob,2025-26,FA Cup,1,domestic_cup,FA,2025-12-06,15:00,Swindon Town,Bolton Wanderers,FULL_TIME,4,0,H,,,,10.0,7.0,7.0,4.0,4.0,4.0,,,,,,,47.0,53.0,,,espn:760641
espn+fotmob,2025-26,FA Cup,1,domestic_cup,FA,2025-12-06,15:00,Wigan Athletic,Barrow,FINAL_PEN,2,2,D,,,,12.0,5.0,6.0,3.0,7.0,7.0,,,,,,,65.0,35.0,,,espn:760640
espn+fotmob,2025-26,FA Cup,1,domestic_cup,FA,2025-12-06,17:15,Sutton United,Shrewsbury Town,FINAL_AET,1,2,A,,,,15.0,24.0,3.0,8.0,13.0,4.0,,,4.0,3.0,,,71.0,29.0,1.15,2.53,espn:760642
espn+fotmob,2025-26,FA Cup,1,domestic_cup,FA,2025-12-06,19:30,Chesterfield,Doncaster Rovers,FULL_TIME,1,2,A,,,,9.0,11.0,3.0,6.0,5.0,2.0,,,1.0,2.0,,,50.0,50.0,1.31,1.51,espn:760633
espn+fotmob,2025-26,FA Cup,1,domestic_cup,FA,2025-12-07,12:30,Slough Town,Macclesfield FC,FINAL_AET,1,3,A,,,,10.0,23.0,3.0,13.0,3.0,8.0,,,1.0,7.0,,,37.0,63.0,1.68,2.7,espn:760649
espn+fotmob,2025-26,FA Cup,1,domestic_cup,FA,2025-12-07,14:30,Boreham Wood,Newport County,FULL_TIME,3,0,H,,,,27.0,10.0,8.0,1.0,6.0,4.0,,,0.0,1.0,,,59.0,41.0,3.8,0.61,espn:760637
espn+fotmob,2025-26,FA Cup,1,domestic_cup,FA,2025-12-07,15:30,Gateshead,Walsall,FULL_TIME,0,2,A,,,,8.0,20.0,2.0,9.0,5.0,2.0,,,2.0,3.0,,,75.0,25.0,0.28,1.99,espn:760644
espn+fotmob,2025-26,FA Cup,1,domestic_cup,FA,2025-12-07,17:30,Blackpool,Carlisle United,FULL_TIME,4,1,H,,,,16.0,12.0,7.0,6.0,4.0,10.0,,,2.0,1.0,,,58.0,42.0,3.17,1.68,espn:760638
espn+fotmob,2025-26,FA Cup,1,domestic_cup,FA,2025-12-08,19:30,Brackley Town,Burton Albion,FULL_TIME,1,3,A,,,,4.0,17.0,1.0,7.0,1.0,7.0,,,0.0,2.0,,,36.0,64.0,0.28,2.06,espn:760636
espn+fotmob,2025-26,FA Cup,1,domestic_cup,FA,2026-01-09,19:30,Milton Keynes Dons,Oxford United,FINAL_PEN,1,1,D,,,,12.0,18.0,7.0,6.0,10.0,5.0,,,1.0,0.0,,,39.0,61.0,2.5,1.11,espn:762495
espn+fotmob,2025-26,FA Cup,1,domestic_cup,FA,2026-01-09,19:30,Port Vale,Fleetwood Town,FULL_TIME,1,0,H,,,,13.0,15.0,4.0,1.0,8.0,8.0,,,2.0,2.0,,,45.0,55.0,1.73,1.23,espn:762501
espn+fotmob,2025-26,FA Cup,1,domestic_cup,FA,2026-01-09,19:30,Preston North End,Wigan Athletic,FULL_TIME,0,1,A,,,,12.0,10.0,2.0,3.0,3.0,2.0,,,1.0,1.0,,,70.0,30.0,0.54,1.7,espn:762503
espn+fotmob,2025-26,FA Cup,1,domestic_cup,FA,2026-01-09,19:30,Wrexham,Nottingham Forest,FINAL_PEN,3,3,D,,,,17.0,31.0,7.0,10.0,8.0,7.0,,,1.0,3.0,,,38.0,62.0,2.6,2.76,espn:762493
espn+fotmob,2025-26,FA Cup,1,domestic_cup,FA,2026-01-10,12:15,Cheltenham Town,Leicester City,FULL_TIME,0,2,A,,,,9.0,16.0,3.0,5.0,1.0,10.0,,,1.0,1.0,,,29.0,71.0,0.62,0.86,espn:762513
espn+fotmob,2025-26,FA Cup,1,domestic_cup,FA,2026-01-10,12:15,Everton,Sunderland,FINAL_PEN,1,1,D,,,,14.0,18.0,3.0,6.0,0.0,7.0,,,2.0,5.0,,,45.0,55.0,1.48,0.92,espn:762489
espn+fotmob,2025-26,FA Cup,1,domestic_cup,FA,2026-01-10,12:15,Macclesfield FC,Crystal Palace,FULL_TIME,2,1,H,,,,13.0,12.0,4.0,4.0,2.0,3.0,,,2.0,2.0,,,29.0,71.0,0.82,0.78,espn:762496
espn+fotmob,2025-26,FA Cup,1,domestic_cup,FA,2026-01-10,12:15,Wolverhampton Wanderers,Shrewsbury Town,FULL_TIME,6,1,H,,,,23.0,6.0,10.0,2.0,8.0,2.0,,,1.0,2.0,,,68.0,32.0,4.69,0.96,espn:762511
espn+fotmob,2025-26,FA Cup,1,domestic_cup,FA,2026-01-10,15:00,Boreham Wood,Burton Albion,FULL_TIME,0,5,A,,,,12.0,9.0,4.0,7.0,8.0,2.0,,,2.0,4.0,,,57.0,43.0,0.65,0.83,espn:762518
espn+fotmob,2025-26,FA Cup,1,domestic_cup,FA,2026-01-10,15:00,Burnley,Millwall,FULL_TIME,5,1,H,,,,16.0,12.0,7.0,7.0,4.0,4.0,,,3.0,1.0,,,66.0,34.0,2.61,1.24,espn:762516
espn+fotmob,2025-26,FA Cup,1,domestic_cup,FA,2026-01-10,15:00,Doncaster Rovers,Southampton,FULL_TIME,2,3,A,,,,15.0,11.0,6.0,6.0,6.0,5.0,,,3.0,2.0,,,45.0,55.0,1.95,1.37,espn:762488
espn+fotmob,2025-26,FA Cup,1,domestic_cup,FA,2026-01-10,15:00,Fulham,Middlesbrough,FULL_TIME,3,1,H,,,,19.0,7.0,9.0,3.0,3.0,2.0,,,1.0,2.0,,,56.0,44.0,2.18,0.74,espn:762490
espn+fotmob,2025-26,FA Cup,1,domestic_cup,FA,2026-01-10,15:00,Ipswich Town,Blackpool,FULL_TIME,2,1,H,,,,32.0,8.0,8.0,3.0,14.0,6.0,,,2.0,2.0,,,70.0,30.0,2.58,1.12,espn:762519
espn+fotmob,2025-26,FA Cup,1,domestic_cup,FA,2026-01-10,15:00,Manchester City,Exeter City,FULL_TIME,10,1,H,,,,21.0,7.0,10.0,2.0,7.0,3.0,,,0.0,1.0,,,72.0,28.0,2.34,0.66,espn:762497
espn+fotmob,2025-26,FA Cup,1,domestic_cup,FA,2026-01-10,15:00,Newcastle United,AFC Bournemouth,FINAL_PEN,3,3,D,,,,23.0,22.0,7.0,13.0,7.0,5.0,,,1.0,5.0,,,63.0,37.0,3.91,3.02,espn:762499
espn+fotmob,2025-26,FA Cup,1,domestic_cup,FA,2026-01-10,15:00,Sheffield Wednesday,Brentford,FULL_TIME,0,2,A,,,,6.0,20.0,3.0,11.0,2.0,6.0,,,0.0,0.0,,,35.0,65.0,0.37,4.55,espn:762506
espn+fotmob,2025-26,FA Cup,1,domestic_cup,FA,2026-01-10,15:00,Stoke City,Coventry City,FULL_TIME,1,0,H,,,,14.0,8.0,4.0,1.0,7.0,3.0,,,4.0,1.0,,,39.0,61.0,2.63,0.97,espn:762507
espn+fotmob,2025-26,FA Cup,1,domestic_cup,FA,2026-01-10,17:45,Bristol City,Watford,FULL_TIME,5,1,H,,,,13.0,8.0,7.0,1.0,3.0,4.0,,,1.0,1.0,,,54.0,46.0,3.37,0.68,espn:762517
espn+fotmob,2025-26,FA Cup,1,domestic_cup,FA,2026-01-10,17:45,Cambridge United,Birmingham City,FULL_TIME,2,3,A,,,,12.0,10.0,5.0,5.0,2.0,0.0,,,1.0,0.0,,,49.0,51.0,0.96,1.12,espn:762515
espn+fotmob,2025-26,FA Cup,1,domestic_cup,FA,2026-01-10,17:45,Grimsby Town,Weston-super-Mare,FULL_TIME,3,2,H,,,,19.0,9.0,7.0,6.0,10.0,3.0,,,1.0,1.0,,,66.0,34.0,1.27,0.77,espn:762491
espn+fotmob,2025-26,FA Cup,1,domestic_cup,FA,2026-01-10,17:45,Tottenham Hotspur,Aston Villa,FULL_TIME,1,2,A,,,,13.0,17.0,5.0,8.0,4.0,6.0,,,3.0,2.0,,,40.0,60.0,0.76,2.03,espn:762509
espn+fotmob,2025-26,FA Cup,1,domestic_cup,FA,2026-01-10,20:00,Charlton Athletic,Chelsea,FULL_TIME,1,5,A,,,,11.0,30.0,3.0,16.0,3.0,6.0,,,1.0,1.0,,,26.0,74.0,1.1,3.71,espn:762514
espn+fotmob,2025-26,FA Cup,1,domestic_cup,FA,2026-01-11,12:00,Derby County,Leeds United,FULL_TIME,1,3,A,,,,7.0,22.0,2.0,11.0,5.0,5.0,,,1.0,1.0,,,34.0,66.0,0.45,2.47,espn:762512
espn+fotmob,2025-26,FA Cup,1,domestic_cup,FA,2026-01-11,14:00,Portsmouth,Arsenal,FULL_TIME,1,4,A,,,,13.0,15.0,5.0,4.0,6.0,8.0,,,1.0,2.0,,,39.0,61.0,1.07,2.91,espn:762502
espn+fotmob,2025-26,FA Cup,1,domestic_cup,FA,2026-01-11,14:30,Hull City,Blackburn Rovers,FINAL_PEN,0,0,D,,,,19.0,10.0,2.0,1.0,10.0,6.0,,,4.0,3.0,,,56.0,44.0,1.45,0.68,espn:762492
espn+fotmob,2025-26,FA Cup,1,domestic_cup,FA,2026-01-11,14:30,Norwich City,Walsall,FULL_TIME,5,1,H,,,,23.0,5.0,15.0,1.0,10.0,3.0,,,0.0,0.0,,,78.0,22.0,3.11,0.32,espn:762500
espn+fotmob,2025-26,FA Cup,1,domestic_cup,FA,2026-01-11,14:30,Sheffield United,Mansfield Town,FULL_TIME,3,4,A,,,,23.0,12.0,5.0,6.0,11.0,5.0,,,2.0,1.0,,,79.0,21.0,2.26,1.17,espn:762505
espn+fotmob,2025-26,FA Cup,1,domestic_cup,FA,2026-01-11,14:30,Swansea City,West Bromwich Albion,FINAL_PEN,2,2,D,,,,23.0,13.0,7.0,3.0,13.0,5.0,,,1.0,3.0,,,60.0,40.0,2.59,1.45,espn:762508
espn+fotmob,2025-26,FA Cup,1,domestic_cup,FA,2026-01-11,14:30,West Ham United,Queens Park Rangers,FINAL_AET,2,1,H,,,,19.0,10.0,7.0,3.0,11.0,3.0,,,3.0,4.0,,,67.0,33.0,2.03,0.43,espn:762510
espn+fotmob,2025-26,FA Cup,1,domestic_cup,FA,2026-01-11,16:30,Manchester United,Brighton & Hove Albion,FULL_TIME,1,2,A,,,,19.0,13.0,8.0,4.0,6.0,1.0,,,2.0,1.0,,,60.0,40.0,1.3,1.24,espn:762498
espn+fotmob,2025-26,FA Cup,1,domestic_cup,FA,2026-01-12,19:45,Liverpool,Barnsley,FULL_TIME,4,1,H,,,,21.0,9.0,7.0,4.0,11.0,5.0,,,1.0,0.0,,,75.0,25.0,2.04,1.21,espn:762494
espn+fotmob,2025-26,FA Cup,1,domestic_cup,FA,2026-01-20,19:45,Salford City,Swindon Town,FULL_TIME,3,2,H,,,,12.0,17.0,5.0,4.0,3.0,5.0,,,1.0,2.0,,,45.0,55.0,1.54,1.24,espn:762504
espn+fotmob,2025-26,FA Cup,1,domestic_cup,FA,2026-02-13,19:45,Hull City,Chelsea,FULL_TIME,0,4,A,,,,10.0,13.0,3.0,8.0,7.0,4.0,,,2.0,2.0,,,24.0,76.0,0.87,1.37,espn:401850946
espn+fotmob,2025-26,FA Cup,1,domestic_cup,FA,2026-02-13,19:45,Wrexham,Ipswich Town,FULL_TIME,1,0,H,,,,13.0,10.0,5.0,0.0,8.0,5.0,,,0.0,1.0,,,46.0,54.0,1.46,1.25,espn:401850948
espn+fotmob,2025-26,FA Cup,1,domestic_cup,FA,2026-02-14,12:15,Burton Albion,West Ham United,FINAL_AET,0,1,A,,,,19.0,18.0,3.0,5.0,7.0,12.0,,,2.0,1.0,,,38.0,62.0,1.02,1.29,espn:401850949
espn+fotmob,2025-26,FA Cup,1,domestic_cup,FA,2026-02-14,15:00,Burnley,Mansfield Town,FULL_TIME,1,2,A,,,,22.0,8.0,4.0,3.0,9.0,1.0,,,4.0,2.0,,,64.0,36.0,3.64,0.89,espn:401850950
espn+fotmob,2025-26,FA Cup,1,domestic_cup,FA,2026-02-14,15:00,Manchester City,Salford City,FULL_TIME,2,0,H,,,,19.0,6.0,4.0,2.0,7.0,6.0,,,0.0,2.0,,,80.0,20.0,2.36,0.42,espn:401850908
espn+fotmob,2025-26,FA Cup,1,domestic_cup,FA,2026-02-14,15:00,Norwich City,West Bromwich Albion,FULL_TIME,3,1,H,,,,21.0,7.0,7.0,5.0,12.0,3.0,,,3.0,3.0,,,54.0,46.0,2.82,0.76,espn:401850909
espn+fotmob,2025-26,FA Cup,1,domestic_cup,FA,2026-02-14,15:00,Southampton,Leicester City,FINAL_AET,2,1,H,,,,13.0,17.0,4.0,4.0,6.0,7.0,,,2.0,4.0,,,45.0,55.0,1.38,1.02,espn:401850953
espn+fotmob,2025-26,FA Cup,1,domestic_cup,FA,2026-02-14,17:45,Aston Villa,Newcastle United,FULL_TIME,1,3,A,,,,8.0,12.0,2.0,3.0,6.0,5.0,,,2.0,3.0,,,43.0,57.0,0.77,1.21,espn:401850911
espn+fotmob,2025-26,FA Cup,1,domestic_cup,FA,2026-02-14,20:00,Liverpool,Brighton & Hove Albion,FULL_TIME,3,0,H,,,,13.0,18.0,5.0,3.0,5.0,6.0,,,0.0,4.0,,,47.0,53.0,2.0,1.29,espn:401850952
espn+fotmob,2025-26,FA Cup,1,domestic_cup,FA,2026-02-15,12:00,Birmingham City,Leeds United,FINAL_PEN,1,1,D,,,,18.0,19.0,5.0,3.0,13.0,10.0,,,3.0,0.0,,,55.0,45.0,1.21,0.91,espn:401850913
espn+fotmob,2025-26,FA Cup,1,domestic_cup,FA,2026-02-15,13:30,Grimsby Town,Wolverhampton Wanderers,FULL_TIME,0,1,A,,,,11.0,14.0,1.0,1.0,8.0,2.0,,,2.0,2.0,,,55.0,45.0,1.2,1.15,espn:401850912
espn+fotmob,2025-26,FA Cup,1,domestic_cup,FA,2026-02-15,14:00,Oxford United,Sunderland,FULL_TIME,0,1,A,,,,11.0,17.0,3.0,9.0,5.0,5.0,,,2.0,5.0,,,46.0,54.0,0.87,1.46,espn:401850947
espn+fotmob,2025-26,FA Cup,1,domestic_cup,FA,2026-02-15,14:00,Stoke City,Fulham,FULL_TIME,1,2,A,,,,8.0,17.0,3.0,8.0,1.0,11.0,,,1.0,2.0,,,32.0,68.0,0.38,1.57,espn:401850954
espn+fotmob,2025-26,FA Cup,1,domestic_cup,FA,2026-02-15,16:30,Arsenal,Wigan Athletic,FULL_TIME,4,0,H,,,,17.0,2.0,6.0,2.0,5.0,0.0,,,2.0,2.0,,,73.0,27.0,2.29,0.48,espn:401850951
espn+fotmob,2025-26,FA Cup,1,domestic_cup,FA,2026-02-16,19:30,Macclesfield FC,Brentford,FULL_TIME,0,1,A,,,,7.0,16.0,1.0,1.0,2.0,9.0,,,2.0,2.0,,,26.0,74.0,0.46,1.54,espn:401850907
espn+fotmob,2025-26,FA Cup,1,domestic_cup,FA,2026-03-03,19:45,Port Vale,Bristol City,FINAL_AET,1,0,H,,,,11.0,16.0,4.0,2.0,5.0,11.0,,,6.0,3.0,,,28.0,72.0,1.72,0.97,espn:401850910
espn+fotmob,2025-26,FA Cup,1,domestic_cup,FA,2026-03-06,20:00,Wolverhampton Wanderers,Liverpool,FULL_TIME,1,3,A,,,,4.0,20.0,3.0,9.0,0.0,11.0,,,2.0,1.0,,,33.0,67.0,0.44,1.9,espn:401861584
espn+fotmob,2025-26,FA Cup,1,domestic_cup,FA,2026-03-07,12:15,Mansfield Town,Arsenal,FULL_TIME,1,2,A,,,,18.0,19.0,5.0,8.0,4.0,8.0,,,4.0,2.0,,,33.0,67.0,1.99,2.46,espn:401861587
espn+fotmob,2025-26,FA Cup,1,domestic_cup,FA,2026-03-07,17:45,Wrexham,Chelsea,FINAL_AET,2,4,A,,,,19.0,21.0,5.0,7.0,9.0,4.0,,,2.0,3.0,,,32.0,68.0,1.87,1.73,espn:401861589
espn+fotmob,2025-26,FA Cup,1,domestic_cup,FA,2026-03-07,20:00,Newcastle United,Manchester City,FULL_TIME,1,3,A,,,,11.0,21.0,4.0,8.0,3.0,9.0,,,2.0,0.0,,,37.0,63.0,1.1,3.41,espn:401861586
espn+fotmob,2025-26,FA Cup,1,domestic_cup,FA,2026-03-08,12:00,Fulham,Southampton,FULL_TIME,0,1,A,,,,24.0,5.0,6.0,3.0,15.0,4.0,,,2.0,3.0,,,68.0,32.0,1.64,1.97,espn:401861588
espn+fotmob,2025-26,FA Cup,1,domestic_cup,FA,2026-03-08,13:30,Port Vale,Sunderland,FULL_TIME,1,0,H,,,,9.0,17.0,1.0,6.0,5.0,9.0,,,2.0,1.0,,,31.0,69.0,0.53,1.55,espn:401861583
espn+fotmob,2025-26,FA Cup,1,domestic_cup,FA,2026-03-08,16:30,Leeds United,Norwich City,FULL_TIME,3,0,H,,,,15.0,7.0,6.0,3.0,8.0,0.0,,,2.0,3.0,,,51.0,49.0,1.62,0.92,espn:401861590
espn+fotmob,2025-26,FA Cup,1,domestic_cup,FA,2026-03-09,19:30,West Ham United,Brentford,FINAL_PEN,2,2,D,,,,18.0,17.0,5.0,6.0,10.0,6.0,,,2.0,0.0,,,51.0,49.0,2.84,3.01,espn:401861585
espn+fotmob,2025-26,FA Cup,1,domestic_cup,FA,2026-04-04,11:45,Manchester City,Liverpool,FULL_TIME,4,0,H,,,,11.0,11.0,7.0,5.0,4.0,2.0,,,3.0,3.0,,,49.0,51.0,2.44,1.46,espn:401864077
espn+fotmob,2025-26,FA Cup,1,domestic_cup,FA,2026-04-04,16:15,Chelsea,Port Vale,FULL_TIME,7,0,H,,,,20.0,4.0,11.0,0.0,8.0,2.0,,,0.0,1.0,,,76.0,24.0,5.37,0.1,espn:401864076
espn+fotmob,2025-26,FA Cup,1,domestic_cup,FA,2026-04-04,19:00,Southampton,Arsenal,FULL_TIME,2,1,H,,,,8.0,23.0,4.0,7.0,4.0,9.0,,,2.0,1.0,,,36.0,64.0,1.21,1.61,espn:401864078
espn+fotmob,2025-26,FA Cup,1,domestic_cup,FA,2026-04-05,15:30,West Ham United,Leeds United,FINAL_PEN,2,2,D,,,,22.0,21.0,6.0,8.0,4.0,5.0,20.0,11.0,2.0,3.0,0.0,0.0,55.5,44.5,3.12,2.4,espn:401864079
espn+fotmob,2025-26,FA Cup,1,domestic_cup,FA,2026-04-25,16:15,Manchester City,Southampton,FULL_TIME,2,1,H,,,,26.0,4.0,6.0,3.0,10.0,3.0,9.0,9.0,0.0,2.0,0.0,0.0,69.4,30.6,2.06,0.17,espn:401867654
espn+fotmob,2025-26,FA Cup,1,domestic_cup,FA,2026-04-26,14:00,Chelsea,Leeds United,FULL_TIME,1,0,H,,,,8.0,10.0,2.0,3.0,6.0,4.0,14.0,13.0,3.0,4.0,0.0,0.0,54.5,45.5,0.38,0.84,espn:401867653
espn+fotmob,2025-26,FA Cup,1,domestic_cup,FA,2026-05-16,14:00,Chelsea,Manchester City,FULL_TIME,0,1,A,,,,7.0,9.0,1.0,4.0,4.0,4.0,15.0,13.0,3.0,1.0,0.0,0.0,44.1,55.9,0.62,0.98,espn:401867655
espn+fotmob,2025-26,Champions League,1,european,UCL,2025-09-16,16:45,Athletic Club,Arsenal,FULL_TIME,0,2,A,,,,11.0,11.0,2.0,6.0,2.0,2.0,18.0,15.0,1.0,3.0,0.0,0.0,38.4,61.6,0.35,1.28,espn:757653
espn+fotmob,2025-26,Champions League,1,european,UCL,2025-09-16,16:45,PSV Eindhoven,Union St.-Gilloise,FULL_TIME,1,3,A,,,,10.0,18.0,3.0,8.0,7.0,7.0,9.0,9.0,0.0,0.0,0.0,0.0,62.7,37.3,2.52,3.34,espn:757654
espn+fotmob,2025-26,Champions League,1,european,UCL,2025-09-16,19:00,Benfica,FK Qarabag,FULL_TIME,2,3,A,,,,14.0,10.0,3.0,5.0,8.0,3.0,11.0,6.0,0.0,0.0,0.0,0.0,52.9,47.1,1.38,1.52,espn:757657
espn+fotmob,2025-26,Champions League,1,european,UCL,2025-09-16,19:00,Juventus,Borussia Dortmund,FULL_TIME,4,4,D,,,,19.0,10.0,7.0,5.0,4.0,2.0,13.0,8.0,0.0,1.0,0.0,0.0,51.6,48.4,1.92,1.71,espn:757656
espn+fotmob,2025-26,Champions League,1,european,UCL,2025-09-16,19:00,Real Madrid,Marseille,FULL_TIME,2,1,H,,,,28.0,15.0,15.0,5.0,9.0,4.0,9.0,14.0,3.0,2.0,1.0,0.0,43.2,56.8,3.74,0.73,espn:757655
espn+fotmob,2025-26,Champions League,1,european,UCL,2025-09-16,19:00,Tottenham Hotspur,Villarreal,FULL_TIME,1,0,H,,,,9.0,10.0,1.0,0.0,3.0,3.0,14.0,13.0,4.0,3.0,0.0,0.0,58.2,41.8,0.54,0.48,espn:757658
espn+fotmob,2025-26,Champions League,1,european,UCL,2025-09-17,16:45,Olympiacos,Pafos,FULL_TIME,0,0,D,,,,18.0,6.0,3.0,1.0,9.0,0.0,15.0,14.0,3.0,1.0,0.0,1.0,69.4,30.6,1.52,0.3,espn:757659
espn+fotmob,2025-26,Champions League,1,european,UCL,2025-09-17,16:45,Slavia Prague,Bodo/Glimt,FULL_TIME,2,2,D,,,,26.0,11.0,11.0,10.0,8.0,4.0,13.0,11.0,2.0,3.0,0.0,0.0,46.4,53.6,3.98,2.52,espn:757660
espn+fotmob,2025-26,Champions League,1,european,UCL,2025-09-17,19:00,Ajax Amsterdam,Internazionale,FULL_TIME,0,2,A,,,,7.0,14.0,2.0,4.0,3.0,5.0,15.0,17.0,1.0,2.0,0.0,0.0,56.4,43.6,1.26,1.24,espn:757664
espn+fotmob,2025-26,Champions League,1,european,UCL,2025-09-17,19:00,Bayern Munich,Chelsea,FULL_TIME,3,1,H,,,,16.0,9.0,5.0,3.0,6.0,2.0,12.0,7.0,3.0,1.0,0.0,0.0,55.7,44.3,2.07,0.73,espn:757663
espn+fotmob,2025-26,Champions League,1,european,UCL,2025-09-17,19:00,Liverpool,Atlético Madrid,FULL_TIME,3,2,H,,,,20.0,10.0,6.0,4.0,7.0,6.0,7.0,9.0,1.0,2.0,0.0,0.0,55.9,44.1,2.72,0.61,espn:757662
espn+fotmob,2025-26,Champions League,1,european,UCL,2025-09-17,19:00,Paris Saint-Germain,Atalanta,FULL_TIME,4,0,H,,,,22.0,7.0,13.0,2.0,6.0,1.0,5.0,11.0,0.0,1.0,0.0,0.0,66.9,33.1,3.48,0.55,espn:757661
espn+fotmob,2025-26,Champions League,1,european,UCL,2025-09-18,16:45,Club Brugge,AS Monaco,FULL_TIME,4,1,H,,,,26.0,13.0,10.0,5.0,4.0,5.0,11.0,9.0,2.0,2.0,0.0,0.0,48.8,51.2,3.15,1.53,espn:757665
espn+fotmob,2025-26,Champions League,1,european,UCL,2025-09-18,16:45,F.C. København,Bayer Leverkusen,FULL_TIME,2,2,D,,,,12.0,15.0,7.0,4.0,4.0,5.0,14.0,13.0,3.0,2.0,0.0,0.0,36.4,63.6,1.89,1.21,espn:757666
espn+fotmob,2025-26,Champions League,1,european,UCL,2025-09-18,19:00,Eintracht Frankfurt,Galatasaray,FULL_TIME,5,1,H,,,,11.0,14.0,5.0,5.0,4.0,3.0,10.0,13.0,1.0,0.0,0.0,0.0,38.1,61.9,1.27,1.09,espn:757668
espn+fotmob,2025-26,Champions League,1,european,UCL,2025-09-18,19:00,Manchester City,Napoli,FULL_TIME,2,0,H,,,,23.0,1.0,8.0,1.0,9.0,2.0,3.0,4.0,0.0,1.0,0.0,1.0,73.8,26.2,2.12,0.17,espn:757667
espn+fotmob,2025-26,Champions League,1,european,UCL,2025-09-18,19:00,Newcastle United,Barcelona,FULL_TIME,1,2,A,,,,10.0,19.0,6.0,5.0,6.0,4.0,11.0,12.0,2.0,4.0,0.0,0.0,35.9,64.1,1.22,1.13,espn:757669
espn+fotmob,2025-26,Champions League,1,european,UCL,2025-09-18,19:00,Sporting CP,Kairat Almaty,FULL_TIME,4,1,H,,,,21.0,9.0,8.0,4.0,8.0,3.0,14.0,11.0,4.0,2.0,0.0,0.0,63.8,36.2,3.81,0.72,espn:757670
espn+fotmob,2025-26,Champions League,1,european,UCL,2025-09-30,16:45,Atalanta,Club Brugge,FULL_TIME,2,1,H,,,,20.0,7.0,3.0,2.0,7.0,1.0,8.0,10.0,2.0,0.0,0.0,0.0,48.2,51.8,2.96,0.86,espn:757672
espn+fotmob,2025-26,Champions League,1,european,UCL,2025-09-30,16:45,Kairat Almaty,Real Madrid,FULL_TIME,0,5,A,,,,11.0,20.0,4.0,12.0,3.0,6.0,6.0,9.0,2.0,0.0,0.0,0.0,32.8,67.2,0.43,3.54,espn:757671
espn+fotmob,2025-26,Champions League,1,european,UCL,2025-09-30,19:00,Atlético Madrid,Eintracht Frankfurt,FULL_TIME,5,1,H,,,,18.0,6.0,12.0,2.0,5.0,2.0,11.0,6.0,1.0,1.0,0.0,0.0,51.4,48.6,4.44,0.59,espn:757673
espn+fotmob,2025-26,Champions League,1,european,UCL,2025-09-30,19:00,Bodo/Glimt,Tottenham Hotspur,FULL_TIME,2,2,D,,,,18.0,8.0,4.0,3.0,4.0,5.0,11.0,7.0,2.0,2.0,0.0,0.0,52.0,48.0,2.52,1.46,espn:757674
espn+fotmob,2025-26,Champions League,1,european,UCL,2025-09-30,19:00,Chelsea,Benfica,FULL_TIME,1,0,H,,,,8.0,9.0,3.0,3.0,3.0,5.0,13.0,14.0,2.0,5.0,1.0,0.0,56.1,43.9,0.93,0.85,espn:757675
espn+fotmob,2025-26,Champions League,1,european,UCL,2025-09-30,19:00,Galatasaray,Liverpool,FULL_TIME,1,0,H,,,,9.0,16.0,4.0,4.0,3.0,7.0,12.0,14.0,5.0,3.0,0.0,0.0,33.4,66.6,1.34,1.81,espn:757676
espn+fotmob,2025-26,Champions League,1,european,UCL,2025-09-30,19:00,Internazionale,Slavia Prague,FULL_TIME,3,0,H,,,,21.0,3.0,6.0,1.0,5.0,0.0,13.0,17.0,2.0,1.0,0.0,0.0,57.1,42.9,3.99,0.11,espn:757678
espn+fotmob,2025-26,Champions League,1,european,UCL,2025-09-30,19:00,Marseille,Ajax Amsterdam,FULL_TIME,4,0,H,,,,9.0,13.0,6.0,2.0,1.0,7.0,18.0,12.0,2.0,3.0,0.0,0.0,48.0,52.0,1.13,0.8,espn:757679
espn+fotmob,2025-26,Champions League,1,european,UCL,2025-09-30,19:00,Pafos,Bayern Munich,FULL_TIME,1,5,A,,,,6.0,26.0,2.0,15.0,2.0,6.0,11.0,9.0,1.0,0.0,0.0,0.0,33.2,66.8,0.39,4.54,espn:757677
espn+fotmob,2025-26,Champions League,1,european,UCL,2025-10-01,16:45,FK Qarabag,F.C. København,FULL_TIME,2,0,H,,,,10.0,12.0,6.0,4.0,4.0,7.0,10.0,20.0,3.0,1.0,0.0,0.0,49.2,50.8,1.91,0.98,espn:757680
espn+fotmob,2025-26,Champions League,1,european,UCL,2025-10-01,16:45,Union St.-Gilloise,Newcastle United,FULL_TIME,0,4,A,,,,17.0,13.0,6.0,6.0,7.0,5.0,15.0,8.0,4.0,1.0,0.0,0.0,43.2,56.8,0.88,2.76,espn:757681
espn+fotmob,2025-26,Champions League,1,european,UCL,2025-10-01,19:00,Arsenal,Olympiacos,FULL_TIME,2,0,H,,,,16.0,10.0,5.0,3.0,3.0,5.0,14.0,17.0,3.0,1.0,0.0,0.0,61.0,39.0,2.9,0.5,espn:757688
espn+fotmob,2025-26,Champions League,1,european,UCL,2025-10-01,19:00,AS Monaco,Manchester City,FULL_TIME,2,2,D,,,,8.0,18.0,3.0,6.0,7.0,3.0,9.0,13.0,1.0,5.0,0.0,0.0,28.7,71.3,1.45,1.54,espn:757686
espn+fotmob,2025-26,Champions League,1,european,UCL,2025-10-01,19:00,Barcelona,Paris Saint-Germain,FULL_TIME,1,2,A,,,,12.0,16.0,3.0,7.0,4.0,9.0,12.0,14.0,4.0,2.0,0.0,0.0,46.9,53.1,1.27,1.67,espn:757687
espn+fotmob,2025-26,Champions League,1,european,UCL,2025-10-01,19:00,Bayer Leverkusen,PSV Eindhoven,FULL_TIME,1,1,D,,,,14.0,6.0,4.0,1.0,7.0,4.0,8.0,11.0,0.0,2.0,0.0,0.0,46.4,53.6,1.74,0.49,espn:757684
espn+fotmob,2025-26,Champions League,1,european,UCL,2025-10-01,19:00,Borussia Dortmund,Athletic Club,FULL_TIME,4,1,H,,,,13.0,6.0,8.0,3.0,4.0,0.0,14.0,15.0,1.0,2.0,0.0,0.0,52.3,47.7,1.18,0.95,espn:757683
espn+fotmob,2025-26,Champions League,1,european,UCL,2025-10-01,19:00,Napoli,Sporting CP,FULL_TIME,2,1,H,,,,12.0,8.0,3.0,4.0,7.0,2.0,16.0,9.0,0.0,0.0,0.0,0.0,51.1,48.9,0.88,1.35,espn:757685
espn+fotmob,2025-26,Champions League,1,european,UCL,2025-10-01,19:00,Villarreal,Juventus,FULL_TIME,2,2,D,,,,17.0,13.0,6.0,4.0,4.0,3.0,7.0,19.0,1.0,3.0,0.0,0.0,44.5,55.5,1.72,1.6,espn:757682
espn+fotmob,2025-26,Champions League,1,european,UCL,2025-10-21,16:45,Barcelona,Olympiacos,FULL_TIME,6,1,H,,,,14.0,5.0,7.0,2.0,7.0,2.0,7.0,10.0,1.0,2.0,0.0,1.0,72.5,27.5,2.58,1.0,espn:757690
espn+fotmob,2025-26,Champions League,1,european,UCL,2025-10-21,16:45,Kairat Almaty,Pafos,FULL_TIME,0,0,D,,,,22.0,9.0,2.0,6.0,6.0,4.0,11.0,9.0,3.0,1.0,0.0,1.0,69.0,31.0,1.26,1.76,espn:757689
espn+fotmob,2025-26,Champions League,1,european,UCL,2025-10-21,19:00,Arsenal,Atlético Madrid,FULL_TIME,4,0,H,,,,19.0,11.0,8.0,1.0,3.0,4.0,14.0,10.0,1.0,2.0,0.0,0.0,51.5,48.5,2.19,0.67,espn:757697
espn+fotmob,2025-26,Champions League,1,european,UCL,2025-10-21,19:00,Bayer Leverkusen,Paris Saint-Germain,FULL_TIME,2,7,A,,,,6.0,24.0,3.0,8.0,3.0,4.0,8.0,6.0,2.0,1.0,1.0,1.0,29.1,70.9,2.5,2.86,espn:757693
espn+fotmob,2025-26,Champions League,1,european,UCL,2025-10-21,19:00,F.C. København,Borussia Dortmund,FULL_TIME,2,4,A,,,,11.0,9.0,4.0,5.0,4.0,7.0,10.0,7.0,2.0,1.0,0.0,0.0,35.7,64.3,0.82,1.64,espn:757695
espn+fotmob,2025-26,Champions League,1,european,UCL,2025-10-21,19:00,Newcastle United,Benfica,FULL_TIME,3,0,H,,,,19.0,7.0,10.0,2.0,12.0,8.0,16.0,7.0,1.0,1.0,0.0,0.0,52.2,47.8,2.63,0.33,espn:757696
espn+fotmob,2025-26,Champions League,1,european,UCL,2025-10-21,19:00,PSV Eindhoven,Napoli,FULL_TIME,6,2,H,,,,19.0,10.0,8.0,2.0,4.0,8.0,11.0,9.0,4.0,1.0,0.0,1.0,58.6,41.4,2.89,1.16,espn:757691
espn+fotmob,2025-26,Champions League,1,european,UCL,2025-10-21,19:00,Union St.-Gilloise,Internazionale,FULL_TIME,0,4,A,,,,15.0,21.0,6.0,7.0,3.0,4.0,15.0,6.0,1.0,1.0,0.0,0.0,30.3,69.7,0.99,4.55,espn:757692
espn+fotmob,2025-26,Champions League,1,european,UCL,2025-10-21,19:00,Villarreal,Manchester City,FULL_TIME,0,2,A,,,,11.0,10.0,2.0,7.0,1.0,3.0,17.0,15.0,4.0,2.0,0.0,0.0,34.1,65.9,1.28,1.34,espn:757694
espn+fotmob,2025-26,Champions League,1,european,UCL,2025-10-22,16:45,Athletic Club,FK Qarabag,FULL_TIME,3,1,H,,,,21.0,9.0,5.0,4.0,8.0,3.0,14.0,5.0,0.0,0.0,0.0,0.0,59.7,40.3,3.47,0.52,espn:757699
espn+fotmob,2025-26,Champions League,1,european,UCL,2025-10-22,16:45,Galatasaray,Bodo/Glimt,FULL_TIME,3,1,H,,,,23.0,8.0,11.0,2.0,7.0,4.0,10.0,7.0,1.0,1.0,0.0,0.0,37.9,62.1,3.87,1.41,espn:757698
espn+fotmob,2025-26,Champions League,1,european,UCL,2025-10-22,19:00,AS Monaco,Tottenham Hotspur,FULL_TIME,0,0,D,,,,23.0,11.0,8.0,2.0,5.0,4.0,13.0,12.0,0.0,1.0,0.0,0.0,56.2,43.8,2.45,0.88,espn:757704
espn+fotmob,2025-26,Champions League,1,european,UCL,2025-10-22,19:00,Atalanta,Slavia Prague,FULL_TIME,0,0,D,,,,22.0,16.0,5.0,4.0,6.0,3.0,8.0,15.0,3.0,2.0,0.0,0.0,55.8,44.2,2.59,0.73,espn:757700
espn+fotmob,2025-26,Champions League,1,european,UCL,2025-10-22,19:00,Bayern Munich,Club Brugge,FULL_TIME,4,0,H,,,,26.0,5.0,13.0,2.0,9.0,1.0,14.0,3.0,1.0,0.0,0.0,0.0,63.3,36.7,4.2,0.25,espn:757703
espn+fotmob,2025-26,Champions League,1,european,UCL,2025-10-22,19:00,Chelsea,Ajax Amsterdam,FULL_TIME,5,1,H,,,,22.0,2.0,10.0,1.0,11.0,0.0,15.0,6.0,2.0,1.0,0.0,1.0,65.6,34.4,3.65,1.05,espn:757701
espn+fotmob,2025-26,Champions League,1,european,UCL,2025-10-22,19:00,Eintracht Frankfurt,Liverpool,FULL_TIME,1,5,A,,,,4.0,18.0,1.0,14.0,2.0,10.0,4.0,5.0,2.0,0.0,0.0,0.0,35.2,64.8,0.33,3.21,espn:757702
espn+fotmob,2025-26,Champions League,1,european,UCL,2025-10-22,19:00,Real Madrid,Juventus,FULL_TIME,1,0,H,,,,28.0,13.0,10.0,4.0,14.0,7.0,10.0,18.0,1.0,0.0,0.0,0.0,65.6,34.4,2.69,0.59,espn:757705
espn+fotmob,2025-26,Champions League,1,european,UCL,2025-10-22,19:00,Sporting CP,Marseille,FULL_TIME,2,1,H,,,,14.0,10.0,7.0,3.0,3.0,1.0,11.0,16.0,2.0,2.0,0.0,1.0,52.5,47.5,1.11,0.54,espn:757706
espn+fotmob,2025-26,Champions League,1,european,UCL,2025-11-04,17:45,Napoli,Eintracht Frankfurt,FULL_TIME,0,0,D,,,,18.0,7.0,3.0,3.0,5.0,3.0,12.0,10.0,2.0,1.0,0.0,0.0,63.6,36.4,1.85,0.36,espn:757708
espn+fotmob,2025-26,Champions League,1,european,UCL,2025-11-04,17:45,Slavia Prague,Arsenal,FULL_TIME,0,3,A,,,,9.0,14.0,1.0,8.0,4.0,7.0,24.0,12.0,3.0,4.0,0.0,0.0,43.1,56.9,0.47,1.81,espn:757707
espn+fotmob,2025-26,Champions League,1,european,UCL,2025-11-04,20:00,Atlético Madrid,Union St.-Gilloise,FULL_TIME,3,1,H,,,,14.0,8.0,6.0,3.0,9.0,1.0,10.0,13.0,1.0,3.0,0.0,0.0,66.6,33.4,2.3,1.11,espn:757711
espn+fotmob,2025-26,Champions League,1,european,UCL,2025-11-04,20:00,Bodo/Glimt,AS Monaco,FULL_TIME,0,1,A,,,,17.0,9.0,4.0,2.0,4.0,4.0,14.0,16.0,1.0,4.0,1.0,0.0,64.0,36.0,1.67,1.29,espn:757712
espn+fotmob,2025-26,Champions League,1,european,UCL,2025-11-04,20:00,Juventus,Sporting CP,FULL_TIME,1,1,D,,,,18.0,4.0,9.0,1.0,6.0,0.0,15.0,14.0,2.0,3.0,0.0,0.0,49.7,50.3,1.53,0.21,espn:757710
espn+fotmob,2025-26,Champions League,1,european,UCL,2025-11-04,20:00,Liverpool,Real Madrid,FULL_TIME,1,0,H,,,,17.0,8.0,9.0,2.0,4.0,2.0,16.0,11.0,1.0,4.0,0.0,0.0,38.8,61.2,2.51,0.45,espn:757714
espn+fotmob,2025-26,Champions League,1,european,UCL,2025-11-04,20:00,Olympiacos,PSV Eindhoven,FULL_TIME,1,1,D,,,,18.0,10.0,4.0,2.0,3.0,6.0,7.0,9.0,1.0,1.0,0.0,0.0,39.6,60.4,0.92,0.35,espn:757713
espn+fotmob,2025-26,Champions League,1,european,UCL,2025-11-04,20:00,Paris Saint-Germain,Bayern Munich,FULL_TIME,1,2,A,,,,25.0,9.0,9.0,5.0,9.0,1.0,7.0,9.0,1.0,3.0,0.0,1.0,71.0,29.0,1.95,1.53,espn:757709
espn+fotmob,2025-26,Champions League,1,european,UCL,2025-11-04,20:00,Tottenham Hotspur,F.C. København,FULL_TIME,4,0,H,,,,14.0,12.0,6.0,4.0,3.0,6.0,10.0,11.0,1.0,3.0,1.0,0.0,61.2,38.8,3.32,0.35,espn:757715
espn+fotmob,2025-26,Champions League,1,european,UCL,2025-11-05,17:45,FK Qarabag,Chelsea,FULL_TIME,2,2,D,,,,9.0,16.0,3.0,4.0,2.0,8.0,9.0,19.0,2.0,3.0,0.0,0.0,38.6,61.4,1.63,1.26,espn:757716
espn+fotmob,2025-26,Champions League,1,european,UCL,2025-11-05,17:45,Pafos,Villarreal,FULL_TIME,1,0,H,,,,5.0,18.0,2.0,5.0,2.0,3.0,12.0,13.0,1.0,2.0,0.0,0.0,40.8,59.2,0.75,1.77,espn:757717
espn+fotmob,2025-26,Champions League,1,european,UCL,2025-11-05,20:00,Ajax Amsterdam,Galatasaray,FULL_TIME,0,3,A,,,,8.0,14.0,2.0,8.0,3.0,2.0,12.0,15.0,4.0,0.0,0.0,0.0,48.0,52.0,0.88,2.61,espn:757721
espn+fotmob,2025-26,Champions League,1,european,UCL,2025-11-05,20:00,Benfica,Bayer Leverkusen,FULL_TIME,0,1,A,,,,21.0,7.0,6.0,3.0,6.0,0.0,7.0,9.0,2.0,3.0,0.0,0.0,53.4,46.6,1.62,0.74,espn:757720
espn+fotmob,2025-26,Champions League,1,european,UCL,2025-11-05,20:00,Club Brugge,Barcelona,FULL_TIME,3,3,D,,,,10.0,23.0,6.0,6.0,0.0,4.0,11.0,6.0,2.0,3.0,0.0,0.0,23.7,76.3,2.14,2.4,espn:757723
espn+fotmob,2025-26,Champions League,1,european,UCL,2025-11-05,20:00,Internazionale,Kairat Almaty,FULL_TIME,2,1,H,,,,23.0,7.0,9.0,3.0,9.0,3.0,9.0,16.0,1.0,1.0,0.0,0.0,65.6,34.4,2.38,0.15,espn:757722
espn+fotmob,2025-26,Champions League,1,european,UCL,2025-11-05,20:00,Manchester City,Borussia Dortmund,FULL_TIME,4,1,H,,,,18.0,12.0,11.0,4.0,4.0,4.0,11.0,17.0,2.0,1.0,0.0,0.0,49.9,50.1,1.98,1.02,espn:757718
espn+fotmob,2025-26,Champions League,1,european,UCL,2025-11-05,20:00,Marseille,Atalanta,FULL_TIME,0,1,A,,,,15.0,8.0,4.0,3.0,7.0,3.0,13.0,17.0,2.0,3.0,0.0,0.0,53.1,46.9,0.9,1.25,espn:757724
espn+fotmob,2025-26,Champions League,1,european,UCL,2025-11-05,20:00,Newcastle United,Athletic Club,FULL_TIME,2,0,H,,,,8.0,12.0,4.0,5.0,2.0,5.0,11.0,13.0,0.0,2.0,0.0,0.0,58.5,41.5,1.2,0.58,espn:757719
espn+fotmob,2025-26,Champions League,1,european,UCL,2025-11-25,17:45,Ajax Amsterdam,Benfica,FULL_TIME,0,2,A,,,,7.0,11.0,3.0,4.0,10.0,4.0,15.0,8.0,1.0,1.0,0.0,0.0,62.3,37.7,0.96,1.17,espn:757725
espn+fotmob,2025-26,Champions League,1,european,UCL,2025-11-25,17:45,Galatasaray,Union St.-Gilloise,FULL_TIME,0,1,A,,,,15.0,16.0,3.0,5.0,4.0,5.0,9.0,17.0,3.0,2.0,1.0,0.0,66.0,34.0,1.18,1.63,espn:757726
espn+fotmob,2025-26,Champions League,1,european,UCL,2025-11-25,20:00,Bodo/Glimt,Juventus,FULL_TIME,2,3,A,,,,18.0,23.0,6.0,16.0,6.0,8.0,6.0,17.0,0.0,4.0,0.0,0.0,57.6,42.4,1.75,3.44,espn:757731
espn+fotmob,2025-26,Champions League,1,european,UCL,2025-11-25,20:00,Borussia Dortmund,Villarreal,FULL_TIME,4,0,H,,,,13.0,10.0,8.0,2.0,3.0,2.0,17.0,12.0,1.0,0.0,0.0,1.0,67.0,33.0,4.03,0.83,espn:757727
espn+fotmob,2025-26,Champions League,1,european,UCL,2025-11-25,20:00,Chelsea,Barcelona,FULL_TIME,3,0,H,,,,15.0,5.0,6.0,2.0,4.0,0.0,18.0,12.0,1.0,0.0,0.0,1.0,55.5,44.5,1.89,0.79,espn:757732
espn+fotmob,2025-26,Champions League,1,european,UCL,2025-11-25,20:00,Manchester City,Bayer Leverkusen,FULL_TIME,0,2,A,,,,19.0,7.0,7.0,2.0,9.0,3.0,4.0,8.0,0.0,2.0,0.0,0.0,55.2,44.8,1.78,0.51,espn:757730
espn+fotmob,2025-26,Champions League,1,european,UCL,2025-11-25,20:00,Marseille,Newcastle United,FULL_TIME,2,1,H,,,,18.0,20.0,7.0,9.0,11.0,5.0,10.0,8.0,5.0,3.0,0.0,0.0,57.6,42.4,2.0,1.46,espn:757729
espn+fotmob,2025-26,Champions League,1,european,UCL,2025-11-25,20:00,Napoli,FK Qarabag,FULL_TIME,2,0,H,,,,17.0,11.0,8.0,3.0,6.0,4.0,18.0,6.0,2.0,2.0,0.0,0.0,54.9,45.1,3.45,0.49,espn:757728
espn+fotmob,2025-26,Champions League,1,european,UCL,2025-11-25,20:00,Slavia Prague,Athletic Club,FULL_TIME,0,0,D,,,,8.0,12.0,3.0,4.0,2.0,5.0,21.0,22.0,2.0,3.0,0.0,0.0,51.9,48.1,0.57,1.32,espn:757733
espn+fotmob,2025-26,Champions League,1,european,UCL,2025-11-26,17:45,F.C. København,Kairat Almaty,FULL_TIME,3,2,H,,,,18.0,13.0,9.0,4.0,5.0,0.0,19.0,10.0,2.0,4.0,0.0,0.0,53.6,46.4,3.27,1.88,espn:757735
espn+fotmob,2025-26,Champions League,1,european,UCL,2025-11-26,17:45,Pafos,AS Monaco,FULL_TIME,2,2,D,,,,17.0,14.0,4.0,6.0,5.0,3.0,14.0,9.0,2.0,3.0,0.0,0.0,48.2,51.8,1.21,1.54,espn:757734
espn+fotmob,2025-26,Champions League,1,european,UCL,2025-11-26,20:00,Arsenal,Bayern Munich,FULL_TIME,3,1,H,,,,13.0,8.0,8.0,2.0,6.0,1.0,16.0,13.0,2.0,2.0,0.0,0.0,40.0,60.0,3.11,0.65,espn:757742
espn+fotmob,2025-26,Champions League,1,european,UCL,2025-11-26,20:00,Atlético Madrid,Internazionale,FULL_TIME,2,1,H,,,,15.0,17.0,6.0,6.0,7.0,6.0,12.0,8.0,0.0,1.0,0.0,0.0,48.5,51.5,0.98,1.42,espn:757740
espn+fotmob,2025-26,Champions League,1,european,UCL,2025-11-26,20:00,Eintracht Frankfurt,Atalanta,FULL_TIME,0,3,A,,,,9.0,21.0,3.0,7.0,5.0,6.0,7.0,7.0,0.0,0.0,0.0,0.0,46.1,53.9,0.96,2.84,espn:757739
espn+fotmob,2025-26,Champions League,1,european,UCL,2025-11-26,20:00,Liverpool,PSV Eindhoven,FULL_TIME,1,4,A,,,,27.0,9.0,10.0,6.0,11.0,4.0,9.0,9.0,1.0,0.0,0.0,0.0,63.4,36.6,2.5,2.17,espn:757738
espn+fotmob,2025-26,Champions League,1,european,UCL,2025-11-26,20:00,Olympiacos,Real Madrid,FULL_TIME,3,4,A,,,,18.0,15.0,8.0,7.0,3.0,5.0,12.0,7.0,1.0,2.0,0.0,0.0,41.1,58.9,1.69,1.68,espn:757737
espn+fotmob,2025-26,Champions League,1,european,UCL,2025-11-26,20:00,Paris Saint-Germain,Tottenham Hotspur,FULL_TIME,5,3,H,,,,15.0,11.0,6.0,5.0,5.0,5.0,10.0,16.0,0.0,1.0,1.0,0.0,67.2,32.8,1.85,1.79,espn:757736
espn+fotmob,2025-26,Champions League,1,european,UCL,2025-11-26,20:00,Sporting CP,Club Brugge,FULL_TIME,3,0,H,,,,19.0,8.0,9.0,1.0,3.0,5.0,8.0,14.0,1.0,4.0,0.0,0.0,45.5,54.5,1.84,0.81,espn:757741
espn+fotmob,2025-26,Champions League,1,european,UCL,2025-12-09,15:30,Kairat Almaty,Olympiacos,FULL_TIME,0,1,A,,,,5.0,20.0,1.0,8.0,1.0,8.0,12.0,14.0,1.0,2.0,0.0,0.0,46.5,53.5,0.2,2.28,espn:757743
espn+fotmob,2025-26,Champions League,1,european,UCL,2025-12-09,17:45,Bayern Munich,Sporting CP,FULL_TIME,3,1,H,,,,23.0,4.0,9.0,0.0,4.0,3.0,11.0,5.0,2.0,1.0,0.0,0.0,61.6,38.4,2.1,0.28,espn:757744
espn+fotmob,2025-26,Champions League,1,european,UCL,2025-12-09,20:00,AS Monaco,Galatasaray,FULL_TIME,1,0,H,,,,19.0,13.0,5.0,2.0,8.0,3.0,12.0,15.0,1.0,2.0,0.0,0.0,41.7,58.3,3.68,1.29,espn:757751
espn+fotmob,2025-26,Champions League,1,european,UCL,2025-12-09,20:00,Atalanta,Chelsea,FULL_TIME,2,1,H,,,,14.0,10.0,4.0,5.0,2.0,5.0,6.0,14.0,0.0,1.0,0.0,0.0,49.4,50.6,1.72,1.37,espn:757747
espn+fotmob,2025-26,Champions League,1,european,UCL,2025-12-09,20:00,Barcelona,Eintracht Frankfurt,FULL_TIME,2,1,H,,,,19.0,6.0,7.0,4.0,5.0,0.0,10.0,11.0,2.0,1.0,0.0,0.0,75.4,24.6,1.52,0.76,espn:757746
espn+fotmob,2025-26,Champions League,1,european,UCL,2025-12-09,20:00,Internazionale,Liverpool,FULL_TIME,0,1,A,,,,9.0,12.0,2.0,5.0,6.0,3.0,14.0,11.0,3.0,2.0,0.0,0.0,50.0,50.0,0.44,1.42,espn:757745
espn+fotmob,2025-26,Champions League,1,european,UCL,2025-12-09,20:00,PSV Eindhoven,Atlético Madrid,FULL_TIME,2,3,A,,,,13.0,15.0,3.0,9.0,9.0,5.0,11.0,15.0,4.0,3.0,0.0,0.0,52.7,47.3,2.67,2.23,espn:757750
espn+fotmob,2025-26,Champions League,1,european,UCL,2025-12-09,20:00,Tottenham Hotspur,Slavia Prague,FULL_TIME,3,0,H,,,,16.0,12.0,10.0,5.0,8.0,3.0,12.0,13.0,2.0,4.0,0.0,0.0,53.1,46.9,2.75,0.77,espn:757749
espn+fotmob,2025-26,Champions League,1,european,UCL,2025-12-09,20:00,Union St.-Gilloise,Marseille,FULL_TIME,2,3,A,,,,8.0,10.0,6.0,5.0,2.0,3.0,10.0,10.0,4.0,1.0,0.0,0.0,40.5,59.5,0.66,1.46,espn:757748
espn+fotmob,2025-26,Champions League,1,european,UCL,2025-12-10,17:45,FK Qarabag,Ajax Amsterdam,FULL_TIME,2,4,A,,,,17.0,20.0,6.0,8.0,4.0,6.0,3.0,14.0,0.0,1.0,0.0,0.0,47.1,52.9,1.1,1.6,espn:757752
espn+fotmob,2025-26,Champions League,1,european,UCL,2025-12-10,17:45,Villarreal,F.C. København,FULL_TIME,2,3,A,,,,19.0,8.0,5.0,4.0,6.0,4.0,14.0,15.0,3.0,2.0,0.0,0.0,52.0,48.0,2.08,1.36,espn:757753
espn+fotmob,2025-26,Champions League,1,european,UCL,2025-12-10,20:00,Athletic Club,Paris Saint-Germain,FULL_TIME,0,0,D,,,,9.0,18.0,1.0,5.0,4.0,6.0,21.0,4.0,3.0,1.0,0.0,0.0,27.6,72.4,0.52,2.22,espn:757759
espn+fotmob,2025-26,Champions League,1,european,UCL,2025-12-10,20:00,Bayer Leverkusen,Newcastle United,FULL_TIME,2,2,D,,,,17.0,13.0,7.0,5.0,9.0,6.0,9.0,11.0,2.0,2.0,0.0,0.0,50.7,49.3,1.2,2.06,espn:757758
espn+fotmob,2025-26,Champions League,1,european,UCL,2025-12-10,20:00,Benfica,Napoli,FULL_TIME,2,0,H,,,,13.0,9.0,5.0,2.0,2.0,6.0,11.0,21.0,1.0,2.0,0.0,0.0,39.7,60.3,2.22,0.64,espn:757754
espn+fotmob,2025-26,Champions League,1,european,UCL,2025-12-10,20:00,Borussia Dortmund,Bodo/Glimt,FULL_TIME,2,2,D,,,,22.0,7.0,9.0,3.0,10.0,4.0,5.0,6.0,1.0,0.0,0.0,0.0,63.3,36.7,3.19,1.38,espn:757755
espn+fotmob,2025-26,Champions League,1,european,UCL,2025-12-10,20:00,Club Brugge,Arsenal,FULL_TIME,0,3,A,,,,18.0,20.0,7.0,11.0,1.0,5.0,10.0,9.0,0.0,2.0,0.0,0.0,49.3,50.7,1.1,2.99,espn:757757
espn+fotmob,2025-26,Champions League,1,european,UCL,2025-12-10,20:00,Juventus,Pafos,FULL_TIME,2,0,H,,,,25.0,12.0,5.0,3.0,13.0,4.0,8.0,9.0,1.0,1.0,0.0,0.0,61.2,38.8,2.65,1.18,espn:757756
espn+fotmob,2025-26,Champions League,1,european,UCL,2025-12-10,20:00,Real Madrid,Manchester City,FULL_TIME,1,2,A,,,,16.0,12.0,1.0,8.0,3.0,3.0,14.0,17.0,3.0,3.0,0.0,0.0,51.7,48.3,1.5,2.6,espn:757760
espn+fotmob,2025-26,Champions League,1,european,UCL,2026-01-20,15:30,Kairat Almaty,Club Brugge,FULL_TIME,1,4,A,,,,8.0,17.0,2.0,6.0,1.0,3.0,9.0,12.0,2.0,0.0,0.0,0.0,47.0,53.0,0.28,2.54,espn:757761
espn+fotmob,2025-26,Champions League,1,european,UCL,2026-01-20,17:45,Bodo/Glimt,Manchester City,FULL_TIME,3,1,H,,,,8.0,16.0,5.0,5.0,2.0,9.0,6.0,9.0,0.0,1.0,0.0,1.0,34.2,65.8,1.6,1.23,espn:757762
espn+fotmob,2025-26,Champions League,1,european,UCL,2026-01-20,20:00,F.C. København,Napoli,FULL_TIME,1,1,D,,,,5.0,19.0,4.0,5.0,1.0,11.0,13.0,15.0,2.0,2.0,1.0,0.0,29.7,70.3,1.38,1.54,espn:757767
espn+fotmob,2025-26,Champions League,1,european,UCL,2026-01-20,20:00,Internazionale,Arsenal,FULL_TIME,1,3,A,,,,18.0,17.0,4.0,6.0,4.0,7.0,9.0,17.0,2.0,2.0,0.0,0.0,51.3,48.7,1.36,2.14,espn:757763
espn+fotmob,2025-26,Champions League,1,european,UCL,2026-01-20,20:00,Olympiacos,Bayer Leverkusen,FULL_TIME,2,0,H,,,,6.0,17.0,2.0,6.0,2.0,8.0,13.0,9.0,2.0,1.0,0.0,0.0,28.3,71.7,1.13,2.58,espn:757765
espn+fotmob,2025-26,Champions League,1,european,UCL,2026-01-20,20:00,Real Madrid,AS Monaco,FULL_TIME,6,1,H,,,,25.0,20.0,5.0,6.0,10.0,6.0,9.0,11.0,1.0,1.0,0.0,0.0,49.1,50.9,3.86,1.4,espn:757764
espn+fotmob,2025-26,Champions League,1,european,UCL,2026-01-20,20:00,Sporting CP,Paris Saint-Germain,FULL_TIME,2,1,H,,,,10.0,28.0,4.0,6.0,2.0,10.0,10.0,11.0,2.0,1.0,0.0,0.0,25.4,74.6,0.89,1.42,espn:757768
espn+fotmob,2025-26,Champions League,1,european,UCL,2026-01-20,20:00,Tottenham Hotspur,Borussia Dortmund,FULL_TIME,2,0,H,,,,16.0,6.0,5.0,1.0,4.0,2.0,14.0,12.0,1.0,1.0,0.0,1.0,53.5,46.5,1.97,0.38,espn:757769
espn+fotmob,2025-26,Champions League,1,european,UCL,2026-01-20,20:00,Villarreal,Ajax Amsterdam,FULL_TIME,1,2,A,,,,19.0,15.0,8.0,5.0,7.0,5.0,11.0,10.0,3.0,2.0,0.0,0.0,38.4,61.6,1.36,0.91,espn:757766
espn+fotmob,2025-26,Champions League,1,european,UCL,2026-01-21,17:45,FK Qarabag,Eintracht Frankfurt,FULL_TIME,3,2,H,,,,11.0,8.0,5.0,5.0,7.0,1.0,8.0,12.0,1.0,2.0,0.0,0.0,58.2,41.8,1.78,1.21,espn:757770
espn+fotmob,2025-26,Champions League,1,european,UCL,2026-01-21,17:45,Galatasaray,Atlético Madrid,FULL_TIME,1,1,D,,,,7.0,15.0,2.0,5.0,4.0,7.0,11.0,11.0,3.0,4.0,0.0,0.0,45.5,54.5,0.5,1.43,espn:757771
espn+fotmob,2025-26,Champions League,1,european,UCL,2026-01-21,20:00,Atalanta,Athletic Club,FULL_TIME,2,3,A,,,,14.0,4.0,4.0,3.0,5.0,2.0,8.0,16.0,1.0,2.0,0.0,0.0,70.1,29.9,2.02,1.74,espn:757772
espn+fotmob,2025-26,Champions League,1,european,UCL,2026-01-21,20:00,Bayern Munich,Union St.-Gilloise,FULL_TIME,2,0,H,,,,14.0,5.0,4.0,1.0,4.0,1.0,9.0,8.0,1.0,1.0,1.0,0.0,73.7,26.3,3.09,0.88,espn:757774
espn+fotmob,2025-26,Champions League,1,european,UCL,2026-01-21,20:00,Chelsea,Pafos,FULL_TIME,1,0,H,,,,21.0,4.0,7.0,2.0,15.0,2.0,6.0,10.0,2.0,3.0,0.0,0.0,71.4,28.6,1.85,0.14,espn:757773
espn+fotmob,2025-26,Champions League,1,european,UCL,2026-01-21,20:00,Juventus,Benfica,FULL_TIME,2,0,H,,,,12.0,16.0,4.0,3.0,4.0,7.0,14.0,10.0,2.0,0.0,0.0,0.0,45.6,54.4,1.36,1.44,espn:757775
espn+fotmob,2025-26,Champions League,1,european,UCL,2026-01-21,20:00,Marseille,Liverpool,FULL_TIME,0,3,A,,,,15.0,11.0,4.0,3.0,7.0,4.0,8.0,12.0,1.0,0.0,0.0,0.0,58.1,41.9,0.87,1.46,espn:757776
espn+fotmob,2025-26,Champions League,1,european,UCL,2026-01-21,20:00,Newcastle United,PSV Eindhoven,FULL_TIME,3,0,H,,,,11.0,6.0,4.0,1.0,3.0,1.0,4.0,11.0,2.0,4.0,0.0,0.0,53.7,46.3,2.4,0.34,espn:757777
espn+fotmob,2025-26,Champions League,1,european,UCL,2026-01-21,20:00,Slavia Prague,Barcelona,FULL_TIME,2,4,A,,,,12.0,20.0,2.0,12.0,5.0,4.0,9.0,11.0,0.0,1.0,0.0,0.0,40.7,59.3,0.99,1.47,espn:757778
espn+fotmob,2025-26,Champions League,1,european,UCL,2026-01-28,20:00,Ajax Amsterdam,Olympiacos,FULL_TIME,1,2,A,,,,11.0,11.0,4.0,3.0,5.0,4.0,11.0,8.0,0.0,2.0,0.0,0.0,63.4,36.6,1.87,0.53,espn:757779
espn+fotmob,2025-26,Champions League,1,european,UCL,2026-01-28,20:00,Arsenal,Kairat Almaty,FULL_TIME,3,2,H,,,,25.0,4.0,11.0,2.0,11.0,0.0,14.0,10.0,1.0,1.0,0.0,0.0,65.6,34.4,3.94,1.11,espn:757780
espn+fotmob,2025-26,Champions League,1,european,UCL,2026-01-28,20:00,AS Monaco,Juventus,FULL_TIME,0,0,D,,,,11.0,5.0,5.0,0.0,6.0,0.0,13.0,19.0,2.0,2.0,0.0,0.0,50.2,49.8,1.04,0.18,espn:757791
espn+fotmob,2025-26,Champions League,1,european,UCL,2026-01-28,20:00,Athletic Club,Sporting CP,FULL_TIME,2,3,A,,,,9.0,9.0,2.0,6.0,6.0,7.0,22.0,8.0,4.0,5.0,0.0,0.0,35.2,64.8,0.57,1.76,espn:757781
espn+fotmob,2025-26,Champions League,1,european,UCL,2026-01-28,20:00,Atlético Madrid,Bodo/Glimt,FULL_TIME,1,2,A,,,,27.0,11.0,8.0,7.0,12.0,1.0,9.0,4.0,2.0,2.0,0.0,0.0,64.6,35.4,2.18,1.88,espn:757782
espn+fotmob,2025-26,Champions League,1,european,UCL,2026-01-28,20:00,Barcelona,F.C. København,FULL_TIME,4,1,H,,,,28.0,6.0,13.0,1.0,10.0,1.0,12.0,11.0,1.0,4.0,0.0,0.0,76.4,23.6,3.18,1.06,espn:757783
espn+fotmob,2025-26,Champions League,1,european,UCL,2026-01-28,20:00,Bayer Leverkusen,Villarreal,FULL_TIME,3,0,H,,,,15.0,5.0,7.0,2.0,4.0,1.0,7.0,15.0,0.0,3.0,0.0,0.0,65.1,34.9,1.93,0.26,espn:757784
espn+fotmob,2025-26,Champions League,1,european,UCL,2026-01-28,20:00,Benfica,Real Madrid,FULL_TIME,4,2,H,,,,22.0,16.0,12.0,6.0,6.0,5.0,11.0,15.0,2.0,4.0,0.0,2.0,32.8,67.2,3.01,1.5,espn:757785
espn+fotmob,2025-26,Champions League,1,european,UCL,2026-01-28,20:00,Borussia Dortmund,Internazionale,FULL_TIME,0,2,A,,,,9.0,12.0,1.0,5.0,5.0,3.0,12.0,14.0,1.0,2.0,0.0,0.0,45.2,54.8,0.84,0.98,espn:757786
espn+fotmob,2025-26,Champions League,1,european,UCL,2026-01-28,20:00,Club Brugge,Marseille,FULL_TIME,3,0,H,,,,11.0,18.0,5.0,9.0,4.0,10.0,10.0,9.0,1.0,2.0,0.0,0.0,37.4,62.6,1.41,1.03,espn:757787
espn+fotmob,2025-26,Champions League,1,european,UCL,2026-01-28,20:00,Eintracht Frankfurt,Tottenham Hotspur,FULL_TIME,0,2,A,,,,4.0,15.0,1.0,6.0,0.0,6.0,12.0,8.0,0.0,2.0,0.0,0.0,44.6,55.4,0.86,1.27,espn:757788
espn+fotmob,2025-26,Champions League,1,european,UCL,2026-01-28,20:00,Liverpool,FK Qarabag,FULL_TIME,6,0,H,,,,38.0,5.0,12.0,1.0,14.0,1.0,13.0,3.0,0.0,1.0,0.0,0.0,56.2,43.8,5.91,0.22,espn:757789
espn+fotmob,2025-26,Champions League,1,european,UCL,2026-01-28,20:00,Manchester City,Galatasaray,FULL_TIME,2,0,H,,,,10.0,4.0,5.0,4.0,4.0,4.0,8.0,10.0,0.0,1.0,0.0,0.0,50.3,49.7,1.77,0.26,espn:757790
espn+fotmob,2025-26,Champions League,1,european,UCL,2026-01-28,20:00,Napoli,Chelsea,FULL_TIME,2,3,A,,,,8.0,11.0,5.0,5.0,4.0,1.0,15.0,15.0,2.0,1.0,0.0,0.0,46.0,54.0,0.98,2.02,espn:757792
espn+fotmob,2025-26,Champions League,1,european,UCL,2026-01-28,20:00,Pafos,Slavia Prague,FULL_TIME,4,1,H,,,,17.0,13.0,8.0,3.0,8.0,2.0,11.0,16.0,2.0,1.0,0.0,1.0,44.8,55.2,1.4,1.73,espn:757794
espn+fotmob,2025-26,Champions League,1,european,UCL,2026-01-28,20:00,Paris Saint-Germain,Newcastle United,FULL_TIME,1,1,D,,,,25.0,10.0,7.0,4.0,5.0,1.0,8.0,8.0,0.0,1.0,0.0,0.0,67.1,32.9,2.52,1.07,espn:757795
espn+fotmob,2025-26,Champions League,1,european,UCL,2026-01-28,20:00,PSV Eindhoven,Bayern Munich,FULL_TIME,1,2,A,,,,13.0,17.0,7.0,8.0,5.0,6.0,11.0,10.0,3.0,2.0,1.0,0.0,42.7,57.3,0.6,1.98,espn:757793
espn+fotmob,2025-26,Champions League,1,european,UCL,2026-01-28,20:00,Union St.-Gilloise,Atalanta,FULL_TIME,1,0,H,,,,8.0,13.0,4.0,2.0,0.0,6.0,10.0,11.0,2.0,3.0,0.0,0.0,35.7,64.3,1.0,0.83,espn:757796
espn+fotmob,2025-26,Champions League,1,european,UCL,2026-02-17,17:45,Galatasaray,Juventus,FULL_TIME,5,2,H,,,,22.0,7.0,9.0,3.0,5.0,5.0,8.0,18.0,1.0,1.0,0.0,1.0,61.8,38.2,2.92,1.13,espn:401858759
espn+fotmob,2025-26,Champions League,1,european,UCL,2026-02-17,20:00,AS Monaco,Paris Saint-Germain,FULL_TIME,2,3,A,,,,7.0,30.0,4.0,10.0,1.0,8.0,11.0,4.0,2.0,0.0,1.0,0.0,19.6,80.4,1.19,3.09,espn:401858758
espn+fotmob,2025-26,Champions League,1,european,UCL,2026-02-17,20:00,Benfica,Real Madrid,FULL_TIME,0,1,A,,,,10.0,16.0,3.0,7.0,3.0,6.0,6.0,9.0,2.0,2.0,0.0,0.0,41.7,58.3,0.47,0.89,espn:401858735
espn+fotmob,2025-26,Champions League,1,european,UCL,2026-02-17,20:15,Borussia Dortmund,Atalanta,FULL_TIME,2,0,H,,,,9.0,7.0,2.0,3.0,3.0,2.0,11.0,13.0,2.0,3.0,0.0,0.0,44.4,55.6,2.1,0.47,espn:401858761
espn+fotmob,2025-26,Champions League,1,european,UCL,2026-02-18,17:45,FK Qarabag,Newcastle United,FULL_TIME,1,6,A,,,,8.0,22.0,2.0,14.0,8.0,6.0,10.0,10.0,0.0,1.0,0.0,0.0,42.0,58.0,0.46,5.69,espn:401858736
espn,2025-26,Champions League,1,european,UCL,2026-02-18,20:00,Bodo/Glimt,Internazionale,FULL_TIME,3,1,H,,,,8.0,15.0,6.0,4.0,3.0,3.0,12.0,6.0,1.0,1.0,0.0,0.0,42.4,57.6,,,espn:401858734
espn+fotmob,2025-26,Champions League,1,european,UCL,2026-02-18,20:00,Club Brugge,Atlético Madrid,FULL_TIME,3,3,D,,,,17.0,13.0,10.0,4.0,4.0,6.0,5.0,8.0,1.0,2.0,0.0,0.0,57.7,42.3,2.33,2.33,espn:401858760
espn+fotmob,2025-26,Champions League,1,european,UCL,2026-02-18,20:00,Olympiacos,Bayer Leverkusen,FULL_TIME,0,2,A,,,,13.0,8.0,1.0,5.0,3.0,3.0,7.0,9.0,1.0,1.0,0.0,0.0,42.1,57.9,0.75,1.95,espn:401858737
fotmob,2025-26,Champions League,1,european,UCL,2026-02-18,20:00,Bodø/Glimt,Inter,FT,3,1,H,,,,8.0,15.0,6.0,4.0,3.0,3.0,,,1.0,1.0,,,42.0,58.0,1.19,1.56,fotmob:5161861
espn+fotmob,2025-26,Champions League,1,european,UCL,2026-02-24,17:45,Atlético Madrid,Club Brugge,FULL_TIME,4,1,H,,,,14.0,11.0,5.0,6.0,2.0,7.0,5.0,8.0,1.0,2.0,0.0,0.0,45.3,54.7,2.1,1.75,espn:401858768
espn+fotmob,2025-26,Champions League,1,european,UCL,2026-02-24,20:00,Bayer Leverkusen,Olympiacos,FULL_TIME,0,0,D,,,,7.0,7.0,1.0,1.0,4.0,5.0,6.0,8.0,0.0,1.0,0.0,0.0,46.7,53.3,0.69,0.21,espn:401858767
espn,2025-26,Champions League,1,european,UCL,2026-02-24,20:00,Internazionale,Bodo/Glimt,FULL_TIME,1,2,A,,,,30.0,7.0,7.0,5.0,16.0,1.0,11.0,9.0,0.0,1.0,0.0,0.0,70.8,29.2,,,espn:401858766
espn+fotmob,2025-26,Champions League,1,european,UCL,2026-02-24,20:00,Newcastle United,FK Qarabag,FULL_TIME,3,2,H,,,,19.0,13.0,8.0,6.0,9.0,6.0,10.0,4.0,0.0,1.0,0.0,0.0,65.4,34.6,2.66,1.3,espn:401858764
fotmob,2025-26,Champions League,1,european,UCL,2026-02-24,20:00,Inter,Bodø/Glimt,FT,1,2,A,,,,30.0,7.0,7.0,5.0,16.0,1.0,,,0.0,1.0,,,71.0,29.0,2.29,1.74,fotmob:5161862
espn+fotmob,2025-26,Champions League,1,european,UCL,2026-02-25,17:45,Atalanta,Borussia Dortmund,FULL_TIME,4,1,H,,,,15.0,7.0,9.0,4.0,5.0,1.0,17.0,10.0,1.0,3.0,1.0,2.0,43.7,56.3,2.93,0.93,espn:401858762
espn+fotmob,2025-26,Champions League,1,european,UCL,2026-02-25,20:00,Juventus,Galatasaray,FINAL_AET,3,2,H,,,,28.0,16.0,9.0,8.0,9.0,4.0,17.0,14.0,3.0,4.0,1.0,0.0,47.2,52.8,5.2,2.01,espn:401858765
espn+fotmob,2025-26,Champions League,1,european,UCL,2026-02-25,20:00,Paris Saint-Germain,AS Monaco,FULL_TIME,2,2,D,,,,21.0,10.0,6.0,4.0,8.0,4.0,8.0,12.0,1.0,3.0,0.0,1.0,72.6,27.4,2.21,1.32,espn:401858763
espn+fotmob,2025-26,Champions League,1,european,UCL,2026-02-25,20:00,Real Madrid,Benfica,FULL_TIME,2,1,H,,,,14.0,12.0,4.0,4.0,4.0,7.0,16.0,10.0,2.0,2.0,0.0,0.0,55.8,44.2,0.98,1.64,espn:401858769
espn+fotmob,2025-26,Champions League,1,european,UCL,2026-03-10,17:45,Galatasaray,Liverpool,FULL_TIME,1,0,H,,,,15.0,15.0,4.0,6.0,7.0,4.0,11.0,18.0,1.0,4.0,0.0,0.0,46.2,53.8,1.34,1.31,espn:401862667
espn+fotmob,2025-26,Champions League,1,european,UCL,2026-03-10,20:00,Atalanta,Bayern Munich,FULL_TIME,1,6,A,,,,11.0,25.0,3.0,13.0,2.0,7.0,11.0,11.0,1.0,3.0,0.0,0.0,30.8,69.2,1.68,4.84,espn:401862641
espn+fotmob,2025-26,Champions League,1,european,UCL,2026-03-10,20:00,Atlético Madrid,Tottenham Hotspur,FULL_TIME,5,2,H,,,,11.0,11.0,7.0,5.0,4.0,2.0,15.0,12.0,0.0,5.0,0.0,0.0,58.0,42.0,2.59,1.99,espn:401862579
espn+fotmob,2025-26,Champions League,1,european,UCL,2026-03-10,20:00,Newcastle United,Barcelona,FULL_TIME,1,1,D,,,,16.0,9.0,4.0,2.0,9.0,4.0,14.0,9.0,2.0,1.0,0.0,0.0,45.6,54.4,1.3,1.42,espn:401862577
espn+fotmob,2025-26,Champions League,1,european,UCL,2026-03-11,17:45,Bayer Leverkusen,Arsenal,FULL_TIME,1,1,D,,,,10.0,6.0,3.0,2.0,2.0,3.0,9.0,10.0,4.0,3.0,0.0,0.0,45.3,54.7,0.85,1.64,espn:401862578
espn+fotmob,2025-26,Champions League,1,european,UCL,2026-03-11,20:00,Bodo/Glimt,Sporting CP,FULL_TIME,3,0,H,,,,10.0,9.0,5.0,2.0,4.0,5.0,15.0,11.0,2.0,1.0,0.0,0.0,48.6,51.4,2.78,0.61,espn:401862583
espn+fotmob,2025-26,Champions League,1,european,UCL,2026-03-11,20:00,Paris Saint-Germain,Chelsea,FULL_TIME,5,2,H,,,,9.0,9.0,8.0,4.0,2.0,3.0,14.0,7.0,1.0,0.0,0.0,0.0,58.2,41.8,0.9,1.57,espn:401862646
espn+fotmob,2025-26,Champions League,1,european,UCL,2026-03-11,20:00,Real Madrid,Manchester City,FULL_TIME,3,0,H,,,,12.0,8.0,7.0,4.0,1.0,10.0,11.0,13.0,0.0,2.0,0.0,0.0,40.2,59.8,2.63,0.59,espn:401862645
espn+fotmob,2025-26,Champions League,1,european,UCL,2026-03-17,17:45,Sporting CP,Bodo/Glimt,FINAL_AET,5,0,H,,,,38.0,9.0,14.0,3.0,16.0,4.0,17.0,11.0,3.0,4.0,0.0,0.0,66.0,34.0,3.78,0.54,espn:401862584
espn+fotmob,2025-26,Champions League,1,european,UCL,2026-03-17,20:00,Arsenal,Bayer Leverkusen,FULL_TIME,2,0,H,,,,21.0,9.0,12.0,2.0,10.0,8.0,4.0,8.0,0.0,1.0,0.0,0.0,41.5,58.5,1.7,0.52,espn:401862581
espn+fotmob,2025-26,Champions League,1,european,UCL,2026-03-17,20:00,Chelsea,Paris Saint-Germain,FULL_TIME,0,3,A,,,,18.0,8.0,9.0,5.0,9.0,3.0,8.0,10.0,0.0,0.0,0.0,0.0,45.4,54.6,1.26,1.09,espn:401862648
espn+fotmob,2025-26,Champions League,1,european,UCL,2026-03-17,20:00,Manchester City,Real Madrid,FULL_TIME,1,2,A,,,,22.0,14.0,8.0,7.0,9.0,6.0,6.0,7.0,1.0,2.0,1.0,0.0,47.3,52.7,1.95,3.14,espn:401862647
espn+fotmob,2025-26,Champions League,1,european,UCL,2026-03-18,17:45,Barcelona,Newcastle United,FULL_TIME,7,2,H,,,,18.0,8.0,13.0,5.0,6.0,2.0,9.0,13.0,1.0,3.0,0.0,0.0,62.8,37.2,4.29,1.54,espn:401862582
espn+fotmob,2025-26,Champions League,1,european,UCL,2026-03-18,20:00,Bayern Munich,Atalanta,FULL_TIME,4,1,H,,,,25.0,14.0,8.0,8.0,6.0,3.0,8.0,4.0,0.0,0.0,0.0,0.0,70.4,29.6,3.59,2.06,espn:401862642
espn+fotmob,2025-26,Champions League,1,european,UCL,2026-03-18,20:00,Liverpool,Galatasaray,FULL_TIME,4,0,H,,,,32.0,4.0,16.0,1.0,6.0,2.0,15.0,7.0,0.0,0.0,0.0,0.0,62.1,37.9,4.88,0.18,espn:401862668
espn+fotmob,2025-26,Champions League,1,european,UCL,2026-03-18,20:00,Tottenham Hotspur,Atlético Madrid,FULL_TIME,3,2,H,,,,18.0,18.0,11.0,6.0,7.0,7.0,16.0,8.0,4.0,3.0,0.0,0.0,51.3,48.7,2.39,1.02,espn:401862580
espn+fotmob,2025-26,Champions League,1,european,UCL,2026-04-07,19:00,Real Madrid,Bayern Munich,FULL_TIME,1,2,A,,,,20.0,20.0,9.0,8.0,8.0,11.0,12.0,12.0,1.0,4.0,0.0,0.0,48.0,52.0,2.2,2.92,espn:401862886
espn+fotmob,2025-26,Champions League,1,european,UCL,2026-04-07,19:00,Sporting CP,Arsenal,FULL_TIME,0,1,A,,,,11.0,8.0,5.0,4.0,3.0,4.0,11.0,10.0,1.0,0.0,0.0,0.0,44.2,55.8,0.71,1.33,espn:401862888
espn+fotmob,2025-26,Champions League,1,european,UCL,2026-04-08,19:00,Barcelona,Atlético Madrid,FULL_TIME,0,2,A,,,,18.0,5.0,7.0,3.0,7.0,1.0,6.0,17.0,2.0,3.0,1.0,0.0,58.3,41.7,1.1,0.44,espn:401862887
espn+fotmob,2025-26,Champions League,1,european,UCL,2026-04-08,19:00,Paris Saint-Germain,Liverpool,FULL_TIME,2,0,H,,,,18.0,3.0,6.0,0.0,3.0,1.0,8.0,12.0,0.0,2.0,0.0,0.0,74.0,26.0,2.35,0.17,espn:401862885
espn+fotmob,2025-26,Champions League,1,european,UCL,2026-04-14,19:00,Atlético Madrid,Barcelona,FULL_TIME,1,2,A,,,,15.0,15.0,5.0,8.0,2.0,4.0,15.0,8.0,0.0,1.0,0.0,1.0,28.9,71.1,1.77,2.22,espn:401862892
espn+fotmob,2025-26,Champions League,1,european,UCL,2026-04-14,19:00,Liverpool,Paris Saint-Germain,FULL_TIME,0,2,A,,,,21.0,12.0,5.0,6.0,8.0,2.0,9.0,10.0,2.0,0.0,0.0,0.0,52.7,47.3,1.97,1.09,espn:401862889
espn+fotmob,2025-26,Champions League,1,european,UCL,2026-04-15,19:00,Arsenal,Sporting CP,FULL_TIME,0,0,D,,,,15.0,8.0,1.0,1.0,8.0,3.0,7.0,11.0,0.0,1.0,0.0,0.0,50.4,49.6,0.64,0.29,espn:401862890
espn+fotmob,2025-26,Champions League,1,european,UCL,2026-04-15,19:00,Bayern Munich,Real Madrid,FULL_TIME,4,3,H,,,,21.0,12.0,9.0,5.0,9.0,2.0,10.0,12.0,1.0,3.0,0.0,2.0,68.5,31.5,2.14,2.25,espn:401862891
espn+fotmob,2025-26,Champions League,1,european,UCL,2026-04-28,19:00,Paris Saint-Germain,Bayern Munich,FULL_TIME,5,4,H,,,,12.0,10.0,5.0,8.0,2.0,5.0,14.0,4.0,3.0,0.0,0.0,0.0,42.6,57.4,1.9,3.06,espn:401862893
espn+fotmob,2025-26,Champions League,1,european,UCL,2026-04-29,19:00,Atlético Madrid,Arsenal,FULL_TIME,1,1,D,,,,18.0,11.0,4.0,2.0,6.0,1.0,7.0,11.0,1.0,0.0,0.0,0.0,51.5,48.5,2.21,1.51,espn:401862894
espn+fotmob,2025-26,Champions League,1,european,UCL,2026-05-05,19:00,Arsenal,Atlético Madrid,FULL_TIME,1,0,H,,,,13.0,9.0,2.0,2.0,5.0,2.0,10.0,13.0,1.0,2.0,0.0,0.0,53.4,46.6,1.56,0.99,espn:401862896
espn+fotmob,2025-26,Champions League,1,european,UCL,2026-05-06,19:00,Bayern Munich,Paris Saint-Germain,FULL_TIME,1,1,D,,,,18.0,15.0,6.0,7.0,1.0,8.0,11.0,12.0,3.0,3.0,0.0,0.0,65.5,34.5,1.41,1.06,espn:401862895
espn+fotmob,2025-26,Champions League,1,european,UCL,2026-05-30,16:00,Paris Saint-Germain,Arsenal,FINAL_PEN,1,1,D,,,,21.0,7.0,4.0,1.0,11.0,4.0,11.0,17.0,2.0,4.0,0.0,0.0,75.3,24.7,1.72,0.51,espn:401862897
espn+fotmob,2025-26,Europa Conference League,1,european,UECL,2025-10-02,16:45,Dynamo Kyiv,Crystal Palace,FULL_TIME,0,2,A,,,,10.0,13.0,1.0,7.0,3.0,5.0,7.0,14.0,1.0,1.0,0.0,1.0,46.4,53.6,0.45,1.53,espn:757971
espn+fotmob,2025-26,Europa Conference League,1,european,UECL,2025-10-02,16:45,FC Noah,Rijeka,FULL_TIME,1,0,H,,,,15.0,2.0,3.0,1.0,2.0,1.0,18.0,16.0,1.0,3.0,0.0,1.0,57.5,42.5,0.99,0.16,espn:757966
espn+fotmob,2025-26,Europa Conference League,1,european,UECL,2025-10-02,16:45,Jagiellonia Bialystok,Hamrun Spartans,FULL_TIME,1,0,H,,,,19.0,8.0,7.0,4.0,7.0,5.0,16.0,11.0,2.0,2.0,0.0,1.0,62.7,37.3,2.09,0.73,espn:757967
espn+fotmob,2025-26,Europa Conference League,1,european,UECL,2025-10-02,16:45,KuPS Kuopio,Drita Gjilan,FULL_TIME,1,1,D,,,,6.0,12.0,3.0,4.0,1.0,2.0,16.0,10.0,4.0,0.0,0.0,0.0,65.1,34.9,0.63,0.89,espn:757970
espn+fotmob,2025-26,Europa Conference League,1,european,UECL,2025-10-02,16:45,Lausanne Sports,Breidablik,FULL_TIME,3,0,H,,,,16.0,13.0,8.0,2.0,2.0,7.0,12.0,6.0,1.0,1.0,0.0,0.0,55.6,44.4,2.19,1.07,espn:757968
espn+fotmob,2025-26,Europa Conference League,1,european,UECL,2025-10-02,16:45,Lech Poznan,Rapid Vienna,FULL_TIME,4,1,H,,,,18.0,9.0,9.0,2.0,2.0,4.0,9.0,18.0,3.0,1.0,0.0,0.0,51.8,48.2,2.85,0.66,espn:757965
espn+fotmob,2025-26,Europa Conference League,1,european,UECL,2025-10-02,16:45,Omonia Nicosia,Mainz,FULL_TIME,0,1,A,,,,8.0,17.0,3.0,2.0,4.0,8.0,8.0,9.0,1.0,1.0,0.0,0.0,44.4,55.6,0.24,1.59,espn:757973
espn+fotmob,2025-26,Europa Conference League,1,european,UECL,2025-10-02,16:45,Rayo Vallecano,KF Shkëndija,FULL_TIME,2,0,H,,,,20.0,1.0,10.0,1.0,12.0,0.0,20.0,6.0,1.0,2.0,0.0,0.0,68.8,31.2,2.01,0.02,espn:757972
espn+fotmob,2025-26,Europa Conference League,1,european,UECL,2025-10-02,16:45,Zrinjski Mostar,Lincoln Red Imps,FULL_TIME,5,0,H,,,,24.0,8.0,10.0,0.0,4.0,4.0,16.0,11.0,3.0,2.0,0.0,0.0,50.6,49.4,3.11,0.42,espn:757969
espn+fotmob,2025-26,Europa Conference League,1,european,UECL,2025-10-02,19:00,Aberdeen,Shakhtar Donetsk,FULL_TIME,2,3,A,,,,12.0,11.0,5.0,4.0,4.0,6.0,12.0,9.0,4.0,4.0,0.0,0.0,27.7,72.3,1.97,1.32,espn:757976
espn+fotmob,2025-26,Europa Conference League,1,european,UECL,2025-10-02,19:00,AEK Larnaca,AZ Alkmaar,FULL_TIME,4,0,H,,,,23.0,6.0,10.0,2.0,6.0,2.0,13.0,8.0,2.0,3.0,0.0,1.0,69.0,31.0,2.9,0.48,espn:757978
espn+fotmob,2025-26,Europa Conference League,1,european,UECL,2025-10-02,19:00,Fiorentina,Sigma Olomouc,FULL_TIME,2,0,H,,,,14.0,7.0,4.0,4.0,8.0,0.0,19.0,18.0,3.0,1.0,0.0,0.0,54.3,45.7,1.77,0.36,espn:757977
espn+fotmob,2025-26,Europa Conference League,1,european,UECL,2025-10-02,19:00,Legia Warsaw,Samsunspor,FULL_TIME,0,1,A,,,,19.0,6.0,2.0,2.0,8.0,2.0,7.0,10.0,3.0,4.0,0.0,0.0,63.4,36.6,1.25,0.87,espn:757974
espn+fotmob,2025-26,Europa Conference League,1,european,UECL,2025-10-02,19:00,NK Celje,AEK Athens,FULL_TIME,3,1,H,,,,21.0,9.0,9.0,5.0,9.0,4.0,15.0,11.0,3.0,4.0,0.0,0.0,60.4,39.6,2.94,1.1,espn:757982
espn+fotmob,2025-26,Europa Conference League,1,european,UECL,2025-10-02,19:00,Raków Czestochowa,CSU Craiova,FULL_TIME,2,0,H,,,,22.0,4.0,10.0,0.0,10.0,1.0,7.0,16.0,0.0,2.0,0.0,1.0,56.5,43.5,1.6,0.14,espn:757975
espn+fotmob,2025-26,Europa Conference League,1,european,UECL,2025-10-02,19:00,Shelbourne,BK Häcken,FULL_TIME,0,0,D,,,,7.0,11.0,1.0,3.0,3.0,5.0,10.0,8.0,1.0,2.0,0.0,0.0,35.2,64.8,0.32,0.94,espn:757980
espn+fotmob,2025-26,Europa Conference League,1,european,UECL,2025-10-02,19:00,Slovan Bratislava,Strasbourg,FULL_TIME,1,2,A,,,,22.0,5.0,6.0,4.0,6.0,1.0,9.0,10.0,1.0,3.0,0.0,0.0,56.6,43.4,2.13,1.14,espn:757981
espn+fotmob,2025-26,Europa Conference League,1,european,UECL,2025-10-02,19:00,Sparta Prague,Shamrock Rovers,FULL_TIME,4,1,H,,,,19.0,2.0,8.0,1.0,7.0,2.0,10.0,11.0,3.0,4.0,0.0,0.0,74.9,25.1,3.21,0.09,espn:757979
espn+fotmob,2025-26,Europa Conference League,1,european,UECL,2025-10-23,16:45,AEK Athens,Aberdeen,FULL_TIME,6,0,H,,,,27.0,8.0,10.0,2.0,5.0,2.0,11.0,13.0,1.0,1.0,0.0,0.0,73.3,26.7,5.25,0.45,espn:757987
espn+fotmob,2025-26,Europa Conference League,1,european,UECL,2025-10-23,16:45,AZ Alkmaar,Slovan Bratislava,FULL_TIME,1,0,H,,,,30.0,3.0,11.0,1.0,12.0,0.0,16.0,12.0,1.0,4.0,0.0,1.0,62.0,38.0,3.55,0.24,espn:757997
espn+fotmob,2025-26,Europa Conference League,1,european,UECL,2025-10-23,16:45,BK Häcken,Rayo Vallecano,FULL_TIME,2,2,D,,,,10.0,11.0,4.0,4.0,10.0,5.0,11.0,13.0,5.0,5.0,0.0,1.0,40.5,59.5,2.16,1.62,espn:757990
espn+fotmob,2025-26,Europa Conference League,1,european,UECL,2025-10-23,16:45,Breidablik,KuPS Kuopio,FULL_TIME,0,0,D,,,,16.0,8.0,3.0,2.0,10.0,6.0,6.0,11.0,1.0,0.0,0.0,1.0,43.4,56.6,2.13,1.06,espn:757988
espn+fotmob,2025-26,Europa Conference League,1,european,UECL,2025-10-23,16:45,Drita Gjilan,Omonia Nicosia,FULL_TIME,1,1,D,,,,4.0,13.0,2.0,5.0,2.0,8.0,15.0,20.0,3.0,4.0,0.0,0.0,38.9,61.1,0.17,1.19,espn:757989
espn+fotmob,2025-26,Europa Conference League,1,european,UECL,2025-10-23,16:45,KF Shkëndija,Shelbourne,FULL_TIME,1,0,H,,,,13.0,9.0,1.0,1.0,4.0,1.0,14.0,16.0,3.0,2.0,0.0,0.0,58.0,42.0,0.47,0.48,espn:757991
espn+fotmob,2025-26,Europa Conference League,1,european,UECL,2025-10-23,16:45,Rapid Vienna,Fiorentina,FULL_TIME,0,3,A,,,,13.0,17.0,3.0,7.0,2.0,5.0,15.0,14.0,2.0,1.0,0.0,0.0,42.7,57.3,0.66,1.64,espn:757985
espn+fotmob,2025-26,Europa Conference League,1,european,UECL,2025-10-23,16:45,Shakhtar Donetsk,Legia Warsaw,FULL_TIME,1,2,A,,,,11.0,11.0,3.0,3.0,3.0,3.0,9.0,8.0,3.0,1.0,0.0,0.0,69.9,30.1,0.49,0.98,espn:757984
espn+fotmob,2025-26,Europa Conference League,1,european,UECL,2025-10-23,16:45,Strasbourg,Jagiellonia Bialystok,FULL_TIME,1,1,D,,,,25.0,3.0,7.0,2.0,9.0,0.0,15.0,9.0,3.0,4.0,0.0,0.0,66.8,33.2,2.59,0.85,espn:757983
espn+fotmob,2025-26,Europa Conference League,1,european,UECL,2025-10-23,19:00,Crystal Palace,AEK Larnaca,FULL_TIME,0,1,A,,,,15.0,4.0,1.0,2.0,8.0,2.0,16.0,16.0,2.0,2.0,0.0,0.0,67.9,32.1,1.76,0.2,espn:758000
espn+fotmob,2025-26,Europa Conference League,1,european,UECL,2025-10-23,19:00,CSU Craiova,FC Noah,FULL_TIME,1,1,D,,,,6.0,16.0,2.0,4.0,2.0,4.0,23.0,8.0,2.0,1.0,0.0,0.0,47.8,52.2,0.65,1.33,espn:757996
espn+fotmob,2025-26,Europa Conference League,1,european,UECL,2025-10-23,19:00,Hamrun Spartans,Lausanne Sports,FULL_TIME,0,1,A,,,,15.0,10.0,1.0,5.0,6.0,4.0,13.0,17.0,3.0,4.0,0.0,0.0,52.4,47.6,1.96,1.25,espn:757992
espn+fotmob,2025-26,Europa Conference League,1,european,UECL,2025-10-23,19:00,Lincoln Red Imps,Lech Poznan,FULL_TIME,2,1,H,,,,12.0,21.0,3.0,5.0,4.0,6.0,15.0,17.0,2.0,1.0,0.0,0.0,38.0,62.0,0.84,3.25,espn:757999
espn+fotmob,2025-26,Europa Conference League,1,european,UECL,2025-10-23,19:00,Mainz,Zrinjski Mostar,FULL_TIME,1,0,H,,,,15.0,2.0,4.0,0.0,7.0,2.0,13.0,13.0,1.0,4.0,0.0,1.0,60.8,39.2,3.21,0.06,espn:757998
espn+fotmob,2025-26,Europa Conference League,1,european,UECL,2025-10-23,19:00,Samsunspor,Dynamo Kyiv,FULL_TIME,3,0,H,,,,14.0,5.0,5.0,0.0,4.0,6.0,6.0,10.0,0.0,2.0,0.0,0.0,48.5,51.5,2.48,0.72,espn:757993
espn+fotmob,2025-26,Europa Conference League,1,european,UECL,2025-10-23,19:00,Shamrock Rovers,NK Celje,FULL_TIME,0,2,A,,,,12.0,14.0,4.0,4.0,4.0,3.0,14.0,14.0,3.0,2.0,0.0,0.0,42.5,57.5,0.99,2.22,espn:757994
espn+fotmob,2025-26,Europa Conference League,1,european,UECL,2025-10-23,19:00,Sigma Olomouc,Raków Czestochowa,FULL_TIME,1,1,D,,,,8.0,14.0,1.0,6.0,3.0,2.0,14.0,9.0,3.0,3.0,0.0,0.0,46.3,53.7,0.43,1.15,espn:757995
espn+fotmob,2025-26,Europa Conference League,1,european,UECL,2025-10-24,14:00,Rijeka,Sparta Prague,FULL_TIME,1,0,H,,,,9.0,10.0,2.0,3.0,4.0,3.0,8.0,16.0,2.0,5.0,0.0,0.0,42.7,57.3,0.62,0.72,espn:757986
espn+fotmob,2025-26,Europa Conference League,1,european,UECL,2025-11-06,17:45,AEK Athens,Shamrock Rovers,FULL_TIME,1,1,D,,,,30.0,1.0,8.0,1.0,10.0,0.0,8.0,11.0,2.0,4.0,0.0,0.0,80.2,19.8,3.71,0.79,espn:758006
espn+fotmob,2025-26,Europa Conference League,1,european,UECL,2025-11-06,17:45,AEK Larnaca,Aberdeen,FULL_TIME,0,0,D,,,,11.0,5.0,2.0,0.0,5.0,5.0,6.0,8.0,1.0,0.0,0.0,0.0,67.8,32.2,0.57,0.84,espn:758003
espn+fotmob,2025-26,Europa Conference League,1,european,UECL,2025-11-06,17:45,FC Noah,Sigma Olomouc,FULL_TIME,1,2,A,,,,5.0,17.0,2.0,4.0,0.0,4.0,20.0,18.0,3.0,2.0,0.0,0.0,65.6,34.4,0.29,2.06,espn:758008
espn+fotmob,2025-26,Europa Conference League,1,european,UECL,2025-11-06,17:45,KuPS Kuopio,Slovan Bratislava,FULL_TIME,3,1,H,,,,18.0,7.0,7.0,2.0,6.0,0.0,10.0,12.0,1.0,3.0,0.0,0.0,54.9,45.1,1.36,0.96,espn:758004
espn+fotmob,2025-26,Europa Conference League,1,european,UECL,2025-11-06,17:45,Mainz,Fiorentina,FULL_TIME,2,1,H,,,,13.0,12.0,4.0,4.0,3.0,2.0,19.0,12.0,3.0,3.0,0.0,0.0,44.0,56.0,1.97,1.76,espn:758009
espn+fotmob,2025-26,Europa Conference League,1,european,UECL,2025-11-06,17:45,NK Celje,Legia Warsaw,FULL_TIME,2,1,H,,,,11.0,17.0,5.0,9.0,3.0,6.0,10.0,14.0,1.0,3.0,0.0,0.0,58.9,41.1,0.82,1.65,espn:758007
espn+fotmob,2025-26,Europa Conference League,1,european,UECL,2025-11-06,17:45,Samsunspor,Hamrun Spartans,FULL_TIME,3,0,H,,,,16.0,4.0,8.0,1.0,4.0,1.0,16.0,14.0,0.0,1.0,0.0,0.0,55.7,44.3,2.46,0.21,espn:758001
espn+fotmob,2025-26,Europa Conference League,1,european,UECL,2025-11-06,17:45,Shakhtar Donetsk,Breidablik,FULL_TIME,2,0,H,,,,16.0,5.0,4.0,0.0,8.0,2.0,7.0,8.0,0.0,2.0,0.0,0.0,73.5,26.5,1.16,0.46,espn:758002
espn+fotmob,2025-26,Europa Conference League,1,european,UECL,2025-11-06,17:45,Sparta Prague,Raków Czestochowa,FULL_TIME,0,0,D,,,,11.0,6.0,5.0,1.0,7.0,2.0,13.0,8.0,0.0,1.0,0.0,0.0,62.1,37.9,0.8,0.41,espn:758005
espn+fotmob,2025-26,Europa Conference League,1,european,UECL,2025-11-06,20:00,BK Häcken,Strasbourg,FULL_TIME,1,2,A,,,,17.0,9.0,5.0,6.0,6.0,3.0,9.0,7.0,2.0,1.0,0.0,0.0,40.7,59.3,1.7,0.97,espn:758016
espn+fotmob,2025-26,Europa Conference League,1,european,UECL,2025-11-06,20:00,Crystal Palace,AZ Alkmaar,FULL_TIME,3,1,H,,,,21.0,9.0,7.0,4.0,2.0,1.0,14.0,14.0,2.0,2.0,0.0,0.0,35.4,64.6,3.83,1.19,espn:758018
espn+fotmob,2025-26,Europa Conference League,1,european,UECL,2025-11-06,20:00,Dynamo Kyiv,Zrinjski Mostar,FULL_TIME,6,0,H,,,,10.0,10.0,7.0,3.0,4.0,6.0,11.0,8.0,0.0,1.0,0.0,0.0,65.6,34.4,2.27,0.37,espn:758015
espn+fotmob,2025-26,Europa Conference League,1,european,UECL,2025-11-06,20:00,KF Shkëndija,Jagiellonia Bialystok,FULL_TIME,1,1,D,,,,7.0,8.0,3.0,3.0,2.0,4.0,16.0,23.0,3.0,1.0,0.0,1.0,30.7,69.3,0.56,0.45,espn:758010
espn+fotmob,2025-26,Europa Conference League,1,european,UECL,2025-11-06,20:00,Lausanne Sports,Omonia Nicosia,FULL_TIME,1,1,D,,,,21.0,7.0,6.0,3.0,6.0,4.0,10.0,12.0,2.0,3.0,0.0,0.0,62.1,37.9,2.27,1.24,espn:758014
espn+fotmob,2025-26,Europa Conference League,1,european,UECL,2025-11-06,20:00,Lincoln Red Imps,Rijeka,FULL_TIME,1,1,D,,,,12.0,10.0,5.0,5.0,4.0,2.0,11.0,16.0,3.0,3.0,0.0,0.0,40.3,59.7,2.17,0.76,espn:758017
espn,2025-26,Europa Conference League,1,european,UECL,2025-11-06,20:00,Rapid Vienna,CSU Craiova,FULL_TIME,0,1,A,,,,10.0,17.0,1.0,8.0,3.0,3.0,12.0,20.0,5.0,3.0,0.0,0.0,52.1,47.9,,,espn:758012
espn+fotmob,2025-26,Europa Conference League,1,european,UECL,2025-11-06,20:00,Rayo Vallecano,Lech Poznan,FULL_TIME,3,2,H,,,,29.0,9.0,6.0,3.0,7.0,6.0,8.0,1.0,4.0,1.0,0.0,0.0,65.0,35.0,3.66,0.38,espn:758013
espn+fotmob,2025-26,Europa Conference League,1,european,UECL,2025-11-06,20:00,Shelbourne,Drita Gjilan,FULL_TIME,0,1,A,,,,11.0,20.0,2.0,5.0,6.0,3.0,12.0,7.0,1.0,0.0,1.0,0.0,38.5,61.5,1.09,1.14,espn:758011
fotmob,2025-26,Europa Conference League,1,european,UECL,2025-11-06,20:00,Rapid Wien,Universitatea Craiova,FT,0,1,A,,,,10.0,17.0,1.0,8.0,3.0,3.0,,,5.0,3.0,,,52.0,48.0,0.8,1.8,fotmob:4947953
espn+fotmob,2025-26,Europa Conference League,1,european,UECL,2025-11-27,17:45,AZ Alkmaar,Shelbourne,FULL_TIME,2,0,H,,,,22.0,5.0,9.0,2.0,8.0,6.0,6.0,18.0,2.0,4.0,0.0,0.0,73.2,26.8,1.63,0.28,espn:758019
espn+fotmob,2025-26,Europa Conference League,1,european,UECL,2025-11-27,17:45,CSU Craiova,Mainz,FULL_TIME,1,0,H,,,,8.0,9.0,2.0,1.0,1.0,6.0,17.0,18.0,4.0,2.0,0.0,0.0,42.9,57.1,1.09,0.41,espn:758026
espn+fotmob,2025-26,Europa Conference League,1,european,UECL,2025-11-27,17:45,Hamrun Spartans,Lincoln Red Imps,FULL_TIME,3,1,H,,,,22.0,10.0,11.0,4.0,8.0,1.0,24.0,11.0,4.0,2.0,1.0,1.0,59.5,40.5,2.2,1.11,espn:758020
espn+fotmob,2025-26,Europa Conference League,1,european,UECL,2025-11-27,17:45,Lech Poznan,Lausanne Sports,FULL_TIME,2,0,H,,,,6.0,16.0,3.0,5.0,3.0,8.0,9.0,13.0,1.0,3.0,0.0,0.0,55.1,44.9,1.27,0.88,espn:758021
espn+fotmob,2025-26,Europa Conference League,1,european,UECL,2025-11-27,17:45,Omonia Nicosia,Dynamo Kyiv,FULL_TIME,2,0,H,,,,11.0,13.0,5.0,4.0,4.0,8.0,6.0,13.0,2.0,5.0,0.0,0.0,42.6,57.4,3.04,0.83,espn:758022
espn+fotmob,2025-26,Europa Conference League,1,european,UECL,2025-11-27,17:45,Raków Czestochowa,Rapid Vienna,FULL_TIME,4,1,H,,,,15.0,10.0,5.0,3.0,8.0,2.0,10.0,12.0,1.0,2.0,0.0,0.0,54.9,45.1,2.12,0.62,espn:758023
espn+fotmob,2025-26,Europa Conference League,1,european,UECL,2025-11-27,17:45,Sigma Olomouc,NK Celje,FULL_TIME,2,1,H,,,,21.0,11.0,7.0,4.0,3.0,5.0,28.0,8.0,2.0,2.0,0.0,0.0,31.5,68.5,2.23,1.58,espn:758025
espn+fotmob,2025-26,Europa Conference League,1,european,UECL,2025-11-27,17:45,Slovan Bratislava,Rayo Vallecano,FULL_TIME,2,1,H,,,,9.0,23.0,3.0,7.0,10.0,5.0,13.0,17.0,5.0,5.0,0.0,0.0,49.0,51.0,0.96,2.0,espn:758024
espn+fotmob,2025-26,Europa Conference League,1,european,UECL,2025-11-27,17:45,Zrinjski Mostar,BK Häcken,FULL_TIME,2,1,H,,,,12.0,14.0,6.0,3.0,3.0,7.0,10.0,8.0,2.0,3.0,0.0,0.0,37.7,62.3,1.65,1.42,espn:758027
espn+fotmob,2025-26,Europa Conference League,1,european,UECL,2025-11-27,20:00,Aberdeen,FC Noah,FULL_TIME,1,1,D,,,,9.0,10.0,3.0,3.0,1.0,7.0,11.0,13.0,4.0,1.0,0.0,0.0,46.9,53.1,0.93,0.66,espn:758028
espn+fotmob,2025-26,Europa Conference League,1,european,UECL,2025-11-27,20:00,Breidablik,Samsunspor,FULL_TIME,2,2,D,,,,12.0,18.0,4.0,6.0,5.0,7.0,7.0,12.0,1.0,0.0,0.0,0.0,38.1,61.9,1.4,1.32,espn:758029
espn+fotmob,2025-26,Europa Conference League,1,european,UECL,2025-11-27,20:00,Drita Gjilan,KF Shkëndija,FULL_TIME,1,0,H,,,,5.0,19.0,2.0,3.0,2.0,10.0,16.0,15.0,2.0,4.0,0.0,0.0,37.7,62.3,0.59,0.71,espn:758036
espn+fotmob,2025-26,Europa Conference League,1,european,UECL,2025-11-27,20:00,Fiorentina,AEK Athens,FULL_TIME,0,1,A,,,,9.0,12.0,3.0,4.0,7.0,3.0,13.0,16.0,3.0,2.0,0.0,0.0,52.1,47.9,1.43,1.95,espn:758030
espn+fotmob,2025-26,Europa Conference League,1,european,UECL,2025-11-27,20:00,Jagiellonia Bialystok,KuPS Kuopio,FULL_TIME,1,0,H,,,,17.0,6.0,9.0,0.0,7.0,5.0,10.0,6.0,1.0,1.0,0.0,0.0,43.3,56.7,1.33,0.83,espn:758033
espn+fotmob,2025-26,Europa Conference League,1,european,UECL,2025-11-27,20:00,Legia Warsaw,Sparta Prague,FULL_TIME,0,1,A,,,,12.0,12.0,5.0,2.0,3.0,10.0,14.0,8.0,4.0,1.0,0.0,0.0,45.8,54.2,1.02,0.69,espn:758032
espn+fotmob,2025-26,Europa Conference League,1,european,UECL,2025-11-27,20:00,Rijeka,AEK Larnaca,FULL_TIME,0,0,D,,,,23.0,6.0,5.0,1.0,7.0,1.0,19.0,14.0,1.0,7.0,0.0,0.0,63.3,36.7,1.03,0.38,espn:758031
espn+fotmob,2025-26,Europa Conference League,1,european,UECL,2025-11-27,20:00,Shamrock Rovers,Shakhtar Donetsk,FULL_TIME,1,2,A,,,,6.0,19.0,3.0,8.0,4.0,8.0,7.0,7.0,1.0,0.0,0.0,0.0,31.8,68.2,0.48,2.58,espn:758035
espn+fotmob,2025-26,Europa Conference League,1,european,UECL,2025-11-27,20:00,Strasbourg,Crystal Palace,FULL_TIME,2,1,H,,,,13.0,16.0,6.0,4.0,4.0,5.0,5.0,13.0,1.0,2.0,0.0,0.0,59.5,40.5,2.37,2.82,espn:758034
espn+fotmob,2025-26,Europa Conference League,1,european,UECL,2025-12-11,17:45,BK Häcken,AEK Larnaca,FULL_TIME,1,1,D,,,,18.0,8.0,4.0,4.0,3.0,4.0,11.0,13.0,1.0,4.0,0.0,0.0,58.9,41.1,1.04,1.33,espn:758038
espn+fotmob,2025-26,Europa Conference League,1,european,UECL,2025-12-11,17:45,Breidablik,Shamrock Rovers,FULL_TIME,3,1,H,,,,10.0,7.0,4.0,2.0,5.0,5.0,17.0,9.0,2.0,0.0,0.0,0.0,39.3,60.7,1.6,0.36,espn:758041
espn+fotmob,2025-26,Europa Conference League,1,european,UECL,2025-12-11,17:45,CSU Craiova,Sparta Prague,FULL_TIME,1,2,A,,,,7.0,15.0,4.0,3.0,0.0,9.0,11.0,13.0,1.0,3.0,0.0,0.0,41.3,58.7,1.05,1.57,espn:758040
espn+fotmob,2025-26,Europa Conference League,1,european,UECL,2025-12-11,17:45,Drita Gjilan,AZ Alkmaar,FULL_TIME,0,3,A,,,,6.0,25.0,1.0,9.0,4.0,6.0,10.0,11.0,3.0,2.0,0.0,0.0,32.3,67.7,0.16,3.08,espn:758042
espn+fotmob,2025-26,Europa Conference League,1,european,UECL,2025-12-11,17:45,FC Noah,Legia Warsaw,FULL_TIME,2,1,H,,,,21.0,11.0,5.0,3.0,6.0,5.0,11.0,15.0,1.0,1.0,0.0,0.0,63.8,36.2,1.39,2.07,espn:758043
espn+fotmob,2025-26,Europa Conference League,1,european,UECL,2025-12-11,17:45,Fiorentina,Dynamo Kyiv,FULL_TIME,2,1,H,,,,20.0,9.0,8.0,2.0,5.0,5.0,13.0,10.0,3.0,3.0,0.0,0.0,41.5,58.5,2.88,0.57,espn:758044
espn+fotmob,2025-26,Europa Conference League,1,european,UECL,2025-12-11,17:45,Jagiellonia Bialystok,Rayo Vallecano,FULL_TIME,1,2,A,,,,12.0,11.0,2.0,3.0,2.0,8.0,18.0,22.0,2.0,4.0,0.0,0.0,50.7,49.3,0.87,1.12,espn:758037
espn+fotmob,2025-26,Europa Conference League,1,european,UECL,2025-12-11,17:45,KF Shkëndija,Slovan Bratislava,FULL_TIME,2,0,H,,,,11.0,8.0,4.0,0.0,2.0,4.0,12.0,16.0,4.0,2.0,0.0,0.0,43.4,56.6,1.85,0.32,espn:758045
espn+fotmob,2025-26,Europa Conference League,1,european,UECL,2025-12-11,17:45,Samsunspor,AEK Athens,FULL_TIME,1,2,A,,,,17.0,13.0,4.0,3.0,7.0,4.0,8.0,9.0,1.0,4.0,0.0,0.0,53.2,46.8,1.1,0.81,espn:758039
espn+fotmob,2025-26,Europa Conference League,1,european,UECL,2025-12-11,20:00,Aberdeen,Strasbourg,FULL_TIME,0,1,A,,,,11.0,9.0,2.0,6.0,9.0,7.0,18.0,11.0,2.0,5.0,0.0,0.0,39.6,60.4,0.86,2.38,espn:758052
espn+fotmob,2025-26,Europa Conference League,1,european,UECL,2025-12-11,20:00,Hamrun Spartans,Shakhtar Donetsk,FULL_TIME,0,2,A,,,,5.0,18.0,2.0,8.0,3.0,4.0,10.0,8.0,2.0,3.0,0.0,0.0,39.4,60.6,0.23,2.89,espn:758053
espn+fotmob,2025-26,Europa Conference League,1,european,UECL,2025-12-11,20:00,KuPS Kuopio,Lausanne Sports,FULL_TIME,0,0,D,,,,14.0,21.0,1.0,2.0,4.0,4.0,11.0,8.0,0.0,2.0,0.0,0.0,50.4,49.6,0.94,2.18,espn:758054
espn+fotmob,2025-26,Europa Conference League,1,european,UECL,2025-12-11,20:00,Lech Poznan,Mainz,FULL_TIME,1,1,D,,,,20.0,13.0,8.0,5.0,2.0,5.0,14.0,12.0,2.0,2.0,0.0,1.0,67.5,32.5,2.89,1.23,espn:758050
espn+fotmob,2025-26,Europa Conference League,1,european,UECL,2025-12-11,20:00,Lincoln Red Imps,Sigma Olomouc,FULL_TIME,2,1,H,,,,9.0,18.0,3.0,3.0,1.0,3.0,17.0,22.0,3.0,2.0,0.0,0.0,48.1,51.9,0.46,2.4,espn:758046
espn+fotmob,2025-26,Europa Conference League,1,european,UECL,2025-12-11,20:00,Raków Czestochowa,Zrinjski Mostar,FULL_TIME,1,0,H,,,,13.0,14.0,3.0,7.0,7.0,3.0,10.0,16.0,0.0,3.0,0.0,0.0,58.4,41.6,1.63,0.8,espn:758047
espn+fotmob,2025-26,Europa Conference League,1,european,UECL,2025-12-11,20:00,Rapid Vienna,Omonia Nicosia,FULL_TIME,0,1,A,,,,16.0,4.0,7.0,2.0,3.0,1.0,24.0,14.0,2.0,2.0,0.0,0.0,61.0,39.0,1.85,0.26,espn:758051
espn+fotmob,2025-26,Europa Conference League,1,european,UECL,2025-12-11,20:00,Rijeka,NK Celje,FULL_TIME,3,0,H,,,,21.0,8.0,10.0,3.0,5.0,2.0,14.0,11.0,2.0,1.0,0.0,1.0,49.8,50.2,1.84,1.68,espn:758048
espn+fotmob,2025-26,Europa Conference League,1,european,UECL,2025-12-11,20:00,Shelbourne,Crystal Palace,FULL_TIME,0,3,A,,,,5.0,28.0,1.0,10.0,2.0,9.0,8.0,15.0,2.0,0.0,0.0,0.0,38.4,61.6,0.4,3.53,espn:758049
espn+fotmob,2025-26,Europa Conference League,1,european,UECL,2025-12-18,20:00,AEK Athens,CSU Craiova,FULL_TIME,3,2,H,,,,19.0,15.0,5.0,5.0,7.0,4.0,8.0,18.0,3.0,5.0,0.0,1.0,52.0,48.0,3.44,1.35,espn:758056
espn+fotmob,2025-26,Europa Conference League,1,european,UECL,2025-12-18,20:00,AEK Larnaca,KF Shkëndija,FULL_TIME,1,0,H,,,,17.0,3.0,3.0,1.0,5.0,4.0,5.0,6.0,1.0,2.0,0.0,1.0,72.0,28.0,2.23,0.19,espn:758057
espn+fotmob,2025-26,Europa Conference League,1,european,UECL,2025-12-18,20:00,AZ Alkmaar,Jagiellonia Bialystok,FULL_TIME,0,0,D,,,,14.0,4.0,2.0,1.0,8.0,5.0,13.0,11.0,4.0,1.0,0.0,1.0,65.3,34.7,1.1,0.09,espn:758058
espn+fotmob,2025-26,Europa Conference League,1,european,UECL,2025-12-18,20:00,Crystal Palace,KuPS Kuopio,FULL_TIME,2,2,D,,,,13.0,3.0,6.0,2.0,10.0,1.0,10.0,14.0,3.0,0.0,0.0,1.0,56.3,43.7,1.32,0.26,espn:758060
espn+fotmob,2025-26,Europa Conference League,1,european,UECL,2025-12-18,20:00,Dynamo Kyiv,FC Noah,FULL_TIME,2,0,H,,,,7.0,8.0,4.0,2.0,5.0,4.0,14.0,5.0,3.0,2.0,0.0,0.0,44.0,56.0,1.39,0.46,espn:758061
espn+fotmob,2025-26,Europa Conference League,1,european,UECL,2025-12-18,20:00,Lausanne Sports,Fiorentina,FULL_TIME,1,0,H,,,,17.0,11.0,5.0,4.0,6.0,7.0,11.0,15.0,1.0,2.0,0.0,0.0,46.4,53.6,1.42,0.58,espn:758062
espn+fotmob,2025-26,Europa Conference League,1,european,UECL,2025-12-18,20:00,Legia Warsaw,Lincoln Red Imps,FULL_TIME,4,1,H,,,,31.0,4.0,9.0,2.0,10.0,1.0,16.0,5.0,1.0,1.0,0.0,0.0,61.2,38.8,3.37,0.63,espn:758063
espn+fotmob,2025-26,Europa Conference League,1,european,UECL,2025-12-18,20:00,Mainz,Samsunspor,FULL_TIME,2,0,H,,,,13.0,7.0,5.0,2.0,5.0,3.0,10.0,10.0,0.0,3.0,0.0,0.0,46.1,53.9,1.88,0.86,espn:758055
espn+fotmob,2025-26,Europa Conference League,1,european,UECL,2025-12-18,20:00,NK Celje,Shelbourne,FULL_TIME,0,0,D,,,,23.0,13.0,7.0,4.0,8.0,5.0,10.0,12.0,2.0,6.0,0.0,0.0,70.0,30.0,1.84,1.07,espn:758059
espn+fotmob,2025-26,Europa Conference League,1,european,UECL,2025-12-18,20:00,Omonia Nicosia,Raków Czestochowa,FULL_TIME,0,1,A,,,,13.0,11.0,2.0,6.0,1.0,1.0,14.0,16.0,4.0,1.0,0.0,0.0,56.5,43.5,0.69,1.39,espn:758064
espn+fotmob,2025-26,Europa Conference League,1,european,UECL,2025-12-18,20:00,Rayo Vallecano,Drita Gjilan,FULL_TIME,3,0,H,,,,17.0,8.0,5.0,2.0,3.0,4.0,9.0,11.0,1.0,1.0,0.0,0.0,75.1,24.9,0.86,0.36,espn:758065
espn+fotmob,2025-26,Europa Conference League,1,european,UECL,2025-12-18,20:00,Shakhtar Donetsk,Rijeka,FULL_TIME,0,0,D,,,,9.0,4.0,5.0,1.0,2.0,2.0,10.0,10.0,1.0,3.0,0.0,0.0,63.5,36.5,0.6,0.43,espn:758067
espn+fotmob,2025-26,Europa Conference League,1,european,UECL,2025-12-18,20:00,Shamrock Rovers,Hamrun Spartans,FULL_TIME,3,1,H,,,,26.0,10.0,14.0,3.0,7.0,4.0,15.0,10.0,4.0,1.0,0.0,1.0,59.1,40.9,5.35,0.8,espn:758071
espn+fotmob,2025-26,Europa Conference League,1,european,UECL,2025-12-18,20:00,Sigma Olomouc,Lech Poznan,FULL_TIME,1,2,A,,,,18.0,7.0,2.0,4.0,4.0,0.0,15.0,5.0,2.0,1.0,0.0,0.0,40.7,59.3,1.32,2.56,espn:758070
espn+fotmob,2025-26,Europa Conference League,1,european,UECL,2025-12-18,20:00,Slovan Bratislava,BK Häcken,FULL_TIME,1,0,H,,,,17.0,18.0,10.0,1.0,8.0,7.0,7.0,14.0,1.0,3.0,0.0,0.0,43.1,56.9,1.99,1.32,espn:758066
espn+fotmob,2025-26,Europa Conference League,1,european,UECL,2025-12-18,20:00,Sparta Prague,Aberdeen,FULL_TIME,3,0,H,,,,13.0,3.0,6.0,0.0,6.0,1.0,13.0,8.0,0.0,2.0,0.0,0.0,61.3,38.7,1.2,0.1,espn:758069
espn+fotmob,2025-26,Europa Conference League,1,european,UECL,2025-12-18,20:00,Strasbourg,Breidablik,FULL_TIME,3,1,H,,,,22.0,9.0,11.0,2.0,8.0,3.0,4.0,12.0,0.0,2.0,0.0,0.0,70.3,29.7,3.36,0.64,espn:758068
espn+fotmob,2025-26,Europa Conference League,1,european,UECL,2025-12-18,20:00,Zrinjski Mostar,Rapid Vienna,FULL_TIME,1,1,D,,,,19.0,9.0,5.0,4.0,6.0,2.0,14.0,17.0,2.0,2.0,0.0,0.0,58.6,41.4,1.46,0.96,espn:758072
espn+fotmob,2025-26,Europa Conference League,1,european,UECL,2026-02-19,17:45,FC Noah,AZ Alkmaar,FULL_TIME,1,0,H,,,,13.0,9.0,4.0,3.0,1.0,6.0,10.0,15.0,2.0,1.0,0.0,0.0,29.6,70.4,0.98,0.7,espn:401854526
espn+fotmob,2025-26,Europa Conference League,1,european,UECL,2026-02-19,17:45,KuPS Kuopio,Lech Poznan,FULL_TIME,0,2,A,,,,2.0,28.0,0.0,12.0,1.0,8.0,9.0,7.0,1.0,1.0,1.0,0.0,39.9,60.1,0.14,2.9,espn:401854525
espn+fotmob,2025-26,Europa Conference League,1,european,UECL,2026-02-19,17:45,Sigma Olomouc,Lausanne Sports,FULL_TIME,1,1,D,,,,21.0,9.0,6.0,2.0,8.0,3.0,14.0,10.0,2.0,3.0,0.0,0.0,55.8,44.2,2.96,0.46,espn:401854529
espn+fotmob,2025-26,Europa Conference League,1,european,UECL,2026-02-19,17:45,Zrinjski Mostar,Crystal Palace,FULL_TIME,1,1,D,,,,5.0,11.0,3.0,5.0,0.0,3.0,9.0,11.0,2.0,1.0,0.0,0.0,28.1,71.9,1.24,0.7,espn:401854522
espn+fotmob,2025-26,Europa Conference League,1,european,UECL,2026-02-19,20:00,Drita Gjilan,NK Celje,FULL_TIME,2,3,A,,,,18.0,13.0,5.0,6.0,7.0,3.0,17.0,12.0,2.0,3.0,0.0,0.0,39.3,60.7,1.55,2.03,espn:401854523
espn+fotmob,2025-26,Europa Conference League,1,european,UECL,2026-02-19,20:00,Jagiellonia Bialystok,Fiorentina,FULL_TIME,0,3,A,,,,11.0,13.0,0.0,6.0,3.0,4.0,19.0,15.0,1.0,3.0,0.0,0.0,70.7,29.3,0.73,2.41,espn:401854524
espn+fotmob,2025-26,Europa Conference League,1,european,UECL,2026-02-19,20:00,KF Shkëndija,Samsunspor,FULL_TIME,0,1,A,,,,3.0,17.0,1.0,7.0,0.0,2.0,10.0,16.0,0.0,3.0,0.0,0.0,30.3,69.7,0.24,2.4,espn:401854528
espn+fotmob,2025-26,Europa Conference League,1,european,UECL,2026-02-19,20:00,Omonia Nicosia,Rijeka,FULL_TIME,0,1,A,,,,14.0,8.0,5.0,4.0,7.0,2.0,11.0,20.0,4.0,2.0,0.0,1.0,50.3,49.7,3.32,0.5,espn:401854527
espn+fotmob,2025-26,Europa Conference League,1,european,UECL,2026-02-26,17:45,Fiorentina,Jagiellonia Bialystok,FINAL_AET,2,4,A,,,,22.0,15.0,8.0,10.0,6.0,3.0,20.0,22.0,3.0,4.0,0.0,1.0,50.2,49.8,1.69,2.46,espn:401854534
espn+fotmob,2025-26,Europa Conference League,1,european,UECL,2026-02-26,17:45,NK Celje,Drita Gjilan,FULL_TIME,3,2,H,,,,13.0,17.0,9.0,7.0,4.0,5.0,18.0,22.0,3.0,4.0,0.0,0.0,49.6,50.4,2.9,1.42,espn:401854532
espn+fotmob,2025-26,Europa Conference League,1,european,UECL,2026-02-26,17:45,Rijeka,Omonia Nicosia,FULL_TIME,3,1,H,,,,13.0,15.0,5.0,6.0,1.0,7.0,9.0,12.0,1.0,4.0,0.0,0.0,58.1,41.9,1.15,2.31,espn:401854530
espn+fotmob,2025-26,Europa Conference League,1,european,UECL,2026-02-26,17:45,Samsunspor,KF Shkëndija,FULL_TIME,4,0,H,,,,17.0,7.0,9.0,0.0,6.0,1.0,18.0,15.0,0.0,3.0,0.0,0.0,63.5,36.5,3.84,0.38,espn:401854535
espn+fotmob,2025-26,Europa Conference League,1,european,UECL,2026-02-26,20:00,AZ Alkmaar,FC Noah,FULL_TIME,4,0,H,,,,16.0,4.0,7.0,1.0,7.0,1.0,19.0,8.0,3.0,1.0,0.0,0.0,61.4,38.6,1.76,0.13,espn:401854531
espn+fotmob,2025-26,Europa Conference League,1,european,UECL,2026-02-26,20:00,Crystal Palace,Zrinjski Mostar,FULL_TIME,2,0,H,,,,14.0,4.0,5.0,0.0,5.0,3.0,12.0,10.0,3.0,3.0,0.0,0.0,64.5,35.5,2.05,0.33,espn:401854533
espn+fotmob,2025-26,Europa Conference League,1,european,UECL,2026-02-26,20:00,Lausanne Sports,Sigma Olomouc,FULL_TIME,1,2,A,,,,14.0,7.0,3.0,3.0,7.0,5.0,11.0,17.0,1.0,3.0,0.0,0.0,67.5,32.5,1.09,1.14,espn:401854537
espn+fotmob,2025-26,Europa Conference League,1,european,UECL,2026-02-26,20:00,Lech Poznan,KuPS Kuopio,FULL_TIME,1,0,H,,,,17.0,9.0,5.0,1.0,6.0,1.0,10.0,11.0,2.0,0.0,0.0,0.0,56.7,43.3,2.23,0.77,espn:401854536
espn+fotmob,2025-26,Europa Conference League,1,european,UECL,2026-03-12,17:45,AZ Alkmaar,Sparta Prague,FULL_TIME,2,1,H,,,,27.0,6.0,7.0,3.0,8.0,2.0,11.0,15.0,1.0,3.0,0.0,0.0,56.0,44.0,3.84,0.97,espn:401862855
espn+fotmob,2025-26,Europa Conference League,1,european,UECL,2026-03-12,17:45,Lech Poznan,Shakhtar Donetsk,FULL_TIME,1,3,A,,,,8.0,16.0,3.0,7.0,0.0,1.0,11.0,8.0,2.0,4.0,0.0,0.0,43.9,56.1,1.45,1.79,espn:401862853
espn+fotmob,2025-26,Europa Conference League,1,european,UECL,2026-03-12,17:45,Rijeka,Strasbourg,FULL_TIME,1,2,A,,,,19.0,13.0,8.0,6.0,9.0,3.0,16.0,15.0,2.0,3.0,0.0,0.0,50.4,49.6,2.1,2.5,espn:401862848
espn+fotmob,2025-26,Europa Conference League,1,european,UECL,2026-03-12,17:45,Samsunspor,Rayo Vallecano,FULL_TIME,1,3,A,,,,11.0,8.0,5.0,5.0,2.0,2.0,13.0,10.0,4.0,2.0,0.0,0.0,62.5,37.5,0.54,0.55,espn:401862847
espn+fotmob,2025-26,Europa Conference League,1,european,UECL,2026-03-12,20:00,Crystal Palace,AEK Larnaca,FULL_TIME,0,0,D,,,,13.0,2.0,4.0,0.0,6.0,3.0,11.0,7.0,1.0,0.0,0.0,0.0,71.2,28.8,1.98,0.23,espn:401862854
espn+fotmob,2025-26,Europa Conference League,1,european,UECL,2026-03-12,20:00,Fiorentina,Raków Czestochowa,FULL_TIME,2,1,H,,,,18.0,7.0,6.0,3.0,8.0,3.0,12.0,14.0,3.0,3.0,0.0,0.0,58.3,41.7,1.94,0.52,espn:401862846
espn+fotmob,2025-26,Europa Conference League,1,european,UECL,2026-03-12,20:00,NK Celje,AEK Athens,FULL_TIME,0,4,A,,,,8.0,20.0,1.0,11.0,8.0,5.0,14.0,10.0,2.0,2.0,0.0,0.0,58.6,41.4,0.26,3.76,espn:401862845
espn+fotmob,2025-26,Europa Conference League,1,european,UECL,2026-03-12,20:00,Sigma Olomouc,Mainz,FULL_TIME,0,0,D,,,,8.0,5.0,1.0,2.0,1.0,2.0,9.0,13.0,1.0,1.0,0.0,0.0,52.4,47.6,0.44,0.73,espn:401862856
espn+fotmob,2025-26,Europa Conference League,1,european,UECL,2026-03-19,17:45,AEK Athens,NK Celje,FULL_TIME,0,2,A,,,,14.0,6.0,5.0,3.0,11.0,1.0,10.0,13.0,1.0,1.0,0.0,0.0,42.8,57.2,1.1,1.21,espn:401862851
espn+fotmob,2025-26,Europa Conference League,1,european,UECL,2026-03-19,17:45,AEK Larnaca,Crystal Palace,FINAL_AET,1,2,A,,,,6.0,28.0,3.0,7.0,1.0,10.0,7.0,21.0,2.0,3.0,2.0,0.0,30.1,69.9,0.22,3.61,espn:401862858
espn+fotmob,2025-26,Europa Conference League,1,european,UECL,2026-03-19,17:45,Mainz,Sigma Olomouc,FULL_TIME,2,0,H,,,,18.0,6.0,6.0,1.0,5.0,1.0,14.0,15.0,3.0,3.0,0.0,1.0,54.0,46.0,1.91,0.47,espn:401862859
espn+fotmob,2025-26,Europa Conference League,1,european,UECL,2026-03-19,17:45,Raków Czestochowa,Fiorentina,FULL_TIME,1,2,A,,,,14.0,21.0,2.0,7.0,2.0,5.0,10.0,11.0,2.0,3.0,0.0,0.0,49.4,50.6,0.85,2.17,espn:401862849
espn+fotmob,2025-26,Europa Conference League,1,european,UECL,2026-03-19,20:00,Rayo Vallecano,Samsunspor,FULL_TIME,0,1,A,,,,19.0,9.0,6.0,2.0,13.0,1.0,16.0,9.0,2.0,4.0,0.0,1.0,43.1,56.9,1.15,0.92,espn:401862852
espn+fotmob,2025-26,Europa Conference League,1,european,UECL,2026-03-19,20:00,Shakhtar Donetsk,Lech Poznan,FULL_TIME,1,2,A,,,,10.0,15.0,1.0,7.0,4.0,5.0,10.0,7.0,1.0,2.0,1.0,0.0,55.6,44.4,0.62,2.13,espn:401862860
espn+fotmob,2025-26,Europa Conference League,1,european,UECL,2026-03-19,20:00,Sparta Prague,AZ Alkmaar,FULL_TIME,0,4,A,,,,6.0,16.0,1.0,5.0,5.0,7.0,8.0,11.0,2.0,2.0,0.0,0.0,43.5,56.5,0.74,2.52,espn:401862857
espn+fotmob,2025-26,Europa Conference League,1,european,UECL,2026-03-19,20:00,Strasbourg,Rijeka,FULL_TIME,1,1,D,,,,15.0,18.0,4.0,2.0,4.0,8.0,9.0,15.0,0.0,3.0,0.0,0.0,57.2,42.8,1.11,1.34,espn:401862850
espn+fotmob,2025-26,Europa Conference League,1,european,UECL,2026-04-09,16:45,Rayo Vallecano,AEK Athens,FULL_TIME,3,0,H,,,,10.0,11.0,4.0,2.0,1.0,8.0,15.0,15.0,1.0,3.0,0.0,0.0,45.7,54.3,2.33,1.11,espn:401862919
espn+fotmob,2025-26,Europa Conference League,1,european,UECL,2026-04-09,19:00,Crystal Palace,Fiorentina,FULL_TIME,3,0,H,,,,17.0,8.0,6.0,2.0,3.0,1.0,16.0,11.0,1.0,2.0,0.0,0.0,52.4,47.6,3.05,0.45,espn:401862917
espn+fotmob,2025-26,Europa Conference League,1,european,UECL,2026-04-09,19:00,Mainz,Strasbourg,FULL_TIME,2,0,H,,,,18.0,9.0,6.0,2.0,8.0,4.0,16.0,10.0,2.0,2.0,0.0,0.0,34.2,65.8,1.62,1.06,espn:401862920
espn+fotmob,2025-26,Europa Conference League,1,european,UECL,2026-04-09,19:00,Shakhtar Donetsk,AZ Alkmaar,FULL_TIME,3,0,H,,,,12.0,9.0,6.0,3.0,4.0,7.0,11.0,7.0,1.0,2.0,0.0,0.0,51.6,48.4,0.71,0.49,espn:401862918
espn+fotmob,2025-26,Europa Conference League,1,european,UECL,2026-04-16,16:45,AZ Alkmaar,Shakhtar Donetsk,FULL_TIME,2,2,D,,,,8.0,14.0,3.0,6.0,3.0,3.0,19.0,17.0,4.0,4.0,0.0,0.0,53.7,46.3,0.81,1.65,espn:401862922
espn+fotmob,2025-26,Europa Conference League,1,european,UECL,2026-04-16,19:00,AEK Athens,Rayo Vallecano,FULL_TIME,3,1,H,,,,21.0,10.0,9.0,4.0,8.0,2.0,15.0,17.0,2.0,3.0,0.0,0.0,64.4,35.6,2.78,1.9,espn:401862923
espn+fotmob,2025-26,Europa Conference League,1,european,UECL,2026-04-16,19:00,Fiorentina,Crystal Palace,FULL_TIME,2,1,H,,,,16.0,9.0,6.0,3.0,6.0,1.0,14.0,14.0,5.0,3.0,0.0,0.0,66.7,33.3,1.9,1.43,espn:401862921
espn+fotmob,2025-26,Europa Conference League,1,european,UECL,2026-04-16,19:00,Strasbourg,Mainz,FULL_TIME,4,0,H,,,,10.0,7.0,7.0,1.0,5.0,4.0,11.0,12.0,5.0,4.0,0.0,1.0,60.2,39.8,3.26,0.24,espn:401862924
espn+fotmob,2025-26,Europa Conference League,1,european,UECL,2026-04-30,19:00,Rayo Vallecano,Strasbourg,FULL_TIME,1,0,H,,,,24.0,5.0,8.0,0.0,5.0,1.0,15.0,14.0,4.0,5.0,0.0,0.0,53.4,46.6,1.29,0.21,espn:401862926
espn+fotmob,2025-26,Europa Conference League,1,european,UECL,2026-04-30,19:00,Shakhtar Donetsk,Crystal Palace,FULL_TIME,1,3,A,,,,16.0,10.0,1.0,7.0,13.0,1.0,7.0,13.0,3.0,2.0,0.0,0.0,70.7,29.3,1.15,2.2,espn:401862925
espn+fotmob,2025-26,Europa Conference League,1,european,UECL,2026-05-07,19:00,Crystal Palace,Shakhtar Donetsk,FULL_TIME,2,1,H,,,,11.0,17.0,5.0,6.0,1.0,5.0,8.0,10.0,0.0,1.0,0.0,0.0,33.5,66.5,1.35,1.11,espn:401862927
espn+fotmob,2025-26,Europa Conference League,1,european,UECL,2026-05-07,19:00,Strasbourg,Rayo Vallecano,FULL_TIME,0,1,A,,,,11.0,22.0,3.0,8.0,5.0,6.0,7.0,19.0,2.0,3.0,0.0,0.0,49.1,50.9,1.48,1.69,espn:401862928
espn+fotmob,2025-26,Europa Conference League,1,european,UECL,2026-05-27,19:00,Crystal Palace,Rayo Vallecano,FULL_TIME,1,0,H,,,,11.0,10.0,3.0,1.0,4.0,1.0,16.0,15.0,3.0,6.0,0.0,0.0,42.2,57.8,2.58,0.56,espn:401862929
espn+fotmob,2025-26,Europa League,1,european,UEL,2025-09-24,16:45,FC Midtjylland,SK Sturm Graz,FULL_TIME,2,0,H,,,,7.0,11.0,5.0,4.0,4.0,3.0,16.0,16.0,3.0,2.0,0.0,0.0,53.1,46.9,0.56,0.91,espn:757798
espn+fotmob,2025-26,Europa League,1,european,UEL,2025-09-24,16:45,PAOK,Maccabi Tel-Aviv,FULL_TIME,0,0,D,,,,18.0,9.0,5.0,3.0,9.0,3.0,14.0,18.0,1.0,3.0,0.0,0.0,54.9,45.1,1.43,1.56,espn:757797
espn+fotmob,2025-26,Europa League,1,european,UEL,2025-09-24,19:00,Braga,Feyenoord Rotterdam,FULL_TIME,1,0,H,,,,8.0,5.0,2.0,1.0,7.0,2.0,10.0,15.0,1.0,2.0,0.0,0.0,45.4,54.6,0.68,0.27,espn:757801
espn+fotmob,2025-26,Europa League,1,european,UEL,2025-09-24,19:00,Dinamo Zagreb,Fenerbahce,FULL_TIME,3,1,H,,,,11.0,6.0,3.0,2.0,5.0,6.0,7.0,8.0,2.0,3.0,0.0,0.0,42.0,58.0,1.5,0.17,espn:757800
espn+fotmob,2025-26,Europa League,1,european,UEL,2025-09-24,19:00,Malmö FF,Ludogorets Razgrad,FULL_TIME,1,2,A,,,,10.0,21.0,5.0,8.0,2.0,3.0,9.0,14.0,3.0,3.0,0.0,0.0,60.1,39.9,0.65,3.02,espn:757803
espn+fotmob,2025-26,Europa League,1,european,UEL,2025-09-24,19:00,Nice,AS Roma,FULL_TIME,1,2,A,,,,7.0,12.0,2.0,4.0,3.0,5.0,9.0,19.0,0.0,5.0,0.0,0.0,42.9,57.1,0.96,0.8,espn:757804
espn+fotmob,2025-26,Europa League,1,european,UEL,2025-09-24,19:00,Real Betis,Nottingham Forest,FULL_TIME,2,2,D,,,,9.0,16.0,4.0,6.0,3.0,3.0,16.0,16.0,3.0,2.0,0.0,0.0,56.2,43.8,0.49,3.27,espn:757805
espn+fotmob,2025-26,Europa League,1,european,UEL,2025-09-24,19:00,Red Star Belgrade,Celtic,FULL_TIME,1,1,D,,,,16.0,8.0,4.0,6.0,8.0,4.0,12.0,10.0,2.0,2.0,0.0,0.0,46.5,53.5,1.61,1.68,espn:757799
espn+fotmob,2025-26,Europa League,1,european,UEL,2025-09-24,19:00,SC Freiburg,FC Basel,FULL_TIME,2,1,H,,,,15.0,15.0,5.0,4.0,4.0,4.0,10.0,16.0,2.0,2.0,0.0,0.0,48.3,51.7,0.92,1.11,espn:757802
espn+fotmob,2025-26,Europa League,1,european,UEL,2025-09-25,16:45,Go Ahead Eagles,FCSB,FULL_TIME,0,1,A,,,,17.0,8.0,7.0,6.0,7.0,1.0,9.0,14.0,2.0,5.0,0.0,0.0,73.4,26.6,1.39,0.66,espn:757807
espn+fotmob,2025-26,Europa League,1,european,UEL,2025-09-25,16:45,Lille,SK Brann,FULL_TIME,2,1,H,,,,17.0,12.0,4.0,3.0,11.0,4.0,7.0,12.0,1.0,2.0,0.0,0.0,54.8,45.2,1.57,1.19,espn:757806
espn+fotmob,2025-26,Europa League,1,european,UEL,2025-09-25,19:00,Aston Villa,Bologna,FULL_TIME,1,0,H,,,,12.0,17.0,4.0,7.0,8.0,3.0,16.0,14.0,2.0,2.0,0.0,0.0,47.1,52.9,1.45,1.24,espn:757808
espn+fotmob,2025-26,Europa League,1,european,UEL,2025-09-25,19:00,FC Utrecht,Lyon,FULL_TIME,0,1,A,,,,11.0,12.0,2.0,4.0,4.0,5.0,19.0,14.0,2.0,4.0,0.0,0.0,37.8,62.2,1.25,1.04,espn:757813
espn+fotmob,2025-26,Europa League,1,european,UEL,2025-09-25,19:00,Ferencvaros,Viktoria Plzen,FULL_TIME,1,1,D,,,,10.0,9.0,2.0,3.0,3.0,3.0,21.0,17.0,2.0,2.0,1.0,0.0,53.3,46.7,0.93,0.67,espn:757812
espn+fotmob,2025-26,Europa League,1,european,UEL,2025-09-25,19:00,Rangers,Racing Genk,FULL_TIME,0,1,A,,,,11.0,18.0,2.0,4.0,4.0,2.0,13.0,16.0,1.0,3.0,1.0,0.0,53.4,46.6,0.9,3.79,espn:757810
espn+fotmob,2025-26,Europa League,1,european,UEL,2025-09-25,19:00,RB Salzburg,FC Porto,FULL_TIME,0,1,A,,,,15.0,15.0,4.0,3.0,2.0,8.0,14.0,8.0,4.0,1.0,0.0,0.0,42.8,57.2,1.36,1.23,espn:757811
espn+fotmob,2025-26,Europa League,1,european,UEL,2025-09-25,19:00,VfB Stuttgart,Celta Vigo,FULL_TIME,2,1,H,,,,19.0,8.0,6.0,1.0,9.0,2.0,12.0,13.0,2.0,2.0,0.0,0.0,58.8,41.2,1.51,0.46,espn:757809
espn+fotmob,2025-26,Europa League,1,european,UEL,2025-09-25,19:00,Young Boys,Panathinaikos,FULL_TIME,1,4,A,,,,19.0,18.0,3.0,6.0,9.0,4.0,14.0,6.0,1.0,0.0,0.0,0.0,58.7,41.3,1.73,1.25,espn:757814
espn+fotmob,2025-26,Europa League,1,european,UEL,2025-10-02,16:45,AS Roma,Lille,FULL_TIME,0,1,A,,,,20.0,9.0,6.0,5.0,6.0,3.0,19.0,13.0,0.0,4.0,0.0,0.0,49.7,50.3,2.61,1.13,espn:757820
espn+fotmob,2025-26,Europa League,1,european,UEL,2025-10-02,16:45,Bologna,SC Freiburg,FULL_TIME,1,1,D,,,,8.0,12.0,3.0,6.0,2.0,8.0,16.0,18.0,2.0,2.0,0.0,0.0,54.7,45.3,0.79,2.08,espn:757822
espn+fotmob,2025-26,Europa League,1,european,UEL,2025-10-02,16:45,Celtic,Braga,FULL_TIME,0,2,A,,,,9.0,13.0,3.0,6.0,7.0,5.0,15.0,9.0,2.0,1.0,0.0,0.0,56.2,43.8,0.64,1.09,espn:757815
espn+fotmob,2025-26,Europa League,1,european,UEL,2025-10-02,16:45,FCSB,Young Boys,FULL_TIME,0,2,A,,,,17.0,16.0,3.0,9.0,8.0,3.0,11.0,18.0,1.0,3.0,0.0,0.0,50.9,49.1,0.69,1.5,espn:757816
espn+fotmob,2025-26,Europa League,1,european,UEL,2025-10-02,16:45,Fenerbahce,Nice,FULL_TIME,2,1,H,,,,17.0,10.0,5.0,3.0,3.0,4.0,12.0,17.0,3.0,1.0,0.0,0.0,59.2,40.8,1.52,1.29,espn:757817
espn+fotmob,2025-26,Europa League,1,european,UEL,2025-10-02,16:45,Ludogorets Razgrad,Real Betis,FULL_TIME,0,2,A,,,,13.0,12.0,2.0,2.0,6.0,5.0,8.0,15.0,1.0,3.0,0.0,0.0,53.4,46.6,0.44,0.75,espn:757818
espn+fotmob,2025-26,Europa League,1,european,UEL,2025-10-02,16:45,Panathinaikos,Go Ahead Eagles,FULL_TIME,1,2,A,,,,33.0,7.0,9.0,4.0,14.0,3.0,8.0,12.0,1.0,1.0,0.0,0.0,64.1,35.9,2.23,1.02,espn:757823
espn+fotmob,2025-26,Europa League,1,european,UEL,2025-10-02,16:45,SK Brann,FC Utrecht,FULL_TIME,1,0,H,,,,11.0,6.0,3.0,2.0,4.0,3.0,16.0,11.0,2.0,2.0,0.0,0.0,44.7,55.3,0.66,0.51,espn:757819
espn+fotmob,2025-26,Europa League,1,european,UEL,2025-10-02,16:45,Viktoria Plzen,Malmö FF,FULL_TIME,3,0,H,,,,14.0,8.0,7.0,1.0,3.0,6.0,12.0,16.0,2.0,2.0,1.0,2.0,58.8,41.2,2.17,0.36,espn:757821
espn+fotmob,2025-26,Europa League,1,european,UEL,2025-10-02,19:00,Celta Vigo,PAOK,FULL_TIME,3,1,H,,,,15.0,5.0,9.0,2.0,5.0,1.0,9.0,13.0,3.0,2.0,0.0,0.0,63.3,36.7,2.7,0.75,espn:757824
espn+fotmob,2025-26,Europa League,1,european,UEL,2025-10-02,19:00,FC Basel,VfB Stuttgart,FULL_TIME,2,0,H,,,,12.0,29.0,4.0,7.0,1.0,9.0,19.0,10.0,3.0,0.0,0.0,0.0,35.0,65.0,1.43,2.54,espn:757827
espn+fotmob,2025-26,Europa League,1,european,UEL,2025-10-02,19:00,FC Porto,Red Star Belgrade,FULL_TIME,2,1,H,,,,18.0,9.0,4.0,2.0,5.0,3.0,11.0,8.0,3.0,2.0,0.0,0.0,50.2,49.8,2.65,0.53,espn:757828
espn+fotmob,2025-26,Europa League,1,european,UEL,2025-10-02,19:00,Feyenoord Rotterdam,Aston Villa,FULL_TIME,0,2,A,,,,19.0,6.0,8.0,3.0,8.0,1.0,17.0,10.0,3.0,3.0,0.0,0.0,41.0,59.0,1.47,0.63,espn:757831
espn+fotmob,2025-26,Europa League,1,european,UEL,2025-10-02,19:00,Lyon,RB Salzburg,FULL_TIME,2,0,H,,,,15.0,11.0,6.0,5.0,2.0,1.0,10.0,14.0,1.0,1.0,0.0,0.0,64.9,35.1,3.21,0.51,espn:757825
espn+fotmob,2025-26,Europa League,1,european,UEL,2025-10-02,19:00,Maccabi Tel-Aviv,Dinamo Zagreb,FULL_TIME,1,3,A,,,,11.0,6.0,4.0,5.0,5.0,3.0,8.0,11.0,1.0,1.0,0.0,0.0,49.5,50.5,0.59,0.69,espn:757826
espn+fotmob,2025-26,Europa League,1,european,UEL,2025-10-02,19:00,Nottingham Forest,FC Midtjylland,FULL_TIME,2,3,A,,,,22.0,8.0,9.0,5.0,10.0,8.0,14.0,15.0,3.0,2.0,0.0,0.0,61.4,38.6,2.05,2.1,espn:757830
espn+fotmob,2025-26,Europa League,1,european,UEL,2025-10-02,19:00,Racing Genk,Ferencvaros,FULL_TIME,0,1,A,,,,13.0,8.0,3.0,5.0,5.0,3.0,8.0,16.0,0.0,3.0,0.0,0.0,63.1,36.9,1.19,1.18,espn:757829
espn+fotmob,2025-26,Europa League,1,european,UEL,2025-10-02,19:00,SK Sturm Graz,Rangers,FULL_TIME,2,1,H,,,,16.0,16.0,8.0,10.0,3.0,7.0,20.0,13.0,2.0,2.0,0.0,0.0,41.0,59.0,1.64,1.87,espn:757832
espn+fotmob,2025-26,Europa League,1,european,UEL,2025-10-23,16:45,Braga,Red Star Belgrade,FULL_TIME,2,0,H,,,,11.0,9.0,4.0,3.0,2.0,2.0,13.0,5.0,0.0,1.0,0.0,0.0,50.0,50.0,1.73,0.41,espn:757835
espn+fotmob,2025-26,Europa League,1,european,UEL,2025-10-23,16:45,FCSB,Bologna,FULL_TIME,1,2,A,,,,9.0,21.0,6.0,7.0,4.0,10.0,18.0,20.0,4.0,4.0,0.0,0.0,45.9,54.1,0.66,1.72,espn:757840
espn+fotmob,2025-26,Europa League,1,european,UEL,2025-10-23,16:45,Fenerbahce,VfB Stuttgart,FULL_TIME,1,0,H,,,,19.0,12.0,7.0,2.0,4.0,7.0,11.0,15.0,7.0,4.0,0.0,0.0,34.8,65.2,1.79,1.1,espn:757841
espn+fotmob,2025-26,Europa League,1,european,UEL,2025-10-23,16:45,Go Ahead Eagles,Aston Villa,FULL_TIME,2,1,H,,,,5.0,18.0,3.0,7.0,1.0,10.0,13.0,9.0,2.0,0.0,0.0,0.0,30.4,69.6,0.83,2.82,espn:757837
espn+fotmob,2025-26,Europa League,1,european,UEL,2025-10-23,16:45,Lyon,FC Basel,FULL_TIME,2,0,H,,,,18.0,10.0,6.0,3.0,4.0,2.0,12.0,12.0,1.0,1.0,0.0,0.0,60.7,39.3,2.47,1.19,espn:757836
espn+fotmob,2025-26,Europa League,1,european,UEL,2025-10-23,16:45,Racing Genk,Real Betis,FULL_TIME,0,0,D,,,,5.0,10.0,1.0,3.0,2.0,1.0,12.0,12.0,1.0,3.0,0.0,0.0,44.0,56.0,0.23,0.79,espn:757833
espn+fotmob,2025-26,Europa League,1,european,UEL,2025-10-23,16:45,RB Salzburg,Ferencvaros,FULL_TIME,2,3,A,,,,16.0,13.0,4.0,7.0,5.0,2.0,12.0,13.0,0.0,3.0,0.0,0.0,53.6,46.4,1.3,2.78,espn:757839
espn+fotmob,2025-26,Europa League,1,european,UEL,2025-10-23,16:45,SK Brann,Rangers,FULL_TIME,3,0,H,,,,13.0,9.0,5.0,1.0,3.0,5.0,10.0,10.0,1.0,2.0,0.0,0.0,52.9,47.1,2.33,1.27,espn:757838
espn+fotmob,2025-26,Europa League,1,european,UEL,2025-10-23,19:00,AS Roma,Viktoria Plzen,FULL_TIME,1,2,A,,,,20.0,6.0,8.0,2.0,10.0,3.0,12.0,19.0,2.0,5.0,0.0,0.0,68.0,32.0,2.28,0.16,espn:757843
espn+fotmob,2025-26,Europa League,1,european,UEL,2025-10-23,19:00,Celta Vigo,Nice,FULL_TIME,2,1,H,,,,25.0,9.0,6.0,3.0,7.0,5.0,20.0,7.0,1.0,3.0,0.0,1.0,64.9,35.1,1.31,1.18,espn:757845
espn+fotmob,2025-26,Europa League,1,european,UEL,2025-10-23,19:00,Celtic,SK Sturm Graz,FULL_TIME,2,1,H,,,,20.0,8.0,7.0,1.0,9.0,2.0,16.0,16.0,1.0,1.0,0.0,1.0,66.2,33.8,4.02,0.46,espn:757850
espn+fotmob,2025-26,Europa League,1,european,UEL,2025-10-23,19:00,Feyenoord Rotterdam,Panathinaikos,FULL_TIME,3,1,H,,,,18.0,12.0,8.0,5.0,3.0,2.0,18.0,9.0,1.0,5.0,0.0,0.0,49.5,50.5,2.63,1.13,espn:757834
espn+fotmob,2025-26,Europa League,1,european,UEL,2025-10-23,19:00,Lille,PAOK,FULL_TIME,3,4,A,,,,22.0,8.0,11.0,7.0,13.0,2.0,7.0,15.0,1.0,3.0,0.0,1.0,64.8,35.2,1.67,2.19,espn:757849
espn+fotmob,2025-26,Europa League,1,european,UEL,2025-10-23,19:00,Maccabi Tel-Aviv,FC Midtjylland,FULL_TIME,0,3,A,,,,12.0,12.0,3.0,4.0,4.0,6.0,10.0,14.0,0.0,4.0,0.0,0.0,44.2,55.8,0.95,1.44,espn:757848
espn+fotmob,2025-26,Europa League,1,european,UEL,2025-10-23,19:00,Malmö FF,Dinamo Zagreb,FULL_TIME,1,1,D,,,,6.0,21.0,3.0,5.0,3.0,10.0,6.0,9.0,1.0,2.0,0.0,0.0,25.4,74.6,0.63,2.45,espn:757847
espn+fotmob,2025-26,Europa League,1,european,UEL,2025-10-23,19:00,Nottingham Forest,FC Porto,FULL_TIME,2,0,H,,,,8.0,10.0,3.0,2.0,3.0,8.0,13.0,15.0,2.0,2.0,0.0,0.0,50.8,49.2,2.09,0.6,espn:757846
espn+fotmob,2025-26,Europa League,1,european,UEL,2025-10-23,19:00,SC Freiburg,FC Utrecht,FULL_TIME,2,0,H,,,,14.0,11.0,7.0,2.0,5.0,4.0,12.0,11.0,0.0,1.0,0.0,0.0,51.9,48.1,1.56,0.97,espn:757844
espn+fotmob,2025-26,Europa League,1,european,UEL,2025-10-23,19:00,Young Boys,Ludogorets Razgrad,FULL_TIME,3,2,H,,,,15.0,15.0,6.0,4.0,3.0,2.0,9.0,9.0,3.0,1.0,0.0,0.0,59.2,40.8,4.36,0.99,espn:757842
espn+fotmob,2025-26,Europa League,1,european,UEL,2025-11-06,17:45,Dinamo Zagreb,Celta Vigo,FULL_TIME,0,3,A,,,,10.0,8.0,5.0,3.0,5.0,2.0,6.0,12.0,0.0,0.0,0.0,0.0,59.4,40.6,0.75,1.44,espn:757853
espn+fotmob,2025-26,Europa League,1,european,UEL,2025-11-06,17:45,FC Basel,FCSB,FULL_TIME,3,1,H,,,,25.0,14.0,9.0,7.0,8.0,5.0,13.0,15.0,2.0,3.0,0.0,1.0,67.0,33.0,4.03,1.16,espn:757857
espn+fotmob,2025-26,Europa League,1,european,UEL,2025-11-06,17:45,FC Midtjylland,Celtic,FULL_TIME,3,1,H,,,,24.0,5.0,12.0,3.0,4.0,4.0,13.0,14.0,0.0,3.0,0.0,0.0,60.4,39.6,2.73,0.98,espn:757858
espn+fotmob,2025-26,Europa League,1,european,UEL,2025-11-06,17:45,FC Utrecht,FC Porto,FULL_TIME,1,1,D,,,,11.0,19.0,3.0,8.0,2.0,7.0,16.0,12.0,3.0,5.0,1.0,0.0,25.3,74.7,0.54,1.22,espn:757851
espn+fotmob,2025-26,Europa League,1,european,UEL,2025-11-06,17:45,Malmö FF,Panathinaikos,FULL_TIME,0,1,A,,,,12.0,11.0,2.0,4.0,4.0,2.0,12.0,17.0,2.0,4.0,0.0,0.0,56.8,43.2,1.42,1.36,espn:757854
espn+fotmob,2025-26,Europa League,1,european,UEL,2025-11-06,17:45,Nice,SC Freiburg,FULL_TIME,1,3,A,,,,17.0,16.0,4.0,7.0,5.0,4.0,9.0,14.0,1.0,2.0,0.0,0.0,59.7,40.3,1.79,2.13,espn:757855
espn+fotmob,2025-26,Europa League,1,european,UEL,2025-11-06,17:45,RB Salzburg,Go Ahead Eagles,FULL_TIME,2,0,H,,,,17.0,10.0,8.0,2.0,3.0,4.0,7.0,7.0,0.0,2.0,0.0,0.0,43.3,56.7,2.33,1.37,espn:757852
espn+fotmob,2025-26,Europa League,1,european,UEL,2025-11-06,17:45,Red Star Belgrade,Lille,FULL_TIME,1,0,H,,,,11.0,11.0,3.0,3.0,5.0,3.0,17.0,15.0,3.0,4.0,0.0,0.0,39.6,60.4,1.71,1.58,espn:757856
espn+fotmob,2025-26,Europa League,1,european,UEL,2025-11-06,17:45,SK Sturm Graz,Nottingham Forest,FULL_TIME,0,0,D,,,,3.0,9.0,2.0,2.0,0.0,4.0,17.0,13.0,1.0,1.0,0.0,0.0,42.2,57.8,0.09,1.7,espn:757859
espn+fotmob,2025-26,Europa League,1,european,UEL,2025-11-06,20:00,Aston Villa,Maccabi Tel-Aviv,FULL_TIME,2,0,H,,,,14.0,6.0,8.0,3.0,3.0,1.0,12.0,18.0,0.0,2.0,0.0,0.0,66.3,33.7,2.07,1.1,espn:757861
espn+fotmob,2025-26,Europa League,1,european,UEL,2025-11-06,20:00,Bologna,SK Brann,FULL_TIME,0,0,D,,,,16.0,9.0,3.0,0.0,11.0,3.0,6.0,14.0,2.0,2.0,1.0,0.0,54.6,45.4,1.01,0.41,espn:757862
espn+fotmob,2025-26,Europa League,1,european,UEL,2025-11-06,20:00,Braga,Racing Genk,FULL_TIME,3,4,A,,,,20.0,9.0,6.0,8.0,9.0,2.0,6.0,14.0,2.0,1.0,0.0,0.0,63.4,36.6,2.55,1.09,espn:757867
espn+fotmob,2025-26,Europa League,1,european,UEL,2025-11-06,20:00,Ferencvaros,Ludogorets Razgrad,FULL_TIME,3,1,H,,,,19.0,14.0,7.0,2.0,7.0,5.0,13.0,9.0,2.0,3.0,0.0,0.0,49.1,50.9,1.98,0.67,espn:757864
espn+fotmob,2025-26,Europa League,1,european,UEL,2025-11-06,20:00,PAOK,Young Boys,FULL_TIME,4,0,H,,,,23.0,7.0,10.0,1.0,7.0,0.0,10.0,10.0,1.0,3.0,0.0,1.0,65.3,34.7,3.8,0.19,espn:757868
espn+fotmob,2025-26,Europa League,1,european,UEL,2025-11-06,20:00,Rangers,AS Roma,FULL_TIME,0,2,A,,,,11.0,14.0,2.0,3.0,2.0,6.0,11.0,17.0,0.0,0.0,0.0,0.0,39.6,60.4,0.91,2.05,espn:757865
espn+fotmob,2025-26,Europa League,1,european,UEL,2025-11-06,20:00,Real Betis,Lyon,FULL_TIME,2,0,H,,,,9.0,10.0,6.0,3.0,2.0,6.0,10.0,12.0,2.0,3.0,0.0,0.0,33.5,66.5,0.89,0.45,espn:757866
espn+fotmob,2025-26,Europa League,1,european,UEL,2025-11-06,20:00,VfB Stuttgart,Feyenoord Rotterdam,FULL_TIME,2,0,H,,,,13.0,12.0,6.0,4.0,2.0,5.0,26.0,22.0,4.0,4.0,0.0,0.0,52.6,47.4,1.73,0.89,espn:757860
espn+fotmob,2025-26,Europa League,1,european,UEL,2025-11-06,20:00,Viktoria Plzen,Fenerbahce,FULL_TIME,0,0,D,,,,18.0,10.0,6.0,4.0,11.0,2.0,11.0,7.0,3.0,5.0,0.0,0.0,39.8,60.2,1.16,1.05,espn:757863
espn+fotmob,2025-26,Europa League,1,european,UEL,2025-11-27,17:45,AS Roma,FC Midtjylland,FULL_TIME,2,1,H,,,,13.0,12.0,6.0,2.0,6.0,6.0,13.0,20.0,2.0,3.0,0.0,0.0,54.0,46.0,0.84,0.73,espn:757876
espn+fotmob,2025-26,Europa League,1,european,UEL,2025-11-27,17:45,Aston Villa,Young Boys,FULL_TIME,2,1,H,,,,19.0,6.0,8.0,1.0,7.0,0.0,11.0,12.0,2.0,1.0,0.0,0.0,60.4,39.6,2.19,0.38,espn:757869
espn+fotmob,2025-26,Europa League,1,european,UEL,2025-11-27,17:45,FC Porto,Nice,FULL_TIME,3,0,H,,,,6.0,8.0,3.0,0.0,4.0,3.0,16.0,13.0,2.0,2.0,0.0,0.0,55.7,44.3,1.47,0.95,espn:757870
espn+fotmob,2025-26,Europa League,1,european,UEL,2025-11-27,17:45,Fenerbahce,Ferencvaros,FULL_TIME,1,1,D,,,,19.0,5.0,6.0,1.0,7.0,4.0,7.0,17.0,4.0,4.0,1.0,0.0,66.1,33.9,1.33,0.68,espn:757871
espn+fotmob,2025-26,Europa League,1,european,UEL,2025-11-27,17:45,Feyenoord Rotterdam,Celtic,FULL_TIME,1,3,A,,,,14.0,6.0,4.0,4.0,6.0,2.0,11.0,9.0,1.0,3.0,0.0,0.0,48.6,51.4,1.85,1.31,espn:757872
espn+fotmob,2025-26,Europa League,1,european,UEL,2025-11-27,17:45,Lille,Dinamo Zagreb,FULL_TIME,4,0,H,,,,17.0,3.0,9.0,0.0,5.0,1.0,12.0,6.0,2.0,1.0,0.0,0.0,64.2,35.8,3.19,0.15,espn:757873
espn+fotmob,2025-26,Europa League,1,european,UEL,2025-11-27,17:45,Ludogorets Razgrad,Celta Vigo,FULL_TIME,3,2,H,,,,7.0,19.0,4.0,7.0,1.0,7.0,7.0,16.0,2.0,3.0,0.0,0.0,43.2,56.8,2.6,2.0,espn:757874
espn+fotmob,2025-26,Europa League,1,european,UEL,2025-11-27,17:45,PAOK,SK Brann,FULL_TIME,1,1,D,,,,16.0,9.0,7.0,5.0,6.0,8.0,12.0,9.0,2.0,1.0,0.0,0.0,44.9,55.1,1.2,1.84,espn:757875
espn+fotmob,2025-26,Europa League,1,european,UEL,2025-11-27,17:45,Viktoria Plzen,SC Freiburg,FULL_TIME,0,0,D,,,,19.0,10.0,7.0,6.0,7.0,3.0,15.0,11.0,2.0,2.0,0.0,0.0,49.7,50.3,1.29,0.87,espn:757877
espn+fotmob,2025-26,Europa League,1,european,UEL,2025-11-27,20:00,Bologna,RB Salzburg,FULL_TIME,4,1,H,,,,30.0,9.0,14.0,4.0,6.0,2.0,10.0,8.0,0.0,2.0,0.0,0.0,51.9,48.1,3.91,2.07,espn:757886
espn+fotmob,2025-26,Europa League,1,european,UEL,2025-11-27,20:00,Go Ahead Eagles,VfB Stuttgart,FULL_TIME,0,4,A,,,,6.0,20.0,2.0,9.0,2.0,5.0,9.0,6.0,3.0,4.0,0.0,0.0,39.4,60.6,0.2,2.34,espn:757879
espn+fotmob,2025-26,Europa League,1,european,UEL,2025-11-27,20:00,Maccabi Tel-Aviv,Lyon,FULL_TIME,0,6,A,,,,5.0,18.0,0.0,8.0,0.0,3.0,12.0,12.0,3.0,2.0,1.0,0.0,32.9,67.1,0.46,4.17,espn:757884
espn+fotmob,2025-26,Europa League,1,european,UEL,2025-11-27,20:00,Nottingham Forest,Malmö FF,FULL_TIME,3,0,H,,,,22.0,1.0,10.0,1.0,7.0,0.0,14.0,10.0,4.0,1.0,0.0,0.0,65.4,34.6,2.2,0.06,espn:757885
espn+fotmob,2025-26,Europa League,1,european,UEL,2025-11-27,20:00,Panathinaikos,SK Sturm Graz,FULL_TIME,2,1,H,,,,8.0,7.0,4.0,2.0,7.0,3.0,9.0,21.0,3.0,3.0,0.0,0.0,54.1,45.9,0.67,0.26,espn:757882
espn+fotmob,2025-26,Europa League,1,european,UEL,2025-11-27,20:00,Racing Genk,FC Basel,FULL_TIME,2,1,H,,,,13.0,13.0,7.0,4.0,2.0,6.0,13.0,11.0,4.0,1.0,0.0,0.0,46.6,53.4,0.86,0.65,espn:757880
espn+fotmob,2025-26,Europa League,1,european,UEL,2025-11-27,20:00,Rangers,Braga,FULL_TIME,1,1,D,,,,12.0,9.0,6.0,5.0,8.0,3.0,20.0,18.0,1.0,4.0,1.0,1.0,48.3,51.7,1.69,1.67,espn:757878
espn+fotmob,2025-26,Europa League,1,european,UEL,2025-11-27,20:00,Real Betis,FC Utrecht,FULL_TIME,2,1,H,,,,18.0,6.0,7.0,3.0,3.0,3.0,12.0,11.0,1.0,1.0,0.0,0.0,64.6,35.4,1.95,0.76,espn:757883
espn+fotmob,2025-26,Europa League,1,european,UEL,2025-11-27,20:00,Red Star Belgrade,FCSB,FULL_TIME,1,0,H,,,,14.0,13.0,5.0,2.0,6.0,5.0,9.0,15.0,1.0,1.0,1.0,0.0,39.2,60.8,1.75,0.78,espn:757881
espn+fotmob,2025-26,Europa League,1,european,UEL,2025-12-11,17:45,Dinamo Zagreb,Real Betis,FULL_TIME,1,3,A,,,,8.0,15.0,2.0,5.0,5.0,4.0,17.0,11.0,2.0,3.0,0.0,0.0,41.8,58.2,0.77,1.86,espn:757891
espn+fotmob,2025-26,Europa League,1,european,UEL,2025-12-11,17:45,FC Midtjylland,Racing Genk,FULL_TIME,1,0,H,,,,14.0,11.0,7.0,4.0,5.0,5.0,18.0,14.0,2.0,3.0,0.0,0.0,49.2,50.8,2.17,0.95,espn:757895
espn+fotmob,2025-26,Europa League,1,european,UEL,2025-12-11,17:45,FC Utrecht,Nottingham Forest,FULL_TIME,1,2,A,,,,10.0,19.0,3.0,11.0,7.0,5.0,14.0,14.0,2.0,2.0,0.0,0.0,43.4,56.6,0.73,1.65,espn:757888
espn+fotmob,2025-26,Europa League,1,european,UEL,2025-12-11,17:45,Ferencvaros,Rangers,FULL_TIME,2,1,H,,,,16.0,7.0,3.0,2.0,5.0,5.0,15.0,13.0,1.0,2.0,0.0,0.0,55.5,44.5,1.71,1.15,espn:757893
espn+fotmob,2025-26,Europa League,1,european,UEL,2025-12-11,17:45,Ludogorets Razgrad,PAOK,FULL_TIME,3,3,D,,,,15.0,16.0,3.0,8.0,2.0,4.0,16.0,10.0,3.0,1.0,0.0,0.0,43.3,56.7,2.18,3.4,espn:757894
espn+fotmob,2025-26,Europa League,1,european,UEL,2025-12-11,17:45,Nice,Braga,FULL_TIME,0,1,A,,,,11.0,9.0,4.0,4.0,7.0,3.0,8.0,15.0,4.0,2.0,0.0,0.0,37.4,62.6,1.5,0.73,espn:757892
espn+fotmob,2025-26,Europa League,1,european,UEL,2025-12-11,17:45,SK Sturm Graz,Red Star Belgrade,FULL_TIME,0,1,A,,,,16.0,15.0,1.0,2.0,7.0,5.0,14.0,21.0,3.0,5.0,0.0,0.0,58.9,41.1,1.5,1.57,espn:757889
espn+fotmob,2025-26,Europa League,1,european,UEL,2025-12-11,17:45,VfB Stuttgart,Maccabi Tel-Aviv,FULL_TIME,4,1,H,,,,15.0,7.0,7.0,2.0,7.0,2.0,19.0,14.0,2.0,2.0,0.0,0.0,66.8,33.2,2.54,0.56,espn:757890
espn+fotmob,2025-26,Europa League,1,european,UEL,2025-12-11,17:45,Young Boys,Lille,FULL_TIME,1,0,H,,,,11.0,10.0,5.0,1.0,1.0,3.0,8.0,5.0,0.0,1.0,1.0,1.0,45.1,54.9,1.66,0.83,espn:757887
espn+fotmob,2025-26,Europa League,1,european,UEL,2025-12-11,20:00,Celta Vigo,Bologna,FULL_TIME,1,2,A,,,,3.0,15.0,1.0,4.0,0.0,5.0,12.0,15.0,3.0,1.0,0.0,0.0,50.0,50.0,0.34,2.2,espn:757901
espn+fotmob,2025-26,Europa League,1,european,UEL,2025-12-11,20:00,Celtic,AS Roma,FULL_TIME,0,3,A,,,,9.0,12.0,2.0,5.0,4.0,4.0,10.0,9.0,0.0,5.0,0.0,0.0,56.9,43.1,1.34,1.47,espn:757902
espn+fotmob,2025-26,Europa League,1,european,UEL,2025-12-11,20:00,FC Basel,Aston Villa,FULL_TIME,1,2,A,,,,11.0,7.0,4.0,4.0,2.0,4.0,12.0,14.0,2.0,4.0,0.0,0.0,42.8,57.2,0.88,0.47,espn:757904
espn+fotmob,2025-26,Europa League,1,european,UEL,2025-12-11,20:00,FC Porto,Malmö FF,FULL_TIME,2,1,H,,,,22.0,7.0,11.0,2.0,5.0,0.0,13.0,16.0,0.0,2.0,0.0,0.0,59.2,40.8,2.81,0.81,espn:757903
espn+fotmob,2025-26,Europa League,1,european,UEL,2025-12-11,20:00,FCSB,Feyenoord Rotterdam,FULL_TIME,4,3,H,,,,7.0,14.0,4.0,5.0,3.0,4.0,12.0,6.0,2.0,1.0,0.0,0.0,44.2,55.8,1.28,2.11,espn:757899
espn+fotmob,2025-26,Europa League,1,european,UEL,2025-12-11,20:00,Lyon,Go Ahead Eagles,FULL_TIME,2,1,H,,,,17.0,7.0,6.0,3.0,7.0,1.0,6.0,8.0,1.0,2.0,0.0,0.0,61.7,38.3,3.06,0.47,espn:757898
espn+fotmob,2025-26,Europa League,1,european,UEL,2025-12-11,20:00,Panathinaikos,Viktoria Plzen,FULL_TIME,0,0,D,,,,20.0,5.0,4.0,2.0,9.0,2.0,14.0,9.0,3.0,2.0,0.0,1.0,70.6,29.4,1.35,0.35,espn:757897
espn+fotmob,2025-26,Europa League,1,european,UEL,2025-12-11,20:00,SC Freiburg,RB Salzburg,FULL_TIME,1,0,H,,,,28.0,6.0,5.0,3.0,10.0,2.0,11.0,11.0,2.0,1.0,0.0,1.0,59.2,40.8,2.61,0.43,espn:757896
espn+fotmob,2025-26,Europa League,1,european,UEL,2025-12-11,20:00,SK Brann,Fenerbahce,FULL_TIME,0,4,A,,,,6.0,20.0,2.0,10.0,1.0,10.0,8.0,10.0,0.0,1.0,1.0,0.0,30.9,69.1,0.23,3.73,espn:757900
espn+fotmob,2025-26,Europa League,1,european,UEL,2026-01-22,17:45,Bologna,Celtic,FULL_TIME,2,2,D,,,,36.0,8.0,10.0,5.0,16.0,2.0,8.0,11.0,1.0,1.0,0.0,1.0,70.9,29.1,2.64,2.11,espn:757913
espn+fotmob,2025-26,Europa League,1,european,UEL,2026-01-22,17:45,Fenerbahce,Aston Villa,FULL_TIME,0,1,A,,,,13.0,12.0,8.0,4.0,5.0,5.0,13.0,15.0,4.0,5.0,0.0,0.0,62.9,37.1,1.08,1.69,espn:757908
espn+fotmob,2025-26,Europa League,1,european,UEL,2026-01-22,17:45,Feyenoord Rotterdam,SK Sturm Graz,FULL_TIME,3,0,H,,,,18.0,4.0,6.0,2.0,5.0,2.0,13.0,12.0,2.0,1.0,0.0,0.0,59.9,40.1,1.37,0.14,espn:757911
espn+fotmob,2025-26,Europa League,1,european,UEL,2026-01-22,17:45,Malmö FF,Red Star Belgrade,FULL_TIME,0,1,A,,,,4.0,11.0,0.0,3.0,3.0,7.0,13.0,12.0,2.0,1.0,0.0,0.0,41.3,58.7,0.42,1.23,espn:757907
espn+fotmob,2025-26,Europa League,1,european,UEL,2026-01-22,17:45,PAOK,Real Betis,FULL_TIME,2,0,H,,,,12.0,19.0,4.0,2.0,5.0,9.0,14.0,11.0,4.0,2.0,0.0,0.0,42.9,57.1,2.9,0.73,espn:757905
espn+fotmob,2025-26,Europa League,1,european,UEL,2026-01-22,17:45,SC Freiburg,Maccabi Tel-Aviv,FULL_TIME,1,0,H,,,,21.0,4.0,6.0,3.0,5.0,4.0,9.0,14.0,0.0,3.0,0.0,0.0,58.9,41.1,2.46,0.17,espn:757912
espn+fotmob,2025-26,Europa League,1,european,UEL,2026-01-22,17:45,SK Brann,FC Midtjylland,FULL_TIME,3,3,D,,,,23.0,10.0,11.0,7.0,11.0,4.0,9.0,17.0,0.0,2.0,0.0,0.0,50.1,49.9,3.32,1.86,espn:757910
espn+fotmob,2025-26,Europa League,1,european,UEL,2026-01-22,17:45,Viktoria Plzen,FC Porto,FULL_TIME,1,1,D,,,,10.0,19.0,2.0,8.0,2.0,7.0,11.0,12.0,2.0,4.0,1.0,0.0,33.1,66.9,0.34,2.14,espn:757909
espn+fotmob,2025-26,Europa League,1,european,UEL,2026-01-22,17:45,Young Boys,Lyon,FULL_TIME,0,1,A,,,,7.0,13.0,1.0,4.0,3.0,3.0,11.0,10.0,3.0,3.0,0.0,0.0,38.7,61.3,0.86,0.59,espn:757906
espn+fotmob,2025-26,Europa League,1,european,UEL,2026-01-22,20:00,AS Roma,VfB Stuttgart,FULL_TIME,2,0,H,,,,12.0,15.0,4.0,5.0,2.0,4.0,12.0,12.0,1.0,2.0,0.0,0.0,50.6,49.4,1.0,1.65,espn:757920
espn+fotmob,2025-26,Europa League,1,european,UEL,2026-01-22,20:00,Braga,Nottingham Forest,FULL_TIME,1,0,H,,,,6.0,12.0,0.0,5.0,3.0,1.0,10.0,18.0,3.0,3.0,0.0,1.0,56.7,43.3,0.55,1.79,espn:757921
espn+fotmob,2025-26,Europa League,1,european,UEL,2026-01-22,20:00,Celta Vigo,Lille,FULL_TIME,2,1,H,,,,7.0,20.0,4.0,4.0,3.0,7.0,9.0,11.0,4.0,2.0,1.0,0.0,25.9,74.1,1.27,1.54,espn:757914
espn+fotmob,2025-26,Europa League,1,european,UEL,2026-01-22,20:00,Dinamo Zagreb,FCSB,FULL_TIME,4,1,H,,,,16.0,7.0,7.0,3.0,4.0,6.0,17.0,11.0,2.0,2.0,0.0,0.0,46.8,53.2,2.84,0.24,espn:757915
espn+fotmob,2025-26,Europa League,1,european,UEL,2026-01-22,20:00,Ferencvaros,Panathinaikos,FULL_TIME,1,1,D,,,,10.0,12.0,2.0,3.0,5.0,5.0,17.0,9.0,2.0,2.0,0.0,0.0,47.2,52.8,1.49,0.73,espn:757917
espn+fotmob,2025-26,Europa League,1,european,UEL,2026-01-22,20:00,Nice,Go Ahead Eagles,FULL_TIME,3,1,H,,,,19.0,17.0,6.0,5.0,6.0,12.0,8.0,9.0,2.0,3.0,0.0,0.0,34.7,65.3,2.43,1.78,espn:757922
espn+fotmob,2025-26,Europa League,1,european,UEL,2026-01-22,20:00,Rangers,Ludogorets Razgrad,FULL_TIME,1,0,H,,,,14.0,12.0,7.0,4.0,6.0,2.0,17.0,13.0,6.0,1.0,0.0,0.0,50.1,49.9,1.42,0.97,espn:757919
espn+fotmob,2025-26,Europa League,1,european,UEL,2026-01-22,20:00,RB Salzburg,FC Basel,FULL_TIME,3,1,H,,,,21.0,9.0,8.0,3.0,8.0,2.0,12.0,9.0,1.0,3.0,0.0,0.0,61.3,38.7,1.65,0.37,espn:757918
espn+fotmob,2025-26,Europa League,1,european,UEL,2026-01-22,20:50,FC Utrecht,Racing Genk,FULL_TIME,0,2,A,,,,17.0,12.0,7.0,5.0,2.0,3.0,11.0,12.0,0.0,1.0,0.0,0.0,57.5,42.5,2.06,1.61,espn:757916
espn+fotmob,2025-26,Europa League,1,european,UEL,2026-01-29,20:00,Aston Villa,RB Salzburg,FULL_TIME,3,2,H,,,,14.0,14.0,9.0,7.0,4.0,2.0,8.0,13.0,0.0,1.0,0.0,0.0,64.5,35.5,1.54,2.73,espn:757939
espn+fotmob,2025-26,Europa League,1,european,UEL,2026-01-29,20:00,Celtic,FC Utrecht,FULL_TIME,4,2,H,,,,10.0,6.0,5.0,3.0,9.0,5.0,12.0,7.0,2.0,1.0,0.0,0.0,51.9,48.1,2.66,0.41,espn:757937
espn+fotmob,2025-26,Europa League,1,european,UEL,2026-01-29,20:00,FC Basel,Viktoria Plzen,FULL_TIME,0,1,A,,,,13.0,15.0,3.0,3.0,6.0,7.0,14.0,16.0,2.0,2.0,0.0,0.0,44.7,55.3,0.82,1.04,espn:757935
espn+fotmob,2025-26,Europa League,1,european,UEL,2026-01-29,20:00,FC Midtjylland,Dinamo Zagreb,FULL_TIME,2,0,H,,,,10.0,10.0,5.0,3.0,5.0,5.0,18.0,14.0,2.0,1.0,0.0,0.0,60.1,39.9,1.21,0.8,espn:757940
espn+fotmob,2025-26,Europa League,1,european,UEL,2026-01-29,20:00,FC Porto,Rangers,FULL_TIME,3,1,H,,,,12.0,5.0,3.0,2.0,4.0,3.0,17.0,13.0,0.0,1.0,0.0,0.0,41.4,58.6,1.6,0.43,espn:757934
espn+fotmob,2025-26,Europa League,1,european,UEL,2026-01-29,20:00,FCSB,Fenerbahce,FULL_TIME,1,1,D,,,,15.0,17.0,8.0,8.0,7.0,5.0,11.0,11.0,1.0,3.0,0.0,0.0,33.9,66.1,1.77,1.54,espn:757933
espn+fotmob,2025-26,Europa League,1,european,UEL,2026-01-29,20:00,Go Ahead Eagles,Braga,FULL_TIME,0,0,D,,,,4.0,9.0,0.0,1.0,1.0,3.0,11.0,5.0,1.0,1.0,0.0,0.0,47.2,52.8,0.18,0.44,espn:757931
espn+fotmob,2025-26,Europa League,1,european,UEL,2026-01-29,20:00,Lille,SC Freiburg,FULL_TIME,1,0,H,,,,10.0,4.0,4.0,0.0,8.0,2.0,16.0,17.0,2.0,0.0,0.0,1.0,64.7,35.3,1.62,0.63,espn:757923
espn+fotmob,2025-26,Europa League,1,european,UEL,2026-01-29,20:00,Ludogorets Razgrad,Nice,FULL_TIME,1,0,H,,,,19.0,19.0,8.0,4.0,5.0,8.0,12.0,13.0,1.0,2.0,0.0,0.0,49.2,50.8,1.66,1.19,espn:757924
espn+fotmob,2025-26,Europa League,1,european,UEL,2026-01-29,20:00,Lyon,PAOK,FULL_TIME,4,2,H,,,,19.0,5.0,8.0,3.0,3.0,2.0,15.0,12.0,1.0,1.0,0.0,1.0,62.1,37.9,2.52,0.65,espn:757925
espn+fotmob,2025-26,Europa League,1,european,UEL,2026-01-29,20:00,Maccabi Tel-Aviv,Bologna,FULL_TIME,0,3,A,,,,5.0,24.0,1.0,11.0,5.0,9.0,16.0,21.0,1.0,0.0,0.0,0.0,40.5,59.5,0.86,3.28,espn:757926
espn+fotmob,2025-26,Europa League,1,european,UEL,2026-01-29,20:00,Nottingham Forest,Ferencvaros,FULL_TIME,4,0,H,,,,20.0,9.0,10.0,3.0,6.0,4.0,10.0,14.0,1.0,1.0,0.0,0.0,55.3,44.7,2.88,0.65,espn:757930
espn+fotmob,2025-26,Europa League,1,european,UEL,2026-01-29,20:00,Panathinaikos,AS Roma,FULL_TIME,1,1,D,,,,11.0,11.0,1.0,4.0,6.0,4.0,10.0,17.0,1.0,2.0,0.0,1.0,65.4,34.6,0.8,1.38,espn:757929
espn+fotmob,2025-26,Europa League,1,european,UEL,2026-01-29,20:00,Racing Genk,Malmö FF,FULL_TIME,2,1,H,,,,25.0,8.0,9.0,3.0,8.0,6.0,8.0,13.0,1.0,1.0,0.0,0.0,62.2,37.8,3.27,0.54,espn:757932
espn+fotmob,2025-26,Europa League,1,european,UEL,2026-01-29,20:00,Real Betis,Feyenoord Rotterdam,FULL_TIME,2,1,H,,,,16.0,14.0,5.0,5.0,2.0,4.0,13.0,13.0,3.0,3.0,0.0,0.0,62.1,37.9,1.24,1.7,espn:757928
espn+fotmob,2025-26,Europa League,1,european,UEL,2026-01-29,20:00,Red Star Belgrade,Celta Vigo,FULL_TIME,1,1,D,,,,12.0,5.0,2.0,3.0,4.0,1.0,12.0,18.0,2.0,1.0,0.0,0.0,56.8,43.2,1.01,1.29,espn:757936
espn+fotmob,2025-26,Europa League,1,european,UEL,2026-01-29,20:00,SK Sturm Graz,SK Brann,FULL_TIME,1,0,H,,,,15.0,17.0,5.0,6.0,2.0,4.0,21.0,4.0,3.0,0.0,0.0,0.0,51.1,48.9,0.85,2.29,espn:757927
espn+fotmob,2025-26,Europa League,1,european,UEL,2026-01-29,20:00,VfB Stuttgart,Young Boys,FULL_TIME,3,2,H,,,,28.0,12.0,10.0,4.0,8.0,4.0,7.0,3.0,1.0,1.0,0.0,0.0,60.8,39.2,3.48,1.52,espn:757938
espn+fotmob,2025-26,Europa League,1,european,UEL,2026-02-19,17:45,Dinamo Zagreb,Racing Genk,FULL_TIME,1,3,A,,,,8.0,12.0,2.0,6.0,4.0,3.0,4.0,6.0,2.0,0.0,0.0,0.0,54.9,45.1,1.53,1.41,espn:401858777
espn+fotmob,2025-26,Europa League,1,european,UEL,2026-02-19,17:45,Fenerbahce,Nottingham Forest,FULL_TIME,0,3,A,,,,6.0,23.0,2.0,7.0,3.0,10.0,10.0,14.0,5.0,0.0,0.0,0.0,56.7,43.3,0.48,2.74,espn:401858776
espn+fotmob,2025-26,Europa League,1,european,UEL,2026-02-19,17:45,PAOK,Celta Vigo,FULL_TIME,1,2,A,,,,5.0,9.0,2.0,8.0,3.0,3.0,10.0,11.0,1.0,2.0,0.0,0.0,57.5,42.5,0.6,1.2,espn:401858773
espn+fotmob,2025-26,Europa League,1,european,UEL,2026-02-19,17:45,SK Brann,Bologna,FULL_TIME,0,1,A,,,,4.0,13.0,2.0,5.0,7.0,4.0,14.0,20.0,1.0,1.0,0.0,0.0,65.2,34.8,0.5,0.94,espn:401858770
espn+fotmob,2025-26,Europa League,1,european,UEL,2026-02-19,20:00,Celtic,VfB Stuttgart,FULL_TIME,1,4,A,,,,11.0,16.0,2.0,5.0,4.0,2.0,8.0,7.0,0.0,1.0,0.0,0.0,52.5,47.5,2.09,1.88,espn:401858771
espn+fotmob,2025-26,Europa League,1,european,UEL,2026-02-19,20:00,Lille,Red Star Belgrade,FULL_TIME,0,1,A,,,,7.0,8.0,1.0,4.0,6.0,7.0,15.0,15.0,1.0,3.0,0.0,0.0,52.6,47.4,0.41,2.21,espn:401858775
espn+fotmob,2025-26,Europa League,1,european,UEL,2026-02-19,20:00,Ludogorets Razgrad,Ferencvaros,FULL_TIME,2,1,H,,,,10.0,17.0,4.0,4.0,4.0,4.0,11.0,17.0,3.0,4.0,0.0,0.0,42.8,57.2,0.47,1.57,espn:401858774
espn+fotmob,2025-26,Europa League,1,european,UEL,2026-02-19,20:00,Panathinaikos,Viktoria Plzen,FULL_TIME,2,2,D,,,,11.0,14.0,5.0,7.0,4.0,0.0,7.0,17.0,3.0,2.0,0.0,0.0,51.1,48.9,0.87,0.76,espn:401858772
espn+fotmob,2025-26,Europa League,1,european,UEL,2026-02-26,17:45,Ferencvaros,Ludogorets Razgrad,FULL_TIME,2,0,H,,,,16.0,13.0,8.0,3.0,3.0,6.0,9.0,14.0,5.0,4.0,0.0,0.0,39.5,60.5,1.75,0.91,espn:401858782
espn+fotmob,2025-26,Europa League,1,european,UEL,2026-02-26,17:45,Red Star Belgrade,Lille,FINAL_AET,0,2,A,,,,15.0,16.0,3.0,8.0,8.0,8.0,17.0,13.0,3.0,1.0,0.0,0.0,56.1,43.9,0.9,1.1,espn:401858783
espn+fotmob,2025-26,Europa League,1,european,UEL,2026-02-26,17:45,VfB Stuttgart,Celtic,FULL_TIME,0,1,A,,,,24.0,3.0,8.0,2.0,13.0,7.0,6.0,13.0,0.0,1.0,0.0,0.0,65.8,34.2,2.13,0.3,espn:401858779
espn+fotmob,2025-26,Europa League,1,european,UEL,2026-02-26,17:45,Viktoria Plzen,Panathinaikos,FINAL_PEN,1,1,D,,,,17.0,10.0,2.0,3.0,7.0,3.0,22.0,15.0,1.0,5.0,0.0,1.0,59.2,40.8,0.95,1.36,espn:401858785
espn+fotmob,2025-26,Europa League,1,european,UEL,2026-02-26,20:00,Bologna,SK Brann,FULL_TIME,1,0,H,,,,16.0,7.0,5.0,3.0,13.0,1.0,15.0,9.0,3.0,1.0,0.0,1.0,60.8,39.2,1.23,0.51,espn:401858778
espn+fotmob,2025-26,Europa League,1,european,UEL,2026-02-26,20:00,Celta Vigo,PAOK,FULL_TIME,1,0,H,,,,14.0,4.0,3.0,0.0,6.0,2.0,9.0,9.0,1.0,0.0,0.0,0.0,55.4,44.6,1.35,0.35,espn:401858784
espn+fotmob,2025-26,Europa League,1,european,UEL,2026-02-26,20:00,Nottingham Forest,Fenerbahce,FULL_TIME,1,2,A,,,,13.0,11.0,4.0,4.0,5.0,3.0,12.0,8.0,1.0,0.0,0.0,0.0,53.8,46.2,0.99,1.76,espn:401858780
espn+fotmob,2025-26,Europa League,1,european,UEL,2026-02-26,20:00,Racing Genk,Dinamo Zagreb,FINAL_AET,3,3,D,,,,22.0,17.0,7.0,6.0,8.0,7.0,12.0,12.0,2.0,3.0,0.0,1.0,47.0,53.0,3.56,1.61,espn:401858781
espn+fotmob,2025-26,Europa League,1,european,UEL,2026-03-12,17:45,Bologna,AS Roma,FULL_TIME,1,1,D,,,,13.0,8.0,4.0,2.0,7.0,3.0,13.0,18.0,3.0,2.0,0.0,0.0,51.4,48.6,1.46,1.35,espn:401862871
espn+fotmob,2025-26,Europa League,1,european,UEL,2026-03-12,17:45,Lille,Aston Villa,FULL_TIME,0,1,A,,,,7.0,9.0,3.0,1.0,3.0,2.0,11.0,12.0,0.0,2.0,0.0,0.0,48.8,51.2,0.43,0.51,espn:401862754
espn+fotmob,2025-26,Europa League,1,european,UEL,2026-03-12,17:45,Panathinaikos,Real Betis,FULL_TIME,1,0,H,,,,7.0,13.0,1.0,6.0,5.0,7.0,12.0,16.0,0.0,3.0,1.0,1.0,31.5,68.5,0.97,0.68,espn:401862753
espn+fotmob,2025-26,Europa League,1,european,UEL,2026-03-12,17:45,VfB Stuttgart,FC Porto,FULL_TIME,1,2,A,,,,14.0,14.0,7.0,6.0,1.0,3.0,18.0,9.0,2.0,4.0,0.0,0.0,60.0,40.0,0.63,0.94,espn:401862752
espn+fotmob,2025-26,Europa League,1,european,UEL,2026-03-12,20:00,Celta Vigo,Lyon,FULL_TIME,1,1,D,,,,5.0,20.0,3.0,6.0,0.0,7.0,11.0,14.0,2.0,2.0,1.0,0.0,28.7,71.3,1.1,1.08,espn:401862872
espn+fotmob,2025-26,Europa League,1,european,UEL,2026-03-12,20:00,Ferencvaros,Braga,FULL_TIME,2,0,H,,,,12.0,8.0,3.0,4.0,2.0,11.0,12.0,10.0,1.0,2.0,0.0,0.0,29.6,70.4,1.42,0.59,espn:401862755
espn+fotmob,2025-26,Europa League,1,european,UEL,2026-03-12,20:00,Nottingham Forest,FC Midtjylland,FULL_TIME,0,1,A,,,,22.0,6.0,6.0,2.0,7.0,2.0,9.0,13.0,1.0,0.0,0.0,0.0,57.5,42.5,1.72,0.69,espn:401862770
espn+fotmob,2025-26,Europa League,1,european,UEL,2026-03-12,20:00,Racing Genk,SC Freiburg,FULL_TIME,1,0,H,,,,17.0,5.0,3.0,2.0,5.0,7.0,16.0,9.0,1.0,1.0,0.0,0.0,49.5,50.5,1.0,0.3,espn:401862769
espn+fotmob,2025-26,Europa League,1,european,UEL,2026-03-18,15:30,Braga,Ferencvaros,FULL_TIME,4,0,H,,,,9.0,4.0,6.0,3.0,4.0,1.0,18.0,15.0,5.0,1.0,0.0,0.0,48.9,51.1,1.54,0.17,espn:401862758
espn+fotmob,2025-26,Europa League,1,european,UEL,2026-03-19,17:45,FC Midtjylland,Nottingham Forest,FINAL_PEN,1,2,A,,,,12.0,20.0,3.0,8.0,4.0,11.0,22.0,16.0,4.0,2.0,0.0,0.0,51.6,48.4,0.7,2.07,espn:401862875
espn+fotmob,2025-26,Europa League,1,european,UEL,2026-03-19,17:45,Lyon,Celta Vigo,FULL_TIME,0,2,A,,,,4.0,14.0,1.0,8.0,1.0,6.0,11.0,20.0,0.0,5.0,2.0,0.0,35.3,64.7,0.24,1.49,espn:401862876
espn+fotmob,2025-26,Europa League,1,european,UEL,2026-03-19,17:45,SC Freiburg,Racing Genk,FULL_TIME,5,1,H,,,,15.0,13.0,6.0,3.0,3.0,5.0,13.0,7.0,5.0,2.0,0.0,0.0,46.4,53.6,2.41,1.74,espn:401862873
espn+fotmob,2025-26,Europa League,1,european,UEL,2026-03-19,20:00,AS Roma,Bologna,FINAL_AET,3,4,A,,,,24.0,14.0,7.0,9.0,8.0,4.0,21.0,27.0,2.0,5.0,0.0,0.0,60.7,39.3,2.19,1.75,espn:401862874
espn+fotmob,2025-26,Europa League,1,european,UEL,2026-03-19,20:00,Aston Villa,Lille,FULL_TIME,2,0,H,,,,8.0,8.0,3.0,3.0,5.0,5.0,7.0,10.0,1.0,1.0,0.0,0.0,52.0,48.0,1.85,0.39,espn:401862759
espn+fotmob,2025-26,Europa League,1,european,UEL,2026-03-19,20:00,FC Porto,VfB Stuttgart,FULL_TIME,2,0,H,,,,10.0,20.0,4.0,6.0,4.0,11.0,6.0,16.0,3.0,3.0,0.0,1.0,36.2,63.8,1.5,1.71,espn:401862756
espn+fotmob,2025-26,Europa League,1,european,UEL,2026-03-19,20:00,Real Betis,Panathinaikos,FULL_TIME,4,0,H,,,,22.0,4.0,11.0,2.0,4.0,1.0,4.0,10.0,1.0,4.0,0.0,0.0,62.4,37.6,3.13,0.26,espn:401862757
espn+fotmob,2025-26,Europa League,1,european,UEL,2026-04-08,16:45,Braga,Real Betis,FULL_TIME,1,1,D,,,,7.0,11.0,3.0,6.0,4.0,1.0,13.0,13.0,3.0,3.0,0.0,0.0,63.5,36.5,1.26,1.55,espn:401862899
espn+fotmob,2025-26,Europa League,1,european,UEL,2026-04-09,19:00,Bologna,Aston Villa,FULL_TIME,1,3,A,,,,19.0,8.0,4.0,4.0,4.0,3.0,19.0,15.0,2.0,1.0,0.0,0.0,58.0,42.0,0.85,1.57,espn:401862902
espn+fotmob,2025-26,Europa League,1,european,UEL,2026-04-09,19:00,FC Porto,Nottingham Forest,FULL_TIME,1,1,D,,,,16.0,6.0,8.0,2.0,5.0,2.0,4.0,11.0,1.0,0.0,0.0,0.0,51.8,48.2,2.16,0.45,espn:401862901
espn+fotmob,2025-26,Europa League,1,european,UEL,2026-04-09,19:00,SC Freiburg,Celta Vigo,FULL_TIME,3,0,H,,,,13.0,4.0,7.0,0.0,3.0,0.0,9.0,12.0,1.0,0.0,0.0,0.0,51.9,48.1,1.59,0.53,espn:401862900
espn+fotmob,2025-26,Europa League,1,european,UEL,2026-04-16,16:45,Celta Vigo,SC Freiburg,FULL_TIME,1,3,A,,,,15.0,9.0,3.0,6.0,6.0,3.0,21.0,12.0,4.0,2.0,0.0,0.0,56.3,43.7,1.6,1.06,espn:401862904
espn+fotmob,2025-26,Europa League,1,european,UEL,2026-04-16,19:00,Aston Villa,Bologna,FULL_TIME,4,0,H,,,,13.0,11.0,7.0,4.0,4.0,2.0,13.0,17.0,0.0,1.0,0.0,0.0,45.6,54.4,2.49,0.8,espn:401862906
espn+fotmob,2025-26,Europa League,1,european,UEL,2026-04-16,19:00,Nottingham Forest,FC Porto,FULL_TIME,1,0,H,,,,20.0,10.0,5.0,1.0,8.0,1.0,16.0,11.0,1.0,3.0,0.0,1.0,60.7,39.3,2.17,0.97,espn:401862905
espn+fotmob,2025-26,Europa League,1,european,UEL,2026-04-16,19:00,Real Betis,Braga,FULL_TIME,2,4,A,,,,11.0,6.0,5.0,5.0,5.0,1.0,12.0,16.0,4.0,3.0,0.0,0.0,53.8,46.2,1.25,1.5,espn:401862903
espn+fotmob,2025-26,Europa League,1,european,UEL,2026-04-30,19:00,Braga,SC Freiburg,FULL_TIME,2,1,H,,,,13.0,10.0,6.0,2.0,3.0,1.0,12.0,14.0,2.0,3.0,0.0,0.0,58.5,41.5,2.39,1.31,espn:401862907
espn+fotmob,2025-26,Europa League,1,european,UEL,2026-04-30,19:00,Nottingham Forest,Aston Villa,FULL_TIME,1,0,H,,,,11.0,10.0,5.0,4.0,5.0,7.0,7.0,11.0,0.0,1.0,0.0,0.0,50.1,49.9,1.56,0.79,espn:401862908
espn+fotmob,2025-26,Europa League,1,european,UEL,2026-05-07,19:00,Aston Villa,Nottingham Forest,FULL_TIME,4,0,H,,,,18.0,7.0,10.0,2.0,6.0,3.0,13.0,12.0,0.0,2.0,0.0,0.0,50.9,49.1,2.74,0.79,espn:401862910
espn+fotmob,2025-26,Europa League,1,european,UEL,2026-05-07,19:00,SC Freiburg,Braga,FULL_TIME,3,1,H,,,,19.0,14.0,8.0,5.0,4.0,8.0,16.0,10.0,0.0,4.0,0.0,1.0,66.1,33.9,1.83,1.84,espn:401862909
espn+fotmob,2025-26,Europa League,1,european,UEL,2026-05-20,19:00,SC Freiburg,Aston Villa,FULL_TIME,0,3,A,,,,4.0,17.0,2.0,6.0,1.0,8.0,15.0,15.0,1.0,3.0,0.0,0.0,50.7,49.3,0.27,2.3,espn:401862911
