match_id,season,src_league,date,team_key,_pk,player,fotmob_id,is_starter
5749640,2026-27,ITA1,2026-08-24,roma,mile svilar,Mile Svilar,768474,1
5749640,2026-27,ITA1,2026-08-24,roma,gianluca mancini,Gianluca Mancini,588687,1
5749640,2026-27,ITA1,2026-08-24,roma,evan ndicka,Evan N'Dicka,787242,1
5749640,2026-27,ITA1,2026-08-24,roma,mario hermoso,Mario Hermoso,671203,1
5749640,2026-27,ITA1,2026-08-24,roma,emanuele lulli,Emanuele Lulli,1800491,1
5749640,2026-27,ITA1,2026-08-24,roma,bryan cristante,Bryan Cristante,299799,1
5749640,2026-27,ITA1,2026-08-24,roma,manu kone,Manu Koné,1016132,1
5749640,2026-27,ITA1,2026-08-24,roma,wesley,Wesley,1320176,1
5749640,2026-27,ITA1,2026-08-24,roma,paulo dybala,Paulo Dybala,325916,1
5749640,2026-27,ITA1,2026-08-24,roma,rodrigo mora,Rodrigo Mora,1525065,1
5749640,2026-27,ITA1,2026-08-24,roma,donyell malen,Donyell Malen,660301,1
5749640,2026-27,ITA1,2026-08-24,roma,matias soule,Matias Soulé,1280082,0
5749640,2026-27,ITA1,2026-08-24,roma,konstantinos koulierakis,Konstantinos Koulierakis,1337884,0
5749640,2026-27,ITA1,2026-08-24,roma,santiago castro,Santiago Castro,1282008,0
5749640,2026-27,ITA1,2026-08-24,roma,neil el aynaoui,Neil El Aynaoui,1274060,0
5749640,2026-27,ITA1,2026-08-24,roma,niccolo pisilli,Niccolò Pisilli,1451196,0
5749640,2026-27,ITA1,2026-08-24,roma,giorgio de marzi,Giorgio De Marzi,1667016,0
5749640,2026-27,ITA1,2026-08-24,roma,pierluigi gollini,Pierluigi Gollini,553849,0
5749640,2026-27,ITA1,2026-08-24,roma,daniele ghilardi,Daniele Ghilardi,1386006,0
5749640,2026-27,ITA1,2026-08-24,roma,jan ziolkowski,Jan Ziólkowski,1511063,0
5749640,2026-27,ITA1,2026-08-24,roma,nahuel molina,Nahuel Molina,726345,0
5749640,2026-27,ITA1,2026-08-24,roma,robinio vaz,Robinio Vaz,1705134,0
5749640,2026-27,ITA1,2026-08-24,fiorentina,david de gea,David de Gea,182917,1
5749640,2026-27,ITA1,2026-08-24,fiorentina,dodo,Dodô,750734,1
5749640,2026-27,ITA1,2026-08-24,fiorentina,radu dragusin,Radu Dragusin,1203661,1
5749640,2026-27,ITA1,2026-08-24,fiorentina,luca ranieri,Luca Ranieri,935406,1
5749640,2026-27,ITA1,2026-08-24,fiorentina,joao mario,João Mário,958421,1
5749640,2026-27,ITA1,2026-08-24,fiorentina,cher ndour,Cher Ndour,1246009,1
5749640,2026-27,ITA1,2026-08-24,fiorentina,nicolo fagioli,Nicolò Fagioli,951712,1
5749640,2026-27,ITA1,2026-08-24,fiorentina,marco brescianini,Marco Brescianini,950596,1
5749640,2026-27,ITA1,2026-08-24,fiorentina,franco mastantuono,Franco Mastantuono,1607566,1
5749640,2026-27,ITA1,2026-08-24,fiorentina,arthur atta,Arthur Atta,1428426,1
5749640,2026-27,ITA1,2026-08-24,fiorentina,mateo pellegrino,Mateo Pellegrino,1224237,1
5749640,2026-27,ITA1,2026-08-24,fiorentina,alex jimenez,Álex Jiménez,1526689,0
5749640,2026-27,ITA1,2026-08-24,fiorentina,christ inao oulai,Christ Inao Oulaï,1666494,0
5749640,2026-27,ITA1,2026-08-24,fiorentina,moise kean,Moise Kean,747926,0
5749640,2026-27,ITA1,2026-08-24,fiorentina,rolando mandragora,Rolando Mandragora,577911,0
5749640,2026-27,ITA1,2026-08-24,fiorentina,valde,Valde,1712399,0
5749640,2026-27,ITA1,2026-08-24,fiorentina,luca lezzerini,Luca Lezzerini,282059,0
5749640,2026-27,ITA1,2026-08-24,fiorentina,oliver christensen,Oliver Christensen,806972,0
5749640,2026-27,ITA1,2026-08-24,fiorentina,eman kospo,Eman Kospo,1784179,0
5749640,2026-27,ITA1,2026-08-24,fiorentina,marin pongracic,Marin Pongracic,831474,0
5749640,2026-27,ITA1,2026-08-24,fiorentina,viery,Viery,1501917,0
5749640,2026-27,ITA1,2026-08-24,fiorentina,giovanni fabbian,Giovanni Fabbian,1276505,0
5749640,2026-27,ITA1,2026-08-24,fiorentina,albert gudmundsson,Albert Gudmundsson,665188,0
5749640,2026-27,ITA1,2026-08-24,fiorentina,brando mazzeo,Brando Mazzeo,1835436,0
5749640,2026-27,ITA1,2026-08-24,fiorentina,federico croci,Federico Croci,2018923,0
5749641,2026-27,ITA1,2026-08-23,atalanta,marco carnesecchi,Marco Carnesecchi,1013021,1
5749641,2026-27,ITA1,2026-08-23,atalanta,davide zappacosta,Davide Zappacosta,244811,1
5749641,2026-27,ITA1,2026-08-23,atalanta,odilon kossounou,Odilon Kossounou,1014496,1
5749641,2026-27,ITA1,2026-08-23,atalanta,giorgio scalvini,Giorgio Scalvini,1202358,1
5749641,2026-27,ITA1,2026-08-23,atalanta,lorenzo bernasconi,Lorenzo Bernasconi,1191093,1
5749641,2026-27,ITA1,2026-08-23,atalanta,mario pasalic,Mario Pasalic,446266,1
5749641,2026-27,ITA1,2026-08-23,atalanta,gianluca gaetano,Gianluca Gaetano,1012842,1
5749641,2026-27,ITA1,2026-08-23,atalanta,ederson,Éderson,957203,1
5749641,2026-27,ITA1,2026-08-23,atalanta,nicola zalewski,Nicola Zalewski,1053714,1
5749641,2026-27,ITA1,2026-08-23,atalanta,gianluca scamacca,Gianluca Scamacca,721089,1
5749641,2026-27,ITA1,2026-08-23,atalanta,giacomo raspadori,Giacomo Raspadori,951743,1
5749641,2026-27,ITA1,2026-08-23,atalanta,charles de ketelaere,Charles De Ketelaere,1095432,0
5749641,2026-27,ITA1,2026-08-23,atalanta,lazar samardzic,Lazar Samardzic,1050178,0
5749641,2026-27,ITA1,2026-08-23,atalanta,nikola krstovic,Nikola Krstovic,833638,0
5749641,2026-27,ITA1,2026-08-23,atalanta,sead kolasinac,Sead Kolasinac,304345,0
5749641,2026-27,ITA1,2026-08-23,atalanta,eljif elmas,Eljif Elmas,741049,0
5749641,2026-27,ITA1,2026-08-23,atalanta,marco sportiello,Marco Sportiello,212630,0
5749641,2026-27,ITA1,2026-08-23,atalanta,paolo vismara,Paolo Vismara,1594898,0
5749641,2026-27,ITA1,2026-08-23,atalanta,relja obric,Relja Obric,1692456,0
5749641,2026-27,ITA1,2026-08-23,atalanta,federico cassa,Federico Cassa,1668963,0
5749641,2026-27,ITA1,2026-08-23,atalanta,ibrahim sulemana,Ibrahim Sulemana,1396375,0
5749641,2026-27,ITA1,2026-08-23,atalanta,marten de roon,Marten de Roon,198559,0
5749641,2026-27,ITA1,2026-08-23,atalanta,raoul bellanova,Raoul Bellanova,902651,0
5749641,2026-27,ITA1,2026-08-23,sassuolo,arijanet muric,Arijanet Muric,760752,1
5749641,2026-27,ITA1,2026-08-23,sassuolo,simone cinquegrano,Simone Cinquegrano,1735847,1
5749641,2026-27,ITA1,2026-08-23,sassuolo,cas odenthal,Cas Odenthal,1079501,1
5749641,2026-27,ITA1,2026-08-23,sassuolo,tommaso macchioni,Tommaso Macchioni,1858596,1
5749641,2026-27,ITA1,2026-08-23,sassuolo,josh doig,Josh Doig,1130330,1
5749641,2026-27,ITA1,2026-08-23,sassuolo,vasilije adzic,Vasilije Adzic,1382375,1
5749641,2026-27,ITA1,2026-08-23,sassuolo,nemanja matic,Nemanja Matic,115067,1
5749641,2026-27,ITA1,2026-08-23,sassuolo,darryl bakola,Darryl Bakola,1641041,1
5749641,2026-27,ITA1,2026-08-23,sassuolo,cristian volpato,Cristian Volpato,1308909,1
5749641,2026-27,ITA1,2026-08-23,sassuolo,kieron bowie,Kieron Bowie,982617,1
5749641,2026-27,ITA1,2026-08-23,sassuolo,armand lauriente,Armand Laurienté,935769,1
5749641,2026-27,ITA1,2026-08-23,sassuolo,kristian thorstvedt,Kristian Thorstvedt,921921,0
5749641,2026-27,ITA1,2026-08-23,sassuolo,fedde leysen,Fedde Leysen,1203195,0
5749641,2026-27,ITA1,2026-08-23,sassuolo,benja dominguez,Benja Domínguez,1316088,0
5749641,2026-27,ITA1,2026-08-23,sassuolo,riccardo ciervo,Riccardo Ciervo,1210653,0
5749641,2026-27,ITA1,2026-08-23,sassuolo,gabriel kulla,Gabriel Kulla,2022716,0
5749641,2026-27,ITA1,2026-08-23,sassuolo,stefano turati,Stefano Turati,869054,0
5749641,2026-27,ITA1,2026-08-23,sassuolo,alessandro di bitonto,Alessandro Di Bitonto,1816282,0
5749641,2026-27,ITA1,2026-08-23,sassuolo,jay idzes,Jay Idzes,937412,0
5749641,2026-27,ITA1,2026-08-23,sassuolo,andrea ghion,Andrea Ghion,1055183,0
5749641,2026-27,ITA1,2026-08-23,sassuolo,edoardo iannoni,Edoardo Iannoni,1189692,0
5749641,2026-27,ITA1,2026-08-23,sassuolo,filippo missori,Filippo Missori,1307979,0
5749641,2026-27,ITA1,2026-08-23,sassuolo,luca lipani,Luca Lipani,1369279,0
5749641,2026-27,ITA1,2026-08-23,sassuolo,patrick nuamah,Patrick Nuamah,1398350,0
5749641,2026-27,ITA1,2026-08-23,sassuolo,rafael obrador,Rafael Obrador,1167529,0
5749641,2026-27,ITA1,2026-08-23,sassuolo,nicholas pierini,Nicholas Pierini,720649,0
5749642,2026-27,ITA1,2026-08-24,bologna,lukasz skorupski,Lukasz Skorupski,178732,1
5749642,2026-27,ITA1,2026-08-24,bologna,nadir zortea,Nadir Zortea,1080669,1
5749642,2026-27,ITA1,2026-08-24,bologna,eivind helland,Eivind Helland,1503574,1
5749642,2026-27,ITA1,2026-08-24,bologna,torbjorn heggem,Torbjørn Heggem,935550,1
5749642,2026-27,ITA1,2026-08-24,bologna,juan miranda,Juan Miranda,873956,1
5749642,2026-27,ITA1,2026-08-24,bologna,jens odgaard,Jens Odgaard,689680,1
5749642,2026-27,ITA1,2026-08-24,bologna,oussama el azzouzi,Oussama El Azzouzi,1283469,1
5749642,2026-27,ITA1,2026-08-24,bologna,lewis ferguson,Lewis Ferguson,888921,1
5749642,2026-27,ITA1,2026-08-24,bologna,riccardo orsolini,Riccardo Orsolini,661761,1
5749642,2026-27,ITA1,2026-08-24,bologna,roberto piccoli,Roberto Piccoli,1017401,1
5749642,2026-27,ITA1,2026-08-24,bologna,nicolo cambiaghi,Nicolò Cambiaghi,1044029,1
5749642,2026-27,ITA1,2026-08-24,bologna,artem dovbyk,Artem Dovbyk,655696,0
5749642,2026-27,ITA1,2026-08-24,bologna,federico bernardeschi,Federico Bernardeschi,414245,0
5749642,2026-27,ITA1,2026-08-24,bologna,jonathan rowe,Jonathan Rowe,1113694,0
5749642,2026-27,ITA1,2026-08-24,bologna,emil holm,Emil Holm,1014630,0
5749642,2026-27,ITA1,2026-08-24,bologna,mikel amondarain,Mikel Amondarain,1661207,0
5749642,2026-27,ITA1,2026-08-24,bologna,massimo pessina,Massimo Pessina,1696050,0
5749642,2026-27,ITA1,2026-08-24,bologna,ukko happonen,Ukko Happonen,1813717,0
5749642,2026-27,ITA1,2026-08-24,bologna,lorenzo de silvestri,Lorenzo De Silvestri,25587,0
5749642,2026-27,ITA1,2026-08-24,bologna,martin vitik,Martin Vitík,1198712,0
5749642,2026-27,ITA1,2026-08-24,bologna,rahim alhassane,Rahim Alhassane,1333066,0
5749642,2026-27,ITA1,2026-08-24,bologna,marco libra,Marco Libra,2008804,0
5749642,2026-27,ITA1,2026-08-24,bologna,nikola moro,Nikola Moro,641595,0
5749642,2026-27,ITA1,2026-08-24,bologna,tommaso pobega,Tommaso Pobega,790732,0
5749642,2026-27,ITA1,2026-08-24,lazio,christos mandas,Christos Mandas,915156,1
5749642,2026-27,ITA1,2026-08-24,lazio,adam marusic,Adam Marusic,478447,1
5749642,2026-27,ITA1,2026-08-24,lazio,danilho doekhi,Danilho Doekhi,724196,1
5749642,2026-27,ITA1,2026-08-24,lazio,oliver provstgaard,Oliver Provstgaard,1333331,1
5749642,2026-27,ITA1,2026-08-24,lazio,alfonso pedraza,Alfonso Pedraza,629594,1
5749642,2026-27,ITA1,2026-08-24,lazio,fisayo dele bashiru,Fisayo Dele-Bashiru,1091907,1
5749642,2026-27,ITA1,2026-08-24,lazio,nicolo rovella,Nicolò Rovella,1020963,1
5749642,2026-27,ITA1,2026-08-24,lazio,kenneth taylor,Kenneth Taylor,970565,1
5749642,2026-27,ITA1,2026-08-24,lazio,matteo cancellieri,Matteo Cancellieri,1146500,1
5749642,2026-27,ITA1,2026-08-24,lazio,boulaye dia,Boulaye Dia,972120,1
5749642,2026-27,ITA1,2026-08-24,lazio,mattia zaccagni,Mattia Zaccagni,541555,1
5749642,2026-27,ITA1,2026-08-24,lazio,romano floriani mussolini,Romano Floriani Mussolini,1307957,0
5749642,2026-27,ITA1,2026-08-24,lazio,gustav isaksen,Gustav Isaksen,1016093,0
5749642,2026-27,ITA1,2026-08-24,lazio,davide frattesi,Davide Frattesi,815431,0
5749642,2026-27,ITA1,2026-08-24,lazio,nuno tavares,Nuno Tavares,957118,0
5749642,2026-27,ITA1,2026-08-24,lazio,tijjani noslin,Tijjani Noslin,1282285,0
5749642,2026-27,ITA1,2026-08-24,lazio,davide renzetti,Davide Renzetti,1444195,0
5749642,2026-27,ITA1,2026-08-24,lazio,edoardo motta,Edoardo Motta,1621082,0
5749642,2026-27,ITA1,2026-08-24,lazio,alessio romagnoli,Alessio Romagnoli,362195,0
5749642,2026-27,ITA1,2026-08-24,lazio,manuel lazzari,Manuel Lazzari,662205,0
5749642,2026-27,ITA1,2026-08-24,lazio,ricardo bordon,Ricardo Bordon,2159101,0
5749642,2026-27,ITA1,2026-08-24,lazio,adrian przyborek,Adrian Przyborek,1435833,0
5749642,2026-27,ITA1,2026-08-24,lazio,reda belahyane,Reda Belahyane,1388071,0
5749642,2026-27,ITA1,2026-08-24,lazio,valerio farcomeni,Valerio Farcomeni,1816668,0
5749642,2026-27,ITA1,2026-08-24,lazio,petar ratkov,Petar Ratkov,1302821,0
5749643,2026-27,ITA1,2026-08-23,frosinone,lorenzo palmisani,Lorenzo Palmisani,1289655,1
5749643,2026-27,ITA1,2026-08-23,frosinone,ilario monterisi,Ilario Monterisi,1117058,1
5749643,2026-27,ITA1,2026-08-23,frosinone,gabriele calvani,Gabriele Calvani,1415326,1
5749643,2026-27,ITA1,2026-08-23,frosinone,giorgio cittadini,Giorgio Cittadini,1327513,1
5749643,2026-27,ITA1,2026-08-23,frosinone,gabriele bracaglia,Gabriele Bracaglia,1396091,1
5749643,2026-27,ITA1,2026-08-23,frosinone,matteo cichella,Matteo Cichella,1670272,1
5749643,2026-27,ITA1,2026-08-23,frosinone,giacomo calo,Giacomo Calò,746829,1
5749643,2026-27,ITA1,2026-08-23,frosinone,romano schmid,Romano Schmid,749488,1
5749643,2026-27,ITA1,2026-08-23,frosinone,seydou fini,Seydou Fini,1445163,1
5749643,2026-27,ITA1,2026-08-23,frosinone,antonio raimondo,Antonio Raimondo,1256534,1
5749643,2026-27,ITA1,2026-08-23,frosinone,giorgi kvernadze,Giorgi Kvernadze,1342748,1
5749643,2026-27,ITA1,2026-08-23,frosinone,alessio zerbin,Alessio Zerbin,850295,0
5749643,2026-27,ITA1,2026-08-23,frosinone,patrizio masini,Patrizio Masini,1189223,0
5749643,2026-27,ITA1,2026-08-23,frosinone,anthony oyono,Anthony Oyono,1235421,0
5749643,2026-27,ITA1,2026-08-23,frosinone,luis hasa,Luis Hasa,1402924,0
5749643,2026-27,ITA1,2026-08-23,frosinone,aleksa terzic,Aleksa Terzic,992025,0
5749643,2026-27,ITA1,2026-08-23,frosinone,matteo pisseri,Matteo Pisseri,415425,0
5749643,2026-27,ITA1,2026-08-23,frosinone,sebastiano desplanches,Sebastiano Desplanches,1280112,0
5749643,2026-27,ITA1,2026-08-23,frosinone,kevin akpoguma,Kevin Akpoguma,353519,0
5749643,2026-27,ITA1,2026-08-23,frosinone,wisdom amey,Wisdom Amey,1250568,0
5749643,2026-27,ITA1,2026-08-23,frosinone,anouar el azzouzi,Anouar El Azzouzi,1285119,0
5749643,2026-27,ITA1,2026-08-23,frosinone,florian grillitsch,Florian Grillitsch,617044,0
5749643,2026-27,ITA1,2026-08-23,frosinone,ilias koutsoupias,Ilias Koutsoupias,1188316,0
5749643,2026-27,ITA1,2026-08-23,juventus,guglielmo vicario,Guglielmo Vicario,538501,1
5749643,2026-27,ITA1,2026-08-23,juventus,pierre kalulu,Pierre Kalulu,1131217,1
5749643,2026-27,ITA1,2026-08-23,juventus,gleison bremer,Gleison Bremer,857269,1
5749643,2026-27,ITA1,2026-08-23,juventus,lloyd kelly,Lloyd Kelly,819215,1
5749643,2026-27,ITA1,2026-08-23,juventus,zeki celik,Zeki Çelik,867225,1
5749643,2026-27,ITA1,2026-08-23,juventus,manuel locatelli,Manuel Locatelli,624166,1
5749643,2026-27,ITA1,2026-08-23,juventus,douglas luiz,Douglas Luiz,787350,1
5749643,2026-27,ITA1,2026-08-23,juventus,francisco conceicao,Francisco Conceição,1185336,1
5749643,2026-27,ITA1,2026-08-23,juventus,weston mckennie,Weston McKennie,848266,1
5749643,2026-27,ITA1,2026-08-23,juventus,kenan yildiz,Kenan Yildiz,1412132,1
5749643,2026-27,ITA1,2026-08-23,juventus,randal kolo muani,Randal Kolo Muani,823825,1
5749643,2026-27,ITA1,2026-08-23,juventus,andrea cambiaso,Andrea Cambiaso,1078846,0
5749643,2026-27,ITA1,2026-08-23,juventus,edon zhegrova,Edon Zhegrova,862616,0
5749643,2026-27,ITA1,2026-08-23,juventus,jeremie boga,Jérémie Boga,643229,0
5749643,2026-27,ITA1,2026-08-23,juventus,teun koopmeiners,Teun Koopmeiners,866516,0
5749643,2026-27,ITA1,2026-08-23,juventus,mattia perin,Mattia Perin,181910,0
5749643,2026-27,ITA1,2026-08-23,juventus,carlo pinsoglio,Carlo Pinsoglio,196074,0
5749643,2026-27,ITA1,2026-08-23,juventus,daniele rugani,Daniele Rugani,358155,0
5749643,2026-27,ITA1,2026-08-23,juventus,jhon lucumi,Jhon Lucumí,860913,0
5749643,2026-27,ITA1,2026-08-23,juventus,fabio miretti,Fabio Miretti,1280080,0
5749643,2026-27,ITA1,2026-08-23,juventus,juan cabal,Juan Cabal,1083562,0
5749643,2026-27,ITA1,2026-08-23,juventus,khephren thuram ulien,Khéphren Thuram-Ulien,980793,0
5749643,2026-27,ITA1,2026-08-23,juventus,nicolas gonzalez,Nicolás González,841672,0
5749643,2026-27,ITA1,2026-08-23,juventus,arkadiusz milik,Arkadiusz Milik,277460,0
5749643,2026-27,ITA1,2026-08-23,juventus,jonathan david,Jonathan David,939569,0
5749643,2026-27,ITA1,2026-08-23,juventus,kerim alajbegovic,Kerim Alajbegovic,1684401,0
5749644,2026-27,ITA1,2026-08-22,genoa,justin bijlow,Justin Bijlow,721533,1
5749644,2026-27,ITA1,2026-08-22,genoa,alessandro marcandalli,Alessandro Marcandalli,1436436,1
5749644,2026-27,ITA1,2026-08-22,genoa,leo ostigard,Leo Østigard,740944,1
5749644,2026-27,ITA1,2026-08-22,genoa,johan vasquez,Johan Vásquez,914103,1
5749644,2026-27,ITA1,2026-08-22,genoa,brooke norton cuffy,Brooke Norton-Cuffy,1214915,1
5749644,2026-27,ITA1,2026-08-22,genoa,morten frendrup,Morten Frendrup,921543,1
5749644,2026-27,ITA1,2026-08-22,genoa,amorim,Amorim,1469120,1
5749644,2026-27,ITA1,2026-08-22,genoa,mikael egill ellertsson,Mikael Egill Ellertsson,942193,1
5749644,2026-27,ITA1,2026-08-22,genoa,tommaso baldanzi,Tommaso Baldanzi,1200591,1
5749644,2026-27,ITA1,2026-08-22,genoa,lorenzo colombo,Lorenzo Colombo,1050163,1
5749644,2026-27,ITA1,2026-08-22,genoa,vitinha,Vítinha,1215057,1
5749644,2026-27,ITA1,2026-08-22,genoa,sebastian otoa,Sebastian Otoa,1404077,0
5749644,2026-27,ITA1,2026-08-22,genoa,junior messias,Junior Messias,1003368,0
5749644,2026-27,ITA1,2026-08-22,genoa,franz ethan meichtry,Franz-Ethan Meichtry,1677025,0
5749644,2026-27,ITA1,2026-08-22,genoa,djibril sow,Djibril Sow,707970,0
5749644,2026-27,ITA1,2026-08-22,genoa,adam zulevic,Adam Zulevic,1670284,0
5749644,2026-27,ITA1,2026-08-22,genoa,daniele sommariva,Daniele Sommariva,577914,0
5749644,2026-27,ITA1,2026-08-22,genoa,franz stolz,Franz Stolz,951238,0
5749644,2026-27,ITA1,2026-08-22,genoa,david puczka,David Puczka,1405996,0
5749644,2026-27,ITA1,2026-08-22,genoa,mamedi doucoure,Mamedi Doucouré,1910652,0
5749644,2026-27,ITA1,2026-08-22,genoa,mario mitaj,Mario Mitaj,1184458,0
5749644,2026-27,ITA1,2026-08-22,genoa,aaron martin,Aarón Martín,684981,0
5749644,2026-27,ITA1,2026-08-22,genoa,samuel wiafe,Samuel Wiafe,1902062,0
5749644,2026-27,ITA1,2026-08-22,genoa,stefano sabelli,Stefano Sabelli,364104,0
5749644,2026-27,ITA1,2026-08-22,napoli,alex meret,Alex Meret,577912,1
5749644,2026-27,ITA1,2026-08-22,napoli,giovanni di lorenzo,Giovanni Di Lorenzo,414906,1
5749644,2026-27,ITA1,2026-08-22,napoli,amir rrahmani,Amir Rrahmani,544693,1
5749644,2026-27,ITA1,2026-08-22,napoli,rafa marin,Rafa Marín,1313884,1
5749644,2026-27,ITA1,2026-08-22,napoli,leonardo spinazzola,Leonardo Spinazzola,215242,1
5749644,2026-27,ITA1,2026-08-22,napoli,frank anguissa,Frank Anguissa,612863,1
5749644,2026-27,ITA1,2026-08-22,napoli,stanislav lobotka,Stanislav Lobotka,308517,1
5749644,2026-27,ITA1,2026-08-22,napoli,scott mctominay,Scott McTominay,843099,1
5749644,2026-27,ITA1,2026-08-22,napoli,matteo politano,Matteo Politano,415539,1
5749644,2026-27,ITA1,2026-08-22,napoli,rasmus hojlund,Rasmus Højlund,1199272,1
5749644,2026-27,ITA1,2026-08-22,napoli,alisson santos,Alisson Santos,1355552,1
5749644,2026-27,ITA1,2026-08-22,napoli,antonio vergara,Antonio Vergara,1320863,0
5749644,2026-27,ITA1,2026-08-22,napoli,noa lang,Noa Lang,837341,0
5749644,2026-27,ITA1,2026-08-22,napoli,kevin de bruyne,Kevin De Bruyne,169200,0
5749644,2026-27,ITA1,2026-08-22,napoli,lorenzo lucca,Lorenzo Lucca,1212630,0
5749644,2026-27,ITA1,2026-08-22,napoli,mathias olivera,Mathías Olivera,729093,0
5749644,2026-27,ITA1,2026-08-22,napoli,nikita contini,Nikita Contini,517068,0
5749644,2026-27,ITA1,2026-08-22,napoli,vanja milinkovic savic,Vanja Milinkovic-Savic,543021,0
5749644,2026-27,ITA1,2026-08-22,napoli,christian garofalo,Christian Garofalo,1830782,0
5749644,2026-27,ITA1,2026-08-22,napoli,sam beukema,Sam Beukema,873573,0
5749644,2026-27,ITA1,2026-08-22,napoli,billy gilmour,Billy Gilmour,942549,0
5749644,2026-27,ITA1,2026-08-22,napoli,costantino favasuli,Costantino Favasuli,1403328,0
5749644,2026-27,ITA1,2026-08-22,napoli,david neres,David Neres,793066,0
5749644,2026-27,ITA1,2026-08-22,napoli,giovane nascimento,Giovane Nascimento,1355574,0
5749645,2026-27,ITA1,2026-08-22,inter,josep martinez,Josep Martínez,772168,1
5749645,2026-27,ITA1,2026-08-22,inter,yann aurel bisseck,Yann Aurel Bisseck,889535,1
5749645,2026-27,ITA1,2026-08-22,inter,manuel akanji,Manuel Akanji,521318,1
5749645,2026-27,ITA1,2026-08-22,inter,alessandro bastoni,Alessandro Bastoni,805451,1
5749645,2026-27,ITA1,2026-08-22,inter,andy diouf,Andy Diouf,1254297,1
5749645,2026-27,ITA1,2026-08-22,inter,nicolo barella,Nicolò Barella,541820,1
5749645,2026-27,ITA1,2026-08-22,inter,hakan calhanoglu,Hakan Çalhanoglu,304733,1
5749645,2026-27,ITA1,2026-08-22,inter,piotr zielinski,Piotr Zielinski,362212,1
5749645,2026-27,ITA1,2026-08-22,inter,federico dimarco,Federico Dimarco,605224,1
5749645,2026-27,ITA1,2026-08-22,inter,francesco pio esposito,Francesco Pio Esposito,1367618,1
5749645,2026-27,ITA1,2026-08-22,inter,lautaro martinez,Lautaro Martínez,690230,1
5749645,2026-27,ITA1,2026-08-22,inter,petar sucic,Petar Sucic,1382000,0
5749645,2026-27,ITA1,2026-08-22,inter,ange yoan bonny,Ange-Yoan Bonny,1199383,0
5749645,2026-27,ITA1,2026-08-22,inter,john stones,John Stones,263653,0
5749645,2026-27,ITA1,2026-08-22,inter,luis henrique,Luis Henrique,1114635,0
5749645,2026-27,ITA1,2026-08-22,inter,aleksandar stankovic,Aleksandar Stankovic,1410437,0
5749645,2026-27,ITA1,2026-08-22,inter,ivan provedel,Ivan Provedel,364822,0
5749645,2026-27,ITA1,2026-08-22,inter,raffaele di gennaro,Raffaele Di Gennaro,417743,0
5749645,2026-27,ITA1,2026-08-22,inter,benjamin pavard,Benjamin Pavard,611223,0
5749645,2026-27,ITA1,2026-08-22,inter,carlos augusto,Carlos Augusto,940829,0
5749645,2026-27,ITA1,2026-08-22,inter,leonardo bovio,Leonardo Bovio,1830575,0
5749645,2026-27,ITA1,2026-08-22,inter,jamal iddrissou,Jamal Iddrissou,1814609,0
5749645,2026-27,ITA1,2026-08-22,inter,marcus thuram,Marcus Thuram,621562,0
5749645,2026-27,ITA1,2026-08-22,monza,semuel pizzignacco,Semuel Pizzignacco,917464,1
5749645,2026-27,ITA1,2026-08-22,monza,eddy kouadio,Eddy Kouadio,1676901,1
5749645,2026-27,ITA1,2026-08-22,monza,lorenzo lucchesi,Lorenzo Lucchesi,1524139,1
5749645,2026-27,ITA1,2026-08-22,monza,andrea carboni,Andrea Carboni,1123969,1
5749645,2026-27,ITA1,2026-08-22,monza,adam bakoune,Adam Bakoune,1425693,1
5749645,2026-27,ITA1,2026-08-22,monza,foe ondoa,Foe Ondoa,1577900,1
5749645,2026-27,ITA1,2026-08-22,monza,mathis mout,Mathis Mout,1879542,1
5749645,2026-27,ITA1,2026-08-22,monza,samuele birindelli,Samuele Birindelli,799497,1
5749645,2026-27,ITA1,2026-08-22,monza,andrea colpani,Andrea Colpani,937462,1
5749645,2026-27,ITA1,2026-08-22,monza,ricardo mangas,Ricardo Mangas,824655,1
5749645,2026-27,ITA1,2026-08-22,monza,gustavo varela,Gustavo Varela,1585676,1
5749645,2026-27,ITA1,2026-08-22,monza,nicolas galazzi,Nicolas Galazzi,1189402,0
5749645,2026-27,ITA1,2026-08-22,monza,omari forson,Omari Forson,1190023,0
5749645,2026-27,ITA1,2026-08-22,monza,patrick cutrone,Patrick Cutrone,639671,0
5749645,2026-27,ITA1,2026-08-22,monza,jay robinson,Jay Robinson,1453338,0
5749645,2026-27,ITA1,2026-08-22,monza,filippo delli carri,Filippo Delli Carri,814284,0
5749645,2026-27,ITA1,2026-08-22,monza,aleksandr ballabio,Aleksandr Ballabio,2155256,0
5749645,2026-27,ITA1,2026-08-22,monza,aljaz strajnar,Aljaz Strajnar,1804416,0
5749645,2026-27,ITA1,2026-08-22,monza,valentin antov,Valentin Antov,899649,0
5749645,2026-27,ITA1,2026-08-22,monza,solomon loubao,Solomon Loubao,1668173,0
5749646,2026-27,ITA1,2026-08-22,parma,edoardo corvi,Edoardo Corvi,1117310,1
5749646,2026-27,ITA1,2026-08-22,parma,enrico del prato,Enrico Del Prato,935380,1
5749646,2026-27,ITA1,2026-08-22,parma,mariano troilo,Mariano Troilo,1520184,1
5749646,2026-27,ITA1,2026-08-22,parma,abdoulaye ndiaye,Abdoulaye Ndiaye,1053676,1
5749646,2026-27,ITA1,2026-08-22,parma,emanuele valeri,Emanuele Valeri,867789,1
5749646,2026-27,ITA1,2026-08-22,parma,adrian bernabe,Adrián Bernabé,951714,1
5749646,2026-27,ITA1,2026-08-22,parma,abdou salam konate,Abdou-Salam Konate,1844134,1
5749646,2026-27,ITA1,2026-08-22,parma,christian ordonez,Christian Ordóñez,1393542,1
5749646,2026-27,ITA1,2026-08-22,parma,mandela keita,Mandela Keita,1239749,1
5749646,2026-27,ITA1,2026-08-22,parma,el bilal toure,El Bilal Touré,1054114,1
5749646,2026-27,ITA1,2026-08-22,parma,simone lontani,Simone Lontani,1843609,1
5749646,2026-27,ITA1,2026-08-22,parma,pontus almqvist,Pontus Almqvist,822589,0
5749646,2026-27,ITA1,2026-08-22,parma,ousmane diallo,Ousmane Diallo,1684415,0
5749646,2026-27,ITA1,2026-08-22,parma,rachid kouda,Rachid Kouda,1439776,0
5749646,2026-27,ITA1,2026-08-22,parma,benjamin cremaschi,Benjamín Cremaschi,1354177,0
5749646,2026-27,ITA1,2026-08-22,parma,nesta elphege,Nesta Elphege,1460253,0
5749646,2026-27,ITA1,2026-08-22,parma,alessandro mazzocchi,Alessandro Mazzocchi,1997571,0
5749646,2026-27,ITA1,2026-08-22,parma,giovanni daffara,Giovanni Daffara,1519035,0
5749646,2026-27,ITA1,2026-08-22,parma,dominik drobnic,Dominik Drobnic,1891769,0
5749646,2026-27,ITA1,2026-08-22,parma,lautaro valenti,Lautaro Valenti,968029,0
5749646,2026-27,ITA1,2026-08-22,parma,franco carboni,Franco Carboni,1199360,0
5749646,2026-27,ITA1,2026-08-22,parma,oliver sorensen,Oliver Sørensen,1097009,0
5749646,2026-27,ITA1,2026-08-22,parma,david romero,David Romero,1233748,0
5749646,2026-27,ITA1,2026-08-22,parma,matija frigan,Matija Frigan,1190371,0
5749646,2026-27,ITA1,2026-08-22,parma,thomas de martis,Thomás de Martis,1797278,0
5749646,2026-27,ITA1,2026-08-22,cagliari,elia caprile,Elia Caprile,958422,1
5749646,2026-27,ITA1,2026-08-22,cagliari,ze pedro,Zé Pedro,957107,1
5749646,2026-27,ITA1,2026-08-22,cagliari,alessandro deiola,Alessandro Deiola,449283,1
5749646,2026-27,ITA1,2026-08-22,cagliari,juan rodriguez,Juan Rodríguez,1621219,1
5749646,2026-27,ITA1,2026-08-22,cagliari,adam obert,Adam Obert,1289961,1
5749646,2026-27,ITA1,2026-08-22,cagliari,alessandro romano,Alessandro Romano,1705649,1
5749646,2026-27,ITA1,2026-08-22,cagliari,harry winks,Harry Winks,528453,1
5749646,2026-27,ITA1,2026-08-22,cagliari,michel ndary adopo,Michel Ndary Adopo,936164,1
5749646,2026-27,ITA1,2026-08-22,cagliari,daniel maldini,Daniel Maldini,1072054,1
5749646,2026-27,ITA1,2026-08-22,cagliari,jacopo fazzini,Jacopo Fazzini,1329487,1
5749646,2026-27,ITA1,2026-08-22,cagliari,paul mendy,Paul Mendy,1902196,1
5749646,2026-27,ITA1,2026-08-22,cagliari,gabriele zappa,Gabriele Zappa,949731,0
5749646,2026-27,ITA1,2026-08-22,cagliari,mattia felici,Mattia Felici,1021302,0
5749646,2026-27,ITA1,2026-08-22,cagliari,gennaro borrelli,Gennaro Borrelli,1030646,0
5749646,2026-27,ITA1,2026-08-22,cagliari,giuseppe aurelio,Giuseppe Aurelio,1165232,0
5749646,2026-27,ITA1,2026-08-22,cagliari,kingstone mutandwa,Kingstone Mutandwa,1498718,0
5749646,2026-27,ITA1,2026-08-22,cagliari,alen sherri,Alen Sherri,1178779,0
5749646,2026-27,ITA1,2026-08-22,cagliari,boris radunovic,Boris Radunovic,435684,0
5749646,2026-27,ITA1,2026-08-22,cagliari,raphael kofler,Raphael Kofler,1396084,0
5749646,2026-27,ITA1,2026-08-22,cagliari,yerry mina,Yerry Mina,496042,0
5749646,2026-27,ITA1,2026-08-22,cagliari,ivan sulev,Ivan Sulev,1305226,0
5749646,2026-27,ITA1,2026-08-22,cagliari,joseph liteta,Joseph Liteta,1807301,0
5749646,2026-27,ITA1,2026-08-22,cagliari,matteo prati,Matteo Prati,1396089,0
5749646,2026-27,ITA1,2026-08-22,cagliari,nicolo cavuoti,Nicolò Cavuoti,1290613,0
5749646,2026-27,ITA1,2026-08-22,cagliari,alieu fadera,Alieu Fadera,1159233,0
5749646,2026-27,ITA1,2026-08-22,cagliari,kevin carlos,Kevin Carlos,1166344,0
5749647,2026-27,ITA1,2026-08-23,torino,diego mascardi,Diego Mascardi,1577119,1
5749647,2026-27,ITA1,2026-08-23,torino,saul coco,Saúl Coco,941953,1
5749647,2026-27,ITA1,2026-08-23,torino,ardian ismajli,Ardian Ismajli,750880,1
5749647,2026-27,ITA1,2026-08-23,torino,pietro comuzzo,Pietro Comuzzo,1529222,1
5749647,2026-27,ITA1,2026-08-23,torino,marcus holmgren pedersen,Marcus Holmgren Pedersen,935622,1
5749647,2026-27,ITA1,2026-08-23,torino,gvidas gineitis,Gvidas Gineitis,1421505,1
5749647,2026-27,ITA1,2026-08-23,torino,kian fitz jim,Kian Fitz-Jim,1218556,1
5749647,2026-27,ITA1,2026-08-23,torino,alessio cacciamani,Alessio Cacciamani,1746591,1
5749647,2026-27,ITA1,2026-08-23,torino,nikola vlasic,Nikola Vlasic,557677,1
5749647,2026-27,ITA1,2026-08-23,torino,cesare casadei,Cesare Casadei,1339372,1
5749647,2026-27,ITA1,2026-08-23,torino,giovanni simeone,Giovanni Simeone,469615,1
5749647,2026-27,ITA1,2026-08-23,torino,alieu njie,Alieu Njie,1607014,0
5749647,2026-27,ITA1,2026-08-23,torino,niccolo fortini,Niccolò Fortini,1642351,0
5749647,2026-27,ITA1,2026-08-23,torino,che adams,Ché Adams,599353,0
5749647,2026-27,ITA1,2026-08-23,torino,zakaria aboukhlal,Zakaria Aboukhlal,846761,0
5749647,2026-27,ITA1,2026-08-23,torino,sandro kulenovic,Sandro Kulenovic,823113,0
5749647,2026-27,ITA1,2026-08-23,torino,alberto paleari,Alberto Paleari,415137,0
5749647,2026-27,ITA1,2026-08-23,torino,lapo siviero,Lapo Siviero,1817264,0
5749647,2026-27,ITA1,2026-08-23,torino,ali dembele,Ali Dembélé,1429871,0
5749647,2026-27,ITA1,2026-08-23,torino,mattia pellini,Mattia Pellini,1879686,0
5749647,2026-27,ITA1,2026-08-23,torino,andrea luongo,Andrea Luongo,1762472,0
5749647,2026-27,ITA1,2026-08-23,torino,cristiano biraghi,Cristiano Biraghi,239350,0
5749647,2026-27,ITA1,2026-08-23,torino,emirhan ilkhan,Emirhan Ilkhan,1301633,0
5749647,2026-27,ITA1,2026-08-23,torino,duvan zapata,Duván Zapata,116555,0
5749647,2026-27,ITA1,2026-08-23,torino,gaetano oristanio,Gaetano Oristanio,1110045,0
5749647,2026-27,ITA1,2026-08-23,milan,mike maignan,Mike Maignan,466439,1
5749647,2026-27,ITA1,2026-08-23,milan,mario gila,Mario Gila,1106074,1
5749647,2026-27,ITA1,2026-08-23,milan,koni de winter,Koni De Winter,1200630,1
5749647,2026-27,ITA1,2026-08-23,milan,strahinja pavlovic,Strahinja Pavlovic,1048023,1
5749647,2026-27,ITA1,2026-08-23,milan,samuel chukwueze,Samuel Chukwueze,688300,1
5749647,2026-27,ITA1,2026-08-23,milan,ardon jashari,Ardon Jashari,1163219,1
5749647,2026-27,ITA1,2026-08-23,milan,yunus musah,Yunus Musah,1137272,1
5749647,2026-27,ITA1,2026-08-23,milan,pervis estupinan,Pervis Estupinán,688278,1
5749647,2026-27,ITA1,2026-08-23,milan,ruben loftus cheek,Ruben Loftus-Cheek,604982,1
5749647,2026-27,ITA1,2026-08-23,milan,alphadjo cisse,Alphadjo Cissè,1445650,1
5749647,2026-27,ITA1,2026-08-23,milan,goncalo ramos,Gonçalo Ramos,940087,1
5749647,2026-27,ITA1,2026-08-23,milan,adrien rabiot,Adrien Rabiot,352879,0
5749647,2026-27,ITA1,2026-08-23,milan,luka modric,Luka Modric,31097,0
5749647,2026-27,ITA1,2026-08-23,milan,davide bartesaghi,Davide Bartesaghi,1385856,0
5749647,2026-27,ITA1,2026-08-23,milan,alexis saelemaekers,Alexis Saelemaekers,921341,0
5749647,2026-27,ITA1,2026-08-23,milan,matteo gabbia,Matteo Gabbia,844996,0
5749647,2026-27,ITA1,2026-08-23,milan,leo paul bouyer,Leo Paul Bouyer,2022740,0
5749647,2026-27,ITA1,2026-08-23,milan,lorenzo torriani,Lorenzo Torriani,1642393,0
5749647,2026-27,ITA1,2026-08-23,milan,filippo terracciano,Filippo Terracciano,1163501,0
5749647,2026-27,ITA1,2026-08-23,milan,sankhoun diawara,Sankhoun Diawara,1669433,0
5749647,2026-27,ITA1,2026-08-23,milan,christian comotto,Christian Comotto,1787535,0
5749647,2026-27,ITA1,2026-08-23,milan,diego moreira,Diego Moreira,1342754,0
5749647,2026-27,ITA1,2026-08-23,milan,samuele ricci,Samuele Ricci,941656,0
5749647,2026-27,ITA1,2026-08-23,milan,christian pulisic,Christian Pulisic,688295,0
5749647,2026-27,ITA1,2026-08-23,milan,francesco camarda,Francesco Camarda,1554575,0
5749648,2026-27,ITA1,2026-08-22,udinese,maduka okoye,Maduka Okoye,1091193,1
5749648,2026-27,ITA1,2026-08-22,udinese,james abankwah,James Abankwah,1269329,1
5749648,2026-27,ITA1,2026-08-22,udinese,matteo palma,Matteo Palma,1645922,1
5749648,2026-27,ITA1,2026-08-22,udinese,oumar solet,Oumar Solet,866708,1
5749648,2026-27,ITA1,2026-08-22,udinese,mergim vojvoda,Mërgim Vojvoda,560945,1
5749648,2026-27,ITA1,2026-08-22,udinese,jesper karlstrom,Jesper Karlström,322003,1
5749648,2026-27,ITA1,2026-08-22,udinese,jakub piotrowski,Jakub Piotrowski,689987,1
5749648,2026-27,ITA1,2026-08-22,udinese,hassane kamara,Hassane Kamara,488415,1
5749648,2026-27,ITA1,2026-08-22,udinese,nicolo zaniolo,Nicolò Zaniolo,818893,1
5749648,2026-27,ITA1,2026-08-22,udinese,jurgen ekkelenkamp,Jurgen Ekkelenkamp,934156,1
5749648,2026-27,ITA1,2026-08-22,udinese,idrissa gueye,Idrissa Gueye,1532261,1
5749648,2026-27,ITA1,2026-08-22,udinese,enzo ebosse,Enzo Ebosse,769167,0
5749648,2026-27,ITA1,2026-08-22,udinese,lennon miller,Lennon Miller,1399969,0
5749648,2026-27,ITA1,2026-08-22,udinese,vakoun issouf bayo,Vakoun Issouf Bayo,644738,0
5749648,2026-27,ITA1,2026-08-22,udinese,unai gomez,Unai Gómez,1436270,0
5749648,2026-27,ITA1,2026-08-22,udinese,oier zarraga,Oier Zarraga,1106916,0
5749648,2026-27,ITA1,2026-08-22,udinese,daniele padelli,Daniele Padelli,42692,0
5749648,2026-27,ITA1,2026-08-22,udinese,edoardo piana,Edoardo Piana,1146636,0
5749648,2026-27,ITA1,2026-08-22,udinese,branimir mlacic,Branimir Mlacic,1712223,0
5749648,2026-27,ITA1,2026-08-22,udinese,juan arizala,Juan Arizala,1450999,0
5749648,2026-27,ITA1,2026-08-22,udinese,nicolo bertola,Nicolò Bertola,1258292,0
5749648,2026-27,ITA1,2026-08-22,udinese,saba goglichidze,Saba Goglichidze,1507697,0
5749648,2026-27,ITA1,2026-08-22,udinese,david pejicic,David Pejicic,1480713,0
5749648,2026-27,ITA1,2026-08-22,udinese,sandi lovric,Sandi Lovric,557346,0
5749648,2026-27,ITA1,2026-08-22,udinese,giulio vinciati,Giulio Vinciati,1805112,0
5749648,2026-27,ITA1,2026-08-22,como,jean butez,Jean Butez,560939,1
5749648,2026-27,ITA1,2026-08-22,como,yan couto,Yan Couto,1109171,1
5749648,2026-27,ITA1,2026-08-22,como,trevoh chalobah,Trevoh Chalobah,793907,1
5749648,2026-27,ITA1,2026-08-22,como,jacobo ramon,Jacobo Ramón,1413963,1
5749648,2026-27,ITA1,2026-08-22,como,alex valle,Álex Valle,1384881,1
5749648,2026-27,ITA1,2026-08-22,como,maximo perrone,Máximo Perrone,1336582,1
5749648,2026-27,ITA1,2026-08-22,como,luis milla,Luis Milla,638090,1
5749648,2026-27,ITA1,2026-08-22,como,martin baturina,Martin Baturina,1215064,1
5749648,2026-27,ITA1,2026-08-22,como,nico paz,Nico Paz,1347574,1
5749648,2026-27,ITA1,2026-08-22,como,jesus rodriguez,Jesús Rodríguez,1624039,1
5749648,2026-27,ITA1,2026-08-22,como,anastasios douvikas,Anastasios Douvikas,873270,1
5749648,2026-27,ITA1,2026-08-22,como,lucas da cunha,Lucas Da Cunha,1076647,0
5749648,2026-27,ITA1,2026-08-22,como,assane diao,Assane Diao,1434889,0
5749648,2026-27,ITA1,2026-08-22,como,mattia liberali,Mattia Liberali,1593861,0
5749648,2026-27,ITA1,2026-08-22,como,ivan smolcic,Ivan Smolcic,1353289,0
5749648,2026-27,ITA1,2026-08-22,como,maxence caqueret,Maxence Caqueret,846000,0
5749648,2026-27,ITA1,2026-08-22,como,emil audero,Emil Audero,602845,0
5749648,2026-27,ITA1,2026-08-22,como,mauro vigorito,Mauro Vigorito,111741,0
5749648,2026-27,ITA1,2026-08-22,como,noel tornqvist,Noel Törnqvist,1122424,0
5749648,2026-27,ITA1,2026-08-22,como,alberto dossena,Alberto Dossena,822789,0
5749648,2026-27,ITA1,2026-08-22,como,edoardo goldaniga,Edoardo Goldaniga,362121,0
5749648,2026-27,ITA1,2026-08-22,como,kaiki,Kaiki,1459564,0
5749648,2026-27,ITA1,2026-08-22,como,marc oliver kempf,Marc-Oliver Kempf,355356,0
5749648,2026-27,ITA1,2026-08-22,como,riccardo cassano,Riccardo Cassano,1988949,0
5749648,2026-27,ITA1,2026-08-22,como,adrian lahdo,Adrian Lahdo,1615459,0
5749648,2026-27,ITA1,2026-08-22,como,alvaro morata,Álvaro Morata,213501,0
5749649,2026-27,ITA1,2026-08-23,venezia,filip stankovic,Filip Stankovic,1130600,1
5749649,2026-27,ITA1,2026-08-23,venezia,joel schingtienne,Joël Schingtienne,1352744,1
5749649,2026-27,ITA1,2026-08-23,venezia,armel bella kotchap,Armel Bella-Kotchap,951765,1
5749649,2026-27,ITA1,2026-08-23,venezia,bartol franjic,Bartol Franjic,1072710,1
5749649,2026-27,ITA1,2026-08-23,venezia,antoine hainaut,Antoine Hainaut,1290968,1
5749649,2026-27,ITA1,2026-08-23,venezia,kike perez,Kike Pérez,888167,1
5749649,2026-27,ITA1,2026-08-23,venezia,gianluca busio,Gianluca Busio,924431,1
5749649,2026-27,ITA1,2026-08-23,venezia,toma basic,Toma Basic,651435,1
5749649,2026-27,ITA1,2026-08-23,venezia,thierry correia,Thierry Correia,992052,1
5749649,2026-27,ITA1,2026-08-23,venezia,john yeboah,John Yeboah,845368,1
5749649,2026-27,ITA1,2026-08-23,venezia,akor adams,Akor Adams,958640,1
5749649,2026-27,ITA1,2026-08-23,venezia,ridgeciano haps,Ridgeciano Haps,414232,0
5749649,2026-27,ITA1,2026-08-23,venezia,matteo dagasso,Matteo Dagasso,1592168,0
5749649,2026-27,ITA1,2026-08-23,venezia,richie sagrado,Richie Sagrado,1388039,0
5749649,2026-27,ITA1,2026-08-23,venezia,albion rrahmani,Albion Rrahmani,1379468,0
5749649,2026-27,ITA1,2026-08-23,venezia,lorenzo montipo,Lorenzo Montipò,491784,0
5749649,2026-27,ITA1,2026-08-23,venezia,ale gomes,Ale Gomes,1842921,0
5749649,2026-27,ITA1,2026-08-23,venezia,redouane halhal,Redouane Halhal,1298186,0
5749649,2026-27,ITA1,2026-08-23,venezia,lamine fanne,Lamine Fanne,1460862,0
5749649,2026-27,ITA1,2026-08-23,venezia,simon sohm,Simon Sohm,975242,0
5749649,2026-27,ITA1,2026-08-23,venezia,simone panada,Simone Panada,1050821,0
5749649,2026-27,ITA1,2026-08-23,venezia,thorir helgason,Thórir Helgason,939593,0
5749649,2026-27,ITA1,2026-08-23,venezia,alvin okoro,Alvin Okoro,1357947,0
5749649,2026-27,ITA1,2026-08-23,venezia,kornel lisman,Kornel Lisman,1529483,0
5749649,2026-27,ITA1,2026-08-23,venezia,lion lauberbach,Lion Lauberbach,866165,0
5749649,2026-27,ITA1,2026-08-23,venezia,marko lawk farji,Marko Lawk Farji,1162514,0
5749649,2026-27,ITA1,2026-08-23,lecce,wladimiro falcone,Wladimiro Falcone,362200,1
5749649,2026-27,ITA1,2026-08-23,lecce,danilo veiga,Danilo Veiga,1306664,1
5749649,2026-27,ITA1,2026-08-23,lecce,kialonda gaspar,Kialonda Gaspar,1206806,1
5749649,2026-27,ITA1,2026-08-23,lecce,jamil siebert,Jamil Siebert,1185260,1
5749649,2026-27,ITA1,2026-08-23,lecce,antonino gallo,Antonino Gallo,879065,1
5749649,2026-27,ITA1,2026-08-23,lecce,lassana coulibaly,Lassana Coulibaly,664587,1
5749649,2026-27,ITA1,2026-08-23,lecce,oumar ngom,Oumar Ngom,1332538,1
5749649,2026-27,ITA1,2026-08-23,lecce,olaf gorter,Olaf Gorter,1414124,1
5749649,2026-27,ITA1,2026-08-23,lecce,santiago pierotti,Santiago Pierotti,1039403,1
5749649,2026-27,ITA1,2026-08-23,lecce,willem geubbels,Willem Geubbels,883824,1
5749649,2026-27,ITA1,2026-08-23,lecce,konan ndri,Konan N’Dri,1027594,1
5749649,2026-27,ITA1,2026-08-23,lecce,corrie ndaba,Corrie Ndaba,1041508,0
5749649,2026-27,ITA1,2026-08-23,lecce,youssef maleh,Youssef Maleh,789243,0
5749649,2026-27,ITA1,2026-08-23,lecce,tiago gabriel,Tiago Gabriel,1574492,0
5749649,2026-27,ITA1,2026-08-23,lecce,nikola stulic,Nikola Stulic,1178314,0
5749649,2026-27,ITA1,2026-08-23,lecce,omri gandelman,Omri Gandelman,1202114,0
5749649,2026-27,ITA1,2026-08-23,lecce,marco bleve,Marco Bleve,506322,0
5749649,2026-27,ITA1,2026-08-23,lecce,plamen penev,Plamen Penev,1879688,0
5749649,2026-27,ITA1,2026-08-23,lecce,sadik fofana,Sadik Fofana,1285732,0
5749649,2026-27,ITA1,2026-08-23,lecce,hjalte laerke,Hjalte Laerke,1666063,0
5749649,2026-27,ITA1,2026-08-23,lecce,paco esteban,Paco Esteban,1417101,0
5749650,2026-27,ITA1,2026-08-28,milan,mike maignan,Mike Maignan,466439,1
5749650,2026-27,ITA1,2026-08-28,milan,mario gila,Mario Gila,1106074,1
5749650,2026-27,ITA1,2026-08-28,milan,koni de winter,Koni De Winter,1200630,1
5749650,2026-27,ITA1,2026-08-28,milan,strahinja pavlovic,Strahinja Pavlovic,1048023,1
5749650,2026-27,ITA1,2026-08-28,milan,samuel chukwueze,Samuel Chukwueze,688300,1
5749650,2026-27,ITA1,2026-08-28,milan,luka modric,Luka Modric,31097,1
5749650,2026-27,ITA1,2026-08-28,milan,yunus musah,Yunus Musah,1137272,1
5749650,2026-27,ITA1,2026-08-28,milan,davide bartesaghi,Davide Bartesaghi,1385856,1
5749650,2026-27,ITA1,2026-08-28,milan,ruben loftus cheek,Ruben Loftus-Cheek,604982,1
5749650,2026-27,ITA1,2026-08-28,milan,alphadjo cisse,Alphadjo Cissè,1445650,1
5749650,2026-27,ITA1,2026-08-28,milan,goncalo ramos,Gonçalo Ramos,940087,1
5749650,2026-27,ITA1,2026-08-28,milan,adrien rabiot,Adrien Rabiot,352879,0
5749650,2026-27,ITA1,2026-08-28,milan,alexis saelemaekers,Alexis Saelemaekers,921341,0
5749650,2026-27,ITA1,2026-08-28,milan,ardon jashari,Ardon Jashari,1163219,0
5749650,2026-27,ITA1,2026-08-28,milan,matteo gabbia,Matteo Gabbia,844996,0
5749650,2026-27,ITA1,2026-08-28,milan,pervis estupinan,Pervis Estupinán,688278,0
5749650,2026-27,ITA1,2026-08-28,milan,lorenzo torriani,Lorenzo Torriani,1642393,0
5749650,2026-27,ITA1,2026-08-28,milan,pietro terracciano,Pietro Terracciano,281762,0
5749650,2026-27,ITA1,2026-08-28,milan,filippo terracciano,Filippo Terracciano,1163501,0
5749650,2026-27,ITA1,2026-08-28,milan,sankhoun diawara,Sankhoun Diawara,1669433,0
5749650,2026-27,ITA1,2026-08-28,milan,christian comotto,Christian Comotto,1787535,0
5749650,2026-27,ITA1,2026-08-28,milan,christian pulisic,Christian Pulisic,688295,0
5749650,2026-27,ITA1,2026-08-28,milan,diego moreira,Diego Moreira,1342754,0
5749650,2026-27,ITA1,2026-08-28,milan,francesco camarda,Francesco Camarda,1554575,0
5749650,2026-27,ITA1,2026-08-28,venezia,filip stankovic,Filip Stankovic,1130600,1
5749650,2026-27,ITA1,2026-08-28,venezia,joel schingtienne,Joël Schingtienne,1352744,1
5749650,2026-27,ITA1,2026-08-28,venezia,armel bella kotchap,Armel Bella-Kotchap,951765,1
5749650,2026-27,ITA1,2026-08-28,venezia,bartol franjic,Bartol Franjic,1072710,1
5749650,2026-27,ITA1,2026-08-28,venezia,antoine hainaut,Antoine Hainaut,1290968,1
5749650,2026-27,ITA1,2026-08-28,venezia,kike perez,Kike Pérez,888167,1
5749650,2026-27,ITA1,2026-08-28,venezia,gianluca busio,Gianluca Busio,924431,1
5749650,2026-27,ITA1,2026-08-28,venezia,toma basic,Toma Basic,651435,1
5749650,2026-27,ITA1,2026-08-28,venezia,ridgeciano haps,Ridgeciano Haps,414232,1
5749650,2026-27,ITA1,2026-08-28,venezia,john yeboah,John Yeboah,845368,1
5749650,2026-27,ITA1,2026-08-28,venezia,akor adams,Akor Adams,958640,1
5749650,2026-27,ITA1,2026-08-28,venezia,redouane halhal,Redouane Halhal,1298186,0
5749650,2026-27,ITA1,2026-08-28,venezia,thierry correia,Thierry Correia,992052,0
5749650,2026-27,ITA1,2026-08-28,venezia,simon sohm,Simon Sohm,975242,0
5749650,2026-27,ITA1,2026-08-28,venezia,albion rrahmani,Albion Rrahmani,1379468,0
5749650,2026-27,ITA1,2026-08-28,venezia,lion lauberbach,Lion Lauberbach,866165,0
5749650,2026-27,ITA1,2026-08-28,venezia,lorenzo montipo,Lorenzo Montipò,491784,0
5749650,2026-27,ITA1,2026-08-28,venezia,matteo grandi,Matteo Grandi,415091,0
5749650,2026-27,ITA1,2026-08-28,venezia,ale gomes,Ale Gomes,1842921,0
5749650,2026-27,ITA1,2026-08-28,venezia,lamine fanne,Lamine Fanne,1460862,0
5749650,2026-27,ITA1,2026-08-28,venezia,matteo dagasso,Matteo Dagasso,1592168,0
5749650,2026-27,ITA1,2026-08-28,venezia,richie sagrado,Richie Sagrado,1388039,0
5749650,2026-27,ITA1,2026-08-28,venezia,simone panada,Simone Panada,1050821,0
5749650,2026-27,ITA1,2026-08-28,venezia,thorir helgason,Thórir Helgason,939593,0
5749650,2026-27,ITA1,2026-08-28,venezia,alvin okoro,Alvin Okoro,1357947,0
5749650,2026-27,ITA1,2026-08-28,venezia,marko lawk farji,Marko Lawk Farji,1162514,0
5749651,2026-27,ITA1,2026-08-31,atalanta,marco carnesecchi,Marco Carnesecchi,1013021,1
5749651,2026-27,ITA1,2026-08-31,atalanta,davide zappacosta,Davide Zappacosta,244811,1
5749651,2026-27,ITA1,2026-08-31,atalanta,odilon kossounou,Odilon Kossounou,1014496,1
5749651,2026-27,ITA1,2026-08-31,atalanta,giorgio scalvini,Giorgio Scalvini,1202358,1
5749651,2026-27,ITA1,2026-08-31,atalanta,sead kolasinac,Sead Kolasinac,304345,1
5749651,2026-27,ITA1,2026-08-31,atalanta,mario pasalic,Mario Pasalic,446266,1
5749651,2026-27,ITA1,2026-08-31,atalanta,gianluca gaetano,Gianluca Gaetano,1012842,1
5749651,2026-27,ITA1,2026-08-31,atalanta,ederson,Éderson,957203,1
5749651,2026-27,ITA1,2026-08-31,atalanta,charles de ketelaere,Charles De Ketelaere,1095432,1
5749651,2026-27,ITA1,2026-08-31,atalanta,gianluca scamacca,Gianluca Scamacca,721089,1
5749651,2026-27,ITA1,2026-08-31,atalanta,giacomo raspadori,Giacomo Raspadori,951743,1
5749651,2026-27,ITA1,2026-08-31,atalanta,eljif elmas,Eljif Elmas,741049,0
5749651,2026-27,ITA1,2026-08-31,atalanta,nicola zalewski,Nicola Zalewski,1053714,0
5749651,2026-27,ITA1,2026-08-31,atalanta,lazar samardzic,Lazar Samardzic,1050178,0
5749651,2026-27,ITA1,2026-08-31,atalanta,nikola krstovic,Nikola Krstovic,833638,0
5749651,2026-27,ITA1,2026-08-31,atalanta,raoul bellanova,Raoul Bellanova,902651,0
5749651,2026-27,ITA1,2026-08-31,atalanta,marco sportiello,Marco Sportiello,212630,0
5749651,2026-27,ITA1,2026-08-31,atalanta,paolo vismara,Paolo Vismara,1594898,0
5749651,2026-27,ITA1,2026-08-31,atalanta,relja obric,Relja Obric,1692456,0
5749651,2026-27,ITA1,2026-08-31,atalanta,federico cassa,Federico Cassa,1668963,0
5749651,2026-27,ITA1,2026-08-31,atalanta,ibrahim sulemana,Ibrahim Sulemana,1396375,0
5749651,2026-27,ITA1,2026-08-31,atalanta,lorenzo bernasconi,Lorenzo Bernasconi,1191093,0
5749651,2026-27,ITA1,2026-08-31,bologna,lukasz skorupski,Lukasz Skorupski,178732,1
5749651,2026-27,ITA1,2026-08-31,bologna,emil holm,Emil Holm,1014630,1
5749651,2026-27,ITA1,2026-08-31,bologna,eivind helland,Eivind Helland,1503574,1
5749651,2026-27,ITA1,2026-08-31,bologna,torbjorn heggem,Torbjørn Heggem,935550,1
5749651,2026-27,ITA1,2026-08-31,bologna,rahim alhassane,Rahim Alhassane,1333066,1
5749651,2026-27,ITA1,2026-08-31,bologna,tommaso pobega,Tommaso Pobega,790732,1
5749651,2026-27,ITA1,2026-08-31,bologna,lewis ferguson,Lewis Ferguson,888921,1
5749651,2026-27,ITA1,2026-08-31,bologna,federico bernardeschi,Federico Bernardeschi,414245,1
5749651,2026-27,ITA1,2026-08-31,bologna,jens odgaard,Jens Odgaard,689680,1
5749651,2026-27,ITA1,2026-08-31,bologna,nicolo cambiaghi,Nicolò Cambiaghi,1044029,1
5749651,2026-27,ITA1,2026-08-31,bologna,roberto piccoli,Roberto Piccoli,1017401,1
5749651,2026-27,ITA1,2026-08-31,bologna,artem dovbyk,Artem Dovbyk,655696,0
5749651,2026-27,ITA1,2026-08-31,bologna,riccardo orsolini,Riccardo Orsolini,661761,0
5749651,2026-27,ITA1,2026-08-31,bologna,nadir zortea,Nadir Zortea,1080669,0
5749651,2026-27,ITA1,2026-08-31,bologna,mikel amondarain,Mikel Amondarain,1661207,0
5749651,2026-27,ITA1,2026-08-31,bologna,nikola moro,Nikola Moro,641595,0
5749651,2026-27,ITA1,2026-08-31,bologna,massimo pessina,Massimo Pessina,1696050,0
5749651,2026-27,ITA1,2026-08-31,bologna,ukko happonen,Ukko Happonen,1813717,0
5749651,2026-27,ITA1,2026-08-31,bologna,arthur theate,Arthur Theate,1173250,0
5749651,2026-27,ITA1,2026-08-31,bologna,juan miranda,Juan Miranda,873956,0
5749651,2026-27,ITA1,2026-08-31,bologna,lorenzo de silvestri,Lorenzo De Silvestri,25587,0
5749651,2026-27,ITA1,2026-08-31,bologna,martin vitik,Martin Vitík,1198712,0
5749651,2026-27,ITA1,2026-08-31,bologna,nicolo casale,Nicolò Casale,814398,0
5749651,2026-27,ITA1,2026-08-31,bologna,marco libra,Marco Libra,2008804,0
5749652,2026-27,ITA1,2026-08-30,cagliari,elia caprile,Elia Caprile,958422,1
5749652,2026-27,ITA1,2026-08-30,cagliari,ze pedro,Zé Pedro,957107,1
5749652,2026-27,ITA1,2026-08-30,cagliari,alessandro deiola,Alessandro Deiola,449283,1
5749652,2026-27,ITA1,2026-08-30,cagliari,juan rodriguez,Juan Rodríguez,1621219,1
5749652,2026-27,ITA1,2026-08-30,cagliari,adam obert,Adam Obert,1289961,1
5749652,2026-27,ITA1,2026-08-30,cagliari,alessandro romano,Alessandro Romano,1705649,1
5749652,2026-27,ITA1,2026-08-30,cagliari,harry winks,Harry Winks,528453,1
5749652,2026-27,ITA1,2026-08-30,cagliari,michel ndary adopo,Michel Ndary Adopo,936164,1
5749652,2026-27,ITA1,2026-08-30,cagliari,daniel maldini,Daniel Maldini,1072054,1
5749652,2026-27,ITA1,2026-08-30,cagliari,jacopo fazzini,Jacopo Fazzini,1329487,1
5749652,2026-27,ITA1,2026-08-30,cagliari,paul mendy,Paul Mendy,1902196,1
5749652,2026-27,ITA1,2026-08-30,cagliari,raphael kofler,Raphael Kofler,1396084,0
5749652,2026-27,ITA1,2026-08-30,cagliari,alieu fadera,Alieu Fadera,1159233,0
5749652,2026-27,ITA1,2026-08-30,cagliari,kevin carlos,Kevin Carlos,1166344,0
5749652,2026-27,ITA1,2026-08-30,cagliari,gennaro borrelli,Gennaro Borrelli,1030646,0
5749652,2026-27,ITA1,2026-08-30,cagliari,riccardo ciervo,Riccardo Ciervo,1210653,0
5749652,2026-27,ITA1,2026-08-30,cagliari,alen sherri,Alen Sherri,1178779,0
5749652,2026-27,ITA1,2026-08-30,cagliari,boris radunovic,Boris Radunovic,435684,0
5749652,2026-27,ITA1,2026-08-30,cagliari,demi akarakiri,Demi Akarakiri,1724391,0
5749652,2026-27,ITA1,2026-08-30,cagliari,giuseppe aurelio,Giuseppe Aurelio,1165232,0
5749652,2026-27,ITA1,2026-08-30,cagliari,ivan sulev,Ivan Sulev,1305226,0
5749652,2026-27,ITA1,2026-08-30,cagliari,joseph liteta,Joseph Liteta,1807301,0
5749652,2026-27,ITA1,2026-08-30,cagliari,mattia felici,Mattia Felici,1021302,0
5749652,2026-27,ITA1,2026-08-30,cagliari,nicolo cavuoti,Nicolò Cavuoti,1290613,0
5749652,2026-27,ITA1,2026-08-30,inter,josep martinez,Josep Martínez,772168,1
5749652,2026-27,ITA1,2026-08-30,inter,benjamin pavard,Benjamin Pavard,611223,1
5749652,2026-27,ITA1,2026-08-30,inter,manuel akanji,Manuel Akanji,521318,1
5749652,2026-27,ITA1,2026-08-30,inter,alessandro bastoni,Alessandro Bastoni,805451,1
5749652,2026-27,ITA1,2026-08-30,inter,luis henrique,Luis Henrique,1114635,1
5749652,2026-27,ITA1,2026-08-30,inter,nicolo barella,Nicolò Barella,541820,1
5749652,2026-27,ITA1,2026-08-30,inter,hakan calhanoglu,Hakan Çalhanoglu,304733,1
5749652,2026-27,ITA1,2026-08-30,inter,petar sucic,Petar Sucic,1382000,1
5749652,2026-27,ITA1,2026-08-30,inter,federico dimarco,Federico Dimarco,605224,1
5749652,2026-27,ITA1,2026-08-30,inter,francesco pio esposito,Francesco Pio Esposito,1367618,1
5749652,2026-27,ITA1,2026-08-30,inter,lautaro martinez,Lautaro Martínez,690230,1
5749652,2026-27,ITA1,2026-08-30,inter,curtis jones,Curtis Jones,933768,0
5749652,2026-27,ITA1,2026-08-30,inter,piotr zielinski,Piotr Zielinski,362212,0
5749652,2026-27,ITA1,2026-08-30,inter,marcus thuram,Marcus Thuram,621562,0
5749652,2026-27,ITA1,2026-08-30,inter,john stones,John Stones,263653,0
5749652,2026-27,ITA1,2026-08-30,inter,yann aurel bisseck,Yann Aurel Bisseck,889535,0
5749652,2026-27,ITA1,2026-08-30,inter,ivan provedel,Ivan Provedel,364822,0
5749652,2026-27,ITA1,2026-08-30,inter,raffaele di gennaro,Raffaele Di Gennaro,417743,0
5749652,2026-27,ITA1,2026-08-30,inter,carlos augusto,Carlos Augusto,940829,0
5749652,2026-27,ITA1,2026-08-30,inter,aleksandar stankovic,Aleksandar Stankovic,1410437,0
5749652,2026-27,ITA1,2026-08-30,inter,andy diouf,Andy Diouf,1254297,0
5749652,2026-27,ITA1,2026-08-30,inter,henrikh mkhitaryan,Henrikh Mkhitaryan,73167,0
5749652,2026-27,ITA1,2026-08-30,inter,ange yoan bonny,Ange-Yoan Bonny,1199383,0
5749653,2026-27,ITA1,2026-08-29,fiorentina,david de gea,David de Gea,182917,1
5749653,2026-27,ITA1,2026-08-29,fiorentina,alex jimenez,Álex Jiménez,1526689,1
5749653,2026-27,ITA1,2026-08-29,fiorentina,radu dragusin,Radu Dragusin,1203661,1
5749653,2026-27,ITA1,2026-08-29,fiorentina,marin pongracic,Marin Pongracic,831474,1
5749653,2026-27,ITA1,2026-08-29,fiorentina,valde,Valde,1712399,1
5749653,2026-27,ITA1,2026-08-29,fiorentina,cher ndour,Cher Ndour,1246009,1
5749653,2026-27,ITA1,2026-08-29,fiorentina,christ inao oulai,Christ Inao Oulaï,1666494,1
5749653,2026-27,ITA1,2026-08-29,fiorentina,arthur atta,Arthur Atta,1428426,1
5749653,2026-27,ITA1,2026-08-29,fiorentina,franco mastantuono,Franco Mastantuono,1607566,1
5749653,2026-27,ITA1,2026-08-29,fiorentina,mateo pellegrino,Mateo Pellegrino,1224237,1
5749653,2026-27,ITA1,2026-08-29,fiorentina,albert gudmundsson,Albert Gudmundsson,665188,1
5749653,2026-27,ITA1,2026-08-29,fiorentina,nicolo fagioli,Nicolò Fagioli,951712,0
5749653,2026-27,ITA1,2026-08-29,fiorentina,viery,Viery,1501917,0
5749653,2026-27,ITA1,2026-08-29,fiorentina,marco brescianini,Marco Brescianini,950596,0
5749653,2026-27,ITA1,2026-08-29,fiorentina,rolando mandragora,Rolando Mandragora,577911,0
5749653,2026-27,ITA1,2026-08-29,fiorentina,joao mario,João Mário,958421,0
5749653,2026-27,ITA1,2026-08-29,fiorentina,luca lezzerini,Luca Lezzerini,282059,0
5749653,2026-27,ITA1,2026-08-29,fiorentina,oliver christensen,Oliver Christensen,806972,0
5749653,2026-27,ITA1,2026-08-29,fiorentina,dodo,Dodô,750734,0
5749653,2026-27,ITA1,2026-08-29,fiorentina,luca ranieri,Luca Ranieri,935406,0
5749653,2026-27,ITA1,2026-08-29,fiorentina,antonio pirro,Antonio Pirrò,1838526,0
5749653,2026-27,ITA1,2026-08-29,fiorentina,brando mazzeo,Brando Mazzeo,1835436,0
5749653,2026-27,ITA1,2026-08-29,fiorentina,sulayman jallow,Sulayman Jallow,1838587,0
5749653,2026-27,ITA1,2026-08-29,frosinone,lorenzo palmisani,Lorenzo Palmisani,1289655,1
5749653,2026-27,ITA1,2026-08-29,frosinone,anthony oyono,Anthony Oyono,1235421,1
5749653,2026-27,ITA1,2026-08-29,frosinone,gabriele calvani,Gabriele Calvani,1415326,1
5749653,2026-27,ITA1,2026-08-29,frosinone,ilario monterisi,Ilario Monterisi,1117058,1
5749653,2026-27,ITA1,2026-08-29,frosinone,gabriele bracaglia,Gabriele Bracaglia,1396091,1
5749653,2026-27,ITA1,2026-08-29,frosinone,patrizio masini,Patrizio Masini,1189223,1
5749653,2026-27,ITA1,2026-08-29,frosinone,giacomo calo,Giacomo Calò,746829,1
5749653,2026-27,ITA1,2026-08-29,frosinone,seydou fini,Seydou Fini,1445163,1
5749653,2026-27,ITA1,2026-08-29,frosinone,romano schmid,Romano Schmid,749488,1
5749653,2026-27,ITA1,2026-08-29,frosinone,giorgi kvernadze,Giorgi Kvernadze,1342748,1
5749653,2026-27,ITA1,2026-08-29,frosinone,antonio raimondo,Antonio Raimondo,1256534,1
5749653,2026-27,ITA1,2026-08-29,frosinone,alessio zerbin,Alessio Zerbin,850295,0
5749653,2026-27,ITA1,2026-08-29,frosinone,giorgio cittadini,Giorgio Cittadini,1327513,0
5749653,2026-27,ITA1,2026-08-29,frosinone,aleksa terzic,Aleksa Terzic,992025,0
5749653,2026-27,ITA1,2026-08-29,frosinone,florian grillitsch,Florian Grillitsch,617044,0
5749653,2026-27,ITA1,2026-08-29,frosinone,daniel birligea,Daniel Bîrligea,1135820,0
5749653,2026-27,ITA1,2026-08-29,frosinone,matteo pisseri,Matteo Pisseri,415425,0
5749653,2026-27,ITA1,2026-08-29,frosinone,sebastiano desplanches,Sebastiano Desplanches,1280112,0
5749653,2026-27,ITA1,2026-08-29,frosinone,enzo tchato,Enzo Tchato,1332850,0
5749653,2026-27,ITA1,2026-08-29,frosinone,kevin akpoguma,Kevin Akpoguma,353519,0
5749653,2026-27,ITA1,2026-08-29,frosinone,omar fayed,Omar Fayed,1510384,0
5749653,2026-27,ITA1,2026-08-29,frosinone,wisdom amey,Wisdom Amey,1250568,0
5749653,2026-27,ITA1,2026-08-29,frosinone,anouar el azzouzi,Anouar El Azzouzi,1285119,0
5749653,2026-27,ITA1,2026-08-29,frosinone,luis hasa,Luis Hasa,1402924,0
5749653,2026-27,ITA1,2026-08-29,frosinone,matteo cichella,Matteo Cichella,1670272,0
5749654,2026-27,ITA1,2026-08-29,juventus,guglielmo vicario,Guglielmo Vicario,538501,1
5749654,2026-27,ITA1,2026-08-29,juventus,pierre kalulu,Pierre Kalulu,1131217,1
5749654,2026-27,ITA1,2026-08-29,juventus,gleison bremer,Gleison Bremer,857269,1
5749654,2026-27,ITA1,2026-08-29,juventus,jhon lucumi,Jhon Lucumí,860913,1
5749654,2026-27,ITA1,2026-08-29,juventus,zeki celik,Zeki Çelik,867225,1
5749654,2026-27,ITA1,2026-08-29,juventus,manuel locatelli,Manuel Locatelli,624166,1
5749654,2026-27,ITA1,2026-08-29,juventus,douglas luiz,Douglas Luiz,787350,1
5749654,2026-27,ITA1,2026-08-29,juventus,francisco conceicao,Francisco Conceição,1185336,1
5749654,2026-27,ITA1,2026-08-29,juventus,jonathan david,Jonathan David,939569,1
5749654,2026-27,ITA1,2026-08-29,juventus,jeremie boga,Jérémie Boga,643229,1
5749654,2026-27,ITA1,2026-08-29,juventus,randal kolo muani,Randal Kolo Muani,823825,1
5749654,2026-27,ITA1,2026-08-29,juventus,nicolas gonzalez,Nicolás González,841672,0
5749654,2026-27,ITA1,2026-08-29,juventus,kerim alajbegovic,Kerim Alajbegovic,1684401,0
5749654,2026-27,ITA1,2026-08-29,juventus,lloyd kelly,Lloyd Kelly,819215,0
5749654,2026-27,ITA1,2026-08-29,juventus,andrea cambiaso,Andrea Cambiaso,1078846,0
5749654,2026-27,ITA1,2026-08-29,juventus,teun koopmeiners,Teun Koopmeiners,866516,0
5749654,2026-27,ITA1,2026-08-29,juventus,carlo pinsoglio,Carlo Pinsoglio,196074,0
5749654,2026-27,ITA1,2026-08-29,juventus,kamil grabara,Kamil Grabara,760722,0
5749654,2026-27,ITA1,2026-08-29,juventus,daniele rugani,Daniele Rugani,358155,0
5749654,2026-27,ITA1,2026-08-29,juventus,federico gatti,Federico Gatti,1189288,0
5749654,2026-27,ITA1,2026-08-29,juventus,juan cabal,Juan Cabal,1083562,0
5749654,2026-27,ITA1,2026-08-29,juventus,arkadiusz milik,Arkadiusz Milik,277460,0
5749654,2026-27,ITA1,2026-08-29,juventus,jeff ekhator,Jeff Ekhator,1669628,0
5749654,2026-27,ITA1,2026-08-29,parma,edoardo corvi,Edoardo Corvi,1117310,1
5749654,2026-27,ITA1,2026-08-29,parma,enrico del prato,Enrico Del Prato,935380,1
5749654,2026-27,ITA1,2026-08-29,parma,dominik drobnic,Dominik Drobnic,1891769,1
5749654,2026-27,ITA1,2026-08-29,parma,mariano troilo,Mariano Troilo,1520184,1
5749654,2026-27,ITA1,2026-08-29,parma,sascha britschgi,Sascha Britschgi,1693531,1
5749654,2026-27,ITA1,2026-08-29,parma,adrian bernabe,Adrián Bernabé,951714,1
5749654,2026-27,ITA1,2026-08-29,parma,mandela keita,Mandela Keita,1239749,1
5749654,2026-27,ITA1,2026-08-29,parma,christian ordonez,Christian Ordóñez,1393542,1
5749654,2026-27,ITA1,2026-08-29,parma,emanuele valeri,Emanuele Valeri,867789,1
5749654,2026-27,ITA1,2026-08-29,parma,el bilal toure,El Bilal Touré,1054114,1
5749654,2026-27,ITA1,2026-08-29,parma,simone lontani,Simone Lontani,1843609,1
5749654,2026-27,ITA1,2026-08-29,parma,benjamin cremaschi,Benjamín Cremaschi,1354177,0
5749654,2026-27,ITA1,2026-08-29,parma,david romero,David Romero,1233748,0
5749654,2026-27,ITA1,2026-08-29,parma,abdou salam konate,Abdou-Salam Konate,1844134,0
5749654,2026-27,ITA1,2026-08-29,parma,nesta elphege,Nesta Elphege,1460253,0
5749654,2026-27,ITA1,2026-08-29,parma,pontus almqvist,Pontus Almqvist,822589,0
5749654,2026-27,ITA1,2026-08-29,parma,alessandro mazzocchi,Alessandro Mazzocchi,1997571,0
5749654,2026-27,ITA1,2026-08-29,parma,giovanni daffara,Giovanni Daffara,1519035,0
5749654,2026-27,ITA1,2026-08-29,parma,abdoulaye ndiaye,Abdoulaye Ndiaye,1053676,0
5749654,2026-27,ITA1,2026-08-29,parma,lautaro valenti,Lautaro Valenti,968029,0
5749654,2026-27,ITA1,2026-08-29,parma,franco carboni,Franco Carboni,1199360,0
5749654,2026-27,ITA1,2026-08-29,parma,giovanni fabbian,Giovanni Fabbian,1276505,0
5749654,2026-27,ITA1,2026-08-29,parma,oliver sorensen,Oliver Sørensen,1097009,0
5749654,2026-27,ITA1,2026-08-29,parma,matija frigan,Matija Frigan,1190371,0
5749654,2026-27,ITA1,2026-08-29,parma,ousmane diallo,Ousmane Diallo,1684415,0
5749654,2026-27,ITA1,2026-08-29,parma,thomas de martis,Thomás de Martis,1797278,0
5749655,2026-27,ITA1,2026-08-30,lazio,christos mandas,Christos Mandas,915156,1
5749655,2026-27,ITA1,2026-08-30,lazio,romano floriani mussolini,Romano Floriani Mussolini,1307957,1
5749655,2026-27,ITA1,2026-08-30,lazio,danilho doekhi,Danilho Doekhi,724196,1
5749655,2026-27,ITA1,2026-08-30,lazio,oliver provstgaard,Oliver Provstgaard,1333331,1
5749655,2026-27,ITA1,2026-08-30,lazio,nuno tavares,Nuno Tavares,957118,1
5749655,2026-27,ITA1,2026-08-30,lazio,davide frattesi,Davide Frattesi,815431,1
5749655,2026-27,ITA1,2026-08-30,lazio,nicolo rovella,Nicolò Rovella,1020963,1
5749655,2026-27,ITA1,2026-08-30,lazio,kenneth taylor,Kenneth Taylor,970565,1
5749655,2026-27,ITA1,2026-08-30,lazio,matteo cancellieri,Matteo Cancellieri,1146500,1
5749655,2026-27,ITA1,2026-08-30,lazio,boulaye dia,Boulaye Dia,972120,1
5749655,2026-27,ITA1,2026-08-30,lazio,mattia zaccagni,Mattia Zaccagni,541555,1
5749655,2026-27,ITA1,2026-08-30,lazio,reda belahyane,Reda Belahyane,1388071,0
5749655,2026-27,ITA1,2026-08-30,lazio,alfonso pedraza,Alfonso Pedraza,629594,0
5749655,2026-27,ITA1,2026-08-30,lazio,gustav isaksen,Gustav Isaksen,1016093,0
5749655,2026-27,ITA1,2026-08-30,lazio,manuel lazzari,Manuel Lazzari,662205,0
5749655,2026-27,ITA1,2026-08-30,lazio,andrea pinamonti,Andrea Pinamonti,750030,0
5749655,2026-27,ITA1,2026-08-30,lazio,davide renzetti,Davide Renzetti,1444195,0
5749655,2026-27,ITA1,2026-08-30,lazio,edoardo motta,Edoardo Motta,1621082,0
5749655,2026-27,ITA1,2026-08-30,lazio,alessio romagnoli,Alessio Romagnoli,362195,0
5749655,2026-27,ITA1,2026-08-30,lazio,josip sutalo,Josip Sutalo,1186228,0
5749655,2026-27,ITA1,2026-08-30,lazio,ricardo bordon,Ricardo Bordon,2159101,0
5749655,2026-27,ITA1,2026-08-30,lazio,adrian przyborek,Adrian Przyborek,1435833,0
5749655,2026-27,ITA1,2026-08-30,lazio,valerio farcomeni,Valerio Farcomeni,1816668,0
5749655,2026-27,ITA1,2026-08-30,lazio,federico serra,Federico Serra,1711283,0
5749655,2026-27,ITA1,2026-08-30,lazio,tijjani noslin,Tijjani Noslin,1282285,0
5749655,2026-27,ITA1,2026-08-30,genoa,justin bijlow,Justin Bijlow,721533,1
5749655,2026-27,ITA1,2026-08-30,genoa,alessandro marcandalli,Alessandro Marcandalli,1436436,1
5749655,2026-27,ITA1,2026-08-30,genoa,leo ostigard,Leo Østigard,740944,1
5749655,2026-27,ITA1,2026-08-30,genoa,johan vasquez,Johan Vásquez,914103,1
5749655,2026-27,ITA1,2026-08-30,genoa,mikael egill ellertsson,Mikael Egill Ellertsson,942193,1
5749655,2026-27,ITA1,2026-08-30,genoa,morten frendrup,Morten Frendrup,921543,1
5749655,2026-27,ITA1,2026-08-30,genoa,djibril sow,Djibril Sow,707970,1
5749655,2026-27,ITA1,2026-08-30,genoa,brooke norton cuffy,Brooke Norton-Cuffy,1214915,1
5749655,2026-27,ITA1,2026-08-30,genoa,tommaso baldanzi,Tommaso Baldanzi,1200591,1
5749655,2026-27,ITA1,2026-08-30,genoa,vitinha,Vítinha,1215057,1
5749655,2026-27,ITA1,2026-08-30,genoa,lorenzo colombo,Lorenzo Colombo,1050163,1
5749655,2026-27,ITA1,2026-08-30,genoa,junior messias,Junior Messias,1003368,0
5749655,2026-27,ITA1,2026-08-30,genoa,milutin osmajic,Milutin Osmajic,936603,0
5749655,2026-27,ITA1,2026-08-30,genoa,amorim,Amorim,1469120,0
5749655,2026-27,ITA1,2026-08-30,genoa,franz ethan meichtry,Franz-Ethan Meichtry,1677025,0
5749655,2026-27,ITA1,2026-08-30,genoa,daniele sommariva,Daniele Sommariva,577914,0
5749655,2026-27,ITA1,2026-08-30,genoa,franz stolz,Franz Stolz,951238,0
5749655,2026-27,ITA1,2026-08-30,genoa,david puczka,David Puczka,1405996,0
5749655,2026-27,ITA1,2026-08-30,genoa,mamedi doucoure,Mamedi Doucouré,1910652,0
5749655,2026-27,ITA1,2026-08-30,genoa,marcelo vaz,Marcelo Vaz,2029779,0
5749655,2026-27,ITA1,2026-08-30,genoa,mario mitaj,Mario Mitaj,1184458,0
5749655,2026-27,ITA1,2026-08-30,genoa,sebastian otoa,Sebastian Otoa,1404077,0
5749655,2026-27,ITA1,2026-08-30,genoa,aaron martin,Aarón Martín,684981,0
5749655,2026-27,ITA1,2026-08-30,genoa,samuel wiafe,Samuel Wiafe,1902062,0
5749655,2026-27,ITA1,2026-08-30,genoa,stefano sabelli,Stefano Sabelli,364104,0
5749655,2026-27,ITA1,2026-08-30,genoa,elias havel,Elias Havel,1231904,0
5749656,2026-27,ITA1,2026-08-31,lecce,wladimiro falcone,Wladimiro Falcone,362200,1
5749656,2026-27,ITA1,2026-08-31,lecce,jamil siebert,Jamil Siebert,1185260,1
5749656,2026-27,ITA1,2026-08-31,lecce,kialonda gaspar,Kialonda Gaspar,1206806,1
5749656,2026-27,ITA1,2026-08-31,lecce,tiago gabriel,Tiago Gabriel,1574492,1
5749656,2026-27,ITA1,2026-08-31,lecce,danilo veiga,Danilo Veiga,1306664,1
5749656,2026-27,ITA1,2026-08-31,lecce,lassana coulibaly,Lassana Coulibaly,664587,1
5749656,2026-27,ITA1,2026-08-31,lecce,oumar ngom,Oumar Ngom,1332538,1
5749656,2026-27,ITA1,2026-08-31,lecce,olaf gorter,Olaf Gorter,1414124,1
5749656,2026-27,ITA1,2026-08-31,lecce,corrie ndaba,Corrie Ndaba,1041508,1
5749656,2026-27,ITA1,2026-08-31,lecce,santiago pierotti,Santiago Pierotti,1039403,1
5749656,2026-27,ITA1,2026-08-31,lecce,willem geubbels,Willem Geubbels,883824,1
5749656,2026-27,ITA1,2026-08-31,lecce,youssef maleh,Youssef Maleh,789243,0
5749656,2026-27,ITA1,2026-08-31,lecce,konan ndri,Konan N’Dri,1027594,0
5749656,2026-27,ITA1,2026-08-31,lecce,nikola stulic,Nikola Stulic,1178314,0
5749656,2026-27,ITA1,2026-08-31,lecce,ivan ilic,Ivan Ilic,1036182,0
5749656,2026-27,ITA1,2026-08-31,lecce,amar fatah,Amar Fatah,1311977,0
5749656,2026-27,ITA1,2026-08-31,lecce,marco bleve,Marco Bleve,506322,0
5749656,2026-27,ITA1,2026-08-31,lecce,plamen penev,Plamen Penev,1879688,0
5749656,2026-27,ITA1,2026-08-31,lecce,ali dembele,Ali Dembélé,1429871,0
5749656,2026-27,ITA1,2026-08-31,lecce,antonino gallo,Antonino Gallo,879065,0
5749656,2026-27,ITA1,2026-08-31,lecce,elijah scott,Elijah Scott,1666206,0
5749656,2026-27,ITA1,2026-08-31,lecce,medon berisha,Medon Berisha,1395728,0
5749656,2026-27,ITA1,2026-08-31,lecce,omri gandelman,Omri Gandelman,1202114,0
5749656,2026-27,ITA1,2026-08-31,lecce,sadik fofana,Sadik Fofana,1285732,0
5749656,2026-27,ITA1,2026-08-31,lecce,hjalte laerke,Hjalte Laerke,1666063,0
5749656,2026-27,ITA1,2026-08-31,lecce,paco esteban,Paco Esteban,1417101,0
5749656,2026-27,ITA1,2026-08-31,roma,mile svilar,Mile Svilar,768474,1
5749656,2026-27,ITA1,2026-08-31,roma,daniele ghilardi,Daniele Ghilardi,1386006,1
5749656,2026-27,ITA1,2026-08-31,roma,gianluca mancini,Gianluca Mancini,588687,1
5749656,2026-27,ITA1,2026-08-31,roma,mario hermoso,Mario Hermoso,671203,1
5749656,2026-27,ITA1,2026-08-31,roma,emanuele lulli,Emanuele Lulli,1800491,1
5749656,2026-27,ITA1,2026-08-31,roma,bryan cristante,Bryan Cristante,299799,1
5749656,2026-27,ITA1,2026-08-31,roma,manu kone,Manu Koné,1016132,1
5749656,2026-27,ITA1,2026-08-31,roma,wesley,Wesley,1320176,1
5749656,2026-27,ITA1,2026-08-31,roma,matias soule,Matias Soulé,1280082,1
5749656,2026-27,ITA1,2026-08-31,roma,paulo dybala,Paulo Dybala,325916,1
5749656,2026-27,ITA1,2026-08-31,roma,donyell malen,Donyell Malen,660301,1
5749656,2026-27,ITA1,2026-08-31,roma,nahuel molina,Nahuel Molina,726345,0
5749656,2026-27,ITA1,2026-08-31,roma,rodrigo mora,Rodrigo Mora,1525065,0
5749656,2026-27,ITA1,2026-08-31,roma,niccolo pisilli,Niccolò Pisilli,1451196,0
5749656,2026-27,ITA1,2026-08-31,roma,santiago castro,Santiago Castro,1282008,0
5749656,2026-27,ITA1,2026-08-31,roma,marten de roon,Marten de Roon,198559,0
5749656,2026-27,ITA1,2026-08-31,roma,giorgio de marzi,Giorgio De Marzi,1667016,0
5749656,2026-27,ITA1,2026-08-31,roma,pierluigi gollini,Pierluigi Gollini,553849,0
5749656,2026-27,ITA1,2026-08-31,roma,konstantinos koulierakis,Konstantinos Koulierakis,1337884,0
5749656,2026-27,ITA1,2026-08-31,roma,leonardo balerdi,Leonardo Balerdi,958464,0
5749657,2026-27,ITA1,2026-08-29,monza,demba thiam,Demba Thiam,955947,1
5749657,2026-27,ITA1,2026-08-29,monza,eddy kouadio,Eddy Kouadio,1676901,1
5749657,2026-27,ITA1,2026-08-29,monza,lorenzo lucchesi,Lorenzo Lucchesi,1524139,1
5749657,2026-27,ITA1,2026-08-29,monza,andrea carboni,Andrea Carboni,1123969,1
5749657,2026-27,ITA1,2026-08-29,monza,samuele birindelli,Samuele Birindelli,799497,1
5749657,2026-27,ITA1,2026-08-29,monza,foe ondoa,Foe Ondoa,1577900,1
5749657,2026-27,ITA1,2026-08-29,monza,mathis mout,Mathis Mout,1879542,1
5749657,2026-27,ITA1,2026-08-29,monza,ricardo mangas,Ricardo Mangas,824655,1
5749657,2026-27,ITA1,2026-08-29,monza,andrea colpani,Andrea Colpani,937462,1
5749657,2026-27,ITA1,2026-08-29,monza,gustavo varela,Gustavo Varela,1585676,1
5749657,2026-27,ITA1,2026-08-29,monza,patrick cutrone,Patrick Cutrone,639671,1
5749657,2026-27,ITA1,2026-08-29,monza,ebenezer akinsanmiro,Ebenezer Akinsanmiro,1481909,0
5749657,2026-27,ITA1,2026-08-29,monza,michael folorunsho,Michael Folorunsho,822440,0
5749657,2026-27,ITA1,2026-08-29,monza,filippo delli carri,Filippo Delli Carri,814284,0
5749657,2026-27,ITA1,2026-08-29,monza,omari forson,Omari Forson,1190023,0
5749657,2026-27,ITA1,2026-08-29,monza,dany mota,Dany Mota,737339,0
5749657,2026-27,ITA1,2026-08-29,monza,aleksandr ballabio,Aleksandr Ballabio,2155256,0
5749657,2026-27,ITA1,2026-08-29,monza,aljaz strajnar,Aljaž Strajnar,1804416,0
5749657,2026-27,ITA1,2026-08-29,monza,valentin antov,Valentin Antov,899649,0
5749657,2026-27,ITA1,2026-08-29,monza,yvan kouadio maye,Yvan Kouadio Maye,1830551,0
5749657,2026-27,ITA1,2026-08-29,monza,adam bakoune,Adam Bakoune,1425693,0
5749657,2026-27,ITA1,2026-08-29,monza,jay robinson,Jay Robinson,1453338,0
5749657,2026-27,ITA1,2026-08-29,monza,leonardo colombo,Leonardo Colombo,1415623,0
5749657,2026-27,ITA1,2026-08-29,udinese,maduka okoye,Maduka Okoye,1091193,1
5749657,2026-27,ITA1,2026-08-29,udinese,james abankwah,James Abankwah,1269329,1
5749657,2026-27,ITA1,2026-08-29,udinese,oumar solet,Oumar Solet,866708,1
5749657,2026-27,ITA1,2026-08-29,udinese,enzo ebosse,Enzo Ebosse,769167,1
5749657,2026-27,ITA1,2026-08-29,udinese,mergim vojvoda,Mërgim Vojvoda,560945,1
5749657,2026-27,ITA1,2026-08-29,udinese,jakub piotrowski,Jakub Piotrowski,689987,1
5749657,2026-27,ITA1,2026-08-29,udinese,jesper karlstrom,Jesper Karlström,322003,1
5749657,2026-27,ITA1,2026-08-29,udinese,hassane kamara,Hassane Kamara,488415,1
5749657,2026-27,ITA1,2026-08-29,udinese,unai gomez,Unai Gómez,1436270,1
5749657,2026-27,ITA1,2026-08-29,udinese,jurgen ekkelenkamp,Jurgen Ekkelenkamp,934156,1
5749657,2026-27,ITA1,2026-08-29,udinese,keinan davis,Keinan Davis,724368,1
5749657,2026-27,ITA1,2026-08-29,udinese,lennon miller,Lennon Miller,1399969,0
5749657,2026-27,ITA1,2026-08-29,udinese,oier zarraga,Oier Zarraga,1106916,0
5749657,2026-27,ITA1,2026-08-29,udinese,nicolo bertola,Nicolò Bertola,1258292,0
5749657,2026-27,ITA1,2026-08-29,udinese,idrissa gueye,Idrissa Gueye,1532261,0
5749657,2026-27,ITA1,2026-08-29,udinese,juan arizala,Juan Arizala,1450999,0
5749657,2026-27,ITA1,2026-08-29,udinese,bartosz mrozek,Bartosz Mrozek,770994,0
5749657,2026-27,ITA1,2026-08-29,udinese,daniele padelli,Daniele Padelli,42692,0
5749657,2026-27,ITA1,2026-08-29,udinese,edoardo piana,Edoardo Piana,1146636,0
5749657,2026-27,ITA1,2026-08-29,udinese,saba goglichidze,Saba Goglichidze,1507697,0
5749657,2026-27,ITA1,2026-08-29,udinese,david pejicic,David Pejičić,1480713,0
5749657,2026-27,ITA1,2026-08-29,udinese,sandi lovric,Sandi Lovrić,557346,0
5749657,2026-27,ITA1,2026-08-29,udinese,giulio vinciati,Giulio Vinciati,1805112,0
5749657,2026-27,ITA1,2026-08-29,udinese,vakoun issouf bayo,Vakoun Issouf Bayo,644738,0
5749658,2026-27,ITA1,2026-08-30,napoli,alex meret,Alex Meret,577912,1
5749658,2026-27,ITA1,2026-08-30,napoli,giovanni di lorenzo,Giovanni Di Lorenzo,414906,1
5749658,2026-27,ITA1,2026-08-30,napoli,amir rrahmani,Amir Rrahmani,544693,1
5749658,2026-27,ITA1,2026-08-30,napoli,rafa marin,Rafa Marín,1313884,1
5749658,2026-27,ITA1,2026-08-30,napoli,mathias olivera,Mathías Olivera,729093,1
5749658,2026-27,ITA1,2026-08-30,napoli,frank anguissa,Frank Anguissa,612863,1
5749658,2026-27,ITA1,2026-08-30,napoli,stanislav lobotka,Stanislav Lobotka,308517,1
5749658,2026-27,ITA1,2026-08-30,napoli,scott mctominay,Scott McTominay,843099,1
5749658,2026-27,ITA1,2026-08-30,napoli,matteo politano,Matteo Politano,415539,1
5749658,2026-27,ITA1,2026-08-30,napoli,rasmus hojlund,Rasmus Højlund,1199272,1
5749658,2026-27,ITA1,2026-08-30,napoli,noa lang,Noa Lang,837341,1
5749658,2026-27,ITA1,2026-08-30,napoli,alisson santos,Alisson Santos,1355552,0
5749658,2026-27,ITA1,2026-08-30,napoli,kevin de bruyne,Kevin De Bruyne,169200,0
5749658,2026-27,ITA1,2026-08-30,napoli,leonardo spinazzola,Leonardo Spinazzola,215242,0
5749658,2026-27,ITA1,2026-08-30,napoli,david neres,David Neres,793066,0
5749658,2026-27,ITA1,2026-08-30,napoli,lorenzo lucca,Lorenzo Lucca,1212630,0
5749658,2026-27,ITA1,2026-08-30,napoli,nikita contini,Nikita Contini,517068,0
5749658,2026-27,ITA1,2026-08-30,napoli,vanja milinkovic savic,Vanja Milinkovic-Savic,543021,0
5749658,2026-27,ITA1,2026-08-30,napoli,christian garofalo,Christian Garofalo,1830782,0
5749658,2026-27,ITA1,2026-08-30,napoli,sam beukema,Sam Beukema,873573,0
5749658,2026-27,ITA1,2026-08-30,napoli,antonio vergara,Antonio Vergara,1320863,0
5749658,2026-27,ITA1,2026-08-30,napoli,billy gilmour,Billy Gilmour,942549,0
5749658,2026-27,ITA1,2026-08-30,napoli,costantino favasuli,Costantino Favasuli,1403328,0
5749658,2026-27,ITA1,2026-08-30,napoli,giovane nascimento,Giovane Nascimento,1355574,0
5749658,2026-27,ITA1,2026-08-30,como,jean butez,Jean Butez,560939,1
5749658,2026-27,ITA1,2026-08-30,como,yan couto,Yan Couto,1109171,1
5749658,2026-27,ITA1,2026-08-30,como,jacobo ramon,Jacobo Ramón,1413963,1
5749658,2026-27,ITA1,2026-08-30,como,trevoh chalobah,Trevoh Chalobah,793907,1
5749658,2026-27,ITA1,2026-08-30,como,alex valle,Álex Valle,1384881,1
5749658,2026-27,ITA1,2026-08-30,como,luis milla,Luis Milla,638090,1
5749658,2026-27,ITA1,2026-08-30,como,lucas da cunha,Lucas Da Cunha,1076647,1
5749658,2026-27,ITA1,2026-08-30,como,assane diao,Assane Diao,1434889,1
5749658,2026-27,ITA1,2026-08-30,como,nico paz,Nico Paz,1347574,1
5749658,2026-27,ITA1,2026-08-30,como,martin baturina,Martin Baturina,1215064,1
5749658,2026-27,ITA1,2026-08-30,como,anastasios douvikas,Anastasios Douvikas,873270,1
5749658,2026-27,ITA1,2026-08-30,como,ivan smolcic,Ivan Smolcic,1353289,0
5749658,2026-27,ITA1,2026-08-30,como,maxence caqueret,Maxence Caqueret,846000,0
5749658,2026-27,ITA1,2026-08-30,como,marc oliver kempf,Marc-Oliver Kempf,355356,0
5749658,2026-27,ITA1,2026-08-30,como,maximo perrone,Máximo Perrone,1336582,0
5749658,2026-27,ITA1,2026-08-30,como,kaiki,Kaiki,1459564,0
5749658,2026-27,ITA1,2026-08-30,como,emil audero,Emil Audero,602845,0
5749658,2026-27,ITA1,2026-08-30,como,mauro vigorito,Mauro Vigorito,111741,0
5749658,2026-27,ITA1,2026-08-30,como,alberto dossena,Alberto Dossena,822789,0
5749658,2026-27,ITA1,2026-08-30,como,edoardo goldaniga,Edoardo Goldaniga,362121,0
5749658,2026-27,ITA1,2026-08-30,como,willy kambwala,Willy Kambwala,1344550,0
5749658,2026-27,ITA1,2026-08-30,como,mattia liberali,Mattia Liberali,1593861,0
5749658,2026-27,ITA1,2026-08-30,como,samuele ricci,Samuele Ricci,941656,0
5749658,2026-27,ITA1,2026-08-30,como,adrian lahdo,Adrian Lahdo,1615459,0
5749658,2026-27,ITA1,2026-08-30,como,ivan azon,Iván Azon,1203946,0
5749658,2026-27,ITA1,2026-08-30,como,jesus rodriguez,Jesús Rodríguez,1624039,0
5749659,2026-27,ITA1,2026-08-29,sassuolo,arijanet muric,Arijanet Muric,760752,1
5749659,2026-27,ITA1,2026-08-29,sassuolo,simone cinquegrano,Simone Cinquegrano,1735847,1
5749659,2026-27,ITA1,2026-08-29,sassuolo,jay idzes,Jay Idzes,937412,1
5749659,2026-27,ITA1,2026-08-29,sassuolo,fedde leysen,Fedde Leysen,1203195,1
5749659,2026-27,ITA1,2026-08-29,sassuolo,josh doig,Josh Doig,1130330,1
5749659,2026-27,ITA1,2026-08-29,sassuolo,vasilije adzic,Vasilije Adzic,1382375,1
5749659,2026-27,ITA1,2026-08-29,sassuolo,nemanja matic,Nemanja Matic,115067,1
5749659,2026-27,ITA1,2026-08-29,sassuolo,darryl bakola,Darryl Bakola,1641041,1
5749659,2026-27,ITA1,2026-08-29,sassuolo,cristian volpato,Cristian Volpato,1308909,1
5749659,2026-27,ITA1,2026-08-29,sassuolo,kieron bowie,Kieron Bowie,982617,1
5749659,2026-27,ITA1,2026-08-29,sassuolo,armand lauriente,Armand Laurienté,935769,1
5749659,2026-27,ITA1,2026-08-29,sassuolo,kristian thorstvedt,Kristian Thorstvedt,921921,0
5749659,2026-27,ITA1,2026-08-29,sassuolo,rafael obrador,Rafael Obrador,1167529,0
5749659,2026-27,ITA1,2026-08-29,sassuolo,benja dominguez,Benja Domínguez,1316088,0
5749659,2026-27,ITA1,2026-08-29,sassuolo,domenico berardi,Domenico Berardi,364520,0
5749659,2026-27,ITA1,2026-08-29,sassuolo,luca lipani,Luca Lipani,1369279,0
5749659,2026-27,ITA1,2026-08-29,sassuolo,giacomo satalino,Giacomo Satalino,727654,0
5749659,2026-27,ITA1,2026-08-29,sassuolo,stefano turati,Stefano Turati,869054,0
5749659,2026-27,ITA1,2026-08-29,sassuolo,cas odenthal,Cas Odenthal,1079501,0
5749659,2026-27,ITA1,2026-08-29,sassuolo,andrea ghion,Andrea Ghion,1055183,0
5749659,2026-27,ITA1,2026-08-29,sassuolo,edoardo iannoni,Edoardo Iannoni,1189692,0
5749659,2026-27,ITA1,2026-08-29,sassuolo,filippo missori,Filippo Missori,1307979,0
5749659,2026-27,ITA1,2026-08-29,sassuolo,gabriel kulla,Gabriel Kulla,2022716,0
5749659,2026-27,ITA1,2026-08-29,sassuolo,nicholas pierini,Nicholas Pierini,720649,0
5749659,2026-27,ITA1,2026-08-29,torino,diego mascardi,Diego Mascardi,1577119,1
5749659,2026-27,ITA1,2026-08-29,torino,pietro comuzzo,Pietro Comuzzo,1529222,1
5749659,2026-27,ITA1,2026-08-29,torino,saul coco,Saúl Coco,941953,1
5749659,2026-27,ITA1,2026-08-29,torino,eray comert,Eray Cömert,705484,1
5749659,2026-27,ITA1,2026-08-29,torino,niccolo fortini,Niccolò Fortini,1642351,1
5749659,2026-27,ITA1,2026-08-29,torino,kian fitz jim,Kian Fitz-Jim,1218556,1
5749659,2026-27,ITA1,2026-08-29,torino,gvidas gineitis,Gvidas Gineitis,1421505,1
5749659,2026-27,ITA1,2026-08-29,torino,alessio cacciamani,Alessio Cacciamani,1746591,1
5749659,2026-27,ITA1,2026-08-29,torino,nikola vlasic,Nikola Vlasic,557677,1
5749659,2026-27,ITA1,2026-08-29,torino,che adams,Ché Adams,599353,1
5749659,2026-27,ITA1,2026-08-29,torino,giovanni simeone,Giovanni Simeone,469615,1
5749659,2026-27,ITA1,2026-08-29,torino,emirhan ilkhan,Emirhan Ilkhan,1301633,0
5749659,2026-27,ITA1,2026-08-29,torino,ardian ismajli,Ardian Ismajli,750880,0
5749659,2026-27,ITA1,2026-08-29,torino,zakaria aboukhlal,Zakaria Aboukhlal,846761,0
5749659,2026-27,ITA1,2026-08-29,torino,sandro kulenovic,Sandro Kulenovic,823113,0
5749659,2026-27,ITA1,2026-08-29,torino,duvan zapata,Duván Zapata,116555,0
5749659,2026-27,ITA1,2026-08-29,torino,alberto paleari,Alberto Paleari,415137,0
5749659,2026-27,ITA1,2026-08-29,torino,lapo siviero,Lapo Siviero,1817264,0
5749659,2026-27,ITA1,2026-08-29,torino,ali dembele,Ali Dembélé,1429871,0
5749659,2026-27,ITA1,2026-08-29,torino,mattia pellini,Mattia Pellini,1879686,0
5749659,2026-27,ITA1,2026-08-29,torino,alieu njie,Alieu Njie,1607014,0
5749659,2026-27,ITA1,2026-08-29,torino,andrea luongo,Andrea Luongo,1762472,0
5749659,2026-27,ITA1,2026-08-29,torino,tino anjorin,Tino Anjorin,983199,0
5749659,2026-27,ITA1,2026-08-29,torino,gaetano oristanio,Gaetano Oristanio,1110045,0
5749660,2026-27,ITA1,2026-09-05,roma,mile svilar,Mile Svilar,768474,1
5749660,2026-27,ITA1,2026-09-05,roma,evan ndicka,Evan N'Dicka,787242,1
5749660,2026-27,ITA1,2026-09-05,roma,gianluca mancini,Gianluca Mancini,588687,1
5749660,2026-27,ITA1,2026-09-05,roma,mario hermoso,Mario Hermoso,671203,1
5749660,2026-27,ITA1,2026-09-05,roma,emanuele lulli,Emanuele Lulli,1800491,1
5749660,2026-27,ITA1,2026-09-05,roma,bryan cristante,Bryan Cristante,299799,1
5749660,2026-27,ITA1,2026-09-05,roma,manu kone,Manu Koné,1016132,1
5749660,2026-27,ITA1,2026-09-05,roma,wesley,Wesley,1320176,1
5749660,2026-27,ITA1,2026-09-05,roma,rodrigo mora,Rodrigo Mora,1525065,1
5749660,2026-27,ITA1,2026-09-05,roma,paulo dybala,Paulo Dybala,325916,1
5749660,2026-27,ITA1,2026-09-05,roma,donyell malen,Donyell Malen,660301,1
5749660,2026-27,ITA1,2026-09-05,roma,nahuel molina,Nahuel Molina,726345,0
5749660,2026-27,ITA1,2026-09-05,roma,matias soule,Matias Soulé,1280082,0
5749660,2026-27,ITA1,2026-09-05,roma,daniele ghilardi,Daniele Ghilardi,1386006,0
5749660,2026-27,ITA1,2026-09-05,roma,santiago castro,Santiago Castro,1282008,0
5749660,2026-27,ITA1,2026-09-05,roma,leonardo balerdi,Leonardo Balerdi,958464,0
5749660,2026-27,ITA1,2026-09-05,roma,giorgio de marzi,Giorgio De Marzi,1667016,0
5749660,2026-27,ITA1,2026-09-05,roma,pierluigi gollini,Pierluigi Gollini,553849,0
5749660,2026-27,ITA1,2026-09-05,roma,konstantinos koulierakis,Konstantinos Koulierakis,1337884,0
5749660,2026-27,ITA1,2026-09-05,roma,devyne rensch,Devyne Rensch,1180321,0
5749660,2026-27,ITA1,2026-09-05,roma,marten de roon,Marten de Roon,198559,0
5749660,2026-27,ITA1,2026-09-05,roma,niccolo pisilli,Niccolò Pisilli,1451196,0
5749660,2026-27,ITA1,2026-09-05,roma,antonio arena,Antonio Arena,1726757,0
5749660,2026-27,ITA1,2026-09-05,atalanta,marco carnesecchi,Marco Carnesecchi,1013021,1
5749660,2026-27,ITA1,2026-09-05,atalanta,raoul bellanova,Raoul Bellanova,902651,1
5749660,2026-27,ITA1,2026-09-05,atalanta,odilon kossounou,Odilon Kossounou,1014496,1
5749660,2026-27,ITA1,2026-09-05,atalanta,giorgio scalvini,Giorgio Scalvini,1202358,1
5749660,2026-27,ITA1,2026-09-05,atalanta,sead kolasinac,Sead Kolašinac,304345,1
5749660,2026-27,ITA1,2026-09-05,atalanta,lazar samardzic,Lazar Samardžić,1050178,1
5749660,2026-27,ITA1,2026-09-05,atalanta,gianluca gaetano,Gianluca Gaetano,1012842,1
5749660,2026-27,ITA1,2026-09-05,atalanta,ederson,Éderson,957203,1
5749660,2026-27,ITA1,2026-09-05,atalanta,charles de ketelaere,Charles De Ketelaere,1095432,1
5749660,2026-27,ITA1,2026-09-05,atalanta,gianluca scamacca,Gianluca Scamacca,721089,1
5749660,2026-27,ITA1,2026-09-05,atalanta,eljif elmas,Eljif Elmas,741049,1
5749660,2026-27,ITA1,2026-09-05,atalanta,nikola krstovic,Nikola Krstović,833638,0
5749660,2026-27,ITA1,2026-09-05,atalanta,mario pasalic,Mario Pašalić,446266,0
5749660,2026-27,ITA1,2026-09-05,atalanta,nicola zalewski,Nicola Zalewski,1053714,0
5749660,2026-27,ITA1,2026-09-05,atalanta,davide zappacosta,Davide Zappacosta,244811,0
5749660,2026-27,ITA1,2026-09-05,atalanta,franck kessie,Franck Kessié,579747,0
5749660,2026-27,ITA1,2026-09-05,atalanta,marco sportiello,Marco Sportiello,212630,0
5749660,2026-27,ITA1,2026-09-05,atalanta,thomas pompei,Thomas Pompei,2189043,0
5749660,2026-27,ITA1,2026-09-05,atalanta,relja obric,Relja Obrić,1692456,0
5749660,2026-27,ITA1,2026-09-05,atalanta,thomas kristensen,Thomas Kristensen,1190029,0
5749660,2026-27,ITA1,2026-09-05,atalanta,giacomo raspadori,Giacomo Raspadori,951743,0
5749660,2026-27,ITA1,2026-09-05,atalanta,lorenzo bernasconi,Lorenzo Bernasconi,1191093,0
5749660,2026-27,ITA1,2026-09-05,atalanta,jonathan rowe,Jonathan Rowe,1113694,0
5749661,2026-27,ITA1,2026-09-06,bologna,lukasz skorupski,Łukasz Skorupski,178732,1
5749661,2026-27,ITA1,2026-09-06,bologna,emil holm,Emil Holm,1014630,1
5749661,2026-27,ITA1,2026-09-06,bologna,torbjorn heggem,Torbjørn Heggem,935550,1
5749661,2026-27,ITA1,2026-09-06,bologna,arthur theate,Arthur Theate,1173250,1
5749661,2026-27,ITA1,2026-09-06,bologna,rahim alhassane,Rahim Alhassane,1333066,1
5749661,2026-27,ITA1,2026-09-06,bologna,lewis ferguson,Lewis Ferguson,888921,1
5749661,2026-27,ITA1,2026-09-06,bologna,tommaso pobega,Tommaso Pobega,790732,1
5749661,2026-27,ITA1,2026-09-06,bologna,federico bernardeschi,Federico Bernardeschi,414245,1
5749661,2026-27,ITA1,2026-09-06,bologna,jens odgaard,Jens Odgaard,689680,1
5749661,2026-27,ITA1,2026-09-06,bologna,nicolo cambiaghi,Nicolò Cambiaghi,1044029,1
5749661,2026-27,ITA1,2026-09-06,bologna,roberto piccoli,Roberto Piccoli,1017401,1
5749661,2026-27,ITA1,2026-09-06,bologna,juan miranda,Juan Miranda,873956,0
5749661,2026-27,ITA1,2026-09-06,bologna,marco libra,Marco Libra,2008804,0
5749661,2026-27,ITA1,2026-09-06,bologna,nikola moro,Nikola Moro,641595,0
5749661,2026-27,ITA1,2026-09-06,bologna,artem dovbyk,Artem Dovbyk,655696,0
5749661,2026-27,ITA1,2026-09-06,bologna,samuel mbangula,Samuel Mbangula,1402900,0
5749661,2026-27,ITA1,2026-09-06,bologna,massimo pessina,Massimo Pessina,1696050,0
5749661,2026-27,ITA1,2026-09-06,bologna,ukko happonen,Ukko Happonen,1813717,0
5749661,2026-27,ITA1,2026-09-06,bologna,eivind helland,Eivind Helland,1503574,0
5749661,2026-27,ITA1,2026-09-06,bologna,lorenzo de silvestri,Lorenzo De Silvestri,25587,0
5749661,2026-27,ITA1,2026-09-06,bologna,martin vitik,Martin Vitík,1198712,0
5749661,2026-27,ITA1,2026-09-06,bologna,nadir zortea,Nadir Zortea,1080669,0
5749661,2026-27,ITA1,2026-09-06,bologna,mikel amondarain,Mikel Amondarain,1661207,0
5749661,2026-27,ITA1,2026-09-06,bologna,jay enem,Jay Enem,1344246,0
5749661,2026-27,ITA1,2026-09-06,sassuolo,arijanet muric,Arijanet Murić,760752,1
5749661,2026-27,ITA1,2026-09-06,sassuolo,simone cinquegrano,Simone Cinquegrano,1735847,1
5749661,2026-27,ITA1,2026-09-06,sassuolo,jay idzes,Jay Idzes,937412,1
5749661,2026-27,ITA1,2026-09-06,sassuolo,fedde leysen,Fedde Leysen,1203195,1
5749661,2026-27,ITA1,2026-09-06,sassuolo,josh doig,Josh Doig,1130330,1
5749661,2026-27,ITA1,2026-09-06,sassuolo,vasilije adzic,Vasilije Adžić,1382375,1
5749661,2026-27,ITA1,2026-09-06,sassuolo,nemanja matic,Nemanja Matić,115067,1
5749661,2026-27,ITA1,2026-09-06,sassuolo,luca lipani,Luca Lipani,1369279,1
5749661,2026-27,ITA1,2026-09-06,sassuolo,cristian volpato,Cristian Volpato,1308909,1
5749661,2026-27,ITA1,2026-09-06,sassuolo,kieron bowie,Kieron Bowie,982617,1
5749661,2026-27,ITA1,2026-09-06,sassuolo,armand lauriente,Armand Laurienté,935769,1
5749661,2026-27,ITA1,2026-09-06,sassuolo,domenico berardi,Domenico Berardi,364520,0
5749661,2026-27,ITA1,2026-09-06,sassuolo,ibrahim sulemana,Ibrahim Sulemana,1396375,0
5749661,2026-27,ITA1,2026-09-06,sassuolo,kristian thorstvedt,Kristian Thorstvedt,921921,0
5749661,2026-27,ITA1,2026-09-06,sassuolo,andrea ghion,Andrea Ghion,1055183,0
5749661,2026-27,ITA1,2026-09-06,sassuolo,rafael obrador,Rafael Obrador,1167529,0
5749661,2026-27,ITA1,2026-09-06,sassuolo,giacomo satalino,Giacomo Satalino,727654,0
5749661,2026-27,ITA1,2026-09-06,sassuolo,stefano turati,Stefano Turati,869054,0
5749661,2026-27,ITA1,2026-09-06,sassuolo,cas odenthal,Cas Odenthal,1079501,0
5749661,2026-27,ITA1,2026-09-06,sassuolo,duje caleta car,Duje Ćaleta-Car,557799,0
5749661,2026-27,ITA1,2026-09-06,sassuolo,ignace van der brempt,Ignace Van Der Brempt,1082597,0
5749661,2026-27,ITA1,2026-09-06,sassuolo,benja dominguez,Benja Domínguez,1316088,0
5749661,2026-27,ITA1,2026-09-06,sassuolo,laurs skjellerup,Laurs Skjellerup,1163273,0
5749661,2026-27,ITA1,2026-09-06,sassuolo,nicholas pierini,Nicholas Pierini,720649,0
5749661,2026-27,ITA1,2026-09-06,sassuolo,sebastiano esposito,Sebastiano Esposito,1030212,0
5749662,2026-27,ITA1,2026-09-07,cagliari,elia caprile,Elia Caprile,958422,1
5749662,2026-27,ITA1,2026-09-07,cagliari,ze pedro,Zé Pedro,957107,1
5749662,2026-27,ITA1,2026-09-07,cagliari,alessandro deiola,Alessandro Deiola,449283,1
5749662,2026-27,ITA1,2026-09-07,cagliari,juan rodriguez,Juan Rodríguez,1621219,1
5749662,2026-27,ITA1,2026-09-07,cagliari,adam obert,Adam Obert,1289961,1
5749662,2026-27,ITA1,2026-09-07,cagliari,michel ndary adopo,Michel Ndary Adopo,936164,1
5749662,2026-27,ITA1,2026-09-07,cagliari,harry winks,Harry Winks,528453,1
5749662,2026-27,ITA1,2026-09-07,cagliari,alessandro romano,Alessandro Romano,1705649,1
5749662,2026-27,ITA1,2026-09-07,cagliari,daniel maldini,Daniel Maldini,1072054,1
5749662,2026-27,ITA1,2026-09-07,cagliari,jacopo fazzini,Jacopo Fazzini,1329487,1
5749662,2026-27,ITA1,2026-09-07,cagliari,paul mendy,Paul Mendy,1902196,1
5749662,2026-27,ITA1,2026-09-07,cagliari,mattia felici,Mattia Felici,1021302,0
5749662,2026-27,ITA1,2026-09-07,cagliari,raphael kofler,Raphael Kofler,1396084,0
5749662,2026-27,ITA1,2026-09-07,cagliari,alieu fadera,Alieu Fadera,1159233,0
5749662,2026-27,ITA1,2026-09-07,cagliari,roberto gagliardini,Roberto Gagliardini,485634,0
5749662,2026-27,ITA1,2026-09-07,cagliari,alessandro sugamele,Alessandro Sugamele,1663296,0
5749662,2026-27,ITA1,2026-09-07,cagliari,alen sherri,Alen Sherri,1178779,0
5749662,2026-27,ITA1,2026-09-07,cagliari,boris radunovic,Boris Radunović,435684,0
5749662,2026-27,ITA1,2026-09-07,cagliari,demi akarakiri,Demi Akarakiri,1724391,0
5749662,2026-27,ITA1,2026-09-07,cagliari,giuseppe aurelio,Giuseppe Aurelio,1165232,0
5749662,2026-27,ITA1,2026-09-07,cagliari,ivan sulev,Ivan Sulev,1305226,0
5749662,2026-27,ITA1,2026-09-07,cagliari,joseph liteta,Joseph Liteta,1807301,0
5749662,2026-27,ITA1,2026-09-07,cagliari,nicola grandu,Nicola Grandu,1817272,0
5749662,2026-27,ITA1,2026-09-07,cagliari,riccardo ciervo,Riccardo Ciervo,1210653,0
5749662,2026-27,ITA1,2026-09-07,cagliari,yanis massolin,Yanis Massolin,1382392,0
5749662,2026-27,ITA1,2026-09-07,lecce,wladimiro falcone,Wladimiro Falcone,362200,1
5749662,2026-27,ITA1,2026-09-07,lecce,danilo veiga,Danilo Veiga,1306664,1
5749662,2026-27,ITA1,2026-09-07,lecce,kialonda gaspar,Kialonda Gaspar,1206806,1
5749662,2026-27,ITA1,2026-09-07,lecce,tiago gabriel,Tiago Gabriel,1574492,1
5749662,2026-27,ITA1,2026-09-07,lecce,antonino gallo,Antonino Gallo,879065,1
5749662,2026-27,ITA1,2026-09-07,lecce,oumar ngom,Oumar Ngom,1332538,1
5749662,2026-27,ITA1,2026-09-07,lecce,santiago pierotti,Santiago Pierotti,1039403,1
5749662,2026-27,ITA1,2026-09-07,lecce,ivan ilic,Ivan Ilić,1036182,1
5749662,2026-27,ITA1,2026-09-07,lecce,lassana coulibaly,Lassana Coulibaly,664587,1
5749662,2026-27,ITA1,2026-09-07,lecce,joel monteiro,Joël Monteiro,1187691,1
5749662,2026-27,ITA1,2026-09-07,lecce,nikola stulic,Nikola Štulić,1178314,1
5749662,2026-27,ITA1,2026-09-07,lecce,amar fatah,Amar Fatah,1311977,0
5749662,2026-27,ITA1,2026-09-07,lecce,jamil siebert,Jamil Siebert,1185260,0
5749662,2026-27,ITA1,2026-09-07,lecce,youssef maleh,Youssef Maleh,789243,0
5749662,2026-27,ITA1,2026-09-07,lecce,konan ndri,Konan N’Dri,1027594,0
5749662,2026-27,ITA1,2026-09-07,lecce,medon berisha,Medon Berisha,1395728,0
5749662,2026-27,ITA1,2026-09-07,lecce,marco bleve,Marco Bleve,506322,0
5749662,2026-27,ITA1,2026-09-07,lecce,plamen penev,Plamen Penev,1879688,0
5749662,2026-27,ITA1,2026-09-07,lecce,ali dembele,Ali Dembélé,1429871,0
5749662,2026-27,ITA1,2026-09-07,lecce,corrie ndaba,Corrie Ndaba,1041508,0
5749662,2026-27,ITA1,2026-09-07,lecce,elijah scott,Elijah Scott,1666206,0
5749662,2026-27,ITA1,2026-09-07,lecce,gaby jean,Gaby Jean,1388474,0
5749662,2026-27,ITA1,2026-09-07,lecce,olaf gorter,Olaf Gorter,1414124,0
5749662,2026-27,ITA1,2026-09-07,lecce,omri gandelman,Omri Gandelman,1202114,0
5749662,2026-27,ITA1,2026-09-07,lecce,sadik fofana,Sadik Fofana,1285732,0
5749662,2026-27,ITA1,2026-09-07,lecce,paco esteban,Paco Esteban,1417101,0
5749663,2026-27,ITA1,2026-09-05,fiorentina,david de gea,David de Gea,182917,1
5749663,2026-27,ITA1,2026-09-05,fiorentina,joao mario,João Mário,958421,1
5749663,2026-27,ITA1,2026-09-05,fiorentina,radu dragusin,Radu Drăgușin,1203661,1
5749663,2026-27,ITA1,2026-09-05,fiorentina,viery,Viery,1501917,1
5749663,2026-27,ITA1,2026-09-05,fiorentina,valde,Valde,1712399,1
5749663,2026-27,ITA1,2026-09-05,fiorentina,nicolo fagioli,Nicolò Fagioli,951712,1
5749663,2026-27,ITA1,2026-09-05,fiorentina,christ inao oulai,Christ Inao Oulaï,1666494,1
5749663,2026-27,ITA1,2026-09-05,fiorentina,marco brescianini,Marco Brescianini,950596,1
5749663,2026-27,ITA1,2026-09-05,fiorentina,franco mastantuono,Franco Mastantuono,1607566,1
5749663,2026-27,ITA1,2026-09-05,fiorentina,mateo pellegrino,Mateo Pellegrino,1224237,1
5749663,2026-27,ITA1,2026-09-05,fiorentina,alieu njie,Alieu Njie,1607014,1
5749663,2026-27,ITA1,2026-09-05,fiorentina,cher ndour,Cher Ndour,1246009,0
5749663,2026-27,ITA1,2026-09-05,fiorentina,arthur atta,Arthur Atta,1428426,0
5749663,2026-27,ITA1,2026-09-05,fiorentina,wilfried gnonto,Wilfried Gnonto,1107286,0
5749663,2026-27,ITA1,2026-09-05,fiorentina,beto,Beto,1079485,0
5749663,2026-27,ITA1,2026-09-05,fiorentina,pote,Pote,875133,0
5749663,2026-27,ITA1,2026-09-05,fiorentina,luca lezzerini,Luca Lezzerini,282059,0
5749663,2026-27,ITA1,2026-09-05,fiorentina,oliver christensen,Oliver Christensen,806972,0
5749663,2026-27,ITA1,2026-09-05,fiorentina,alex jimenez,Álex Jiménez,1526689,0
5749663,2026-27,ITA1,2026-09-05,fiorentina,dodo,Dodô,750734,0
5749663,2026-27,ITA1,2026-09-05,fiorentina,luca ranieri,Luca Ranieri,935406,0
5749663,2026-27,ITA1,2026-09-05,fiorentina,marin pongracic,Marin Pongračić,831474,0
5749663,2026-27,ITA1,2026-09-05,torino,lucas perri,Lucas Perri,637656,1
5749663,2026-27,ITA1,2026-09-05,torino,eray comert,Eray Cömert,705484,1
5749663,2026-27,ITA1,2026-09-05,torino,saul coco,Saúl Coco,941953,1
5749663,2026-27,ITA1,2026-09-05,torino,pietro comuzzo,Pietro Comuzzo,1529222,1
5749663,2026-27,ITA1,2026-09-05,torino,niccolo fortini,Niccolò Fortini,1642351,1
5749663,2026-27,ITA1,2026-09-05,torino,gvidas gineitis,Gvidas Gineitis,1421505,1
5749663,2026-27,ITA1,2026-09-05,torino,rolando mandragora,Rolando Mandragora,577911,1
5749663,2026-27,ITA1,2026-09-05,torino,kian fitz jim,Kian Fitz-Jim,1218556,1
5749663,2026-27,ITA1,2026-09-05,torino,alessio cacciamani,Alessio Cacciamani,1746591,1
5749663,2026-27,ITA1,2026-09-05,torino,nikola vlasic,Nikola Vlašić,557677,1
5749663,2026-27,ITA1,2026-09-05,torino,che adams,Ché Adams,599353,1
5749663,2026-27,ITA1,2026-09-05,torino,ardian ismajli,Ardian Ismajli,750880,0
5749663,2026-27,ITA1,2026-09-05,torino,nathan patterson,Nathan Patterson,1112684,0
5749663,2026-27,ITA1,2026-09-05,torino,rafik belghali,Rafik Belghali,1231029,0
5749663,2026-27,ITA1,2026-09-05,torino,daniel braganca,Daniel Bragança,1014980,0
5749663,2026-27,ITA1,2026-09-05,torino,giovanni simeone,Giovanni Simeone,469615,0
5749663,2026-27,ITA1,2026-09-05,torino,diego mascardi,Diego Mascardi,1577119,0
5749663,2026-27,ITA1,2026-09-05,torino,lapo siviero,Lapo Siviero,1817264,0
5749663,2026-27,ITA1,2026-09-05,torino,manuel carrascosa,Manuel Carrascosa,2182262,0
5749663,2026-27,ITA1,2026-09-05,torino,andrea luongo,Andrea Luongo,1762472,0
5749663,2026-27,ITA1,2026-09-05,torino,cristiano biraghi,Cristiano Biraghi,239350,0
5749663,2026-27,ITA1,2026-09-05,torino,emirhan ilkhan,Emirhan İlkhan,1301633,0
5749663,2026-27,ITA1,2026-09-05,torino,zakaria aboukhlal,Zakaria Aboukhlal,846761,0
5749663,2026-27,ITA1,2026-09-05,torino,duvan zapata,Duván Zapata,116555,0
5749663,2026-27,ITA1,2026-09-05,torino,gaetano oristanio,Gaetano Oristanio,1110045,0
5749663,2026-27,ITA1,2026-09-05,torino,sandro kulenovic,Sandro Kulenović,823113,0
5749664,2026-27,ITA1,2026-09-06,frosinone,lorenzo palmisani,Lorenzo Palmisani,1289655,1
5749664,2026-27,ITA1,2026-09-06,frosinone,anthony oyono,Anthony Oyono,1235421,1
5749664,2026-27,ITA1,2026-09-06,frosinone,gabriele calvani,Gabriele Calvani,1415326,1
5749664,2026-27,ITA1,2026-09-06,frosinone,giorgio cittadini,Giorgio Cittadini,1327513,1
5749664,2026-27,ITA1,2026-09-06,frosinone,gabriele bracaglia,Gabriele Bracaglia,1396091,1
5749664,2026-27,ITA1,2026-09-06,frosinone,giacomo calo,Giacomo Calò,746829,1
5749664,2026-27,ITA1,2026-09-06,frosinone,patrizio masini,Patrizio Masini,1189223,1
5749664,2026-27,ITA1,2026-09-06,frosinone,seydou fini,Seydou Fini,1445163,1
5749664,2026-27,ITA1,2026-09-06,frosinone,romano schmid,Romano Schmid,749488,1
5749664,2026-27,ITA1,2026-09-06,frosinone,giorgi kvernadze,Giorgi Kvernadze,1342748,1
5749664,2026-27,ITA1,2026-09-06,frosinone,antonio raimondo,Antonio Raimondo,1256534,1
5749664,2026-27,ITA1,2026-09-06,frosinone,matteo cichella,Matteo Cichella,1670272,0
5749664,2026-27,ITA1,2026-09-06,frosinone,fares ghedjemis,Farès Ghedjemis,1523327,0
5749664,2026-27,ITA1,2026-09-06,frosinone,ilario monterisi,Ilario Monterisi,1117058,0
5749664,2026-27,ITA1,2026-09-06,frosinone,daniel birligea,Daniel Bîrligea,1135820,0
5749664,2026-27,ITA1,2026-09-06,frosinone,wisdom amey,Wisdom Amey,1250568,0
5749664,2026-27,ITA1,2026-09-06,frosinone,matteo pisseri,Matteo Pisseri,415425,0
5749664,2026-27,ITA1,2026-09-06,frosinone,sebastiano desplanches,Sebastiano Desplanches,1280112,0
5749664,2026-27,ITA1,2026-09-06,frosinone,aleksa terzic,Aleksa Terzić,992025,0
5749664,2026-27,ITA1,2026-09-06,frosinone,enzo tchato,Enzo Tchato,1332850,0
5749664,2026-27,ITA1,2026-09-06,frosinone,omar fayed,Omar Fayed,1510384,0
5749664,2026-27,ITA1,2026-09-06,frosinone,alessio zerbin,Alessio Zerbin,850295,0
5749664,2026-27,ITA1,2026-09-06,frosinone,anouar el azzouzi,Anouar El Azzouzi,1285119,0
5749664,2026-27,ITA1,2026-09-06,frosinone,florian grillitsch,Florian Grillitsch,617044,0
5749664,2026-27,ITA1,2026-09-06,frosinone,luis hasa,Luis Hasa,1402924,0
5749664,2026-27,ITA1,2026-09-06,frosinone,tomas bobcek,Tomás Bobček,1024946,0
5749664,2026-27,ITA1,2026-09-06,venezia,filip stankovic,Filip Stanković,1130600,1
5749664,2026-27,ITA1,2026-09-06,venezia,joel schingtienne,Joël Schingtienne,1352744,1
5749664,2026-27,ITA1,2026-09-06,venezia,armel bella kotchap,Armel Bella-Kotchap,951765,1
5749664,2026-27,ITA1,2026-09-06,venezia,redouane halhal,Redouane Halhal,1298186,1
5749664,2026-27,ITA1,2026-09-06,venezia,antoine hainaut,Antoine Hainaut,1290968,1
5749664,2026-27,ITA1,2026-09-06,venezia,kike perez,Kike Pérez,888167,1
5749664,2026-27,ITA1,2026-09-06,venezia,gianluca busio,Gianluca Busio,924431,1
5749664,2026-27,ITA1,2026-09-06,venezia,simon sohm,Simon Sohm,975242,1
5749664,2026-27,ITA1,2026-09-06,venezia,ridgeciano haps,Ridgeciano Haps,414232,1
5749664,2026-27,ITA1,2026-09-06,venezia,albion rrahmani,Albion Rrahmani,1379468,1
5749664,2026-27,ITA1,2026-09-06,venezia,akor adams,Akor Adams,958640,1
5749664,2026-27,ITA1,2026-09-06,venezia,richie sagrado,Richie Sagrado,1388039,0
5749664,2026-27,ITA1,2026-09-06,venezia,toni fernandez,Toni Fernández,1665438,0
5749664,2026-27,ITA1,2026-09-06,venezia,john yeboah,John Yeboah,845368,0
5749664,2026-27,ITA1,2026-09-06,venezia,lion lauberbach,Lion Lauberbach,866165,0
5749664,2026-27,ITA1,2026-09-06,venezia,matias moreno,Matías Moreno,1605748,0
5749664,2026-27,ITA1,2026-09-06,venezia,lorenzo montipo,Lorenzo Montipò,491784,0
5749664,2026-27,ITA1,2026-09-06,venezia,ale gomes,Ale Gomes,1842921,0
5749664,2026-27,ITA1,2026-09-06,venezia,thierry correia,Thierry Correia,992052,0
5749664,2026-27,ITA1,2026-09-06,venezia,lamine fanne,Lamine Fanne,1460862,0
5749664,2026-27,ITA1,2026-09-06,venezia,lorenzo berardi,Lorenzo Berardi,1803901,0
5749664,2026-27,ITA1,2026-09-06,venezia,matteo dagasso,Matteo Dagasso,1592168,0
5749664,2026-27,ITA1,2026-09-06,venezia,pasquale mazzocchi,Pasquale Mazzocchi,675327,0
5749664,2026-27,ITA1,2026-09-06,venezia,simone panada,Simone Panada,1050821,0
5749664,2026-27,ITA1,2026-09-06,venezia,thorir helgason,Thórir Helgason,939593,0
5749664,2026-27,ITA1,2026-09-06,venezia,kornel lisman,Kornel Lisman,1529483,0
5749665,2026-27,ITA1,2026-09-04,genoa,justin bijlow,Justin Bijlow,721533,1
5749665,2026-27,ITA1,2026-09-04,genoa,alessandro marcandalli,Alessandro Marcandalli,1436436,1
5749665,2026-27,ITA1,2026-09-04,genoa,leo ostigard,Leo Østigard,740944,1
5749665,2026-27,ITA1,2026-09-04,genoa,johan vasquez,Johan Vásquez,914103,1
5749665,2026-27,ITA1,2026-09-04,genoa,stefano sabelli,Stefano Sabelli,364104,1
5749665,2026-27,ITA1,2026-09-04,genoa,djibril sow,Djibril Sow,707970,1
5749665,2026-27,ITA1,2026-09-04,genoa,tommaso baldanzi,Tommaso Baldanzi,1200591,1
5749665,2026-27,ITA1,2026-09-04,genoa,mikael egill ellertsson,Mikael Egill Ellertsson,942193,1
5749665,2026-27,ITA1,2026-09-04,genoa,morten frendrup,Morten Frendrup,921543,1
5749665,2026-27,ITA1,2026-09-04,genoa,lorenzo colombo,Lorenzo Colombo,1050163,1
5749665,2026-27,ITA1,2026-09-04,genoa,milutin osmajic,Milutin Osmajić,936603,1
5749665,2026-27,ITA1,2026-09-04,genoa,vitinha,Vítinha,1215057,0
5749665,2026-27,ITA1,2026-09-04,genoa,junior messias,Junior Messias,1003368,0
5749665,2026-27,ITA1,2026-09-04,genoa,kingsley ehizibue,Kingsley Ehizibue,586474,0
5749665,2026-27,ITA1,2026-09-04,genoa,amorim,Amorim,1469120,0
5749665,2026-27,ITA1,2026-09-04,genoa,franz ethan meichtry,Franz-Ethan Meichtry,1677025,0
5749665,2026-27,ITA1,2026-09-04,genoa,daniele sommariva,Daniele Sommariva,577914,0
5749665,2026-27,ITA1,2026-09-04,genoa,franz stolz,Franz Stolz,951238,0
5749665,2026-27,ITA1,2026-09-04,genoa,david puczka,David Puczka,1405996,0
5749665,2026-27,ITA1,2026-09-04,genoa,mamedi doucoure,Mamedi Doucouré,1910652,0
5749665,2026-27,ITA1,2026-09-04,genoa,mario mitaj,Mario Mitaj,1184458,0
5749665,2026-27,ITA1,2026-09-04,genoa,sebastian otoa,Sebastian Otoa,1404077,0
5749665,2026-27,ITA1,2026-09-04,genoa,hamed traore,Hamed Traorè,875672,0
5749665,2026-27,ITA1,2026-09-04,genoa,samuel wiafe,Samuel Wiafe,1902062,0
5749665,2026-27,ITA1,2026-09-04,genoa,stephan el shaarawy,Stephan El Shaarawy,161328,0
5749665,2026-27,ITA1,2026-09-04,como,jean butez,Jean Butez,560939,1
5749665,2026-27,ITA1,2026-09-04,como,yan couto,Yan Couto,1109171,1
5749665,2026-27,ITA1,2026-09-04,como,jacobo ramon,Jacobo Ramón,1413963,1
5749665,2026-27,ITA1,2026-09-04,como,trevoh chalobah,Trevoh Chalobah,793907,1
5749665,2026-27,ITA1,2026-09-04,como,alex valle,Álex Valle,1384881,1
5749665,2026-27,ITA1,2026-09-04,como,maximo perrone,Máximo Perrone,1336582,1
5749665,2026-27,ITA1,2026-09-04,como,lucas da cunha,Lucas Da Cunha,1076647,1
5749665,2026-27,ITA1,2026-09-04,como,assane diao,Assane Diao,1434889,1
5749665,2026-27,ITA1,2026-09-04,como,nico paz,Nico Paz,1347574,1
5749665,2026-27,ITA1,2026-09-04,como,martin baturina,Martin Baturina,1215064,1
5749665,2026-27,ITA1,2026-09-04,como,anastasios douvikas,Anastasios Douvikas,873270,1
5749665,2026-27,ITA1,2026-09-04,como,moise kean,Moise Kean,747926,0
5749665,2026-27,ITA1,2026-09-04,como,maxence caqueret,Maxence Caqueret,846000,0
5749665,2026-27,ITA1,2026-09-04,como,luis milla,Luis Milla,638090,0
5749665,2026-27,ITA1,2026-09-04,como,samuele ricci,Samuele Ricci,941656,0
5749665,2026-27,ITA1,2026-09-04,como,mattia liberali,Mattia Liberali,1593861,0
5749665,2026-27,ITA1,2026-09-04,como,mauro vigorito,Mauro Vigorito,111741,0
5749665,2026-27,ITA1,2026-09-04,como,robert sanchez,Robert Sánchez,789571,0
5749665,2026-27,ITA1,2026-09-04,como,alberto dossena,Alberto Dossena,822789,0
5749665,2026-27,ITA1,2026-09-04,como,edoardo goldaniga,Edoardo Goldaniga,362121,0
5749665,2026-27,ITA1,2026-09-04,como,ivan smolcic,Ivan Smolčić,1353289,0
5749665,2026-27,ITA1,2026-09-04,como,kaiki,Kaiki,1459564,0
5749665,2026-27,ITA1,2026-09-04,como,marc oliver kempf,Marc-Oliver Kempf,355356,0
5749665,2026-27,ITA1,2026-09-04,como,willy kambwala,Willy Kambwala,1344550,0
5749665,2026-27,ITA1,2026-09-04,como,adrian lahdo,Adrian Lahdo,1615459,0
5749665,2026-27,ITA1,2026-09-04,como,jesus rodriguez,Jesús Rodríguez,1624039,0
5749666,2026-27,ITA1,2026-09-05,inter,josep martinez,Josep Martínez,772168,1
5749666,2026-27,ITA1,2026-09-05,inter,yann aurel bisseck,Yann Aurel Bisseck,889535,1
5749666,2026-27,ITA1,2026-09-05,inter,manuel akanji,Manuel Akanji,521318,1
5749666,2026-27,ITA1,2026-09-05,inter,alessandro bastoni,Alessandro Bastoni,805451,1
5749666,2026-27,ITA1,2026-09-05,inter,andy diouf,Andy Diouf,1254297,1
5749666,2026-27,ITA1,2026-09-05,inter,nicolo barella,Nicolò Barella,541820,1
5749666,2026-27,ITA1,2026-09-05,inter,piotr zielinski,Piotr Zieliński,362212,1
5749666,2026-27,ITA1,2026-09-05,inter,petar sucic,Petar Sučić,1382000,1
5749666,2026-27,ITA1,2026-09-05,inter,federico dimarco,Federico Dimarco,605224,1
5749666,2026-27,ITA1,2026-09-05,inter,francesco pio esposito,Francesco Pio Esposito,1367618,1
5749666,2026-27,ITA1,2026-09-05,inter,lautaro martinez,Lautaro Martínez,690230,1
5749666,2026-27,ITA1,2026-09-05,inter,curtis jones,Curtis Jones,933768,0
5749666,2026-27,ITA1,2026-09-05,inter,marcus thuram,Marcus Thuram,621562,0
5749666,2026-27,ITA1,2026-09-05,inter,carlos augusto,Carlos Augusto,940829,0
5749666,2026-27,ITA1,2026-09-05,inter,hakan calhanoglu,Hakan Çalhanoglu,304733,0
5749666,2026-27,ITA1,2026-09-05,inter,ange yoan bonny,Ange-Yoan Bonny,1199383,0
5749666,2026-27,ITA1,2026-09-05,inter,ivan provedel,Ivan Provedel,364822,0
5749666,2026-27,ITA1,2026-09-05,inter,raffaele di gennaro,Raffaele Di Gennaro,417743,0
5749666,2026-27,ITA1,2026-09-05,inter,benjamin pavard,Benjamin Pavard,611223,0
5749666,2026-27,ITA1,2026-09-05,inter,john stones,John Stones,263653,0
5749666,2026-27,ITA1,2026-09-05,inter,aleksandar stankovic,Aleksandar Stanković,1410437,0
5749666,2026-27,ITA1,2026-09-05,inter,henrikh mkhitaryan,Henrikh Mkhitaryan,73167,0
5749666,2026-27,ITA1,2026-09-05,inter,luis henrique,Luis Henrique,1114635,0
5749666,2026-27,ITA1,2026-09-05,napoli,alex meret,Alex Meret,577912,1
5749666,2026-27,ITA1,2026-09-05,napoli,giovanni di lorenzo,Giovanni Di Lorenzo,414906,1
5749666,2026-27,ITA1,2026-09-05,napoli,amir rrahmani,Amir Rrahmani,544693,1
5749666,2026-27,ITA1,2026-09-05,napoli,rafa marin,Rafa Marín,1313884,1
5749666,2026-27,ITA1,2026-09-05,napoli,leonardo spinazzola,Leonardo Spinazzola,215242,1
5749666,2026-27,ITA1,2026-09-05,napoli,frank anguissa,Frank Anguissa,612863,1
5749666,2026-27,ITA1,2026-09-05,napoli,stanislav lobotka,Stanislav Lobotka,308517,1
5749666,2026-27,ITA1,2026-09-05,napoli,antonio vergara,Antonio Vergara,1320863,1
5749666,2026-27,ITA1,2026-09-05,napoli,matteo politano,Matteo Politano,415539,1
5749666,2026-27,ITA1,2026-09-05,napoli,rasmus hojlund,Rasmus Højlund,1199272,1
5749666,2026-27,ITA1,2026-09-05,napoli,alisson santos,Alisson Santos,1355552,1
5749666,2026-27,ITA1,2026-09-05,napoli,david neres,David Neres,793066,0
5749666,2026-27,ITA1,2026-09-05,napoli,kevin de bruyne,Kevin De Bruyne,169200,0
5749666,2026-27,ITA1,2026-09-05,napoli,lorenzo lucca,Lorenzo Lucca,1212630,0
5749666,2026-27,ITA1,2026-09-05,napoli,billy gilmour,Billy Gilmour,942549,0
5749666,2026-27,ITA1,2026-09-05,napoli,benoit badiashile,Benoît Badiashile,955376,0
5749666,2026-27,ITA1,2026-09-05,napoli,nikita contini,Nikita Contini,517068,0
5749666,2026-27,ITA1,2026-09-05,napoli,vanja milinkovic savic,Vanja Milinković-Savić,543021,0
5749666,2026-27,ITA1,2026-09-05,napoli,mathias olivera,Mathías Olivera,729093,0
5749666,2026-27,ITA1,2026-09-05,napoli,sam beukema,Sam Beukema,873573,0
5749666,2026-27,ITA1,2026-09-05,napoli,costantino favasuli,Costantino Favasuli,1403328,0
5749666,2026-27,ITA1,2026-09-05,napoli,noa lang,Noa Lang,837341,0
5749667,2026-27,ITA1,2026-09-06,juventus,guglielmo vicario,Guglielmo Vicario,538501,1
5749667,2026-27,ITA1,2026-09-06,juventus,pierre kalulu,Pierre Kalulu,1131217,1
5749667,2026-27,ITA1,2026-09-06,juventus,gleison bremer,Gleison Bremer,857269,1
5749667,2026-27,ITA1,2026-09-06,juventus,jhon lucumi,Jhon Lucumí,860913,1
5749667,2026-27,ITA1,2026-09-06,juventus,zeki celik,Zeki Çelik,867225,1
5749667,2026-27,ITA1,2026-09-06,juventus,manuel locatelli,Manuel Locatelli,624166,1
5749667,2026-27,ITA1,2026-09-06,juventus,douglas luiz,Douglas Luiz,787350,1
5749667,2026-27,ITA1,2026-09-06,juventus,francisco conceicao,Francisco Conceição,1185336,1
5749667,2026-27,ITA1,2026-09-06,juventus,nicolas gonzalez,Nicolás González,841672,1
5749667,2026-27,ITA1,2026-09-06,juventus,kerim alajbegovic,Kerim Alajbegović,1684401,1
5749667,2026-27,ITA1,2026-09-06,juventus,randal kolo muani,Randal Kolo Muani,823825,1
5749667,2026-27,ITA1,2026-09-06,juventus,jeremie boga,Jérémie Boga,643229,0
5749667,2026-27,ITA1,2026-09-06,juventus,teun koopmeiners,Teun Koopmeiners,866516,0
5749667,2026-27,ITA1,2026-09-06,juventus,nick woltemade,Nick Woltemade,1106563,0
5749667,2026-27,ITA1,2026-09-06,juventus,edon zhegrova,Edon Zhegrova,862616,0
5749667,2026-27,ITA1,2026-09-06,juventus,federico gatti,Federico Gatti,1189288,0
5749667,2026-27,ITA1,2026-09-06,juventus,carlo pinsoglio,Carlo Pinsoglio,196074,0
5749667,2026-27,ITA1,2026-09-06,juventus,kamil grabara,Kamil Grabara,760722,0
5749667,2026-27,ITA1,2026-09-06,juventus,daniele rugani,Daniele Rugani,358155,0
5749667,2026-27,ITA1,2026-09-06,juventus,lloyd kelly,Lloyd Kelly,819215,0
5749667,2026-27,ITA1,2026-09-06,juventus,augusto owusu,Augusto Owusu,1667019,0
5749667,2026-27,ITA1,2026-09-06,juventus,filippo pagnucco,Filippo Pagnucco,1697407,0
5749667,2026-27,ITA1,2026-09-06,milan,mike maignan,Mike Maignan,466439,1
5749667,2026-27,ITA1,2026-09-06,milan,mario gila,Mario Gila,1106074,1
5749667,2026-27,ITA1,2026-09-06,milan,koni de winter,Koni De Winter,1200630,1
5749667,2026-27,ITA1,2026-09-06,milan,strahinja pavlovic,Strahinja Pavlović,1048023,1
5749667,2026-27,ITA1,2026-09-06,milan,diego moreira,Diego Moreira,1342754,1
5749667,2026-27,ITA1,2026-09-06,milan,luka modric,Luka Modrić,31097,1
5749667,2026-27,ITA1,2026-09-06,milan,yunus musah,Yunus Musah,1137272,1
5749667,2026-27,ITA1,2026-09-06,milan,pervis estupinan,Pervis Estupinán,688278,1
5749667,2026-27,ITA1,2026-09-06,milan,adrien rabiot,Adrien Rabiot,352879,1
5749667,2026-27,ITA1,2026-09-06,milan,alexis saelemaekers,Alexis Saelemaekers,921341,1
5749667,2026-27,ITA1,2026-09-06,milan,goncalo ramos,Gonçalo Ramos,940087,1
5749667,2026-27,ITA1,2026-09-06,milan,alphadjo cisse,Alphadjo Cissè,1445650,0
5749667,2026-27,ITA1,2026-09-06,milan,ruben loftus cheek,Ruben Loftus-Cheek,604982,0
5749667,2026-27,ITA1,2026-09-06,milan,samuel chukwueze,Samuel Chukwueze,688300,0
5749667,2026-27,ITA1,2026-09-06,milan,ardon jashari,Ardon Jashari,1163219,0
5749667,2026-27,ITA1,2026-09-06,milan,filippo terracciano,Filippo Terracciano,1163501,0
5749667,2026-27,ITA1,2026-09-06,milan,lorenzo torriani,Lorenzo Torriani,1642393,0
5749667,2026-27,ITA1,2026-09-06,milan,pietro terracciano,Pietro Terracciano,281762,0
5749667,2026-27,ITA1,2026-09-06,milan,fikayo tomori,Fikayo Tomori,749662,0
5749667,2026-27,ITA1,2026-09-06,milan,sankhoun diawara,Sankhoun Diawara,1669433,0
5749667,2026-27,ITA1,2026-09-06,milan,christian comotto,Christian Comotto,1787535,0
5749667,2026-27,ITA1,2026-09-06,milan,davide bartesaghi,Davide Bartesaghi,1385856,0
5749667,2026-27,ITA1,2026-09-06,milan,christian pulisic,Christian Pulisic,688295,0
5749667,2026-27,ITA1,2026-09-06,milan,francesco camarda,Francesco Camarda,1554575,0
5749667,2026-27,ITA1,2026-09-06,milan,omari hutchinson,Omari Hutchinson,1215652,0
5749668,2026-27,ITA1,2026-09-06,parma,edoardo corvi,Edoardo Corvi,1117310,1
5749668,2026-27,ITA1,2026-09-06,parma,enrico del prato,Enrico Del Prato,935380,1
5749668,2026-27,ITA1,2026-09-06,parma,diego carlos,Diego Carlos,570434,1
5749668,2026-27,ITA1,2026-09-06,parma,mariano troilo,Mariano Troilo,1520184,1
5749668,2026-27,ITA1,2026-09-06,parma,sascha britschgi,Sascha Britschgi,1693531,1
5749668,2026-27,ITA1,2026-09-06,parma,christian ordonez,Christian Ordóñez,1393542,1
5749668,2026-27,ITA1,2026-09-06,parma,mandela keita,Mandela Keita,1239749,1
5749668,2026-27,ITA1,2026-09-06,parma,emanuele valeri,Emanuele Valeri,867789,1
5749668,2026-27,ITA1,2026-09-06,parma,giovanni fabbian,Giovanni Fabbian,1276505,1
5749668,2026-27,ITA1,2026-09-06,parma,el bilal toure,El Bilal Touré,1054114,1
5749668,2026-27,ITA1,2026-09-06,parma,david romero,David Romero,1233748,1
5749668,2026-27,ITA1,2026-09-06,parma,lautaro valenti,Lautaro Valenti,968029,0
5749668,2026-27,ITA1,2026-09-06,parma,vincent sierro,Vincent Sierro,634310,0
5749668,2026-27,ITA1,2026-09-06,parma,matija frigan,Matija Frigan,1190371,0
5749668,2026-27,ITA1,2026-09-06,parma,simone lontani,Simone Lontani,1843609,0
5749668,2026-27,ITA1,2026-09-06,parma,pontus almqvist,Pontus Almqvist,822589,0
5749668,2026-27,ITA1,2026-09-06,parma,giovanni daffara,Giovanni Daffara,1519035,0
5749668,2026-27,ITA1,2026-09-06,parma,simone ghidotti,Simone Ghidotti,823626,0
5749668,2026-27,ITA1,2026-09-06,parma,abdoulaye ndiaye,Abdoulaye Ndiaye,1053676,0
5749668,2026-27,ITA1,2026-09-06,parma,dominik drobnic,Dominik Drobnič,1891769,0
5749668,2026-27,ITA1,2026-09-06,parma,abdou salam konate,Abdou-Salam Konaté,1844134,0
5749668,2026-27,ITA1,2026-09-06,parma,benjamin cremaschi,Benjamín Cremaschi,1354177,0
5749668,2026-27,ITA1,2026-09-06,parma,franco carboni,Franco Carboni,1199360,0
5749668,2026-27,ITA1,2026-09-06,parma,nesta elphege,Nesta Elphege,1460253,0
5749668,2026-27,ITA1,2026-09-06,parma,thomas de martis,Thomás de Martis,1797278,0
5749668,2026-27,ITA1,2026-09-06,monza,demba thiam,Demba Thiam,955947,1
5749668,2026-27,ITA1,2026-09-06,monza,eddy kouadio,Eddy Kouadio,1676901,1
5749668,2026-27,ITA1,2026-09-06,monza,lorenzo lucchesi,Lorenzo Lucchesi,1524139,1
5749668,2026-27,ITA1,2026-09-06,monza,andrea carboni,Andrea Carboni,1123969,1
5749668,2026-27,ITA1,2026-09-06,monza,samuele birindelli,Samuele Birindelli,799497,1
5749668,2026-27,ITA1,2026-09-06,monza,michael folorunsho,Michael Folorunsho,822440,1
5749668,2026-27,ITA1,2026-09-06,monza,ebenezer akinsanmiro,Ebenezer Akinsanmiro,1481909,1
5749668,2026-27,ITA1,2026-09-06,monza,ricardo mangas,Ricardo Mangas,824655,1
5749668,2026-27,ITA1,2026-09-06,monza,omari forson,Omari Forson,1190023,1
5749668,2026-27,ITA1,2026-09-06,monza,jay robinson,Jay Robinson,1453338,1
5749668,2026-27,ITA1,2026-09-06,monza,dany mota,Dany Mota,737339,1
5749668,2026-27,ITA1,2026-09-06,monza,andrea colpani,Andrea Colpani,937462,0
5749668,2026-27,ITA1,2026-09-06,monza,leonardo colombo,Leonardo Colombo,1415623,0
5749668,2026-27,ITA1,2026-09-06,monza,yvan kouadio maye,Yvan Kouadio Maye,1830551,0
5749668,2026-27,ITA1,2026-09-06,monza,adam bakoune,Adam Bakoune,1425693,0
5749668,2026-27,ITA1,2026-09-06,monza,mathis mout,Mathis Mout,1879542,0
5749668,2026-27,ITA1,2026-09-06,monza,aljaz strajnar,Aljaž Strajnar,1804416,0
5749668,2026-27,ITA1,2026-09-06,monza,noel tornqvist,Noel Törnqvist,1122424,0
5749668,2026-27,ITA1,2026-09-06,monza,saba goglichidze,Saba Goglichidze,1507697,0
5749668,2026-27,ITA1,2026-09-06,monza,valentin antov,Valentin Antov,899649,0
5749668,2026-27,ITA1,2026-09-06,monza,foe ondoa,Foe Ondoa,1577900,0
5749669,2026-27,ITA1,2026-09-07,udinese,maduka okoye,Maduka Okoye,1091193,1
5749669,2026-27,ITA1,2026-09-07,udinese,james abankwah,James Abankwah,1269329,1
5749669,2026-27,ITA1,2026-09-07,udinese,oumar solet,Oumar Solet,866708,1
5749669,2026-27,ITA1,2026-09-07,udinese,enzo ebosse,Enzo Ebosse,769167,1
5749669,2026-27,ITA1,2026-09-07,udinese,mergim vojvoda,Mërgim Vojvoda,560945,1
5749669,2026-27,ITA1,2026-09-07,udinese,jesper karlstrom,Jesper Karlström,322003,1
5749669,2026-27,ITA1,2026-09-07,udinese,jakub piotrowski,Jakub Piotrowski,689987,1
5749669,2026-27,ITA1,2026-09-07,udinese,hassane kamara,Hassane Kamara,488415,1
5749669,2026-27,ITA1,2026-09-07,udinese,jurgen ekkelenkamp,Jurgen Ekkelenkamp,934156,1
5749669,2026-27,ITA1,2026-09-07,udinese,unai gomez,Unai Gómez,1436270,1
5749669,2026-27,ITA1,2026-09-07,udinese,keinan davis,Keinan Davis,724368,1
5749669,2026-27,ITA1,2026-09-07,udinese,lennon miller,Lennon Miller,1399969,0
5749669,2026-27,ITA1,2026-09-07,udinese,christian kabasele,Christian Kabasele,149219,0
5749669,2026-27,ITA1,2026-09-07,udinese,vakoun issouf bayo,Vakoun Issouf Bayo,644738,0
5749669,2026-27,ITA1,2026-09-07,udinese,nicolo bertola,Nicolò Bertola,1258292,0
5749669,2026-27,ITA1,2026-09-07,udinese,oier zarraga,Oier Zarraga,1106916,0
5749669,2026-27,ITA1,2026-09-07,udinese,bartosz mrozek,Bartosz Mrozek,770994,0
5749669,2026-27,ITA1,2026-09-07,udinese,daniele padelli,Daniele Padelli,42692,0
5749669,2026-27,ITA1,2026-09-07,udinese,giorgi chakvetadze,Giorgi Chakvetadze,837847,0
5749669,2026-27,ITA1,2026-09-07,udinese,sandi lovric,Sandi Lovrić,557346,0
5749669,2026-27,ITA1,2026-09-07,udinese,giulio vinciati,Giulio Vinciati,1805112,0
5749669,2026-27,ITA1,2026-09-07,udinese,idrissa gueye,Idrissa Gueye,1532261,0
5749669,2026-27,ITA1,2026-09-07,udinese,lazar jovanovic,Lazar Jovanović,1518938,0
5749669,2026-27,ITA1,2026-09-07,lazio,christos mandas,Christos Mandas,915156,1
5749669,2026-27,ITA1,2026-09-07,lazio,romano floriani mussolini,Romano Floriani Mussolini,1307957,1
5749669,2026-27,ITA1,2026-09-07,lazio,danilho doekhi,Danilho Doekhi,724196,1
5749669,2026-27,ITA1,2026-09-07,lazio,oliver provstgaard,Oliver Provstgaard,1333331,1
5749669,2026-27,ITA1,2026-09-07,lazio,nuno tavares,Nuno Tavares,957118,1
5749669,2026-27,ITA1,2026-09-07,lazio,davide frattesi,Davide Frattesi,815431,1
5749669,2026-27,ITA1,2026-09-07,lazio,reda belahyane,Reda Belahyane,1388071,1
5749669,2026-27,ITA1,2026-09-07,lazio,kenneth taylor,Kenneth Taylor,970565,1
5749669,2026-27,ITA1,2026-09-07,lazio,gustav isaksen,Gustav Isaksen,1016093,1
5749669,2026-27,ITA1,2026-09-07,lazio,andrea pinamonti,Andrea Pinamonti,750030,1
5749669,2026-27,ITA1,2026-09-07,lazio,mattia zaccagni,Mattia Zaccagni,541555,1
5749669,2026-27,ITA1,2026-09-07,lazio,matteo cancellieri,Matteo Cancellieri,1146500,0
5749669,2026-27,ITA1,2026-09-07,lazio,tijjani noslin,Tijjani Noslin,1282285,0
5749669,2026-27,ITA1,2026-09-07,lazio,albert gudmundsson,Albert Guðmundsson,665188,0
5749669,2026-27,ITA1,2026-09-07,lazio,alfonso pedraza,Alfonso Pedraza,629594,0
5749669,2026-27,ITA1,2026-09-07,lazio,davide renzetti,Davide Renzetti,1444195,0
5749669,2026-27,ITA1,2026-09-07,lazio,edoardo motta,Edoardo Motta,1621082,0
5749669,2026-27,ITA1,2026-09-07,lazio,josip sutalo,Josip Šutalo,1186228,0
5749669,2026-27,ITA1,2026-09-07,lazio,manuel lazzari,Manuel Lazzari,662205,0
5749669,2026-27,ITA1,2026-09-07,lazio,ricardo bordon,Ricardo Bordon,2159101,0
5749669,2026-27,ITA1,2026-09-07,lazio,adrian przyborek,Adrian Przyborek,1435833,0
5749669,2026-27,ITA1,2026-09-07,lazio,valerio farcomeni,Valerio Farcomeni,1816668,0
5749669,2026-27,ITA1,2026-09-07,lazio,federico serra,Federico Serra,1711283,0
5749670,2026-27,ITA1,2026-09-12,atalanta,marco carnesecchi,Marco Carnesecchi,1013021,1
5749670,2026-27,ITA1,2026-09-12,atalanta,raoul bellanova,Raoul Bellanova,902651,1
5749670,2026-27,ITA1,2026-09-12,atalanta,odilon kossounou,Odilon Kossounou,1014496,1
5749670,2026-27,ITA1,2026-09-12,atalanta,giorgio scalvini,Giorgio Scalvini,1202358,1
5749670,2026-27,ITA1,2026-09-12,atalanta,sead kolasinac,Sead Kolašinac,304345,1
5749670,2026-27,ITA1,2026-09-12,atalanta,lazar samardzic,Lazar Samardžić,1050178,1
5749670,2026-27,ITA1,2026-09-12,atalanta,franck kessie,Franck Kessié,579747,1
5749670,2026-27,ITA1,2026-09-12,atalanta,ederson,Éderson,957203,1
5749670,2026-27,ITA1,2026-09-12,atalanta,charles de ketelaere,Charles De Ketelaere,1095432,1
5749670,2026-27,ITA1,2026-09-12,atalanta,gianluca scamacca,Gianluca Scamacca,721089,1
5749670,2026-27,ITA1,2026-09-12,atalanta,jonathan rowe,Jonathan Rowe,1113694,1
5749670,2026-27,ITA1,2026-09-12,atalanta,lorenzo bernasconi,Lorenzo Bernasconi,1191093,0
5749670,2026-27,ITA1,2026-09-12,atalanta,nikola krstovic,Nikola Krstović,833638,0
5749670,2026-27,ITA1,2026-09-12,atalanta,giacomo raspadori,Giacomo Raspadori,951743,0
5749670,2026-27,ITA1,2026-09-12,atalanta,mario pasalic,Mario Pašalić,446266,0
5749670,2026-27,ITA1,2026-09-12,atalanta,marco sportiello,Marco Sportiello,212630,0
5749670,2026-27,ITA1,2026-09-12,atalanta,thomas pompei,Thomas Pompei,2189043,0
5749670,2026-27,ITA1,2026-09-12,atalanta,relja obric,Relja Obrić,1692456,0
5749670,2026-27,ITA1,2026-09-12,atalanta,thomas kristensen,Thomas Kristensen,1190029,0
5749670,2026-27,ITA1,2026-09-12,atalanta,davide zappacosta,Davide Zappacosta,244811,0
5749670,2026-27,ITA1,2026-09-12,atalanta,eljif elmas,Eljif Elmas,741049,0
5749670,2026-27,ITA1,2026-09-12,atalanta,nicola zalewski,Nicola Zalewski,1053714,0
5749670,2026-27,ITA1,2026-09-12,cagliari,elia caprile,Elia Caprile,958422,1
5749670,2026-27,ITA1,2026-09-12,cagliari,ze pedro,Zé Pedro,957107,1
5749670,2026-27,ITA1,2026-09-12,cagliari,alessandro deiola,Alessandro Deiola,449283,1
5749670,2026-27,ITA1,2026-09-12,cagliari,juan rodriguez,Juan Rodríguez,1621219,1
5749670,2026-27,ITA1,2026-09-12,cagliari,adam obert,Adam Obert,1289961,1
5749670,2026-27,ITA1,2026-09-12,cagliari,michel ndary adopo,Michel Ndary Adopo,936164,1
5749670,2026-27,ITA1,2026-09-12,cagliari,alessandro romano,Alessandro Romano,1705649,1
5749670,2026-27,ITA1,2026-09-12,cagliari,harry winks,Harry Winks,528453,1
5749670,2026-27,ITA1,2026-09-12,cagliari,jacopo fazzini,Jacopo Fazzini,1329487,1
5749670,2026-27,ITA1,2026-09-12,cagliari,daniel maldini,Daniel Maldini,1072054,1
5749670,2026-27,ITA1,2026-09-12,cagliari,paul mendy,Paul Mendy,1902196,1
5749670,2026-27,ITA1,2026-09-12,cagliari,alieu fadera,Alieu Fadera,1159233,0
5749670,2026-27,ITA1,2026-09-12,cagliari,yukinari sugawara,Yukinari Sugawara,924610,0
5749670,2026-27,ITA1,2026-09-12,cagliari,raphael kofler,Raphael Kofler,1396084,0
5749670,2026-27,ITA1,2026-09-12,cagliari,kevin carlos,Kevin Carlos,1166344,0
5749670,2026-27,ITA1,2026-09-12,cagliari,alen sherri,Alen Sherri,1178779,0
5749670,2026-27,ITA1,2026-09-12,cagliari,boris radunovic,Boris Radunović,435684,0
5749670,2026-27,ITA1,2026-09-12,cagliari,yerry mina,Yerry Mina,496042,0
5749670,2026-27,ITA1,2026-09-12,cagliari,demi akarakiri,Demi Akarakiri,1724391,0
5749670,2026-27,ITA1,2026-09-12,cagliari,giuseppe aurelio,Giuseppe Aurelio,1165232,0
5749670,2026-27,ITA1,2026-09-12,cagliari,ivan sulev,Ivan Sulev,1305226,0
5749670,2026-27,ITA1,2026-09-12,cagliari,joseph liteta,Joseph Liteta,1807301,0
5749670,2026-27,ITA1,2026-09-12,cagliari,riccardo ciervo,Riccardo Ciervo,1210653,0
5749670,2026-27,ITA1,2026-09-12,cagliari,roberto gagliardini,Roberto Gagliardini,485634,0
5749670,2026-27,ITA1,2026-09-12,cagliari,yanis massolin,Yanis Massolin,1382392,0
5749670,2026-27,ITA1,2026-09-12,cagliari,alessandro sugamele,Alessandro Sugamele,1663296,0
5749671,2026-27,ITA1,2026-09-14,como,robert sanchez,Robert Sánchez,789571,1
5749671,2026-27,ITA1,2026-09-14,como,yan couto,Yan Couto,1109171,1
5749671,2026-27,ITA1,2026-09-14,como,jacobo ramon,Jacobo Ramón,1413963,1
5749671,2026-27,ITA1,2026-09-14,como,marc oliver kempf,Marc-Oliver Kempf,355356,1
5749671,2026-27,ITA1,2026-09-14,como,kaiki,Kaiki,1459564,1
5749671,2026-27,ITA1,2026-09-14,como,maximo perrone,Máximo Perrone,1336582,1
5749671,2026-27,ITA1,2026-09-14,como,lucas da cunha,Lucas Da Cunha,1076647,1
5749671,2026-27,ITA1,2026-09-14,como,assane diao,Assane Diao,1434889,1
5749671,2026-27,ITA1,2026-09-14,como,nico paz,Nico Paz,1347574,1
5749671,2026-27,ITA1,2026-09-14,como,martin baturina,Martin Baturina,1215064,1
5749671,2026-27,ITA1,2026-09-14,como,moise kean,Moise Kean,747926,1
5749671,2026-27,ITA1,2026-09-14,como,maxence caqueret,Maxence Caqueret,846000,0
5749671,2026-27,ITA1,2026-09-14,como,jesus rodriguez,Jesús Rodríguez,1624039,0
5749671,2026-27,ITA1,2026-09-14,como,anastasios douvikas,Anastasios Douvikas,873270,0
5749671,2026-27,ITA1,2026-09-14,como,luis milla,Luis Milla,638090,0
5749671,2026-27,ITA1,2026-09-14,como,samuele ricci,Samuele Ricci,941656,0
5749671,2026-27,ITA1,2026-09-14,como,jean butez,Jean Butez,560939,0
5749671,2026-27,ITA1,2026-09-14,como,mauro vigorito,Mauro Vigorito,111741,0
5749671,2026-27,ITA1,2026-09-14,como,alberto dossena,Alberto Dossena,822789,0
5749671,2026-27,ITA1,2026-09-14,como,alex valle,Álex Valle,1384881,0
5749671,2026-27,ITA1,2026-09-14,como,edoardo goldaniga,Edoardo Goldaniga,362121,0
5749671,2026-27,ITA1,2026-09-14,como,ivan smolcic,Ivan Smolčić,1353289,0
5749671,2026-27,ITA1,2026-09-14,como,trevoh chalobah,Trevoh Chalobah,793907,0
5749671,2026-27,ITA1,2026-09-14,como,willy kambwala,Willy Kambwala,1344550,0
5749671,2026-27,ITA1,2026-09-14,como,mattia liberali,Mattia Liberali,1593861,0
5749671,2026-27,ITA1,2026-09-14,como,adrian lahdo,Adrian Lahdo,1615459,0
5749671,2026-27,ITA1,2026-09-14,parma,edoardo corvi,Edoardo Corvi,1117310,1
5749671,2026-27,ITA1,2026-09-14,parma,diego carlos,Diego Carlos,570434,1
5749671,2026-27,ITA1,2026-09-14,parma,mariano troilo,Mariano Troilo,1520184,1
5749671,2026-27,ITA1,2026-09-14,parma,enrico del prato,Enrico Del Prato,935380,1
5749671,2026-27,ITA1,2026-09-14,parma,sascha britschgi,Sascha Britschgi,1693531,1
5749671,2026-27,ITA1,2026-09-14,parma,vincent sierro,Vincent Sierro,634310,1
5749671,2026-27,ITA1,2026-09-14,parma,mandela keita,Mandela Keita,1239749,1
5749671,2026-27,ITA1,2026-09-14,parma,emanuele valeri,Emanuele Valeri,867789,1
5749671,2026-27,ITA1,2026-09-14,parma,el bilal toure,El Bilal Touré,1054114,1
5749671,2026-27,ITA1,2026-09-14,parma,simone lontani,Simone Lontani,1843609,1
5749671,2026-27,ITA1,2026-09-14,parma,nesta elphege,Nesta Elphege,1460253,1
5749671,2026-27,ITA1,2026-09-14,parma,matija frigan,Matija Frigan,1190371,0
5749671,2026-27,ITA1,2026-09-14,parma,adrian bernabe,Adrián Bernabé,951714,0
5749671,2026-27,ITA1,2026-09-14,parma,david romero,David Romero,1233748,0
5749671,2026-27,ITA1,2026-09-14,parma,giovanni fabbian,Giovanni Fabbian,1276505,0
5749671,2026-27,ITA1,2026-09-14,parma,pontus almqvist,Pontus Almqvist,822589,0
5749671,2026-27,ITA1,2026-09-14,parma,giovanni daffara,Giovanni Daffara,1519035,0
5749671,2026-27,ITA1,2026-09-14,parma,simone ghidotti,Simone Ghidotti,823626,0
5749671,2026-27,ITA1,2026-09-14,parma,abdoulaye ndiaye,Abdoulaye Ndiaye,1053676,0
5749671,2026-27,ITA1,2026-09-14,parma,dominik drobnic,Dominik Drobnič,1891769,0
5749671,2026-27,ITA1,2026-09-14,parma,lautaro valenti,Lautaro Valenti,968029,0
5749671,2026-27,ITA1,2026-09-14,parma,abdou salam konate,Abdou-Salam Konaté,1844134,0
5749671,2026-27,ITA1,2026-09-14,parma,benjamin cremaschi,Benjamín Cremaschi,1354177,0
5749671,2026-27,ITA1,2026-09-14,parma,christian ordonez,Christian Ordóñez,1393542,0
5749671,2026-27,ITA1,2026-09-14,parma,franco carboni,Franco Carboni,1199360,0
5749671,2026-27,ITA1,2026-09-14,parma,thomas de martis,Thomás de Martis,1797278,0
5749672,2026-27,ITA1,2026-09-12,genoa,justin bijlow,Justin Bijlow,721533,1
5749672,2026-27,ITA1,2026-09-12,genoa,alessandro marcandalli,Alessandro Marcandalli,1436436,1
5749672,2026-27,ITA1,2026-09-12,genoa,leo ostigard,Leo Østigard,740944,1
5749672,2026-27,ITA1,2026-09-12,genoa,johan vasquez,Johan Vásquez,914103,1
5749672,2026-27,ITA1,2026-09-12,genoa,kingsley ehizibue,Kingsley Ehizibue,586474,1
5749672,2026-27,ITA1,2026-09-12,genoa,morten frendrup,Morten Frendrup,921543,1
5749672,2026-27,ITA1,2026-09-12,genoa,tommaso baldanzi,Tommaso Baldanzi,1200591,1
5749672,2026-27,ITA1,2026-09-12,genoa,djibril sow,Djibril Sow,707970,1
5749672,2026-27,ITA1,2026-09-12,genoa,mikael egill ellertsson,Mikael Egill Ellertsson,942193,1
5749672,2026-27,ITA1,2026-09-12,genoa,lorenzo colombo,Lorenzo Colombo,1050163,1
5749672,2026-27,ITA1,2026-09-12,genoa,milutin osmajic,Milutin Osmajić,936603,1
5749672,2026-27,ITA1,2026-09-12,genoa,junior messias,Junior Messias,1003368,0
5749672,2026-27,ITA1,2026-09-12,genoa,stephan el shaarawy,Stephan El Shaarawy,161328,0
5749672,2026-27,ITA1,2026-09-12,genoa,vitinha,Vítinha,1215057,0
5749672,2026-27,ITA1,2026-09-12,genoa,amorim,Amorim,1469120,0
5749672,2026-27,ITA1,2026-09-12,genoa,franz ethan meichtry,Franz-Ethan Meichtry,1677025,0
5749672,2026-27,ITA1,2026-09-12,genoa,daniele sommariva,Daniele Sommariva,577914,0
5749672,2026-27,ITA1,2026-09-12,genoa,franz stolz,Franz Stolz,951238,0
5749672,2026-27,ITA1,2026-09-12,genoa,cody drameh,Cody Drameh,962046,0
5749672,2026-27,ITA1,2026-09-12,genoa,david puczka,David Puczka,1405996,0
5749672,2026-27,ITA1,2026-09-12,genoa,mario mitaj,Mario Mitaj,1184458,0
5749672,2026-27,ITA1,2026-09-12,genoa,sebastian otoa,Sebastian Otoa,1404077,0
5749672,2026-27,ITA1,2026-09-12,genoa,hamed traore,Hamed Traorè,875672,0
5749672,2026-27,ITA1,2026-09-12,genoa,samuel wiafe,Samuel Wiafe,1902062,0
5749672,2026-27,ITA1,2026-09-12,genoa,stefano sabelli,Stefano Sabelli,364104,0
5749672,2026-27,ITA1,2026-09-12,frosinone,lorenzo palmisani,Lorenzo Palmisani,1289655,1
5749672,2026-27,ITA1,2026-09-12,frosinone,anthony oyono,Anthony Oyono,1235421,1
5749672,2026-27,ITA1,2026-09-12,frosinone,gabriele calvani,Gabriele Calvani,1415326,1
5749672,2026-27,ITA1,2026-09-12,frosinone,giorgio cittadini,Giorgio Cittadini,1327513,1
5749672,2026-27,ITA1,2026-09-12,frosinone,gabriele bracaglia,Gabriele Bracaglia,1396091,1
5749672,2026-27,ITA1,2026-09-12,frosinone,patrizio masini,Patrizio Masini,1189223,1
5749672,2026-27,ITA1,2026-09-12,frosinone,romano schmid,Romano Schmid,749488,1
5749672,2026-27,ITA1,2026-09-12,frosinone,giacomo calo,Giacomo Calò,746829,1
5749672,2026-27,ITA1,2026-09-12,frosinone,fares ghedjemis,Farès Ghedjemis,1523327,1
5749672,2026-27,ITA1,2026-09-12,frosinone,antonio raimondo,Antonio Raimondo,1256534,1
5749672,2026-27,ITA1,2026-09-12,frosinone,giorgi kvernadze,Giorgi Kvernadze,1342748,1
5749672,2026-27,ITA1,2026-09-12,frosinone,ilario monterisi,Ilario Monterisi,1117058,0
5749672,2026-27,ITA1,2026-09-12,frosinone,luis hasa,Luis Hasa,1402924,0
5749672,2026-27,ITA1,2026-09-12,frosinone,seydou fini,Seydou Fini,1445163,0
5749672,2026-27,ITA1,2026-09-12,frosinone,tomas bobcek,Tomás Bobček,1024946,0
5749672,2026-27,ITA1,2026-09-12,frosinone,alessio zerbin,Alessio Zerbin,850295,0
5749672,2026-27,ITA1,2026-09-12,frosinone,matteo pisseri,Matteo Pisseri,415425,0
5749672,2026-27,ITA1,2026-09-12,frosinone,sebastiano desplanches,Sebastiano Desplanches,1280112,0
5749672,2026-27,ITA1,2026-09-12,frosinone,aleksa terzic,Aleksa Terzić,992025,0
5749672,2026-27,ITA1,2026-09-12,frosinone,enzo tchato,Enzo Tchato,1332850,0
5749672,2026-27,ITA1,2026-09-12,frosinone,kevin akpoguma,Kevin Akpoguma,353519,0
5749672,2026-27,ITA1,2026-09-12,frosinone,omar fayed,Omar Fayed,1510384,0
5749672,2026-27,ITA1,2026-09-12,frosinone,wisdom amey,Wisdom Amey,1250568,0
5749672,2026-27,ITA1,2026-09-12,frosinone,anouar el azzouzi,Anouar El Azzouzi,1285119,0
5749672,2026-27,ITA1,2026-09-12,frosinone,matteo cichella,Matteo Cichella,1670272,0
5749672,2026-27,ITA1,2026-09-12,frosinone,daniel birligea,Daniel Bîrligea,1135820,0
5749673,2026-27,ITA1,2026-09-14,inter,josep martinez,Josep Martínez,772168,1
5749673,2026-27,ITA1,2026-09-14,inter,manuel akanji,Manuel Akanji,521318,1
5749673,2026-27,ITA1,2026-09-14,inter,john stones,John Stones,263653,1
5749673,2026-27,ITA1,2026-09-14,inter,alessandro bastoni,Alessandro Bastoni,805451,1
5749673,2026-27,ITA1,2026-09-14,inter,andy diouf,Andy Diouf,1254297,1
5749673,2026-27,ITA1,2026-09-14,inter,nicolo barella,Nicolò Barella,541820,1
5749673,2026-27,ITA1,2026-09-14,inter,piotr zielinski,Piotr Zieliński,362212,1
5749673,2026-27,ITA1,2026-09-14,inter,henrikh mkhitaryan,Henrikh Mkhitaryan,73167,1
5749673,2026-27,ITA1,2026-09-14,inter,carlos augusto,Carlos Augusto,940829,1
5749673,2026-27,ITA1,2026-09-14,inter,marcus thuram,Marcus Thuram,621562,1
5749673,2026-27,ITA1,2026-09-14,inter,francesco pio esposito,Francesco Pio Esposito,1367618,1
5749673,2026-27,ITA1,2026-09-14,inter,benjamin pavard,Benjamin Pavard,611223,0
5749673,2026-27,ITA1,2026-09-14,inter,curtis jones,Curtis Jones,933768,0
5749673,2026-27,ITA1,2026-09-14,inter,federico dimarco,Federico Dimarco,605224,0
5749673,2026-27,ITA1,2026-09-14,inter,ange yoan bonny,Ange-Yoan Bonny,1199383,0
5749673,2026-27,ITA1,2026-09-14,inter,aleksandar stankovic,Aleksandar Stanković,1410437,0
5749673,2026-27,ITA1,2026-09-14,inter,ivan provedel,Ivan Provedel,364822,0
5749673,2026-27,ITA1,2026-09-14,inter,raffaele di gennaro,Raffaele Di Gennaro,417743,0
5749673,2026-27,ITA1,2026-09-14,inter,yann aurel bisseck,Yann Aurel Bisseck,889535,0
5749673,2026-27,ITA1,2026-09-14,inter,luis henrique,Luis Henrique,1114635,0
5749673,2026-27,ITA1,2026-09-14,inter,petar sucic,Petar Sučić,1382000,0
5749673,2026-27,ITA1,2026-09-14,inter,lautaro martinez,Lautaro Martínez,690230,0
5749673,2026-27,ITA1,2026-09-14,inter,mattia mosconi,Mattia Mosconi,1646520,0
5749673,2026-27,ITA1,2026-09-14,udinese,maduka okoye,Maduka Okoye,1091193,1
5749673,2026-27,ITA1,2026-09-14,udinese,james abankwah,James Abankwah,1269329,1
5749673,2026-27,ITA1,2026-09-14,udinese,christian kabasele,Christian Kabasele,149219,1
5749673,2026-27,ITA1,2026-09-14,udinese,enzo ebosse,Enzo Ebosse,769167,1
5749673,2026-27,ITA1,2026-09-14,udinese,mergim vojvoda,Mërgim Vojvoda,560945,1
5749673,2026-27,ITA1,2026-09-14,udinese,jesper karlstrom,Jesper Karlström,322003,1
5749673,2026-27,ITA1,2026-09-14,udinese,lennon miller,Lennon Miller,1399969,1
5749673,2026-27,ITA1,2026-09-14,udinese,hassane kamara,Hassane Kamara,488415,1
5749673,2026-27,ITA1,2026-09-14,udinese,unai gomez,Unai Gómez,1436270,1
5749673,2026-27,ITA1,2026-09-14,udinese,jurgen ekkelenkamp,Jurgen Ekkelenkamp,934156,1
5749673,2026-27,ITA1,2026-09-14,udinese,keinan davis,Keinan Davis,724368,1
5749673,2026-27,ITA1,2026-09-14,udinese,idrissa gueye,Idrissa Gueye,1532261,0
5749673,2026-27,ITA1,2026-09-14,udinese,nicolo bertola,Nicolò Bertola,1258292,0
5749673,2026-27,ITA1,2026-09-14,udinese,giorgi chakvetadze,Giorgi Chakvetadze,837847,0
5749673,2026-27,ITA1,2026-09-14,udinese,sandi lovric,Sandi Lovrić,557346,0
5749673,2026-27,ITA1,2026-09-14,udinese,vakoun issouf bayo,Vakoun Issouf Bayo,644738,0
5749673,2026-27,ITA1,2026-09-14,udinese,bartosz mrozek,Bartosz Mrozek,770994,0
5749673,2026-27,ITA1,2026-09-14,udinese,daniele padelli,Daniele Padelli,42692,0
5749673,2026-27,ITA1,2026-09-14,udinese,oier zarraga,Oier Zarraga,1106916,0
5749673,2026-27,ITA1,2026-09-14,udinese,giulio vinciati,Giulio Vinciati,1805112,0
5749673,2026-27,ITA1,2026-09-14,udinese,lazar jovanovic,Lazar Jovanović,1518938,0
5749674,2026-27,ITA1,2026-09-12,lazio,christos mandas,Christos Mandas,915156,1
5749674,2026-27,ITA1,2026-09-12,lazio,romano floriani mussolini,Romano Floriani Mussolini,1307957,1
5749674,2026-27,ITA1,2026-09-12,lazio,josip sutalo,Josip Šutalo,1186228,1
5749674,2026-27,ITA1,2026-09-12,lazio,oliver provstgaard,Oliver Provstgaard,1333331,1
5749674,2026-27,ITA1,2026-09-12,lazio,nuno tavares,Nuno Tavares,957118,1
5749674,2026-27,ITA1,2026-09-12,lazio,davide frattesi,Davide Frattesi,815431,1
5749674,2026-27,ITA1,2026-09-12,lazio,reda belahyane,Reda Belahyane,1388071,1
5749674,2026-27,ITA1,2026-09-12,lazio,kenneth taylor,Kenneth Taylor,970565,1
5749674,2026-27,ITA1,2026-09-12,lazio,matteo cancellieri,Matteo Cancellieri,1146500,1
5749674,2026-27,ITA1,2026-09-12,lazio,tijjani noslin,Tijjani Noslin,1282285,1
5749674,2026-27,ITA1,2026-09-12,lazio,mattia zaccagni,Mattia Zaccagni,541555,1
5749674,2026-27,ITA1,2026-09-12,lazio,andrea pinamonti,Andrea Pinamonti,750030,0
5749674,2026-27,ITA1,2026-09-12,lazio,gustav isaksen,Gustav Isaksen,1016093,0
5749674,2026-27,ITA1,2026-09-12,lazio,albert gudmundsson,Albert Guðmundsson,665188,0
5749674,2026-27,ITA1,2026-09-12,lazio,diogo leite,Diogo Leite,824635,0
5749674,2026-27,ITA1,2026-09-12,lazio,manuel lazzari,Manuel Lazzari,662205,0
5749674,2026-27,ITA1,2026-09-12,lazio,davide renzetti,Davide Renzetti,1444195,0
5749674,2026-27,ITA1,2026-09-12,lazio,edoardo motta,Edoardo Motta,1621082,0
5749674,2026-27,ITA1,2026-09-12,lazio,alfonso pedraza,Alfonso Pedraza,629594,0
5749674,2026-27,ITA1,2026-09-12,lazio,ricardo bordon,Ricardo Bordon,2159101,0
5749674,2026-27,ITA1,2026-09-12,lazio,adrian przyborek,Adrian Przyborek,1435833,0
5749674,2026-27,ITA1,2026-09-12,lazio,danilo cataldi,Danilo Cataldi,362120,0
5749674,2026-27,ITA1,2026-09-12,lazio,valerio farcomeni,Valerio Farcomeni,1816668,0
5749674,2026-27,ITA1,2026-09-12,lazio,federico serra,Federico Serra,1711283,0
5749674,2026-27,ITA1,2026-09-12,milan,mike maignan,Mike Maignan,466439,1
5749674,2026-27,ITA1,2026-09-12,milan,mario gila,Mario Gila,1106074,1
5749674,2026-27,ITA1,2026-09-12,milan,koni de winter,Koni De Winter,1200630,1
5749674,2026-27,ITA1,2026-09-12,milan,strahinja pavlovic,Strahinja Pavlović,1048023,1
5749674,2026-27,ITA1,2026-09-12,milan,samuel chukwueze,Samuel Chukwueze,688300,1
5749674,2026-27,ITA1,2026-09-12,milan,luka modric,Luka Modrić,31097,1
5749674,2026-27,ITA1,2026-09-12,milan,adrien rabiot,Adrien Rabiot,352879,1
5749674,2026-27,ITA1,2026-09-12,milan,pervis estupinan,Pervis Estupinán,688278,1
5749674,2026-27,ITA1,2026-09-12,milan,ruben loftus cheek,Ruben Loftus-Cheek,604982,1
5749674,2026-27,ITA1,2026-09-12,milan,alphadjo cisse,Alphadjo Cissè,1445650,1
5749674,2026-27,ITA1,2026-09-12,milan,goncalo ramos,Gonçalo Ramos,940087,1
5749674,2026-27,ITA1,2026-09-12,milan,diego moreira,Diego Moreira,1342754,0
5749674,2026-27,ITA1,2026-09-12,milan,yunus musah,Yunus Musah,1137272,0
5749674,2026-27,ITA1,2026-09-12,milan,christian pulisic,Christian Pulisic,688295,0
5749674,2026-27,ITA1,2026-09-12,milan,omari hutchinson,Omari Hutchinson,1215652,0
5749674,2026-27,ITA1,2026-09-12,milan,francesco camarda,Francesco Camarda,1554575,0
5749674,2026-27,ITA1,2026-09-12,milan,lorenzo torriani,Lorenzo Torriani,1642393,0
5749674,2026-27,ITA1,2026-09-12,milan,pietro terracciano,Pietro Terracciano,281762,0
5749674,2026-27,ITA1,2026-09-12,milan,fikayo tomori,Fikayo Tomori,749662,0
5749674,2026-27,ITA1,2026-09-12,milan,filippo terracciano,Filippo Terracciano,1163501,0
5749674,2026-27,ITA1,2026-09-12,milan,matteo gabbia,Matteo Gabbia,844996,0
5749674,2026-27,ITA1,2026-09-12,milan,sankhoun diawara,Sankhoun Diawara,1669433,0
5749674,2026-27,ITA1,2026-09-12,milan,alexis saelemaekers,Alexis Saelemaekers,921341,0
5749674,2026-27,ITA1,2026-09-12,milan,ardon jashari,Ardon Jashari,1163219,0
5749674,2026-27,ITA1,2026-09-12,milan,christian comotto,Christian Comotto,1787535,0
5749674,2026-27,ITA1,2026-09-12,milan,davide bartesaghi,Davide Bartesaghi,1385856,0
5749675,2026-27,ITA1,2026-09-13,lecce,wladimiro falcone,Wladimiro Falcone,362200,1
5749675,2026-27,ITA1,2026-09-13,lecce,danilo veiga,Danilo Veiga,1306664,1
5749675,2026-27,ITA1,2026-09-13,lecce,jamil siebert,Jamil Siebert,1185260,1
5749675,2026-27,ITA1,2026-09-13,lecce,tiago gabriel,Tiago Gabriel,1574492,1
5749675,2026-27,ITA1,2026-09-13,lecce,antonino gallo,Antonino Gallo,879065,1
5749675,2026-27,ITA1,2026-09-13,lecce,lassana coulibaly,Lassana Coulibaly,664587,1
5749675,2026-27,ITA1,2026-09-13,lecce,youssef maleh,Youssef Maleh,789243,1
5749675,2026-27,ITA1,2026-09-13,lecce,ivan ilic,Ivan Ilić,1036182,1
5749675,2026-27,ITA1,2026-09-13,lecce,konan ndri,Konan N’Dri,1027594,1
5749675,2026-27,ITA1,2026-09-13,lecce,nikola stulic,Nikola Štulić,1178314,1
5749675,2026-27,ITA1,2026-09-13,lecce,joel monteiro,Joël Monteiro,1187691,1
5749675,2026-27,ITA1,2026-09-13,lecce,santiago pierotti,Santiago Pierotti,1039403,0
5749675,2026-27,ITA1,2026-09-13,lecce,oumar ngom,Oumar Ngom,1332538,0
5749675,2026-27,ITA1,2026-09-13,lecce,amar fatah,Amar Fatah,1311977,0
5749675,2026-27,ITA1,2026-09-13,lecce,paco esteban,Paco Esteban,1417101,0
5749675,2026-27,ITA1,2026-09-13,lecce,mohamed kaba,Mohamed Kaba,1299869,0
5749675,2026-27,ITA1,2026-09-13,lecce,alexandru borbei,Alexandru Borbei,1103196,0
5749675,2026-27,ITA1,2026-09-13,lecce,marco bleve,Marco Bleve,506322,0
5749675,2026-27,ITA1,2026-09-13,lecce,ali dembele,Ali Dembélé,1429871,0
5749675,2026-27,ITA1,2026-09-13,lecce,corrie ndaba,Corrie Ndaba,1041508,0
5749675,2026-27,ITA1,2026-09-13,lecce,elijah scott,Elijah Scott,1666206,0
5749675,2026-27,ITA1,2026-09-13,lecce,gaby jean,Gaby Jean,1388474,0
5749675,2026-27,ITA1,2026-09-13,lecce,kialonda gaspar,Kialonda Gaspar,1206806,0
5749675,2026-27,ITA1,2026-09-13,lecce,olaf gorter,Olaf Gorter,1414124,0
5749675,2026-27,ITA1,2026-09-13,lecce,sadik fofana,Sadik Fofana,1285732,0
5749675,2026-27,ITA1,2026-09-13,monza,demba thiam,Demba Thiam,955947,1
5749675,2026-27,ITA1,2026-09-13,monza,eddy kouadio,Eddy Kouadio,1676901,1
5749675,2026-27,ITA1,2026-09-13,monza,lorenzo lucchesi,Lorenzo Lucchesi,1524139,1
5749675,2026-27,ITA1,2026-09-13,monza,andrea carboni,Andrea Carboni,1123969,1
5749675,2026-27,ITA1,2026-09-13,monza,samuele birindelli,Samuele Birindelli,799497,1
5749675,2026-27,ITA1,2026-09-13,monza,michael folorunsho,Michael Folorunsho,822440,1
5749675,2026-27,ITA1,2026-09-13,monza,ebenezer akinsanmiro,Ebenezer Akinsanmiro,1481909,1
5749675,2026-27,ITA1,2026-09-13,monza,ricardo mangas,Ricardo Mangas,824655,1
5749675,2026-27,ITA1,2026-09-13,monza,andrea colpani,Andrea Colpani,937462,1
5749675,2026-27,ITA1,2026-09-13,monza,jay robinson,Jay Robinson,1453338,1
5749675,2026-27,ITA1,2026-09-13,monza,gustavo varela,Gustavo Varela,1585676,1
5749675,2026-27,ITA1,2026-09-13,monza,adam bakoune,Adam Bakoune,1425693,0
5749675,2026-27,ITA1,2026-09-13,monza,exequiel zeballos,Exequiel Zeballos,1110044,0
5749675,2026-27,ITA1,2026-09-13,monza,patrick cutrone,Patrick Cutrone,639671,0
5749675,2026-27,ITA1,2026-09-13,monza,omari forson,Omari Forson,1190023,0
5749675,2026-27,ITA1,2026-09-13,monza,mathis mout,Mathis Mout,1879542,0
5749675,2026-27,ITA1,2026-09-13,monza,aljaz strajnar,Aljaž Strajnar,1804416,0
5749675,2026-27,ITA1,2026-09-13,monza,noel tornqvist,Noel Törnqvist,1122424,0
5749675,2026-27,ITA1,2026-09-13,monza,saba goglichidze,Saba Goglichidze,1507697,0
5749675,2026-27,ITA1,2026-09-13,monza,valentin antov,Valentin Antov,899649,0
5749675,2026-27,ITA1,2026-09-13,monza,yvan kouadio maye,Yvan Kouadio Maye,1830551,0
5749675,2026-27,ITA1,2026-09-13,monza,foe ondoa,Foe Ondoa,1577900,0
5749675,2026-27,ITA1,2026-09-13,monza,leonardo colombo,Leonardo Colombo,1415623,0
5749675,2026-27,ITA1,2026-09-13,monza,dany mota,Dany Mota,737339,0
5749676,2026-27,ITA1,2026-09-13,napoli,vanja milinkovic savic,Vanja Milinković-Savić,543021,1
5749676,2026-27,ITA1,2026-09-13,napoli,giovanni di lorenzo,Giovanni Di Lorenzo,414906,1
5749676,2026-27,ITA1,2026-09-13,napoli,amir rrahmani,Amir Rrahmani,544693,1
5749676,2026-27,ITA1,2026-09-13,napoli,rafa marin,Rafa Marín,1313884,1
5749676,2026-27,ITA1,2026-09-13,napoli,leonardo spinazzola,Leonardo Spinazzola,215242,1
5749676,2026-27,ITA1,2026-09-13,napoli,billy gilmour,Billy Gilmour,942549,1
5749676,2026-27,ITA1,2026-09-13,napoli,stanislav lobotka,Stanislav Lobotka,308517,1
5749676,2026-27,ITA1,2026-09-13,napoli,kevin de bruyne,Kevin De Bruyne,169200,1
5749676,2026-27,ITA1,2026-09-13,napoli,matteo politano,Matteo Politano,415539,1
5749676,2026-27,ITA1,2026-09-13,napoli,rasmus hojlund,Rasmus Højlund,1199272,1
5749676,2026-27,ITA1,2026-09-13,napoli,antonio vergara,Antonio Vergara,1320863,1
5749676,2026-27,ITA1,2026-09-13,napoli,costantino favasuli,Costantino Favasuli,1403328,0
5749676,2026-27,ITA1,2026-09-13,napoli,noa lang,Noa Lang,837341,0
5749676,2026-27,ITA1,2026-09-13,napoli,lorenzo lucca,Lorenzo Lucca,1212630,0
5749676,2026-27,ITA1,2026-09-13,napoli,mathias olivera,Mathías Olivera,729093,0
5749676,2026-27,ITA1,2026-09-13,napoli,claudio pugliese,Claudio Pugliese,1830797,0
5749676,2026-27,ITA1,2026-09-13,napoli,nikita contini,Nikita Contini,517068,0
5749676,2026-27,ITA1,2026-09-13,napoli,benoit badiashile,Benoît Badiashile,955376,0
5749676,2026-27,ITA1,2026-09-13,napoli,sam beukema,Sam Beukema,873573,0
5749676,2026-27,ITA1,2026-09-13,napoli,david neres,David Neres,793066,0
5749676,2026-27,ITA1,2026-09-13,bologna,massimo pessina,Massimo Pessina,1696050,1
5749676,2026-27,ITA1,2026-09-13,bologna,emil holm,Emil Holm,1014630,1
5749676,2026-27,ITA1,2026-09-13,bologna,torbjorn heggem,Torbjørn Heggem,935550,1
5749676,2026-27,ITA1,2026-09-13,bologna,arthur theate,Arthur Theate,1173250,1
5749676,2026-27,ITA1,2026-09-13,bologna,juan miranda,Juan Miranda,873956,1
5749676,2026-27,ITA1,2026-09-13,bologna,tommaso pobega,Tommaso Pobega,790732,1
5749676,2026-27,ITA1,2026-09-13,bologna,lewis ferguson,Lewis Ferguson,888921,1
5749676,2026-27,ITA1,2026-09-13,bologna,mikel amondarain,Mikel Amondarain,1661207,1
5749676,2026-27,ITA1,2026-09-13,bologna,federico bernardeschi,Federico Bernardeschi,414245,1
5749676,2026-27,ITA1,2026-09-13,bologna,roberto piccoli,Roberto Piccoli,1017401,1
5749676,2026-27,ITA1,2026-09-13,bologna,nicolo cambiaghi,Nicolò Cambiaghi,1044029,1
5749676,2026-27,ITA1,2026-09-13,bologna,jens odgaard,Jens Odgaard,689680,0
5749676,2026-27,ITA1,2026-09-13,bologna,marco libra,Marco Libra,2008804,0
5749676,2026-27,ITA1,2026-09-13,bologna,nikola moro,Nikola Moro,641595,0
5749676,2026-27,ITA1,2026-09-13,bologna,jay enem,Jay Enem,1344246,0
5749676,2026-27,ITA1,2026-09-13,bologna,samuel mbangula,Samuel Mbangula,1402900,0
5749676,2026-27,ITA1,2026-09-13,bologna,lukasz skorupski,Łukasz Skorupski,178732,0
5749676,2026-27,ITA1,2026-09-13,bologna,matteo franceschelli,Matteo Franceschelli,1857605,0
5749676,2026-27,ITA1,2026-09-13,bologna,eivind helland,Eivind Helland,1503574,0
5749676,2026-27,ITA1,2026-09-13,bologna,lorenzo de silvestri,Lorenzo De Silvestri,25587,0
5749676,2026-27,ITA1,2026-09-13,bologna,martin vitik,Martin Vitík,1198712,0
5749676,2026-27,ITA1,2026-09-13,bologna,nicolo casale,Nicolò Casale,814398,0
5749676,2026-27,ITA1,2026-09-13,bologna,rahim alhassane,Rahim Alhassane,1333066,0
5749677,2026-27,ITA1,2026-09-13,sassuolo,arijanet muric,Arijanet Murić,760752,1
5749677,2026-27,ITA1,2026-09-13,sassuolo,simone cinquegrano,Simone Cinquegrano,1735847,1
5749677,2026-27,ITA1,2026-09-13,sassuolo,jay idzes,Jay Idzes,937412,1
5749677,2026-27,ITA1,2026-09-13,sassuolo,fedde leysen,Fedde Leysen,1203195,1
5749677,2026-27,ITA1,2026-09-13,sassuolo,josh doig,Josh Doig,1130330,1
5749677,2026-27,ITA1,2026-09-13,sassuolo,domenico berardi,Domenico Berardi,364520,1
5749677,2026-27,ITA1,2026-09-13,sassuolo,nemanja matic,Nemanja Matić,115067,1
5749677,2026-27,ITA1,2026-09-13,sassuolo,luca lipani,Luca Lipani,1369279,1
5749677,2026-27,ITA1,2026-09-13,sassuolo,armand lauriente,Armand Laurienté,935769,1
5749677,2026-27,ITA1,2026-09-13,sassuolo,kristian thorstvedt,Kristian Thorstvedt,921921,1
5749677,2026-27,ITA1,2026-09-13,sassuolo,sebastiano esposito,Sebastiano Esposito,1030212,1
5749677,2026-27,ITA1,2026-09-13,sassuolo,darryl bakola,Darryl Bakola,1641041,0
5749677,2026-27,ITA1,2026-09-13,sassuolo,vasilije adzic,Vasilije Adžić,1382375,0
5749677,2026-27,ITA1,2026-09-13,sassuolo,benja dominguez,Benja Domínguez,1316088,0
5749677,2026-27,ITA1,2026-09-13,sassuolo,kieron bowie,Kieron Bowie,982617,0
5749677,2026-27,ITA1,2026-09-13,sassuolo,duje caleta car,Duje Ćaleta-Car,557799,0
5749677,2026-27,ITA1,2026-09-13,sassuolo,lorenzo nyarko,Lorenzo Nyarko,1839106,0
5749677,2026-27,ITA1,2026-09-13,sassuolo,stefano turati,Stefano Turati,869054,0
5749677,2026-27,ITA1,2026-09-13,sassuolo,cas odenthal,Cas Odenthal,1079501,0
5749677,2026-27,ITA1,2026-09-13,sassuolo,ignace van der brempt,Ignace Van Der Brempt,1082597,0
5749677,2026-27,ITA1,2026-09-13,sassuolo,andrea ghion,Andrea Ghion,1055183,0
5749677,2026-27,ITA1,2026-09-13,sassuolo,ibrahim sulemana,Ibrahim Sulemana,1396375,0
5749677,2026-27,ITA1,2026-09-13,sassuolo,rafael obrador,Rafael Obrador,1167529,0
5749677,2026-27,ITA1,2026-09-13,sassuolo,laurs skjellerup,Laurs Skjellerup,1163273,0
5749677,2026-27,ITA1,2026-09-13,sassuolo,nicholas pierini,Nicholas Pierini,720649,0
5749677,2026-27,ITA1,2026-09-13,juventus,guglielmo vicario,Guglielmo Vicario,538501,1
5749677,2026-27,ITA1,2026-09-13,juventus,pierre kalulu,Pierre Kalulu,1131217,1
5749677,2026-27,ITA1,2026-09-13,juventus,gleison bremer,Gleison Bremer,857269,1
5749677,2026-27,ITA1,2026-09-13,juventus,jhon lucumi,Jhon Lucumí,860913,1
5749677,2026-27,ITA1,2026-09-13,juventus,zeki celik,Zeki Çelik,867225,1
5749677,2026-27,ITA1,2026-09-13,juventus,douglas luiz,Douglas Luiz,787350,1
5749677,2026-27,ITA1,2026-09-13,juventus,teun koopmeiners,Teun Koopmeiners,866516,1
5749677,2026-27,ITA1,2026-09-13,juventus,francisco conceicao,Francisco Conceição,1185336,1
5749677,2026-27,ITA1,2026-09-13,juventus,nicolas gonzalez,Nicolás González,841672,1
5749677,2026-27,ITA1,2026-09-13,juventus,kerim alajbegovic,Kerim Alajbegović,1684401,1
5749677,2026-27,ITA1,2026-09-13,juventus,randal kolo muani,Randal Kolo Muani,823825,1
5749677,2026-27,ITA1,2026-09-13,juventus,lloyd kelly,Lloyd Kelly,819215,0
5749677,2026-27,ITA1,2026-09-13,juventus,edon zhegrova,Edon Zhegrova,862616,0
5749677,2026-27,ITA1,2026-09-13,juventus,nick woltemade,Nick Woltemade,1106563,0
5749677,2026-27,ITA1,2026-09-13,juventus,pape sarr,Pape Sarr,1107280,0
5749677,2026-27,ITA1,2026-09-13,juventus,justin oboavwoduo,Justin Oboavwoduo,1400185,0
5749677,2026-27,ITA1,2026-09-13,juventus,carlo pinsoglio,Carlo Pinsoglio,196074,0
5749677,2026-27,ITA1,2026-09-13,juventus,kamil grabara,Kamil Grabara,760722,0
5749677,2026-27,ITA1,2026-09-13,juventus,daniele rugani,Daniele Rugani,358155,0
5749677,2026-27,ITA1,2026-09-13,juventus,federico gatti,Federico Gatti,1189288,0
5749677,2026-27,ITA1,2026-09-13,juventus,augusto owusu,Augusto Owusu,1667019,0
5749677,2026-27,ITA1,2026-09-13,juventus,filippo pagnucco,Filippo Pagnucco,1697407,0
5749678,2026-27,ITA1,2026-09-14,torino,lucas perri,Lucas Perri,637656,1
5749678,2026-27,ITA1,2026-09-14,torino,eray comert,Eray Cömert,705484,1
5749678,2026-27,ITA1,2026-09-14,torino,saul coco,Saúl Coco,941953,1
5749678,2026-27,ITA1,2026-09-14,torino,pietro comuzzo,Pietro Comuzzo,1529222,1
5749678,2026-27,ITA1,2026-09-14,torino,rafik belghali,Rafik Belghali,1231029,1
5749678,2026-27,ITA1,2026-09-14,torino,gvidas gineitis,Gvidas Gineitis,1421505,1
5749678,2026-27,ITA1,2026-09-14,torino,rolando mandragora,Rolando Mandragora,577911,1
5749678,2026-27,ITA1,2026-09-14,torino,kian fitz jim,Kian Fitz-Jim,1218556,1
5749678,2026-27,ITA1,2026-09-14,torino,niccolo fortini,Niccolò Fortini,1642351,1
5749678,2026-27,ITA1,2026-09-14,torino,nikola vlasic,Nikola Vlašić,557677,1
5749678,2026-27,ITA1,2026-09-14,torino,giovanni simeone,Giovanni Simeone,469615,1
5749678,2026-27,ITA1,2026-09-14,torino,alessio cacciamani,Alessio Cacciamani,1746591,0
5749678,2026-27,ITA1,2026-09-14,torino,daniel braganca,Daniel Bragança,1014980,0
5749678,2026-27,ITA1,2026-09-14,torino,emirhan ilkhan,Emirhan İlkhan,1301633,0
5749678,2026-27,ITA1,2026-09-14,torino,ricardo rodriguez,Ricardo Rodríguez,115591,0
5749678,2026-27,ITA1,2026-09-14,torino,duvan zapata,Duván Zapata,116555,0
5749678,2026-27,ITA1,2026-09-14,torino,diego mascardi,Diego Mascardi,1577119,0
5749678,2026-27,ITA1,2026-09-14,torino,lapo siviero,Lapo Siviero,1817264,0
5749678,2026-27,ITA1,2026-09-14,torino,ardian ismajli,Ardian Ismajli,750880,0
5749678,2026-27,ITA1,2026-09-14,torino,nathan patterson,Nathan Patterson,1112684,0
5749678,2026-27,ITA1,2026-09-14,torino,cristiano biraghi,Cristiano Biraghi,239350,0
5749678,2026-27,ITA1,2026-09-14,torino,zakaria aboukhlal,Zakaria Aboukhlal,846761,0
5749678,2026-27,ITA1,2026-09-14,torino,gaetano oristanio,Gaetano Oristanio,1110045,0
5749678,2026-27,ITA1,2026-09-14,torino,sandro kulenovic,Sandro Kulenović,823113,0
5749678,2026-27,ITA1,2026-09-14,roma,mile svilar,Mile Svilar,768474,1
5749678,2026-27,ITA1,2026-09-14,roma,gianluca mancini,Gianluca Mancini,588687,1
5749678,2026-27,ITA1,2026-09-14,roma,leonardo balerdi,Leonardo Balerdi,958464,1
5749678,2026-27,ITA1,2026-09-14,roma,mario hermoso,Mario Hermoso,671203,1
5749678,2026-27,ITA1,2026-09-14,roma,emanuele lulli,Emanuele Lulli,1800491,1
5749678,2026-27,ITA1,2026-09-14,roma,bryan cristante,Bryan Cristante,299799,1
5749678,2026-27,ITA1,2026-09-14,roma,niccolo pisilli,Niccolò Pisilli,1451196,1
5749678,2026-27,ITA1,2026-09-14,roma,nahuel molina,Nahuel Molina,726345,1
5749678,2026-27,ITA1,2026-09-14,roma,matias soule,Matias Soulé,1280082,1
5749678,2026-27,ITA1,2026-09-14,roma,paulo dybala,Paulo Dybala,325916,1
5749678,2026-27,ITA1,2026-09-14,roma,donyell malen,Donyell Malen,660301,1
5749678,2026-27,ITA1,2026-09-14,roma,rodrigo mora,Rodrigo Mora,1525065,0
5749678,2026-27,ITA1,2026-09-14,roma,santiago castro,Santiago Castro,1282008,0
5749678,2026-27,ITA1,2026-09-14,roma,manu kone,Manu Koné,1016132,0
5749678,2026-27,ITA1,2026-09-14,roma,marten de roon,Marten de Roon,198559,0
5749678,2026-27,ITA1,2026-09-14,roma,devyne rensch,Devyne Rensch,1180321,0
5749678,2026-27,ITA1,2026-09-14,roma,giorgio de marzi,Giorgio De Marzi,1667016,0
5749678,2026-27,ITA1,2026-09-14,roma,pierluigi gollini,Pierluigi Gollini,553849,0
5749678,2026-27,ITA1,2026-09-14,roma,daniele ghilardi,Daniele Ghilardi,1386006,0
5749678,2026-27,ITA1,2026-09-14,roma,konstantinos koulierakis,Konstantinos Koulierakis,1337884,0
5749678,2026-27,ITA1,2026-09-14,roma,lorenzo pellegrini,Lorenzo Pellegrini,540307,0
5749678,2026-27,ITA1,2026-09-14,roma,wesley,Wesley,1320176,0
5749679,2026-27,ITA1,2026-09-11,venezia,filip stankovic,Filip Stanković,1130600,1
5749679,2026-27,ITA1,2026-09-11,venezia,joel schingtienne,Joël Schingtienne,1352744,1
5749679,2026-27,ITA1,2026-09-11,venezia,matias moreno,Matías Moreno,1605748,1
5749679,2026-27,ITA1,2026-09-11,venezia,ridgeciano haps,Ridgeciano Haps,414232,1
5749679,2026-27,ITA1,2026-09-11,venezia,antoine hainaut,Antoine Hainaut,1290968,1
5749679,2026-27,ITA1,2026-09-11,venezia,kike perez,Kike Pérez,888167,1
5749679,2026-27,ITA1,2026-09-11,venezia,gianluca busio,Gianluca Busio,924431,1
5749679,2026-27,ITA1,2026-09-11,venezia,simon sohm,Simon Sohm,975242,1
5749679,2026-27,ITA1,2026-09-11,venezia,richie sagrado,Richie Sagrado,1388039,1
5749679,2026-27,ITA1,2026-09-11,venezia,john yeboah,John Yeboah,845368,1
5749679,2026-27,ITA1,2026-09-11,venezia,akor adams,Akor Adams,958640,1
5749679,2026-27,ITA1,2026-09-11,venezia,thorir helgason,Thórir Helgason,939593,0
5749679,2026-27,ITA1,2026-09-11,venezia,juan jesus,Juan Jesus,197352,0
5749679,2026-27,ITA1,2026-09-11,venezia,thierry correia,Thierry Correia,992052,0
5749679,2026-27,ITA1,2026-09-11,venezia,toni fernandez,Toni Fernández,1665438,0
5749679,2026-27,ITA1,2026-09-11,venezia,lion lauberbach,Lion Lauberbach,866165,0
5749679,2026-27,ITA1,2026-09-11,venezia,lorenzo montipo,Lorenzo Montipò,491784,0
5749679,2026-27,ITA1,2026-09-11,venezia,ale gomes,Ale Gomes,1842921,0
5749679,2026-27,ITA1,2026-09-11,venezia,redouane halhal,Redouane Halhal,1298186,0
5749679,2026-27,ITA1,2026-09-11,venezia,rufai mohammed,Rufai Mohammed,1681811,0
5749679,2026-27,ITA1,2026-09-11,venezia,lamine fanne,Lamine Fanne,1460862,0
5749679,2026-27,ITA1,2026-09-11,venezia,lorenzo berardi,Lorenzo Berardi,1803901,0
5749679,2026-27,ITA1,2026-09-11,venezia,pasquale mazzocchi,Pasquale Mazzocchi,675327,0
5749679,2026-27,ITA1,2026-09-11,venezia,simone panada,Simone Panada,1050821,0
5749679,2026-27,ITA1,2026-09-11,venezia,albion rrahmani,Albion Rrahmani,1379468,0
5749679,2026-27,ITA1,2026-09-11,venezia,kornel lisman,Kornel Lisman,1529483,0
5749679,2026-27,ITA1,2026-09-11,fiorentina,david de gea,David de Gea,182917,1
5749679,2026-27,ITA1,2026-09-11,fiorentina,alex jimenez,Álex Jiménez,1526689,1
5749679,2026-27,ITA1,2026-09-11,fiorentina,radu dragusin,Radu Drăgușin,1203661,1
5749679,2026-27,ITA1,2026-09-11,fiorentina,luca ranieri,Luca Ranieri,935406,1
5749679,2026-27,ITA1,2026-09-11,fiorentina,viery,Viery,1501917,1
5749679,2026-27,ITA1,2026-09-11,fiorentina,nicolo fagioli,Nicolò Fagioli,951712,1
5749679,2026-27,ITA1,2026-09-11,fiorentina,cher ndour,Cher Ndour,1246009,1
5749679,2026-27,ITA1,2026-09-11,fiorentina,arthur atta,Arthur Atta,1428426,1
5749679,2026-27,ITA1,2026-09-11,fiorentina,franco mastantuono,Franco Mastantuono,1607566,1
5749679,2026-27,ITA1,2026-09-11,fiorentina,beto,Beto,1079485,1
5749679,2026-27,ITA1,2026-09-11,fiorentina,alieu njie,Alieu Njie,1607014,1
5749679,2026-27,ITA1,2026-09-11,fiorentina,mateo pellegrino,Mateo Pellegrino,1224237,0
5749679,2026-27,ITA1,2026-09-11,fiorentina,wilfried gnonto,Wilfried Gnonto,1107286,0
5749679,2026-27,ITA1,2026-09-11,fiorentina,pote,Pote,875133,0
5749679,2026-27,ITA1,2026-09-11,fiorentina,marin pongracic,Marin Pongračić,831474,0
5749679,2026-27,ITA1,2026-09-11,fiorentina,marco brescianini,Marco Brescianini,950596,0
5749679,2026-27,ITA1,2026-09-11,fiorentina,luca lezzerini,Luca Lezzerini,282059,0
5749679,2026-27,ITA1,2026-09-11,fiorentina,oliver christensen,Oliver Christensen,806972,0
5749679,2026-27,ITA1,2026-09-11,fiorentina,dodo,Dodô,750734,0
5749679,2026-27,ITA1,2026-09-11,fiorentina,joao mario,João Mário,958421,0
5749679,2026-27,ITA1,2026-09-11,fiorentina,valde,Valde,1712399,0
5749679,2026-27,ITA1,2026-09-11,fiorentina,christ inao oulai,Christ Inao Oulaï,1666494,0
5795363,2026-27,ENG1,2026-08-21,arsenal,david raya,David Raya,562727,1
5795363,2026-27,ENG1,2026-08-21,arsenal,ben white,Ben White,776151,1
5795363,2026-27,ENG1,2026-08-21,arsenal,cristhian mosquera,Cristhian Mosquera,1298907,1
5795363,2026-27,ENG1,2026-08-21,arsenal,gabriel,Gabriel,795179,1
5795363,2026-27,ENG1,2026-08-21,arsenal,riccardo calafiori,Riccardo Calafiori,1105912,1
5795363,2026-27,ENG1,2026-08-21,arsenal,martin odegaard,Martin Ødegaard,534670,1
5795363,2026-27,ENG1,2026-08-21,arsenal,myles lewis skelly,Myles Lewis-Skelly,1406436,1
5795363,2026-27,ENG1,2026-08-21,arsenal,declan rice,Declan Rice,654096,1
5795363,2026-27,ENG1,2026-08-21,arsenal,bukayo saka,Bukayo Saka,961995,1
5795363,2026-27,ENG1,2026-08-21,arsenal,kai havertz,Kai Havertz,749736,1
5795363,2026-27,ENG1,2026-08-21,arsenal,christos tzolis,Christos Tzolis,1157237,1
5795363,2026-27,ENG1,2026-08-21,arsenal,martin zubimendi,Martín Zubimendi,1031325,0
5795363,2026-27,ENG1,2026-08-21,arsenal,noni madueke,Noni Madueke,1084981,0
5795363,2026-27,ENG1,2026-08-21,arsenal,eberechi eze,Eberechi Eze,818975,0
5795363,2026-27,ENG1,2026-08-21,arsenal,mikel merino,Mikel Merino,574645,0
5795363,2026-27,ENG1,2026-08-21,arsenal,piero hincapie,Piero Hincapié,1137667,0
5795363,2026-27,ENG1,2026-08-21,arsenal,kepa arrizabalaga,Kepa Arrizabalaga,317564,0
5795363,2026-27,ENG1,2026-08-21,arsenal,ethan nwaneri,Ethan Nwaneri,1254234,0
5795363,2026-27,ENG1,2026-08-21,arsenal,max dowman,Max Dowman,1635773,0
5795363,2026-27,ENG1,2026-08-21,arsenal,viktor gyokeres,Viktor Gyökeres,664500,0
5795363,2026-27,ENG1,2026-08-21,coventry,carl rushworth,Carl Rushworth,1187236,1
5795363,2026-27,ENG1,2026-08-21,coventry,milan van ewijk,Milan van Ewijk,1074750,1
5795363,2026-27,ENG1,2026-08-21,coventry,bobby thomas,Bobby Thomas,1161885,1
5795363,2026-27,ENG1,2026-08-21,coventry,aurele amenda,Aurèle Amenda,1257648,1
5795363,2026-27,ENG1,2026-08-21,coventry,jay dasilva,Jay Dasilva,759814,1
5795363,2026-27,ENG1,2026-08-21,coventry,caleb yirenkyi,Caleb Yirenkyi,1615927,1
5795363,2026-27,ENG1,2026-08-21,coventry,matt grimes,Matt Grimes,478357,1
5795363,2026-27,ENG1,2026-08-21,coventry,frank onyeka,Frank Onyeka,856685,1
5795363,2026-27,ENG1,2026-08-21,coventry,loum tchaouna,Loum Tchaouna,1283034,1
5795363,2026-27,ENG1,2026-08-21,coventry,ellis simms,Ellis Simms,982284,1
5795363,2026-27,ENG1,2026-08-21,coventry,brandon thomas asante,Brandon Thomas-Asante,776184,1
5795363,2026-27,ENG1,2026-08-21,coventry,victor torp,Victor Torp,845985,0
5795363,2026-27,ENG1,2026-08-21,coventry,jack rudoni,Jack Rudoni,1030830,0
5795363,2026-27,ENG1,2026-08-21,coventry,taiwo awoniyi,Taiwo Awoniyi,643717,0
5795363,2026-27,ENG1,2026-08-21,coventry,gustavo hamer,Gustavo Hamer,775355,0
5795363,2026-27,ENG1,2026-08-21,coventry,ben wilson,Ben Wilson,302783,0
5795363,2026-27,ENG1,2026-08-21,coventry,joel latibeaudiere,Joel Latibeaudiere,863822,0
5795363,2026-27,ENG1,2026-08-21,coventry,liam kitching,Liam Kitching,914399,0
5795363,2026-27,ENG1,2026-08-21,coventry,josh eccles,Josh Eccles,962000,0
5795363,2026-27,ENG1,2026-08-21,coventry,tatsuhiro sakamoto,Tatsuhiro Sakamoto,1025603,0
5795364,2026-27,ENG1,2026-08-22,hull city,konstantinos tzolakis,Konstantinos Tzolakis,1072068,1
5795364,2026-27,ENG1,2026-08-22,hull city,semi ajayi,Semi Ajayi,410836,1
5795364,2026-27,ENG1,2026-08-22,hull city,john egan,John Egan,295062,1
5795364,2026-27,ENG1,2026-08-22,hull city,nobel mendy,Nobel Mendy,1428427,1
5795364,2026-27,ENG1,2026-08-22,hull city,lewie coyle,Lewie Coyle,709148,1
5795364,2026-27,ENG1,2026-08-22,hull city,ryan giles,Ryan Giles,933635,1
5795364,2026-27,ENG1,2026-08-22,hull city,mohamed belloumi,Mohamed Belloumi,1231090,1
5795364,2026-27,ENG1,2026-08-22,hull city,matt crooks,Matt Crooks,280507,1
5795364,2026-27,ENG1,2026-08-22,hull city,regan slater,Regan Slater,807930,1
5795364,2026-27,ENG1,2026-08-22,hull city,elliot stroud,Elliot Stroud,1272349,1
5795364,2026-27,ENG1,2026-08-22,hull city,oli mcburnie,Oli McBurnie,509151,1
5795364,2026-27,ENG1,2026-08-22,hull city,lucas herrington,Lucas Herrington,1686118,0
5795364,2026-27,ENG1,2026-08-22,hull city,paddy mcnair,Paddy McNair,575780,0
5795364,2026-27,ENG1,2026-08-22,hull city,cody drameh,Cody Drameh,962046,0
5795364,2026-27,ENG1,2026-08-22,hull city,liam millar,Liam Millar,932308,0
5795364,2026-27,ENG1,2026-08-22,hull city,matt targett,Matt Targett,538112,0
5795364,2026-27,ENG1,2026-08-22,hull city,dillon phillips,Dillon Phillips,518500,0
5795364,2026-27,ENG1,2026-08-22,hull city,jens hjerto dahl,Jens Hjertø-Dahl,1377949,0
5795364,2026-27,ENG1,2026-08-22,hull city,kieran dowell,Kieran Dowell,605262,0
5795364,2026-27,ENG1,2026-08-22,hull city,lucas gourna douath,Lucas Gourna-Douath,1137106,0
5795364,2026-27,ENG1,2026-08-22,manchester united,senne lammens,Senne Lammens,1178602,1
5795364,2026-27,ENG1,2026-08-22,manchester united,noussair mazraoui,Noussair Mazraoui,775539,1
5795364,2026-27,ENG1,2026-08-22,manchester united,harry maguire,Harry Maguire,255610,1
5795364,2026-27,ENG1,2026-08-22,manchester united,ayden heaven,Ayden Heaven,1559639,1
5795364,2026-27,ENG1,2026-08-22,manchester united,luke shaw,Luke Shaw,362694,1
5795364,2026-27,ENG1,2026-08-22,manchester united,youri tielemans,Youri Tielemans,465960,1
5795364,2026-27,ENG1,2026-08-22,manchester united,andrey santos,Andrey Santos,1372921,1
5795364,2026-27,ENG1,2026-08-22,manchester united,bryan mbeumo,Bryan Mbeumo,923312,1
5795364,2026-27,ENG1,2026-08-22,manchester united,bruno fernandes,Bruno Fernandes,422685,1
5795364,2026-27,ENG1,2026-08-22,manchester united,patrick dorgu,Patrick Dorgu,1526560,1
5795364,2026-27,ENG1,2026-08-22,manchester united,matheus cunha,Matheus Cunha,863098,1
5795364,2026-27,ENG1,2026-08-22,manchester united,marcus rashford,Marcus Rashford,696365,0
5795364,2026-27,ENG1,2026-08-22,manchester united,kobbie mainoo,Kobbie Mainoo,1292810,0
5795364,2026-27,ENG1,2026-08-22,manchester united,benjamin sesko,Benjamin Sesko,1073977,0
5795364,2026-27,ENG1,2026-08-22,manchester united,diogo dalot,Diogo Dalot,751550,0
5795364,2026-27,ENG1,2026-08-22,manchester united,shea lacey,Shea Lacey,1436260,0
5795364,2026-27,ENG1,2026-08-22,manchester united,karl darlow,Karl Darlow,163604,0
5795364,2026-27,ENG1,2026-08-22,manchester united,leny yoro,Leny Yoro,1358581,0
5795364,2026-27,ENG1,2026-08-22,manchester united,lisandro martinez,Lisandro Martínez,847983,0
5795364,2026-27,ENG1,2026-08-22,manchester united,joshua zirkzee,Joshua Zirkzee,950830,0
5795365,2026-27,ENG1,2026-08-22,everton,jordan pickford,Jordan Pickford,303919,1
5795365,2026-27,ENG1,2026-08-22,everton,merlin rohl,Merlin Röhl,1210384,1
5795365,2026-27,ENG1,2026-08-22,everton,james tarkowski,James Tarkowski,243138,1
5795365,2026-27,ENG1,2026-08-22,everton,jarrad branthwaite,Jarrad Branthwaite,1030829,1
5795365,2026-27,ENG1,2026-08-22,everton,vitaliy mykolenko,Vitaliy Mykolenko,874025,1
5795365,2026-27,ENG1,2026-08-22,everton,harrison armstrong,Harrison Armstrong,1559637,1
5795365,2026-27,ENG1,2026-08-22,everton,hayden hackney,Hayden Hackney,982394,1
5795365,2026-27,ENG1,2026-08-22,everton,iliman ndiaye,Iliman Ndiaye,965764,1
5795365,2026-27,ENG1,2026-08-22,everton,kiernan dewsbury hall,Kiernan Dewsbury-Hall,886016,1
5795365,2026-27,ENG1,2026-08-22,everton,tyrique george,Tyrique George,1424875,1
5795365,2026-27,ENG1,2026-08-22,everton,thierno barry,Thierno Barry,1398392,1
5795365,2026-27,ENG1,2026-08-22,everton,james garner,James Garner,950474,0
5795365,2026-27,ENG1,2026-08-22,everton,beto,Beto,1079485,0
5795365,2026-27,ENG1,2026-08-22,everton,brennan johnson,Brennan Johnson,1076756,0
5795365,2026-27,ENG1,2026-08-22,everton,charly alcaraz,Charly Alcaraz,1128965,0
5795365,2026-27,ENG1,2026-08-22,everton,mark travers,Mark Travers,731855,0
5795365,2026-27,ENG1,2026-08-22,everton,jake obrien,Jake O'Brien,1098607,0
5795365,2026-27,ENG1,2026-08-22,everton,michael keane,Michael Keane,290410,0
5795365,2026-27,ENG1,2026-08-22,everton,nathan patterson,Nathan Patterson,1112684,0
5795365,2026-27,ENG1,2026-08-22,everton,tyler dibling,Tyler Dibling,1292833,0
5795365,2026-27,ENG1,2026-08-22,crystal palace,dean henderson,Dean Henderson,719330,1
5795365,2026-27,ENG1,2026-08-22,crystal palace,jaydee canvot,Jaydee Canvot,1664722,1
5795365,2026-27,ENG1,2026-08-22,crystal palace,chris richards,Chris Richards,950829,1
5795365,2026-27,ENG1,2026-08-22,crystal palace,chadi riad,Chadi Riad,1187506,1
5795365,2026-27,ENG1,2026-08-22,crystal palace,daniel munoz,Daniel Muñoz,859282,1
5795365,2026-27,ENG1,2026-08-22,crystal palace,adam wharton,Adam Wharton,1296650,1
5795365,2026-27,ENG1,2026-08-22,crystal palace,daichi kamada,Daichi Kamada,621515,1
5795365,2026-27,ENG1,2026-08-22,crystal palace,tyrick mitchell,Tyrick Mitchell,1120224,1
5795365,2026-27,ENG1,2026-08-22,crystal palace,dwight mcneil,Dwight McNeil,939542,1
5795365,2026-27,ENG1,2026-08-22,crystal palace,edward nketiah,Edward Nketiah,860920,1
5795365,2026-27,ENG1,2026-08-22,crystal palace,jean philippe mateta,Jean-Philippe Mateta,706297,1
5795365,2026-27,ENG1,2026-08-22,crystal palace,anan khalaili,Anan Khalaili,1477878,0
5795365,2026-27,ENG1,2026-08-22,crystal palace,yeremi pino,Yéremi Pino,1047676,0
5795365,2026-27,ENG1,2026-08-22,crystal palace,evann guessand,Evann Guessand,1087966,0
5795365,2026-27,ENG1,2026-08-22,crystal palace,jorgen strand larsen,Jørgen Strand Larsen,821100,0
5795365,2026-27,ENG1,2026-08-22,crystal palace,takehiro tomiyasu,Takehiro Tomiyasu,664444,0
5795365,2026-27,ENG1,2026-08-22,crystal palace,walter benitez,Walter Benítez,448897,0
5795365,2026-27,ENG1,2026-08-22,crystal palace,borna sosa,Borna Sosa,622091,0
5795365,2026-27,ENG1,2026-08-22,crystal palace,oscar mingueza,Óscar Mingueza,952095,0
5795365,2026-27,ENG1,2026-08-22,crystal palace,will hughes,Will Hughes,295067,0
5795366,2026-27,ENG1,2026-08-22,ipswich town,kjell scherpen,Kjell Scherpen,796398,1
5795366,2026-27,ENG1,2026-08-22,ipswich town,dara oshea,Dara O'Shea,789578,1
5795366,2026-27,ENG1,2026-08-22,ipswich town,issa diop,Issa Diop,696443,1
5795366,2026-27,ENG1,2026-08-22,ipswich town,jacob greaves,Jacob Greaves,1079103,1
5795366,2026-27,ENG1,2026-08-22,ipswich town,leif davis,Leif Davis,980381,1
5795366,2026-27,ENG1,2026-08-22,ipswich town,marcelino nunez,Marcelino Núñez,1129081,1
5795366,2026-27,ENG1,2026-08-22,ipswich town,sasa lukic,Sasa Lukic,556972,1
5795366,2026-27,ENG1,2026-08-22,ipswich town,abdul fatawu,Abdul Fatawu,1265626,1
5795366,2026-27,ENG1,2026-08-22,ipswich town,julio enciso,Julio Enciso,1073742,1
5795366,2026-27,ENG1,2026-08-22,ipswich town,daizen maeda,Daizen Maeda,728765,1
5795366,2026-27,ENG1,2026-08-22,ipswich town,emersonn,Emersonn,1320949,1
5795366,2026-27,ENG1,2026-08-22,ipswich town,chuba akpom,Chuba Akpom,413158,0
5795366,2026-27,ENG1,2026-08-22,ipswich town,kasey mcateer,Kasey McAteer,1113915,0
5795366,2026-27,ENG1,2026-08-22,ipswich town,jack clarke,Jack Clarke,914402,0
5795366,2026-27,ENG1,2026-08-22,ipswich town,abdoul ouattara,Abdoul Ouattara,1343053,0
5795366,2026-27,ENG1,2026-08-22,ipswich town,sindre walle egeli,Sindre Walle Egeli,1307961,0
5795366,2026-27,ENG1,2026-08-22,ipswich town,christian walton,Christian Walton,512013,0
5795366,2026-27,ENG1,2026-08-22,ipswich town,cedric kipre,Cédric Kipré,760398,0
5795366,2026-27,ENG1,2026-08-22,ipswich town,darnell furlong,Darnell Furlong,609733,0
5795366,2026-27,ENG1,2026-08-22,ipswich town,cameron humphreys,Cameron Humphreys,1287056,0
5795366,2026-27,ENG1,2026-08-22,sunderland,robin roefs,Robin Roefs,1125720,1
5795366,2026-27,ENG1,2026-08-22,sunderland,thomas meunier,Thomas Meunier,277771,1
5795366,2026-27,ENG1,2026-08-22,sunderland,daniel ballard,Daniel Ballard,974268,1
5795366,2026-27,ENG1,2026-08-22,sunderland,luke onien,Luke O'Nien,480253,1
5795366,2026-27,ENG1,2026-08-22,sunderland,reinildo,Reinildo,600524,1
5795366,2026-27,ENG1,2026-08-22,sunderland,granit xhaka,Granit Xhaka,207236,1
5795366,2026-27,ENG1,2026-08-22,sunderland,noah sadiki,Noah Sadiki,1359649,1
5795366,2026-27,ENG1,2026-08-22,sunderland,trai hume,Trai Hume,1067763,1
5795366,2026-27,ENG1,2026-08-22,sunderland,enzo le fee,Enzo Le Fée,1049999,1
5795366,2026-27,ENG1,2026-08-22,sunderland,nilson angulo,Nilson Angulo,1287010,1
5795366,2026-27,ENG1,2026-08-22,sunderland,brian brobbey,Brian Brobbey,940446,1
5795366,2026-27,ENG1,2026-08-22,sunderland,chemsdine talbi,Chemsdine Talbi,1368654,0
5795366,2026-27,ENG1,2026-08-22,sunderland,omar alderete,Omar Alderete,751998,0
5795366,2026-27,ENG1,2026-08-22,sunderland,wilson isidor,Wilson Isidor,887703,0
5795366,2026-27,ENG1,2026-08-22,sunderland,chris rigg,Chris Rigg,1327319,0
5795366,2026-27,ENG1,2026-08-22,sunderland,habib diarra,Habib Diarra,1285866,0
5795366,2026-27,ENG1,2026-08-22,sunderland,melker ellborg,Melker Ellborg,1186615,0
5795366,2026-27,ENG1,2026-08-22,sunderland,nordi mukiele,Nordi Mukiele,602304,0
5795366,2026-27,ENG1,2026-08-22,sunderland,jocelin ta bi,Jocelin Ta Bi,1690655,0
5795366,2026-27,ENG1,2026-08-22,sunderland,romaine mundle,Romaine Mundle,1123947,0
5795367,2026-27,ENG1,2026-08-22,nottingham forest,matz sels,Matz Sels,181069,1
5795367,2026-27,ENG1,2026-08-22,nottingham forest,jair cunha,Jair Cunha,1391209,1
5795367,2026-27,ENG1,2026-08-22,nottingham forest,nikola milenkovic,Nikola Milenkovic,766611,1
5795367,2026-27,ENG1,2026-08-22,nottingham forest,murillo,Murillo,1458711,1
5795367,2026-27,ENG1,2026-08-22,nottingham forest,ola aina,Ola Aina,682548,1
5795367,2026-27,ENG1,2026-08-22,nottingham forest,james mcatee,James McAtee,1107648,1
5795367,2026-27,ENG1,2026-08-22,nottingham forest,ibrahim sangare,Ibrahim Sangaré,795371,1
5795367,2026-27,ENG1,2026-08-22,nottingham forest,neco williams,Neco Williams,1078788,1
5795367,2026-27,ENG1,2026-08-22,nottingham forest,morgan gibbs white,Morgan Gibbs-White,789502,1
5795367,2026-27,ENG1,2026-08-22,nottingham forest,dan ndoye,Dan Ndoye,1022649,1
5795367,2026-27,ENG1,2026-08-22,nottingham forest,igor jesus,Igor Jesus,1082102,1
5795367,2026-27,ENG1,2026-08-22,nottingham forest,chris wood,Chris Wood,169719,0
5795367,2026-27,ENG1,2026-08-22,nottingham forest,luca netz,Luca Netz,1155130,0
5795367,2026-27,ENG1,2026-08-22,nottingham forest,xaver schlager,Xaver Schlager,620027,0
5795367,2026-27,ENG1,2026-08-22,nottingham forest,arnaud kalimuendo muinga,Arnaud Kalimuendo-Muinga,1095445,0
5795367,2026-27,ENG1,2026-08-22,nottingham forest,john victor,John Victor,749834,0
5795367,2026-27,ENG1,2026-08-22,nottingham forest,ousmane diomande,Ousmane Diomande,1425182,0
5795367,2026-27,ENG1,2026-08-22,nottingham forest,zach abbott,Zach Abbott,1296769,0
5795367,2026-27,ENG1,2026-08-22,nottingham forest,nicolas dominguez,Nicolás Dominguez,827315,0
5795367,2026-27,ENG1,2026-08-22,nottingham forest,callum hudson odoi,Callum Hudson-Odoi,846383,0
5795367,2026-27,ENG1,2026-08-22,leeds united,james trafford,James Trafford,1187213,1
5795367,2026-27,ENG1,2026-08-22,leeds united,joe rodon,Joe Rodon,717174,1
5795367,2026-27,ENG1,2026-08-22,leeds united,jaka bijol,Jaka Bijol,861805,1
5795367,2026-27,ENG1,2026-08-22,leeds united,tarik muharemovic,Tarik Muharemovic,1250485,1
5795367,2026-27,ENG1,2026-08-22,leeds united,jayden bogle,Jayden Bogle,789646,1
5795367,2026-27,ENG1,2026-08-22,leeds united,anton stach,Anton Stach,881735,1
5795367,2026-27,ENG1,2026-08-22,leeds united,ethan ampadu,Ethan Ampadu,780432,1
5795367,2026-27,ENG1,2026-08-22,leeds united,james justin,James Justin,710158,1
5795367,2026-27,ENG1,2026-08-22,leeds united,harry wilson,Harry Wilson,494417,1
5795367,2026-27,ENG1,2026-08-22,leeds united,dominic calvert lewin,Dominic Calvert-Lewin,612150,1
5795367,2026-27,ENG1,2026-08-22,leeds united,brenden aaronson,Brenden Aaronson,952322,1
5795367,2026-27,ENG1,2026-08-22,leeds united,noah okafor,Noah Okafor,915797,0
5795367,2026-27,ENG1,2026-08-22,leeds united,sean longstaff,Sean Longstaff,820024,0
5795367,2026-27,ENG1,2026-08-22,leeds united,lucas perri,Lucas Perri,637656,0
5795367,2026-27,ENG1,2026-08-22,leeds united,jayden lienou,Jayden Lienou,1797582,0
5795367,2026-27,ENG1,2026-08-22,leeds united,nico elvedi,Nico Elvedi,517346,0
5795367,2026-27,ENG1,2026-08-22,leeds united,alfie cresswell,Alfie Cresswell,1559625,0
5795367,2026-27,ENG1,2026-08-22,leeds united,ao tanaka,Ao Tanaka,935728,0
5795367,2026-27,ENG1,2026-08-22,leeds united,daniel james,Daniel James,717176,0
5795367,2026-27,ENG1,2026-08-22,leeds united,lukas nmecha,Lukas Nmecha,861197,0
5795368,2026-27,ENG1,2026-08-22,brentford,caoimhin kelleher,Caoimhín Kelleher,776689,1
5795368,2026-27,ENG1,2026-08-22,brentford,michael kayode,Michael Kayode,1429912,1
5795368,2026-27,ENG1,2026-08-22,brentford,kristoffer ajer,Kristoffer Ajer,552718,1
5795368,2026-27,ENG1,2026-08-22,brentford,nathan collins,Nathan Collins,961306,1
5795368,2026-27,ENG1,2026-08-22,brentford,keane lewis potter,Keane Lewis-Potter,1010426,1
5795368,2026-27,ENG1,2026-08-22,brentford,mamadou sangare,Mamadou Sangaré,1185211,1
5795368,2026-27,ENG1,2026-08-22,brentford,vitaly janelt,Vitaly Janelt,688273,1
5795368,2026-27,ENG1,2026-08-22,brentford,dango ouattara,Dango Ouattara,1250253,1
5795368,2026-27,ENG1,2026-08-22,brentford,mathias jensen,Mathias Jensen,650616,1
5795368,2026-27,ENG1,2026-08-22,brentford,kevin schade,Kevin Schade,1083796,1
5795368,2026-27,ENG1,2026-08-22,brentford,igor thiago,Igor Thiago,1302005,1
5795368,2026-27,ENG1,2026-08-22,brentford,yehor yarmoliuk,Yehor Yarmoliuk,1157236,0
5795368,2026-27,ENG1,2026-08-22,brentford,jaidon anthony,Jaidon Anthony,1171140,0
5795368,2026-27,ENG1,2026-08-22,brentford,aaron hickey,Aaron Hickey,1002039,0
5795368,2026-27,ENG1,2026-08-22,brentford,mikkel damsgaard,Mikkel Damsgaard,888912,0
5795368,2026-27,ENG1,2026-08-22,brentford,callum wilson,Callum Wilson,184321,0
5795368,2026-27,ENG1,2026-08-22,brentford,hakon rafn valdimarsson,Hákon Rafn Valdimarsson,850962,0
5795368,2026-27,ENG1,2026-08-22,brentford,ethan pinnock,Ethan Pinnock,711357,0
5795368,2026-27,ENG1,2026-08-22,brentford,jannik schuster,Jannik Schuster,1572340,0
5795368,2026-27,ENG1,2026-08-22,brentford,rico henry,Rico Henry,562892,0
5795368,2026-27,ENG1,2026-08-22,tottenham hotspur,antonin kinsky,Antonín Kinsky,1341475,1
5795368,2026-27,ENG1,2026-08-22,tottenham hotspur,archie gray,Archie Gray,1323305,1
5795368,2026-27,ENG1,2026-08-22,tottenham hotspur,jan paul van hecke,Jan Paul van Hecke,974618,1
5795368,2026-27,ENG1,2026-08-22,tottenham hotspur,marcos senesi,Marcos Senesi,785411,1
5795368,2026-27,ENG1,2026-08-22,tottenham hotspur,andrew robertson,Andrew Robertson,357880,1
5795368,2026-27,ENG1,2026-08-22,tottenham hotspur,sandro tonali,Sandro Tonali,867414,1
5795368,2026-27,ENG1,2026-08-22,tottenham hotspur,lucas bergvall,Lucas Bergvall,1386775,1
5795368,2026-27,ENG1,2026-08-22,tottenham hotspur,mikey moore,Mikey Moore,1407250,1
5795368,2026-27,ENG1,2026-08-22,tottenham hotspur,conor gallagher,Conor Gallagher,966027,1
5795368,2026-27,ENG1,2026-08-22,tottenham hotspur,mathys tel,Mathys Tel,1288111,1
5795368,2026-27,ENG1,2026-08-22,tottenham hotspur,richarlison,Richarlison,654908,1
5795368,2026-27,ENG1,2026-08-22,tottenham hotspur,mateus fernandes,Mateus Fernandes,1356312,0
5795368,2026-27,ENG1,2026-08-22,tottenham hotspur,rodrigo bentancur,Rodrigo Bentancur,620618,0
5795368,2026-27,ENG1,2026-08-22,tottenham hotspur,james maddison,James Maddison,493165,0
5795368,2026-27,ENG1,2026-08-22,tottenham hotspur,dominic solanke,Dominic Solanke,591734,0
5795368,2026-27,ENG1,2026-08-22,tottenham hotspur,destiny udogie,Destiny Udogie,1052898,0
5795368,2026-27,ENG1,2026-08-22,tottenham hotspur,martin dubravka,Martin Dúbravka,72241,0
5795368,2026-27,ENG1,2026-08-22,tottenham hotspur,ben davies,Ben Davies,276121,0
5795368,2026-27,ENG1,2026-08-22,tottenham hotspur,kevin danso,Kevin Danso,754126,0
5795368,2026-27,ENG1,2026-08-22,tottenham hotspur,luca williams barnett,Luca Williams-Barnett,1636112,0
5795369,2026-27,ENG1,2026-08-23,brighton hove albion,bart verbruggen,Bart Verbruggen,1131987,1
5795369,2026-27,ENG1,2026-08-23,brighton hove albion,mats wieffer,Mats Wieffer,970243,1
5795369,2026-27,ENG1,2026-08-23,brighton hove albion,luka vuskovic,Luka Vuskovic,1413996,1
5795369,2026-27,ENG1,2026-08-23,brighton hove albion,lewis dunk,Lewis Dunk,201690,1
5795369,2026-27,ENG1,2026-08-23,brighton hove albion,olivier boscagli,Olivier Boscagli,613715,1
5795369,2026-27,ENG1,2026-08-23,brighton hove albion,pascal gross,Pascal Groß,167008,1
5795369,2026-27,ENG1,2026-08-23,brighton hove albion,yasin ayari,Yasin Ayari,1168311,1
5795369,2026-27,ENG1,2026-08-23,brighton hove albion,diego gomez,Diego Gómez,1354561,1
5795369,2026-27,ENG1,2026-08-23,brighton hove albion,jack hinshelwood,Jack Hinshelwood,1251334,1
5795369,2026-27,ENG1,2026-08-23,brighton hove albion,maxim de cuyper,Maxim De Cuyper,1134871,1
5795369,2026-27,ENG1,2026-08-23,brighton hove albion,georginio rutter,Georginio Rutter,956925,1
5795369,2026-27,ENG1,2026-08-23,brighton hove albion,costinha,Costinha,1079456,0
5795369,2026-27,ENG1,2026-08-23,brighton hove albion,charalampos kostoulas,Charalampos Kostoulas,1561249,0
5795369,2026-27,ENG1,2026-08-23,brighton hove albion,ibrahim osman,Ibrahim Osman,1215410,0
5795369,2026-27,ENG1,2026-08-23,brighton hove albion,zadok yohanna,Zadok Yohanna,1782648,0
5795369,2026-27,ENG1,2026-08-23,brighton hove albion,malick junior yalcouye,Malick Junior Yalcouyé,1602352,0
5795369,2026-27,ENG1,2026-08-23,brighton hove albion,jason steele,Jason Steele,107917,0
5795369,2026-27,ENG1,2026-08-23,brighton hove albion,michael svoboda,Michael Svoboda,951921,0
5795369,2026-27,ENG1,2026-08-23,brighton hove albion,pascal struijk,Pascal Struijk,796974,0
5795369,2026-27,ENG1,2026-08-23,brighton hove albion,promise david,Promise David,1252132,0
5795369,2026-27,ENG1,2026-08-23,aston villa,marco bizot,Marco Bizot,195782,1
5795369,2026-27,ENG1,2026-08-23,aston villa,matty cash,Matty Cash,729731,1
5795369,2026-27,ENG1,2026-08-23,aston villa,victor nilsson lindelof,Victor Nilsson Lindelöf,258269,1
5795369,2026-27,ENG1,2026-08-23,aston villa,pau torres,Pau Torres,792645,1
5795369,2026-27,ENG1,2026-08-23,aston villa,ian maatsen,Ian Maatsen,966026,1
5795369,2026-27,ENG1,2026-08-23,aston villa,boubacar kamara,Boubacar Kamara,816325,1
5795369,2026-27,ENG1,2026-08-23,aston villa,joao gomes,João Gomes,1174672,1
5795369,2026-27,ENG1,2026-08-23,aston villa,john mcginn,John McGinn,356406,1
5795369,2026-27,ENG1,2026-08-23,aston villa,ross barkley,Ross Barkley,215384,1
5795369,2026-27,ENG1,2026-08-23,aston villa,george hemmings,George Hemmings,1607333,1
5795369,2026-27,ENG1,2026-08-23,aston villa,emiliano buendia,Emiliano Buendía,610184,1
5795369,2026-27,ENG1,2026-08-23,aston villa,tyrone mings,Tyrone Mings,419664,0
5795369,2026-27,ENG1,2026-08-23,aston villa,lamare bogarde,Lamare Bogarde,1190033,0
5795369,2026-27,ENG1,2026-08-23,aston villa,matteo ruggeri,Matteo Ruggeri,1051097,0
5795369,2026-27,ENG1,2026-08-23,aston villa,alysson edward,Alysson Edward,1656860,0
5795369,2026-27,ENG1,2026-08-23,aston villa,alejandro garnacho,Alejandro Garnacho,1203665,0
5795369,2026-27,ENG1,2026-08-23,aston villa,zion suzuki,Zion Suzuki,1053679,0
5795369,2026-27,ENG1,2026-08-23,aston villa,luka lynch,Luka Lynch,1553189,0
5795369,2026-27,ENG1,2026-08-23,aston villa,triston rowe,Triston Rowe,1442496,0
5795369,2026-27,ENG1,2026-08-23,aston villa,bradley burrowes,Bradley Burrowes,1639163,0
5795370,2026-27,ENG1,2026-08-23,manchester city,gianluigi donnarumma,Gianluigi Donnarumma,618878,1
5795370,2026-27,ENG1,2026-08-23,manchester city,rico lewis,Rico Lewis,1288450,1
5795370,2026-27,ENG1,2026-08-23,manchester city,abdukodir khusanov,Abdukodir Khusanov,1362998,1
5795370,2026-27,ENG1,2026-08-23,manchester city,ruben dias,Rúben Dias,614006,1
5795370,2026-27,ENG1,2026-08-23,manchester city,josko gvardiol,Josko Gvardiol,1070712,1
5795370,2026-27,ENG1,2026-08-23,manchester city,elliot anderson,Elliot Anderson,1089691,1
5795370,2026-27,ENG1,2026-08-23,manchester city,marc guehi,Marc Guéhi,844425,1
5795370,2026-27,ENG1,2026-08-23,manchester city,phil foden,Phil Foden,815006,1
5795370,2026-27,ENG1,2026-08-23,manchester city,nico oreilly,Nico O'Reilly,1300526,1
5795370,2026-27,ENG1,2026-08-23,manchester city,antoine semenyo,Antoine Semenyo,933576,1
5795370,2026-27,ENG1,2026-08-23,manchester city,erling haaland,Erling Haaland,737066,1
5795370,2026-27,ENG1,2026-08-23,manchester city,matheus nunes,Matheus Nunes,955529,0
5795370,2026-27,ENG1,2026-08-23,manchester city,mateo kovacic,Mateo Kovacic,239219,0
5795370,2026-27,ENG1,2026-08-23,manchester city,rayan cherki,Rayan Cherki,1104053,0
5795370,2026-27,ENG1,2026-08-23,manchester city,jack grealish,Jack Grealish,312765,0
5795370,2026-27,ENG1,2026-08-23,manchester city,geronimo rulli,Gerónimo Rulli,245555,0
5795370,2026-27,ENG1,2026-08-23,manchester city,rayan ait nouri,Rayan Aït-Nouri,933845,0
5795370,2026-27,ENG1,2026-08-23,manchester city,vitor reis,Vitor Reis,1580952,0
5795370,2026-27,ENG1,2026-08-23,manchester city,nico gonzalez,Nico González,1280132,0
5795370,2026-27,ENG1,2026-08-23,manchester city,omar marmoush,Omar Marmoush,839204,0
5795370,2026-27,ENG1,2026-08-23,bournemouth,djordje petrovic,Djordje Petrovic,1067256,1
5795370,2026-27,ENG1,2026-08-23,bournemouth,adam smith,Adam Smith,160447,1
5795370,2026-27,ENG1,2026-08-23,bournemouth,james hill,James Hill,959407,1
5795370,2026-27,ENG1,2026-08-23,bournemouth,antonio silva,António Silva,1292092,1
5795370,2026-27,ENG1,2026-08-23,bournemouth,adrien truffert,Adrien Truffert,1177358,1
5795370,2026-27,ENG1,2026-08-23,bournemouth,lewis cook,Lewis Cook,562724,1
5795370,2026-27,ENG1,2026-08-23,bournemouth,alex scott,Alex Scott,1233655,1
5795370,2026-27,ENG1,2026-08-23,bournemouth,rayan,Rayan,1478295,1
5795370,2026-27,ENG1,2026-08-23,bournemouth,justin kluivert,Justin Kluivert,794253,1
5795370,2026-27,ENG1,2026-08-23,bournemouth,marcus tavernier,Marcus Tavernier,789630,1
5795370,2026-27,ENG1,2026-08-23,bournemouth,evanilson,Evanilson,1098096,1
5795370,2026-27,ENG1,2026-08-23,bournemouth,alex toth,Alex Tóth,1449690,0
5795370,2026-27,ENG1,2026-08-23,bournemouth,tyler adams,Tyler Adams,729769,0
5795370,2026-27,ENG1,2026-08-23,bournemouth,daniel jebbison,Daniel Jebbison,1253827,0
5795370,2026-27,ENG1,2026-08-23,bournemouth,ben gannon doak,Ben Gannon-Doak,1324871,0
5795370,2026-27,ENG1,2026-08-23,bournemouth,will dennis,Will Dennis,1096635,0
5795370,2026-27,ENG1,2026-08-23,bournemouth,bafode diakite,Bafodé Diakité,979752,0
5795370,2026-27,ENG1,2026-08-23,bournemouth,juanlu sanchez,Juanlu Sánchez,1158512,0
5795370,2026-27,ENG1,2026-08-23,bournemouth,alvaro rodriguez,Álvaro Rodriguez,1327406,0
5795370,2026-27,ENG1,2026-08-23,bournemouth,david brooks,David Brooks,674014,0
5795371,2026-27,ENG1,2026-08-23,newcastle united,lukas hornicek,Lukás Hornícek,1186978,1
5795371,2026-27,ENG1,2026-08-23,newcastle united,amar dedic,Amar Dedic,958010,1
5795371,2026-27,ENG1,2026-08-23,newcastle united,malick thiaw,Malick Thiaw,1137407,1
5795371,2026-27,ENG1,2026-08-23,newcastle united,sven botman,Sven Botman,956682,1
5795371,2026-27,ENG1,2026-08-23,newcastle united,lewis hall,Lewis Hall,1197655,1
5795371,2026-27,ENG1,2026-08-23,newcastle united,sean steur,Sean Steur,1643770,1
5795371,2026-27,ENG1,2026-08-23,newcastle united,lewis miley,Lewis Miley,1296763,1
5795371,2026-27,ENG1,2026-08-23,newcastle united,anthony elanga,Anthony Elanga,1050166,1
5795371,2026-27,ENG1,2026-08-23,newcastle united,yoane wissa,Yoane Wissa,666857,1
5795371,2026-27,ENG1,2026-08-23,newcastle united,harvey barnes,Harvey Barnes,760359,1
5795371,2026-27,ENG1,2026-08-23,newcastle united,william osula,William Osula,1258092,1
5795371,2026-27,ENG1,2026-08-23,newcastle united,jacob ramsey,Jacob Ramsey,1021929,0
5795371,2026-27,ENG1,2026-08-23,newcastle united,joseph willock,Joseph Willock,860975,0
5795371,2026-27,ENG1,2026-08-23,newcastle united,aladji bamba,Aladji Bamba,1695681,0
5795371,2026-27,ENG1,2026-08-23,newcastle united,jacob murphy,Jacob Murphy,521148,0
5795371,2026-27,ENG1,2026-08-23,newcastle united,fabian schar,Fabian Schär,189982,0
5795371,2026-27,ENG1,2026-08-23,newcastle united,ewen jaouen,Ewen Jaouen,1438570,0
5795371,2026-27,ENG1,2026-08-23,newcastle united,leo shahar,Leo Shahar,1414761,0
5795371,2026-27,ENG1,2026-08-23,newcastle united,bazoumana toure,Bazoumana Touré,1624586,0
5795371,2026-27,ENG1,2026-08-23,newcastle united,nick woltemade,Nick Woltemade,1106563,0
5795371,2026-27,ENG1,2026-08-23,liverpool,alisson becker,Alisson Becker,319784,1
5795371,2026-27,ENG1,2026-08-23,liverpool,jeremie frimpong,Jeremie Frimpong,966018,1
5795371,2026-27,ENG1,2026-08-23,liverpool,jeremy jacquet,Jérémy Jacquet,1473534,1
5795371,2026-27,ENG1,2026-08-23,liverpool,virgil van dijk,Virgil van Dijk,209405,1
5795371,2026-27,ENG1,2026-08-23,liverpool,milos kerkez,Milos Kerkez,1195281,1
5795371,2026-27,ENG1,2026-08-23,liverpool,ryan gravenberch,Ryan Gravenberch,956683,1
5795371,2026-27,ENG1,2026-08-23,liverpool,dominik szoboszlai,Dominik Szoboszlai,846005,1
5795371,2026-27,ENG1,2026-08-23,liverpool,rio ngumoha,Rio Ngumoha,1597668,1
5795371,2026-27,ENG1,2026-08-23,liverpool,florian wirtz,Florian Wirtz,1152455,1
5795371,2026-27,ENG1,2026-08-23,liverpool,cody gakpo,Cody Gakpo,806552,1
5795371,2026-27,ENG1,2026-08-23,liverpool,alexander isak,Alexander Isak,690107,1
5795371,2026-27,ENG1,2026-08-23,liverpool,alexis mac allister,Alexis Mac Allister,831489,0
5795371,2026-27,ENG1,2026-08-23,liverpool,victor munoz,Víctor Muñoz,1553105,0
5795371,2026-27,ENG1,2026-08-23,liverpool,ronald araujo,Ronald Araujo,921253,0
5795371,2026-27,ENG1,2026-08-23,liverpool,lewis koumas,Lewis Koumas,1364042,0
5795371,2026-27,ENG1,2026-08-23,liverpool,giorgi mamardashvili,Giorgi Mamardashvili,948800,0
5795371,2026-27,ENG1,2026-08-23,liverpool,james mcconnell,James McConnell,1231075,0
5795371,2026-27,ENG1,2026-08-23,liverpool,konstantinos tsimikas,Konstantinos Tsimikas,671529,0
5795371,2026-27,ENG1,2026-08-23,liverpool,trey nyoni,Trey Nyoni,1436258,0
5795371,2026-27,ENG1,2026-08-23,liverpool,wataru endo,Wataru Endo,202643,0
5795372,2026-27,ENG1,2026-08-24,fulham,bernd leno,Bernd Leno,215168,1
5795372,2026-27,ENG1,2026-08-24,fulham,timothy castagne,Timothy Castagne,465750,1
5795372,2026-27,ENG1,2026-08-24,fulham,calvin bassey,Calvin Bassey,877401,1
5795372,2026-27,ENG1,2026-08-24,fulham,jorge cuenca,Jorge Cuenca,821728,1
5795372,2026-27,ENG1,2026-08-24,fulham,antonee robinson,Antonee Robinson,662428,1
5795372,2026-27,ENG1,2026-08-24,fulham,sander berge,Sander Berge,540963,1
5795372,2026-27,ENG1,2026-08-24,fulham,alex iwobi,Alex Iwobi,604785,1
5795372,2026-27,ENG1,2026-08-24,fulham,oscar bobb,Oscar Bobb,1113790,1
5795372,2026-27,ENG1,2026-08-24,fulham,joshua king,Joshua King,1422593,1
5795372,2026-27,ENG1,2026-08-24,fulham,cesar palacios,César Palacios,1403691,1
5795372,2026-27,ENG1,2026-08-24,fulham,gonzalo garcia,Gonzalo García,1413847,1
5795372,2026-27,ENG1,2026-08-24,fulham,shea charles,Shea Charles,1281452,0
5795372,2026-27,ENG1,2026-08-24,fulham,ryan sessegnon,Ryan Sessegnon,773991,0
5795372,2026-27,ENG1,2026-08-24,fulham,kevin,Kevin,1318400,0
5795372,2026-27,ENG1,2026-08-24,fulham,rodrigo muniz,Rodrigo Muniz,1128945,0
5795372,2026-27,ENG1,2026-08-24,fulham,benjamin lecomte,Benjamin Lecomte,210114,0
5795372,2026-27,ENG1,2026-08-24,fulham,kenny tete,Kenny Tete,469804,0
5795372,2026-27,ENG1,2026-08-24,fulham,luc de fougerolles,Luc De Fougerolles,1399943,0
5795372,2026-27,ENG1,2026-08-24,fulham,emile smith rowe,Emile Smith Rowe,889534,0
5795372,2026-27,ENG1,2026-08-24,fulham,harrison reed,Harrison Reed,502420,0
5795372,2026-27,ENG1,2026-08-24,chelsea,robert sanchez,Robert Sánchez,789571,1
5795372,2026-27,ENG1,2026-08-24,chelsea,josh acheampong,Josh Acheampong,1400216,1
5795372,2026-27,ENG1,2026-08-24,chelsea,maxence lacroix,Maxence Lacroix,950485,1
5795372,2026-27,ENG1,2026-08-24,chelsea,levi colwill,Levi Colwill,1096400,1
5795372,2026-27,ENG1,2026-08-24,chelsea,malo gusto,Malo Gusto,1197250,1
5795372,2026-27,ENG1,2026-08-24,chelsea,reece james,Reece James,807729,1
5795372,2026-27,ENG1,2026-08-24,chelsea,romeo lavia,Roméo Lavia,1190867,1
5795372,2026-27,ENG1,2026-08-24,chelsea,jorrel hato,Jorrel Hato,1413846,1
5795372,2026-27,ENG1,2026-08-24,chelsea,cole palmer,Cole Palmer,1096353,1
5795372,2026-27,ENG1,2026-08-24,chelsea,morgan rogers,Morgan Rogers,883080,1
5795372,2026-27,ENG1,2026-08-24,chelsea,joao pedro,João Pedro,1021382,1
5795372,2026-27,ENG1,2026-08-24,chelsea,pep chavarria,Pep Chavarría,988805,0
5795372,2026-27,ENG1,2026-08-24,chelsea,enzo fernandez,Enzo Fernández,1137705,0
5795372,2026-27,ENG1,2026-08-24,chelsea,pedro neto,Pedro Neto,843040,0
5795372,2026-27,ENG1,2026-08-24,chelsea,geovany quenda,Geovany Quenda,1530314,0
5795372,2026-27,ENG1,2026-08-24,chelsea,estevao,Estêvão,1580774,0
5795372,2026-27,ENG1,2026-08-24,chelsea,mike penders,Mike Penders,1319972,0
5795372,2026-27,ENG1,2026-08-24,chelsea,valentin barco,Valentín Barco,1272440,0
5795372,2026-27,ENG1,2026-08-24,chelsea,danny welbeck,Danny Welbeck,113836,0
5795372,2026-27,ENG1,2026-08-24,chelsea,jamie gittens,Jamie Gittens,1113692,0
5795425,2026-27,ENG1,2026-08-29,bournemouth,djordje petrovic,Djordje Petrovic,1067256,1
5795425,2026-27,ENG1,2026-08-29,bournemouth,adam smith,Adam Smith,160447,1
5795425,2026-27,ENG1,2026-08-29,bournemouth,james hill,James Hill,959407,1
5795425,2026-27,ENG1,2026-08-29,bournemouth,antonio silva,António Silva,1292092,1
5795425,2026-27,ENG1,2026-08-29,bournemouth,adrien truffert,Adrien Truffert,1177358,1
5795425,2026-27,ENG1,2026-08-29,bournemouth,lewis cook,Lewis Cook,562724,1
5795425,2026-27,ENG1,2026-08-29,bournemouth,alex scott,Alex Scott,1233655,1
5795425,2026-27,ENG1,2026-08-29,bournemouth,rayan,Rayan,1478295,1
5795425,2026-27,ENG1,2026-08-29,bournemouth,justin kluivert,Justin Kluivert,794253,1
5795425,2026-27,ENG1,2026-08-29,bournemouth,marcus tavernier,Marcus Tavernier,789630,1
5795425,2026-27,ENG1,2026-08-29,bournemouth,evanilson,Evanilson,1098096,1
5795425,2026-27,ENG1,2026-08-29,bournemouth,tyler adams,Tyler Adams,729769,0
5795425,2026-27,ENG1,2026-08-29,bournemouth,alvaro rodriguez,Álvaro Rodriguez,1327406,0
5795425,2026-27,ENG1,2026-08-29,bournemouth,david brooks,David Brooks,674014,0
5795425,2026-27,ENG1,2026-08-29,bournemouth,ryan christie,Ryan Christie,439369,0
5795425,2026-27,ENG1,2026-08-29,bournemouth,michele di gregorio,Michele Di Gregorio,766062,0
5795425,2026-27,ENG1,2026-08-29,bournemouth,bafode diakite,Bafodé Diakité,979752,0
5795425,2026-27,ENG1,2026-08-29,bournemouth,julio soler,Julio Soler,1358655,0
5795425,2026-27,ENG1,2026-08-29,bournemouth,ben gannon doak,Ben Gannon-Doak,1324871,0
5795425,2026-27,ENG1,2026-08-29,bournemouth,daniel jebbison,Daniel Jebbison,1253827,0
5795425,2026-27,ENG1,2026-08-29,everton,jordan pickford,Jordan Pickford,303919,1
5795425,2026-27,ENG1,2026-08-29,everton,merlin rohl,Merlin Röhl,1210384,1
5795425,2026-27,ENG1,2026-08-29,everton,james tarkowski,James Tarkowski,243138,1
5795425,2026-27,ENG1,2026-08-29,everton,jarrad branthwaite,Jarrad Branthwaite,1030829,1
5795425,2026-27,ENG1,2026-08-29,everton,vitaliy mykolenko,Vitaliy Mykolenko,874025,1
5795425,2026-27,ENG1,2026-08-29,everton,harrison armstrong,Harrison Armstrong,1559637,1
5795425,2026-27,ENG1,2026-08-29,everton,james garner,James Garner,950474,1
5795425,2026-27,ENG1,2026-08-29,everton,iliman ndiaye,Iliman Ndiaye,965764,1
5795425,2026-27,ENG1,2026-08-29,everton,kiernan dewsbury hall,Kiernan Dewsbury-Hall,886016,1
5795425,2026-27,ENG1,2026-08-29,everton,tyrique george,Tyrique George,1424875,1
5795425,2026-27,ENG1,2026-08-29,everton,thierno barry,Thierno Barry,1398392,1
5795425,2026-27,ENG1,2026-08-29,everton,brennan johnson,Brennan Johnson,1076756,0
5795425,2026-27,ENG1,2026-08-29,everton,hayden hackney,Hayden Hackney,982394,0
5795425,2026-27,ENG1,2026-08-29,everton,beto,Beto,1079485,0
5795425,2026-27,ENG1,2026-08-29,everton,charly alcaraz,Charly Alcaraz,1128965,0
5795425,2026-27,ENG1,2026-08-29,everton,tim iroegbunam,Tim Iroegbunam,1203512,0
5795425,2026-27,ENG1,2026-08-29,everton,mark travers,Mark Travers,731855,0
5795425,2026-27,ENG1,2026-08-29,everton,jake obrien,Jake O'Brien,1098607,0
5795425,2026-27,ENG1,2026-08-29,everton,michael keane,Michael Keane,290410,0
5795425,2026-27,ENG1,2026-08-29,everton,tyler dibling,Tyler Dibling,1292833,0
5795426,2026-27,ENG1,2026-08-31,aston villa,zion suzuki,Zion Suzuki,1053679,1
5795426,2026-27,ENG1,2026-08-31,aston villa,matty cash,Matty Cash,729731,1
5795426,2026-27,ENG1,2026-08-31,aston villa,victor nilsson lindelof,Victor Nilsson Lindelöf,258269,1
5795426,2026-27,ENG1,2026-08-31,aston villa,pau torres,Pau Torres,792645,1
5795426,2026-27,ENG1,2026-08-31,aston villa,ian maatsen,Ian Maatsen,966026,1
5795426,2026-27,ENG1,2026-08-31,aston villa,boubacar kamara,Boubacar Kamara,816325,1
5795426,2026-27,ENG1,2026-08-31,aston villa,ross barkley,Ross Barkley,215384,1
5795426,2026-27,ENG1,2026-08-31,aston villa,john mcginn,John McGinn,356406,1
5795426,2026-27,ENG1,2026-08-31,aston villa,emiliano buendia,Emiliano Buendía,610184,1
5795426,2026-27,ENG1,2026-08-31,aston villa,george hemmings,George Hemmings,1607333,1
5795426,2026-27,ENG1,2026-08-31,aston villa,nicolas jackson,Nicolas Jackson,1197347,1
5795426,2026-27,ENG1,2026-08-31,aston villa,alysson edward,Alysson Edward,1656860,0
5795426,2026-27,ENG1,2026-08-31,aston villa,tammy abraham,Tammy Abraham,749661,0
5795426,2026-27,ENG1,2026-08-31,aston villa,aaron wan bissaka,Aaron Wan-Bissaka,760320,0
5795426,2026-27,ENG1,2026-08-31,aston villa,alejandro garnacho,Alejandro Garnacho,1203665,0
5795426,2026-27,ENG1,2026-08-31,aston villa,marco bizot,Marco Bizot,195782,0
5795426,2026-27,ENG1,2026-08-31,aston villa,matteo ruggeri,Matteo Ruggeri,1051097,0
5795426,2026-27,ENG1,2026-08-31,aston villa,tyrone mings,Tyrone Mings,419664,0
5795426,2026-27,ENG1,2026-08-31,aston villa,lamare bogarde,Lamare Bogarde,1190033,0
5795426,2026-27,ENG1,2026-08-31,aston villa,luka lynch,Luka Lynch,1553189,0
5795426,2026-27,ENG1,2026-08-31,arsenal,david raya,David Raya,562727,1
5795426,2026-27,ENG1,2026-08-31,arsenal,ben white,Ben White,776151,1
5795426,2026-27,ENG1,2026-08-31,arsenal,cristhian mosquera,Cristhian Mosquera,1298907,1
5795426,2026-27,ENG1,2026-08-31,arsenal,gabriel,Gabriel,795179,1
5795426,2026-27,ENG1,2026-08-31,arsenal,riccardo calafiori,Riccardo Calafiori,1105912,1
5795426,2026-27,ENG1,2026-08-31,arsenal,declan rice,Declan Rice,654096,1
5795426,2026-27,ENG1,2026-08-31,arsenal,myles lewis skelly,Myles Lewis-Skelly,1406436,1
5795426,2026-27,ENG1,2026-08-31,arsenal,bukayo saka,Bukayo Saka,961995,1
5795426,2026-27,ENG1,2026-08-31,arsenal,martin odegaard,Martin Ødegaard,534670,1
5795426,2026-27,ENG1,2026-08-31,arsenal,christos tzolis,Christos Tzolis,1157237,1
5795426,2026-27,ENG1,2026-08-31,arsenal,kai havertz,Kai Havertz,749736,1
5795426,2026-27,ENG1,2026-08-31,arsenal,eberechi eze,Eberechi Eze,818975,0
5795426,2026-27,ENG1,2026-08-31,arsenal,bruno guimaraes,Bruno Guimarães,850354,0
5795426,2026-27,ENG1,2026-08-31,arsenal,mikel merino,Mikel Merino,574645,0
5795426,2026-27,ENG1,2026-08-31,arsenal,ezri konsa,Ezri Konsa,710159,0
5795426,2026-27,ENG1,2026-08-31,arsenal,martin zubimendi,Martín Zubimendi,1031325,0
5795426,2026-27,ENG1,2026-08-31,arsenal,kepa arrizabalaga,Kepa Arrizabalaga,317564,0
5795426,2026-27,ENG1,2026-08-31,arsenal,piero hincapie,Piero Hincapié,1137667,0
5795426,2026-27,ENG1,2026-08-31,arsenal,noni madueke,Noni Madueke,1084981,0
5795426,2026-27,ENG1,2026-08-31,arsenal,viktor gyokeres,Viktor Gyökeres,664500,0
5795427,2026-27,ENG1,2026-08-30,chelsea,emiliano martinez,Emiliano Martínez,268375,1
5795427,2026-27,ENG1,2026-08-30,chelsea,wesley fofana,Wesley Fofana,917802,1
5795427,2026-27,ENG1,2026-08-30,chelsea,maxence lacroix,Maxence Lacroix,950485,1
5795427,2026-27,ENG1,2026-08-30,chelsea,levi colwill,Levi Colwill,1096400,1
5795427,2026-27,ENG1,2026-08-30,chelsea,pedro neto,Pedro Neto,843040,1
5795427,2026-27,ENG1,2026-08-30,chelsea,malo gusto,Malo Gusto,1197250,1
5795427,2026-27,ENG1,2026-08-30,chelsea,romeo lavia,Roméo Lavia,1190867,1
5795427,2026-27,ENG1,2026-08-30,chelsea,jorrel hato,Jorrel Hato,1413846,1
5795427,2026-27,ENG1,2026-08-30,chelsea,cole palmer,Cole Palmer,1096353,1
5795427,2026-27,ENG1,2026-08-30,chelsea,morgan rogers,Morgan Rogers,883080,1
5795427,2026-27,ENG1,2026-08-30,chelsea,joao pedro,João Pedro,1021382,1
5795427,2026-27,ENG1,2026-08-30,chelsea,josh acheampong,Josh Acheampong,1400216,0
5795427,2026-27,ENG1,2026-08-30,chelsea,reece james,Reece James,807729,0
5795427,2026-27,ENG1,2026-08-30,chelsea,moises caicedo,Moisés Caicedo,1137668,0
5795427,2026-27,ENG1,2026-08-30,chelsea,pep chavarria,Pep Chavarría,988805,0
5795427,2026-27,ENG1,2026-08-30,chelsea,valentin barco,Valentín Barco,1272440,0
5795427,2026-27,ENG1,2026-08-30,chelsea,mike penders,Mike Penders,1319972,0
5795427,2026-27,ENG1,2026-08-30,chelsea,danny welbeck,Danny Welbeck,113836,0
5795427,2026-27,ENG1,2026-08-30,chelsea,estevao,Estêvão,1580774,0
5795427,2026-27,ENG1,2026-08-30,chelsea,jamie gittens,Jamie Gittens,1113692,0
5795427,2026-27,ENG1,2026-08-30,brighton hove albion,bart verbruggen,Bart Verbruggen,1131987,1
5795427,2026-27,ENG1,2026-08-30,brighton hove albion,mats wieffer,Mats Wieffer,970243,1
5795427,2026-27,ENG1,2026-08-30,brighton hove albion,luka vuskovic,Luka Vuskovic,1413996,1
5795427,2026-27,ENG1,2026-08-30,brighton hove albion,lewis dunk,Lewis Dunk,201690,1
5795427,2026-27,ENG1,2026-08-30,brighton hove albion,ferdi kadioglu,Ferdi Kadioglu,774448,1
5795427,2026-27,ENG1,2026-08-30,brighton hove albion,pascal gross,Pascal Groß,167008,1
5795427,2026-27,ENG1,2026-08-30,brighton hove albion,olivier boscagli,Olivier Boscagli,613715,1
5795427,2026-27,ENG1,2026-08-30,brighton hove albion,diego gomez,Diego Gómez,1354561,1
5795427,2026-27,ENG1,2026-08-30,brighton hove albion,malick junior yalcouye,Malick Junior Yalcouyé,1602352,1
5795427,2026-27,ENG1,2026-08-30,brighton hove albion,maxim de cuyper,Maxim De Cuyper,1134871,1
5795427,2026-27,ENG1,2026-08-30,brighton hove albion,charalampos kostoulas,Charalampos Kostoulas,1561249,1
5795427,2026-27,ENG1,2026-08-30,brighton hove albion,ibrahim osman,Ibrahim Osman,1215410,0
5795427,2026-27,ENG1,2026-08-30,brighton hove albion,costinha,Costinha,1079456,0
5795427,2026-27,ENG1,2026-08-30,brighton hove albion,promise david,Promise David,1252132,0
5795427,2026-27,ENG1,2026-08-30,brighton hove albion,jason steele,Jason Steele,107917,0
5795427,2026-27,ENG1,2026-08-30,brighton hove albion,jaouen hadjam,Jaouen Hadjam,1178324,0
5795427,2026-27,ENG1,2026-08-30,brighton hove albion,pascal struijk,Pascal Struijk,796974,0
5795427,2026-27,ENG1,2026-08-30,brighton hove albion,matthew oriley,Matthew O'Riley,866686,0
5795427,2026-27,ENG1,2026-08-30,brighton hove albion,amario cozier duberry,Amario Cozier-Duberry,1254170,0
5795427,2026-27,ENG1,2026-08-30,brighton hove albion,nehemiah oriola,Nehemiah Oriola,1526697,0
5795428,2026-27,ENG1,2026-08-29,coventry,carl rushworth,Carl Rushworth,1187236,1
5795428,2026-27,ENG1,2026-08-29,coventry,milan van ewijk,Milan van Ewijk,1074750,1
5795428,2026-27,ENG1,2026-08-29,coventry,bobby thomas,Bobby Thomas,1161885,1
5795428,2026-27,ENG1,2026-08-29,coventry,aurele amenda,Aurèle Amenda,1257648,1
5795428,2026-27,ENG1,2026-08-29,coventry,jay dasilva,Jay Dasilva,759814,1
5795428,2026-27,ENG1,2026-08-29,coventry,caleb yirenkyi,Caleb Yirenkyi,1615927,1
5795428,2026-27,ENG1,2026-08-29,coventry,matt grimes,Matt Grimes,478357,1
5795428,2026-27,ENG1,2026-08-29,coventry,loum tchaouna,Loum Tchaouna,1283034,1
5795428,2026-27,ENG1,2026-08-29,coventry,jack rudoni,Jack Rudoni,1030830,1
5795428,2026-27,ENG1,2026-08-29,coventry,ephron mason clark,Ephron Mason-Clark,798654,1
5795428,2026-27,ENG1,2026-08-29,coventry,taiwo awoniyi,Taiwo Awoniyi,643717,1
5795428,2026-27,ENG1,2026-08-29,coventry,brandon thomas asante,Brandon Thomas-Asante,776184,0
5795428,2026-27,ENG1,2026-08-29,coventry,tatsuhiro sakamoto,Tatsuhiro Sakamoto,1025603,0
5795428,2026-27,ENG1,2026-08-29,coventry,victor torp,Victor Torp,845985,0
5795428,2026-27,ENG1,2026-08-29,coventry,gustavo hamer,Gustavo Hamer,775355,0
5795428,2026-27,ENG1,2026-08-29,coventry,ethan pinnock,Ethan Pinnock,711357,0
5795428,2026-27,ENG1,2026-08-29,coventry,daniel bentley,Daniel Bentley,189103,0
5795428,2026-27,ENG1,2026-08-29,coventry,joel latibeaudiere,Joel Latibeaudiere,863822,0
5795428,2026-27,ENG1,2026-08-29,coventry,liam kitching,Liam Kitching,914399,0
5795428,2026-27,ENG1,2026-08-29,coventry,ellis simms,Ellis Simms,982284,0
5795428,2026-27,ENG1,2026-08-29,hull city,konstantinos tzolakis,Konstantinos Tzolakis,1072068,1
5795428,2026-27,ENG1,2026-08-29,hull city,semi ajayi,Semi Ajayi,410836,1
5795428,2026-27,ENG1,2026-08-29,hull city,john egan,John Egan,295062,1
5795428,2026-27,ENG1,2026-08-29,hull city,nobel mendy,Nobel Mendy,1428427,1
5795428,2026-27,ENG1,2026-08-29,hull city,lewie coyle,Lewie Coyle,709148,1
5795428,2026-27,ENG1,2026-08-29,hull city,regan slater,Regan Slater,807930,1
5795428,2026-27,ENG1,2026-08-29,hull city,hidemasa morita,Hidemasa Morita,915102,1
5795428,2026-27,ENG1,2026-08-29,hull city,ryan giles,Ryan Giles,933635,1
5795428,2026-27,ENG1,2026-08-29,hull city,mohamed belloumi,Mohamed Belloumi,1231090,1
5795428,2026-27,ENG1,2026-08-29,hull city,oli mcburnie,Oli McBurnie,509151,1
5795428,2026-27,ENG1,2026-08-29,hull city,elliot stroud,Elliot Stroud,1272349,1
5795428,2026-27,ENG1,2026-08-29,hull city,cody drameh,Cody Drameh,962046,0
5795428,2026-27,ENG1,2026-08-29,hull city,lucas gourna douath,Lucas Gourna-Douath,1137106,0
5795428,2026-27,ENG1,2026-08-29,hull city,lucas herrington,Lucas Herrington,1686118,0
5795428,2026-27,ENG1,2026-08-29,hull city,liam millar,Liam Millar,932308,0
5795428,2026-27,ENG1,2026-08-29,hull city,mohamed ali cho,Mohamed-Ali Cho,1180718,0
5795428,2026-27,ENG1,2026-08-29,hull city,dillon phillips,Dillon Phillips,518500,0
5795428,2026-27,ENG1,2026-08-29,hull city,matt targett,Matt Targett,538112,0
5795428,2026-27,ENG1,2026-08-29,hull city,paddy mcnair,Paddy McNair,575780,0
5795428,2026-27,ENG1,2026-08-29,hull city,jens hjerto dahl,Jens Hjertø-Dahl,1377949,0
5795429,2026-27,ENG1,2026-08-28,crystal palace,dean henderson,Dean Henderson,719330,1
5795429,2026-27,ENG1,2026-08-28,crystal palace,jaydee canvot,Jaydee Canvot,1664722,1
5795429,2026-27,ENG1,2026-08-28,crystal palace,chris richards,Chris Richards,950829,1
5795429,2026-27,ENG1,2026-08-28,crystal palace,takehiro tomiyasu,Takehiro Tomiyasu,664444,1
5795429,2026-27,ENG1,2026-08-28,crystal palace,anan khalaili,Anan Khalaili,1477878,1
5795429,2026-27,ENG1,2026-08-28,crystal palace,adam wharton,Adam Wharton,1296650,1
5795429,2026-27,ENG1,2026-08-28,crystal palace,daichi kamada,Daichi Kamada,621515,1
5795429,2026-27,ENG1,2026-08-28,crystal palace,tyrick mitchell,Tyrick Mitchell,1120224,1
5795429,2026-27,ENG1,2026-08-28,crystal palace,yeremi pino,Yéremi Pino,1047676,1
5795429,2026-27,ENG1,2026-08-28,crystal palace,edward nketiah,Edward Nketiah,860920,1
5795429,2026-27,ENG1,2026-08-28,crystal palace,jorgen strand larsen,Jørgen Strand Larsen,821100,1
5795429,2026-27,ENG1,2026-08-28,crystal palace,evann guessand,Evann Guessand,1087966,0
5795429,2026-27,ENG1,2026-08-28,crystal palace,zavier gozo,Zavier Gozo,1455818,0
5795429,2026-27,ENG1,2026-08-28,crystal palace,dwight mcneil,Dwight McNeil,939542,0
5795429,2026-27,ENG1,2026-08-28,crystal palace,axel disasi,Axel Disasi,696646,0
5795429,2026-27,ENG1,2026-08-28,crystal palace,oscar mingueza,Óscar Mingueza,952095,0
5795429,2026-27,ENG1,2026-08-28,crystal palace,walter benitez,Walter Benítez,448897,0
5795429,2026-27,ENG1,2026-08-28,crystal palace,daniel munoz,Daniel Muñoz,859282,0
5795429,2026-27,ENG1,2026-08-28,crystal palace,jefferson lerma,Jefferson Lerma,466672,0
5795429,2026-27,ENG1,2026-08-28,crystal palace,will hughes,Will Hughes,295067,0
5795429,2026-27,ENG1,2026-08-28,manchester city,gianluigi donnarumma,Gianluigi Donnarumma,618878,1
5795429,2026-27,ENG1,2026-08-28,manchester city,abdukodir khusanov,Abdukodir Khusanov,1362998,1
5795429,2026-27,ENG1,2026-08-28,manchester city,ruben dias,Rúben Dias,614006,1
5795429,2026-27,ENG1,2026-08-28,manchester city,marc guehi,Marc Guéhi,844425,1
5795429,2026-27,ENG1,2026-08-28,manchester city,josko gvardiol,Joško Gvardiol,1070712,1
5795429,2026-27,ENG1,2026-08-28,manchester city,nico oreilly,Nico O'Reilly,1300526,1
5795429,2026-27,ENG1,2026-08-28,manchester city,elliot anderson,Elliot Anderson,1089691,1
5795429,2026-27,ENG1,2026-08-28,manchester city,phil foden,Phil Foden,815006,1
5795429,2026-27,ENG1,2026-08-28,manchester city,rayan cherki,Rayan Cherki,1104053,1
5795429,2026-27,ENG1,2026-08-28,manchester city,antoine semenyo,Antoine Semenyo,933576,1
5795429,2026-27,ENG1,2026-08-28,manchester city,erling haaland,Erling Haaland,737066,1
5795429,2026-27,ENG1,2026-08-28,manchester city,mateo kovacic,Mateo Kovačić,239219,0
5795429,2026-27,ENG1,2026-08-28,manchester city,ayyoub bouaddi,Ayyoub Bouaddi,1561552,0
5795429,2026-27,ENG1,2026-08-28,manchester city,ryan mcaidoo,Ryan McAidoo,1680328,0
5795429,2026-27,ENG1,2026-08-28,manchester city,kaden braithwaite,Kaden Braithwaite,1682403,0
5795429,2026-27,ENG1,2026-08-28,manchester city,vitor reis,Vitor Reis,1580952,0
5795429,2026-27,ENG1,2026-08-28,manchester city,geronimo rulli,Gerónimo Rulli,245555,0
5795429,2026-27,ENG1,2026-08-28,manchester city,rayan ait nouri,Rayan Aït-Nouri,933845,0
5795429,2026-27,ENG1,2026-08-28,manchester city,rico lewis,Rico Lewis,1288450,0
5795429,2026-27,ENG1,2026-08-28,manchester city,claudio echeverri,Claudio Echeverri,1486264,0
5795430,2026-27,ENG1,2026-08-30,leeds united,james trafford,James Trafford,1187213,1
5795430,2026-27,ENG1,2026-08-30,leeds united,joe rodon,Joe Rodon,717174,1
5795430,2026-27,ENG1,2026-08-30,leeds united,jaka bijol,Jaka Bijol,861805,1
5795430,2026-27,ENG1,2026-08-30,leeds united,tarik muharemovic,Tarik Muharemovic,1250485,1
5795430,2026-27,ENG1,2026-08-30,leeds united,jayden bogle,Jayden Bogle,789646,1
5795430,2026-27,ENG1,2026-08-30,leeds united,ethan ampadu,Ethan Ampadu,780432,1
5795430,2026-27,ENG1,2026-08-30,leeds united,anton stach,Anton Stach,881735,1
5795430,2026-27,ENG1,2026-08-30,leeds united,james justin,James Justin,710158,1
5795430,2026-27,ENG1,2026-08-30,leeds united,brenden aaronson,Brenden Aaronson,952322,1
5795430,2026-27,ENG1,2026-08-30,leeds united,noah okafor,Noah Okafor,915797,1
5795430,2026-27,ENG1,2026-08-30,leeds united,dominic calvert lewin,Dominic Calvert-Lewin,612150,1
5795430,2026-27,ENG1,2026-08-30,leeds united,nico elvedi,Nico Elvedi,517346,0
5795430,2026-27,ENG1,2026-08-30,leeds united,ao tanaka,Ao Tanaka,935728,0
5795430,2026-27,ENG1,2026-08-30,leeds united,harry wilson,Harry Wilson,494417,0
5795430,2026-27,ENG1,2026-08-30,leeds united,daniel james,Daniel James,717176,0
5795430,2026-27,ENG1,2026-08-30,leeds united,lukas nmecha,Lukas Nmecha,861197,0
5795430,2026-27,ENG1,2026-08-30,leeds united,alex cairns,Alex Cairns,279481,0
5795430,2026-27,ENG1,2026-08-30,leeds united,gabriel gudmundsson,Gabriel Gudmundsson,744494,0
5795430,2026-27,ENG1,2026-08-30,leeds united,sean longstaff,Sean Longstaff,820024,0
5795430,2026-27,ENG1,2026-08-30,leeds united,wilfried gnonto,Wilfried Gnonto,1107286,0
5795430,2026-27,ENG1,2026-08-30,brentford,caoimhin kelleher,Caoimhín Kelleher,776689,1
5795430,2026-27,ENG1,2026-08-30,brentford,michael kayode,Michael Kayode,1429912,1
5795430,2026-27,ENG1,2026-08-30,brentford,kristoffer ajer,Kristoffer Ajer,552718,1
5795430,2026-27,ENG1,2026-08-30,brentford,nathan collins,Nathan Collins,961306,1
5795430,2026-27,ENG1,2026-08-30,brentford,keane lewis potter,Keane Lewis-Potter,1010426,1
5795430,2026-27,ENG1,2026-08-30,brentford,mamadou sangare,Mamadou Sangaré,1185211,1
5795430,2026-27,ENG1,2026-08-30,brentford,vitaly janelt,Vitaly Janelt,688273,1
5795430,2026-27,ENG1,2026-08-30,brentford,jaidon anthony,Jaidon Anthony,1171140,1
5795430,2026-27,ENG1,2026-08-30,brentford,mikkel damsgaard,Mikkel Damsgaard,888912,1
5795430,2026-27,ENG1,2026-08-30,brentford,kevin schade,Kevin Schade,1083796,1
5795430,2026-27,ENG1,2026-08-30,brentford,igor thiago,Igor Thiago,1302005,1
5795430,2026-27,ENG1,2026-08-30,brentford,dango ouattara,Dango Ouattara,1250253,0
5795430,2026-27,ENG1,2026-08-30,brentford,yehor yarmoliuk,Yehor Yarmoliuk,1157236,0
5795430,2026-27,ENG1,2026-08-30,brentford,aaron hickey,Aaron Hickey,1002039,0
5795430,2026-27,ENG1,2026-08-30,brentford,rico henry,Rico Henry,562892,0
5795430,2026-27,ENG1,2026-08-30,brentford,callum wilson,Callum Wilson,184321,0
5795430,2026-27,ENG1,2026-08-30,brentford,hakon rafn valdimarsson,Hákon Rafn Valdimarsson,850962,0
5795430,2026-27,ENG1,2026-08-30,brentford,jannik schuster,Jannik Schuster,1572340,0
5795430,2026-27,ENG1,2026-08-30,brentford,malick diouf,Malick Diouf,1451265,0
5795430,2026-27,ENG1,2026-08-30,brentford,fabio carvalho,Fábio Carvalho,963965,0
5795431,2026-27,ENG1,2026-08-29,liverpool,alisson becker,Alisson Becker,319784,1
5795431,2026-27,ENG1,2026-08-29,liverpool,jeremie frimpong,Jeremie Frimpong,966018,1
5795431,2026-27,ENG1,2026-08-29,liverpool,jeremy jacquet,Jérémy Jacquet,1473534,1
5795431,2026-27,ENG1,2026-08-29,liverpool,virgil van dijk,Virgil van Dijk,209405,1
5795431,2026-27,ENG1,2026-08-29,liverpool,milos kerkez,Milos Kerkez,1195281,1
5795431,2026-27,ENG1,2026-08-29,liverpool,alexis mac allister,Alexis Mac Allister,831489,1
5795431,2026-27,ENG1,2026-08-29,liverpool,dominik szoboszlai,Dominik Szoboszlai,846005,1
5795431,2026-27,ENG1,2026-08-29,liverpool,cody gakpo,Cody Gakpo,806552,1
5795431,2026-27,ENG1,2026-08-29,liverpool,florian wirtz,Florian Wirtz,1152455,1
5795431,2026-27,ENG1,2026-08-29,liverpool,victor munoz,Víctor Muñoz,1553105,1
5795431,2026-27,ENG1,2026-08-29,liverpool,alexander isak,Alexander Isak,690107,1
5795431,2026-27,ENG1,2026-08-29,liverpool,konstantinos tsimikas,Konstantinos Tsimikas,671529,0
5795431,2026-27,ENG1,2026-08-29,liverpool,ryan gravenberch,Ryan Gravenberch,956683,0
5795431,2026-27,ENG1,2026-08-29,liverpool,rio ngumoha,Rio Ngumoha,1597668,0
5795431,2026-27,ENG1,2026-08-29,liverpool,ronald araujo,Ronald Araujo,921253,0
5795431,2026-27,ENG1,2026-08-29,liverpool,trey nyoni,Trey Nyoni,1436258,0
5795431,2026-27,ENG1,2026-08-29,liverpool,giorgi mamardashvili,Giorgi Mamardashvili,948800,0
5795431,2026-27,ENG1,2026-08-29,liverpool,james mcconnell,James McConnell,1231075,0
5795431,2026-27,ENG1,2026-08-29,liverpool,wataru endo,Wataru Endo,202643,0
5795431,2026-27,ENG1,2026-08-29,liverpool,lewis koumas,Lewis Koumas,1364042,0
5795431,2026-27,ENG1,2026-08-29,nottingham forest,matz sels,Matz Sels,181069,1
5795431,2026-27,ENG1,2026-08-29,nottingham forest,jair cunha,Jair Cunha,1391209,1
5795431,2026-27,ENG1,2026-08-29,nottingham forest,nikola milenkovic,Nikola Milenkovic,766611,1
5795431,2026-27,ENG1,2026-08-29,nottingham forest,murillo,Murillo,1458711,1
5795431,2026-27,ENG1,2026-08-29,nottingham forest,ola aina,Ola Aina,682548,1
5795431,2026-27,ENG1,2026-08-29,nottingham forest,xaver schlager,Xaver Schlager,620027,1
5795431,2026-27,ENG1,2026-08-29,nottingham forest,james mcatee,James McAtee,1107648,1
5795431,2026-27,ENG1,2026-08-29,nottingham forest,neco williams,Neco Williams,1078788,1
5795431,2026-27,ENG1,2026-08-29,nottingham forest,morgan gibbs white,Morgan Gibbs-White,789502,1
5795431,2026-27,ENG1,2026-08-29,nottingham forest,dan ndoye,Dan Ndoye,1022649,1
5795431,2026-27,ENG1,2026-08-29,nottingham forest,igor jesus,Igor Jesus,1082102,1
5795431,2026-27,ENG1,2026-08-29,nottingham forest,liam delap,Liam Delap,1113903,0
5795431,2026-27,ENG1,2026-08-29,nottingham forest,luca netz,Luca Netz,1155130,0
5795431,2026-27,ENG1,2026-08-29,nottingham forest,nicolas dominguez,Nicolás Dominguez,827315,0
5795431,2026-27,ENG1,2026-08-29,nottingham forest,callum hudson odoi,Callum Hudson-Odoi,846383,0
5795431,2026-27,ENG1,2026-08-29,nottingham forest,john victor,John Victor,749834,0
5795431,2026-27,ENG1,2026-08-29,nottingham forest,ousmane diomande,Ousmane Diomande,1425182,0
5795431,2026-27,ENG1,2026-08-29,nottingham forest,zach abbott,Zach Abbott,1296769,0
5795431,2026-27,ENG1,2026-08-29,nottingham forest,ryan yates,Ryan Yates,775614,0
5795431,2026-27,ENG1,2026-08-29,nottingham forest,chris wood,Chris Wood,169719,0
5795432,2026-27,ENG1,2026-08-30,manchester united,senne lammens,Senne Lammens,1178602,1
5795432,2026-27,ENG1,2026-08-30,manchester united,diogo dalot,Diogo Dalot,751550,1
5795432,2026-27,ENG1,2026-08-30,manchester united,harry maguire,Harry Maguire,255610,1
5795432,2026-27,ENG1,2026-08-30,manchester united,lisandro martinez,Lisandro Martínez,847983,1
5795432,2026-27,ENG1,2026-08-30,manchester united,luke shaw,Luke Shaw,362694,1
5795432,2026-27,ENG1,2026-08-30,manchester united,youri tielemans,Youri Tielemans,465960,1
5795432,2026-27,ENG1,2026-08-30,manchester united,kobbie mainoo,Kobbie Mainoo,1292810,1
5795432,2026-27,ENG1,2026-08-30,manchester united,bryan mbeumo,Bryan Mbeumo,923312,1
5795432,2026-27,ENG1,2026-08-30,manchester united,bruno fernandes,Bruno Fernandes,422685,1
5795432,2026-27,ENG1,2026-08-30,manchester united,marcus rashford,Marcus Rashford,696365,1
5795432,2026-27,ENG1,2026-08-30,manchester united,matheus cunha,Matheus Cunha,863098,1
5795432,2026-27,ENG1,2026-08-30,manchester united,noussair mazraoui,Noussair Mazraoui,775539,0
5795432,2026-27,ENG1,2026-08-30,manchester united,leny yoro,Leny Yoro,1358581,0
5795432,2026-27,ENG1,2026-08-30,manchester united,andrey santos,Andrey Santos,1372921,0
5795432,2026-27,ENG1,2026-08-30,manchester united,benjamin sesko,Benjamin Sesko,1073977,0
5795432,2026-27,ENG1,2026-08-30,manchester united,patrick dorgu,Patrick Dorgu,1526560,0
5795432,2026-27,ENG1,2026-08-30,manchester united,karl darlow,Karl Darlow,163604,0
5795432,2026-27,ENG1,2026-08-30,manchester united,ayden heaven,Ayden Heaven,1559639,0
5795432,2026-27,ENG1,2026-08-30,manchester united,joshua zirkzee,Joshua Zirkzee,950830,0
5795432,2026-27,ENG1,2026-08-30,manchester united,shea lacey,Shea Lacey,1436260,0
5795432,2026-27,ENG1,2026-08-30,ipswich town,kjell scherpen,Kjell Scherpen,796398,1
5795432,2026-27,ENG1,2026-08-30,ipswich town,dara oshea,Dara O'Shea,789578,1
5795432,2026-27,ENG1,2026-08-30,ipswich town,issa diop,Issa Diop,696443,1
5795432,2026-27,ENG1,2026-08-30,ipswich town,jacob greaves,Jacob Greaves,1079103,1
5795432,2026-27,ENG1,2026-08-30,ipswich town,leif davis,Leif Davis,980381,1
5795432,2026-27,ENG1,2026-08-30,ipswich town,marcelino nunez,Marcelino Núñez,1129081,1
5795432,2026-27,ENG1,2026-08-30,ipswich town,sasa lukic,Sasa Lukic,556972,1
5795432,2026-27,ENG1,2026-08-30,ipswich town,abdul fatawu,Abdul Fatawu,1265626,1
5795432,2026-27,ENG1,2026-08-30,ipswich town,julio enciso,Julio Enciso,1073742,1
5795432,2026-27,ENG1,2026-08-30,ipswich town,daizen maeda,Daizen Maeda,728765,1
5795432,2026-27,ENG1,2026-08-30,ipswich town,emersonn,Emersonn,1320949,1
5795432,2026-27,ENG1,2026-08-30,ipswich town,chuba akpom,Chuba Akpom,413158,0
5795432,2026-27,ENG1,2026-08-30,ipswich town,exequiel palacios,Exequiel Palacios,693599,0
5795432,2026-27,ENG1,2026-08-30,ipswich town,abdoul ouattara,Abdoul Ouattara,1343053,0
5795432,2026-27,ENG1,2026-08-30,ipswich town,darnell furlong,Darnell Furlong,609733,0
5795432,2026-27,ENG1,2026-08-30,ipswich town,kasey mcateer,Kasey McAteer,1113915,0
5795432,2026-27,ENG1,2026-08-30,ipswich town,christian walton,Christian Walton,512013,0
5795432,2026-27,ENG1,2026-08-30,ipswich town,cedric kipre,Cédric Kipré,760398,0
5795432,2026-27,ENG1,2026-08-30,ipswich town,jack clarke,Jack Clarke,914402,0
5795432,2026-27,ENG1,2026-08-30,ipswich town,sindre walle egeli,Sindre Walle Egeli,1307961,0
5795433,2026-27,ENG1,2026-08-30,sunderland,robin roefs,Robin Roefs,1125720,1
5795433,2026-27,ENG1,2026-08-30,sunderland,thomas meunier,Thomas Meunier,277771,1
5795433,2026-27,ENG1,2026-08-30,sunderland,nordi mukiele,Nordi Mukiele,602304,1
5795433,2026-27,ENG1,2026-08-30,sunderland,daniel ballard,Daniel Ballard,974268,1
5795433,2026-27,ENG1,2026-08-30,sunderland,reinildo,Reinildo,600524,1
5795433,2026-27,ENG1,2026-08-30,sunderland,granit xhaka,Granit Xhaka,207236,1
5795433,2026-27,ENG1,2026-08-30,sunderland,noah sadiki,Noah Sadiki,1359649,1
5795433,2026-27,ENG1,2026-08-30,sunderland,trai hume,Trai Hume,1067763,1
5795433,2026-27,ENG1,2026-08-30,sunderland,enzo le fee,Enzo Le Fée,1049999,1
5795433,2026-27,ENG1,2026-08-30,sunderland,nilson angulo,Nilson Angulo,1287010,1
5795433,2026-27,ENG1,2026-08-30,sunderland,brian brobbey,Brian Brobbey,940446,1
5795433,2026-27,ENG1,2026-08-30,sunderland,wilson isidor,Wilson Isidor,887703,0
5795433,2026-27,ENG1,2026-08-30,sunderland,habib diarra,Habib Diarra,1285866,0
5795433,2026-27,ENG1,2026-08-30,sunderland,chris rigg,Chris Rigg,1327319,0
5795433,2026-27,ENG1,2026-08-30,sunderland,romaine mundle,Romaine Mundle,1123947,0
5795433,2026-27,ENG1,2026-08-30,sunderland,melker ellborg,Melker Ellborg,1186615,0
5795433,2026-27,ENG1,2026-08-30,sunderland,luke onien,Luke O'Nien,480253,0
5795433,2026-27,ENG1,2026-08-30,sunderland,omar alderete,Omar Alderete,751998,0
5795433,2026-27,ENG1,2026-08-30,sunderland,jules ahoka,Jules Ahoka,1811265,0
5795433,2026-27,ENG1,2026-08-30,sunderland,chemsdine talbi,Chemsdine Talbi,1368654,0
5795433,2026-27,ENG1,2026-08-30,fulham,bernd leno,Bernd Leno,215168,1
5795433,2026-27,ENG1,2026-08-30,fulham,timothy castagne,Timothy Castagne,465750,1
5795433,2026-27,ENG1,2026-08-30,fulham,joachim andersen,Joachim Andersen,503659,1
5795433,2026-27,ENG1,2026-08-30,fulham,calvin bassey,Calvin Bassey,877401,1
5795433,2026-27,ENG1,2026-08-30,fulham,antonee robinson,Antonee Robinson,662428,1
5795433,2026-27,ENG1,2026-08-30,fulham,sander berge,Sander Berge,540963,1
5795433,2026-27,ENG1,2026-08-30,fulham,alex iwobi,Alex Iwobi,604785,1
5795433,2026-27,ENG1,2026-08-30,fulham,oscar bobb,Oscar Bobb,1113790,1
5795433,2026-27,ENG1,2026-08-30,fulham,joshua king,Joshua King,1422593,1
5795433,2026-27,ENG1,2026-08-30,fulham,cesar palacios,César Palacios,1403691,1
5795433,2026-27,ENG1,2026-08-30,fulham,gonzalo garcia,Gonzalo García,1413847,1
5795433,2026-27,ENG1,2026-08-30,fulham,ryan sessegnon,Ryan Sessegnon,773991,0
5795433,2026-27,ENG1,2026-08-30,fulham,shea charles,Shea Charles,1281452,0
5795433,2026-27,ENG1,2026-08-30,fulham,emile smith rowe,Emile Smith Rowe,889534,0
5795433,2026-27,ENG1,2026-08-30,fulham,kevin,Kevin,1318400,0
5795433,2026-27,ENG1,2026-08-30,fulham,benjamin lecomte,Benjamin Lecomte,210114,0
5795433,2026-27,ENG1,2026-08-30,fulham,jorge cuenca,Jorge Cuenca,821728,0
5795433,2026-27,ENG1,2026-08-30,fulham,harrison reed,Harrison Reed,502420,0
5795433,2026-27,ENG1,2026-08-30,fulham,macauley zepa,Macauley Zepa,1631628,0
5795433,2026-27,ENG1,2026-08-30,fulham,rodrigo muniz,Rodrigo Muniz,1128945,0
5795434,2026-27,ENG1,2026-08-29,tottenham hotspur,antonin kinsky,Antonín Kinský,1341475,1
5795434,2026-27,ENG1,2026-08-29,tottenham hotspur,archie gray,Archie Gray,1323305,1
5795434,2026-27,ENG1,2026-08-29,tottenham hotspur,jan paul van hecke,Jan Paul van Hecke,974618,1
5795434,2026-27,ENG1,2026-08-29,tottenham hotspur,micky van de ven,Micky van de Ven,1097466,1
5795434,2026-27,ENG1,2026-08-29,tottenham hotspur,andrew robertson,Andrew Robertson,357880,1
5795434,2026-27,ENG1,2026-08-29,tottenham hotspur,rodrigo bentancur,Rodrigo Bentancur,620618,1
5795434,2026-27,ENG1,2026-08-29,tottenham hotspur,sandro tonali,Sandro Tonali,867414,1
5795434,2026-27,ENG1,2026-08-29,tottenham hotspur,pedro porro,Pedro Porro,941573,1
5795434,2026-27,ENG1,2026-08-29,tottenham hotspur,mateus fernandes,Mateus Fernandes,1356312,1
5795434,2026-27,ENG1,2026-08-29,tottenham hotspur,mathys tel,Mathys Tel,1288111,1
5795434,2026-27,ENG1,2026-08-29,tottenham hotspur,omar marmoush,Omar Marmoush,839204,1
5795434,2026-27,ENG1,2026-08-29,tottenham hotspur,destiny udogie,Destiny Udogie,1052898,0
5795434,2026-27,ENG1,2026-08-29,tottenham hotspur,mikey moore,Mikey Moore,1407250,0
5795434,2026-27,ENG1,2026-08-29,tottenham hotspur,mohammed kudus,Mohammed Kudus,891743,0
5795434,2026-27,ENG1,2026-08-29,tottenham hotspur,dominic solanke,Dominic Solanke,591734,0
5795434,2026-27,ENG1,2026-08-29,tottenham hotspur,martin dubravka,Martin Dúbravka,72241,0
5795434,2026-27,ENG1,2026-08-29,tottenham hotspur,ben davies,Ben Davies,276121,0
5795434,2026-27,ENG1,2026-08-29,tottenham hotspur,marcos senesi,Marcos Senesi,785411,0
5795434,2026-27,ENG1,2026-08-29,tottenham hotspur,conor gallagher,Conor Gallagher,966027,0
5795434,2026-27,ENG1,2026-08-29,tottenham hotspur,lucas bergvall,Lucas Bergvall,1386775,0
5795434,2026-27,ENG1,2026-08-29,newcastle united,lukas hornicek,Lukás Hornícek,1186978,1
5795434,2026-27,ENG1,2026-08-29,newcastle united,amar dedic,Amar Dedić,958010,1
5795434,2026-27,ENG1,2026-08-29,newcastle united,malick thiaw,Malick Thiaw,1137407,1
5795434,2026-27,ENG1,2026-08-29,newcastle united,sven botman,Sven Botman,956682,1
5795434,2026-27,ENG1,2026-08-29,newcastle united,lewis hall,Lewis Hall,1197655,1
5795434,2026-27,ENG1,2026-08-29,newcastle united,nico gonzalez,Nico González,1280132,1
5795434,2026-27,ENG1,2026-08-29,newcastle united,lewis miley,Lewis Miley,1296763,1
5795434,2026-27,ENG1,2026-08-29,newcastle united,anthony elanga,Anthony Elanga,1050166,1
5795434,2026-27,ENG1,2026-08-29,newcastle united,joseph willock,Joseph Willock,860975,1
5795434,2026-27,ENG1,2026-08-29,newcastle united,harvey barnes,Harvey Barnes,760359,1
5795434,2026-27,ENG1,2026-08-29,newcastle united,yoane wissa,Yoane Wissa,666857,1
5795434,2026-27,ENG1,2026-08-29,newcastle united,sean steur,Sean Steur,1643770,0
5795434,2026-27,ENG1,2026-08-29,newcastle united,nick woltemade,Nick Woltemade,1106563,0
5795434,2026-27,ENG1,2026-08-29,newcastle united,jacob ramsey,Jacob Ramsey,1021929,0
5795434,2026-27,ENG1,2026-08-29,newcastle united,jacob murphy,Jacob Murphy,521148,0
5795434,2026-27,ENG1,2026-08-29,newcastle united,bazoumana toure,Bazoumana Touré,1624586,0
5795434,2026-27,ENG1,2026-08-29,newcastle united,ewen jaouen,Ewen Jaouen,1438570,0
5795434,2026-27,ENG1,2026-08-29,newcastle united,fabian schar,Fabian Schär,189982,0
5795434,2026-27,ENG1,2026-08-29,newcastle united,leo shahar,Leo Shahar,1414761,0
5795434,2026-27,ENG1,2026-08-29,newcastle united,aladji bamba,Aladji Bamba,1695681,0
5795435,2026-27,ENG1,2026-09-06,arsenal,david raya,David Raya,562727,1
5795435,2026-27,ENG1,2026-09-06,arsenal,ben white,Ben White,776151,1
5795435,2026-27,ENG1,2026-09-06,arsenal,ezri konsa,Ezri Konsa,710159,1
5795435,2026-27,ENG1,2026-09-06,arsenal,gabriel,Gabriel,795179,1
5795435,2026-27,ENG1,2026-09-06,arsenal,riccardo calafiori,Riccardo Calafiori,1105912,1
5795435,2026-27,ENG1,2026-09-06,arsenal,declan rice,Declan Rice,654096,1
5795435,2026-27,ENG1,2026-09-06,arsenal,myles lewis skelly,Myles Lewis-Skelly,1406436,1
5795435,2026-27,ENG1,2026-09-06,arsenal,bukayo saka,Bukayo Saka,961995,1
5795435,2026-27,ENG1,2026-09-06,arsenal,martin odegaard,Martin Ødegaard,534670,1
5795435,2026-27,ENG1,2026-09-06,arsenal,christos tzolis,Christos Tzolis,1157237,1
5795435,2026-27,ENG1,2026-09-06,arsenal,kai havertz,Kai Havertz,749736,1
5795435,2026-27,ENG1,2026-09-06,arsenal,piero hincapie,Piero Hincapié,1137667,0
5795435,2026-27,ENG1,2026-09-06,arsenal,martin zubimendi,Martín Zubimendi,1031325,0
5795435,2026-27,ENG1,2026-09-06,arsenal,mikel merino,Mikel Merino,574645,0
5795435,2026-27,ENG1,2026-09-06,arsenal,viktor gyokeres,Viktor Gyökeres,664500,0
5795435,2026-27,ENG1,2026-09-06,arsenal,noni madueke,Noni Madueke,1084981,0
5795435,2026-27,ENG1,2026-09-06,arsenal,kepa arrizabalaga,Kepa Arrizabalaga,317564,0
5795435,2026-27,ENG1,2026-09-06,arsenal,bruno guimaraes,Bruno Guimarães,850354,0
5795435,2026-27,ENG1,2026-09-06,arsenal,eberechi eze,Eberechi Eze,818975,0
5795435,2026-27,ENG1,2026-09-06,arsenal,max dowman,Max Dowman,1635773,0
5795435,2026-27,ENG1,2026-09-06,chelsea,emiliano martinez,Emiliano Martínez,268375,1
5795435,2026-27,ENG1,2026-09-06,chelsea,josh acheampong,Josh Acheampong,1400216,1
5795435,2026-27,ENG1,2026-09-06,chelsea,maxence lacroix,Maxence Lacroix,950485,1
5795435,2026-27,ENG1,2026-09-06,chelsea,wesley fofana,Wesley Fofana,917802,1
5795435,2026-27,ENG1,2026-09-06,chelsea,pedro neto,Pedro Neto,843040,1
5795435,2026-27,ENG1,2026-09-06,chelsea,romeo lavia,Roméo Lavia,1190867,1
5795435,2026-27,ENG1,2026-09-06,chelsea,reece james,Reece James,807729,1
5795435,2026-27,ENG1,2026-09-06,chelsea,jorrel hato,Jorrel Hato,1413846,1
5795435,2026-27,ENG1,2026-09-06,chelsea,cole palmer,Cole Palmer,1096353,1
5795435,2026-27,ENG1,2026-09-06,chelsea,morgan rogers,Morgan Rogers,883080,1
5795435,2026-27,ENG1,2026-09-06,chelsea,joao pedro,João Pedro,1021382,1
5795435,2026-27,ENG1,2026-09-06,chelsea,malo gusto,Malo Gusto,1197250,0
5795435,2026-27,ENG1,2026-09-06,chelsea,pep chavarria,Pep Chavarría,988805,0
5795435,2026-27,ENG1,2026-09-06,chelsea,estevao,Estêvão,1580774,0
5795435,2026-27,ENG1,2026-09-06,chelsea,danny welbeck,Danny Welbeck,113836,0
5795435,2026-27,ENG1,2026-09-06,chelsea,mike penders,Mike Penders,1319972,0
5795435,2026-27,ENG1,2026-09-06,chelsea,levi colwill,Levi Colwill,1096400,0
5795435,2026-27,ENG1,2026-09-06,chelsea,valentin barco,Valentín Barco,1272440,0
5795435,2026-27,ENG1,2026-09-06,chelsea,geovany quenda,Geovany Quenda,1530314,0
5795435,2026-27,ENG1,2026-09-06,chelsea,jamie gittens,Jamie Gittens,1113692,0
5795436,2026-27,ENG1,2026-09-05,brentford,caoimhin kelleher,Caoimhín Kelleher,776689,1
5795436,2026-27,ENG1,2026-09-05,brentford,michael kayode,Michael Kayode,1429912,1
5795436,2026-27,ENG1,2026-09-05,brentford,kristoffer ajer,Kristoffer Ajer,552718,1
5795436,2026-27,ENG1,2026-09-05,brentford,nathan collins,Nathan Collins,961306,1
5795436,2026-27,ENG1,2026-09-05,brentford,keane lewis potter,Keane Lewis-Potter,1010426,1
5795436,2026-27,ENG1,2026-09-05,brentford,mamadou sangare,Mamadou Sangaré,1185211,1
5795436,2026-27,ENG1,2026-09-05,brentford,vitaly janelt,Vitaly Janelt,688273,1
5795436,2026-27,ENG1,2026-09-05,brentford,dango ouattara,Dango Ouattara,1250253,1
5795436,2026-27,ENG1,2026-09-05,brentford,mikkel damsgaard,Mikkel Damsgaard,888912,1
5795436,2026-27,ENG1,2026-09-05,brentford,kevin schade,Kevin Schade,1083796,1
5795436,2026-27,ENG1,2026-09-05,brentford,igor thiago,Igor Thiago,1302005,1
5795436,2026-27,ENG1,2026-09-05,brentford,jannik schuster,Jannik Schuster,1572340,0
5795436,2026-27,ENG1,2026-09-05,brentford,aaron hickey,Aaron Hickey,1002039,0
5795436,2026-27,ENG1,2026-09-05,brentford,yehor yarmoliuk,Yehor Yarmoliuk,1157236,0
5795436,2026-27,ENG1,2026-09-05,brentford,jaidon anthony,Jaidon Anthony,1171140,0
5795436,2026-27,ENG1,2026-09-05,brentford,callum wilson,Callum Wilson,184321,0
5795436,2026-27,ENG1,2026-09-05,brentford,hakon rafn valdimarsson,Hákon Rafn Valdimarsson,850962,0
5795436,2026-27,ENG1,2026-09-05,brentford,malick diouf,Malick Diouf,1451265,0
5795436,2026-27,ENG1,2026-09-05,brentford,rico henry,Rico Henry,562892,0
5795436,2026-27,ENG1,2026-09-05,brentford,fabio carvalho,Fábio Carvalho,963965,0
5795436,2026-27,ENG1,2026-09-05,sunderland,robin roefs,Robin Roefs,1125720,1
5795436,2026-27,ENG1,2026-09-05,sunderland,nordi mukiele,Nordi Mukiele,602304,1
5795436,2026-27,ENG1,2026-09-05,sunderland,kevin danso,Kevin Danso,754126,1
5795436,2026-27,ENG1,2026-09-05,sunderland,daniel ballard,Daniel Ballard,974268,1
5795436,2026-27,ENG1,2026-09-05,sunderland,reinildo,Reinildo,600524,1
5795436,2026-27,ENG1,2026-09-05,sunderland,granit xhaka,Granit Xhaka,207236,1
5795436,2026-27,ENG1,2026-09-05,sunderland,noah sadiki,Noah Sadiki,1359649,1
5795436,2026-27,ENG1,2026-09-05,sunderland,thomas meunier,Thomas Meunier,277771,1
5795436,2026-27,ENG1,2026-09-05,sunderland,enzo le fee,Enzo Le Fée,1049999,1
5795436,2026-27,ENG1,2026-09-05,sunderland,nilson angulo,Nilson Angulo,1287010,1
5795436,2026-27,ENG1,2026-09-05,sunderland,brian brobbey,Brian Brobbey,940446,1
5795436,2026-27,ENG1,2026-09-05,sunderland,trai hume,Trai Hume,1067763,0
5795436,2026-27,ENG1,2026-09-05,sunderland,wilson isidor,Wilson Isidor,887703,0
5795436,2026-27,ENG1,2026-09-05,sunderland,malick fofana,Malick Fofana,1364069,0
5795436,2026-27,ENG1,2026-09-05,sunderland,melker ellborg,Melker Ellborg,1186615,0
5795436,2026-27,ENG1,2026-09-05,sunderland,luke onien,Luke O'Nien,480253,0
5795436,2026-27,ENG1,2026-09-05,sunderland,omar alderete,Omar Alderete,751998,0
5795436,2026-27,ENG1,2026-09-05,sunderland,chris rigg,Chris Rigg,1327319,0
5795436,2026-27,ENG1,2026-09-05,sunderland,dayann methalie,Dayann Méthalie,1664716,0
5795436,2026-27,ENG1,2026-09-05,sunderland,jules ahoka,Jules Ahoka,1811265,0
5795437,2026-27,ENG1,2026-09-05,brighton hove albion,bart verbruggen,Bart Verbruggen,1131987,1
5795437,2026-27,ENG1,2026-09-05,brighton hove albion,ferdi kadioglu,Ferdi Kadıoğlu,774448,1
5795437,2026-27,ENG1,2026-09-05,brighton hove albion,luka vuskovic,Luka Vušković,1413996,1
5795437,2026-27,ENG1,2026-09-05,brighton hove albion,lewis dunk,Lewis Dunk,201690,1
5795437,2026-27,ENG1,2026-09-05,brighton hove albion,olivier boscagli,Olivier Boscagli,613715,1
5795437,2026-27,ENG1,2026-09-05,brighton hove albion,pascal gross,Pascal Groß,167008,1
5795437,2026-27,ENG1,2026-09-05,brighton hove albion,yasin ayari,Yasin Ayari,1168311,1
5795437,2026-27,ENG1,2026-09-05,brighton hove albion,diego gomez,Diego Gómez,1354561,1
5795437,2026-27,ENG1,2026-09-05,brighton hove albion,malick junior yalcouye,Malick Junior Yalcouyé,1602352,1
5795437,2026-27,ENG1,2026-09-05,brighton hove albion,maxim de cuyper,Maxim De Cuyper,1134871,1
5795437,2026-27,ENG1,2026-09-05,brighton hove albion,charalampos kostoulas,Charalampos Kostoulas,1561249,1
5795437,2026-27,ENG1,2026-09-05,brighton hove albion,promise david,Promise David,1252132,0
5795437,2026-27,ENG1,2026-09-05,brighton hove albion,costinha,Costinha,1079456,0
5795437,2026-27,ENG1,2026-09-05,brighton hove albion,pascal struijk,Pascal Struijk,796974,0
5795437,2026-27,ENG1,2026-09-05,brighton hove albion,jason steele,Jason Steele,107917,0
5795437,2026-27,ENG1,2026-09-05,brighton hove albion,jaouen hadjam,Jaouen Hadjam,1178324,0
5795437,2026-27,ENG1,2026-09-05,brighton hove albion,chema andres,Chema Andrés,1586552,0
5795437,2026-27,ENG1,2026-09-05,brighton hove albion,matthew oriley,Matthew O'Riley,866686,0
5795437,2026-27,ENG1,2026-09-05,brighton hove albion,ibrahim osman,Ibrahim Osman,1215410,0
5795437,2026-27,ENG1,2026-09-05,leeds united,james trafford,James Trafford,1187213,1
5795437,2026-27,ENG1,2026-09-05,leeds united,james justin,James Justin,710158,1
5795437,2026-27,ENG1,2026-09-05,leeds united,nico elvedi,Nico Elvedi,517346,1
5795437,2026-27,ENG1,2026-09-05,leeds united,tarik muharemovic,Tarik Muharemović,1250485,1
5795437,2026-27,ENG1,2026-09-05,leeds united,jayden bogle,Jayden Bogle,789646,1
5795437,2026-27,ENG1,2026-09-05,leeds united,ethan ampadu,Ethan Ampadu,780432,1
5795437,2026-27,ENG1,2026-09-05,leeds united,ao tanaka,Ao Tanaka,935728,1
5795437,2026-27,ENG1,2026-09-05,leeds united,gabriel gudmundsson,Gabriel Gudmundsson,744494,1
5795437,2026-27,ENG1,2026-09-05,leeds united,anton stach,Anton Stach,881735,1
5795437,2026-27,ENG1,2026-09-05,leeds united,noah okafor,Noah Okafor,915797,1
5795437,2026-27,ENG1,2026-09-05,leeds united,dominic calvert lewin,Dominic Calvert-Lewin,612150,1
5795437,2026-27,ENG1,2026-09-05,leeds united,jaka bijol,Jaka Bijol,861805,0
5795437,2026-27,ENG1,2026-09-05,leeds united,brenden aaronson,Brenden Aaronson,952322,0
5795437,2026-27,ENG1,2026-09-05,leeds united,harry wilson,Harry Wilson,494417,0
5795437,2026-27,ENG1,2026-09-05,leeds united,lukas nmecha,Lukas Nmecha,861197,0
5795437,2026-27,ENG1,2026-09-05,leeds united,michael zetterer,Michael Zetterer,432435,0
5795437,2026-27,ENG1,2026-09-05,leeds united,melvin bard,Melvin Bard,1092403,0
5795437,2026-27,ENG1,2026-09-05,leeds united,sean longstaff,Sean Longstaff,820024,0
5795437,2026-27,ENG1,2026-09-05,leeds united,daniel james,Daniel James,717176,0
5795437,2026-27,ENG1,2026-09-05,leeds united,jean matteo bahoya,Jean-Mattéo Bahoya,1393672,0
5795438,2026-27,ENG1,2026-09-06,everton,jordan pickford,Jordan Pickford,303919,1
5795438,2026-27,ENG1,2026-09-06,everton,merlin rohl,Merlin Röhl,1210384,1
5795438,2026-27,ENG1,2026-09-06,everton,james tarkowski,James Tarkowski,243138,1
5795438,2026-27,ENG1,2026-09-06,everton,jarrad branthwaite,Jarrad Branthwaite,1030829,1
5795438,2026-27,ENG1,2026-09-06,everton,vitaliy mykolenko,Vitaliy Mykolenko,874025,1
5795438,2026-27,ENG1,2026-09-06,everton,harrison armstrong,Harrison Armstrong,1559637,1
5795438,2026-27,ENG1,2026-09-06,everton,james garner,James Garner,950474,1
5795438,2026-27,ENG1,2026-09-06,everton,brennan johnson,Brennan Johnson,1076756,1
5795438,2026-27,ENG1,2026-09-06,everton,kiernan dewsbury hall,Kiernan Dewsbury-Hall,886016,1
5795438,2026-27,ENG1,2026-09-06,everton,tyrique george,Tyrique George,1424875,1
5795438,2026-27,ENG1,2026-09-06,everton,thierno barry,Thierno Barry,1398392,1
5795438,2026-27,ENG1,2026-09-06,everton,jack grealish,Jack Grealish,312765,0
5795438,2026-27,ENG1,2026-09-06,everton,hayden hackney,Hayden Hackney,982394,0
5795438,2026-27,ENG1,2026-09-06,everton,ainsley maitland niles,Ainsley Maitland-Niles,604089,0
5795438,2026-27,ENG1,2026-09-06,everton,mark travers,Mark Travers,731855,0
5795438,2026-27,ENG1,2026-09-06,everton,jake obrien,Jake O'Brien,1098607,0
5795438,2026-27,ENG1,2026-09-06,everton,michael keane,Michael Keane,290410,0
5795438,2026-27,ENG1,2026-09-06,everton,charly alcaraz,Charly Alcaraz,1128965,0
5795438,2026-27,ENG1,2026-09-06,everton,braiden graham,Braiden Graham,1589726,0
5795438,2026-27,ENG1,2026-09-06,everton,tyler dibling,Tyler Dibling,1292833,0
5795438,2026-27,ENG1,2026-09-06,manchester united,senne lammens,Senne Lammens,1178602,1
5795438,2026-27,ENG1,2026-09-06,manchester united,diogo dalot,Diogo Dalot,751550,1
5795438,2026-27,ENG1,2026-09-06,manchester united,harry maguire,Harry Maguire,255610,1
5795438,2026-27,ENG1,2026-09-06,manchester united,lisandro martinez,Lisandro Martínez,847983,1
5795438,2026-27,ENG1,2026-09-06,manchester united,luke shaw,Luke Shaw,362694,1
5795438,2026-27,ENG1,2026-09-06,manchester united,kobbie mainoo,Kobbie Mainoo,1292810,1
5795438,2026-27,ENG1,2026-09-06,manchester united,youri tielemans,Youri Tielemans,465960,1
5795438,2026-27,ENG1,2026-09-06,manchester united,bryan mbeumo,Bryan Mbeumo,923312,1
5795438,2026-27,ENG1,2026-09-06,manchester united,bruno fernandes,Bruno Fernandes,422685,1
5795438,2026-27,ENG1,2026-09-06,manchester united,marcus rashford,Marcus Rashford,696365,1
5795438,2026-27,ENG1,2026-09-06,manchester united,matheus cunha,Matheus Cunha,863098,1
5795438,2026-27,ENG1,2026-09-06,manchester united,benjamin sesko,Benjamin Šeško,1073977,0
5795438,2026-27,ENG1,2026-09-06,manchester united,patrick dorgu,Patrick Dorgu,1526560,0
5795438,2026-27,ENG1,2026-09-06,manchester united,leny yoro,Leny Yoro,1358581,0
5795438,2026-27,ENG1,2026-09-06,manchester united,andrey santos,Andrey Santos,1372921,0
5795438,2026-27,ENG1,2026-09-06,manchester united,noussair mazraoui,Noussair Mazraoui,775539,0
5795438,2026-27,ENG1,2026-09-06,manchester united,karl darlow,Karl Darlow,163604,0
5795438,2026-27,ENG1,2026-09-06,manchester united,ayden heaven,Ayden Heaven,1559639,0
5795438,2026-27,ENG1,2026-09-06,manchester united,mason mount,Mason Mount,750032,0
5795438,2026-27,ENG1,2026-09-06,manchester united,joshua zirkzee,Joshua Zirkzee,950830,0
5795439,2026-27,ENG1,2026-09-05,fulham,bernd leno,Bernd Leno,215168,1
5795439,2026-27,ENG1,2026-09-05,fulham,timothy castagne,Timothy Castagne,465750,1
5795439,2026-27,ENG1,2026-09-05,fulham,joachim andersen,Joachim Andersen,503659,1
5795439,2026-27,ENG1,2026-09-05,fulham,calvin bassey,Calvin Bassey,877401,1
5795439,2026-27,ENG1,2026-09-05,fulham,antonee robinson,Antonee Robinson,662428,1
5795439,2026-27,ENG1,2026-09-05,fulham,shea charles,Shea Charles,1281452,1
5795439,2026-27,ENG1,2026-09-05,fulham,alex iwobi,Alex Iwobi,604785,1
5795439,2026-27,ENG1,2026-09-05,fulham,oscar bobb,Oscar Bobb,1113790,1
5795439,2026-27,ENG1,2026-09-05,fulham,joshua king,Joshua King,1422593,1
5795439,2026-27,ENG1,2026-09-05,fulham,cesar palacios,César Palacios,1403691,1
5795439,2026-27,ENG1,2026-09-05,fulham,gonzalo garcia,Gonzalo García,1413847,1
5795439,2026-27,ENG1,2026-09-05,fulham,sander berge,Sander Berge,540963,0
5795439,2026-27,ENG1,2026-09-05,fulham,ryan sessegnon,Ryan Sessegnon,773991,0
5795439,2026-27,ENG1,2026-09-05,fulham,emile smith rowe,Emile Smith Rowe,889534,0
5795439,2026-27,ENG1,2026-09-05,fulham,hugo larsson,Hugo Larsson,1339269,0
5795439,2026-27,ENG1,2026-09-05,fulham,rodrigo muniz,Rodrigo Muniz,1128945,0
5795439,2026-27,ENG1,2026-09-05,fulham,benjamin lecomte,Benjamin Lecomte,210114,0
5795439,2026-27,ENG1,2026-09-05,fulham,david affengruber,David Affengruber,1073980,0
5795439,2026-27,ENG1,2026-09-05,fulham,manuel angel,Manuel Ángel,1508427,0
5795439,2026-27,ENG1,2026-09-05,fulham,kevin,Kevin,1318400,0
5795439,2026-27,ENG1,2026-09-05,crystal palace,dean henderson,Dean Henderson,719330,1
5795439,2026-27,ENG1,2026-09-05,crystal palace,chris richards,Chris Richards,950829,1
5795439,2026-27,ENG1,2026-09-05,crystal palace,axel disasi,Axel Disasi,696646,1
5795439,2026-27,ENG1,2026-09-05,crystal palace,jaydee canvot,Jaydee Canvot,1664722,1
5795439,2026-27,ENG1,2026-09-05,crystal palace,anan khalaili,Anan Khalaili,1477878,1
5795439,2026-27,ENG1,2026-09-05,crystal palace,quinten timber,Quinten Timber,970563,1
5795439,2026-27,ENG1,2026-09-05,crystal palace,adam wharton,Adam Wharton,1296650,1
5795439,2026-27,ENG1,2026-09-05,crystal palace,tyrick mitchell,Tyrick Mitchell,1120224,1
5795439,2026-27,ENG1,2026-09-05,crystal palace,daichi kamada,Daichi Kamada,621515,1
5795439,2026-27,ENG1,2026-09-05,crystal palace,yeremi pino,Yéremi Pino,1047676,1
5795439,2026-27,ENG1,2026-09-05,crystal palace,edward nketiah,Edward Nketiah,860920,1
5795439,2026-27,ENG1,2026-09-05,crystal palace,jorgen strand larsen,Jørgen Strand Larsen,821100,0
5795439,2026-27,ENG1,2026-09-05,crystal palace,ben chilwell,Ben Chilwell,672469,0
5795439,2026-27,ENG1,2026-09-05,crystal palace,will hughes,Will Hughes,295067,0
5795439,2026-27,ENG1,2026-09-05,crystal palace,dario osorio,Darío Osorio,1329007,0
5795439,2026-27,ENG1,2026-09-05,crystal palace,oscar mingueza,Óscar Mingueza,952095,0
5795439,2026-27,ENG1,2026-09-05,crystal palace,walter benitez,Walter Benítez,448897,0
5795439,2026-27,ENG1,2026-09-05,crystal palace,takehiro tomiyasu,Takehiro Tomiyasu,664444,0
5795439,2026-27,ENG1,2026-09-05,crystal palace,cheick oumar doucoure,Cheick Oumar Doucouré,951954,0
5795439,2026-27,ENG1,2026-09-05,crystal palace,zavier gozo,Zavier Gozo,1455818,0
5795440,2026-27,ENG1,2026-09-05,hull city,konstantinos tzolakis,Konstantinos Tzolakis,1072068,1
5795440,2026-27,ENG1,2026-09-05,hull city,semi ajayi,Semi Ajayi,410836,1
5795440,2026-27,ENG1,2026-09-05,hull city,john egan,John Egan,295062,1
5795440,2026-27,ENG1,2026-09-05,hull city,nobel mendy,Nobel Mendy,1428427,1
5795440,2026-27,ENG1,2026-09-05,hull city,lewie coyle,Lewie Coyle,709148,1
5795440,2026-27,ENG1,2026-09-05,hull city,ryan giles,Ryan Giles,933635,1
5795440,2026-27,ENG1,2026-09-05,hull city,mohamed belloumi,Mohamed Belloumi,1231090,1
5795440,2026-27,ENG1,2026-09-05,hull city,regan slater,Regan Slater,807930,1
5795440,2026-27,ENG1,2026-09-05,hull city,lucas gourna douath,Lucas Gourna-Douath,1137106,1
5795440,2026-27,ENG1,2026-09-05,hull city,elliot stroud,Elliot Stroud,1272349,1
5795440,2026-27,ENG1,2026-09-05,hull city,oli mcburnie,Oli McBurnie,509151,1
5795440,2026-27,ENG1,2026-09-05,hull city,sorba thomas,Sorba Thomas,812982,0
5795440,2026-27,ENG1,2026-09-05,hull city,brooke norton cuffy,Brooke Norton-Cuffy,1214915,0
5795440,2026-27,ENG1,2026-09-05,hull city,lucas herrington,Lucas Herrington,1686118,0
5795440,2026-27,ENG1,2026-09-05,hull city,jens hjerto dahl,Jens Hjertø-Dahl,1377949,0
5795440,2026-27,ENG1,2026-09-05,hull city,mohamed ali cho,Mohamed-Ali Cho,1180718,0
5795440,2026-27,ENG1,2026-09-05,hull city,dillon phillips,Dillon Phillips,518500,0
5795440,2026-27,ENG1,2026-09-05,hull city,matt targett,Matt Targett,538112,0
5795440,2026-27,ENG1,2026-09-05,hull city,christos mouzakitis,Christos Mouzakitis,1574198,0
5795440,2026-27,ENG1,2026-09-05,hull city,robinio vaz,Robinio Vaz,1705134,0
5795440,2026-27,ENG1,2026-09-05,aston villa,zion suzuki,Zion Suzuki,1053679,1
5795440,2026-27,ENG1,2026-09-05,aston villa,matty cash,Matty Cash,729731,1
5795440,2026-27,ENG1,2026-09-05,aston villa,victor nilsson lindelof,Victor Nilsson Lindelöf,258269,1
5795440,2026-27,ENG1,2026-09-05,aston villa,tyrone mings,Tyrone Mings,419664,1
5795440,2026-27,ENG1,2026-09-05,aston villa,ian maatsen,Ian Maatsen,966026,1
5795440,2026-27,ENG1,2026-09-05,aston villa,boubacar kamara,Boubacar Kamara,816325,1
5795440,2026-27,ENG1,2026-09-05,aston villa,ross barkley,Ross Barkley,215384,1
5795440,2026-27,ENG1,2026-09-05,aston villa,john mcginn,John McGinn,356406,1
5795440,2026-27,ENG1,2026-09-05,aston villa,emiliano buendia,Emiliano Buendía,610184,1
5795440,2026-27,ENG1,2026-09-05,aston villa,george hemmings,George Hemmings,1607333,1
5795440,2026-27,ENG1,2026-09-05,aston villa,nicolas jackson,Nicolas Jackson,1197347,1
5795440,2026-27,ENG1,2026-09-05,aston villa,matteo ruggeri,Matteo Ruggeri,1051097,0
5795440,2026-27,ENG1,2026-09-05,aston villa,alejandro garnacho,Alejandro Garnacho,1203665,0
5795440,2026-27,ENG1,2026-09-05,aston villa,alysson edward,Alysson Edward,1656860,0
5795440,2026-27,ENG1,2026-09-05,aston villa,aaron wan bissaka,Aaron Wan-Bissaka,760320,0
5795440,2026-27,ENG1,2026-09-05,aston villa,tammy abraham,Tammy Abraham,749661,0
5795440,2026-27,ENG1,2026-09-05,aston villa,marco bizot,Marco Bizot,195782,0
5795440,2026-27,ENG1,2026-09-05,aston villa,pau torres,Pau Torres,792645,0
5795440,2026-27,ENG1,2026-09-05,aston villa,lamare bogarde,Lamare Bogarde,1190033,0
5795440,2026-27,ENG1,2026-09-05,aston villa,ibrahim mbaye,Ibrahim Mbaye,1593857,0
5795441,2026-27,ENG1,2026-09-04,ipswich town,kjell scherpen,Kjell Scherpen,796398,1
5795441,2026-27,ENG1,2026-09-04,ipswich town,dara oshea,Dara O'Shea,789578,1
5795441,2026-27,ENG1,2026-09-04,ipswich town,issa diop,Issa Diop,696443,1
5795441,2026-27,ENG1,2026-09-04,ipswich town,jacob greaves,Jacob Greaves,1079103,1
5795441,2026-27,ENG1,2026-09-04,ipswich town,leif davis,Leif Davis,980381,1
5795441,2026-27,ENG1,2026-09-04,ipswich town,sasa lukic,Saša Lukić,556972,1
5795441,2026-27,ENG1,2026-09-04,ipswich town,exequiel palacios,Exequiel Palacios,693599,1
5795441,2026-27,ENG1,2026-09-04,ipswich town,abdul fatawu,Abdul Fatawu,1265626,1
5795441,2026-27,ENG1,2026-09-04,ipswich town,julio enciso,Julio Enciso,1073742,1
5795441,2026-27,ENG1,2026-09-04,ipswich town,daizen maeda,Daizen Maeda,728765,1
5795441,2026-27,ENG1,2026-09-04,ipswich town,emersonn,Emersonn,1320949,1
5795441,2026-27,ENG1,2026-09-04,ipswich town,jack clarke,Jack Clarke,914402,0
5795441,2026-27,ENG1,2026-09-04,ipswich town,zian flemming,Zian Flemming,873559,0
5795441,2026-27,ENG1,2026-09-04,ipswich town,abdoul ouattara,Abdoul Ouattara,1343053,0
5795441,2026-27,ENG1,2026-09-04,ipswich town,kasey mcateer,Kasey McAteer,1113915,0
5795441,2026-27,ENG1,2026-09-04,ipswich town,christian walton,Christian Walton,512013,0
5795441,2026-27,ENG1,2026-09-04,ipswich town,cedric kipre,Cédric Kipré,760398,0
5795441,2026-27,ENG1,2026-09-04,ipswich town,darnell furlong,Darnell Furlong,609733,0
5795441,2026-27,ENG1,2026-09-04,ipswich town,florentino,Florentino,793255,0
5795441,2026-27,ENG1,2026-09-04,ipswich town,marcelino nunez,Marcelino Núñez,1129081,0
5795441,2026-27,ENG1,2026-09-04,liverpool,alisson becker,Alisson Becker,319784,1
5795441,2026-27,ENG1,2026-09-04,liverpool,ronald araujo,Ronald Araujo,921253,1
5795441,2026-27,ENG1,2026-09-04,liverpool,jeremy jacquet,Jérémy Jacquet,1473534,1
5795441,2026-27,ENG1,2026-09-04,liverpool,virgil van dijk,Virgil van Dijk,209405,1
5795441,2026-27,ENG1,2026-09-04,liverpool,milos kerkez,Miloš Kerkez,1195281,1
5795441,2026-27,ENG1,2026-09-04,liverpool,dominik szoboszlai,Dominik Szoboszlai,846005,1
5795441,2026-27,ENG1,2026-09-04,liverpool,alexis mac allister,Alexis Mac Allister,831489,1
5795441,2026-27,ENG1,2026-09-04,liverpool,victor munoz,Víctor Muñoz,1553105,1
5795441,2026-27,ENG1,2026-09-04,liverpool,florian wirtz,Florian Wirtz,1152455,1
5795441,2026-27,ENG1,2026-09-04,liverpool,cody gakpo,Cody Gakpo,806552,1
5795441,2026-27,ENG1,2026-09-04,liverpool,alexander isak,Alexander Isak,690107,1
5795441,2026-27,ENG1,2026-09-04,liverpool,ryan gravenberch,Ryan Gravenberch,956683,0
5795441,2026-27,ENG1,2026-09-04,liverpool,bradley barcola,Bradley Barcola,1297165,0
5795441,2026-27,ENG1,2026-09-04,liverpool,trey nyoni,Trey Nyoni,1436258,0
5795441,2026-27,ENG1,2026-09-04,liverpool,lewis koumas,Lewis Koumas,1364042,0
5795441,2026-27,ENG1,2026-09-04,liverpool,giorgi mamardashvili,Giorgi Mamardashvili,948800,0
5795441,2026-27,ENG1,2026-09-04,liverpool,jeremie frimpong,Jeremie Frimpong,966018,0
5795441,2026-27,ENG1,2026-09-04,liverpool,wataru endo,Wataru Endo,202643,0
5795441,2026-27,ENG1,2026-09-04,liverpool,konstantinos tsimikas,Konstantinos Tsimikas,671529,0
5795441,2026-27,ENG1,2026-09-04,liverpool,rio ngumoha,Rio Ngumoha,1597668,0
5795442,2026-27,ENG1,2026-09-05,manchester city,gianluigi donnarumma,Gianluigi Donnarumma,618878,1
5795442,2026-27,ENG1,2026-09-05,manchester city,abdukodir khusanov,Abdukodir Khusanov,1362998,1
5795442,2026-27,ENG1,2026-09-05,manchester city,ruben dias,Rúben Dias,614006,1
5795442,2026-27,ENG1,2026-09-05,manchester city,marc guehi,Marc Guéhi,844425,1
5795442,2026-27,ENG1,2026-09-05,manchester city,josko gvardiol,Joško Gvardiol,1070712,1
5795442,2026-27,ENG1,2026-09-05,manchester city,elliot anderson,Elliot Anderson,1089691,1
5795442,2026-27,ENG1,2026-09-05,manchester city,antoine semenyo,Antoine Semenyo,933576,1
5795442,2026-27,ENG1,2026-09-05,manchester city,enzo fernandez,Enzo Fernández,1137705,1
5795442,2026-27,ENG1,2026-09-05,manchester city,rayan cherki,Rayan Cherki,1104053,1
5795442,2026-27,ENG1,2026-09-05,manchester city,iliman ndiaye,Iliman Ndiaye,965764,1
5795442,2026-27,ENG1,2026-09-05,manchester city,erling haaland,Erling Haaland,737066,1
5795442,2026-27,ENG1,2026-09-05,manchester city,phil foden,Phil Foden,815006,0
5795442,2026-27,ENG1,2026-09-05,manchester city,ayyoub bouaddi,Ayyoub Bouaddi,1561552,0
5795442,2026-27,ENG1,2026-09-05,manchester city,ryan mcaidoo,Ryan McAidoo,1680328,0
5795442,2026-27,ENG1,2026-09-05,manchester city,geronimo rulli,Gerónimo Rulli,245555,0
5795442,2026-27,ENG1,2026-09-05,manchester city,matheus nunes,Matheus Nunes,955529,0
5795442,2026-27,ENG1,2026-09-05,manchester city,rayan ait nouri,Rayan Aït-Nouri,933845,0
5795442,2026-27,ENG1,2026-09-05,manchester city,rico lewis,Rico Lewis,1288450,0
5795442,2026-27,ENG1,2026-09-05,manchester city,floyd samba,Floyd Samba,1726962,0
5795442,2026-27,ENG1,2026-09-05,manchester city,mateo kovacic,Mateo Kovačić,239219,0
5795442,2026-27,ENG1,2026-09-05,coventry,carl rushworth,Carl Rushworth,1187236,1
5795442,2026-27,ENG1,2026-09-05,coventry,aurele amenda,Aurèle Amenda,1257648,1
5795442,2026-27,ENG1,2026-09-05,coventry,bobby thomas,Bobby Thomas,1161885,1
5795442,2026-27,ENG1,2026-09-05,coventry,ethan pinnock,Ethan Pinnock,711357,1
5795442,2026-27,ENG1,2026-09-05,coventry,milan van ewijk,Milan van Ewijk,1074750,1
5795442,2026-27,ENG1,2026-09-05,coventry,frank onyeka,Frank Onyeka,856685,1
5795442,2026-27,ENG1,2026-09-05,coventry,matt grimes,Matt Grimes,478357,1
5795442,2026-27,ENG1,2026-09-05,coventry,jay dasilva,Jay Dasilva,759814,1
5795442,2026-27,ENG1,2026-09-05,coventry,jack rudoni,Jack Rudoni,1030830,1
5795442,2026-27,ENG1,2026-09-05,coventry,taiwo awoniyi,Taiwo Awoniyi,643717,1
5795442,2026-27,ENG1,2026-09-05,coventry,ephron mason clark,Ephron Mason-Clark,798654,1
5795442,2026-27,ENG1,2026-09-05,coventry,caleb yirenkyi,Caleb Yirenkyi,1615927,0
5795442,2026-27,ENG1,2026-09-05,coventry,loum tchaouna,Loum Tchaouna,1283034,0
5795442,2026-27,ENG1,2026-09-05,coventry,brandon thomas asante,Brandon Thomas-Asante,776184,0
5795442,2026-27,ENG1,2026-09-05,coventry,ellis simms,Ellis Simms,982284,0
5795442,2026-27,ENG1,2026-09-05,coventry,gustavo hamer,Gustavo Hamer,775355,0
5795442,2026-27,ENG1,2026-09-05,coventry,daniel bentley,Daniel Bentley,189103,0
5795442,2026-27,ENG1,2026-09-05,coventry,joel latibeaudiere,Joel Latibeaudiere,863822,0
5795442,2026-27,ENG1,2026-09-05,coventry,victor torp,Victor Torp,845985,0
5795442,2026-27,ENG1,2026-09-05,coventry,tatsuhiro sakamoto,Tatsuhiro Sakamoto,1025603,0
5795443,2026-27,ENG1,2026-09-05,newcastle united,lukas hornicek,Lukás Hornícek,1186978,1
5795443,2026-27,ENG1,2026-09-05,newcastle united,amar dedic,Amar Dedić,958010,1
5795443,2026-27,ENG1,2026-09-05,newcastle united,malick thiaw,Malick Thiaw,1137407,1
5795443,2026-27,ENG1,2026-09-05,newcastle united,sven botman,Sven Botman,956682,1
5795443,2026-27,ENG1,2026-09-05,newcastle united,lewis hall,Lewis Hall,1197655,1
5795443,2026-27,ENG1,2026-09-05,newcastle united,nico gonzalez,Nico González,1280132,1
5795443,2026-27,ENG1,2026-09-05,newcastle united,lewis miley,Lewis Miley,1296763,1
5795443,2026-27,ENG1,2026-09-05,newcastle united,anthony elanga,Anthony Elanga,1050166,1
5795443,2026-27,ENG1,2026-09-05,newcastle united,joseph willock,Joseph Willock,860975,1
5795443,2026-27,ENG1,2026-09-05,newcastle united,harvey barnes,Harvey Barnes,760359,1
5795443,2026-27,ENG1,2026-09-05,newcastle united,yoane wissa,Yoane Wissa,666857,1
5795443,2026-27,ENG1,2026-09-05,newcastle united,jacob ramsey,Jacob Ramsey,1021929,0
5795443,2026-27,ENG1,2026-09-05,newcastle united,matias fernandez pardo,Matias Fernandez-Pardo,1444231,0
5795443,2026-27,ENG1,2026-09-05,newcastle united,sean steur,Sean Steur,1643770,0
5795443,2026-27,ENG1,2026-09-05,newcastle united,jacob murphy,Jacob Murphy,521148,0
5795443,2026-27,ENG1,2026-09-05,newcastle united,valentino livramento,Valentino Livramento,1107910,0
5795443,2026-27,ENG1,2026-09-05,newcastle united,nick pope,Nick Pope,280484,0
5795443,2026-27,ENG1,2026-09-05,newcastle united,fabian schar,Fabian Schär,189982,0
5795443,2026-27,ENG1,2026-09-05,newcastle united,aladji bamba,Aladji Bamba,1695681,0
5795443,2026-27,ENG1,2026-09-05,newcastle united,bazoumana toure,Bazoumana Touré,1624586,0
5795443,2026-27,ENG1,2026-09-05,bournemouth,djordje petrovic,Djordje Petrović,1067256,1
5795443,2026-27,ENG1,2026-09-05,bournemouth,adam smith,Adam Smith,160447,1
5795443,2026-27,ENG1,2026-09-05,bournemouth,james hill,James Hill,959407,1
5795443,2026-27,ENG1,2026-09-05,bournemouth,antonio silva,António Silva,1292092,1
5795443,2026-27,ENG1,2026-09-05,bournemouth,adrien truffert,Adrien Truffert,1177358,1
5795443,2026-27,ENG1,2026-09-05,bournemouth,tyler adams,Tyler Adams,729769,1
5795443,2026-27,ENG1,2026-09-05,bournemouth,alex scott,Alex Scott,1233655,1
5795443,2026-27,ENG1,2026-09-05,bournemouth,rayan,Rayan,1478295,1
5795443,2026-27,ENG1,2026-09-05,bournemouth,justin kluivert,Justin Kluivert,794253,1
5795443,2026-27,ENG1,2026-09-05,bournemouth,marcus tavernier,Marcus Tavernier,789630,1
5795443,2026-27,ENG1,2026-09-05,bournemouth,evanilson,Evanilson,1098096,1
5795443,2026-27,ENG1,2026-09-05,bournemouth,lewis cook,Lewis Cook,562724,0
5795443,2026-27,ENG1,2026-09-05,bournemouth,david brooks,David Brooks,674014,0
5795443,2026-27,ENG1,2026-09-05,bournemouth,ben gannon doak,Ben Gannon-Doak,1324871,0
5795443,2026-27,ENG1,2026-09-05,bournemouth,daniel jebbison,Daniel Jebbison,1253827,0
5795443,2026-27,ENG1,2026-09-05,bournemouth,ryan christie,Ryan Christie,439369,0
5795443,2026-27,ENG1,2026-09-05,bournemouth,michele di gregorio,Michele Di Gregorio,766062,0
5795443,2026-27,ENG1,2026-09-05,bournemouth,bafode diakite,Bafodé Diakité,979752,0
5795443,2026-27,ENG1,2026-09-05,bournemouth,julio soler,Julio Soler,1358655,0
5795443,2026-27,ENG1,2026-09-05,bournemouth,juanlu sanchez,Juanlu Sánchez,1158512,0
5795444,2026-27,ENG1,2026-09-05,nottingham forest,matz sels,Matz Sels,181069,1
5795444,2026-27,ENG1,2026-09-05,nottingham forest,jair cunha,Jair Cunha,1391209,1
5795444,2026-27,ENG1,2026-09-05,nottingham forest,nikola milenkovic,Nikola Milenković,766611,1
5795444,2026-27,ENG1,2026-09-05,nottingham forest,murillo,Murillo,1458711,1
5795444,2026-27,ENG1,2026-09-05,nottingham forest,ola aina,Ola Aina,682548,1
5795444,2026-27,ENG1,2026-09-05,nottingham forest,xaver schlager,Xaver Schlager,620027,1
5795444,2026-27,ENG1,2026-09-05,nottingham forest,james mcatee,James McAtee,1107648,1
5795444,2026-27,ENG1,2026-09-05,nottingham forest,neco williams,Neco Williams,1078788,1
5795444,2026-27,ENG1,2026-09-05,nottingham forest,dan ndoye,Dan Ndoye,1022649,1
5795444,2026-27,ENG1,2026-09-05,nottingham forest,morgan gibbs white,Morgan Gibbs-White,789502,1
5795444,2026-27,ENG1,2026-09-05,nottingham forest,liam delap,Liam Delap,1113903,1
5795444,2026-27,ENG1,2026-09-05,nottingham forest,daniel munoz,Daniel Muñoz,859282,0
5795444,2026-27,ENG1,2026-09-05,nottingham forest,igor jesus,Igor Jesus,1082102,0
5795444,2026-27,ENG1,2026-09-05,nottingham forest,chris wood,Chris Wood,169719,0
5795444,2026-27,ENG1,2026-09-05,nottingham forest,ousmane diomande,Ousmane Diomande,1425182,0
5795444,2026-27,ENG1,2026-09-05,nottingham forest,john victor,John Victor,749834,0
5795444,2026-27,ENG1,2026-09-05,nottingham forest,luca netz,Luca Netz,1155130,0
5795444,2026-27,ENG1,2026-09-05,nottingham forest,nicolas dominguez,Nicolás Dominguez,827315,0
5795444,2026-27,ENG1,2026-09-05,nottingham forest,ryan yates,Ryan Yates,775614,0
5795444,2026-27,ENG1,2026-09-05,nottingham forest,callum hudson odoi,Callum Hudson-Odoi,846383,0
5795444,2026-27,ENG1,2026-09-05,tottenham hotspur,antonin kinsky,Antonín Kinský,1341475,1
5795444,2026-27,ENG1,2026-09-05,tottenham hotspur,pedro porro,Pedro Porro,941573,1
5795444,2026-27,ENG1,2026-09-05,tottenham hotspur,jan paul van hecke,Jan Paul van Hecke,974618,1
5795444,2026-27,ENG1,2026-09-05,tottenham hotspur,micky van de ven,Micky van de Ven,1097466,1
5795444,2026-27,ENG1,2026-09-05,tottenham hotspur,destiny udogie,Destiny Udogie,1052898,1
5795444,2026-27,ENG1,2026-09-05,tottenham hotspur,sandro tonali,Sandro Tonali,867414,1
5795444,2026-27,ENG1,2026-09-05,tottenham hotspur,rodrigo bentancur,Rodrigo Bentancur,620618,1
5795444,2026-27,ENG1,2026-09-05,tottenham hotspur,savio,Sávio,1174337,1
5795444,2026-27,ENG1,2026-09-05,tottenham hotspur,conor gallagher,Conor Gallagher,966027,1
5795444,2026-27,ENG1,2026-09-05,tottenham hotspur,mathys tel,Mathys Tel,1288111,1
5795444,2026-27,ENG1,2026-09-05,tottenham hotspur,omar marmoush,Omar Marmoush,839204,1
5795444,2026-27,ENG1,2026-09-05,tottenham hotspur,andrew robertson,Andrew Robertson,357880,0
5795444,2026-27,ENG1,2026-09-05,tottenham hotspur,mohammed kudus,Mohammed Kudus,891743,0
5795444,2026-27,ENG1,2026-09-05,tottenham hotspur,mykhaylo mudryk,Mykhaylo Mudryk,976506,0
5795444,2026-27,ENG1,2026-09-05,tottenham hotspur,mateus fernandes,Mateus Fernandes,1356312,0
5795444,2026-27,ENG1,2026-09-05,tottenham hotspur,dominic solanke,Dominic Solanke,591734,0
5795444,2026-27,ENG1,2026-09-05,tottenham hotspur,martin dubravka,Martin Dúbravka,72241,0
5795444,2026-27,ENG1,2026-09-05,tottenham hotspur,marcos senesi,Marcos Senesi,785411,0
5795444,2026-27,ENG1,2026-09-05,tottenham hotspur,archie gray,Archie Gray,1323305,0
5795444,2026-27,ENG1,2026-09-05,tottenham hotspur,lucas bergvall,Lucas Bergvall,1386775,0
5795445,2026-27,ENG1,2026-09-12,bournemouth,djordje petrovic,Djordje Petrović,1067256,1
5795445,2026-27,ENG1,2026-09-12,bournemouth,adam smith,Adam Smith,160447,1
5795445,2026-27,ENG1,2026-09-12,bournemouth,james hill,James Hill,959407,1
5795445,2026-27,ENG1,2026-09-12,bournemouth,antonio silva,António Silva,1292092,1
5795445,2026-27,ENG1,2026-09-12,bournemouth,adrien truffert,Adrien Truffert,1177358,1
5795445,2026-27,ENG1,2026-09-12,bournemouth,tyler adams,Tyler Adams,729769,1
5795445,2026-27,ENG1,2026-09-12,bournemouth,alex scott,Alex Scott,1233655,1
5795445,2026-27,ENG1,2026-09-12,bournemouth,rayan,Rayan,1478295,1
5795445,2026-27,ENG1,2026-09-12,bournemouth,justin kluivert,Justin Kluivert,794253,1
5795445,2026-27,ENG1,2026-09-12,bournemouth,marcus tavernier,Marcus Tavernier,789630,1
5795445,2026-27,ENG1,2026-09-12,bournemouth,evanilson,Evanilson,1098096,1
5795445,2026-27,ENG1,2026-09-12,bournemouth,ryan christie,Ryan Christie,439369,0
5795445,2026-27,ENG1,2026-09-12,bournemouth,lewis cook,Lewis Cook,562724,0
5795445,2026-27,ENG1,2026-09-12,bournemouth,ben gannon doak,Ben Gannon-Doak,1324871,0
5795445,2026-27,ENG1,2026-09-12,bournemouth,david brooks,David Brooks,674014,0
5795445,2026-27,ENG1,2026-09-12,bournemouth,alvaro rodriguez,Álvaro Rodriguez,1327406,0
5795445,2026-27,ENG1,2026-09-12,bournemouth,michele di gregorio,Michele Di Gregorio,766062,0
5795445,2026-27,ENG1,2026-09-12,bournemouth,bafode diakite,Bafodé Diakité,979752,0
5795445,2026-27,ENG1,2026-09-12,bournemouth,julio soler,Julio Soler,1358655,0
5795445,2026-27,ENG1,2026-09-12,bournemouth,alex toth,Alex Tóth,1449690,0
5795445,2026-27,ENG1,2026-09-12,brentford,caoimhin kelleher,Caoimhín Kelleher,776689,1
5795445,2026-27,ENG1,2026-09-12,brentford,aaron hickey,Aaron Hickey,1002039,1
5795445,2026-27,ENG1,2026-09-12,brentford,jannik schuster,Jannik Schuster,1572340,1
5795445,2026-27,ENG1,2026-09-12,brentford,kristoffer ajer,Kristoffer Ajer,552718,1
5795445,2026-27,ENG1,2026-09-12,brentford,keane lewis potter,Keane Lewis-Potter,1010426,1
5795445,2026-27,ENG1,2026-09-12,brentford,mamadou sangare,Mamadou Sangaré,1185211,1
5795445,2026-27,ENG1,2026-09-12,brentford,vitaly janelt,Vitaly Janelt,688273,1
5795445,2026-27,ENG1,2026-09-12,brentford,jaidon anthony,Jaidon Anthony,1171140,1
5795445,2026-27,ENG1,2026-09-12,brentford,yehor yarmoliuk,Yehor Yarmoliuk,1157236,1
5795445,2026-27,ENG1,2026-09-12,brentford,kevin schade,Kevin Schade,1083796,1
5795445,2026-27,ENG1,2026-09-12,brentford,igor thiago,Igor Thiago,1302005,1
5795445,2026-27,ENG1,2026-09-12,brentford,malick diouf,Malick Diouf,1451265,0
5795445,2026-27,ENG1,2026-09-12,brentford,mikkel damsgaard,Mikkel Damsgaard,888912,0
5795445,2026-27,ENG1,2026-09-12,brentford,dango ouattara,Dango Ouattara,1250253,0
5795445,2026-27,ENG1,2026-09-12,brentford,michael kayode,Michael Kayode,1429912,0
5795445,2026-27,ENG1,2026-09-12,brentford,hakon rafn valdimarsson,Hákon Rafn Valdimarsson,850962,0
5795445,2026-27,ENG1,2026-09-12,brentford,rico henry,Rico Henry,562892,0
5795445,2026-27,ENG1,2026-09-12,brentford,fabio carvalho,Fábio Carvalho,963965,0
5795445,2026-27,ENG1,2026-09-12,brentford,callum wilson,Callum Wilson,184321,0
5795445,2026-27,ENG1,2026-09-12,brentford,gustavo nunes,Gustavo Nunes,1516030,0
5795446,2026-27,ENG1,2026-09-12,aston villa,zion suzuki,Zion Suzuki,1053679,1
5795446,2026-27,ENG1,2026-09-12,aston villa,aaron wan bissaka,Aaron Wan-Bissaka,760320,1
5795446,2026-27,ENG1,2026-09-12,aston villa,victor nilsson lindelof,Victor Nilsson Lindelöf,258269,1
5795446,2026-27,ENG1,2026-09-12,aston villa,pau torres,Pau Torres,792645,1
5795446,2026-27,ENG1,2026-09-12,aston villa,ian maatsen,Ian Maatsen,966026,1
5795446,2026-27,ENG1,2026-09-12,aston villa,boubacar kamara,Boubacar Kamara,816325,1
5795446,2026-27,ENG1,2026-09-12,aston villa,ross barkley,Ross Barkley,215384,1
5795446,2026-27,ENG1,2026-09-12,aston villa,john mcginn,John McGinn,356406,1
5795446,2026-27,ENG1,2026-09-12,aston villa,emiliano buendia,Emiliano Buendía,610184,1
5795446,2026-27,ENG1,2026-09-12,aston villa,george hemmings,George Hemmings,1607333,1
5795446,2026-27,ENG1,2026-09-12,aston villa,nicolas jackson,Nicolas Jackson,1197347,1
5795446,2026-27,ENG1,2026-09-12,aston villa,tyrone mings,Tyrone Mings,419664,0
5795446,2026-27,ENG1,2026-09-12,aston villa,alysson edward,Alysson Edward,1656860,0
5795446,2026-27,ENG1,2026-09-12,aston villa,tammy abraham,Tammy Abraham,749661,0
5795446,2026-27,ENG1,2026-09-12,aston villa,johan manzambi,Johan Manzambi,1520063,0
5795446,2026-27,ENG1,2026-09-12,aston villa,ibrahim mbaye,Ibrahim Mbaye,1593857,0
5795446,2026-27,ENG1,2026-09-12,aston villa,marco bizot,Marco Bizot,195782,0
5795446,2026-27,ENG1,2026-09-12,aston villa,matteo ruggeri,Matteo Ruggeri,1051097,0
5795446,2026-27,ENG1,2026-09-12,aston villa,lamare bogarde,Lamare Bogarde,1190033,0
5795446,2026-27,ENG1,2026-09-12,aston villa,alejandro garnacho,Alejandro Garnacho,1203665,0
5795446,2026-27,ENG1,2026-09-12,nottingham forest,matz sels,Matz Sels,181069,1
5795446,2026-27,ENG1,2026-09-12,nottingham forest,ola aina,Ola Aina,682548,1
5795446,2026-27,ENG1,2026-09-12,nottingham forest,ousmane diomande,Ousmane Diomande,1425182,1
5795446,2026-27,ENG1,2026-09-12,nottingham forest,murillo,Murillo,1458711,1
5795446,2026-27,ENG1,2026-09-12,nottingham forest,daniel munoz,Daniel Muñoz,859282,1
5795446,2026-27,ENG1,2026-09-12,nottingham forest,james mcatee,James McAtee,1107648,1
5795446,2026-27,ENG1,2026-09-12,nottingham forest,xaver schlager,Xaver Schlager,620027,1
5795446,2026-27,ENG1,2026-09-12,nottingham forest,neco williams,Neco Williams,1078788,1
5795446,2026-27,ENG1,2026-09-12,nottingham forest,dan ndoye,Dan Ndoye,1022649,1
5795446,2026-27,ENG1,2026-09-12,nottingham forest,morgan gibbs white,Morgan Gibbs-White,789502,1
5795446,2026-27,ENG1,2026-09-12,nottingham forest,liam delap,Liam Delap,1113903,1
5795446,2026-27,ENG1,2026-09-12,nottingham forest,igor jesus,Igor Jesus,1082102,0
5795446,2026-27,ENG1,2026-09-12,nottingham forest,ibrahim sangare,Ibrahim Sangaré,795371,0
5795446,2026-27,ENG1,2026-09-12,nottingham forest,chris wood,Chris Wood,169719,0
5795446,2026-27,ENG1,2026-09-12,nottingham forest,john victor,John Victor,749834,0
5795446,2026-27,ENG1,2026-09-12,nottingham forest,luca netz,Luca Netz,1155130,0
5795446,2026-27,ENG1,2026-09-12,nottingham forest,nicolas dominguez,Nicolás Dominguez,827315,0
5795446,2026-27,ENG1,2026-09-12,nottingham forest,ryan yates,Ryan Yates,775614,0
5795446,2026-27,ENG1,2026-09-12,nottingham forest,arnaud kalimuendo muinga,Arnaud Kalimuendo-Muinga,1095445,0
5795446,2026-27,ENG1,2026-09-12,nottingham forest,callum hudson odoi,Callum Hudson-Odoi,846383,0
5795447,2026-27,ENG1,2026-09-12,chelsea,emiliano martinez,Emiliano Martínez,268375,1
5795447,2026-27,ENG1,2026-09-12,chelsea,malo gusto,Malo Gusto,1197250,1
5795447,2026-27,ENG1,2026-09-12,chelsea,wesley fofana,Wesley Fofana,917802,1
5795447,2026-27,ENG1,2026-09-12,chelsea,levi colwill,Levi Colwill,1096400,1
5795447,2026-27,ENG1,2026-09-12,chelsea,jorrel hato,Jorrel Hato,1413846,1
5795447,2026-27,ENG1,2026-09-12,chelsea,reece james,Reece James,807729,1
5795447,2026-27,ENG1,2026-09-12,chelsea,romeo lavia,Roméo Lavia,1190867,1
5795447,2026-27,ENG1,2026-09-12,chelsea,pedro neto,Pedro Neto,843040,1
5795447,2026-27,ENG1,2026-09-12,chelsea,cole palmer,Cole Palmer,1096353,1
5795447,2026-27,ENG1,2026-09-12,chelsea,morgan rogers,Morgan Rogers,883080,1
5795447,2026-27,ENG1,2026-09-12,chelsea,joao pedro,João Pedro,1021382,1
5795447,2026-27,ENG1,2026-09-12,chelsea,pep chavarria,Pep Chavarría,988805,0
5795447,2026-27,ENG1,2026-09-12,chelsea,valentin barco,Valentín Barco,1272440,0
5795447,2026-27,ENG1,2026-09-12,chelsea,danny welbeck,Danny Welbeck,113836,0
5795447,2026-27,ENG1,2026-09-12,chelsea,maxence lacroix,Maxence Lacroix,950485,0
5795447,2026-27,ENG1,2026-09-12,chelsea,estevao,Estêvão,1580774,0
5795447,2026-27,ENG1,2026-09-12,chelsea,mike penders,Mike Penders,1319972,0
5795447,2026-27,ENG1,2026-09-12,chelsea,josh acheampong,Josh Acheampong,1400216,0
5795447,2026-27,ENG1,2026-09-12,chelsea,geovany quenda,Geovany Quenda,1530314,0
5795447,2026-27,ENG1,2026-09-12,chelsea,jamie gittens,Jamie Gittens,1113692,0
5795447,2026-27,ENG1,2026-09-12,hull city,konstantinos tzolakis,Konstantinos Tzolakis,1072068,1
5795447,2026-27,ENG1,2026-09-12,hull city,semi ajayi,Semi Ajayi,410836,1
5795447,2026-27,ENG1,2026-09-12,hull city,john egan,John Egan,295062,1
5795447,2026-27,ENG1,2026-09-12,hull city,nobel mendy,Nobel Mendy,1428427,1
5795447,2026-27,ENG1,2026-09-12,hull city,lewie coyle,Lewie Coyle,709148,1
5795447,2026-27,ENG1,2026-09-12,hull city,matt crooks,Matt Crooks,280507,1
5795447,2026-27,ENG1,2026-09-12,hull city,regan slater,Regan Slater,807930,1
5795447,2026-27,ENG1,2026-09-12,hull city,ryan giles,Ryan Giles,933635,1
5795447,2026-27,ENG1,2026-09-12,hull city,mohamed belloumi,Mohamed Belloumi,1231090,1
5795447,2026-27,ENG1,2026-09-12,hull city,oli mcburnie,Oli McBurnie,509151,1
5795447,2026-27,ENG1,2026-09-12,hull city,elliot stroud,Elliot Stroud,1272349,1
5795447,2026-27,ENG1,2026-09-12,hull city,lucas herrington,Lucas Herrington,1686118,0
5795447,2026-27,ENG1,2026-09-12,hull city,mohamed ali cho,Mohamed-Ali Cho,1180718,0
5795447,2026-27,ENG1,2026-09-12,hull city,sorba thomas,Sorba Thomas,812982,0
5795447,2026-27,ENG1,2026-09-12,hull city,tim iroegbunam,Tim Iroegbunam,1203512,0
5795447,2026-27,ENG1,2026-09-12,hull city,brooke norton cuffy,Brooke Norton-Cuffy,1214915,0
5795447,2026-27,ENG1,2026-09-12,hull city,robinio vaz,Robinio Vaz,1705134,0
5795447,2026-27,ENG1,2026-09-12,hull city,dillon phillips,Dillon Phillips,518500,0
5795447,2026-27,ENG1,2026-09-12,hull city,matt targett,Matt Targett,538112,0
5795447,2026-27,ENG1,2026-09-12,hull city,lucas gourna douath,Lucas Gourna-Douath,1137106,0
5795448,2026-27,ENG1,2026-09-13,coventry,carl rushworth,Carl Rushworth,1187236,1
5795448,2026-27,ENG1,2026-09-13,coventry,aurele amenda,Aurèle Amenda,1257648,1
5795448,2026-27,ENG1,2026-09-13,coventry,bobby thomas,Bobby Thomas,1161885,1
5795448,2026-27,ENG1,2026-09-13,coventry,ethan pinnock,Ethan Pinnock,711357,1
5795448,2026-27,ENG1,2026-09-13,coventry,milan van ewijk,Milan van Ewijk,1074750,1
5795448,2026-27,ENG1,2026-09-13,coventry,frank onyeka,Frank Onyeka,856685,1
5795448,2026-27,ENG1,2026-09-13,coventry,matt grimes,Matt Grimes,478357,1
5795448,2026-27,ENG1,2026-09-13,coventry,jay dasilva,Jay Dasilva,759814,1
5795448,2026-27,ENG1,2026-09-13,coventry,jack rudoni,Jack Rudoni,1030830,1
5795448,2026-27,ENG1,2026-09-13,coventry,taiwo awoniyi,Taiwo Awoniyi,643717,1
5795448,2026-27,ENG1,2026-09-13,coventry,ephron mason clark,Ephron Mason-Clark,798654,1
5795448,2026-27,ENG1,2026-09-13,coventry,sidiki cherif,Sidiki Cherif,1524069,0
5795448,2026-27,ENG1,2026-09-13,coventry,caleb yirenkyi,Caleb Yirenkyi,1615927,0
5795448,2026-27,ENG1,2026-09-13,coventry,brandon thomas asante,Brandon Thomas-Asante,776184,0
5795448,2026-27,ENG1,2026-09-13,coventry,victor torp,Victor Torp,845985,0
5795448,2026-27,ENG1,2026-09-13,coventry,daniel bentley,Daniel Bentley,189103,0
5795448,2026-27,ENG1,2026-09-13,coventry,stephen mfuni,Stephen Mfuni,1613300,0
5795448,2026-27,ENG1,2026-09-13,coventry,gustavo hamer,Gustavo Hamer,775355,0
5795448,2026-27,ENG1,2026-09-13,coventry,loum tchaouna,Loum Tchaouna,1283034,0
5795448,2026-27,ENG1,2026-09-13,coventry,tatsuhiro sakamoto,Tatsuhiro Sakamoto,1025603,0
5795448,2026-27,ENG1,2026-09-13,brighton hove albion,bart verbruggen,Bart Verbruggen,1131987,1
5795448,2026-27,ENG1,2026-09-13,brighton hove albion,ferdi kadioglu,Ferdi Kadıoğlu,774448,1
5795448,2026-27,ENG1,2026-09-13,brighton hove albion,luka vuskovic,Luka Vušković,1413996,1
5795448,2026-27,ENG1,2026-09-13,brighton hove albion,lewis dunk,Lewis Dunk,201690,1
5795448,2026-27,ENG1,2026-09-13,brighton hove albion,olivier boscagli,Olivier Boscagli,613715,1
5795448,2026-27,ENG1,2026-09-13,brighton hove albion,pascal gross,Pascal Groß,167008,1
5795448,2026-27,ENG1,2026-09-13,brighton hove albion,yasin ayari,Yasin Ayari,1168311,1
5795448,2026-27,ENG1,2026-09-13,brighton hove albion,diego gomez,Diego Gómez,1354561,1
5795448,2026-27,ENG1,2026-09-13,brighton hove albion,malick junior yalcouye,Malick Junior Yalcouyé,1602352,1
5795448,2026-27,ENG1,2026-09-13,brighton hove albion,maxim de cuyper,Maxim De Cuyper,1134871,1
5795448,2026-27,ENG1,2026-09-13,brighton hove albion,charalampos kostoulas,Charalampos Kostoulas,1561249,1
5795448,2026-27,ENG1,2026-09-13,brighton hove albion,chema andres,Chema Andrés,1586552,0
5795448,2026-27,ENG1,2026-09-13,brighton hove albion,pascal struijk,Pascal Struijk,796974,0
5795448,2026-27,ENG1,2026-09-13,brighton hove albion,ibrahim osman,Ibrahim Osman,1215410,0
5795448,2026-27,ENG1,2026-09-13,brighton hove albion,costinha,Costinha,1079456,0
5795448,2026-27,ENG1,2026-09-13,brighton hove albion,matthew oriley,Matthew O'Riley,866686,0
5795448,2026-27,ENG1,2026-09-13,brighton hove albion,jason steele,Jason Steele,107917,0
5795448,2026-27,ENG1,2026-09-13,brighton hove albion,jaouen hadjam,Jaouen Hadjam,1178324,0
5795448,2026-27,ENG1,2026-09-13,brighton hove albion,younes ibrahim,Younes Ibrahim,1720273,0
5795448,2026-27,ENG1,2026-09-13,brighton hove albion,promise david,Promise David,1252132,0
5795449,2026-27,ENG1,2026-09-12,crystal palace,walter benitez,Walter Benítez,448897,1
5795449,2026-27,ENG1,2026-09-12,crystal palace,chris richards,Chris Richards,950829,1
5795449,2026-27,ENG1,2026-09-12,crystal palace,axel disasi,Axel Disasi,696646,1
5795449,2026-27,ENG1,2026-09-12,crystal palace,honest ahanor,Honest Ahanor,1669629,1
5795449,2026-27,ENG1,2026-09-12,crystal palace,anan khalaili,Anan Khalaili,1477878,1
5795449,2026-27,ENG1,2026-09-12,crystal palace,quinten timber,Quinten Timber,970563,1
5795449,2026-27,ENG1,2026-09-12,crystal palace,adam wharton,Adam Wharton,1296650,1
5795449,2026-27,ENG1,2026-09-12,crystal palace,tyrick mitchell,Tyrick Mitchell,1120224,1
5795449,2026-27,ENG1,2026-09-12,crystal palace,daichi kamada,Daichi Kamada,621515,1
5795449,2026-27,ENG1,2026-09-12,crystal palace,yeremi pino,Yéremi Pino,1047676,1
5795449,2026-27,ENG1,2026-09-12,crystal palace,jorgen strand larsen,Jørgen Strand Larsen,821100,1
5795449,2026-27,ENG1,2026-09-12,crystal palace,takehiro tomiyasu,Takehiro Tomiyasu,664444,0
5795449,2026-27,ENG1,2026-09-12,crystal palace,ben chilwell,Ben Chilwell,672469,0
5795449,2026-27,ENG1,2026-09-12,crystal palace,will hughes,Will Hughes,295067,0
5795449,2026-27,ENG1,2026-09-12,crystal palace,jefferson lerma,Jefferson Lerma,466672,0
5795449,2026-27,ENG1,2026-09-12,crystal palace,zavier gozo,Zavier Gozo,1455818,0
5795449,2026-27,ENG1,2026-09-12,crystal palace,remi matthews,Remi Matthews,562726,0
5795449,2026-27,ENG1,2026-09-12,crystal palace,cheick oumar doucoure,Cheick Oumar Doucouré,951954,0
5795449,2026-27,ENG1,2026-09-12,crystal palace,oscar mingueza,Óscar Mingueza,952095,0
5795449,2026-27,ENG1,2026-09-12,crystal palace,dwight mcneil,Dwight McNeil,939542,0
5795449,2026-27,ENG1,2026-09-12,ipswich town,kjell scherpen,Kjell Scherpen,796398,1
5795449,2026-27,ENG1,2026-09-12,ipswich town,dara oshea,Dara O'Shea,789578,1
5795449,2026-27,ENG1,2026-09-12,ipswich town,issa diop,Issa Diop,696443,1
5795449,2026-27,ENG1,2026-09-12,ipswich town,jacob greaves,Jacob Greaves,1079103,1
5795449,2026-27,ENG1,2026-09-12,ipswich town,leif davis,Leif Davis,980381,1
5795449,2026-27,ENG1,2026-09-12,ipswich town,sasa lukic,Saša Lukić,556972,1
5795449,2026-27,ENG1,2026-09-12,ipswich town,exequiel palacios,Exequiel Palacios,693599,1
5795449,2026-27,ENG1,2026-09-12,ipswich town,abdul fatawu,Abdul Fatawu,1265626,1
5795449,2026-27,ENG1,2026-09-12,ipswich town,julio enciso,Julio Enciso,1073742,1
5795449,2026-27,ENG1,2026-09-12,ipswich town,jack clarke,Jack Clarke,914402,1
5795449,2026-27,ENG1,2026-09-12,ipswich town,emersonn,Emersonn,1320949,1
5795449,2026-27,ENG1,2026-09-12,ipswich town,jaden philogene bidace,Jaden Philogene-Bidace,1089645,0
5795449,2026-27,ENG1,2026-09-12,ipswich town,daizen maeda,Daizen Maeda,728765,0
5795449,2026-27,ENG1,2026-09-12,ipswich town,zian flemming,Zian Flemming,873559,0
5795449,2026-27,ENG1,2026-09-12,ipswich town,florentino,Florentino,793255,0
5795449,2026-27,ENG1,2026-09-12,ipswich town,abdoul ouattara,Abdoul Ouattara,1343053,0
5795449,2026-27,ENG1,2026-09-12,ipswich town,christian walton,Christian Walton,512013,0
5795449,2026-27,ENG1,2026-09-12,ipswich town,cedric kipre,Cédric Kipré,760398,0
5795449,2026-27,ENG1,2026-09-12,ipswich town,chuba akpom,Chuba Akpom,413158,0
5795449,2026-27,ENG1,2026-09-12,ipswich town,marcelino nunez,Marcelino Núñez,1129081,0
5795450,2026-27,ENG1,2026-09-14,leeds united,james trafford,James Trafford,1187213,1
5795450,2026-27,ENG1,2026-09-14,leeds united,james justin,James Justin,710158,1
5795450,2026-27,ENG1,2026-09-14,leeds united,nico elvedi,Nico Elvedi,517346,1
5795450,2026-27,ENG1,2026-09-14,leeds united,tarik muharemovic,Tarik Muharemović,1250485,1
5795450,2026-27,ENG1,2026-09-14,leeds united,jayden bogle,Jayden Bogle,789646,1
5795450,2026-27,ENG1,2026-09-14,leeds united,anton stach,Anton Stach,881735,1
5795450,2026-27,ENG1,2026-09-14,leeds united,ethan ampadu,Ethan Ampadu,780432,1
5795450,2026-27,ENG1,2026-09-14,leeds united,ao tanaka,Ao Tanaka,935728,1
5795450,2026-27,ENG1,2026-09-14,leeds united,gabriel gudmundsson,Gabriel Gudmundsson,744494,1
5795450,2026-27,ENG1,2026-09-14,leeds united,dominic calvert lewin,Dominic Calvert-Lewin,612150,1
5795450,2026-27,ENG1,2026-09-14,leeds united,noah okafor,Noah Okafor,915797,1
5795450,2026-27,ENG1,2026-09-14,leeds united,melvin bard,Melvin Bard,1092403,0
5795450,2026-27,ENG1,2026-09-14,leeds united,brenden aaronson,Brenden Aaronson,952322,0
5795450,2026-27,ENG1,2026-09-14,leeds united,harry wilson,Harry Wilson,494417,0
5795450,2026-27,ENG1,2026-09-14,leeds united,lukas nmecha,Lukas Nmecha,861197,0
5795450,2026-27,ENG1,2026-09-14,leeds united,daniel james,Daniel James,717176,0
5795450,2026-27,ENG1,2026-09-14,leeds united,sean longstaff,Sean Longstaff,820024,0
5795450,2026-27,ENG1,2026-09-14,leeds united,michael zetterer,Michael Zetterer,432435,0
5795450,2026-27,ENG1,2026-09-14,leeds united,jaka bijol,Jaka Bijol,861805,0
5795450,2026-27,ENG1,2026-09-14,leeds united,jean matteo bahoya,Jean-Mattéo Bahoya,1393672,0
5795450,2026-27,ENG1,2026-09-14,newcastle united,lukas hornicek,Lukás Hornícek,1186978,1
5795450,2026-27,ENG1,2026-09-14,newcastle united,amar dedic,Amar Dedić,958010,1
5795450,2026-27,ENG1,2026-09-14,newcastle united,malick thiaw,Malick Thiaw,1137407,1
5795450,2026-27,ENG1,2026-09-14,newcastle united,sven botman,Sven Botman,956682,1
5795450,2026-27,ENG1,2026-09-14,newcastle united,lewis hall,Lewis Hall,1197655,1
5795450,2026-27,ENG1,2026-09-14,newcastle united,lewis miley,Lewis Miley,1296763,1
5795450,2026-27,ENG1,2026-09-14,newcastle united,nico gonzalez,Nico González,1280132,1
5795450,2026-27,ENG1,2026-09-14,newcastle united,jacob murphy,Jacob Murphy,521148,1
5795450,2026-27,ENG1,2026-09-14,newcastle united,matias fernandez pardo,Matias Fernandez-Pardo,1444231,1
5795450,2026-27,ENG1,2026-09-14,newcastle united,harvey barnes,Harvey Barnes,760359,1
5795450,2026-27,ENG1,2026-09-14,newcastle united,yoane wissa,Yoane Wissa,666857,1
5795450,2026-27,ENG1,2026-09-14,newcastle united,sean steur,Sean Steur,1643770,0
5795450,2026-27,ENG1,2026-09-14,newcastle united,joseph willock,Joseph Willock,860975,0
5795450,2026-27,ENG1,2026-09-14,newcastle united,bazoumana toure,Bazoumana Touré,1624586,0
5795450,2026-27,ENG1,2026-09-14,newcastle united,valentino livramento,Valentino Livramento,1107910,0
5795450,2026-27,ENG1,2026-09-14,newcastle united,aladji bamba,Aladji Bamba,1695681,0
5795450,2026-27,ENG1,2026-09-14,newcastle united,nick pope,Nick Pope,280484,0
5795450,2026-27,ENG1,2026-09-14,newcastle united,fabian schar,Fabian Schär,189982,0
5795450,2026-27,ENG1,2026-09-14,newcastle united,mason miley,Mason Miley,1867092,0
5795450,2026-27,ENG1,2026-09-14,newcastle united,jacob ramsey,Jacob Ramsey,1021929,0
5795451,2026-27,ENG1,2026-09-12,liverpool,alisson becker,Alisson Becker,319784,1
5795451,2026-27,ENG1,2026-09-12,liverpool,ronald araujo,Ronald Araujo,921253,1
5795451,2026-27,ENG1,2026-09-12,liverpool,jeremy jacquet,Jérémy Jacquet,1473534,1
5795451,2026-27,ENG1,2026-09-12,liverpool,virgil van dijk,Virgil van Dijk,209405,1
5795451,2026-27,ENG1,2026-09-12,liverpool,konstantinos tsimikas,Konstantinos Tsimikas,671529,1
5795451,2026-27,ENG1,2026-09-12,liverpool,dominik szoboszlai,Dominik Szoboszlai,846005,1
5795451,2026-27,ENG1,2026-09-12,liverpool,ryan gravenberch,Ryan Gravenberch,956683,1
5795451,2026-27,ENG1,2026-09-12,liverpool,victor munoz,Víctor Muñoz,1553105,1
5795451,2026-27,ENG1,2026-09-12,liverpool,florian wirtz,Florian Wirtz,1152455,1
5795451,2026-27,ENG1,2026-09-12,liverpool,bradley barcola,Bradley Barcola,1297165,1
5795451,2026-27,ENG1,2026-09-12,liverpool,alexander isak,Alexander Isak,690107,1
5795451,2026-27,ENG1,2026-09-12,liverpool,milos kerkez,Miloš Kerkez,1195281,0
5795451,2026-27,ENG1,2026-09-12,liverpool,alexis mac allister,Alexis Mac Allister,831489,0
5795451,2026-27,ENG1,2026-09-12,liverpool,cody gakpo,Cody Gakpo,806552,0
5795451,2026-27,ENG1,2026-09-12,liverpool,jeremie frimpong,Jeremie Frimpong,966018,0
5795451,2026-27,ENG1,2026-09-12,liverpool,rio ngumoha,Rio Ngumoha,1597668,0
5795451,2026-27,ENG1,2026-09-12,liverpool,giorgi mamardashvili,Giorgi Mamardashvili,948800,0
5795451,2026-27,ENG1,2026-09-12,liverpool,wataru endo,Wataru Endo,202643,0
5795451,2026-27,ENG1,2026-09-12,liverpool,trey nyoni,Trey Nyoni,1436258,0
5795451,2026-27,ENG1,2026-09-12,liverpool,lewis koumas,Lewis Koumas,1364042,0
5795451,2026-27,ENG1,2026-09-12,fulham,bernd leno,Bernd Leno,215168,1
5795451,2026-27,ENG1,2026-09-12,fulham,timothy castagne,Timothy Castagne,465750,1
5795451,2026-27,ENG1,2026-09-12,fulham,david affengruber,David Affengruber,1073980,1
5795451,2026-27,ENG1,2026-09-12,fulham,calvin bassey,Calvin Bassey,877401,1
5795451,2026-27,ENG1,2026-09-12,fulham,antonee robinson,Antonee Robinson,662428,1
5795451,2026-27,ENG1,2026-09-12,fulham,sander berge,Sander Berge,540963,1
5795451,2026-27,ENG1,2026-09-12,fulham,shea charles,Shea Charles,1281452,1
5795451,2026-27,ENG1,2026-09-12,fulham,oscar bobb,Oscar Bobb,1113790,1
5795451,2026-27,ENG1,2026-09-12,fulham,joshua king,Joshua King,1422593,1
5795451,2026-27,ENG1,2026-09-12,fulham,alex iwobi,Alex Iwobi,604785,1
5795451,2026-27,ENG1,2026-09-12,fulham,gonzalo garcia,Gonzalo García,1413847,1
5795451,2026-27,ENG1,2026-09-12,fulham,kenny tete,Kenny Tete,469804,0
5795451,2026-27,ENG1,2026-09-12,fulham,kevin,Kevin,1318400,0
5795451,2026-27,ENG1,2026-09-12,fulham,emile smith rowe,Emile Smith Rowe,889534,0
5795451,2026-27,ENG1,2026-09-12,fulham,hugo larsson,Hugo Larsson,1339269,0
5795451,2026-27,ENG1,2026-09-12,fulham,rodrigo muniz,Rodrigo Muniz,1128945,0
5795451,2026-27,ENG1,2026-09-12,fulham,benjamin lecomte,Benjamin Lecomte,210114,0
5795451,2026-27,ENG1,2026-09-12,fulham,joachim andersen,Joachim Andersen,503659,0
5795451,2026-27,ENG1,2026-09-12,fulham,manuel angel,Manuel Ángel,1508427,0
5795451,2026-27,ENG1,2026-09-12,fulham,cesar palacios,César Palacios,1403691,0
5795452,2026-27,ENG1,2026-09-13,manchester united,senne lammens,Senne Lammens,1178602,1
5795452,2026-27,ENG1,2026-09-13,manchester united,diogo dalot,Diogo Dalot,751550,1
5795452,2026-27,ENG1,2026-09-13,manchester united,harry maguire,Harry Maguire,255610,1
5795452,2026-27,ENG1,2026-09-13,manchester united,lisandro martinez,Lisandro Martínez,847983,1
5795452,2026-27,ENG1,2026-09-13,manchester united,patrick dorgu,Patrick Dorgu,1526560,1
5795452,2026-27,ENG1,2026-09-13,manchester united,youri tielemans,Youri Tielemans,465960,1
5795452,2026-27,ENG1,2026-09-13,manchester united,kobbie mainoo,Kobbie Mainoo,1292810,1
5795452,2026-27,ENG1,2026-09-13,manchester united,bryan mbeumo,Bryan Mbeumo,923312,1
5795452,2026-27,ENG1,2026-09-13,manchester united,bruno fernandes,Bruno Fernandes,422685,1
5795452,2026-27,ENG1,2026-09-13,manchester united,marcus rashford,Marcus Rashford,696365,1
5795452,2026-27,ENG1,2026-09-13,manchester united,matheus cunha,Matheus Cunha,863098,1
5795452,2026-27,ENG1,2026-09-13,manchester united,benjamin sesko,Benjamin Šeško,1073977,0
5795452,2026-27,ENG1,2026-09-13,manchester united,joshua zirkzee,Joshua Zirkzee,950830,0
5795452,2026-27,ENG1,2026-09-13,manchester united,karl darlow,Karl Darlow,163604,0
5795452,2026-27,ENG1,2026-09-13,manchester united,ayden heaven,Ayden Heaven,1559639,0
5795452,2026-27,ENG1,2026-09-13,manchester united,leny yoro,Leny Yoro,1358581,0
5795452,2026-27,ENG1,2026-09-13,manchester united,noussair mazraoui,Noussair Mazraoui,775539,0
5795452,2026-27,ENG1,2026-09-13,manchester united,andrey santos,Andrey Santos,1372921,0
5795452,2026-27,ENG1,2026-09-13,manchester united,mason mount,Mason Mount,750032,0
5795452,2026-27,ENG1,2026-09-13,manchester united,shea lacey,Shea Lacey,1436260,0
5795452,2026-27,ENG1,2026-09-13,manchester city,gianluigi donnarumma,Gianluigi Donnarumma,618878,1
5795452,2026-27,ENG1,2026-09-13,manchester city,matheus nunes,Matheus Nunes,955529,1
5795452,2026-27,ENG1,2026-09-13,manchester city,marc guehi,Marc Guéhi,844425,1
5795452,2026-27,ENG1,2026-09-13,manchester city,ruben dias,Rúben Dias,614006,1
5795452,2026-27,ENG1,2026-09-13,manchester city,josko gvardiol,Joško Gvardiol,1070712,1
5795452,2026-27,ENG1,2026-09-13,manchester city,elliot anderson,Elliot Anderson,1089691,1
5795452,2026-27,ENG1,2026-09-13,manchester city,phil foden,Phil Foden,815006,1
5795452,2026-27,ENG1,2026-09-13,manchester city,rayan cherki,Rayan Cherki,1104053,1
5795452,2026-27,ENG1,2026-09-13,manchester city,enzo fernandez,Enzo Fernández,1137705,1
5795452,2026-27,ENG1,2026-09-13,manchester city,antoine semenyo,Antoine Semenyo,933576,1
5795452,2026-27,ENG1,2026-09-13,manchester city,erling haaland,Erling Haaland,737066,1
5795452,2026-27,ENG1,2026-09-13,manchester city,iliman ndiaye,Iliman Ndiaye,965764,0
5795452,2026-27,ENG1,2026-09-13,manchester city,nico oreilly,Nico O'Reilly,1300526,0
5795452,2026-27,ENG1,2026-09-13,manchester city,geronimo rulli,Gerónimo Rulli,245555,0
5795452,2026-27,ENG1,2026-09-13,manchester city,abdukodir khusanov,Abdukodir Khusanov,1362998,0
5795452,2026-27,ENG1,2026-09-13,manchester city,rico lewis,Rico Lewis,1288450,0
5795452,2026-27,ENG1,2026-09-13,manchester city,vitor reis,Vitor Reis,1580952,0
5795452,2026-27,ENG1,2026-09-13,manchester city,ayyoub bouaddi,Ayyoub Bouaddi,1561552,0
5795452,2026-27,ENG1,2026-09-13,manchester city,mateo kovacic,Mateo Kovačić,239219,0
5795452,2026-27,ENG1,2026-09-13,manchester city,allan,Allan,1721789,0
5795453,2026-27,ENG1,2026-09-12,sunderland,robin roefs,Robin Roefs,1125720,1
5795453,2026-27,ENG1,2026-09-12,sunderland,nordi mukiele,Nordi Mukiele,602304,1
5795453,2026-27,ENG1,2026-09-12,sunderland,kevin danso,Kevin Danso,754126,1
5795453,2026-27,ENG1,2026-09-12,sunderland,daniel ballard,Daniel Ballard,974268,1
5795453,2026-27,ENG1,2026-09-12,sunderland,reinildo,Reinildo,600524,1
5795453,2026-27,ENG1,2026-09-12,sunderland,granit xhaka,Granit Xhaka,207236,1
5795453,2026-27,ENG1,2026-09-12,sunderland,noah sadiki,Noah Sadiki,1359649,1
5795453,2026-27,ENG1,2026-09-12,sunderland,thomas meunier,Thomas Meunier,277771,1
5795453,2026-27,ENG1,2026-09-12,sunderland,enzo le fee,Enzo Le Fée,1049999,1
5795453,2026-27,ENG1,2026-09-12,sunderland,nilson angulo,Nilson Angulo,1287010,1
5795453,2026-27,ENG1,2026-09-12,sunderland,brian brobbey,Brian Brobbey,940446,1
5795453,2026-27,ENG1,2026-09-12,sunderland,wilson isidor,Wilson Isidor,887703,0
5795453,2026-27,ENG1,2026-09-12,sunderland,malick fofana,Malick Fofana,1364069,0
5795453,2026-27,ENG1,2026-09-12,sunderland,melker ellborg,Melker Ellborg,1186615,0
5795453,2026-27,ENG1,2026-09-12,sunderland,luke onien,Luke O'Nien,480253,0
5795453,2026-27,ENG1,2026-09-12,sunderland,omar alderete,Omar Alderete,751998,0
5795453,2026-27,ENG1,2026-09-12,sunderland,trai hume,Trai Hume,1067763,0
5795453,2026-27,ENG1,2026-09-12,sunderland,chris rigg,Chris Rigg,1327319,0
5795453,2026-27,ENG1,2026-09-12,sunderland,dayann methalie,Dayann Méthalie,1664716,0
5795453,2026-27,ENG1,2026-09-12,sunderland,chemsdine talbi,Chemsdine Talbi,1368654,0
5795453,2026-27,ENG1,2026-09-12,arsenal,david raya,David Raya,562727,1
5795453,2026-27,ENG1,2026-09-12,arsenal,ben white,Ben White,776151,1
5795453,2026-27,ENG1,2026-09-12,arsenal,ezri konsa,Ezri Konsa,710159,1
5795453,2026-27,ENG1,2026-09-12,arsenal,gabriel,Gabriel,795179,1
5795453,2026-27,ENG1,2026-09-12,arsenal,riccardo calafiori,Riccardo Calafiori,1105912,1
5795453,2026-27,ENG1,2026-09-12,arsenal,declan rice,Declan Rice,654096,1
5795453,2026-27,ENG1,2026-09-12,arsenal,myles lewis skelly,Myles Lewis-Skelly,1406436,1
5795453,2026-27,ENG1,2026-09-12,arsenal,bukayo saka,Bukayo Saka,961995,1
5795453,2026-27,ENG1,2026-09-12,arsenal,martin odegaard,Martin Ødegaard,534670,1
5795453,2026-27,ENG1,2026-09-12,arsenal,christos tzolis,Christos Tzolis,1157237,1
5795453,2026-27,ENG1,2026-09-12,arsenal,kai havertz,Kai Havertz,749736,1
5795453,2026-27,ENG1,2026-09-12,arsenal,jurrien timber,Jurriën Timber,942381,0
5795453,2026-27,ENG1,2026-09-12,arsenal,bruno guimaraes,Bruno Guimarães,850354,0
5795453,2026-27,ENG1,2026-09-12,arsenal,eberechi eze,Eberechi Eze,818975,0
5795453,2026-27,ENG1,2026-09-12,arsenal,martin zubimendi,Martín Zubimendi,1031325,0
5795453,2026-27,ENG1,2026-09-12,arsenal,mikel merino,Mikel Merino,574645,0
5795453,2026-27,ENG1,2026-09-12,arsenal,kepa arrizabalaga,Kepa Arrizabalaga,317564,0
5795453,2026-27,ENG1,2026-09-12,arsenal,piero hincapie,Piero Hincapié,1137667,0
5795453,2026-27,ENG1,2026-09-12,arsenal,noni madueke,Noni Madueke,1084981,0
5795453,2026-27,ENG1,2026-09-12,arsenal,viktor gyokeres,Viktor Gyökeres,664500,0
5795454,2026-27,ENG1,2026-09-12,tottenham hotspur,antonin kinsky,Antonín Kinský,1341475,1
5795454,2026-27,ENG1,2026-09-12,tottenham hotspur,archie gray,Archie Gray,1323305,1
5795454,2026-27,ENG1,2026-09-12,tottenham hotspur,jan paul van hecke,Jan Paul van Hecke,974618,1
5795454,2026-27,ENG1,2026-09-12,tottenham hotspur,micky van de ven,Micky van de Ven,1097466,1
5795454,2026-27,ENG1,2026-09-12,tottenham hotspur,andrew robertson,Andrew Robertson,357880,1
5795454,2026-27,ENG1,2026-09-12,tottenham hotspur,rodrigo bentancur,Rodrigo Bentancur,620618,1
5795454,2026-27,ENG1,2026-09-12,tottenham hotspur,sandro tonali,Sandro Tonali,867414,1
5795454,2026-27,ENG1,2026-09-12,tottenham hotspur,savio,Sávio,1174337,1
5795454,2026-27,ENG1,2026-09-12,tottenham hotspur,mateus fernandes,Mateus Fernandes,1356312,1
5795454,2026-27,ENG1,2026-09-12,tottenham hotspur,omar marmoush,Omar Marmoush,839204,1
5795454,2026-27,ENG1,2026-09-12,tottenham hotspur,dominic solanke,Dominic Solanke,591734,1
5795454,2026-27,ENG1,2026-09-12,tottenham hotspur,lucas bergvall,Lucas Bergvall,1386775,0
5795454,2026-27,ENG1,2026-09-12,tottenham hotspur,mathys tel,Mathys Tel,1288111,0
5795454,2026-27,ENG1,2026-09-12,tottenham hotspur,mohammed kudus,Mohammed Kudus,891743,0
5795454,2026-27,ENG1,2026-09-12,tottenham hotspur,james maddison,James Maddison,493165,0
5795454,2026-27,ENG1,2026-09-12,tottenham hotspur,tosin adarabioyo,Tosin Adarabioyo,683402,0
5795454,2026-27,ENG1,2026-09-12,tottenham hotspur,martin dubravka,Martin Dúbravka,72241,0
5795454,2026-27,ENG1,2026-09-12,tottenham hotspur,ben davies,Ben Davies,276121,0
5795454,2026-27,ENG1,2026-09-12,tottenham hotspur,marcos senesi,Marcos Senesi,785411,0
5795454,2026-27,ENG1,2026-09-12,tottenham hotspur,conor gallagher,Conor Gallagher,966027,0
5795454,2026-27,ENG1,2026-09-12,everton,jordan pickford,Jordan Pickford,303919,1
5795454,2026-27,ENG1,2026-09-12,everton,ainsley maitland niles,Ainsley Maitland-Niles,604089,1
5795454,2026-27,ENG1,2026-09-12,everton,james tarkowski,James Tarkowski,243138,1
5795454,2026-27,ENG1,2026-09-12,everton,jarrad branthwaite,Jarrad Branthwaite,1030829,1
5795454,2026-27,ENG1,2026-09-12,everton,vitaliy mykolenko,Vitaliy Mykolenko,874025,1
5795454,2026-27,ENG1,2026-09-12,everton,james garner,James Garner,950474,1
5795454,2026-27,ENG1,2026-09-12,everton,brennan johnson,Brennan Johnson,1076756,1
5795454,2026-27,ENG1,2026-09-12,everton,harrison armstrong,Harrison Armstrong,1559637,1
5795454,2026-27,ENG1,2026-09-12,everton,kiernan dewsbury hall,Kiernan Dewsbury-Hall,886016,1
5795454,2026-27,ENG1,2026-09-12,everton,tyrique george,Tyrique George,1424875,1
5795454,2026-27,ENG1,2026-09-12,everton,thierno barry,Thierno Barry,1398392,1
5795454,2026-27,ENG1,2026-09-12,everton,jack grealish,Jack Grealish,312765,0
5795454,2026-27,ENG1,2026-09-12,everton,jake obrien,Jake O'Brien,1098607,0
5795454,2026-27,ENG1,2026-09-12,everton,hayden hackney,Hayden Hackney,982394,0
5795454,2026-27,ENG1,2026-09-12,everton,mark travers,Mark Travers,731855,0
5795454,2026-27,ENG1,2026-09-12,everton,tom king,Tom King,581530,0
5795454,2026-27,ENG1,2026-09-12,everton,michael keane,Michael Keane,290410,0
5795454,2026-27,ENG1,2026-09-12,everton,charly alcaraz,Charly Alcaraz,1128965,0
5795454,2026-27,ENG1,2026-09-12,everton,braiden graham,Braiden Graham,1589726,0
5795454,2026-27,ENG1,2026-09-12,everton,tyler dibling,Tyler Dibling,1292833,0
5802901,2026-27,FRA1,2026-08-23,angers,anthony lopes,Anthony Lopes,167035,1
5802901,2026-27,FRA1,2026-08-23,angers,lilian rao lisoa,Lilian Rao-Lisoa,1431818,1
5802901,2026-27,FRA1,2026-08-23,angers,ousmane camara,Ousmane Camara,1178325,1
5802901,2026-27,FRA1,2026-08-23,angers,jordan lefort,Jordan Lefort,492116,1
5802901,2026-27,FRA1,2026-08-23,angers,jacques ekomie,Jacques Ekomié,1327156,1
5802901,2026-27,FRA1,2026-08-23,angers,yassin belkhdim,Yassin Belkhdim,1347791,1
5802901,2026-27,FRA1,2026-08-23,angers,branco van den boomen,Branco van den Boomen,505059,1
5802901,2026-27,FRA1,2026-08-23,angers,jim allevinah,Jim Allevinah,1011026,1
5802901,2026-27,FRA1,2026-08-23,angers,anthony bermont,Anthony Bermont,1573544,1
5802901,2026-27,FRA1,2026-08-23,angers,amine sbai,Amine Sbaï,1242587,1
5802901,2026-27,FRA1,2026-08-23,angers,amine el ouazzani,Amine El Ouazzani,1123505,1
5802901,2026-27,FRA1,2026-08-23,angers,prosper peter,Prosper Peter,1748405,0
5802901,2026-27,FRA1,2026-08-23,angers,harouna djibirin,Harouna Djibirin,1832893,0
5802901,2026-27,FRA1,2026-08-23,angers,usman simbakoli,Usman Simbakoli,1169692,0
5802901,2026-27,FRA1,2026-08-23,angers,carlens arcus,Carlens Arcus,634110,0
5802901,2026-27,FRA1,2026-08-23,angers,bane diatta,Bane Diatta,1958964,0
5802901,2026-27,FRA1,2026-08-23,angers,melvin zinga,Melvin Zinga,1177482,0
5802901,2026-27,FRA1,2026-08-23,angers,emmanuel biumla,Emmanuel Biumla,1428420,0
5802901,2026-27,FRA1,2026-08-23,angers,joseph kalulu,Joseph Kalulu,1610106,0
5802901,2026-27,FRA1,2026-08-23,angers,mael gernigon,Mael Gernigon,1946407,0
5802901,2026-27,FRA1,2026-08-23,lille,berke ozer,Berke Özer,815912,1
5802901,2026-27,FRA1,2026-08-23,lille,tiago santos,Tiago Santos,1397857,1
5802901,2026-27,FRA1,2026-08-23,lille,nathan ngoy,Nathan Ngoy,1252070,1
5802901,2026-27,FRA1,2026-08-23,lille,alexsandro ribeiro,Alexsandro Ribeiro,1186553,1
5802901,2026-27,FRA1,2026-08-23,lille,romain perraud,Romain Perraud,815465,1
5802901,2026-27,FRA1,2026-08-23,lille,ngal ayel mukau,Ngal Ayel Mukau,1428153,1
5802901,2026-27,FRA1,2026-08-23,lille,nabil bentaleb,Nabil Bentaleb,500520,1
5802901,2026-27,FRA1,2026-08-23,lille,ethan mbappe,Ethan Mbappé,1426809,1
5802901,2026-27,FRA1,2026-08-23,lille,hakon arnar haraldsson,Hákon Arnar Haraldsson,1044470,1
5802901,2026-27,FRA1,2026-08-23,lille,basar onal,Basar Önal,1347229,1
5802901,2026-27,FRA1,2026-08-23,lille,olivier giroud,Olivier Giroud,46469,1
5802901,2026-27,FRA1,2026-08-23,lille,felix correia,Félix Correia,942358,0
5802901,2026-27,FRA1,2026-08-23,lille,gaetan perrin,Gaëtan Perrin,708435,0
5802901,2026-27,FRA1,2026-08-23,lille,osame sahraoui,Osame Sahraoui,988160,0
5802901,2026-27,FRA1,2026-08-23,lille,calvin verdonk,Calvin Verdonk,622137,0
5802901,2026-27,FRA1,2026-08-23,lille,isaac cossier,Isaac Cossier,1680590,0
5802901,2026-27,FRA1,2026-08-23,lille,arnaud bodart,Arnaud Bodart,841705,0
5802901,2026-27,FRA1,2026-08-23,lille,loun srdanovic,Loun Srdanovic,1660370,0
5802901,2026-27,FRA1,2026-08-23,lille,soriba diaoune,Soriba Diaoune,1684579,0
5802901,2026-27,FRA1,2026-08-23,lille,noah edjouma,Noah Edjouma,1603990,0
5802902,2026-27,FRA1,2026-08-23,le havre,lionel mpasi nzau,Lionel Mpasi-Nzau,912286,1
5802902,2026-27,FRA1,2026-08-23,le havre,timothee pembele,Timothée Pembélé,1108603,1
5802902,2026-27,FRA1,2026-08-23,le havre,ayumu seko,Ayumu Seko,857120,1
5802902,2026-27,FRA1,2026-08-23,le havre,vincent sasso,Vincent Sasso,210443,1
5802902,2026-27,FRA1,2026-08-23,le havre,fode doucoure,Fodé Doucouré,1180696,1
5802902,2026-27,FRA1,2026-08-23,le havre,simon ebonog,Simon Ebonog,1469758,1
5802902,2026-27,FRA1,2026-08-23,le havre,junior mwanga,Junior Mwanga,1362622,1
5802902,2026-27,FRA1,2026-08-23,le havre,yanis zouaoui,Yanis Zouaoui,1098243,1
5802902,2026-27,FRA1,2026-08-23,le havre,rassoul ndiaye,Rassoul Ndiaye,1073905,1
5802902,2026-27,FRA1,2026-08-23,le havre,mbwana samatta,Mbwana Samatta,437329,1
5802902,2026-27,FRA1,2026-08-23,le havre,amir richardson,Amir Richardson,1255860,1
5802902,2026-27,FRA1,2026-08-23,le havre,enzo koffi,Enzo Koffi,1816726,0
5802902,2026-27,FRA1,2026-08-23,le havre,elias jelert,Elias Jelert,1305787,0
5802902,2026-27,FRA1,2026-08-23,le havre,sota nakamura,Sota Nakamura,1714197,0
5802902,2026-27,FRA1,2026-08-23,le havre,josh maja,Josh Maja,791805,0
5802902,2026-27,FRA1,2026-08-23,le havre,kaito mizuta,Kaito Mizuta,1072117,0
5802902,2026-27,FRA1,2026-08-23,le havre,mory diaw,Mory Diaw,466436,0
5802902,2026-27,FRA1,2026-08-23,le havre,djibril ouziad,Djibril Ouziad,2156004,0
5802902,2026-27,FRA1,2026-08-23,le havre,daren mosengo,Daren Mosengo,1667649,0
5802902,2026-27,FRA1,2026-08-23,le havre,ismail bouneb,Ismaïl Bouneb,1487952,0
5802902,2026-27,FRA1,2026-08-23,monaco,lukas hradecky,Lukás Hrádecky,66757,1
5802902,2026-27,FRA1,2026-08-23,monaco,vanderson,Vanderson,1207992,1
5802902,2026-27,FRA1,2026-08-23,monaco,sadibou sane,Sadibou Sané,1523208,1
5802902,2026-27,FRA1,2026-08-23,monaco,eric dier,Eric Dier,361315,1
5802902,2026-27,FRA1,2026-08-23,monaco,flavio nazinho,Flávio Nazinho,1239590,1
5802902,2026-27,FRA1,2026-08-23,monaco,lamine camara,Lamine Camara,1436305,1
5802902,2026-27,FRA1,2026-08-23,monaco,denis zakaria,Denis Zakaria,598355,1
5802902,2026-27,FRA1,2026-08-23,monaco,mamadou coulibaly,Mamadou Coulibaly,1524548,1
5802902,2026-27,FRA1,2026-08-23,monaco,aleksandr golovin,Aleksandr Golovin,586388,1
5802902,2026-27,FRA1,2026-08-23,monaco,stanis idumbo,Stanis Idumbo,1366936,1
5802902,2026-27,FRA1,2026-08-23,monaco,paris brunner,Paris Brunner,1412956,1
5802902,2026-27,FRA1,2026-08-23,monaco,anis soubeir,Anis Soubeir,2130847,0
5802902,2026-27,FRA1,2026-08-23,monaco,mika biereth,Mika Biereth,1113809,0
5802902,2026-27,FRA1,2026-08-23,monaco,ilane toure,Ilane Touré,1815791,0
5802902,2026-27,FRA1,2026-08-23,monaco,oumar konate,Oumar Konaté,1651122,0
5802902,2026-27,FRA1,2026-08-23,monaco,thilo kehrer,Thilo Kehrer,604088,0
5802902,2026-27,FRA1,2026-08-23,monaco,philipp kohn,Philipp Köhn,872934,0
5802902,2026-27,FRA1,2026-08-23,monaco,pape cabral,Pape Cabral,1791739,0
5802902,2026-27,FRA1,2026-08-23,monaco,safouane benzahra,Safouane Benzahra,1845327,0
5802902,2026-27,FRA1,2026-08-23,monaco,mathys detourbet,Mathys Detourbet,1709473,0
5802903,2026-27,FRA1,2026-08-22,le mans,nicolas kocik,Nicolas Kocik,722531,1
5802903,2026-27,FRA1,2026-08-22,le mans,noa boisse,Noa Boissé,1668295,1
5802903,2026-27,FRA1,2026-08-22,le mans,theo eyoum,Théo Eyoum,1420942,1
5802903,2026-27,FRA1,2026-08-22,le mans,rayan bamba,Rayan Bamba,1632788,1
5802903,2026-27,FRA1,2026-08-22,le mans,lucas buades,Lucas Buadés,874319,1
5802903,2026-27,FRA1,2026-08-22,le mans,adil bourabaa,Adil Bourabaa,1900516,1
5802903,2026-27,FRA1,2026-08-22,le mans,alexandre lauray,Alexandre Lauray,1039807,1
5802903,2026-27,FRA1,2026-08-22,le mans,yasser larouci,Yasser Larouci,1068902,1
5802903,2026-27,FRA1,2026-08-22,le mans,louis mafouta,Louis Mafouta,807955,1
5802903,2026-27,FRA1,2026-08-22,le mans,dame gueye,Dame Gueye,725256,1
5802903,2026-27,FRA1,2026-08-22,le mans,antoine rabillard,Antoine Rabillard,717270,1
5802903,2026-27,FRA1,2026-08-22,le mans,lucas bretelle,Lucas Bretelle,1523312,0
5802903,2026-27,FRA1,2026-08-22,le mans,erwan colas,Erwan Colas,1438609,0
5802903,2026-27,FRA1,2026-08-22,le mans,billal brahimi,Billal Brahimi,961770,0
5802903,2026-27,FRA1,2026-08-22,le mans,william harhouz,William Harhouz,1791882,0
5802903,2026-27,FRA1,2026-08-22,le mans,lucas calodat,Lucas Calodat,1317318,0
5802903,2026-27,FRA1,2026-08-22,le mans,ewan hatfout,Ewan Hatfout,1114371,0
5802903,2026-27,FRA1,2026-08-22,le mans,raul torrente,Raúl Torrente,1202891,0
5802903,2026-27,FRA1,2026-08-22,le mans,djibril sidibe,Djibril Sidibé,242156,0
5802903,2026-27,FRA1,2026-08-22,le mans,milan robin,Milan Robin,1359270,0
5802903,2026-27,FRA1,2026-08-22,brest,egil selvik,Egil Selvik,631757,1
5802903,2026-27,FRA1,2026-08-22,brest,kenny lala,Kenny Lala,279461,1
5802903,2026-27,FRA1,2026-08-22,brest,lucas tousart,Lucas Tousart,612277,1
5802903,2026-27,FRA1,2026-08-22,brest,raphael le guen,Raphaël Le Guen,1699556,1
5802903,2026-27,FRA1,2026-08-22,brest,bradley locko,Bradley Locko,1285784,1
5802903,2026-27,FRA1,2026-08-22,brest,joris chotard,Joris Chotard,1079548,1
5802903,2026-27,FRA1,2026-08-22,brest,joseph boende,Joseph Boende,1427018,1
5802903,2026-27,FRA1,2026-08-22,brest,romain del castillo,Romain Del Castillo,696263,1
5802903,2026-27,FRA1,2026-08-22,brest,kamory doumbia,Kamory Doumbia,1310270,1
5802903,2026-27,FRA1,2026-08-22,brest,pathe mboup,Pathé Mboup,1514456,1
5802903,2026-27,FRA1,2026-08-22,brest,ludovic ajorque,Ludovic Ajorque,471153,1
5802903,2026-27,FRA1,2026-08-22,brest,mamady diambou,Mamady Diambou,1231909,0
5802903,2026-27,FRA1,2026-08-22,brest,axel camblan,Axel Camblan,1289641,0
5802903,2026-27,FRA1,2026-08-22,brest,mama balde,Mama Baldé,541933,0
5802903,2026-27,FRA1,2026-08-22,brest,mathis laine,Mathis Laine,2155246,0
5802903,2026-27,FRA1,2026-08-22,brest,romain cagnon,Romain Cagnon,820010,0
5802903,2026-27,FRA1,2026-08-22,brest,evan mailly,Evan Mailly,1827757,0
5802903,2026-27,FRA1,2026-08-22,brest,gautier lloris,Gautier Lloris,420731,0
5802903,2026-27,FRA1,2026-08-22,brest,luck zogbe,Luck Zogbé,1592417,0
5802903,2026-27,FRA1,2026-08-22,brest,hamidou makalou,Hamidou Makalou,1581744,0
5802904,2026-27,FRA1,2026-08-22,lens,robin risser,Robin Risser,1390336,1
5802904,2026-27,FRA1,2026-08-22,lens,maik nawrocki,Maik Nawrocki,1053713,1
5802904,2026-27,FRA1,2026-08-22,lens,ismaelo ganiou,Ismaëlo Ganiou,1406645,1
5802904,2026-27,FRA1,2026-08-22,lens,souleymane sagnan,Souleymane Sagnan,1727044,1
5802904,2026-27,FRA1,2026-08-22,lens,saud abdulhamid,Saud Abdulhamid,1002617,1
5802904,2026-27,FRA1,2026-08-22,lens,michael cuisance,Michaël Cuisance,861445,1
5802904,2026-27,FRA1,2026-08-22,lens,yacine titraoui,Yacine Titraoui,1288907,1
5802904,2026-27,FRA1,2026-08-22,lens,matthieu udol,Matthieu Udol,660326,1
5802904,2026-27,FRA1,2026-08-22,lens,florian thauvin,Florian Thauvin,254308,1
5802904,2026-27,FRA1,2026-08-22,lens,franjo ivanovic,Franjo Ivanovic,1406419,1
5802904,2026-27,FRA1,2026-08-22,lens,abdallah sima,Abdallah Sima,1189856,1
5802904,2026-27,FRA1,2026-08-22,lens,michal skoras,Michal Skóras,954190,0
5802904,2026-27,FRA1,2026-08-22,lens,thorgan hazard,Thorgan Hazard,264190,0
5802904,2026-27,FRA1,2026-08-22,lens,amadou haidara,Amadou Haidara,688830,0
5802904,2026-27,FRA1,2026-08-22,lens,odsonne edouard,Odsonne Édouard,637746,0
5802904,2026-27,FRA1,2026-08-22,lens,andrija bulatovic,Andrija Bulatovic,1634789,0
5802904,2026-27,FRA1,2026-08-22,lens,mathieu gorgelin,Mathieu Gorgelin,186811,0
5802904,2026-27,FRA1,2026-08-22,lens,florian sotoca,Florian Sotoca,612699,0
5802904,2026-27,FRA1,2026-08-22,lens,mezian soares,Mezian Soares,1980586,0
5802904,2026-27,FRA1,2026-08-22,lens,rayan fofana,Rayan Fofana,1586559,0
5802904,2026-27,FRA1,2026-08-22,auxerre,mamadou diop,Mamadou Diop,1387237,1
5802904,2026-27,FRA1,2026-08-22,auxerre,lamine sy,Lamine Sy,1334805,1
5802904,2026-27,FRA1,2026-08-22,auxerre,sinaly diomande,Sinaly Diomandé,1133081,1
5802904,2026-27,FRA1,2026-08-22,auxerre,christ makosso,Christ Makosso,1474555,1
5802904,2026-27,FRA1,2026-08-22,auxerre,clement akpa,Clément Akpa,1388678,1
5802904,2026-27,FRA1,2026-08-22,auxerre,naouirou ahamada,Naouirou Ahamada,1192854,1
5802904,2026-27,FRA1,2026-08-22,auxerre,arthur piedfort,Arthur Piedfort,1441582,1
5802904,2026-27,FRA1,2026-08-22,auxerre,kevin danois,Kévin Danois,1305543,1
5802904,2026-27,FRA1,2026-08-22,auxerre,romain faivre,Romain Faivre,904021,1
5802904,2026-27,FRA1,2026-08-22,auxerre,danny namaso,Danny Namaso,817724,1
5802904,2026-27,FRA1,2026-08-22,auxerre,aristide zossou,Aristide Zossou,1679978,1
5802904,2026-27,FRA1,2026-08-22,auxerre,lamfia dioubate,Lamfia Dioubate,1988951,0
5802904,2026-27,FRA1,2026-08-22,auxerre,rayan mandengue,Rayan Mandengue,1810011,0
5802904,2026-27,FRA1,2026-08-22,auxerre,elikya legros,Elikya Legros,1690114,0
5802904,2026-27,FRA1,2026-08-22,auxerre,lasso coulibaly,Lasso Coulibaly,1276685,0
5802904,2026-27,FRA1,2026-08-22,auxerre,josue casimir,Josué Casimir,1199382,0
5802904,2026-27,FRA1,2026-08-22,auxerre,paul nardi,Paul Nardi,291643,0
5802904,2026-27,FRA1,2026-08-22,auxerre,fredrik oppegard,Fredrik Oppegård,1203189,0
5802904,2026-27,FRA1,2026-08-22,auxerre,salimou danfakha,Salimou Danfakha,2155074,0
5802904,2026-27,FRA1,2026-08-22,auxerre,tidiane devernois,Tidiane Devernois,1813437,0
5802905,2026-27,FRA1,2026-08-21,marseille,jeffrey de lange,Jeffrey De Lange,687868,1
5802905,2026-27,FRA1,2026-08-21,marseille,timothy weah,Timothy Weah,889536,1
5802905,2026-27,FRA1,2026-08-21,marseille,cj egan riley,CJ Egan-Riley,1187227,1
5802905,2026-27,FRA1,2026-08-21,marseille,geoffrey kondogbia,Geoffrey Kondogbia,214972,1
5802905,2026-27,FRA1,2026-08-21,marseille,emerson,Emerson,267371,1
5802905,2026-27,FRA1,2026-08-21,marseille,himad abdelli,Himad Abdelli,956659,1
5802905,2026-27,FRA1,2026-08-21,marseille,pierre emile hojbjerg,Pierre-Emile Højbjerg,266523,1
5802905,2026-27,FRA1,2026-08-21,marseille,angel gomes,Angel Gomes,848667,1
5802905,2026-27,FRA1,2026-08-21,marseille,amine harit,Amine Harit,780815,1
5802905,2026-27,FRA1,2026-08-21,marseille,amine gouiri,Amine Gouiri,844437,1
5802905,2026-27,FRA1,2026-08-21,marseille,igor paixao,Igor Paixão,1265963,1
5802905,2026-27,FRA1,2026-08-21,marseille,nayef aguerd,Nayef Aguerd,617310,0
5802905,2026-27,FRA1,2026-08-21,marseille,derek cornelius,Derek Cornelius,847629,0
5802905,2026-27,FRA1,2026-08-21,marseille,tochukwu nnadi,Tochukwu Nnadi,1353104,0
5802905,2026-27,FRA1,2026-08-21,marseille,keyliane abdallah,Keyliane Abdallah,1638922,0
5802905,2026-27,FRA1,2026-08-21,marseille,neal maupay,Neal Maupay,391064,0
5802905,2026-27,FRA1,2026-08-21,marseille,theo vermot,Théo Vermot,1078904,0
5802905,2026-27,FRA1,2026-08-21,marseille,kelyann bezahaf,Kelyann Bezahaf,1843428,0
5802905,2026-27,FRA1,2026-08-21,marseille,ulisses garcia,Ulisses Garcia,520979,0
5802905,2026-27,FRA1,2026-08-21,marseille,tadjidine mmadi,Tadjidine Mmadi,1814264,0
5802905,2026-27,FRA1,2026-08-21,strasbourg,filip jorgensen,Filip Jörgensen,1200984,1
5802905,2026-27,FRA1,2026-08-21,strasbourg,guela doue,Guéla Doué,1395704,1
5802905,2026-27,FRA1,2026-08-21,strasbourg,andrew omobamidele,Andrew Omobamidele,1050822,1
5802905,2026-27,FRA1,2026-08-21,strasbourg,lucas hogsberg,Lucas Høgsberg,1436942,1
5802905,2026-27,FRA1,2026-08-21,strasbourg,genesis antwi,Genesis Antwi,1647186,1
5802905,2026-27,FRA1,2026-08-21,strasbourg,diogo sousa,Diogo Sousa,1701117,1
5802905,2026-27,FRA1,2026-08-21,strasbourg,samir el mourabet,Samir El Mourabet,1598170,1
5802905,2026-27,FRA1,2026-08-21,strasbourg,samuel amo ameyaw,Samuel Amo-Ameyaw,1418073,1
5802905,2026-27,FRA1,2026-08-21,strasbourg,sebastian nanasi,Sebastian Nanasi,1156569,1
5802905,2026-27,FRA1,2026-08-21,strasbourg,gessime yassine,Gessime Yassine,1603755,1
5802905,2026-27,FRA1,2026-08-21,strasbourg,sekou mara,Sékou Mara,1177312,1
5802905,2026-27,FRA1,2026-08-21,strasbourg,giovanni reyna,Giovanni Reyna,1071179,0
5802905,2026-27,FRA1,2026-08-21,strasbourg,pape demba diop,Pape Demba Diop,1417802,0
5802905,2026-27,FRA1,2026-08-21,strasbourg,jacobo ortega,Jacobo Ortega,1677224,0
5802905,2026-27,FRA1,2026-08-21,strasbourg,mateo del blanco,Mateo Del Blanco,1336846,0
5802905,2026-27,FRA1,2026-08-21,strasbourg,fabio balde,Fabio Baldé,1666019,0
5802905,2026-27,FRA1,2026-08-21,strasbourg,milosz piekutowski,Milosz Piekutowski,1283393,0
5802905,2026-27,FRA1,2026-08-21,strasbourg,jeyland mitchell,Jeyland Mitchell,1340071,0
5802905,2026-27,FRA1,2026-08-21,strasbourg,mathis amougou,Mathis Amougou,1581053,0
5802905,2026-27,FRA1,2026-08-21,strasbourg,ghianny kodia ladji,Ghianny Kodia Ladji,1729847,0
5802906,2026-27,FRA1,2026-08-22,nice,yehvann diouf,Yéhvann Diouf,766574,1
5802906,2026-27,FRA1,2026-08-22,nice,antoine mendy,Antoine Mendy,1254147,1
5802906,2026-27,FRA1,2026-08-22,nice,youssouf ndayishimiye,Youssouf Ndayishimiye,1057703,1
5802906,2026-27,FRA1,2026-08-22,nice,xavier mandza,Xavier Mandza,2116938,1
5802906,2026-27,FRA1,2026-08-22,nice,jonathan clauss,Jonathan Clauss,715301,1
5802906,2026-27,FRA1,2026-08-22,nice,djibril coulibaly,Djibril Coulibaly,1763598,1
5802906,2026-27,FRA1,2026-08-22,nice,everton,Everton,1696775,1
5802906,2026-27,FRA1,2026-08-22,nice,melvin bard,Melvin Bard,1092403,1
5802906,2026-27,FRA1,2026-08-22,nice,gauthier hein,Gauthier Hein,763974,1
5802906,2026-27,FRA1,2026-08-22,nice,sofiane diop,Sofiane Diop,953812,1
5802906,2026-27,FRA1,2026-08-22,nice,zoumana diallo,Zoumana Diallo,1366618,1
5802906,2026-27,FRA1,2026-08-22,nice,mohamed ali cho,Mohamed-Ali Cho,1180718,0
5802906,2026-27,FRA1,2026-08-22,nice,hamza koutoune,Hamza Koutoune,1796096,0
5802906,2026-27,FRA1,2026-08-22,nice,nathan ngoumou,Nathan N'Goumou,979759,0
5802906,2026-27,FRA1,2026-08-22,nice,mohamed abdelmonem,Mohamed Abdelmonem,1179331,0
5802906,2026-27,FRA1,2026-08-22,nice,teddy boulhendi,Teddy Boulhendi,1210649,0
5802906,2026-27,FRA1,2026-08-22,nice,aboulaye camara,Aboulaye Camara,2117308,0
5802906,2026-27,FRA1,2026-08-22,nice,issiaga camara,Issiaga Camara,1644329,0
5802906,2026-27,FRA1,2026-08-22,nice,isak jansson,Isak Jansson,944385,0
5802906,2026-27,FRA1,2026-08-22,lorient,yvon mvogo,Yvon Mvogo,274787,1
5802906,2026-27,FRA1,2026-08-22,lorient,dembo sylla,Dembo Sylla,1399999,1
5802906,2026-27,FRA1,2026-08-22,lorient,montassar talbi,Montassar Talbi,846392,1
5802906,2026-27,FRA1,2026-08-22,lorient,nathaniel adjei,Nathaniel Adjei,1351065,1
5802906,2026-27,FRA1,2026-08-22,lorient,theo le bris,Théo Le Bris,1292354,1
5802906,2026-27,FRA1,2026-08-22,lorient,noah cadiou,Noah Cadiou,1097446,1
5802906,2026-27,FRA1,2026-08-22,lorient,arthur avom,Arthur Avom,1565010,1
5802906,2026-27,FRA1,2026-08-22,lorient,arsene kouassi,Arsène Kouassi,1640832,1
5802906,2026-27,FRA1,2026-08-22,lorient,jean victor makengo,Jean-Victor Makengo,699461,1
5802906,2026-27,FRA1,2026-08-22,lorient,gabin bernardeau,Gabin Bernardeau,1668294,1
5802906,2026-27,FRA1,2026-08-22,lorient,mamadou kone,Mamadou Koné,1888816,1
5802906,2026-27,FRA1,2026-08-22,lorient,souleymane faye,Souleymane Faye,1107257,0
5802906,2026-27,FRA1,2026-08-22,lorient,aiyegun tosin,Aiyegun Tosin,841395,0
5802906,2026-27,FRA1,2026-08-22,lorient,alec georgen,Alec Georgen,688285,0
5802906,2026-27,FRA1,2026-08-22,lorient,panos katseris,Panos Katseris,1427808,0
5802906,2026-27,FRA1,2026-08-22,lorient,bingourou kamara,Bingourou Kamara,564571,0
5802906,2026-27,FRA1,2026-08-22,lorient,bandiougou fadiga,Bandiougou Fadiga,1184013,0
5802906,2026-27,FRA1,2026-08-22,lorient,daniel semedo,Daniel Semedo,1882686,0
5802906,2026-27,FRA1,2026-08-22,lorient,noah mbamba,Noah Mbamba,1225704,0
5802908,2026-27,FRA1,2026-08-22,toulouse,guillaume restes,Guillaume Restes,1524210,1
5802908,2026-27,FRA1,2026-08-22,toulouse,ismail diallo,Ismaïl Diallo,1668299,1
5802908,2026-27,FRA1,2026-08-22,toulouse,mark mckenzie,Mark McKenzie,924485,1
5802908,2026-27,FRA1,2026-08-22,toulouse,rasmus nicolaisen,Rasmus Nicolaisen,656491,1
5802908,2026-27,FRA1,2026-08-22,toulouse,christ tape,Christ Tapé,1666482,1
5802908,2026-27,FRA1,2026-08-22,toulouse,cristian casseres,Cristian Cásseres,845943,1
5802908,2026-27,FRA1,2026-08-22,toulouse,niklas schmidt,Niklas Schmidt,637754,1
5802908,2026-27,FRA1,2026-08-22,toulouse,julian vignolo,Julián Vignolo,1611220,1
5802908,2026-27,FRA1,2026-08-22,toulouse,thomas jorgensen,Thomas Jørgensen,1481910,1
5802908,2026-27,FRA1,2026-08-22,toulouse,yann gboho,Yann Gboho,955411,1
5802908,2026-27,FRA1,2026-08-22,toulouse,santiago hidalgo,Santiago Hidalgo,1362516,1
5802908,2026-27,FRA1,2026-08-22,toulouse,rafik messali,Rafik Messali,1640973,0
5802908,2026-27,FRA1,2026-08-22,toulouse,ilyas azizi,Ilyas Azizi,1751857,0
5802908,2026-27,FRA1,2026-08-22,toulouse,jacen russell rowe,Jacen Russell-Rowe,1106866,0
5802908,2026-27,FRA1,2026-08-22,toulouse,sion oppong,Sion Oppong,1717493,0
5802908,2026-27,FRA1,2026-08-22,toulouse,mathis saka,Mathis Saka,1664718,0
5802908,2026-27,FRA1,2026-08-22,toulouse,mathys niflore,Mathys Niflore,1487879,0
5802908,2026-27,FRA1,2026-08-22,toulouse,david odogu,David Odogu,1469996,0
5802908,2026-27,FRA1,2026-08-22,toulouse,seny koumbassa,Seny Koumbassa,1791729,0
5802908,2026-27,FRA1,2026-08-22,toulouse,mario sauer,Mário Sauer,1256224,0
5802908,2026-27,FRA1,2026-08-22,lyon,remy descamps,Rémy Descamps,767014,1
5802908,2026-27,FRA1,2026-08-22,lyon,zachary athekame,Zachary Athekame,1595629,1
5802908,2026-27,FRA1,2026-08-22,lyon,felix bacher,Felix Bacher,951498,1
5802908,2026-27,FRA1,2026-08-22,lyon,clinton mata,Clinton Mata,266105,1
5802908,2026-27,FRA1,2026-08-22,lyon,mohamed ouedraogo,Mohamed Ouédraogo,1512829,1
5802908,2026-27,FRA1,2026-08-22,lyon,mads bidstrup,Mads Bidstrup,1081025,1
5802908,2026-27,FRA1,2026-08-22,lyon,mathys de carvalho,Mathys de Carvalho,1739906,1
5802908,2026-27,FRA1,2026-08-22,lyon,noah nartey,Noah Nartey,1368710,1
5802908,2026-27,FRA1,2026-08-22,lyon,kail boudache,Kaïl Boudache,1896949,1
5802908,2026-27,FRA1,2026-08-22,lyon,remi himbert,Rémi Himbert,1793704,1
5802908,2026-27,FRA1,2026-08-22,lyon,julien duranville,Julien Duranville,1368304,1
5802908,2026-27,FRA1,2026-08-22,lyon,malick fofana,Malick Fofana,1364069,0
5802908,2026-27,FRA1,2026-08-22,lyon,pavel sulc,Pavel Sulc,1037539,0
5802908,2026-27,FRA1,2026-08-22,lyon,corentin tolisso,Corentin Tolisso,473852,0
5802908,2026-27,FRA1,2026-08-22,lyon,tyler morton,Tyler Morton,1113724,0
5802908,2026-27,FRA1,2026-08-22,lyon,tanner tessmann,Tanner Tessmann,1057433,0
5802908,2026-27,FRA1,2026-08-22,lyon,dominik greif,Dominik Greif,651910,0
5802908,2026-27,FRA1,2026-08-22,lyon,nicolas tagliafico,Nicolás Tagliafico,195750,0
5802908,2026-27,FRA1,2026-08-22,lyon,ernest nuamah,Ernest Nuamah,1338390,0
5802908,2026-27,FRA1,2026-08-22,lyon,lois openda,Loïs Openda,747767,0
5802909,2026-27,FRA1,2026-08-22,troyes,patrick beach,Patrick Beach,1335765,1
5802909,2026-27,FRA1,2026-08-22,troyes,yvann titi,Yvann Titi,1487935,1
5802909,2026-27,FRA1,2026-08-22,troyes,adrien monfray,Adrien Monfray,465719,1
5802909,2026-27,FRA1,2026-08-22,troyes,michel diaz,Michel Diaz,1401205,1
5802909,2026-27,FRA1,2026-08-22,troyes,anis ouzenadji,Anis Ouzenadji,1797614,1
5802909,2026-27,FRA1,2026-08-22,troyes,iron gomis,Iron Gomis,1030945,1
5802909,2026-27,FRA1,2026-08-22,troyes,mouhamed diop,Mouhamed Diop,1321149,1
5802909,2026-27,FRA1,2026-08-22,troyes,hugo picard,Hugo Picard,1411553,1
5802909,2026-27,FRA1,2026-08-22,troyes,merwan ifnaou,Merwan Ifnaou,1523321,1
5802909,2026-27,FRA1,2026-08-22,troyes,renaud ripart,Renaud Ripart,348420,1
5802909,2026-27,FRA1,2026-08-22,troyes,kandet diawara,Kandet Diawara,1108031,1
5802909,2026-27,FRA1,2026-08-22,troyes,noah donkor,Noah Donkor,1844131,0
5802909,2026-27,FRA1,2026-08-22,troyes,antoine mille,Antoine Mille,1342983,0
5802909,2026-27,FRA1,2026-08-22,troyes,alexandre phliponeau,Alexandre Phliponeau,992082,0
5802909,2026-27,FRA1,2026-08-22,troyes,yacouba kone,Yacouba Kone,2155240,0
5802909,2026-27,FRA1,2026-08-22,troyes,hillel konate,Hillel Konaté,560896,0
5802909,2026-27,FRA1,2026-08-22,troyes,paolo gozzi,Paolo Gozzi,1039458,0
5802909,2026-27,FRA1,2026-08-22,troyes,dermane karim,Dermane Karim,1276315,0
5802909,2026-27,FRA1,2026-08-22,troyes,idrissa soukouna,Idrissa Soukouna,2155239,0
5802909,2026-27,FRA1,2026-08-22,troyes,christ batola,Christ Batola,1760691,0
5802909,2026-27,FRA1,2026-08-22,paris fc,kevin trapp,Kevin Trapp,145550,1
5802909,2026-27,FRA1,2026-08-22,paris fc,adama camara,Adama Camara,1513317,1
5802909,2026-27,FRA1,2026-08-22,paris fc,diego coppola,Diego Coppola,1321562,1
5802909,2026-27,FRA1,2026-08-22,paris fc,mamadou mbow,Mamadou Mbow,1053678,1
5802909,2026-27,FRA1,2026-08-22,paris fc,otavio,Otávio,1190113,1
5802909,2026-27,FRA1,2026-08-22,paris fc,rudy matondo,Rudy Matondo,1738340,1
5802909,2026-27,FRA1,2026-08-22,paris fc,pierre lees melou,Pierre Lees-Melou,660462,1
5802909,2026-27,FRA1,2026-08-22,paris fc,ilan kebbal,Ilan Kebbal,999690,1
5802909,2026-27,FRA1,2026-08-22,paris fc,pablo pagis,Pablo Pagis,1331097,1
5802909,2026-27,FRA1,2026-08-22,paris fc,luca koleosho,Luca Koleosho,1368318,1
5802909,2026-27,FRA1,2026-08-22,paris fc,lassine sinayoko,Lassine Sinayoko,923196,1
5802909,2026-27,FRA1,2026-08-22,paris fc,moses simon,Moses Simon,467486,0
5802909,2026-27,FRA1,2026-08-22,paris fc,maxime lopez,Maxime Lopez,614207,0
5802909,2026-27,FRA1,2026-08-22,paris fc,omar sissoko,Omar Sissoko,1529204,0
5802909,2026-27,FRA1,2026-08-22,paris fc,patrick zabi,Patrick Zabi,1709839,0
5802909,2026-27,FRA1,2026-08-22,paris fc,obed nkambadio,Obed Nkambadio,1127125,0
5802909,2026-27,FRA1,2026-08-22,paris fc,hamari traore,Hamari Traoré,426892,0
5802909,2026-27,FRA1,2026-08-22,paris fc,samir chergui,Samir Chergui,1039219,0
5802909,2026-27,FRA1,2026-08-22,paris fc,thibault de smet,Thibault De Smet,784448,0
5802909,2026-27,FRA1,2026-08-22,paris fc,vincent marchetti,Vincent Marchetti,640292,0
5802910,2026-27,FRA1,2026-08-29,auxerre,mamadou diop,Mamadou Diop,1387237,1
5802910,2026-27,FRA1,2026-08-29,auxerre,lamine sy,Lamine Sy,1334805,1
5802910,2026-27,FRA1,2026-08-29,auxerre,sinaly diomande,Sinaly Diomandé,1133081,1
5802910,2026-27,FRA1,2026-08-29,auxerre,elikya legros,Elikya Legros,1690114,1
5802910,2026-27,FRA1,2026-08-29,auxerre,clement akpa,Clément Akpa,1388678,1
5802910,2026-27,FRA1,2026-08-29,auxerre,arthur piedfort,Arthur Piedfort,1441582,1
5802910,2026-27,FRA1,2026-08-29,auxerre,naouirou ahamada,Naouirou Ahamada,1192854,1
5802910,2026-27,FRA1,2026-08-29,auxerre,kevin danois,Kévin Danois,1305543,1
5802910,2026-27,FRA1,2026-08-29,auxerre,romain faivre,Romain Faivre,904021,1
5802910,2026-27,FRA1,2026-08-29,auxerre,danny namaso,Danny Namaso,817724,1
5802910,2026-27,FRA1,2026-08-29,auxerre,remy lascary,Rémy Lascary,1401248,1
5802910,2026-27,FRA1,2026-08-29,auxerre,fredrik oppegard,Fredrik Oppegård,1203189,0
5802910,2026-27,FRA1,2026-08-29,auxerre,aristide zossou,Aristide Zossou,1679978,0
5802910,2026-27,FRA1,2026-08-29,auxerre,josue casimir,Josué Casimir,1199382,0
5802910,2026-27,FRA1,2026-08-29,auxerre,thelonius bair,Thelonius Bair,942893,0
5802910,2026-27,FRA1,2026-08-29,auxerre,lamfia dioubate,Lamfia Dioubate,1988951,0
5802910,2026-27,FRA1,2026-08-29,auxerre,paul nardi,Paul Nardi,291643,0
5802910,2026-27,FRA1,2026-08-29,auxerre,telli siwe,Telli Siwe,1744576,0
5802910,2026-27,FRA1,2026-08-29,auxerre,pierre ekwah,Pierre Ekwah,1113784,0
5802910,2026-27,FRA1,2026-08-29,auxerre,rayan mandengue,Rayan Mandengue,1810011,0
5802910,2026-27,FRA1,2026-08-29,angers,anthony lopes,Anthony Lopes,167035,1
5802910,2026-27,FRA1,2026-08-29,angers,carlens arcus,Carlens Arcus,634110,1
5802910,2026-27,FRA1,2026-08-29,angers,ousmane camara,Ousmane Camara,1178325,1
5802910,2026-27,FRA1,2026-08-29,angers,jordan lefort,Jordan Lefort,492116,1
5802910,2026-27,FRA1,2026-08-29,angers,joseph kalulu,Joseph Kalulu,1610106,1
5802910,2026-27,FRA1,2026-08-29,angers,yassin belkhdim,Yassin Belkhdim,1347791,1
5802910,2026-27,FRA1,2026-08-29,angers,branco van den boomen,Branco van den Boomen,505059,1
5802910,2026-27,FRA1,2026-08-29,angers,jim allevinah,Jim Allevinah,1011026,1
5802910,2026-27,FRA1,2026-08-29,angers,anthony bermont,Anthony Bermont,1573544,1
5802910,2026-27,FRA1,2026-08-29,angers,amine sbai,Amine Sbaï,1242587,1
5802910,2026-27,FRA1,2026-08-29,angers,amine el ouazzani,Amine El Ouazzani,1123505,1
5802910,2026-27,FRA1,2026-08-29,angers,prosper peter,Prosper Peter,1748405,0
5802910,2026-27,FRA1,2026-08-29,angers,harouna djibirin,Harouna Djibirin,1832893,0
5802910,2026-27,FRA1,2026-08-29,angers,usman simbakoli,Usman Simbakoli,1169692,0
5802910,2026-27,FRA1,2026-08-29,angers,marius louer,Marius Louër,1688980,0
5802910,2026-27,FRA1,2026-08-29,angers,bane diatta,Bane Diatta,1958964,0
5802910,2026-27,FRA1,2026-08-29,angers,oumar pona,Oumar Pona,1607778,0
5802910,2026-27,FRA1,2026-08-29,angers,emmanuel biumla,Emmanuel Biumla,1428420,0
5802910,2026-27,FRA1,2026-08-29,angers,mael gernigon,Mael Gernigon,1946407,0
5802910,2026-27,FRA1,2026-08-29,angers,jules bouffandeau,Jules Bouffandeau,2173845,0
5802911,2026-27,FRA1,2026-08-29,brest,egil selvik,Egil Selvik,631757,1
5802911,2026-27,FRA1,2026-08-29,brest,kenny lala,Kenny Lala,279461,1
5802911,2026-27,FRA1,2026-08-29,brest,raphael le guen,Raphaël Le Guen,1699556,1
5802911,2026-27,FRA1,2026-08-29,brest,gautier lloris,Gautier Lloris,420731,1
5802911,2026-27,FRA1,2026-08-29,brest,bradley locko,Bradley Locko,1285784,1
5802911,2026-27,FRA1,2026-08-29,brest,mamady diambou,Mamady Diambou,1231909,1
5802911,2026-27,FRA1,2026-08-29,brest,joris chotard,Joris Chotard,1079548,1
5802911,2026-27,FRA1,2026-08-29,brest,romain del castillo,Romain Del Castillo,696263,1
5802911,2026-27,FRA1,2026-08-29,brest,kamory doumbia,Kamory Doumbia,1310270,1
5802911,2026-27,FRA1,2026-08-29,brest,pathe mboup,Pathé Mboup,1514456,1
5802911,2026-27,FRA1,2026-08-29,brest,ludovic ajorque,Ludovic Ajorque,471153,1
5802911,2026-27,FRA1,2026-08-29,brest,mama balde,Mama Baldé,541933,0
5802911,2026-27,FRA1,2026-08-29,brest,hugo magnetti,Hugo Magnetti,812415,0
5802911,2026-27,FRA1,2026-08-29,brest,joseph boende,Joseph Boende,1427018,0
5802911,2026-27,FRA1,2026-08-29,brest,mathis laine,Mathis Laine,2155246,0
5802911,2026-27,FRA1,2026-08-29,brest,lucas tousart,Lucas Tousart,612277,0
5802911,2026-27,FRA1,2026-08-29,brest,mathieu patouillet,Mathieu Patouillet,1514445,0
5802911,2026-27,FRA1,2026-08-29,brest,evan mailly,Evan Mailly,1827757,0
5802911,2026-27,FRA1,2026-08-29,brest,luck zogbe,Luck Zogbé,1592417,0
5802911,2026-27,FRA1,2026-08-29,brest,axel camblan,Axel Camblan,1289641,0
5802911,2026-27,FRA1,2026-08-29,toulouse,guillaume restes,Guillaume Restes,1524210,1
5802911,2026-27,FRA1,2026-08-29,toulouse,ismail diallo,Ismaïl Diallo,1668299,1
5802911,2026-27,FRA1,2026-08-29,toulouse,mark mckenzie,Mark McKenzie,924485,1
5802911,2026-27,FRA1,2026-08-29,toulouse,rasmus nicolaisen,Rasmus Nicolaisen,656491,1
5802911,2026-27,FRA1,2026-08-29,toulouse,christ tape,Christ Tapé,1666482,1
5802911,2026-27,FRA1,2026-08-29,toulouse,alexis vossah,Alexis Vossah,1791727,1
5802911,2026-27,FRA1,2026-08-29,toulouse,cristian casseres,Cristian Cásseres,845943,1
5802911,2026-27,FRA1,2026-08-29,toulouse,julian vignolo,Julián Vignolo,1611220,1
5802911,2026-27,FRA1,2026-08-29,toulouse,thomas jorgensen,Thomas Jørgensen,1481910,1
5802911,2026-27,FRA1,2026-08-29,toulouse,yann gboho,Yann Gboho,955411,1
5802911,2026-27,FRA1,2026-08-29,toulouse,jacen russell rowe,Jacen Russell-Rowe,1106866,1
5802911,2026-27,FRA1,2026-08-29,toulouse,rafik messali,Rafik Messali,1640973,0
5802911,2026-27,FRA1,2026-08-29,toulouse,niklas schmidt,Niklas Schmidt,637754,0
5802911,2026-27,FRA1,2026-08-29,toulouse,sion oppong,Sion Oppong,1717493,0
5802911,2026-27,FRA1,2026-08-29,toulouse,seny koumbassa,Seny Koumbassa,1791729,0
5802911,2026-27,FRA1,2026-08-29,toulouse,santiago hidalgo,Santiago Hidalgo,1362516,0
5802911,2026-27,FRA1,2026-08-29,toulouse,mathys niflore,Mathys Niflore,1487879,0
5802911,2026-27,FRA1,2026-08-29,toulouse,david odogu,David Odogu,1469996,0
5802911,2026-27,FRA1,2026-08-29,toulouse,aymen amaaouch,Aymen Amaaouch,2173745,0
5802911,2026-27,FRA1,2026-08-29,toulouse,ilyas azizi,Ilyas Azizi,1751857,0
5802912,2026-27,FRA1,2026-08-29,lorient,yvon mvogo,Yvon Mvogo,274787,1
5802912,2026-27,FRA1,2026-08-29,lorient,dembo sylla,Dembo Sylla,1399999,1
5802912,2026-27,FRA1,2026-08-29,lorient,montassar talbi,Montassar Talbi,846392,1
5802912,2026-27,FRA1,2026-08-29,lorient,nathaniel adjei,Nathaniel Adjei,1351065,1
5802912,2026-27,FRA1,2026-08-29,lorient,theo le bris,Théo Le Bris,1292354,1
5802912,2026-27,FRA1,2026-08-29,lorient,arthur avom,Arthur Avom,1565010,1
5802912,2026-27,FRA1,2026-08-29,lorient,noah cadiou,Noah Cadiou,1097446,1
5802912,2026-27,FRA1,2026-08-29,lorient,arsene kouassi,Arsène Kouassi,1640832,1
5802912,2026-27,FRA1,2026-08-29,lorient,gabin bernardeau,Gabin Bernardeau,1668294,1
5802912,2026-27,FRA1,2026-08-29,lorient,jean victor makengo,Jean-Victor Makengo,699461,1
5802912,2026-27,FRA1,2026-08-29,lorient,mamadou kone,Mamadou Koné,1888816,1
5802912,2026-27,FRA1,2026-08-29,lorient,aiyegun tosin,Aiyegun Tosin,841395,0
5802912,2026-27,FRA1,2026-08-29,lorient,isak steiner jensen,Isak Steiner Jensen,1202070,0
5802912,2026-27,FRA1,2026-08-29,lorient,panos katseris,Panos Katseris,1427808,0
5802912,2026-27,FRA1,2026-08-29,lorient,souleymane faye,Souleymane Faye,1107257,0
5802912,2026-27,FRA1,2026-08-29,lorient,noah mbamba,Noah Mbamba,1225704,0
5802912,2026-27,FRA1,2026-08-29,lorient,bingourou kamara,Bingourou Kamara,564571,0
5802912,2026-27,FRA1,2026-08-29,lorient,alec georgen,Alec Georgen,688285,0
5802912,2026-27,FRA1,2026-08-29,lorient,nosa edward obaretin,Nosa Edward Obaretin,1526621,0
5802912,2026-27,FRA1,2026-08-29,lorient,souleymane toure,Souleymane Touré,1180547,0
5802912,2026-27,FRA1,2026-08-29,troyes,patrick beach,Patrick Beach,1335765,1
5802912,2026-27,FRA1,2026-08-29,troyes,lucas maronnier,Lucas Maronnier,1330942,1
5802912,2026-27,FRA1,2026-08-29,troyes,adrien monfray,Adrien Monfray,465719,1
5802912,2026-27,FRA1,2026-08-29,troyes,michel diaz,Michel Diaz,1401205,1
5802912,2026-27,FRA1,2026-08-29,troyes,anis ouzenadji,Anis Ouzenadji,1797614,1
5802912,2026-27,FRA1,2026-08-29,troyes,antoine mille,Antoine Mille,1342983,1
5802912,2026-27,FRA1,2026-08-29,troyes,mouhamed diop,Mouhamed Diop,1321149,1
5802912,2026-27,FRA1,2026-08-29,troyes,merwan ifnaou,Merwan Ifnaou,1523321,1
5802912,2026-27,FRA1,2026-08-29,troyes,hugo picard,Hugo Picard,1411553,1
5802912,2026-27,FRA1,2026-08-29,troyes,iron gomis,Iron Gomis,1030945,1
5802912,2026-27,FRA1,2026-08-29,troyes,renaud ripart,Renaud Ripart,348420,1
5802912,2026-27,FRA1,2026-08-29,troyes,kandet diawara,Kandet Diawara,1108031,0
5802912,2026-27,FRA1,2026-08-29,troyes,dermane karim,Dermane Karim,1276315,0
5802912,2026-27,FRA1,2026-08-29,troyes,alexandre phliponeau,Alexandre Phliponeau,992082,0
5802912,2026-27,FRA1,2026-08-29,troyes,noah donkor,Noah Donkor,1844131,0
5802912,2026-27,FRA1,2026-08-29,troyes,yacouba kone,Yacouba Kone,2155240,0
5802912,2026-27,FRA1,2026-08-29,troyes,hillel konate,Hillel Konaté,560896,0
5802912,2026-27,FRA1,2026-08-29,troyes,paolo gozzi,Paolo Gozzi,1039458,0
5802912,2026-27,FRA1,2026-08-29,troyes,idrissa soukouna,Idrissa Soukouna,2155239,0
5802912,2026-27,FRA1,2026-08-29,troyes,christ batola,Christ Batola,1760691,0
5802913,2026-27,FRA1,2026-08-29,lyon,dominik greif,Dominik Greif,651910,1
5802913,2026-27,FRA1,2026-08-29,lyon,zachary athekame,Zachary Athekame,1595629,1
5802913,2026-27,FRA1,2026-08-29,lyon,felix bacher,Felix Bacher,951498,1
5802913,2026-27,FRA1,2026-08-29,lyon,moussa niakhate,Moussa Niakhaté,592102,1
5802913,2026-27,FRA1,2026-08-29,lyon,nicolas tagliafico,Nicolás Tagliafico,195750,1
5802913,2026-27,FRA1,2026-08-29,lyon,mads bidstrup,Mads Bidstrup,1081025,1
5802913,2026-27,FRA1,2026-08-29,lyon,tyler morton,Tyler Morton,1113724,1
5802913,2026-27,FRA1,2026-08-29,lyon,ernest nuamah,Ernest Nuamah,1338390,1
5802913,2026-27,FRA1,2026-08-29,lyon,corentin tolisso,Corentin Tolisso,473852,1
5802913,2026-27,FRA1,2026-08-29,lyon,kail boudache,Kaïl Boudache,1896949,1
5802913,2026-27,FRA1,2026-08-29,lyon,lois openda,Loïs Openda,747767,1
5802913,2026-27,FRA1,2026-08-29,lyon,malick fofana,Malick Fofana,1364069,0
5802913,2026-27,FRA1,2026-08-29,lyon,noah nartey,Noah Nartey,1368710,0
5802913,2026-27,FRA1,2026-08-29,lyon,abner,Abner,1060604,0
5802913,2026-27,FRA1,2026-08-29,lyon,pavel sulc,Pavel Sulc,1037539,0
5802913,2026-27,FRA1,2026-08-29,lyon,remy descamps,Rémy Descamps,767014,0
5802913,2026-27,FRA1,2026-08-29,lyon,ainsley maitland niles,Ainsley Maitland-Niles,604089,0
5802913,2026-27,FRA1,2026-08-29,lyon,clinton mata,Clinton Mata,266105,0
5802913,2026-27,FRA1,2026-08-29,lyon,khalis merah,Khalis Merah,1793640,0
5802913,2026-27,FRA1,2026-08-29,lyon,tanner tessmann,Tanner Tessmann,1057433,0
5802913,2026-27,FRA1,2026-08-29,le havre,lionel mpasi nzau,Lionel Mpasi-Nzau,912286,1
5802913,2026-27,FRA1,2026-08-29,le havre,ayumu seko,Ayumu Seko,857120,1
5802913,2026-27,FRA1,2026-08-29,le havre,junior mwanga,Junior Mwanga,1362622,1
5802913,2026-27,FRA1,2026-08-29,le havre,ahmed touba,Ahmed Touba,792653,1
5802913,2026-27,FRA1,2026-08-29,le havre,djibril ouziad,Djibril Ouziad,2156004,1
5802913,2026-27,FRA1,2026-08-29,le havre,simon ebonog,Simon Ebonog,1469758,1
5802913,2026-27,FRA1,2026-08-29,le havre,amir richardson,Amir Richardson,1255860,1
5802913,2026-27,FRA1,2026-08-29,le havre,timothee pembele,Timothée Pembélé,1108603,1
5802913,2026-27,FRA1,2026-08-29,le havre,rassoul ndiaye,Rassoul Ndiaye,1073905,1
5802913,2026-27,FRA1,2026-08-29,le havre,kaito mizuta,Kaito Mizuta,1072117,1
5802913,2026-27,FRA1,2026-08-29,le havre,mbwana samatta,Mbwana Samatta,437329,1
5802913,2026-27,FRA1,2026-08-29,le havre,fode doucoure,Fodé Doucouré,1180696,0
5802913,2026-27,FRA1,2026-08-29,le havre,josh maja,Josh Maja,791805,0
5802913,2026-27,FRA1,2026-08-29,le havre,enzo koffi,Enzo Koffi,1816726,0
5802913,2026-27,FRA1,2026-08-29,le havre,sota nakamura,Sota Nakamura,1714197,0
5802913,2026-27,FRA1,2026-08-29,le havre,vincent sasso,Vincent Sasso,210443,0
5802913,2026-27,FRA1,2026-08-29,le havre,gauthier gallon,Gauthier Gallon,348409,0
5802913,2026-27,FRA1,2026-08-29,le havre,elias jelert,Elias Jelert,1305787,0
5802913,2026-27,FRA1,2026-08-29,le havre,daren mosengo,Daren Mosengo,1667649,0
5802913,2026-27,FRA1,2026-08-29,le havre,ismail bouneb,Ismaïl Bouneb,1487952,0
5802914,2026-27,FRA1,2026-08-30,monaco,lukas hradecky,Lukás Hrádecky,66757,1
5802914,2026-27,FRA1,2026-08-30,monaco,vanderson,Vanderson,1207992,1
5802914,2026-27,FRA1,2026-08-30,monaco,sadibou sane,Sadibou Sané,1523208,1
5802914,2026-27,FRA1,2026-08-30,monaco,eric dier,Eric Dier,361315,1
5802914,2026-27,FRA1,2026-08-30,monaco,flavio nazinho,Flávio Nazinho,1239590,1
5802914,2026-27,FRA1,2026-08-30,monaco,lamine camara,Lamine Camara,1436305,1
5802914,2026-27,FRA1,2026-08-30,monaco,denis zakaria,Denis Zakaria,598355,1
5802914,2026-27,FRA1,2026-08-30,monaco,mamadou coulibaly,Mamadou Coulibaly,1524548,1
5802914,2026-27,FRA1,2026-08-30,monaco,aleksandr golovin,Aleksandr Golovin,586388,1
5802914,2026-27,FRA1,2026-08-30,monaco,stanis idumbo,Stanis Idumbo,1366936,1
5802914,2026-27,FRA1,2026-08-30,monaco,paris brunner,Paris Brunner,1412956,1
5802914,2026-27,FRA1,2026-08-30,monaco,anis soubeir,Anis Soubeir,2130847,0
5802914,2026-27,FRA1,2026-08-30,monaco,matthis abline,Matthis Abline,1250492,0
5802914,2026-27,FRA1,2026-08-30,monaco,mika biereth,Mika Biereth,1113809,0
5802914,2026-27,FRA1,2026-08-30,monaco,mathys detourbet,Mathys Detourbet,1709473,0
5802914,2026-27,FRA1,2026-08-30,monaco,philipp kohn,Philipp Köhn,872934,0
5802914,2026-27,FRA1,2026-08-30,monaco,christian mawissa,Christian Mawissa,1406428,0
5802914,2026-27,FRA1,2026-08-30,monaco,thilo kehrer,Thilo Kehrer,604088,0
5802914,2026-27,FRA1,2026-08-30,monaco,jordan teze,Jordan Teze,890263,0
5802914,2026-27,FRA1,2026-08-30,monaco,safouane benzahra,Safouane Benzahra,1845327,0
5802914,2026-27,FRA1,2026-08-30,marseille,jeffrey de lange,Jeffrey De Lange,687868,1
5802914,2026-27,FRA1,2026-08-30,marseille,timothy weah,Timothy Weah,889536,1
5802914,2026-27,FRA1,2026-08-30,marseille,cj egan riley,CJ Egan-Riley,1187227,1
5802914,2026-27,FRA1,2026-08-30,marseille,geoffrey kondogbia,Geoffrey Kondogbia,214972,1
5802914,2026-27,FRA1,2026-08-30,marseille,emerson,Emerson,267371,1
5802914,2026-27,FRA1,2026-08-30,marseille,himad abdelli,Himad Abdelli,956659,1
5802914,2026-27,FRA1,2026-08-30,marseille,pierre emile hojbjerg,Pierre-Emile Højbjerg,266523,1
5802914,2026-27,FRA1,2026-08-30,marseille,amine harit,Amine Harit,780815,1
5802914,2026-27,FRA1,2026-08-30,marseille,angel gomes,Angel Gomes,848667,1
5802914,2026-27,FRA1,2026-08-30,marseille,quinten timber,Quinten Timber,970563,1
5802914,2026-27,FRA1,2026-08-30,marseille,amine gouiri,Amine Gouiri,844437,1
5802914,2026-27,FRA1,2026-08-30,marseille,tochukwu nnadi,Tochukwu Nnadi,1353104,0
5802914,2026-27,FRA1,2026-08-30,marseille,keyliane abdallah,Keyliane Abdallah,1638922,0
5802914,2026-27,FRA1,2026-08-30,marseille,nayef aguerd,Nayef Aguerd,617310,0
5802914,2026-27,FRA1,2026-08-30,marseille,neal maupay,Neal Maupay,391064,0
5802914,2026-27,FRA1,2026-08-30,marseille,faris moumbagna,Faris Moumbagna,952325,0
5802914,2026-27,FRA1,2026-08-30,marseille,theo vermot,Théo Vermot,1078904,0
5802914,2026-27,FRA1,2026-08-30,marseille,derek cornelius,Derek Cornelius,847629,0
5802914,2026-27,FRA1,2026-08-30,marseille,ulisses garcia,Ulisses Garcia,520979,0
5802914,2026-27,FRA1,2026-08-30,marseille,tadjidine mmadi,Tadjidine Mmadi,1814264,0
5802915,2026-27,FRA1,2026-08-30,paris fc,kevin trapp,Kevin Trapp,145550,1
5802915,2026-27,FRA1,2026-08-30,paris fc,adama camara,Adama Camara,1513317,1
5802915,2026-27,FRA1,2026-08-30,paris fc,samir chergui,Samir Chergui,1039219,1
5802915,2026-27,FRA1,2026-08-30,paris fc,diego coppola,Diego Coppola,1321562,1
5802915,2026-27,FRA1,2026-08-30,paris fc,otavio,Otávio,1190113,1
5802915,2026-27,FRA1,2026-08-30,paris fc,pierre lees melou,Pierre Lees-Melou,660462,1
5802915,2026-27,FRA1,2026-08-30,paris fc,maxime lopez,Maxime Lopez,614207,1
5802915,2026-27,FRA1,2026-08-30,paris fc,ilan kebbal,Ilan Kebbal,999690,1
5802915,2026-27,FRA1,2026-08-30,paris fc,pablo pagis,Pablo Pagis,1331097,1
5802915,2026-27,FRA1,2026-08-30,paris fc,moses simon,Moses Simon,467486,1
5802915,2026-27,FRA1,2026-08-30,paris fc,lassine sinayoko,Lassine Sinayoko,923196,1
5802915,2026-27,FRA1,2026-08-30,paris fc,rudy matondo,Rudy Matondo,1738340,0
5802915,2026-27,FRA1,2026-08-30,paris fc,patrick zabi,Patrick Zabi,1709839,0
5802915,2026-27,FRA1,2026-08-30,paris fc,hamari traore,Hamari Traoré,426892,0
5802915,2026-27,FRA1,2026-08-30,paris fc,vincent marchetti,Vincent Marchetti,640292,0
5802915,2026-27,FRA1,2026-08-30,paris fc,obed nkambadio,Obed Nkambadio,1127125,0
5802915,2026-27,FRA1,2026-08-30,paris fc,mamadou mbow,Mamadou Mbow,1053678,0
5802915,2026-27,FRA1,2026-08-30,paris fc,thibault de smet,Thibault De Smet,784448,0
5802915,2026-27,FRA1,2026-08-30,paris fc,jean philippe krasso,Jean-Philippe Krasso,853108,0
5802915,2026-27,FRA1,2026-08-30,paris fc,omar sissoko,Omar Sissoko,1529204,0
5802915,2026-27,FRA1,2026-08-30,nice,yehvann diouf,Yéhvann Diouf,766574,1
5802915,2026-27,FRA1,2026-08-30,nice,mohamed abdelmonem,Mohamed Abdelmonem,1179331,1
5802915,2026-27,FRA1,2026-08-30,nice,youssouf ndayishimiye,Youssouf Ndayishimiye,1057703,1
5802915,2026-27,FRA1,2026-08-30,nice,xavier mandza,Xavier Mandza,2116938,1
5802915,2026-27,FRA1,2026-08-30,nice,jonathan clauss,Jonathan Clauss,715301,1
5802915,2026-27,FRA1,2026-08-30,nice,djibril coulibaly,Djibril Coulibaly,1763598,1
5802915,2026-27,FRA1,2026-08-30,nice,axel witsel,Axel Witsel,39591,1
5802915,2026-27,FRA1,2026-08-30,nice,melvin bard,Melvin Bard,1092403,1
5802915,2026-27,FRA1,2026-08-30,nice,gauthier hein,Gauthier Hein,763974,1
5802915,2026-27,FRA1,2026-08-30,nice,sofiane diop,Sofiane Diop,953812,1
5802915,2026-27,FRA1,2026-08-30,nice,nathan ngoumou,Nathan N'Goumou,979759,1
5802915,2026-27,FRA1,2026-08-30,nice,elye wahi,Elye Wahi,1213430,0
5802915,2026-27,FRA1,2026-08-30,nice,antoine mendy,Antoine Mendy,1254147,0
5802915,2026-27,FRA1,2026-08-30,nice,isak jansson,Isak Jansson,944385,0
5802915,2026-27,FRA1,2026-08-30,nice,hamza koutoune,Hamza Koutoune,1796096,0
5802915,2026-27,FRA1,2026-08-30,nice,djelan morana,Djelan Morana,2140393,0
5802915,2026-27,FRA1,2026-08-30,nice,teddy boulhendi,Teddy Boulhendi,1210649,0
5802915,2026-27,FRA1,2026-08-30,nice,aboulaye camara,Aboulaye Camara,2117308,0
5802915,2026-27,FRA1,2026-08-30,nice,everton,Everton,1696775,0
5802915,2026-27,FRA1,2026-08-30,nice,zoumana diallo,Zoumana Diallo,1366618,0
5802916,2026-27,FRA1,2026-08-30,rennes,nicolas lemaitre,Nicolas Lemaître,625422,1
5802916,2026-27,FRA1,2026-08-30,rennes,przemyslaw frankowski,Przemysław Frankowski,402419,1
5802916,2026-27,FRA1,2026-08-30,rennes,charlie cresswell,Charlie Cresswell,1186444,1
5802916,2026-27,FRA1,2026-08-30,rennes,abdelhamid ait boudlal,Abdelhamid Aït Boudlal,1581722,1
5802916,2026-27,FRA1,2026-08-30,rennes,quentin merlin,Quentin Merlin,1233931,1
5802916,2026-27,FRA1,2026-08-30,rennes,sebastian szymanski,Sebastian Szymański,765466,1
5802916,2026-27,FRA1,2026-08-30,rennes,valentin rongier,Valentin Rongier,562719,1
5802916,2026-27,FRA1,2026-08-30,rennes,adrien thomasson,Adrien Thomasson,317062,1
5802916,2026-27,FRA1,2026-08-30,rennes,mousa tamari,Mousa Tamari,813055,1
5802916,2026-27,FRA1,2026-08-30,rennes,esteban lepaul,Estéban Lepaul,1280225,1
5802916,2026-27,FRA1,2026-08-30,rennes,issa soumare,Issa Soumaré,1103837,1
5802916,2026-27,FRA1,2026-08-30,rennes,mahdi camara,Mahdi Camara,770321,0
5802916,2026-27,FRA1,2026-08-30,rennes,arnaud nordin,Arnaud Nordin,770340,0
5802916,2026-27,FRA1,2026-08-30,rennes,ludovic blas,Ludovic Blas,693171,0
5802916,2026-27,FRA1,2026-08-30,rennes,eliezer mayenda,Eliezer Mayenda,1391052,0
5802916,2026-27,FRA1,2026-08-30,rennes,mahamadou nagida,Mahamadou Nagida,1553514,0
5802916,2026-27,FRA1,2026-08-30,rennes,kilian belazzoug,Kilian Belazzoug,1841191,0
5802916,2026-27,FRA1,2026-08-30,rennes,anthony rouault,Anthony Rouault,1079554,0
5802916,2026-27,FRA1,2026-08-30,rennes,bryan reynolds,Bryan Reynolds,924446,0
5802916,2026-27,FRA1,2026-08-30,rennes,henrick do marcolino,Henrick Do Marcolino,1707955,0
5802916,2026-27,FRA1,2026-08-30,le mans,nicolas kocik,Nicolas Kocik,722531,1
5802916,2026-27,FRA1,2026-08-30,le mans,theo eyoum,Théo Eyoum,1420942,1
5802916,2026-27,FRA1,2026-08-30,le mans,noa boisse,Noa Boissé,1668295,1
5802916,2026-27,FRA1,2026-08-30,le mans,harold voyer,Harold Voyer,1311670,1
5802916,2026-27,FRA1,2026-08-30,le mans,lucas buades,Lucas Buadés,874319,1
5802916,2026-27,FRA1,2026-08-30,le mans,lucas bretelle,Lucas Bretelle,1523312,1
5802916,2026-27,FRA1,2026-08-30,le mans,alexandre lauray,Alexandre Lauray,1039807,1
5802916,2026-27,FRA1,2026-08-30,le mans,adil bourabaa,Adil Bourabaa,1900516,1
5802916,2026-27,FRA1,2026-08-30,le mans,lucas calodat,Lucas Calodat,1317318,1
5802916,2026-27,FRA1,2026-08-30,le mans,dame gueye,Dame Gueye,725256,1
5802916,2026-27,FRA1,2026-08-30,le mans,louis mafouta,Louis Mafouta,807955,1
5802916,2026-27,FRA1,2026-08-30,le mans,jean vercruysse,Jean Vercruysse,1244864,0
5802916,2026-27,FRA1,2026-08-30,le mans,djibril sidibe,Djibril Sidibé,242156,0
5802916,2026-27,FRA1,2026-08-30,le mans,antoine rabillard,Antoine Rabillard,717270,0
5802916,2026-27,FRA1,2026-08-30,le mans,ewan hatfout,Ewan Hatfout,1114371,0
5802916,2026-27,FRA1,2026-08-30,le mans,milan robin,Milan Robin,1359270,0
5802916,2026-27,FRA1,2026-08-30,le mans,raul torrente,Raúl Torrente,1202891,0
5802916,2026-27,FRA1,2026-08-30,le mans,billal brahimi,Billal Brahimi,961770,0
5802916,2026-27,FRA1,2026-08-30,le mans,daouda traore,Daouda Traoré,1388072,0
5802916,2026-27,FRA1,2026-08-30,le mans,william harhouz,William Harhouz,1791882,0
5802917,2026-27,FRA1,2026-08-29,strasbourg,filip jorgensen,Filip Jörgensen,1200984,1
5802917,2026-27,FRA1,2026-08-29,strasbourg,genesis antwi,Genesis Antwi,1647186,1
5802917,2026-27,FRA1,2026-08-29,strasbourg,andrew omobamidele,Andrew Omobamidele,1050822,1
5802917,2026-27,FRA1,2026-08-29,strasbourg,jeyland mitchell,Jeyland Mitchell,1340071,1
5802917,2026-27,FRA1,2026-08-29,strasbourg,lucas hogsberg,Lucas Høgsberg,1436942,1
5802917,2026-27,FRA1,2026-08-29,strasbourg,diogo sousa,Diogo Sousa,1701117,1
5802917,2026-27,FRA1,2026-08-29,strasbourg,pape demba diop,Pape Demba Diop,1417802,1
5802917,2026-27,FRA1,2026-08-29,strasbourg,gessime yassine,Gessime Yassine,1603755,1
5802917,2026-27,FRA1,2026-08-29,strasbourg,giovanni reyna,Giovanni Reyna,1071179,1
5802917,2026-27,FRA1,2026-08-29,strasbourg,sebastian nanasi,Sebastian Nanasi,1156569,1
5802917,2026-27,FRA1,2026-08-29,strasbourg,jacobo ortega,Jacobo Ortega,1677224,1
5802917,2026-27,FRA1,2026-08-29,strasbourg,samuel amo ameyaw,Samuel Amo-Ameyaw,1418073,0
5802917,2026-27,FRA1,2026-08-29,strasbourg,karim coulibaly,Karim Coulibaly,1643851,0
5802917,2026-27,FRA1,2026-08-29,strasbourg,sekou mara,Sékou Mara,1177312,0
5802917,2026-27,FRA1,2026-08-29,strasbourg,mateo del blanco,Mateo Del Blanco,1336846,0
5802917,2026-27,FRA1,2026-08-29,strasbourg,fabio balde,Fabio Baldé,1666019,0
5802917,2026-27,FRA1,2026-08-29,strasbourg,milosz piekutowski,Milosz Piekutowski,1283393,0
5802917,2026-27,FRA1,2026-08-29,strasbourg,benjamin brantlind,Benjamin Brantlind,1611469,0
5802917,2026-27,FRA1,2026-08-29,strasbourg,mathis amougou,Mathis Amougou,1581053,0
5802917,2026-27,FRA1,2026-08-29,strasbourg,tyrese noubissie,Tyrese Noubissie,1900030,0
5802917,2026-27,FRA1,2026-08-29,lens,robin risser,Robin Risser,1390336,1
5802917,2026-27,FRA1,2026-08-29,lens,souleymane sagnan,Souleymane Sagnan,1727044,1
5802917,2026-27,FRA1,2026-08-29,lens,ismaelo ganiou,Ismaëlo Ganiou,1406645,1
5802917,2026-27,FRA1,2026-08-29,lens,maik nawrocki,Maik Nawrocki,1053713,1
5802917,2026-27,FRA1,2026-08-29,lens,michal skoras,Michal Skóras,954190,1
5802917,2026-27,FRA1,2026-08-29,lens,yacine titraoui,Yacine Titraoui,1288907,1
5802917,2026-27,FRA1,2026-08-29,lens,michael cuisance,Michaël Cuisance,861445,1
5802917,2026-27,FRA1,2026-08-29,lens,matthieu udol,Matthieu Udol,660326,1
5802917,2026-27,FRA1,2026-08-29,lens,florian thauvin,Florian Thauvin,254308,1
5802917,2026-27,FRA1,2026-08-29,lens,franjo ivanovic,Franjo Ivanovic,1406419,1
5802917,2026-27,FRA1,2026-08-29,lens,abdallah sima,Abdallah Sima,1189856,1
5802917,2026-27,FRA1,2026-08-29,lens,ruben aguilar,Ruben Aguilar,561046,0
5802917,2026-27,FRA1,2026-08-29,lens,andrija bulatovic,Andrija Bulatovic,1634789,0
5802917,2026-27,FRA1,2026-08-29,lens,thorgan hazard,Thorgan Hazard,264190,0
5802917,2026-27,FRA1,2026-08-29,lens,florian sotoca,Florian Sotoca,612699,0
5802917,2026-27,FRA1,2026-08-29,lens,mezian soares,Mezian Soares,1980586,0
5802917,2026-27,FRA1,2026-08-29,lens,mathieu gorgelin,Mathieu Gorgelin,186811,0
5802917,2026-27,FRA1,2026-08-29,lens,nidal celik,Nidal Celik,1657810,0
5802917,2026-27,FRA1,2026-08-29,lens,amadou haidara,Amadou Haidara,688830,0
5802917,2026-27,FRA1,2026-08-29,lens,rayan fofana,Rayan Fofana,1586559,0
5802918,2026-27,FRA1,2026-08-28,lille,berke ozer,Berke Özer,815912,1
5802918,2026-27,FRA1,2026-08-28,lille,tiago santos,Tiago Santos,1397857,1
5802918,2026-27,FRA1,2026-08-28,lille,nathan ngoy,Nathan Ngoy,1252070,1
5802918,2026-27,FRA1,2026-08-28,lille,alexsandro ribeiro,Alexsandro Ribeiro,1186553,1
5802918,2026-27,FRA1,2026-08-28,lille,romain perraud,Romain Perraud,815465,1
5802918,2026-27,FRA1,2026-08-28,lille,benjamin andre,Benjamin André,148830,1
5802918,2026-27,FRA1,2026-08-28,lille,nabil bentaleb,Nabil Bentaleb,500520,1
5802918,2026-27,FRA1,2026-08-28,lille,ethan mbappe,Ethan Mbappé,1426809,1
5802918,2026-27,FRA1,2026-08-28,lille,hakon arnar haraldsson,Hákon Arnar Haraldsson,1044470,1
5802918,2026-27,FRA1,2026-08-28,lille,felix correia,Félix Correia,942358,1
5802918,2026-27,FRA1,2026-08-28,lille,olivier giroud,Olivier Giroud,46469,1
5802918,2026-27,FRA1,2026-08-28,lille,ngal ayel mukau,Ngal Ayel Mukau,1428153,0
5802918,2026-27,FRA1,2026-08-28,lille,gaetan perrin,Gaëtan Perrin,708435,0
5802918,2026-27,FRA1,2026-08-28,lille,dilane bakwa,Dilane Bakwa,1079539,0
5802918,2026-27,FRA1,2026-08-28,lille,calvin verdonk,Calvin Verdonk,622137,0
5802918,2026-27,FRA1,2026-08-28,lille,arnaud bodart,Arnaud Bodart,841705,0
5802918,2026-27,FRA1,2026-08-28,lille,isaac cossier,Isaac Cossier,1680590,0
5802918,2026-27,FRA1,2026-08-28,lille,basar onal,Basar Önal,1347229,0
5802918,2026-27,FRA1,2026-08-28,lille,soriba diaoune,Soriba Diaoune,1684579,0
5802918,2026-27,FRA1,2026-08-28,lille,osame sahraoui,Osame Sahraoui,988160,0
5802918,2026-27,FRA1,2026-08-28,paris saint germain,matvey safonov,Matvey Safonov,800880,1
5802918,2026-27,FRA1,2026-08-28,paris saint germain,achraf hakimi,Achraf Hakimi,770881,1
5802918,2026-27,FRA1,2026-08-28,paris saint germain,marquinhos,Marquinhos,267365,1
5802918,2026-27,FRA1,2026-08-28,paris saint germain,willian pacho,Willian Pacho,1137670,1
5802918,2026-27,FRA1,2026-08-28,paris saint germain,warren zaire emery,Warren Zaïre-Emery,1367615,1
5802918,2026-27,FRA1,2026-08-28,paris saint germain,vitinha,Vítinha,1061249,1
5802918,2026-27,FRA1,2026-08-28,paris saint germain,lucas beraldo,Lucas Beraldo,1255209,1
5802918,2026-27,FRA1,2026-08-28,paris saint germain,fabian ruiz,Fabián Ruiz,605654,1
5802918,2026-27,FRA1,2026-08-28,paris saint germain,maghnes akliouche,Maghnes Akliouche,1305618,1
5802918,2026-27,FRA1,2026-08-28,paris saint germain,ferran torres,Ferrán Torres,881771,1
5802918,2026-27,FRA1,2026-08-28,paris saint germain,desire doue,Désiré Doué,1339208,1
5802918,2026-27,FRA1,2026-08-28,paris saint germain,khvicha kvaratskhelia,Khvicha Kvaratskhelia,900433,0
5802918,2026-27,FRA1,2026-08-28,paris saint germain,mika godts,Mika Godts,1396372,0
5802918,2026-27,FRA1,2026-08-28,paris saint germain,lucas digne,Lucas Digne,210111,0
5802918,2026-27,FRA1,2026-08-28,paris saint germain,senny mayulu,Senny Mayulu,1574189,0
5802918,2026-27,FRA1,2026-08-28,paris saint germain,dro fernandez,Dro Fernández,1682313,0
5802918,2026-27,FRA1,2026-08-28,paris saint germain,alessandro longoni,Alessandro Longoni,1662399,0
5802918,2026-27,FRA1,2026-08-28,paris saint germain,lucas chevalier,Lucas Chevalier,1177131,0
5802918,2026-27,FRA1,2026-08-28,paris saint germain,ilya zabarnyi,Ilya Zabarnyi,1140003,0
5802918,2026-27,FRA1,2026-08-28,paris saint germain,lucas hernandez,Lucas Hernández,504606,0
5802919,2026-27,FRA1,2026-09-06,angers,anthony lopes,Anthony Lopes,167035,1
5802919,2026-27,FRA1,2026-09-06,angers,carlens arcus,Carlens Arcus,634110,1
5802919,2026-27,FRA1,2026-09-06,angers,ousmane camara,Ousmane Camara,1178325,1
5802919,2026-27,FRA1,2026-09-06,angers,jordan lefort,Jordan Lefort,492116,1
5802919,2026-27,FRA1,2026-09-06,angers,joseph kalulu,Joseph Kalulu,1610106,1
5802919,2026-27,FRA1,2026-09-06,angers,yassin belkhdim,Yassin Belkhdim,1347791,1
5802919,2026-27,FRA1,2026-09-06,angers,branco van den boomen,Branco van den Boomen,505059,1
5802919,2026-27,FRA1,2026-09-06,angers,jim allevinah,Jim Allevinah,1011026,1
5802919,2026-27,FRA1,2026-09-06,angers,anthony bermont,Anthony Bermont,1573544,1
5802919,2026-27,FRA1,2026-09-06,angers,amine sbai,Amine Sbaï,1242587,1
5802919,2026-27,FRA1,2026-09-06,angers,amine el ouazzani,Amine El Ouazzani,1123505,1
5802919,2026-27,FRA1,2026-09-06,angers,bane diatta,Bane Diatta,1958964,0
5802919,2026-27,FRA1,2026-09-06,angers,harouna djibirin,Harouna Djibirin,1832893,0
5802919,2026-27,FRA1,2026-09-06,angers,prosper peter,Prosper Peter,1748405,0
5802919,2026-27,FRA1,2026-09-06,angers,lilian rao lisoa,Lilian Rao-Lisoa,1431818,0
5802919,2026-27,FRA1,2026-09-06,angers,usman simbakoli,Usman Simbakoli,1169692,0
5802919,2026-27,FRA1,2026-09-06,angers,oumar pona,Oumar Pona,1607778,0
5802919,2026-27,FRA1,2026-09-06,angers,emmanuel biumla,Emmanuel Biumla,1428420,0
5802919,2026-27,FRA1,2026-09-06,angers,mael gernigon,Mael Gernigon,1946407,0
5802919,2026-27,FRA1,2026-09-06,angers,marius louer,Marius Louër,1688980,0
5802919,2026-27,FRA1,2026-09-06,rennes,brice samba,Brice Samba,279714,1
5802919,2026-27,FRA1,2026-09-06,rennes,przemyslaw frankowski,Przemysław Frankowski,402419,1
5802919,2026-27,FRA1,2026-09-06,rennes,charlie cresswell,Charlie Cresswell,1186444,1
5802919,2026-27,FRA1,2026-09-06,rennes,anthony rouault,Anthony Rouault,1079554,1
5802919,2026-27,FRA1,2026-09-06,rennes,quentin merlin,Quentin Merlin,1233931,1
5802919,2026-27,FRA1,2026-09-06,rennes,valentin rongier,Valentin Rongier,562719,1
5802919,2026-27,FRA1,2026-09-06,rennes,ludovic blas,Ludovic Blas,693171,1
5802919,2026-27,FRA1,2026-09-06,rennes,sebastian szymanski,Sebastian Szymański,765466,1
5802919,2026-27,FRA1,2026-09-06,rennes,mahdi camara,Mahdi Camara,770321,1
5802919,2026-27,FRA1,2026-09-06,rennes,mousa tamari,Mousa Tamari,813055,1
5802919,2026-27,FRA1,2026-09-06,rennes,esteban lepaul,Estéban Lepaul,1280225,1
5802919,2026-27,FRA1,2026-09-06,rennes,mahamadou nagida,Mahamadou Nagida,1553514,0
5802919,2026-27,FRA1,2026-09-06,rennes,issa soumare,Issa Soumaré,1103837,0
5802919,2026-27,FRA1,2026-09-06,rennes,adrien thomasson,Adrien Thomasson,317062,0
5802919,2026-27,FRA1,2026-09-06,rennes,eliezer mayenda,Eliezer Mayenda,1391052,0
5802919,2026-27,FRA1,2026-09-06,rennes,boulaye dia,Boulaye Dia,972120,0
5802919,2026-27,FRA1,2026-09-06,rennes,nicolas lemaitre,Nicolas Lemaître,625422,0
5802919,2026-27,FRA1,2026-09-06,rennes,bryan reynolds,Bryan Reynolds,924446,0
5802919,2026-27,FRA1,2026-09-06,rennes,goncalo oliveira,Gonçalo Oliveira,1692872,0
5802919,2026-27,FRA1,2026-09-06,rennes,arnaud nordin,Arnaud Nordin,770340,0
5802920,2026-27,FRA1,2026-09-05,le havre,lionel mpasi nzau,Lionel Mpasi-Nzau,912286,1
5802920,2026-27,FRA1,2026-09-05,le havre,ayumu seko,Ayumu Seko,857120,1
5802920,2026-27,FRA1,2026-09-05,le havre,junior mwanga,Junior Mwanga,1362622,1
5802920,2026-27,FRA1,2026-09-05,le havre,ahmed touba,Ahmed Touba,792653,1
5802920,2026-27,FRA1,2026-09-05,le havre,elias jelert,Elias Jelert,1305787,1
5802920,2026-27,FRA1,2026-09-05,le havre,simon ebonog,Simon Ebonog,1469758,1
5802920,2026-27,FRA1,2026-09-05,le havre,amir richardson,Amir Richardson,1255860,1
5802920,2026-27,FRA1,2026-09-05,le havre,timothee pembele,Timothée Pembélé,1108603,1
5802920,2026-27,FRA1,2026-09-05,le havre,rassoul ndiaye,Rassoul Ndiaye,1073905,1
5802920,2026-27,FRA1,2026-09-05,le havre,mbwana samatta,Mbwana Samatta,437329,1
5802920,2026-27,FRA1,2026-09-05,le havre,josh maja,Josh Maja,791805,1
5802920,2026-27,FRA1,2026-09-05,le havre,sota nakamura,Sota Nakamura,1714197,0
5802920,2026-27,FRA1,2026-09-05,le havre,enzo koffi,Enzo Koffi,1816726,0
5802920,2026-27,FRA1,2026-09-05,le havre,rayan fofana,Rayan Fofana,1586559,0
5802920,2026-27,FRA1,2026-09-05,le havre,djibril ouziad,Djibril Ouziad,2156004,0
5802920,2026-27,FRA1,2026-09-05,le havre,gauthier gallon,Gauthier Gallon,348409,0
5802920,2026-27,FRA1,2026-09-05,le havre,vincent sasso,Vincent Sasso,210443,0
5802920,2026-27,FRA1,2026-09-05,le havre,daren mosengo,Daren Mosengo,1667649,0
5802920,2026-27,FRA1,2026-09-05,le havre,ismail bouneb,Ismaïl Bouneb,1487952,0
5802920,2026-27,FRA1,2026-09-05,le havre,kaito mizuta,Kaito Mizuta,1072117,0
5802920,2026-27,FRA1,2026-09-05,brest,egil selvik,Egil Selvik,631757,1
5802920,2026-27,FRA1,2026-09-05,brest,kenny lala,Kenny Lala,279461,1
5802920,2026-27,FRA1,2026-09-05,brest,raphael le guen,Raphaël Le Guen,1699556,1
5802920,2026-27,FRA1,2026-09-05,brest,gautier lloris,Gautier Lloris,420731,1
5802920,2026-27,FRA1,2026-09-05,brest,bradley locko,Bradley Locko,1285784,1
5802920,2026-27,FRA1,2026-09-05,brest,joris chotard,Joris Chotard,1079548,1
5802920,2026-27,FRA1,2026-09-05,brest,hugo magnetti,Hugo Magnetti,812415,1
5802920,2026-27,FRA1,2026-09-05,brest,mama balde,Mama Baldé,541933,1
5802920,2026-27,FRA1,2026-09-05,brest,kamory doumbia,Kamory Doumbia,1310270,1
5802920,2026-27,FRA1,2026-09-05,brest,pathe mboup,Pathé Mboup,1514456,1
5802920,2026-27,FRA1,2026-09-05,brest,ludovic ajorque,Ludovic Ajorque,471153,1
5802920,2026-27,FRA1,2026-09-05,brest,luck zogbe,Luck Zogbé,1592417,0
5802920,2026-27,FRA1,2026-09-05,brest,noah edjouma,Noah Edjouma,1603990,0
5802920,2026-27,FRA1,2026-09-05,brest,joseph boende,Joseph Boende,1427018,0
5802920,2026-27,FRA1,2026-09-05,brest,lucas tousart,Lucas Tousart,612277,0
5802920,2026-27,FRA1,2026-09-05,brest,giovani versini,Giovani Versini,1441955,0
5802920,2026-27,FRA1,2026-09-05,brest,mathieu patouillet,Mathieu Patouillet,1514445,0
5802920,2026-27,FRA1,2026-09-05,brest,justin bourgault,Justin Bourgault,1668289,0
5802920,2026-27,FRA1,2026-09-05,brest,djylian nguessan,Djylian N'Guessan,1703371,0
5802920,2026-27,FRA1,2026-09-05,brest,mathis laine,Mathis Laine,2155246,0
5802921,2026-27,FRA1,2026-09-05,lens,robin risser,Robin Risser,1390336,1
5802921,2026-27,FRA1,2026-09-05,lens,kyllian antonio,Kyllian Antonio,1685514,1
5802921,2026-27,FRA1,2026-09-05,lens,ismaelo ganiou,Ismaëlo Ganiou,1406645,1
5802921,2026-27,FRA1,2026-09-05,lens,matthieu udol,Matthieu Udol,660326,1
5802921,2026-27,FRA1,2026-09-05,lens,ruben aguilar,Ruben Aguilar,561046,1
5802921,2026-27,FRA1,2026-09-05,lens,amadou haidara,Amadou Haidara,688830,1
5802921,2026-27,FRA1,2026-09-05,lens,yacine titraoui,Yacine Titraoui,1288907,1
5802921,2026-27,FRA1,2026-09-05,lens,michal skoras,Michał Skóras,954190,1
5802921,2026-27,FRA1,2026-09-05,lens,florian thauvin,Florian Thauvin,254308,1
5802921,2026-27,FRA1,2026-09-05,lens,thorgan hazard,Thorgan Hazard,264190,1
5802921,2026-27,FRA1,2026-09-05,lens,abdallah sima,Abdallah Sima,1189856,1
5802921,2026-27,FRA1,2026-09-05,lens,souleymane sagnan,Souleymane Sagnan,1727044,0
5802921,2026-27,FRA1,2026-09-05,lens,andrija bulatovic,Andrija Bulatović,1634789,0
5802921,2026-27,FRA1,2026-09-05,lens,michael cuisance,Michaël Cuisance,861445,0
5802921,2026-27,FRA1,2026-09-05,lens,florian sotoca,Florian Sotoca,612699,0
5802921,2026-27,FRA1,2026-09-05,lens,odsonne edouard,Odsonne Édouard,637746,0
5802921,2026-27,FRA1,2026-09-05,lens,mathieu gorgelin,Mathieu Gorgelin,186811,0
5802921,2026-27,FRA1,2026-09-05,lens,jonathan gradit,Jonathan Gradit,513072,0
5802921,2026-27,FRA1,2026-09-05,lens,mezian soares,Mezian Soares,1980586,0
5802921,2026-27,FRA1,2026-09-05,lens,franjo ivanovic,Franjo Ivanović,1406419,0
5802921,2026-27,FRA1,2026-09-05,lorient,yvon mvogo,Yvon Mvogo,274787,1
5802921,2026-27,FRA1,2026-09-05,lorient,dembo sylla,Dembo Sylla,1399999,1
5802921,2026-27,FRA1,2026-09-05,lorient,montassar talbi,Montassar Talbi,846392,1
5802921,2026-27,FRA1,2026-09-05,lorient,nathaniel adjei,Nathaniel Adjei,1351065,1
5802921,2026-27,FRA1,2026-09-05,lorient,panos katseris,Panos Katseris,1427808,1
5802921,2026-27,FRA1,2026-09-05,lorient,noah mbamba,Noah Mbamba,1225704,1
5802921,2026-27,FRA1,2026-09-05,lorient,noah cadiou,Noah Cadiou,1097446,1
5802921,2026-27,FRA1,2026-09-05,lorient,arsene kouassi,Arsène Kouassi,1640832,1
5802921,2026-27,FRA1,2026-09-05,lorient,gabin bernardeau,Gabin Bernardeau,1668294,1
5802921,2026-27,FRA1,2026-09-05,lorient,jean victor makengo,Jean-Victor Makengo,699461,1
5802921,2026-27,FRA1,2026-09-05,lorient,mamadou kone,Mamadou Koné,1888816,1
5802921,2026-27,FRA1,2026-09-05,lorient,arthur avom,Arthur Avom,1565010,0
5802921,2026-27,FRA1,2026-09-05,lorient,theo le bris,Théo Le Bris,1292354,0
5802921,2026-27,FRA1,2026-09-05,lorient,ibrahima balde,Ibrahima Baldé,1282665,0
5802921,2026-27,FRA1,2026-09-05,lorient,isak steiner jensen,Isak Steiner Jensen,1202070,0
5802921,2026-27,FRA1,2026-09-05,lorient,bingourou kamara,Bingourou Kamara,564571,0
5802921,2026-27,FRA1,2026-09-05,lorient,alec georgen,Alec Georgen,688285,0
5802921,2026-27,FRA1,2026-09-05,lorient,nosa edward obaretin,Nosa Edward Obaretin,1526621,0
5802921,2026-27,FRA1,2026-09-05,lorient,aiyegun tosin,Aiyegun Tosin,841395,0
5802921,2026-27,FRA1,2026-09-05,lorient,souleymane faye,Souleymane Faye,1107257,0
5802922,2026-27,FRA1,2026-09-04,lyon,dominik greif,Dominik Greif,651910,1
5802922,2026-27,FRA1,2026-09-04,lyon,zachary athekame,Zachary Athekame,1595629,1
5802922,2026-27,FRA1,2026-09-04,lyon,felix bacher,Felix Bacher,951498,1
5802922,2026-27,FRA1,2026-09-04,lyon,moussa niakhate,Moussa Niakhaté,592102,1
5802922,2026-27,FRA1,2026-09-04,lyon,abner,Abner,1060604,1
5802922,2026-27,FRA1,2026-09-04,lyon,mads bidstrup,Mads Bidstrup,1081025,1
5802922,2026-27,FRA1,2026-09-04,lyon,tyler morton,Tyler Morton,1113724,1
5802922,2026-27,FRA1,2026-09-04,lyon,corentin tolisso,Corentin Tolisso,473852,1
5802922,2026-27,FRA1,2026-09-04,lyon,ernest nuamah,Ernest Nuamah,1338390,1
5802922,2026-27,FRA1,2026-09-04,lyon,lois openda,Loïs Openda,747767,1
5802922,2026-27,FRA1,2026-09-04,lyon,pavel sulc,Pavel Šulc,1037539,1
5802922,2026-27,FRA1,2026-09-04,lyon,kail boudache,Kaïl Boudache,1896949,0
5802922,2026-27,FRA1,2026-09-04,lyon,khalis merah,Khalis Merah,1793640,0
5802922,2026-27,FRA1,2026-09-04,lyon,tanner tessmann,Tanner Tessmann,1057433,0
5802922,2026-27,FRA1,2026-09-04,lyon,ruben kluivert,Ruben Kluivert,1125076,0
5802922,2026-27,FRA1,2026-09-04,lyon,noah nartey,Noah Nartey,1368710,0
5802922,2026-27,FRA1,2026-09-04,lyon,remy descamps,Rémy Descamps,767014,0
5802922,2026-27,FRA1,2026-09-04,lyon,clinton mata,Clinton Mata,266105,0
5802922,2026-27,FRA1,2026-09-04,lyon,nicolas tagliafico,Nicolás Tagliafico,195750,0
5802922,2026-27,FRA1,2026-09-04,lyon,remi himbert,Rémi Himbert,1793704,0
5802922,2026-27,FRA1,2026-09-04,auxerre,mamadou diop,Mamadou Diop,1387237,1
5802922,2026-27,FRA1,2026-09-04,auxerre,lamine sy,Lamine Sy,1334805,1
5802922,2026-27,FRA1,2026-09-04,auxerre,christ makosso,Christ Makosso,1474555,1
5802922,2026-27,FRA1,2026-09-04,auxerre,elikya legros,Elikya Legros,1690114,1
5802922,2026-27,FRA1,2026-09-04,auxerre,clement akpa,Clément Akpa,1388678,1
5802922,2026-27,FRA1,2026-09-04,auxerre,naouirou ahamada,Naouirou Ahamada,1192854,1
5802922,2026-27,FRA1,2026-09-04,auxerre,arthur piedfort,Arthur Piedfort,1441582,1
5802922,2026-27,FRA1,2026-09-04,auxerre,kevin danois,Kévin Danois,1305543,1
5802922,2026-27,FRA1,2026-09-04,auxerre,danny namaso,Danny Namaso,817724,1
5802922,2026-27,FRA1,2026-09-04,auxerre,cameron archer,Cameron Archer,1086647,1
5802922,2026-27,FRA1,2026-09-04,auxerre,remy lascary,Rémy Lascary,1401248,1
5802922,2026-27,FRA1,2026-09-04,auxerre,pierre ekwah,Pierre Ekwah,1113784,0
5802922,2026-27,FRA1,2026-09-04,auxerre,aristide zossou,Aristide Zossou,1679978,0
5802922,2026-27,FRA1,2026-09-04,auxerre,rayan mandengue,Rayan Mandengue,1810011,0
5802922,2026-27,FRA1,2026-09-04,auxerre,romain faivre,Romain Faivre,904021,0
5802922,2026-27,FRA1,2026-09-04,auxerre,lamfia dioubate,Lamfia Dioubate,1988951,0
5802922,2026-27,FRA1,2026-09-04,auxerre,paul nardi,Paul Nardi,291643,0
5802922,2026-27,FRA1,2026-09-04,auxerre,sinaly diomande,Sinaly Diomandé,1133081,0
5802922,2026-27,FRA1,2026-09-04,auxerre,josue casimir,Josué Casimir,1199382,0
5802922,2026-27,FRA1,2026-09-04,auxerre,tidiane devernois,Tidiane Devernois,1813437,0
5802923,2026-27,FRA1,2026-09-06,marseille,jeffrey de lange,Jeffrey De Lange,687868,1
5802923,2026-27,FRA1,2026-09-06,marseille,timothy weah,Timothy Weah,889536,1
5802923,2026-27,FRA1,2026-09-06,marseille,cj egan riley,CJ Egan-Riley,1187227,1
5802923,2026-27,FRA1,2026-09-06,marseille,nayef aguerd,Nayef Aguerd,617310,1
5802923,2026-27,FRA1,2026-09-06,marseille,emerson,Emerson,267371,1
5802923,2026-27,FRA1,2026-09-06,marseille,himad abdelli,Himad Abdelli,956659,1
5802923,2026-27,FRA1,2026-09-06,marseille,pierre emile hojbjerg,Pierre-Emile Højbjerg,266523,1
5802923,2026-27,FRA1,2026-09-06,marseille,amine harit,Amine Harit,780815,1
5802923,2026-27,FRA1,2026-09-06,marseille,angel gomes,Angel Gomes,848667,1
5802923,2026-27,FRA1,2026-09-06,marseille,igor paixao,Igor Paixão,1265963,1
5802923,2026-27,FRA1,2026-09-06,marseille,amine gouiri,Amine Gouiri,844437,1
5802923,2026-27,FRA1,2026-09-06,marseille,tadjidine mmadi,Tadjidine Mmadi,1814264,0
5802923,2026-27,FRA1,2026-09-06,marseille,derek cornelius,Derek Cornelius,847629,0
5802923,2026-27,FRA1,2026-09-06,marseille,keyliane abdallah,Keyliane Abdallah,1638922,0
5802923,2026-27,FRA1,2026-09-06,marseille,ulisses garcia,Ulisses Garcia,520979,0
5802923,2026-27,FRA1,2026-09-06,marseille,faris moumbagna,Faris Moumbagna,952325,0
5802923,2026-27,FRA1,2026-09-06,marseille,theo vermot,Théo Vermot,1078904,0
5802923,2026-27,FRA1,2026-09-06,marseille,bamo meite,Bamo Meité,1287489,0
5802923,2026-27,FRA1,2026-09-06,marseille,nouhoum kamissoko,Nouhoum Kamissoko,1698484,0
5802923,2026-27,FRA1,2026-09-06,marseille,neal maupay,Neal Maupay,391064,0
5802923,2026-27,FRA1,2026-09-06,paris fc,kevin trapp,Kevin Trapp,145550,1
5802923,2026-27,FRA1,2026-09-06,paris fc,samir chergui,Samir Chergui,1039219,1
5802923,2026-27,FRA1,2026-09-06,paris fc,diego coppola,Diego Coppola,1321562,1
5802923,2026-27,FRA1,2026-09-06,paris fc,hamari traore,Hamari Traoré,426892,1
5802923,2026-27,FRA1,2026-09-06,paris fc,adama camara,Adama Camara,1513317,1
5802923,2026-27,FRA1,2026-09-06,paris fc,luca koleosho,Luca Koleosho,1368318,1
5802923,2026-27,FRA1,2026-09-06,paris fc,ilan kebbal,Ilan Kebbal,999690,1
5802923,2026-27,FRA1,2026-09-06,paris fc,maxime lopez,Maxime Lopez,614207,1
5802923,2026-27,FRA1,2026-09-06,paris fc,pierre lees melou,Pierre Lees-Melou,660462,1
5802923,2026-27,FRA1,2026-09-06,paris fc,pablo pagis,Pablo Pagis,1331097,1
5802923,2026-27,FRA1,2026-09-06,paris fc,lassine sinayoko,Lassine Sinayoko,923196,1
5802923,2026-27,FRA1,2026-09-06,paris fc,rudy matondo,Rudy Matondo,1738340,0
5802923,2026-27,FRA1,2026-09-06,paris fc,patrick zabi,Patrick Zabi,1709839,0
5802923,2026-27,FRA1,2026-09-06,paris fc,moses simon,Moses Simon,467486,0
5802923,2026-27,FRA1,2026-09-06,paris fc,mamadou mbow,Mamadou Mbow,1053678,0
5802923,2026-27,FRA1,2026-09-06,paris fc,omar sissoko,Omar Sissoko,1529204,0
5802923,2026-27,FRA1,2026-09-06,paris fc,obed nkambadio,Obed Nkambadio,1127125,0
5802923,2026-27,FRA1,2026-09-06,paris fc,yoan kore,Yoan Koré,1283024,0
5802923,2026-27,FRA1,2026-09-06,paris fc,vincent marchetti,Vincent Marchetti,640292,0
5802923,2026-27,FRA1,2026-09-06,paris fc,jean philippe krasso,Jean-Philippe Krasso,853108,0
5802924,2026-27,FRA1,2026-09-05,nice,yehvann diouf,Yéhvann Diouf,766574,1
5802924,2026-27,FRA1,2026-09-05,nice,xavier mandza,Xavier Mandza,2116938,1
5802924,2026-27,FRA1,2026-09-05,nice,youssouf ndayishimiye,Youssouf Ndayishimiye,1057703,1
5802924,2026-27,FRA1,2026-09-05,nice,mohamed abdelmonem,Mohamed Abdelmonem,1179331,1
5802924,2026-27,FRA1,2026-09-05,nice,jonathan clauss,Jonathan Clauss,715301,1
5802924,2026-27,FRA1,2026-09-05,nice,djibril coulibaly,Djibril Coulibaly,1763598,1
5802924,2026-27,FRA1,2026-09-05,nice,axel witsel,Axel Witsel,39591,1
5802924,2026-27,FRA1,2026-09-05,nice,niels nkounkou,Niels Nkounkou,1104441,1
5802924,2026-27,FRA1,2026-09-05,nice,nathan ngoumou,Nathan N'Goumou,979759,1
5802924,2026-27,FRA1,2026-09-05,nice,sofiane diop,Sofiane Diop,953812,1
5802924,2026-27,FRA1,2026-09-05,nice,elye wahi,Elye Wahi,1213430,1
5802924,2026-27,FRA1,2026-09-05,nice,gauthier hein,Gauthier Hein,763974,0
5802924,2026-27,FRA1,2026-09-05,nice,mohamed amoura,Mohamed Amoura,1134206,0
5802924,2026-27,FRA1,2026-09-05,nice,ali abdi,Ali Abdi,566187,0
5802924,2026-27,FRA1,2026-09-05,nice,antoine mendy,Antoine Mendy,1254147,0
5802924,2026-27,FRA1,2026-09-05,nice,aboulaye camara,Aboulaye Camara,2117308,0
5802924,2026-27,FRA1,2026-09-05,nice,teddy boulhendi,Teddy Boulhendi,1210649,0
5802924,2026-27,FRA1,2026-09-05,nice,everton,Everton,1696775,0
5802924,2026-27,FRA1,2026-09-05,nice,djelan morana,Djelan Morana,2140393,0
5802924,2026-27,FRA1,2026-09-05,nice,isak jansson,Isak Jansson,944385,0
5802924,2026-27,FRA1,2026-09-05,le mans,ewan hatfout,Ewan Hatfout,1114371,1
5802924,2026-27,FRA1,2026-09-05,le mans,noa boisse,Noa Boissé,1668295,1
5802924,2026-27,FRA1,2026-09-05,le mans,harold voyer,Harold Voyer,1311670,1
5802924,2026-27,FRA1,2026-09-05,le mans,raul torrente,Raúl Torrente,1202891,1
5802924,2026-27,FRA1,2026-09-05,le mans,rayan bamba,Rayan Bamba,1632788,1
5802924,2026-27,FRA1,2026-09-05,le mans,adil bourabaa,Adil Bourabaa,1900516,1
5802924,2026-27,FRA1,2026-09-05,le mans,alexandre lauray,Alexandre Lauray,1039807,1
5802924,2026-27,FRA1,2026-09-05,le mans,jean vercruysse,Jean Vercruysse,1244864,1
5802924,2026-27,FRA1,2026-09-05,le mans,lucas calodat,Lucas Calodat,1317318,1
5802924,2026-27,FRA1,2026-09-05,le mans,dame gueye,Dame Gueye,725256,1
5802924,2026-27,FRA1,2026-09-05,le mans,louis mafouta,Louis Mafouta,807955,1
5802924,2026-27,FRA1,2026-09-05,le mans,samuel yohou,Samuel Yohou,660565,0
5802924,2026-27,FRA1,2026-09-05,le mans,antoine rabillard,Antoine Rabillard,717270,0
5802924,2026-27,FRA1,2026-09-05,le mans,habibou mouhamadou diallo,Habibou Mouhamadou Diallo,601145,0
5802924,2026-27,FRA1,2026-09-05,le mans,billal brahimi,Billal Brahimi,961770,0
5802924,2026-27,FRA1,2026-09-05,le mans,yasser larouci,Yasser Larouci,1068902,0
5802924,2026-27,FRA1,2026-09-05,le mans,augustin delbecque,Augustin Delbecque,1388045,0
5802924,2026-27,FRA1,2026-09-05,le mans,daouda traore,Daouda Traoré,1388072,0
5802924,2026-27,FRA1,2026-09-05,le mans,lucas bretelle,Lucas Bretelle,1523312,0
5802924,2026-27,FRA1,2026-09-05,le mans,lucas buades,Lucas Buadés,874319,0
5802925,2026-27,FRA1,2026-09-04,paris saint germain,matvey safonov,Matvey Safonov,800880,1
5802925,2026-27,FRA1,2026-09-04,paris saint germain,achraf hakimi,Achraf Hakimi,770881,1
5802925,2026-27,FRA1,2026-09-04,paris saint germain,marquinhos,Marquinhos,267365,1
5802925,2026-27,FRA1,2026-09-04,paris saint germain,willian pacho,Willian Pacho,1137670,1
5802925,2026-27,FRA1,2026-09-04,paris saint germain,warren zaire emery,Warren Zaïre-Emery,1367615,1
5802925,2026-27,FRA1,2026-09-04,paris saint germain,joao neves,João Neves,1342757,1
5802925,2026-27,FRA1,2026-09-04,paris saint germain,vitinha,Vítinha,1061249,1
5802925,2026-27,FRA1,2026-09-04,paris saint germain,fabian ruiz,Fabián Ruiz,605654,1
5802925,2026-27,FRA1,2026-09-04,paris saint germain,desire doue,Désiré Doué,1339208,1
5802925,2026-27,FRA1,2026-09-04,paris saint germain,maghnes akliouche,Maghnes Akliouche,1305618,1
5802925,2026-27,FRA1,2026-09-04,paris saint germain,khvicha kvaratskhelia,Khvicha Kvaratskhelia,900433,1
5802925,2026-27,FRA1,2026-09-04,paris saint germain,ferran torres,Ferrán Torres,881771,0
5802925,2026-27,FRA1,2026-09-04,paris saint germain,lucas hernandez,Lucas Hernández,504606,0
5802925,2026-27,FRA1,2026-09-04,paris saint germain,mika godts,Mika Godts,1396372,0
5802925,2026-27,FRA1,2026-09-04,paris saint germain,ousmane dembele,Ousmane Dembélé,692984,0
5802925,2026-27,FRA1,2026-09-04,paris saint germain,dro fernandez,Dro Fernández,1682313,0
5802925,2026-27,FRA1,2026-09-04,paris saint germain,lucas chevalier,Lucas Chevalier,1177131,0
5802925,2026-27,FRA1,2026-09-04,paris saint germain,ilya zabarnyi,Ilya Zabarnyi,1140003,0
5802925,2026-27,FRA1,2026-09-04,paris saint germain,lucas beraldo,Lucas Beraldo,1255209,0
5802925,2026-27,FRA1,2026-09-04,paris saint germain,senny mayulu,Senny Mayulu,1574189,0
5802925,2026-27,FRA1,2026-09-04,monaco,lukas hradecky,Lukás Hrádecky,66757,1
5802925,2026-27,FRA1,2026-09-04,monaco,vanderson,Vanderson,1207992,1
5802925,2026-27,FRA1,2026-09-04,monaco,sadibou sane,Sadibou Sané,1523208,1
5802925,2026-27,FRA1,2026-09-04,monaco,eric dier,Eric Dier,361315,1
5802925,2026-27,FRA1,2026-09-04,monaco,flavio nazinho,Flávio Nazinho,1239590,1
5802925,2026-27,FRA1,2026-09-04,monaco,lamine camara,Lamine Camara,1436305,1
5802925,2026-27,FRA1,2026-09-04,monaco,denis zakaria,Denis Zakaria,598355,1
5802925,2026-27,FRA1,2026-09-04,monaco,mamadou coulibaly,Mamadou Coulibaly,1524548,1
5802925,2026-27,FRA1,2026-09-04,monaco,aleksandr golovin,Aleksandr Golovin,586388,1
5802925,2026-27,FRA1,2026-09-04,monaco,stanis idumbo,Stanis Idumbo,1366936,1
5802925,2026-27,FRA1,2026-09-04,monaco,paris brunner,Paris Brunner,1412956,1
5802925,2026-27,FRA1,2026-09-04,monaco,jordan teze,Jordan Teze,890263,0
5802925,2026-27,FRA1,2026-09-04,monaco,anis soubeir,Anis Soubeir,2130847,0
5802925,2026-27,FRA1,2026-09-04,monaco,matthis abline,Matthis Abline,1250492,0
5802925,2026-27,FRA1,2026-09-04,monaco,christian mawissa,Christian Mawissa,1406428,0
5802925,2026-27,FRA1,2026-09-04,monaco,safouane benzahra,Safouane Benzahra,1845327,0
5802925,2026-27,FRA1,2026-09-04,monaco,philipp kohn,Philipp Köhn,872934,0
5802925,2026-27,FRA1,2026-09-04,monaco,ilane toure,Ilane Touré,1815791,0
5802925,2026-27,FRA1,2026-09-04,monaco,mathys detourbet,Mathys Detourbet,1709473,0
5802925,2026-27,FRA1,2026-09-04,monaco,mika biereth,Mika Biereth,1113809,0
5802926,2026-27,FRA1,2026-09-03,toulouse,guillaume restes,Guillaume Restes,1524210,1
5802926,2026-27,FRA1,2026-09-03,toulouse,rafik messali,Rafik Messali,1640973,1
5802926,2026-27,FRA1,2026-09-03,toulouse,mark mckenzie,Mark McKenzie,924485,1
5802926,2026-27,FRA1,2026-09-03,toulouse,rasmus nicolaisen,Rasmus Nicolaisen,656491,1
5802926,2026-27,FRA1,2026-09-03,toulouse,christ tape,Christ Tapé,1666482,1
5802926,2026-27,FRA1,2026-09-03,toulouse,cristian casseres,Cristian Cásseres,845943,1
5802926,2026-27,FRA1,2026-09-03,toulouse,alexis vossah,Alexis Vossah,1791727,1
5802926,2026-27,FRA1,2026-09-03,toulouse,santiago hidalgo,Santiago Hidalgo,1362516,1
5802926,2026-27,FRA1,2026-09-03,toulouse,thomas jorgensen,Thomas Jørgensen,1481910,1
5802926,2026-27,FRA1,2026-09-03,toulouse,ilyas azizi,Ilyas Azizi,1751857,1
5802926,2026-27,FRA1,2026-09-03,toulouse,jacen russell rowe,Jacen Russell-Rowe,1106866,1
5802926,2026-27,FRA1,2026-09-03,toulouse,julian vignolo,Julián Vignolo,1611220,0
5802926,2026-27,FRA1,2026-09-03,toulouse,casper tengstedt,Casper Tengstedt,1102240,0
5802926,2026-27,FRA1,2026-09-03,toulouse,ismail diallo,Ismaïl Diallo,1668299,0
5802926,2026-27,FRA1,2026-09-03,toulouse,mathys niflore,Mathys Niflore,1487879,0
5802926,2026-27,FRA1,2026-09-03,toulouse,niklas schmidt,Niklas Schmidt,637754,0
5802926,2026-27,FRA1,2026-09-03,toulouse,niko sigur,Niko Sigur,1494508,0
5802926,2026-27,FRA1,2026-09-03,toulouse,seny koumbassa,Seny Koumbassa,1791729,0
5802926,2026-27,FRA1,2026-09-03,toulouse,mathis amougou,Mathis Amougou,1581053,0
5802926,2026-27,FRA1,2026-09-03,toulouse,sion oppong,Sion Oppong,1717493,0
5802926,2026-27,FRA1,2026-09-03,lille,berke ozer,Berke Özer,815912,1
5802926,2026-27,FRA1,2026-09-03,lille,tiago santos,Tiago Santos,1397857,1
5802926,2026-27,FRA1,2026-09-03,lille,nathan ngoy,Nathan Ngoy,1252070,1
5802926,2026-27,FRA1,2026-09-03,lille,alexsandro ribeiro,Alexsandro Ribeiro,1186553,1
5802926,2026-27,FRA1,2026-09-03,lille,calvin verdonk,Calvin Verdonk,622137,1
5802926,2026-27,FRA1,2026-09-03,lille,benjamin andre,Benjamin André,148830,1
5802926,2026-27,FRA1,2026-09-03,lille,nabil bentaleb,Nabil Bentaleb,500520,1
5802926,2026-27,FRA1,2026-09-03,lille,ethan mbappe,Ethan Mbappé,1426809,1
5802926,2026-27,FRA1,2026-09-03,lille,hakon arnar haraldsson,Hákon Arnar Haraldsson,1044470,1
5802926,2026-27,FRA1,2026-09-03,lille,osame sahraoui,Osame Sahraoui,988160,1
5802926,2026-27,FRA1,2026-09-03,lille,olivier giroud,Olivier Giroud,46469,1
5802926,2026-27,FRA1,2026-09-03,lille,romain perraud,Romain Perraud,815465,0
5802926,2026-27,FRA1,2026-09-03,lille,dilane bakwa,Dilane Bakwa,1079539,0
5802926,2026-27,FRA1,2026-09-03,lille,ngal ayel mukau,Ngal Ayel Mukau,1428153,0
5802926,2026-27,FRA1,2026-09-03,lille,ayase ueda,Ayase Ueda,942393,0
5802926,2026-27,FRA1,2026-09-03,lille,basar onal,Başar Önal,1347229,0
5802926,2026-27,FRA1,2026-09-03,lille,orlando gill,Orlando Gill,1683391,0
5802926,2026-27,FRA1,2026-09-03,lille,isaac cossier,Isaac Cossier,1680590,0
5802926,2026-27,FRA1,2026-09-03,lille,maurits kjaergaard,Maurits Kjærgaard,1070404,0
5802926,2026-27,FRA1,2026-09-03,lille,gaetan perrin,Gaëtan Perrin,708435,0
5802927,2026-27,FRA1,2026-09-06,troyes,patrick beach,Patrick Beach,1335765,1
5802927,2026-27,FRA1,2026-09-06,troyes,lucas maronnier,Lucas Maronnier,1330942,1
5802927,2026-27,FRA1,2026-09-06,troyes,adrien monfray,Adrien Monfray,465719,1
5802927,2026-27,FRA1,2026-09-06,troyes,michel diaz,Michel Diaz,1401205,1
5802927,2026-27,FRA1,2026-09-06,troyes,anis ouzenadji,Anis Ouzenadji,1797614,1
5802927,2026-27,FRA1,2026-09-06,troyes,mouhamed diop,Mouhamed Diop,1321149,1
5802927,2026-27,FRA1,2026-09-06,troyes,antoine mille,Antoine Mille,1342983,1
5802927,2026-27,FRA1,2026-09-06,troyes,merwan ifnaou,Merwan Ifnaou,1523321,1
5802927,2026-27,FRA1,2026-09-06,troyes,dermane karim,Dermane Karim,1276315,1
5802927,2026-27,FRA1,2026-09-06,troyes,hugo picard,Hugo Picard,1411553,1
5802927,2026-27,FRA1,2026-09-06,troyes,renaud ripart,Renaud Ripart,348420,1
5802927,2026-27,FRA1,2026-09-06,troyes,jeremy le douaron,Jérémy Le Douaron,917808,0
5802927,2026-27,FRA1,2026-09-06,troyes,kandet diawara,Kandet Diawara,1108031,0
5802927,2026-27,FRA1,2026-09-06,troyes,timothe nkada,Timothé Nkada,1038058,0
5802927,2026-27,FRA1,2026-09-06,troyes,iron gomis,Iron Gomis,1030945,0
5802927,2026-27,FRA1,2026-09-06,troyes,yacouba kone,Yacouba Kone,2155240,0
5802927,2026-27,FRA1,2026-09-06,troyes,hillel konate,Hillel Konaté,560896,0
5802927,2026-27,FRA1,2026-09-06,troyes,enisio carneiro,Enisio Carneiro,2189695,0
5802927,2026-27,FRA1,2026-09-06,troyes,noah donkor,Noah Donkor,1844131,0
5802927,2026-27,FRA1,2026-09-06,troyes,alexandre phliponeau,Alexandre Phliponeau,992082,0
5802927,2026-27,FRA1,2026-09-06,strasbourg,filip jorgensen,Filip Jörgensen,1200984,1
5802927,2026-27,FRA1,2026-09-06,strasbourg,genesis antwi,Genesis Antwi,1647186,1
5802927,2026-27,FRA1,2026-09-06,strasbourg,jeyland mitchell,Jeyland Mitchell,1340071,1
5802927,2026-27,FRA1,2026-09-06,strasbourg,ismael doukoure,Ismaël Doukouré,1178332,1
5802927,2026-27,FRA1,2026-09-06,strasbourg,oso,Oso,1575945,1
5802927,2026-27,FRA1,2026-09-06,strasbourg,diogo sousa,Diogo Sousa,1701117,1
5802927,2026-27,FRA1,2026-09-06,strasbourg,pape demba diop,Pape Demba Diop,1417802,1
5802927,2026-27,FRA1,2026-09-06,strasbourg,giovanni reyna,Giovanni Reyna,1071179,1
5802927,2026-27,FRA1,2026-09-06,strasbourg,gessime yassine,Gessime Yassine,1603755,1
5802927,2026-27,FRA1,2026-09-06,strasbourg,jacobo ortega,Jacobo Ortega,1677224,1
5802927,2026-27,FRA1,2026-09-06,strasbourg,sebastian nanasi,Sebastian Nanasi,1156569,1
5802927,2026-27,FRA1,2026-09-06,strasbourg,dario essugo,Dário Essugo,1239595,0
5802927,2026-27,FRA1,2026-09-06,strasbourg,samuel amo ameyaw,Samuel Amo-Ameyaw,1418073,0
5802927,2026-27,FRA1,2026-09-06,strasbourg,karim coulibaly,Karim Coulibaly,1643851,0
5802927,2026-27,FRA1,2026-09-06,strasbourg,conrad harder,Conrad Harder,1482294,0
5802927,2026-27,FRA1,2026-09-06,strasbourg,lucas hogsberg,Lucas Høgsberg,1436942,0
5802927,2026-27,FRA1,2026-09-06,strasbourg,milosz piekutowski,Miłosz Piekutowski,1283393,0
5802927,2026-27,FRA1,2026-09-06,strasbourg,benjamin brantlind,Benjamin Brantlind,1611469,0
5802927,2026-27,FRA1,2026-09-06,strasbourg,tyrese noubissie,Tyrese Noubissie,1900030,0
5802927,2026-27,FRA1,2026-09-06,strasbourg,omari kellyman,Omari Kellyman,1315477,0
5802928,2026-27,FRA1,2026-09-12,auxerre,mamadou diop,Mamadou Diop,1387237,1
5802928,2026-27,FRA1,2026-09-12,auxerre,christ makosso,Christ Makosso,1474555,1
5802928,2026-27,FRA1,2026-09-12,auxerre,axel tuanzebe,Axel Tuanzebe,690149,1
5802928,2026-27,FRA1,2026-09-12,auxerre,clement akpa,Clément Akpa,1388678,1
5802928,2026-27,FRA1,2026-09-12,auxerre,lamine sy,Lamine Sy,1334805,1
5802928,2026-27,FRA1,2026-09-12,auxerre,arthur piedfort,Arthur Piedfort,1441582,1
5802928,2026-27,FRA1,2026-09-12,auxerre,kevin danois,Kévin Danois,1305543,1
5802928,2026-27,FRA1,2026-09-12,auxerre,fredrik oppegard,Fredrik Oppegård,1203189,1
5802928,2026-27,FRA1,2026-09-12,auxerre,danny namaso,Danny Namaso,817724,1
5802928,2026-27,FRA1,2026-09-12,auxerre,remy lascary,Rémy Lascary,1401248,1
5802928,2026-27,FRA1,2026-09-12,auxerre,cameron archer,Cameron Archer,1086647,1
5802928,2026-27,FRA1,2026-09-12,auxerre,romain faivre,Romain Faivre,904021,0
5802928,2026-27,FRA1,2026-09-12,auxerre,naouirou ahamada,Naouirou Ahamada,1192854,0
5802928,2026-27,FRA1,2026-09-12,auxerre,pierre ekwah,Pierre Ekwah,1113784,0
5802928,2026-27,FRA1,2026-09-12,auxerre,rayan mandengue,Rayan Mandengue,1810011,0
5802928,2026-27,FRA1,2026-09-12,auxerre,paul nardi,Paul Nardi,291643,0
5802928,2026-27,FRA1,2026-09-12,auxerre,elikya legros,Elikya Legros,1690114,0
5802928,2026-27,FRA1,2026-09-12,auxerre,sinaly diomande,Sinaly Diomandé,1133081,0
5802928,2026-27,FRA1,2026-09-12,auxerre,lamfia dioubate,Lamfia Dioubate,1988951,0
5802928,2026-27,FRA1,2026-09-12,auxerre,aristide zossou,Aristide Zossou,1679978,0
5802928,2026-27,FRA1,2026-09-12,nice,yehvann diouf,Yéhvann Diouf,766574,1
5802928,2026-27,FRA1,2026-09-12,nice,mohamed abdelmonem,Mohamed Abdelmonem,1179331,1
5802928,2026-27,FRA1,2026-09-12,nice,youssouf ndayishimiye,Youssouf Ndayishimiye,1057703,1
5802928,2026-27,FRA1,2026-09-12,nice,xavier mandza,Xavier Mandza,2116938,1
5802928,2026-27,FRA1,2026-09-12,nice,jonathan clauss,Jonathan Clauss,715301,1
5802928,2026-27,FRA1,2026-09-12,nice,djibril coulibaly,Djibril Coulibaly,1763598,1
5802928,2026-27,FRA1,2026-09-12,nice,axel witsel,Axel Witsel,39591,1
5802928,2026-27,FRA1,2026-09-12,nice,niels nkounkou,Niels Nkounkou,1104441,1
5802928,2026-27,FRA1,2026-09-12,nice,gauthier hein,Gauthier Hein,763974,1
5802928,2026-27,FRA1,2026-09-12,nice,elye wahi,Elye Wahi,1213430,1
5802928,2026-27,FRA1,2026-09-12,nice,mohamed amoura,Mohamed Amoura,1134206,1
5802928,2026-27,FRA1,2026-09-12,nice,ali abdi,Ali Abdi,566187,0
5802928,2026-27,FRA1,2026-09-12,nice,hicham boudaoui,Hicham Boudaoui,1033099,0
5802928,2026-27,FRA1,2026-09-12,nice,sofiane diop,Sofiane Diop,953812,0
5802928,2026-27,FRA1,2026-09-12,nice,isak jansson,Isak Jansson,944385,0
5802928,2026-27,FRA1,2026-09-12,nice,nathan ngoumou,Nathan N'Goumou,979759,0
5802928,2026-27,FRA1,2026-09-12,nice,teddy boulhendi,Teddy Boulhendi,1210649,0
5802928,2026-27,FRA1,2026-09-12,nice,everton,Everton,1696775,0
5802928,2026-27,FRA1,2026-09-12,nice,issiaga camara,Issiaga Camara,1644329,0
5802928,2026-27,FRA1,2026-09-12,nice,djelan morana,Djelan Morana,2140393,0
5802929,2026-27,FRA1,2026-09-13,brest,egil selvik,Egil Selvik,631757,1
5802929,2026-27,FRA1,2026-09-13,brest,kenny lala,Kenny Lala,279461,1
5802929,2026-27,FRA1,2026-09-13,brest,raphael le guen,Raphaël Le Guen,1699556,1
5802929,2026-27,FRA1,2026-09-13,brest,gautier lloris,Gautier Lloris,420731,1
5802929,2026-27,FRA1,2026-09-13,brest,bradley locko,Bradley Locko,1285784,1
5802929,2026-27,FRA1,2026-09-13,brest,joris chotard,Joris Chotard,1079548,1
5802929,2026-27,FRA1,2026-09-13,brest,hugo magnetti,Hugo Magnetti,812415,1
5802929,2026-27,FRA1,2026-09-13,brest,giovani versini,Giovani Versini,1441955,1
5802929,2026-27,FRA1,2026-09-13,brest,kamory doumbia,Kamory Doumbia,1310270,1
5802929,2026-27,FRA1,2026-09-13,brest,pathe mboup,Pathé Mboup,1514456,1
5802929,2026-27,FRA1,2026-09-13,brest,ludovic ajorque,Ludovic Ajorque,471153,1
5802929,2026-27,FRA1,2026-09-13,brest,joseph boende,Joseph Boende,1427018,0
5802929,2026-27,FRA1,2026-09-13,brest,lucas tousart,Lucas Tousart,612277,0
5802929,2026-27,FRA1,2026-09-13,brest,djylian nguessan,Djylian N'Guessan,1703371,0
5802929,2026-27,FRA1,2026-09-13,brest,justin bourgault,Justin Bourgault,1668289,0
5802929,2026-27,FRA1,2026-09-13,brest,mathieu patouillet,Mathieu Patouillet,1514445,0
5802929,2026-27,FRA1,2026-09-13,brest,luck zogbe,Luck Zogbé,1592417,0
5802929,2026-27,FRA1,2026-09-13,brest,enzo monchatre,Enzo Monchatre,1945732,0
5802929,2026-27,FRA1,2026-09-13,brest,ibrahim kante,Ibrahim Kanté,1669616,0
5802929,2026-27,FRA1,2026-09-13,brest,mathis laine,Mathis Laine,2155246,0
5802929,2026-27,FRA1,2026-09-13,paris saint germain,matvey safonov,Matvey Safonov,800880,1
5802929,2026-27,FRA1,2026-09-13,paris saint germain,achraf hakimi,Achraf Hakimi,770881,1
5802929,2026-27,FRA1,2026-09-13,paris saint germain,marquinhos,Marquinhos,267365,1
5802929,2026-27,FRA1,2026-09-13,paris saint germain,willian pacho,Willian Pacho,1137670,1
5802929,2026-27,FRA1,2026-09-13,paris saint germain,nuno mendes,Nuno Mendes,1158945,1
5802929,2026-27,FRA1,2026-09-13,paris saint germain,joao neves,João Neves,1342757,1
5802929,2026-27,FRA1,2026-09-13,paris saint germain,vitinha,Vítinha,1061249,1
5802929,2026-27,FRA1,2026-09-13,paris saint germain,warren zaire emery,Warren Zaïre-Emery,1367615,1
5802929,2026-27,FRA1,2026-09-13,paris saint germain,ousmane dembele,Ousmane Dembélé,692984,1
5802929,2026-27,FRA1,2026-09-13,paris saint germain,ferran torres,Ferrán Torres,881771,1
5802929,2026-27,FRA1,2026-09-13,paris saint germain,khvicha kvaratskhelia,Khvicha Kvaratskhelia,900433,1
5802929,2026-27,FRA1,2026-09-13,paris saint germain,fabian ruiz,Fabián Ruiz,605654,0
5802929,2026-27,FRA1,2026-09-13,paris saint germain,desire doue,Désiré Doué,1339208,0
5802929,2026-27,FRA1,2026-09-13,paris saint germain,maghnes akliouche,Maghnes Akliouche,1305618,0
5802929,2026-27,FRA1,2026-09-13,paris saint germain,dro fernandez,Dro Fernández,1682313,0
5802929,2026-27,FRA1,2026-09-13,paris saint germain,mika godts,Mika Godts,1396372,0
5802929,2026-27,FRA1,2026-09-13,paris saint germain,lucas chevalier,Lucas Chevalier,1177131,0
5802929,2026-27,FRA1,2026-09-13,paris saint germain,lucas beraldo,Lucas Beraldo,1255209,0
5802929,2026-27,FRA1,2026-09-13,paris saint germain,lucas digne,Lucas Digne,210111,0
5802929,2026-27,FRA1,2026-09-13,paris saint germain,lucas hernandez,Lucas Hernández,504606,0
5802930,2026-27,FRA1,2026-09-12,le havre,gauthier gallon,Gauthier Gallon,348409,1
5802930,2026-27,FRA1,2026-09-12,le havre,elias jelert,Elias Jelert,1305787,1
5802930,2026-27,FRA1,2026-09-12,le havre,ayumu seko,Ayumu Seko,857120,1
5802930,2026-27,FRA1,2026-09-12,le havre,ahmed touba,Ahmed Touba,792653,1
5802930,2026-27,FRA1,2026-09-12,le havre,djibril ouziad,Djibril Ouziad,2156004,1
5802930,2026-27,FRA1,2026-09-12,le havre,kaito mizuta,Kaito Mizuta,1072117,1
5802930,2026-27,FRA1,2026-09-12,le havre,simon ebonog,Simon Ebonog,1469758,1
5802930,2026-27,FRA1,2026-09-12,le havre,amir richardson,Amir Richardson,1255860,1
5802930,2026-27,FRA1,2026-09-12,le havre,sota nakamura,Sota Nakamura,1714197,1
5802930,2026-27,FRA1,2026-09-12,le havre,josh maja,Josh Maja,791805,1
5802930,2026-27,FRA1,2026-09-12,le havre,mbwana samatta,Mbwana Samatta,437329,1
5802930,2026-27,FRA1,2026-09-12,le havre,rayan fofana,Rayan Fofana,1586559,0
5802930,2026-27,FRA1,2026-09-12,le havre,enzo koffi,Enzo Koffi,1816726,0
5802930,2026-27,FRA1,2026-09-12,le havre,ismail bouneb,Ismaïl Bouneb,1487952,0
5802930,2026-27,FRA1,2026-09-12,le havre,daren mosengo,Daren Mosengo,1667649,0
5802930,2026-27,FRA1,2026-09-12,le havre,hakim dongopandji,Hakim Dongopandji,2221625,0
5802930,2026-27,FRA1,2026-09-12,le havre,alex teixeira,Alex Teixeira,1735851,0
5802930,2026-27,FRA1,2026-09-12,le havre,lamine ndiaye,Lamine N'Diaye,1787357,0
5802930,2026-27,FRA1,2026-09-12,le havre,vincent sasso,Vincent Sasso,210443,0
5802930,2026-27,FRA1,2026-09-12,le havre,guy zohouri,Guy Zohouri,1667648,0
5802930,2026-27,FRA1,2026-09-12,angers,anthony lopes,Anthony Lopes,167035,1
5802930,2026-27,FRA1,2026-09-12,angers,carlens arcus,Carlens Arcus,634110,1
5802930,2026-27,FRA1,2026-09-12,angers,ousmane camara,Ousmane Camara,1178325,1
5802930,2026-27,FRA1,2026-09-12,angers,jordan lefort,Jordan Lefort,492116,1
5802930,2026-27,FRA1,2026-09-12,angers,joseph kalulu,Joseph Kalulu,1610106,1
5802930,2026-27,FRA1,2026-09-12,angers,yassin belkhdim,Yassin Belkhdim,1347791,1
5802930,2026-27,FRA1,2026-09-12,angers,branco van den boomen,Branco van den Boomen,505059,1
5802930,2026-27,FRA1,2026-09-12,angers,jim allevinah,Jim Allevinah,1011026,1
5802930,2026-27,FRA1,2026-09-12,angers,bane diatta,Bane Diatta,1958964,1
5802930,2026-27,FRA1,2026-09-12,angers,amine sbai,Amine Sbaï,1242587,1
5802930,2026-27,FRA1,2026-09-12,angers,amine el ouazzani,Amine El Ouazzani,1123505,1
5802930,2026-27,FRA1,2026-09-12,angers,harouna djibirin,Harouna Djibirin,1832893,0
5802930,2026-27,FRA1,2026-09-12,angers,prosper peter,Prosper Peter,1748405,0
5802930,2026-27,FRA1,2026-09-12,angers,lilian rao lisoa,Lilian Rao-Lisoa,1431818,0
5802930,2026-27,FRA1,2026-09-12,angers,usman simbakoli,Usman Simbakoli,1169692,0
5802930,2026-27,FRA1,2026-09-12,angers,louis mouton,Louis Mouton,1329255,0
5802930,2026-27,FRA1,2026-09-12,angers,melvin zinga,Melvin Zinga,1177482,0
5802930,2026-27,FRA1,2026-09-12,angers,emmanuel biumla,Emmanuel Biumla,1428420,0
5802930,2026-27,FRA1,2026-09-12,angers,marius louer,Marius Louër,1688980,0
5802930,2026-27,FRA1,2026-09-12,angers,anthony bermont,Anthony Bermont,1573544,0
5802931,2026-27,FRA1,2026-09-13,le mans,ewan hatfout,Ewan Hatfout,1114371,1
5802931,2026-27,FRA1,2026-09-13,le mans,noa boisse,Noa Boissé,1668295,1
5802931,2026-27,FRA1,2026-09-13,le mans,samuel yohou,Samuel Yohou,660565,1
5802931,2026-27,FRA1,2026-09-13,le mans,harold voyer,Harold Voyer,1311670,1
5802931,2026-27,FRA1,2026-09-13,le mans,rayan bamba,Rayan Bamba,1632788,1
5802931,2026-27,FRA1,2026-09-13,le mans,adil bourabaa,Adil Bourabaa,1900516,1
5802931,2026-27,FRA1,2026-09-13,le mans,lucas bretelle,Lucas Bretelle,1523312,1
5802931,2026-27,FRA1,2026-09-13,le mans,jean vercruysse,Jean Vercruysse,1244864,1
5802931,2026-27,FRA1,2026-09-13,le mans,lucas calodat,Lucas Calodat,1317318,1
5802931,2026-27,FRA1,2026-09-13,le mans,louis mafouta,Louis Mafouta,807955,1
5802931,2026-27,FRA1,2026-09-13,le mans,dame gueye,Dame Gueye,725256,1
5802931,2026-27,FRA1,2026-09-13,le mans,djibril sidibe,Djibril Sidibé,242156,0
5802931,2026-27,FRA1,2026-09-13,le mans,alexandre lauray,Alexandre Lauray,1039807,0
5802931,2026-27,FRA1,2026-09-13,le mans,daouda traore,Daouda Traoré,1388072,0
5802931,2026-27,FRA1,2026-09-13,le mans,habibou mouhamadou diallo,Habibou Mouhamadou Diallo,601145,0
5802931,2026-27,FRA1,2026-09-13,le mans,raul torrente,Raúl Torrente,1202891,0
5802931,2026-27,FRA1,2026-09-13,le mans,nicolas kocik,Nicolas Kocik,722531,0
5802931,2026-27,FRA1,2026-09-13,le mans,yasser larouci,Yasser Larouci,1068902,0
5802931,2026-27,FRA1,2026-09-13,le mans,billal brahimi,Billal Brahimi,961770,0
5802931,2026-27,FRA1,2026-09-13,le mans,antoine rabillard,Antoine Rabillard,717270,0
5802931,2026-27,FRA1,2026-09-13,lens,robin risser,Robin Risser,1390336,1
5802931,2026-27,FRA1,2026-09-13,lens,jonathan gradit,Jonathan Gradit,513072,1
5802931,2026-27,FRA1,2026-09-13,lens,kyllian antonio,Kyllian Antonio,1685514,1
5802931,2026-27,FRA1,2026-09-13,lens,matthieu udol,Matthieu Udol,660326,1
5802931,2026-27,FRA1,2026-09-13,lens,ruben aguilar,Ruben Aguilar,561046,1
5802931,2026-27,FRA1,2026-09-13,lens,michael cuisance,Michaël Cuisance,861445,1
5802931,2026-27,FRA1,2026-09-13,lens,andrija bulatovic,Andrija Bulatović,1634789,1
5802931,2026-27,FRA1,2026-09-13,lens,michal skoras,Michał Skóras,954190,1
5802931,2026-27,FRA1,2026-09-13,lens,florian thauvin,Florian Thauvin,254308,1
5802931,2026-27,FRA1,2026-09-13,lens,abdallah sima,Abdallah Sima,1189856,1
5802931,2026-27,FRA1,2026-09-13,lens,odsonne edouard,Odsonne Édouard,637746,1
5802931,2026-27,FRA1,2026-09-13,lens,amadou haidara,Amadou Haidara,688830,0
5802931,2026-27,FRA1,2026-09-13,lens,mezian mesloub soares,Mezian Mesloub Soares,1980586,0
5802931,2026-27,FRA1,2026-09-13,lens,franjo ivanovic,Franjo Ivanović,1406419,0
5802931,2026-27,FRA1,2026-09-13,lens,jean clair todibo,Jean-Clair Todibo,955214,0
5802931,2026-27,FRA1,2026-09-13,lens,thorgan hazard,Thorgan Hazard,264190,0
5802931,2026-27,FRA1,2026-09-13,lens,mathieu gorgelin,Mathieu Gorgelin,186811,0
5802931,2026-27,FRA1,2026-09-13,lens,nidal celik,Nidal Čelik,1657810,0
5802931,2026-27,FRA1,2026-09-13,lens,florian sotoca,Florian Sotoca,612699,0
5802931,2026-27,FRA1,2026-09-13,lens,junior kadile,Junior Kadile,1334534,0
5802932,2026-27,FRA1,2026-09-13,lille,berke ozer,Berke Özer,815912,1
5802932,2026-27,FRA1,2026-09-13,lille,tiago santos,Tiago Santos,1397857,1
5802932,2026-27,FRA1,2026-09-13,lille,nathan ngoy,Nathan Ngoy,1252070,1
5802932,2026-27,FRA1,2026-09-13,lille,alexsandro ribeiro,Alexsandro Ribeiro,1186553,1
5802932,2026-27,FRA1,2026-09-13,lille,romain perraud,Romain Perraud,815465,1
5802932,2026-27,FRA1,2026-09-13,lille,ngal ayel mukau,Ngal Ayel Mukau,1428153,1
5802932,2026-27,FRA1,2026-09-13,lille,nabil bentaleb,Nabil Bentaleb,500520,1
5802932,2026-27,FRA1,2026-09-13,lille,dilane bakwa,Dilane Bakwa,1079539,1
5802932,2026-27,FRA1,2026-09-13,lille,hakon arnar haraldsson,Hákon Arnar Haraldsson,1044470,1
5802932,2026-27,FRA1,2026-09-13,lille,basar onal,Başar Önal,1347229,1
5802932,2026-27,FRA1,2026-09-13,lille,ayase ueda,Ayase Ueda,942393,1
5802932,2026-27,FRA1,2026-09-13,lille,maurits kjaergaard,Maurits Kjærgaard,1070404,0
5802932,2026-27,FRA1,2026-09-13,lille,ethan mbappe,Ethan Mbappé,1426809,0
5802932,2026-27,FRA1,2026-09-13,lille,gaetan perrin,Gaëtan Perrin,708435,0
5802932,2026-27,FRA1,2026-09-13,lille,olivier giroud,Olivier Giroud,46469,0
5802932,2026-27,FRA1,2026-09-13,lille,benjamin andre,Benjamin André,148830,0
5802932,2026-27,FRA1,2026-09-13,lille,orlando gill,Orlando Gill,1683391,0
5802932,2026-27,FRA1,2026-09-13,lille,calvin verdonk,Calvin Verdonk,622137,0
5802932,2026-27,FRA1,2026-09-13,lille,tanguy nianzou,Tanguy Nianzou,1070617,0
5802932,2026-27,FRA1,2026-09-13,lille,osame sahraoui,Osame Sahraoui,988160,0
5802932,2026-27,FRA1,2026-09-13,troyes,patrick beach,Patrick Beach,1335765,1
5802932,2026-27,FRA1,2026-09-13,troyes,lucas maronnier,Lucas Maronnier,1330942,1
5802932,2026-27,FRA1,2026-09-13,troyes,adrien monfray,Adrien Monfray,465719,1
5802932,2026-27,FRA1,2026-09-13,troyes,michel diaz,Michel Diaz,1401205,1
5802932,2026-27,FRA1,2026-09-13,troyes,anis ouzenadji,Anis Ouzenadji,1797614,1
5802932,2026-27,FRA1,2026-09-13,troyes,mouhamed diop,Mouhamed Diop,1321149,1
5802932,2026-27,FRA1,2026-09-13,troyes,dermane karim,Dermane Karim,1276315,1
5802932,2026-27,FRA1,2026-09-13,troyes,kandet diawara,Kandet Diawara,1108031,1
5802932,2026-27,FRA1,2026-09-13,troyes,antoine mille,Antoine Mille,1342983,1
5802932,2026-27,FRA1,2026-09-13,troyes,hugo picard,Hugo Picard,1411553,1
5802932,2026-27,FRA1,2026-09-13,troyes,jeremy le douaron,Jérémy Le Douaron,917808,1
5802932,2026-27,FRA1,2026-09-13,troyes,noah donkor,Noah Donkor,1844131,0
5802932,2026-27,FRA1,2026-09-13,troyes,iron gomis,Iron Gomis,1030945,0
5802932,2026-27,FRA1,2026-09-13,troyes,timothe nkada,Timothé Nkada,1038058,0
5802932,2026-27,FRA1,2026-09-13,troyes,renaud ripart,Renaud Ripart,348420,0
5802932,2026-27,FRA1,2026-09-13,troyes,yacouba kone,Yacouba Kone,2155240,0
5802932,2026-27,FRA1,2026-09-13,troyes,hillel konate,Hillel Konaté,560896,0
5802932,2026-27,FRA1,2026-09-13,troyes,enisio carneiro,Enisio Carneiro,2189695,0
5802932,2026-27,FRA1,2026-09-13,troyes,lassana simakha,Lassana Simakha,2222106,0
5802932,2026-27,FRA1,2026-09-13,troyes,idrissa soukouna,Idrissa Soukouna,2155239,0
5802933,2026-27,FRA1,2026-09-12,lorient,yvon mvogo,Yvon Mvogo,274787,1
5802933,2026-27,FRA1,2026-09-12,lorient,dembo sylla,Dembo Sylla,1399999,1
5802933,2026-27,FRA1,2026-09-12,lorient,montassar talbi,Montassar Talbi,846392,1
5802933,2026-27,FRA1,2026-09-12,lorient,nathaniel adjei,Nathaniel Adjei,1351065,1
5802933,2026-27,FRA1,2026-09-12,lorient,panos katseris,Panos Katseris,1427808,1
5802933,2026-27,FRA1,2026-09-12,lorient,noah cadiou,Noah Cadiou,1097446,1
5802933,2026-27,FRA1,2026-09-12,lorient,noah mbamba,Noah Mbamba,1225704,1
5802933,2026-27,FRA1,2026-09-12,lorient,arsene kouassi,Arsène Kouassi,1640832,1
5802933,2026-27,FRA1,2026-09-12,lorient,gabin bernardeau,Gabin Bernardeau,1668294,1
5802933,2026-27,FRA1,2026-09-12,lorient,jean victor makengo,Jean-Victor Makengo,699461,1
5802933,2026-27,FRA1,2026-09-12,lorient,ibrahima balde,Ibrahima Baldé,1282665,1
5802933,2026-27,FRA1,2026-09-12,lorient,theo le bris,Théo Le Bris,1292354,0
5802933,2026-27,FRA1,2026-09-12,lorient,isak steiner jensen,Isak Steiner Jensen,1202070,0
5802933,2026-27,FRA1,2026-09-12,lorient,arthur avom,Arthur Avom,1565010,0
5802933,2026-27,FRA1,2026-09-12,lorient,mamadou kone,Mamadou Koné,1888816,0
5802933,2026-27,FRA1,2026-09-12,lorient,bingourou kamara,Bingourou Kamara,564571,0
5802933,2026-27,FRA1,2026-09-12,lorient,alec georgen,Alec Georgen,688285,0
5802933,2026-27,FRA1,2026-09-12,lorient,nosa edward obaretin,Nosa Edward Obaretin,1526621,0
5802933,2026-27,FRA1,2026-09-12,lorient,aiyegun tosin,Aiyegun Tosin,841395,0
5802933,2026-27,FRA1,2026-09-12,lorient,souleymane faye,Souleymane Faye,1107257,0
5802933,2026-27,FRA1,2026-09-12,toulouse,mathys niflore,Mathys Niflore,1487879,1
5802933,2026-27,FRA1,2026-09-12,toulouse,rafik messali,Rafik Messali,1640973,1
5802933,2026-27,FRA1,2026-09-12,toulouse,mark mckenzie,Mark McKenzie,924485,1
5802933,2026-27,FRA1,2026-09-12,toulouse,seny koumbassa,Seny Koumbassa,1791729,1
5802933,2026-27,FRA1,2026-09-12,toulouse,christ tape,Christ Tapé,1666482,1
5802933,2026-27,FRA1,2026-09-12,toulouse,cristian casseres,Cristian Cásseres,845943,1
5802933,2026-27,FRA1,2026-09-12,toulouse,niklas schmidt,Niklas Schmidt,637754,1
5802933,2026-27,FRA1,2026-09-12,toulouse,santiago hidalgo,Santiago Hidalgo,1362516,1
5802933,2026-27,FRA1,2026-09-12,toulouse,thomas jorgensen,Thomas Jørgensen,1481910,1
5802933,2026-27,FRA1,2026-09-12,toulouse,ilyas azizi,Ilyas Azizi,1751857,1
5802933,2026-27,FRA1,2026-09-12,toulouse,jacen russell rowe,Jacen Russell-Rowe,1106866,1
5802933,2026-27,FRA1,2026-09-12,toulouse,niko sigur,Niko Sigur,1494508,0
5802933,2026-27,FRA1,2026-09-12,toulouse,casper tengstedt,Casper Tengstedt,1102240,0
5802933,2026-27,FRA1,2026-09-12,toulouse,sion oppong,Sion Oppong,1717493,0
5802933,2026-27,FRA1,2026-09-12,toulouse,ismail diallo,Ismaïl Diallo,1668299,0
5802933,2026-27,FRA1,2026-09-12,toulouse,alexis vossah,Alexis Vossah,1791727,0
5802933,2026-27,FRA1,2026-09-12,toulouse,theo collin,Theo Collin,2221627,0
5802933,2026-27,FRA1,2026-09-12,toulouse,david odogu,David Odogu,1469996,0
5802933,2026-27,FRA1,2026-09-12,toulouse,mathis amougou,Mathis Amougou,1581053,0
5802933,2026-27,FRA1,2026-09-12,toulouse,julian vignolo,Julián Vignolo,1611220,0
5802934,2026-27,FRA1,2026-09-12,paris fc,kevin trapp,Kevin Trapp,145550,1
5802934,2026-27,FRA1,2026-09-12,paris fc,samir chergui,Samir Chergui,1039219,1
5802934,2026-27,FRA1,2026-09-12,paris fc,diego coppola,Diego Coppola,1321562,1
5802934,2026-27,FRA1,2026-09-12,paris fc,hamari traore,Hamari Traoré,426892,1
5802934,2026-27,FRA1,2026-09-12,paris fc,adama camara,Adama Camara,1513317,1
5802934,2026-27,FRA1,2026-09-12,paris fc,maxime lopez,Maxime Lopez,614207,1
5802934,2026-27,FRA1,2026-09-12,paris fc,pierre lees melou,Pierre Lees-Melou,660462,1
5802934,2026-27,FRA1,2026-09-12,paris fc,luca koleosho,Luca Koleosho,1368318,1
5802934,2026-27,FRA1,2026-09-12,paris fc,ilan kebbal,Ilan Kebbal,999690,1
5802934,2026-27,FRA1,2026-09-12,paris fc,pablo pagis,Pablo Pagis,1331097,1
5802934,2026-27,FRA1,2026-09-12,paris fc,lassine sinayoko,Lassine Sinayoko,923196,1
5802934,2026-27,FRA1,2026-09-12,paris fc,rudy matondo,Rudy Matondo,1738340,0
5802934,2026-27,FRA1,2026-09-12,paris fc,moses simon,Moses Simon,467486,0
5802934,2026-27,FRA1,2026-09-12,paris fc,jonathan ikone,Jonathan Ikoné,637745,0
5802934,2026-27,FRA1,2026-09-12,paris fc,obed nkambadio,Obed Nkambadio,1127125,0
5802934,2026-27,FRA1,2026-09-12,paris fc,mamadou mbow,Mamadou Mbow,1053678,0
5802934,2026-27,FRA1,2026-09-12,paris fc,yoan kore,Yoan Koré,1283024,0
5802934,2026-27,FRA1,2026-09-12,paris fc,patrick zabi,Patrick Zabi,1709839,0
5802934,2026-27,FRA1,2026-09-12,paris fc,vincent marchetti,Vincent Marchetti,640292,0
5802934,2026-27,FRA1,2026-09-12,paris fc,omar sissoko,Omar Sissoko,1529204,0
5802934,2026-27,FRA1,2026-09-12,lyon,dominik greif,Dominik Greif,651910,1
5802934,2026-27,FRA1,2026-09-12,lyon,zachary athekame,Zachary Athekame,1595629,1
5802934,2026-27,FRA1,2026-09-12,lyon,felix bacher,Felix Bacher,951498,1
5802934,2026-27,FRA1,2026-09-12,lyon,moussa niakhate,Moussa Niakhaté,592102,1
5802934,2026-27,FRA1,2026-09-12,lyon,abner,Abner,1060604,1
5802934,2026-27,FRA1,2026-09-12,lyon,mads bidstrup,Mads Bidstrup,1081025,1
5802934,2026-27,FRA1,2026-09-12,lyon,tyler morton,Tyler Morton,1113724,1
5802934,2026-27,FRA1,2026-09-12,lyon,ernest nuamah,Ernest Nuamah,1338390,1
5802934,2026-27,FRA1,2026-09-12,lyon,pavel sulc,Pavel Šulc,1037539,1
5802934,2026-27,FRA1,2026-09-12,lyon,corentin tolisso,Corentin Tolisso,473852,1
5802934,2026-27,FRA1,2026-09-12,lyon,lois openda,Loïs Openda,747767,1
5802934,2026-27,FRA1,2026-09-12,lyon,keito nakamura,Keito Nakamura,887704,0
5802934,2026-27,FRA1,2026-09-12,lyon,kail boudache,Kaïl Boudache,1896949,0
5802934,2026-27,FRA1,2026-09-12,lyon,tanner tessmann,Tanner Tessmann,1057433,0
5802934,2026-27,FRA1,2026-09-12,lyon,remy descamps,Rémy Descamps,767014,0
5802934,2026-27,FRA1,2026-09-12,lyon,clinton mata,Clinton Mata,266105,0
5802934,2026-27,FRA1,2026-09-12,lyon,nicolas tagliafico,Nicolás Tagliafico,195750,0
5802934,2026-27,FRA1,2026-09-12,lyon,ruben kluivert,Ruben Kluivert,1125076,0
5802934,2026-27,FRA1,2026-09-12,lyon,khalis merah,Khalis Merah,1793640,0
5802934,2026-27,FRA1,2026-09-12,lyon,noah nartey,Noah Nartey,1368710,0
5802935,2026-27,FRA1,2026-09-11,rennes,brice samba,Brice Samba,279714,1
5802935,2026-27,FRA1,2026-09-11,rennes,przemyslaw frankowski,Przemysław Frankowski,402419,1
5802935,2026-27,FRA1,2026-09-11,rennes,charlie cresswell,Charlie Cresswell,1186444,1
5802935,2026-27,FRA1,2026-09-11,rennes,anthony rouault,Anthony Rouault,1079554,1
5802935,2026-27,FRA1,2026-09-11,rennes,mahamadou nagida,Mahamadou Nagida,1553514,1
5802935,2026-27,FRA1,2026-09-11,rennes,adrien thomasson,Adrien Thomasson,317062,1
5802935,2026-27,FRA1,2026-09-11,rennes,valentin rongier,Valentin Rongier,562719,1
5802935,2026-27,FRA1,2026-09-11,rennes,mahdi camara,Mahdi Camara,770321,1
5802935,2026-27,FRA1,2026-09-11,rennes,ludovic blas,Ludovic Blas,693171,1
5802935,2026-27,FRA1,2026-09-11,rennes,esteban lepaul,Estéban Lepaul,1280225,1
5802935,2026-27,FRA1,2026-09-11,rennes,issa soumare,Issa Soumaré,1103837,1
5802935,2026-27,FRA1,2026-09-11,rennes,mousa tamari,Mousa Tamari,813055,0
5802935,2026-27,FRA1,2026-09-11,rennes,bryan reynolds,Bryan Reynolds,924446,0
5802935,2026-27,FRA1,2026-09-11,rennes,sebastian szymanski,Sebastian Szymański,765466,0
5802935,2026-27,FRA1,2026-09-11,rennes,boulaye dia,Boulaye Dia,972120,0
5802935,2026-27,FRA1,2026-09-11,rennes,eliezer mayenda,Eliezer Mayenda,1391052,0
5802935,2026-27,FRA1,2026-09-11,rennes,nicolas lemaitre,Nicolas Lemaître,625422,0
5802935,2026-27,FRA1,2026-09-11,rennes,abdelhamid ait boudlal,Abdelhamid Aït Boudlal,1581722,0
5802935,2026-27,FRA1,2026-09-11,rennes,quentin merlin,Quentin Merlin,1233931,0
5802935,2026-27,FRA1,2026-09-11,rennes,henrick do marcolino,Henrick Do Marcolino,1707955,0
5802935,2026-27,FRA1,2026-09-11,marseille,jeffrey de lange,Jeffrey De Lange,687868,1
5802935,2026-27,FRA1,2026-09-11,marseille,timothy weah,Timothy Weah,889536,1
5802935,2026-27,FRA1,2026-09-11,marseille,cj egan riley,CJ Egan-Riley,1187227,1
5802935,2026-27,FRA1,2026-09-11,marseille,nayef aguerd,Nayef Aguerd,617310,1
5802935,2026-27,FRA1,2026-09-11,marseille,emerson,Emerson,267371,1
5802935,2026-27,FRA1,2026-09-11,marseille,himad abdelli,Himad Abdelli,956659,1
5802935,2026-27,FRA1,2026-09-11,marseille,pierre emile hojbjerg,Pierre-Emile Højbjerg,266523,1
5802935,2026-27,FRA1,2026-09-11,marseille,amine harit,Amine Harit,780815,1
5802935,2026-27,FRA1,2026-09-11,marseille,angel gomes,Angel Gomes,848667,1
5802935,2026-27,FRA1,2026-09-11,marseille,igor paixao,Igor Paixão,1265963,1
5802935,2026-27,FRA1,2026-09-11,marseille,amine gouiri,Amine Gouiri,844437,1
5802935,2026-27,FRA1,2026-09-11,marseille,keyliane abdallah,Keyliane Abdallah,1638922,0
5802935,2026-27,FRA1,2026-09-11,marseille,neal maupay,Neal Maupay,391064,0
5802935,2026-27,FRA1,2026-09-11,marseille,derek cornelius,Derek Cornelius,847629,0
5802935,2026-27,FRA1,2026-09-11,marseille,faris moumbagna,Faris Moumbagna,952325,0
5802935,2026-27,FRA1,2026-09-11,marseille,tadjidine mmadi,Tadjidine Mmadi,1814264,0
5802935,2026-27,FRA1,2026-09-11,marseille,theo vermot,Théo Vermot,1078904,0
5802935,2026-27,FRA1,2026-09-11,marseille,bamo meite,Bamo Meité,1287489,0
5802935,2026-27,FRA1,2026-09-11,marseille,ulisses garcia,Ulisses Garcia,520979,0
5802935,2026-27,FRA1,2026-09-11,marseille,nouhoum kamissoko,Nouhoum Kamissoko,1698484,0
5802936,2026-27,FRA1,2026-09-12,strasbourg,filip jorgensen,Filip Jörgensen,1200984,1
5802936,2026-27,FRA1,2026-09-12,strasbourg,genesis antwi,Genesis Antwi,1647186,1
5802936,2026-27,FRA1,2026-09-12,strasbourg,jeyland mitchell,Jeyland Mitchell,1340071,1
5802936,2026-27,FRA1,2026-09-12,strasbourg,ismael doukoure,Ismaël Doukouré,1178332,1
5802936,2026-27,FRA1,2026-09-12,strasbourg,oso,Oso,1575945,1
5802936,2026-27,FRA1,2026-09-12,strasbourg,pape demba diop,Pape Demba Diop,1417802,1
5802936,2026-27,FRA1,2026-09-12,strasbourg,diogo sousa,Diogo Sousa,1701117,1
5802936,2026-27,FRA1,2026-09-12,strasbourg,gessime yassine,Gessime Yassine,1603755,1
5802936,2026-27,FRA1,2026-09-12,strasbourg,giovanni reyna,Giovanni Reyna,1071179,1
5802936,2026-27,FRA1,2026-09-12,strasbourg,sebastian nanasi,Sebastian Nanasi,1156569,1
5802936,2026-27,FRA1,2026-09-12,strasbourg,jacobo ortega,Jacobo Ortega,1677224,1
5802936,2026-27,FRA1,2026-09-12,strasbourg,dario essugo,Dário Essugo,1239595,0
5802936,2026-27,FRA1,2026-09-12,strasbourg,conrad harder,Conrad Harder,1482294,0
5802936,2026-27,FRA1,2026-09-12,strasbourg,samir el mourabet,Samir El Mourabet,1598170,0
5802936,2026-27,FRA1,2026-09-12,strasbourg,samuel amo ameyaw,Samuel Amo-Ameyaw,1418073,0
5802936,2026-27,FRA1,2026-09-12,strasbourg,karim coulibaly,Karim Coulibaly,1643851,0
5802936,2026-27,FRA1,2026-09-12,strasbourg,milosz piekutowski,Miłosz Piekutowski,1283393,0
5802936,2026-27,FRA1,2026-09-12,strasbourg,lucas hogsberg,Lucas Høgsberg,1436942,0
5802936,2026-27,FRA1,2026-09-12,strasbourg,benjamin brantlind,Benjamin Brantlind,1611469,0
5802936,2026-27,FRA1,2026-09-12,strasbourg,tyrese noubissie,Tyrese Noubissie,1900030,0
5802936,2026-27,FRA1,2026-09-12,monaco,lukas hradecky,Lukás Hrádecky,66757,1
5802936,2026-27,FRA1,2026-09-12,monaco,vanderson,Vanderson,1207992,1
5802936,2026-27,FRA1,2026-09-12,monaco,sadibou sane,Sadibou Sané,1523208,1
5802936,2026-27,FRA1,2026-09-12,monaco,eric dier,Eric Dier,361315,1
5802936,2026-27,FRA1,2026-09-12,monaco,flavio nazinho,Flávio Nazinho,1239590,1
5802936,2026-27,FRA1,2026-09-12,monaco,lamine camara,Lamine Camara,1436305,1
5802936,2026-27,FRA1,2026-09-12,monaco,denis zakaria,Denis Zakaria,598355,1
5802936,2026-27,FRA1,2026-09-12,monaco,stanis idumbo,Stanis Idumbo,1366936,1
5802936,2026-27,FRA1,2026-09-12,monaco,aleksandr golovin,Aleksandr Golovin,586388,1
5802936,2026-27,FRA1,2026-09-12,monaco,anis soubeir,Anis Soubeir,2130847,1
5802936,2026-27,FRA1,2026-09-12,monaco,paris brunner,Paris Brunner,1412956,1
5802936,2026-27,FRA1,2026-09-12,monaco,matthis abline,Matthis Abline,1250492,0
5802936,2026-27,FRA1,2026-09-12,monaco,mathys detourbet,Mathys Detourbet,1709473,0
5802936,2026-27,FRA1,2026-09-12,monaco,philipp kohn,Philipp Köhn,872934,0
5802936,2026-27,FRA1,2026-09-12,monaco,christian mawissa,Christian Mawissa,1406428,0
5802936,2026-27,FRA1,2026-09-12,monaco,mohammed salisu,Mohammed Salisu,938247,0
5802936,2026-27,FRA1,2026-09-12,monaco,ilane toure,Ilane Touré,1815791,0
5802936,2026-27,FRA1,2026-09-12,monaco,pape cabral,Pape Cabral,1791739,0
5802936,2026-27,FRA1,2026-09-12,monaco,mika biereth,Mika Biereth,1113809,0
5802936,2026-27,FRA1,2026-09-12,monaco,safouane benzahra,Safouane Benzahra,1845327,0
5803105,2026-27,FRA1,2026-08-23,rennes,brice samba,Brice Samba,279714,1
5803105,2026-27,FRA1,2026-08-23,rennes,przemyslaw frankowski,Przemyslaw Frankowski,402419,1
5803105,2026-27,FRA1,2026-08-23,rennes,charlie cresswell,Charlie Cresswell,1186444,1
5803105,2026-27,FRA1,2026-08-23,rennes,abdelhamid ait boudlal,Abdelhamid Aït Boudlal,1581722,1
5803105,2026-27,FRA1,2026-08-23,rennes,mahamadou nagida,Mahamadou Nagida,1553514,1
5803105,2026-27,FRA1,2026-08-23,rennes,sebastian szymanski,Sebastian Szymanski,765466,1
5803105,2026-27,FRA1,2026-08-23,rennes,valentin rongier,Valentin Rongier,562719,1
5803105,2026-27,FRA1,2026-08-23,rennes,adrien thomasson,Adrien Thomasson,317062,1
5803105,2026-27,FRA1,2026-08-23,rennes,mousa tamari,Mousa Tamari,813055,1
5803105,2026-27,FRA1,2026-08-23,rennes,esteban lepaul,Estéban Lepaul,1280225,1
5803105,2026-27,FRA1,2026-08-23,rennes,issa soumare,Issa Soumaré,1103837,1
5803105,2026-27,FRA1,2026-08-23,rennes,ludovic blas,Ludovic Blas,693171,0
5803105,2026-27,FRA1,2026-08-23,rennes,quentin merlin,Quentin Merlin,1233931,0
5803105,2026-27,FRA1,2026-08-23,rennes,henrick do marcolino,Henrick Do Marcolino,1707955,0
5803105,2026-27,FRA1,2026-08-23,rennes,bryan reynolds,Bryan Reynolds,924446,0
5803105,2026-27,FRA1,2026-08-23,rennes,arnaud nordin,Arnaud Nordin,770340,0
5803105,2026-27,FRA1,2026-08-23,rennes,kilian belazzoug,Kilian Belazzoug,1841191,0
5803105,2026-27,FRA1,2026-08-23,rennes,anthony rouault,Anthony Rouault,1079554,0
5803105,2026-27,FRA1,2026-08-23,rennes,elias legendre,Elías Legendre,1858591,0
5803105,2026-27,FRA1,2026-08-23,rennes,eliezer mayenda,Eliezer Mayenda,1391052,0
5803105,2026-27,FRA1,2026-08-23,paris saint germain,matvey safonov,Matvey Safonov,800880,1
5803105,2026-27,FRA1,2026-08-23,paris saint germain,achraf hakimi,Achraf Hakimi,770881,1
5803105,2026-27,FRA1,2026-08-23,paris saint germain,marquinhos,Marquinhos,267365,1
5803105,2026-27,FRA1,2026-08-23,paris saint germain,willian pacho,Willian Pacho,1137670,1
5803105,2026-27,FRA1,2026-08-23,paris saint germain,lucas hernandez,Lucas Hernández,504606,1
5803105,2026-27,FRA1,2026-08-23,paris saint germain,warren zaire emery,Warren Zaïre-Emery,1367615,1
5803105,2026-27,FRA1,2026-08-23,paris saint germain,vitinha,Vítinha,1061249,1
5803105,2026-27,FRA1,2026-08-23,paris saint germain,joao neves,João Neves,1342757,1
5803105,2026-27,FRA1,2026-08-23,paris saint germain,desire doue,Désiré Doué,1339208,1
5803105,2026-27,FRA1,2026-08-23,paris saint germain,ousmane dembele,Ousmane Dembélé,692984,1
5803105,2026-27,FRA1,2026-08-23,paris saint germain,khvicha kvaratskhelia,Khvicha Kvaratskhelia,900433,1
5803105,2026-27,FRA1,2026-08-23,paris saint germain,ferran torres,Ferrán Torres,881771,0
5803105,2026-27,FRA1,2026-08-23,paris saint germain,mika godts,Mika Godts,1396372,0
5803105,2026-27,FRA1,2026-08-23,paris saint germain,fabian ruiz,Fabián Ruiz,605654,0
5803105,2026-27,FRA1,2026-08-23,paris saint germain,maghnes akliouche,Maghnes Akliouche,1305618,0
5803105,2026-27,FRA1,2026-08-23,paris saint germain,lucas beraldo,Lucas Beraldo,1255209,0
5803105,2026-27,FRA1,2026-08-23,paris saint germain,lucas chevalier,Lucas Chevalier,1177131,0
5803105,2026-27,FRA1,2026-08-23,paris saint germain,ilya zabarnyi,Ilya Zabarnyi,1140003,0
5803105,2026-27,FRA1,2026-08-23,paris saint germain,lucas digne,Lucas Digne,210111,0
5803105,2026-27,FRA1,2026-08-23,paris saint germain,dro fernandez,Dro Fernández,1682313,0
5868011,2026-27,ESP1,2026-08-15,alaves,antonio sivera,Antonio Sivera,530468,1
5868011,2026-27,ESP1,2026-08-15,alaves,nahuel tenaglia,Nahuel Tenaglia,860314,1
5868011,2026-27,ESP1,2026-08-15,alaves,ville koski,Ville Koski,1056461,1
5868011,2026-27,ESP1,2026-08-15,alaves,jonny otto,Jonny Otto,360918,1
5868011,2026-27,ESP1,2026-08-15,alaves,angel perez,Ángel Pérez,1563022,1
5868011,2026-27,ESP1,2026-08-15,alaves,pablo ibanez,Pablo Ibánez,1238154,1
5868011,2026-27,ESP1,2026-08-15,alaves,antonio blanco,Antonio Blanco,845998,1
5868011,2026-27,ESP1,2026-08-15,alaves,denis suarez,Denis Suárez,282281,1
5868011,2026-27,ESP1,2026-08-15,alaves,abderrahman rebbach,Abderrahman Rebbach,1200941,1
5868011,2026-27,ESP1,2026-08-15,alaves,toni martinez,Toni Martínez,640123,1
5868011,2026-27,ESP1,2026-08-15,alaves,aitor manas,Aitor Mañas,1553663,1
5868011,2026-27,ESP1,2026-08-15,alaves,mikel rodriguez,Mikel Rodríguez,1426189,0
5868011,2026-27,ESP1,2026-08-15,alaves,mariano diaz,Mariano Díaz,518525,0
5868011,2026-27,ESP1,2026-08-15,alaves,youssef enriquez,Youssef Enríquez,1403692,0
5868011,2026-27,ESP1,2026-08-15,alaves,ander guevara,Ander Guevara,873827,0
5868011,2026-27,ESP1,2026-08-15,alaves,carles alena,Carles Aleñá,637756,0
5868011,2026-27,ESP1,2026-08-15,alaves,adrian rodriguez,Adrián Rodriguez,1136937,0
5868011,2026-27,ESP1,2026-08-15,alaves,gregoire swiderski,Grégoire Swiderski,1467806,0
5868011,2026-27,ESP1,2026-08-15,alaves,carlos protesoni,Carlos Protesoni,799914,0
5868011,2026-27,ESP1,2026-08-15,alaves,hugo novoa,Hugo Novoa,1175969,0
5868011,2026-27,ESP1,2026-08-15,alaves,moussa diarra,Moussa Diarra,1054522,0
5868011,2026-27,ESP1,2026-08-15,alaves,xanet olaiz,Xanet Oláiz,1721181,0
5868011,2026-27,ESP1,2026-08-15,alaves,miguel rodriguez,Miguel Rodríguez,1184663,0
5868011,2026-27,ESP1,2026-08-15,getafe,david soria,David Soria,581919,1
5868011,2026-27,ESP1,2026-08-15,getafe,djene,Djené,421365,1
5868011,2026-27,ESP1,2026-08-15,getafe,abdelkabir abqar,Abdelkabir Abqar,956921,1
5868011,2026-27,ESP1,2026-08-15,getafe,zaid abner romero,Zaid Abner Romero,1118199,1
5868011,2026-27,ESP1,2026-08-15,getafe,kiko,Kiko,175311,1
5868011,2026-27,ESP1,2026-08-15,getafe,ramon terrats,Ramón Terrats,1202587,1
5868011,2026-27,ESP1,2026-08-15,getafe,orel mangala,Orel Mangala,765693,1
5868011,2026-27,ESP1,2026-08-15,getafe,mario martin,Mario Martín,1321605,1
5868011,2026-27,ESP1,2026-08-15,getafe,davinchi,Davinchi,1676086,1
5868011,2026-27,ESP1,2026-08-15,getafe,andres garcia,Andrés García,1430406,1
5868011,2026-27,ESP1,2026-08-15,getafe,martin satriano,Martín Satriano,1197039,1
5868011,2026-27,ESP1,2026-08-15,getafe,enes unal,Enes Ünal,464486,0
5868011,2026-27,ESP1,2026-08-15,getafe,alberto risco,Alberto Risco,1637438,0
5868011,2026-27,ESP1,2026-08-15,getafe,jean ives valou,Jean Ives Valou,1792368,0
5868011,2026-27,ESP1,2026-08-15,getafe,saba sazonov,Saba Sazonov,1179368,0
5868011,2026-27,ESP1,2026-08-15,getafe,sebastian boselli,Sebastián Boselli,1414777,0
5868011,2026-27,ESP1,2026-08-15,getafe,diego ferrer,Diego Ferrer,1669215,0
5868011,2026-27,ESP1,2026-08-15,getafe,jiri letacek,Jirí Letácek,1178641,0
5868011,2026-27,ESP1,2026-08-15,getafe,johan mojica,Johan Mojica,474673,0
5868011,2026-27,ESP1,2026-08-15,getafe,borja mayoral,Borja Mayoral,635772,0
5868011,2026-27,ESP1,2026-08-15,getafe,ebrahima drammeh,Ebrahima Drammeh,2110934,0
5868012,2026-27,ESP1,2026-08-19,atletico madrid,jan oblak,Jan Oblak,177126,1
5868012,2026-27,ESP1,2026-08-19,atletico madrid,jorge dominguez,Jorge Domínguez,1842329,1
5868012,2026-27,ESP1,2026-08-19,atletico madrid,robin le normand,Robin Le Normand,609516,1
5868012,2026-27,ESP1,2026-08-19,atletico madrid,david hancko,Dávid Hancko,727897,1
5868012,2026-27,ESP1,2026-08-19,atletico madrid,carlos martin,Carlos Martín,1282015,1
5868012,2026-27,ESP1,2026-08-19,atletico madrid,dani martinez,Dani Martinez,1531100,1
5868012,2026-27,ESP1,2026-08-19,atletico madrid,rodrigo mendoza,Rodrigo Mendoza,1419969,1
5868012,2026-27,ESP1,2026-08-19,atletico madrid,pablo barrios,Pablo Barrios,1338192,1
5868012,2026-27,ESP1,2026-08-19,atletico madrid,koke,Koke,184533,1
5868012,2026-27,ESP1,2026-08-19,atletico madrid,arnau ortiz,Arnau Ortiz,1297989,1
5868012,2026-27,ESP1,2026-08-19,atletico madrid,ademola lookman,Ademola Lookman,690516,1
5868012,2026-27,ESP1,2026-08-19,atletico madrid,marcos llorente,Marcos Llorente,602563,0
5868012,2026-27,ESP1,2026-08-19,atletico madrid,alex baena,Álex Baena,942372,0
5868012,2026-27,ESP1,2026-08-19,atletico madrid,giuliano simeone,Giuliano Simeone,1226147,0
5868012,2026-27,ESP1,2026-08-19,atletico madrid,kang in lee,Kang-In Lee,940976,0
5868012,2026-27,ESP1,2026-08-19,atletico madrid,morten hjulmand,Morten Hjulmand,950199,0
5868012,2026-27,ESP1,2026-08-19,atletico madrid,juan musso,Juan Musso,389050,0
5868012,2026-27,ESP1,2026-08-19,atletico madrid,jose gimenez,José Giménez,474589,0
5868012,2026-27,ESP1,2026-08-19,atletico madrid,marc pubill,Marc Pubill,1323897,0
5868012,2026-27,ESP1,2026-08-19,atletico madrid,alejandro grimaldo,Alejandro Grimaldo,288406,0
5868012,2026-27,ESP1,2026-08-19,atletico madrid,johnny cardoso,Johnny Cardoso,1173678,0
5868012,2026-27,ESP1,2026-08-19,atletico madrid,jorge castillo,Jorge Castillo,1692877,0
5868012,2026-27,ESP1,2026-08-19,atletico madrid,miguel llorente,Miguel Llorente,1842315,0
5868012,2026-27,ESP1,2026-08-19,malaga,alfonso herrero,Alfonso Herrero,616538,1
5868012,2026-27,ESP1,2026-08-19,malaga,carlos puga,Carlos Puga,1668274,1
5868012,2026-27,ESP1,2026-08-19,malaga,angel recio,Ángel Recio,1260010,1
5868012,2026-27,ESP1,2026-08-19,malaga,einar galilea,Einar Galilea,516803,1
5868012,2026-27,ESP1,2026-08-19,malaga,rafita,Rafita,1717331,1
5868012,2026-27,ESP1,2026-08-19,malaga,david larrubia,David Larrubia,1108863,1
5868012,2026-27,ESP1,2026-08-19,malaga,dani lorenzo,Dani Lorenzo,1317624,1
5868012,2026-27,ESP1,2026-08-19,malaga,izan merino,Izan Merino,1669619,1
5868012,2026-27,ESP1,2026-08-19,malaga,joaquin munoz,Joaquín Muñoz,951739,1
5868012,2026-27,ESP1,2026-08-19,malaga,carlos dotor,Carlos Dotor,1209421,1
5868012,2026-27,ESP1,2026-08-19,malaga,chupe,Chupe,1669622,1
5868012,2026-27,ESP1,2026-08-19,malaga,juan cruz,Juan Cruz,940608,0
5868012,2026-27,ESP1,2026-08-19,malaga,rafa rodriguez,Rafa Rodríguez,1434474,0
5868012,2026-27,ESP1,2026-08-19,malaga,jose salinas,José Salinas,1187478,0
5868012,2026-27,ESP1,2026-08-19,malaga,ramon enriquez,Ramón Enríquez,1082957,0
5868012,2026-27,ESP1,2026-08-19,malaga,eneko jauregi,Eneko Jauregi,722830,0
5868012,2026-27,ESP1,2026-08-19,malaga,carlos lopez,Carlos López,1426161,0
5868012,2026-27,ESP1,2026-08-19,malaga,alex pastor,Álex Pastor,1256463,0
5868012,2026-27,ESP1,2026-08-19,malaga,haitam abaida,Haitam Abaida,1220748,0
5868012,2026-27,ESP1,2026-08-19,malaga,joseph otu,Joseph Otu,1810991,0
5868012,2026-27,ESP1,2026-08-19,malaga,julen lobete,Julen Lobete,1098594,0
5868012,2026-27,ESP1,2026-08-19,malaga,juan fernandez,Juan Fernandez,1839193,0
5868013,2026-27,ESP1,2026-08-27,celta vigo,ionut radu,Ionut Radu,681213,1
5868013,2026-27,ESP1,2026-08-27,celta vigo,javi rodriguez,Javi Rodríguez,1435439,1
5868013,2026-27,ESP1,2026-08-27,celta vigo,yoel lago,Yoel Lago,1578176,1
5868013,2026-27,ESP1,2026-08-27,celta vigo,marcos alonso,Marcos Alonso,196169,1
5868013,2026-27,ESP1,2026-08-27,celta vigo,javi rueda,Javi Rueda,1310440,1
5868013,2026-27,ESP1,2026-08-27,celta vigo,miguel roman,Miguel Román,1359911,1
5868013,2026-27,ESP1,2026-08-27,celta vigo,ilaix moriba,Ilaix Moriba,1109046,1
5868013,2026-27,ESP1,2026-08-27,celta vigo,javi galan,Javi Galán,695062,1
5868013,2026-27,ESP1,2026-08-27,celta vigo,iago aspas,Iago Aspas,174472,1
5868013,2026-27,ESP1,2026-08-27,celta vigo,williot swedberg,Williot Swedberg,1272740,1
5868013,2026-27,ESP1,2026-08-27,celta vigo,pablo duran,Pablo Durán,1322858,1
5868013,2026-27,ESP1,2026-08-27,celta vigo,carl starfelt,Carl Starfelt,497662,0
5868013,2026-27,ESP1,2026-08-27,celta vigo,jones el abdellaoui,Jones El-Abdellaoui,1379196,0
5868013,2026-27,ESP1,2026-08-27,celta vigo,sergio carreira,Sergio Carreira,1106742,0
5868013,2026-27,ESP1,2026-08-27,celta vigo,hugo alvarez,Hugo Álvarez,1308414,0
5868013,2026-27,ESP1,2026-08-27,celta vigo,ferran jutgla,Ferrán Jutglà,1102732,0
5868013,2026-27,ESP1,2026-08-27,celta vigo,altay bayindir,Altay Bayindir,866967,0
5868013,2026-27,ESP1,2026-08-27,celta vigo,abdoulaye faye,Abdoulaye Faye,1555492,0
5868013,2026-27,ESP1,2026-08-27,celta vigo,alvaro nunez,Álvaro Núñez,1132355,0
5868013,2026-27,ESP1,2026-08-27,celta vigo,aleix febas,Aleix Febas,671686,0
5868013,2026-27,ESP1,2026-08-27,celta vigo,hugo burcio,Hugo Burcio,1825995,0
5868013,2026-27,ESP1,2026-08-27,celta vigo,andres antanon,Andrés Antañón,1732791,0
5868013,2026-27,ESP1,2026-08-27,celta vigo,hugo gonzalez,Hugo González,1226783,0
5868013,2026-27,ESP1,2026-08-27,osasuna,sergio herrera,Sergio Herrera,683762,1
5868013,2026-27,ESP1,2026-08-27,osasuna,asier osambela,Asier Osambela,1431121,1
5868013,2026-27,ESP1,2026-08-27,osasuna,alejandro catena,Alejandro Catena,814663,1
5868013,2026-27,ESP1,2026-08-27,osasuna,jorge herrando,Jorge Herrando,1098365,1
5868013,2026-27,ESP1,2026-08-27,osasuna,inigo arguibide,Iñigo Arguibide,1614872,1
5868013,2026-27,ESP1,2026-08-27,osasuna,abel bretones,Abel Bretones,1323398,1
5868013,2026-27,ESP1,2026-08-27,osasuna,jonathan dubasin,Jonathan Dubasin,1242139,1
5868013,2026-27,ESP1,2026-08-27,osasuna,jon moncayola,Jon Moncayola,921825,1
5868013,2026-27,ESP1,2026-08-27,osasuna,lucas torro,Lucas Torró,303879,1
5868013,2026-27,ESP1,2026-08-27,osasuna,enrique barja,Enrique Barja,574624,1
5868013,2026-27,ESP1,2026-08-27,osasuna,raul garcia,Raúl García,1094778,1
5868013,2026-27,ESP1,2026-08-27,osasuna,iker munoz,Iker Muñoz,1323863,0
5868013,2026-27,ESP1,2026-08-27,osasuna,ante budimir,Ante Budimir,251269,0
5868013,2026-27,ESP1,2026-08-27,osasuna,ruben garcia,Rubén Garcia,384413,0
5868013,2026-27,ESP1,2026-08-27,osasuna,moi gomez,Moi Gómez,262592,0
5868013,2026-27,ESP1,2026-08-27,osasuna,aimar oroz,Aimar Oroz,1054786,0
5868013,2026-27,ESP1,2026-08-27,osasuna,aitor fernandez,Aitor Fernández,213471,0
5868013,2026-27,ESP1,2026-08-27,osasuna,diego rico,Diego Rico,488718,0
5868013,2026-27,ESP1,2026-08-27,osasuna,flavien boyomo,Flavien Boyomo,1187734,0
5868013,2026-27,ESP1,2026-08-27,osasuna,unai santos,Unai Santos,1682298,0
5868013,2026-27,ESP1,2026-08-27,osasuna,mauro echegoyen,Mauro Echegoyen,1699317,0
5868013,2026-27,ESP1,2026-08-27,osasuna,asier bonel,Asier Bonel,1752349,0
5868013,2026-27,ESP1,2026-08-27,osasuna,raul moro,Raúl Moro,1169596,0
5868014,2026-27,ESP1,2026-08-17,deportivo a coruna,leo roman,Leo Román,1187702,1
5868014,2026-27,ESP1,2026-08-17,deportivo a coruna,ximo navarro,Ximo Navarro,260659,1
5868014,2026-27,ESP1,2026-08-17,deportivo a coruna,lucas noubi,Lucas Noubi,1332025,1
5868014,2026-27,ESP1,2026-08-17,deportivo a coruna,bright ede,Bright Ede,1711969,1
5868014,2026-27,ESP1,2026-08-17,deportivo a coruna,giacomo quagliata,Giacomo Quagliata,1077977,1
5868014,2026-27,ESP1,2026-08-17,deportivo a coruna,lorenzo amatucci,Lorenzo Amatucci,1425989,1
5868014,2026-27,ESP1,2026-08-17,deportivo a coruna,mario soriano,Mario Soriano,1050828,1
5868014,2026-27,ESP1,2026-08-17,deportivo a coruna,adria altimira,Adrià Altimira,1256478,1
5868014,2026-27,ESP1,2026-08-17,deportivo a coruna,bil nsongo,Bil Nsongo,1690831,1
5868014,2026-27,ESP1,2026-08-17,deportivo a coruna,jonathan asp,Jonathan Asp,1621150,1
5868014,2026-27,ESP1,2026-08-17,deportivo a coruna,pierre emerick aubameyang,Pierre-Emerick Aubameyang,150565,1
5868014,2026-27,ESP1,2026-08-17,deportivo a coruna,diego villares,Diego Villares,988178,0
5868014,2026-27,ESP1,2026-08-17,deportivo a coruna,zakaria eddahchouri,Zakaria Eddahchouri,1029029,0
5868014,2026-27,ESP1,2026-08-17,deportivo a coruna,luismi cruz,Luismi Cruz,1204447,0
5868014,2026-27,ESP1,2026-08-17,deportivo a coruna,david mella,David Mella,1368655,0
5868014,2026-27,ESP1,2026-08-17,deportivo a coruna,kevin sanchez,Kevin Sánchez,1560023,0
5868014,2026-27,ESP1,2026-08-17,deportivo a coruna,alvaro fernandez,Álvaro Fernández,796781,0
5868014,2026-27,ESP1,2026-08-17,deportivo a coruna,german parreno,Germán Parreno,416409,0
5868014,2026-27,ESP1,2026-08-17,deportivo a coruna,arnau comas,Arnau Comas,1120002,0
5868014,2026-27,ESP1,2026-08-17,deportivo a coruna,miguel loureiro,Miguel Loureiro,800891,0
5868014,2026-27,ESP1,2026-08-17,deportivo a coruna,angelino,Angeliño,603537,0
5868014,2026-27,ESP1,2026-08-17,deportivo a coruna,riki rodriguez,Riki Rodríguez,970566,0
5868014,2026-27,ESP1,2026-08-17,deportivo a coruna,teun gijselhart,Teun Gijselhart,1466558,0
5868014,2026-27,ESP1,2026-08-17,elche,matias dituro,Matías Dituro,592412,1
5868014,2026-27,ESP1,2026-08-17,elche,david affengruber,David Affengruber,1073980,1
5868014,2026-27,ESP1,2026-08-17,elche,federico redondo,Federico Redondo,1277343,1
5868014,2026-27,ESP1,2026-08-17,elche,victor chust,Víctor Chust,1192393,1
5868014,2026-27,ESP1,2026-08-17,elche,buba sangare,Buba Sangaré,1583872,1
5868014,2026-27,ESP1,2026-08-17,elche,german valera,Germán Valera,1102708,1
5868014,2026-27,ESP1,2026-08-17,elche,gonzalo villar,Gonzalo Villar,881773,1
5868014,2026-27,ESP1,2026-08-17,elche,martim neto,Martim Neto,1226189,1
5868014,2026-27,ESP1,2026-08-17,elche,marc aguado,Marc Aguado,1392232,1
5868014,2026-27,ESP1,2026-08-17,elche,ali houary,Ali Houary,1670281,1
5868014,2026-27,ESP1,2026-08-17,elche,fer nino,Fer Niño,1127224,1
5868014,2026-27,ESP1,2026-08-17,elche,lucas cepeda,Lucas Cepeda,1280756,0
5868014,2026-27,ESP1,2026-08-17,elche,tete morente,Tete Morente,801213,0
5868014,2026-27,ESP1,2026-08-17,elche,umaru konare,Umaru Konare,1859341,0
5868014,2026-27,ESP1,2026-08-17,elche,javi morcillo,Javi Morcillo,1732412,0
5868014,2026-27,ESP1,2026-08-17,elche,alvaro padilla,Alvaro Padilla,1959218,0
5868014,2026-27,ESP1,2026-08-17,elche,alejandro iturbe,Alejandro Iturbe,1311126,0
5868014,2026-27,ESP1,2026-08-17,elche,matia barzic,Matia Barzic,1670276,0
5868014,2026-27,ESP1,2026-08-17,elche,pedro bigas,Pedro Bigas,291635,0
5868014,2026-27,ESP1,2026-08-17,elche,facundo buonanotte,Facundo Buonanotte,1336566,0
5868014,2026-27,ESP1,2026-08-17,elche,ezequiel ponce,Ezequiel Ponce,493216,0
5868014,2026-27,ESP1,2026-08-17,elche,josan,Josan,623982,0
5868014,2026-27,ESP1,2026-08-17,elche,nordin,Nordin,1531888,0
5868015,2026-27,ESP1,2026-08-16,espanyol,marko dmitrovic,Marko Dmitrovic,280818,1
5868015,2026-27,ESP1,2026-08-16,espanyol,omar el hilali,Omar El Hilali,1208708,1
5868015,2026-27,ESP1,2026-08-16,espanyol,clemens riedel,Clemens Riedel,1279557,1
5868015,2026-27,ESP1,2026-08-16,espanyol,unai nunez,Unai Núñez,805352,1
5868015,2026-27,ESP1,2026-08-16,espanyol,roger hinojo,Roger Hinojo,1727689,1
5868015,2026-27,ESP1,2026-08-16,espanyol,urko gonzalez,Urko González,1187767,1
5868015,2026-27,ESP1,2026-08-16,espanyol,edu exposito,Edu Expósito,837089,1
5868015,2026-27,ESP1,2026-08-16,espanyol,tyrhys dolan,Tyrhys Dolan,1181101,1
5868015,2026-27,ESP1,2026-08-16,espanyol,javi hernandez,Javi Hernández,1427828,1
5868015,2026-27,ESP1,2026-08-16,espanyol,alex calatrava,Álex Calatrava,1300457,1
5868015,2026-27,ESP1,2026-08-16,espanyol,roberto fernandez,Roberto Fernández,1252373,1
5868015,2026-27,ESP1,2026-08-16,espanyol,pol lozano,Pol Lozano,750031,0
5868015,2026-27,ESP1,2026-08-16,espanyol,rafel bauza,Rafel Bauzà,1609364,0
5868015,2026-27,ESP1,2026-08-16,espanyol,jofre carreras,Jofre Carreras,1184777,0
5868015,2026-27,ESP1,2026-08-16,espanyol,pere milla,Pere Milla,593129,0
5868015,2026-27,ESP1,2026-08-16,espanyol,marcos fernandez,Marcos Fernández,1407741,0
5868015,2026-27,ESP1,2026-08-16,espanyol,angel fortuno,Ángel Fortuno,1184772,0
5868015,2026-27,ESP1,2026-08-16,espanyol,llorenc serred,Llorenç Serred,1624106,0
5868015,2026-27,ESP1,2026-08-16,espanyol,adama timera,Adama Timera,1876774,0
5868015,2026-27,ESP1,2026-08-16,espanyol,jose angel,José Ángel,1687255,0
5868015,2026-27,ESP1,2026-08-16,espanyol,quilindschy hartman,Quilindschy Hartman,1393669,0
5868015,2026-27,ESP1,2026-08-16,espanyol,vanja drkusic,Vanja Drkusic,955204,0
5868015,2026-27,ESP1,2026-08-16,espanyol,gabriel moscardo,Gabriel Moscardo,1503655,0
5868015,2026-27,ESP1,2026-08-16,levante,mathew ryan,Mathew Ryan,185644,1
5868015,2026-27,ESP1,2026-08-16,levante,nacho perez,Nacho Pérez,1800611,1
5868015,2026-27,ESP1,2026-08-16,levante,adrian de la fuente,Adrián De La Fuente,952528,1
5868015,2026-27,ESP1,2026-08-16,levante,aissa mandi,Aïssa Mandi,210683,1
5868015,2026-27,ESP1,2026-08-16,levante,manuel sanchez,Manuel Sánchez,1052330,1
5868015,2026-27,ESP1,2026-08-16,levante,jon olasagasti,Jon Olasagasti,1131957,1
5868015,2026-27,ESP1,2026-08-16,levante,oriol rey,Oriol Rey,914401,1
5868015,2026-27,ESP1,2026-08-16,levante,victor garcia,Víctor García,977618,1
5868015,2026-27,ESP1,2026-08-16,levante,carlos alvarez,Carlos Álvarez,1209980,1
5868015,2026-27,ESP1,2026-08-16,levante,paco cortes,Paco Cortés,1649293,1
5868015,2026-27,ESP1,2026-08-16,levante,ivan romero,Iván Romero,1209441,1
5868015,2026-27,ESP1,2026-08-16,levante,enzo bardeli,Enzo Bardeli,1332540,0
5868015,2026-27,ESP1,2026-08-16,levante,etta eyong,Etta Eyong,1392779,0
5868015,2026-27,ESP1,2026-08-16,levante,marc santos,Marc Santos,2141146,0
5868015,2026-27,ESP1,2026-08-16,levante,jeremy toljan,Jeremy Toljan,443966,0
5868015,2026-27,ESP1,2026-08-16,levante,kareem tunde,Kareem Tunde,1875615,0
5868015,2026-27,ESP1,2026-08-16,levante,ihor galdin,Ihor Galdin,2141143,0
5868015,2026-27,ESP1,2026-08-16,levante,pablo campos,Pablo Campos,1237455,0
5868015,2026-27,ESP1,2026-08-16,levante,jorge cabello,Jorge Cabello,1617146,0
5868015,2026-27,ESP1,2026-08-16,levante,alberto calatrava,Alberto Calatrava,2141153,0
5868015,2026-27,ESP1,2026-08-16,levante,manel usedo,Manel Usedo,2141152,0
5868016,2026-27,ESP1,2026-08-27,barcelona,joan garcia,Joan García,1167220,1
5868016,2026-27,ESP1,2026-08-27,barcelona,eric garcia,Eric García,940573,1
5868016,2026-27,ESP1,2026-08-27,barcelona,pau cubarsi,Pau Cubarsí,1532137,1
5868016,2026-27,ESP1,2026-08-27,barcelona,gerard martin,Gerard Martín,1598982,1
5868016,2026-27,ESP1,2026-08-27,barcelona,xavi espart,Xavi Espart,1815149,1
5868016,2026-27,ESP1,2026-08-27,barcelona,marc bernal,Marc Bernal,1573126,1
5868016,2026-27,ESP1,2026-08-27,barcelona,pedri,Pedri,1083323,1
5868016,2026-27,ESP1,2026-08-27,barcelona,fermin lopez,Fermín López,1404415,1
5868016,2026-27,ESP1,2026-08-27,barcelona,lamine yamal,Lamine Yamal,1467236,1
5868016,2026-27,ESP1,2026-08-27,barcelona,raphinha,Raphinha,696679,1
5868016,2026-27,ESP1,2026-08-27,barcelona,anthony gordon,Anthony Gordon,906937,1
5868016,2026-27,ESP1,2026-08-27,barcelona,dani olmo,Dani Olmo,614834,0
5868016,2026-27,ESP1,2026-08-27,barcelona,rodri,Rodri,675088,0
5868016,2026-27,ESP1,2026-08-27,barcelona,jules kounde,Jules Koundé,705450,0
5868016,2026-27,ESP1,2026-08-27,barcelona,karim adeyemi,Karim Adeyemi,959594,0
5868016,2026-27,ESP1,2026-08-27,barcelona,joao cancelo,João Cancelo,361757,0
5868016,2026-27,ESP1,2026-08-27,barcelona,eder aller,Eder Aller,1818299,0
5868016,2026-27,ESP1,2026-08-27,barcelona,wojciech szczesny,Wojciech Szczesny,169718,0
5868016,2026-27,ESP1,2026-08-27,barcelona,alejandro balde,Alejandro Balde,1254166,0
5868016,2026-27,ESP1,2026-08-27,barcelona,andreas christensen,Andreas Christensen,449232,0
5868016,2026-27,ESP1,2026-08-27,barcelona,brian farinas,Brian Fariñas,1821727,0
5868016,2026-27,ESP1,2026-08-27,barcelona,hamza abdelkarim,Hamza Abdelkarim,1708842,0
5868016,2026-27,ESP1,2026-08-27,athletic club,unai simon,Unai Simón,660625,1
5868016,2026-27,ESP1,2026-08-27,athletic club,hugo rincon,Hugo Rincón,1427819,1
5868016,2026-27,ESP1,2026-08-27,athletic club,yeray alvarez,Yeray Álvarez,639450,1
5868016,2026-27,ESP1,2026-08-27,athletic club,aymeric laporte,Aymeric Laporte,411617,1
5868016,2026-27,ESP1,2026-08-27,athletic club,johaneko louisjean,Johaneko Louisjean,1327006,1
5868016,2026-27,ESP1,2026-08-27,athletic club,mikel jauregizar,Mikel Jauregizar,1553099,1
5868016,2026-27,ESP1,2026-08-27,athletic club,peio canales,Peio Canales,1585726,1
5868016,2026-27,ESP1,2026-08-27,athletic club,inaki williams,Iñaki Williams,604105,1
5868016,2026-27,ESP1,2026-08-27,athletic club,oihan sancet,Oihan Sancet,950545,1
5868016,2026-27,ESP1,2026-08-27,athletic club,nico williams,Nico Williams,1202110,1
5868016,2026-27,ESP1,2026-08-27,athletic club,gorka guruzeta,Gorka Guruzeta,711231,1
5868016,2026-27,ESP1,2026-08-27,athletic club,alex berenguer,Alex Berenguer,574629,0
5868016,2026-27,ESP1,2026-08-27,athletic club,robert navarro,Robert Navarro,1011117,0
5868016,2026-27,ESP1,2026-08-27,athletic club,adama boiro,Adama Boiro,1331249,0
5868016,2026-27,ESP1,2026-08-27,athletic club,benat gerenabarrena,Beñat Gerenabarrena,1425173,0
5868016,2026-27,ESP1,2026-08-27,athletic club,alvaro djalo,Álvaro Djaló,1355668,0
5868016,2026-27,ESP1,2026-08-27,athletic club,alex padilla,Álex Padilla,1401997,0
5868016,2026-27,ESP1,2026-08-27,athletic club,aitor paredes,Aitor Paredes,1191407,0
5868016,2026-27,ESP1,2026-08-27,athletic club,iker monreal,Iker Monreal,1817320,0
5868016,2026-27,ESP1,2026-08-27,athletic club,jesus areso,Jesús Areso,1037537,0
5868016,2026-27,ESP1,2026-08-27,athletic club,alejandro rego,Alejandro Rego,1425769,0
5868016,2026-27,ESP1,2026-08-27,athletic club,inigo ruiz de galarreta,Íñigo Ruiz de Galarreta,282462,0
5868016,2026-27,ESP1,2026-08-27,athletic club,maroan sannadi,Maroan Sannadi,1425206,0
5868017,2026-27,ESP1,2026-08-16,real racing,julen agirrezabala,Julen Agirrezabala,1280020,1
5868017,2026-27,ESP1,2026-08-16,real racing,alvaro mantilla,Álvaro Mantilla,1199649,1
5868017,2026-27,ESP1,2026-08-16,real racing,pedro felipe,Pedro Felipe,1644302,1
5868017,2026-27,ESP1,2026-08-16,real racing,pablo ramon,Pablo Ramón,982734,1
5868017,2026-27,ESP1,2026-08-16,real racing,jorge salinas,Jorge Salinas,1670161,1
5868017,2026-27,ESP1,2026-08-16,real racing,gustavo puerta,Gustavo Puerta,1331597,1
5868017,2026-27,ESP1,2026-08-16,real racing,sergio martinez,Sergio Martínez,1791769,1
5868017,2026-27,ESP1,2026-08-16,real racing,andres martin,Andrés Martin,899195,1
5868017,2026-27,ESP1,2026-08-16,real racing,sergio canales,Sergio Canales,150649,1
5868017,2026-27,ESP1,2026-08-16,real racing,inigo vicente,Iñigo Vicente,889229,1
5868017,2026-27,ESP1,2026-08-16,real racing,asier villalibre,Asier Villalibre,670031,1
5868017,2026-27,ESP1,2026-08-16,real racing,manu,Manu,863169,0
5868017,2026-27,ESP1,2026-08-16,real racing,maguette gueye,Maguette Gueye,1363232,0
5868017,2026-27,ESP1,2026-08-16,real racing,yassir zabiri,Yassir Zabiri,1640985,0
5868017,2026-27,ESP1,2026-08-16,real racing,facundo gonzalez,Facundo González,1212179,0
5868017,2026-27,ESP1,2026-08-16,real racing,diego diaz,Diego Díaz,1693550,0
5868017,2026-27,ESP1,2026-08-16,real racing,simon eriksson,Simon Eriksson,1441736,0
5868017,2026-27,ESP1,2026-08-16,real racing,carlos sanchez,Carlos Sanchez,1910947,0
5868017,2026-27,ESP1,2026-08-16,real racing,andres vallecillo,Andres Vallecillo,1938902,0
5868017,2026-27,ESP1,2026-08-16,real racing,hugo martin,Hugo Martín,1882183,0
5868017,2026-27,ESP1,2026-08-16,real racing,inigo sainz maza,Íñigo Sainz-Maza,1168852,0
5868017,2026-27,ESP1,2026-08-16,real racing,jorge castellanos,Jorge Castellanos,1553409,0
5868017,2026-27,ESP1,2026-08-16,real racing,juan carlos arana,Juan Carlos Arana,1225417,0
5868017,2026-27,ESP1,2026-08-16,villarreal,luiz junior,Luiz Júnior,1187044,1
5868017,2026-27,ESP1,2026-08-16,villarreal,santiago mourino,Santiago Mouriño,1407468,1
5868017,2026-27,ESP1,2026-08-16,villarreal,juan foyth,Juan Foyth,833219,1
5868017,2026-27,ESP1,2026-08-16,villarreal,renato veiga,Renato Veiga,1343750,1
5868017,2026-27,ESP1,2026-08-16,villarreal,carlos romero,Carlos Romero,1395964,1
5868017,2026-27,ESP1,2026-08-16,villarreal,nicolas pepe,Nicolas Pépé,575735,1
5868017,2026-27,ESP1,2026-08-16,villarreal,santi comesana,Santi Comesaña,671865,1
5868017,2026-27,ESP1,2026-08-16,villarreal,pape gueye,Pape Gueye,844544,1
5868017,2026-27,ESP1,2026-08-16,villarreal,alberto moleiro,Alberto Moleiro,1184694,1
5868017,2026-27,ESP1,2026-08-16,villarreal,ayoze perez,Ayoze Pérez,479020,1
5868017,2026-27,ESP1,2026-08-16,villarreal,georges mikautadze,Georges Mikautadze,1117069,1
5868017,2026-27,ESP1,2026-08-16,villarreal,carlos macia,Carlos Maciá,1841906,0
5868017,2026-27,ESP1,2026-08-16,villarreal,tajon buchanan,Tajon Buchanan,1026135,0
5868017,2026-27,ESP1,2026-08-16,villarreal,gerard moreno,Gerard Moreno,246438,0
5868017,2026-27,ESP1,2026-08-16,villarreal,ilias akhomach,Ilias Akhomach,1311915,0
5868017,2026-27,ESP1,2026-08-16,villarreal,alex freeman,Alex Freeman,1338696,0
5868017,2026-27,ESP1,2026-08-16,villarreal,peter gulacsi,Péter Gulácsi,151001,0
5868017,2026-27,ESP1,2026-08-16,villarreal,logan costa,Logan Costa,922877,0
5868017,2026-27,ESP1,2026-08-16,villarreal,pau navarro,Pau Navarro,1531887,0
5868017,2026-27,ESP1,2026-08-16,villarreal,sergi cardona,Sergi Cardona,1059657,0
5868017,2026-27,ESP1,2026-08-16,villarreal,willy kambwala,Willy Kambwala,1344550,0
5868017,2026-27,ESP1,2026-08-16,villarreal,cheikh tidiane thiam,Cheikh Tidiane Thiam,2141015,0
5868017,2026-27,ESP1,2026-08-16,villarreal,tani oluwaseyi,Tani Oluwaseyi,1338740,0
5868018,2026-27,ESP1,2026-08-26,real madrid,thibaut courtois,Thibaut Courtois,170323,1
5868018,2026-27,ESP1,2026-08-26,real madrid,denzel dumfries,Denzel Dumfries,593118,1
5868018,2026-27,ESP1,2026-08-26,real madrid,ibrahima konate,Ibrahima Konaté,820140,1
5868018,2026-27,ESP1,2026-08-26,real madrid,dean huijsen,Dean Huijsen,1367619,1
5868018,2026-27,ESP1,2026-08-26,real madrid,alvaro carreras,Alvaro Carreras,1190025,1
5868018,2026-27,ESP1,2026-08-26,real madrid,bernardo silva,Bernardo Silva,488139,1
5868018,2026-27,ESP1,2026-08-26,real madrid,federico valverde,Federico Valverde,743533,1
5868018,2026-27,ESP1,2026-08-26,real madrid,arda guler,Arda Güler,1253890,1
5868018,2026-27,ESP1,2026-08-26,real madrid,jude bellingham,Jude Bellingham,1077894,1
5868018,2026-27,ESP1,2026-08-26,real madrid,vinicius junior,Vinícius Júnior,846033,1
5868018,2026-27,ESP1,2026-08-26,real madrid,kylian mbappe,Kylian Mbappé,701154,1
5868018,2026-27,ESP1,2026-08-26,real madrid,marc cucurella,Marc Cucurella,873289,0
5868018,2026-27,ESP1,2026-08-26,real madrid,eduardo camavinga,Eduardo Camavinga,1015185,0
5868018,2026-27,ESP1,2026-08-26,real madrid,brahim diaz,Brahim Díaz,750027,0
5868018,2026-27,ESP1,2026-08-26,real madrid,yan diomande,Yan Diomande,1735453,0
5868018,2026-27,ESP1,2026-08-26,real madrid,carlos espi,Carlos Espí,1610744,0
5868018,2026-27,ESP1,2026-08-26,real madrid,andriy lunin,Andriy Lunin,800882,0
5868018,2026-27,ESP1,2026-08-26,real madrid,sergio mestre,Sergio Mestre,1405014,0
5868018,2026-27,ESP1,2026-08-26,real madrid,antonio rudiger,Antonio Rüdiger,276738,0
5868018,2026-27,ESP1,2026-08-26,real madrid,mario rivas,Mario Rivas,1713217,0
5868018,2026-27,ESP1,2026-08-26,real madrid,trent alexander arnold,Trent Alexander-Arnold,760712,0
5868018,2026-27,ESP1,2026-08-26,real madrid,jorge cestero,Jorge Cestero,1807277,0
5868018,2026-27,ESP1,2026-08-26,real madrid,alexis ciria,Alexis Ciria,1707940,0
5868018,2026-27,ESP1,2026-08-26,real sociedad,alex remiro,Alex Remiro,616539,1
5868018,2026-27,ESP1,2026-08-26,real sociedad,jon aramburu,Jon Aramburu,1249284,1
5868018,2026-27,ESP1,2026-08-26,real sociedad,luken beitia,Luken Beitia,1697334,1
5868018,2026-27,ESP1,2026-08-26,real sociedad,jon martin,Jon Martín,1523234,1
5868018,2026-27,ESP1,2026-08-26,real sociedad,sergio gomez,Sergio Gómez,844477,1
5868018,2026-27,ESP1,2026-08-26,real sociedad,yangel herrera,Yangel Herrera,730901,1
5868018,2026-27,ESP1,2026-08-26,real sociedad,benat turrientes,Beñat Turrientes,1210647,1
5868018,2026-27,ESP1,2026-08-26,real sociedad,takefusa kubo,Takefusa Kubo,848289,1
5868018,2026-27,ESP1,2026-08-26,real sociedad,luka sucic,Luka Sucic,959597,1
5868018,2026-27,ESP1,2026-08-26,real sociedad,job ochieng,Job Ochieng,1724551,1
5868018,2026-27,ESP1,2026-08-26,real sociedad,mikel oyarzabal,Mikel Oyarzabal,678234,1
5868018,2026-27,ESP1,2026-08-26,real sociedad,igor zubeldia,Igor Zubeldia,698653,0
5868018,2026-27,ESP1,2026-08-26,real sociedad,orri oskarsson,Orri Óskarsson,1097229,0
5868018,2026-27,ESP1,2026-08-26,real sociedad,carlos soler,Carlos Soler,708890,0
5868018,2026-27,ESP1,2026-08-26,real sociedad,ander barrenetxea,Ander Barrenetxea,1002618,0
5868018,2026-27,ESP1,2026-08-26,real sociedad,goncalo guedes,Gonçalo Guedes,536455,0
5868018,2026-27,ESP1,2026-08-26,real sociedad,unai marrero,Unai Marrero,1217043,0
5868018,2026-27,ESP1,2026-08-26,real sociedad,aihen munoz,Aihen Muñoz,999159,0
5868018,2026-27,ESP1,2026-08-26,real sociedad,jon pacheco,Jon Pacheco,1112072,0
5868018,2026-27,ESP1,2026-08-26,real sociedad,alex lebarbier,Alex Lebarbier,1426185,0
5868018,2026-27,ESP1,2026-08-26,real sociedad,ibai aguirre,Ibai Aguirre,1810849,0
5868018,2026-27,ESP1,2026-08-26,real sociedad,alex marchal,Álex Marchal,1721611,0
5868018,2026-27,ESP1,2026-08-26,real sociedad,arsen zakharyan,Arsen Zakharyan,1175610,0
5868019,2026-27,ESP1,2026-08-15,sevilla,odysseas vlachodimos,Odysseas Vlachodimos,304355,1
5868019,2026-27,ESP1,2026-08-15,sevilla,juan iglesias,Juan Iglesias,1102289,1
5868019,2026-27,ESP1,2026-08-15,sevilla,arouna sangante,Arouna Sangante,1244272,1
5868019,2026-27,ESP1,2026-08-15,sevilla,kike salas,Kike Salas,1327489,1
5868019,2026-27,ESP1,2026-08-15,sevilla,gabriel suazo,Gabriel Suazo,659490,1
5868019,2026-27,ESP1,2026-08-15,sevilla,lucien agoume,Lucien Agoumé,971790,1
5868019,2026-27,ESP1,2026-08-15,sevilla,nico guillen,Nico Guillen,1783498,1
5868019,2026-27,ESP1,2026-08-15,sevilla,miguel sierra,Miguel Sierra,1797904,1
5868019,2026-27,ESP1,2026-08-15,sevilla,jon guridi,Jon Guridi,678192,1
5868019,2026-27,ESP1,2026-08-15,sevilla,oso,Oso,1575945,1
5868019,2026-27,ESP1,2026-08-15,sevilla,isaac romero,Isaac Romero,1130991,1
5868019,2026-27,ESP1,2026-08-15,sevilla,peque fernandez,Peque Fernández,1132607,0
5868019,2026-27,ESP1,2026-08-15,sevilla,robbie ure,Robbie Ure,1399218,0
5868019,2026-27,ESP1,2026-08-15,sevilla,ruben vargas,Rubén Vargas,860752,0
5868019,2026-27,ESP1,2026-08-15,sevilla,chidera ejuke,Chidera Ejuke,837270,0
5868019,2026-27,ESP1,2026-08-15,sevilla,manu bueno,Manu Bueno,1428849,0
5868019,2026-27,ESP1,2026-08-15,sevilla,fran gonzalez,Fran González,1484851,0
5868019,2026-27,ESP1,2026-08-15,sevilla,andres lopez,Andrés Lopez,1334767,0
5868019,2026-27,ESP1,2026-08-15,sevilla,iker ortin,Iker Ortín,1413945,0
5868019,2026-27,ESP1,2026-08-15,sevilla,jose angel carmona,José Ángel Carmona,1281461,0
5868019,2026-27,ESP1,2026-08-15,sevilla,julio diaz,Julio Díaz,1447089,0
5868019,2026-27,ESP1,2026-08-15,sevilla,edu altozano,Edu Altozano,1793858,0
5868019,2026-27,ESP1,2026-08-15,sevilla,ibrahima sow,Ibrahima Sow,1555045,0
5868019,2026-27,ESP1,2026-08-15,rayo vallecano,augusto batalla,Augusto Batalla,621415,1
5868019,2026-27,ESP1,2026-08-15,rayo vallecano,andrei ratiu,Andrei Ratiu,970578,1
5868019,2026-27,ESP1,2026-08-15,rayo vallecano,florian lejeune,Florian Lejeune,184521,1
5868019,2026-27,ESP1,2026-08-15,rayo vallecano,pathe ciss,Pathé Ciss,872396,1
5868019,2026-27,ESP1,2026-08-15,rayo vallecano,ivan balliu,Iván Balliu,264885,1
5868019,2026-27,ESP1,2026-08-15,rayo vallecano,oscar valentin,Óscar Valentín,956622,1
5868019,2026-27,ESP1,2026-08-15,rayo vallecano,unai lopez,Unai López,571615,1
5868019,2026-27,ESP1,2026-08-15,rayo vallecano,jorge de frutos,Jorge de Frutos,797901,1
5868019,2026-27,ESP1,2026-08-15,rayo vallecano,isi palazon,Isi Palazón,638010,1
5868019,2026-27,ESP1,2026-08-15,rayo vallecano,alvaro garcia,Álvaro Garcia,474658,1
5868019,2026-27,ESP1,2026-08-15,rayo vallecano,randy nteka,Randy Nteka,915264,1
5868019,2026-27,ESP1,2026-08-15,rayo vallecano,alemao,Alemão,924300,0
5868019,2026-27,ESP1,2026-08-15,rayo vallecano,sergio camello,Sergio Camello,980422,0
5868019,2026-27,ESP1,2026-08-15,rayo vallecano,fran perez,Fran Pérez,1284430,0
5868019,2026-27,ESP1,2026-08-15,rayo vallecano,pelayo fernandez,Pelayo Fernández,1411818,0
5868019,2026-27,ESP1,2026-08-15,rayo vallecano,pedro diaz,Pedro Díaz,715069,0
5868019,2026-27,ESP1,2026-08-15,rayo vallecano,dani cardenas,Dani Cárdenas,1041445,0
5868019,2026-27,ESP1,2026-08-15,rayo vallecano,jozhua vertrouwd,Jozhua Vertrouwd,1255090,0
5868019,2026-27,ESP1,2026-08-15,rayo vallecano,sergio lozano,Sergio Lozano,1729976,0
5868019,2026-27,ESP1,2026-08-15,rayo vallecano,marco de las sias,Marco de Las Sias,1662963,0
5868019,2026-27,ESP1,2026-08-15,rayo vallecano,marco roman,Marco Roman,2130263,0
5868019,2026-27,ESP1,2026-08-15,rayo vallecano,ivan alonso,Ivan Alonso,1845978,0
5868020,2026-27,ESP1,2026-08-25,valencia,stole dimitrievski,Stole Dimitrievski,254241,1
5868020,2026-27,ESP1,2026-08-25,valencia,cesar tarrega,César Tárrega,1311985,1
5868020,2026-27,ESP1,2026-08-25,valencia,pepelu,Pepelu,673689,1
5868020,2026-27,ESP1,2026-08-25,valencia,mouctar diakhaby,Mouctar Diakhaby,561198,1
5868020,2026-27,ESP1,2026-08-25,valencia,pablo maffeo,Pablo Maffeo,673356,1
5868020,2026-27,ESP1,2026-08-25,valencia,jesus vazquez,Jesus Vázquez,1220187,1
5868020,2026-27,ESP1,2026-08-25,valencia,ryunosuke sato,Ryunosuke Sato,1611149,1
5868020,2026-27,ESP1,2026-08-25,valencia,javier guerra,Javier Guerra,1284429,1
5868020,2026-27,ESP1,2026-08-25,valencia,guido rodriguez,Guido Rodríguez,586768,1
5868020,2026-27,ESP1,2026-08-25,valencia,arnaut danjuma,Arnaut Danjuma,704151,1
5868020,2026-27,ESP1,2026-08-25,valencia,hugo duro,Hugo Duro,929838,1
5868020,2026-27,ESP1,2026-08-25,valencia,filip ugrinic,Filip Ugrinic,800615,0
5868020,2026-27,ESP1,2026-08-25,valencia,luis rioja,Luis Rioja,638070,0
5868020,2026-27,ESP1,2026-08-25,valencia,umar sadiq,Umar Sadiq,590494,0
5868020,2026-27,ESP1,2026-08-25,valencia,aliou dieng,Aliou Dieng,723148,0
5868020,2026-27,ESP1,2026-08-25,valencia,david otorbi,David Otorbi,1600732,0
5868020,2026-27,ESP1,2026-08-25,valencia,kayne van oevelen,Kayne van Oevelen,1348497,0
5868020,2026-27,ESP1,2026-08-25,valencia,alejandro panach,Alejandro Panach,1793870,0
5868020,2026-27,ESP1,2026-08-25,valencia,iker cordoba,Iker Córdoba,1637860,0
5868020,2026-27,ESP1,2026-08-25,valencia,jose gaya,José Gayà,391058,0
5868020,2026-27,ESP1,2026-08-25,valencia,andre almeida,André Almeida,777028,0
5868020,2026-27,ESP1,2026-08-25,valencia,jaume dura,Jaume Dura,1842857,0
5868020,2026-27,ESP1,2026-08-25,valencia,dani raba,Dani Raba,784246,0
5868020,2026-27,ESP1,2026-08-25,real betis,alvaro valles,Álvaro Vallés,999171,1
5868020,2026-27,ESP1,2026-08-25,real betis,angel ortiz,Ángel Ortiz,1580522,1
5868020,2026-27,ESP1,2026-08-25,real betis,diego llorente,Diego Llorente,420568,1
5868020,2026-27,ESP1,2026-08-25,real betis,valentin gomez,Valentín Gómez,1338016,1
5868020,2026-27,ESP1,2026-08-25,real betis,junior firpo,Júnior Firpo,743192,1
5868020,2026-27,ESP1,2026-08-25,real betis,pablo fornals,Pablo Fornals,683450,1
5868020,2026-27,ESP1,2026-08-25,real betis,facundo bernal,Facundo Bernal,1436133,1
5868020,2026-27,ESP1,2026-08-25,real betis,antony,Antony,967622,1
5868020,2026-27,ESP1,2026-08-25,real betis,nelson deossa,Nelson Deossa,1315711,1
5868020,2026-27,ESP1,2026-08-25,real betis,rodrigo riquelme,Rodrigo Riquelme,1072200,1
5868020,2026-27,ESP1,2026-08-25,real betis,juan hernandez,Juan Hernández,852071,1
5868020,2026-27,ESP1,2026-08-25,real betis,fran garcia,Fran García,750028,0
5868020,2026-27,ESP1,2026-08-25,real betis,isco,Isco,191315,0
5868020,2026-27,ESP1,2026-08-25,real betis,hector bellerin,Héctor Bellerín,427438,0
5868020,2026-27,ESP1,2026-08-25,real betis,troy parrott,Troy Parrott,942365,0
5868020,2026-27,ESP1,2026-08-25,real betis,pablo garcia,Pablo García,1662379,0
5868020,2026-27,ESP1,2026-08-25,real betis,alvaro de pablo,Alvaro de Pablo,1928170,0
5868020,2026-27,ESP1,2026-08-25,real betis,manu gonzalez,Manu González,1674892,0
5868020,2026-27,ESP1,2026-08-25,real betis,marc bartra,Marc Bartra,195305,0
5868020,2026-27,ESP1,2026-08-25,real betis,natan,Natan,1188375,0
5868020,2026-27,ESP1,2026-08-25,real betis,alvaro fidalgo,Álvaro Fidalgo,895954,0
5868020,2026-27,ESP1,2026-08-25,real betis,iker losada,Iker Losada,1082930,0
5868020,2026-27,ESP1,2026-08-25,real betis,marc roca,Marc Roca,640220,0
5868021,2026-27,ESP1,2026-08-22,athletic club,unai simon,Unai Simón,660625,1
5868021,2026-27,ESP1,2026-08-22,athletic club,jesus areso,Jesús Areso,1037537,1
5868021,2026-27,ESP1,2026-08-22,athletic club,yeray alvarez,Yeray Álvarez,639450,1
5868021,2026-27,ESP1,2026-08-22,athletic club,aitor paredes,Aitor Paredes,1191407,1
5868021,2026-27,ESP1,2026-08-22,athletic club,yuri berchiche,Yuri Berchiche,80295,1
5868021,2026-27,ESP1,2026-08-22,athletic club,benat gerenabarrena,Beñat Gerenabarrena,1425173,1
5868021,2026-27,ESP1,2026-08-22,athletic club,peio canales,Peio Canales,1585726,1
5868021,2026-27,ESP1,2026-08-22,athletic club,inaki williams,Iñaki Williams,604105,1
5868021,2026-27,ESP1,2026-08-22,athletic club,oihan sancet,Oihan Sancet,950545,1
5868021,2026-27,ESP1,2026-08-22,athletic club,alex berenguer,Alex Berenguer,574629,1
5868021,2026-27,ESP1,2026-08-22,athletic club,gorka guruzeta,Gorka Guruzeta,711231,1
5868021,2026-27,ESP1,2026-08-22,athletic club,aymeric laporte,Aymeric Laporte,411617,0
5868021,2026-27,ESP1,2026-08-22,athletic club,maroan sannadi,Maroan Sannadi,1425206,0
5868021,2026-27,ESP1,2026-08-22,athletic club,nico williams,Nico Williams,1202110,0
5868021,2026-27,ESP1,2026-08-22,athletic club,hugo rincon,Hugo Rincón,1427819,0
5868021,2026-27,ESP1,2026-08-22,athletic club,inigo ruiz de galarreta,Íñigo Ruiz de Galarreta,282462,0
5868021,2026-27,ESP1,2026-08-22,athletic club,alex padilla,Álex Padilla,1401997,0
5868021,2026-27,ESP1,2026-08-22,athletic club,adama boiro,Adama Boiro,1331249,0
5868021,2026-27,ESP1,2026-08-22,athletic club,johaneko louisjean,Johaneko Louisjean,1327006,0
5868021,2026-27,ESP1,2026-08-22,athletic club,alejandro rego,Alejandro Rego,1425769,0
5868021,2026-27,ESP1,2026-08-22,athletic club,alvaro djalo,Álvaro Djaló,1355668,0
5868021,2026-27,ESP1,2026-08-22,athletic club,mikel jauregizar,Mikel Jauregizar,1553099,0
5868021,2026-27,ESP1,2026-08-22,athletic club,robert navarro,Robert Navarro,1011117,0
5868021,2026-27,ESP1,2026-08-22,sevilla,odysseas vlachodimos,Odysseas Vlachodimos,304355,1
5868021,2026-27,ESP1,2026-08-22,sevilla,juan iglesias,Juan Iglesias,1102289,1
5868021,2026-27,ESP1,2026-08-22,sevilla,arouna sangante,Arouna Sangante,1244272,1
5868021,2026-27,ESP1,2026-08-22,sevilla,andres lopez,Andrés Lopez,1334767,1
5868021,2026-27,ESP1,2026-08-22,sevilla,gabriel suazo,Gabriel Suazo,659490,1
5868021,2026-27,ESP1,2026-08-22,sevilla,lucien agoume,Lucien Agoumé,971790,1
5868021,2026-27,ESP1,2026-08-22,sevilla,jon guridi,Jon Guridi,678192,1
5868021,2026-27,ESP1,2026-08-22,sevilla,miguel sierra,Miguel Sierra,1797904,1
5868021,2026-27,ESP1,2026-08-22,sevilla,peque fernandez,Peque Fernández,1132607,1
5868021,2026-27,ESP1,2026-08-22,sevilla,oso,Oso,1575945,1
5868021,2026-27,ESP1,2026-08-22,sevilla,robbie ure,Robbie Ure,1399218,1
5868021,2026-27,ESP1,2026-08-22,sevilla,nico guillen,Nico Guillen,1783498,0
5868021,2026-27,ESP1,2026-08-22,sevilla,chidera ejuke,Chidera Ejuke,837270,0
5868021,2026-27,ESP1,2026-08-22,sevilla,isaac romero,Isaac Romero,1130991,0
5868021,2026-27,ESP1,2026-08-22,sevilla,jose angel carmona,José Ángel Carmona,1281461,0
5868021,2026-27,ESP1,2026-08-22,sevilla,julio diaz,Julio Díaz,1447089,0
5868021,2026-27,ESP1,2026-08-22,sevilla,fran gonzalez,Fran González,1484851,0
5868021,2026-27,ESP1,2026-08-22,sevilla,rafa romero,Rafa Romero,1203891,0
5868021,2026-27,ESP1,2026-08-22,sevilla,iker munoz,Iker Munoz,1413945,0
5868021,2026-27,ESP1,2026-08-22,sevilla,giorgi kochorashvili,Giorgi Kochorashvili,953958,0
5868021,2026-27,ESP1,2026-08-22,sevilla,manu bueno,Manu Bueno,1428849,0
5868021,2026-27,ESP1,2026-08-22,sevilla,ibrahima sow,Ibrahima Sow,1555045,0
5868021,2026-27,ESP1,2026-08-22,sevilla,manuel angel castillo,Manuel Angel Castillo,1899757,0
5868022,2026-27,ESP1,2026-08-23,atletico madrid,jan oblak,Jan Oblak,177126,1
5868022,2026-27,ESP1,2026-08-23,atletico madrid,marc pubill,Marc Pubill,1323897,1
5868022,2026-27,ESP1,2026-08-23,atletico madrid,robin le normand,Robin Le Normand,609516,1
5868022,2026-27,ESP1,2026-08-23,atletico madrid,david hancko,Dávid Hancko,727897,1
5868022,2026-27,ESP1,2026-08-23,atletico madrid,giuliano simeone,Giuliano Simeone,1226147,1
5868022,2026-27,ESP1,2026-08-23,atletico madrid,koke,Koke,184533,1
5868022,2026-27,ESP1,2026-08-23,atletico madrid,morten hjulmand,Morten Hjulmand,950199,1
5868022,2026-27,ESP1,2026-08-23,atletico madrid,rodrigo mendoza,Rodrigo Mendoza,1419969,1
5868022,2026-27,ESP1,2026-08-23,atletico madrid,alejandro grimaldo,Alejandro Grimaldo,288406,1
5868022,2026-27,ESP1,2026-08-23,atletico madrid,kang in lee,Kang-In Lee,940976,1
5868022,2026-27,ESP1,2026-08-23,atletico madrid,ademola lookman,Ademola Lookman,690516,1
5868022,2026-27,ESP1,2026-08-23,atletico madrid,alex baena,Álex Baena,942372,0
5868022,2026-27,ESP1,2026-08-23,atletico madrid,marcos llorente,Marcos Llorente,602563,0
5868022,2026-27,ESP1,2026-08-23,atletico madrid,pablo barrios,Pablo Barrios,1338192,0
5868022,2026-27,ESP1,2026-08-23,atletico madrid,julian alvarez,Julián Álvarez,974753,0
5868022,2026-27,ESP1,2026-08-23,atletico madrid,jose gimenez,José Giménez,474589,0
5868022,2026-27,ESP1,2026-08-23,atletico madrid,juan musso,Juan Musso,389050,0
5868022,2026-27,ESP1,2026-08-23,atletico madrid,dani martinez,Dani Martinez,1531100,0
5868022,2026-27,ESP1,2026-08-23,atletico madrid,jorge dominguez,Jorge Domínguez,1842329,0
5868022,2026-27,ESP1,2026-08-23,atletico madrid,johnny cardoso,Johnny Cardoso,1173678,0
5868022,2026-27,ESP1,2026-08-23,atletico madrid,jorge castillo,Jorge Castillo,1692877,0
5868022,2026-27,ESP1,2026-08-23,atletico madrid,arnau ortiz,Arnau Ortiz,1297989,0
5868022,2026-27,ESP1,2026-08-23,atletico madrid,carlos martin,Carlos Martín,1282015,0
5868022,2026-27,ESP1,2026-08-23,villarreal,luiz junior,Luiz Júnior,1187044,1
5868022,2026-27,ESP1,2026-08-23,villarreal,santiago mourino,Santiago Mouriño,1407468,1
5868022,2026-27,ESP1,2026-08-23,villarreal,juan foyth,Juan Foyth,833219,1
5868022,2026-27,ESP1,2026-08-23,villarreal,renato veiga,Renato Veiga,1343750,1
5868022,2026-27,ESP1,2026-08-23,villarreal,carlos romero,Carlos Romero,1395964,1
5868022,2026-27,ESP1,2026-08-23,villarreal,nicolas pepe,Nicolas Pépé,575735,1
5868022,2026-27,ESP1,2026-08-23,villarreal,santi comesana,Santi Comesaña,671865,1
5868022,2026-27,ESP1,2026-08-23,villarreal,pape gueye,Pape Gueye,844544,1
5868022,2026-27,ESP1,2026-08-23,villarreal,alberto moleiro,Alberto Moleiro,1184694,1
5868022,2026-27,ESP1,2026-08-23,villarreal,ayoze perez,Ayoze Pérez,479020,1
5868022,2026-27,ESP1,2026-08-23,villarreal,georges mikautadze,Georges Mikautadze,1117069,1
5868022,2026-27,ESP1,2026-08-23,villarreal,tajon buchanan,Tajon Buchanan,1026135,0
5868022,2026-27,ESP1,2026-08-23,villarreal,gerard moreno,Gerard Moreno,246438,0
5868022,2026-27,ESP1,2026-08-23,villarreal,carlos macia,Carlos Maciá,1841906,0
5868022,2026-27,ESP1,2026-08-23,villarreal,ilias akhomach,Ilias Akhomach,1311915,0
5868022,2026-27,ESP1,2026-08-23,villarreal,tani oluwaseyi,Tani Oluwaseyi,1338740,0
5868022,2026-27,ESP1,2026-08-23,villarreal,peter gulacsi,Péter Gulácsi,151001,0
5868022,2026-27,ESP1,2026-08-23,villarreal,alex freeman,Alex Freeman,1338696,0
5868022,2026-27,ESP1,2026-08-23,villarreal,logan costa,Logan Costa,922877,0
5868022,2026-27,ESP1,2026-08-23,villarreal,pau navarro,Pau Navarro,1531887,0
5868022,2026-27,ESP1,2026-08-23,villarreal,sergi cardona,Sergi Cardona,1059657,0
5868022,2026-27,ESP1,2026-08-23,villarreal,cheikh tidiane thiam,Cheikh Tidiane Thiam,2141015,0
5868022,2026-27,ESP1,2026-08-23,villarreal,nizar el jmili,Nizar El Jmili,1897470,0
5868023,2026-27,ESP1,2026-08-21,real betis,alvaro valles,Álvaro Vallés,999171,1
5868023,2026-27,ESP1,2026-08-21,real betis,hector bellerin,Héctor Bellerín,427438,1
5868023,2026-27,ESP1,2026-08-21,real betis,marc bartra,Marc Bartra,195305,1
5868023,2026-27,ESP1,2026-08-21,real betis,natan,Natan,1188375,1
5868023,2026-27,ESP1,2026-08-21,real betis,fran garcia,Fran García,750028,1
5868023,2026-27,ESP1,2026-08-21,real betis,facundo bernal,Facundo Bernal,1436133,1
5868023,2026-27,ESP1,2026-08-21,real betis,marc roca,Marc Roca,640220,1
5868023,2026-27,ESP1,2026-08-21,real betis,antony,Antony,967622,1
5868023,2026-27,ESP1,2026-08-21,real betis,pablo fornals,Pablo Fornals,683450,1
5868023,2026-27,ESP1,2026-08-21,real betis,rodrigo riquelme,Rodrigo Riquelme,1072200,1
5868023,2026-27,ESP1,2026-08-21,real betis,juan hernandez,Juan Hernández,852071,1
5868023,2026-27,ESP1,2026-08-21,real betis,isco,Isco,191315,0
5868023,2026-27,ESP1,2026-08-21,real betis,pablo garcia,Pablo García,1662379,0
5868023,2026-27,ESP1,2026-08-21,real betis,nelson deossa,Nelson Deossa,1315711,0
5868023,2026-27,ESP1,2026-08-21,real betis,manu gonzalez,Manu González,1674892,0
5868023,2026-27,ESP1,2026-08-21,real betis,angel ortiz,Ángel Ortiz,1580522,0
5868023,2026-27,ESP1,2026-08-21,real betis,diego llorente,Diego Llorente,420568,0
5868023,2026-27,ESP1,2026-08-21,real betis,junior firpo,Junior Firpo,743192,0
5868023,2026-27,ESP1,2026-08-21,real betis,valentin gomez,Valentín Gómez,1338016,0
5868023,2026-27,ESP1,2026-08-21,real betis,alvaro fidalgo,Álvaro Fidalgo,895954,0
5868023,2026-27,ESP1,2026-08-21,real betis,iker losada,Iker Losada,1082930,0
5868023,2026-27,ESP1,2026-08-21,real sociedad,alex remiro,Alex Remiro,616539,1
5868023,2026-27,ESP1,2026-08-21,real sociedad,jon aramburu,Jon Aramburu,1249284,1
5868023,2026-27,ESP1,2026-08-21,real sociedad,igor zubeldia,Igor Zubeldia,698653,1
5868023,2026-27,ESP1,2026-08-21,real sociedad,jon martin,Jon Martín,1523234,1
5868023,2026-27,ESP1,2026-08-21,real sociedad,sergio gomez,Sergio Gómez,844477,1
5868023,2026-27,ESP1,2026-08-21,real sociedad,yangel herrera,Yangel Herrera,730901,1
5868023,2026-27,ESP1,2026-08-21,real sociedad,carlos soler,Carlos Soler,708890,1
5868023,2026-27,ESP1,2026-08-21,real sociedad,takefusa kubo,Takefusa Kubo,848289,1
5868023,2026-27,ESP1,2026-08-21,real sociedad,luka sucic,Luka Sucic,959597,1
5868023,2026-27,ESP1,2026-08-21,real sociedad,ander barrenetxea,Ander Barrenetxea,1002618,1
5868023,2026-27,ESP1,2026-08-21,real sociedad,orri oskarsson,Orri Óskarsson,1097229,1
5868023,2026-27,ESP1,2026-08-21,real sociedad,alex marchal,Alex Marchal,1721611,0
5868023,2026-27,ESP1,2026-08-21,real sociedad,mikel oyarzabal,Mikel Oyarzabal,678234,0
5868023,2026-27,ESP1,2026-08-21,real sociedad,aihen munoz,Aihen Muñoz,999159,0
5868023,2026-27,ESP1,2026-08-21,real sociedad,benat turrientes,Beñat Turrientes,1210647,0
5868023,2026-27,ESP1,2026-08-21,real sociedad,arsen zakharyan,Arsen Zakharyan,1175610,0
5868023,2026-27,ESP1,2026-08-21,real sociedad,unai marrero,Unai Marrero,1217043,0
5868023,2026-27,ESP1,2026-08-21,real sociedad,jon pacheco,Jon Pacheco,1112072,0
5868023,2026-27,ESP1,2026-08-21,real sociedad,luken beitia,Luken Beitia,1697334,0
5868023,2026-27,ESP1,2026-08-21,real sociedad,alex lebarbier,Alex Lebarbier,1426185,0
5868023,2026-27,ESP1,2026-08-21,real sociedad,mikel goti,Mikel Goti,1340594,0
5868023,2026-27,ESP1,2026-08-21,real sociedad,gorka carrera,Gorka Carrera,1431291,0
5868023,2026-27,ESP1,2026-08-21,real sociedad,job ochieng,Job Ochieng,1724551,0
5868024,2026-27,ESP1,2026-08-23,elche,matias dituro,Matías Dituro,592412,1
5868024,2026-27,ESP1,2026-08-23,elche,david affengruber,David Affengruber,1073980,1
5868024,2026-27,ESP1,2026-08-23,elche,federico redondo,Federico Redondo,1277343,1
5868024,2026-27,ESP1,2026-08-23,elche,victor chust,Víctor Chust,1192393,1
5868024,2026-27,ESP1,2026-08-23,elche,buba sangare,Buba Sangaré,1583872,1
5868024,2026-27,ESP1,2026-08-23,elche,tete morente,Tete Morente,801213,1
5868024,2026-27,ESP1,2026-08-23,elche,gonzalo villar,Gonzalo Villar,881773,1
5868024,2026-27,ESP1,2026-08-23,elche,marc aguado,Marc Aguado,1392232,1
5868024,2026-27,ESP1,2026-08-23,elche,german valera,Germán Valera,1102708,1
5868024,2026-27,ESP1,2026-08-23,elche,ali houary,Ali Houary,1670281,1
5868024,2026-27,ESP1,2026-08-23,elche,fer nino,Fer Niño,1127224,1
5868024,2026-27,ESP1,2026-08-23,elche,facundo buonanotte,Facundo Buonanotte,1336566,0
5868024,2026-27,ESP1,2026-08-23,elche,martim neto,Martim Neto,1226189,0
5868024,2026-27,ESP1,2026-08-23,elche,lucas cepeda,Lucas Cepeda,1280756,0
5868024,2026-27,ESP1,2026-08-23,elche,ezequiel ponce,Ezequiel Ponce,493216,0
5868024,2026-27,ESP1,2026-08-23,elche,pedro bigas,Pedro Bigas,291635,0
5868024,2026-27,ESP1,2026-08-23,elche,alejandro iturbe,Alejandro Iturbe,1311126,0
5868024,2026-27,ESP1,2026-08-23,elche,matia barzic,Matia Barzic,1670276,0
5868024,2026-27,ESP1,2026-08-23,elche,grady diangana,Grady Diangana,654091,0
5868024,2026-27,ESP1,2026-08-23,elche,javi morcillo,Javi Morcillo,1732412,0
5868024,2026-27,ESP1,2026-08-23,elche,alvaro padilla,Alvaro Padilla,1959218,0
5868024,2026-27,ESP1,2026-08-23,elche,josan,Josan,623982,0
5868024,2026-27,ESP1,2026-08-23,elche,umaru konare,Umaru Konare,1859341,0
5868024,2026-27,ESP1,2026-08-23,barcelona,joan garcia,Joan García,1167220,1
5868024,2026-27,ESP1,2026-08-23,barcelona,eric garcia,Eric García,940573,1
5868024,2026-27,ESP1,2026-08-23,barcelona,andreas christensen,Andreas Christensen,449232,1
5868024,2026-27,ESP1,2026-08-23,barcelona,gerard martin,Gerard Martín,1598982,1
5868024,2026-27,ESP1,2026-08-23,barcelona,xavi espart,Xavi Espart,1815149,1
5868024,2026-27,ESP1,2026-08-23,barcelona,marc bernal,Marc Bernal,1573126,1
5868024,2026-27,ESP1,2026-08-23,barcelona,gavi,Gavi,1279040,1
5868024,2026-27,ESP1,2026-08-23,barcelona,lamine yamal,Lamine Yamal,1467236,1
5868024,2026-27,ESP1,2026-08-23,barcelona,fermin lopez,Fermín López,1404415,1
5868024,2026-27,ESP1,2026-08-23,barcelona,karim adeyemi,Karim Adeyemi,959594,1
5868024,2026-27,ESP1,2026-08-23,barcelona,raphinha,Raphinha,696679,1
5868024,2026-27,ESP1,2026-08-23,barcelona,pedri,Pedri,1083323,0
5868024,2026-27,ESP1,2026-08-23,barcelona,dani olmo,Dani Olmo,614834,0
5868024,2026-27,ESP1,2026-08-23,barcelona,anthony gordon,Anthony Gordon,906937,0
5868024,2026-27,ESP1,2026-08-23,barcelona,joao cancelo,João Cancelo,361757,0
5868024,2026-27,ESP1,2026-08-23,barcelona,jules kounde,Jules Koundé,705450,0
5868024,2026-27,ESP1,2026-08-23,barcelona,eder aller,Eder Aller,1818299,0
5868024,2026-27,ESP1,2026-08-23,barcelona,wojciech szczesny,Wojciech Szczesny,169718,0
5868024,2026-27,ESP1,2026-08-23,barcelona,alvaro cortes,Álvaro Cortés,1695867,0
5868024,2026-27,ESP1,2026-08-23,barcelona,jordi pesquer,Jordi Pesquer,1901980,0
5868024,2026-27,ESP1,2026-08-23,barcelona,pau cubarsi,Pau Cubarsí,1532137,0
5868024,2026-27,ESP1,2026-08-23,barcelona,brian farinas,Brian Fariñas,1821727,0
5868024,2026-27,ESP1,2026-08-23,barcelona,hamza abdelkarim,Hamza Abdelkarim,1708842,0
5868025,2026-27,ESP1,2026-08-22,espanyol,marko dmitrovic,Marko Dmitrovic,280818,1
5868025,2026-27,ESP1,2026-08-22,espanyol,omar el hilali,Omar El Hilali,1208708,1
5868025,2026-27,ESP1,2026-08-22,espanyol,clemens riedel,Clemens Riedel,1279557,1
5868025,2026-27,ESP1,2026-08-22,espanyol,unai nunez,Unai Núñez,805352,1
5868025,2026-27,ESP1,2026-08-22,espanyol,roger hinojo,Roger Hinojo,1727689,1
5868025,2026-27,ESP1,2026-08-22,espanyol,alex calatrava,Álex Calatrava,1300457,1
5868025,2026-27,ESP1,2026-08-22,espanyol,urko gonzalez,Urko González,1187767,1
5868025,2026-27,ESP1,2026-08-22,espanyol,edu exposito,Edu Expósito,837089,1
5868025,2026-27,ESP1,2026-08-22,espanyol,tyrhys dolan,Tyrhys Dolan,1181101,1
5868025,2026-27,ESP1,2026-08-22,espanyol,roberto fernandez,Roberto Fernández,1252373,1
5868025,2026-27,ESP1,2026-08-22,espanyol,javi hernandez,Javi Hernández,1427828,1
5868025,2026-27,ESP1,2026-08-22,espanyol,vanja drkusic,Vanja Drkusic,955204,0
5868025,2026-27,ESP1,2026-08-22,espanyol,rafel bauza,Rafel Bauzà,1609364,0
5868025,2026-27,ESP1,2026-08-22,espanyol,pol lozano,Pol Lozano,750031,0
5868025,2026-27,ESP1,2026-08-22,espanyol,pere milla,Pere Milla,593129,0
5868025,2026-27,ESP1,2026-08-22,espanyol,jofre carreras,Jofre Carreras,1184777,0
5868025,2026-27,ESP1,2026-08-22,espanyol,angel fortuno,Ángel Fortuno,1184772,0
5868025,2026-27,ESP1,2026-08-22,espanyol,llorenc serred,Llorenç Serred,1624106,0
5868025,2026-27,ESP1,2026-08-22,espanyol,adama timera,Adama Timera,1876774,0
5868025,2026-27,ESP1,2026-08-22,espanyol,jose angel,José Ángel,1687255,0
5868025,2026-27,ESP1,2026-08-22,espanyol,quilindschy hartman,Quilindschy Hartman,1393669,0
5868025,2026-27,ESP1,2026-08-22,espanyol,gabriel moscardo,Gabriel Moscardo,1503655,0
5868025,2026-27,ESP1,2026-08-22,espanyol,marcos fernandez,Marcos Fernández,1407741,0
5868025,2026-27,ESP1,2026-08-22,real madrid,thibaut courtois,Thibaut Courtois,170323,1
5868025,2026-27,ESP1,2026-08-22,real madrid,denzel dumfries,Denzel Dumfries,593118,1
5868025,2026-27,ESP1,2026-08-22,real madrid,ibrahima konate,Ibrahima Konaté,820140,1
5868025,2026-27,ESP1,2026-08-22,real madrid,dean huijsen,Dean Huijsen,1367619,1
5868025,2026-27,ESP1,2026-08-22,real madrid,alvaro carreras,Alvaro Carreras,1190025,1
5868025,2026-27,ESP1,2026-08-22,real madrid,bernardo silva,Bernardo Silva,488139,1
5868025,2026-27,ESP1,2026-08-22,real madrid,federico valverde,Federico Valverde,743533,1
5868025,2026-27,ESP1,2026-08-22,real madrid,arda guler,Arda Güler,1253890,1
5868025,2026-27,ESP1,2026-08-22,real madrid,jude bellingham,Jude Bellingham,1077894,1
5868025,2026-27,ESP1,2026-08-22,real madrid,vinicius junior,Vinícius Júnior,846033,1
5868025,2026-27,ESP1,2026-08-22,real madrid,kylian mbappe,Kylian Mbappé,701154,1
5868025,2026-27,ESP1,2026-08-22,real madrid,marc cucurella,Marc Cucurella,873289,0
5868025,2026-27,ESP1,2026-08-22,real madrid,yan diomande,Yan Diomande,1735453,0
5868025,2026-27,ESP1,2026-08-22,real madrid,trent alexander arnold,Trent Alexander-Arnold,760712,0
5868025,2026-27,ESP1,2026-08-22,real madrid,eduardo camavinga,Eduardo Camavinga,1015185,0
5868025,2026-27,ESP1,2026-08-22,real madrid,carlos espi,Carlos Espí,1610744,0
5868025,2026-27,ESP1,2026-08-22,real madrid,andriy lunin,Andriy Lunin,800882,0
5868025,2026-27,ESP1,2026-08-22,real madrid,sergio mestre,Sergio Mestre,1405014,0
5868025,2026-27,ESP1,2026-08-22,real madrid,antonio rudiger,Antonio Rüdiger,276738,0
5868025,2026-27,ESP1,2026-08-22,real madrid,mario rivas,Mario Rivas,1713217,0
5868025,2026-27,ESP1,2026-08-22,real madrid,jorge cestero,Jorge Cestero,1807277,0
5868025,2026-27,ESP1,2026-08-22,real madrid,alexis ciria,Alexis Ciria,1707940,0
5868025,2026-27,ESP1,2026-08-22,real madrid,brahim diaz,Brahim Díaz,750027,0
5868026,2026-27,ESP1,2026-08-23,getafe,david soria,David Soria,581919,1
5868026,2026-27,ESP1,2026-08-23,getafe,saba sazonov,Saba Sazonov,1179368,1
5868026,2026-27,ESP1,2026-08-23,getafe,djene,Djené,421365,1
5868026,2026-27,ESP1,2026-08-23,getafe,zaid abner romero,Zaid Abner Romero,1118199,1
5868026,2026-27,ESP1,2026-08-23,getafe,andres garcia,Andrés García,1430406,1
5868026,2026-27,ESP1,2026-08-23,getafe,ramon terrats,Ramón Terrats,1202587,1
5868026,2026-27,ESP1,2026-08-23,getafe,orel mangala,Orel Mangala,765693,1
5868026,2026-27,ESP1,2026-08-23,getafe,francho serrano,Francho Serrano,1183650,1
5868026,2026-27,ESP1,2026-08-23,getafe,johan mojica,Johan Mojica,474673,1
5868026,2026-27,ESP1,2026-08-23,getafe,enes unal,Enes Ünal,464486,1
5868026,2026-27,ESP1,2026-08-23,getafe,martin satriano,Martín Satriano,1197039,1
5868026,2026-27,ESP1,2026-08-23,getafe,sebastian boselli,Sebastián Boselli,1414777,0
5868026,2026-27,ESP1,2026-08-23,getafe,borja mayoral,Borja Mayoral,635772,0
5868026,2026-27,ESP1,2026-08-23,getafe,abdelkabir abqar,Abdelkabir Abqar,956921,0
5868026,2026-27,ESP1,2026-08-23,getafe,alberto risco,Alberto Risco,1637438,0
5868026,2026-27,ESP1,2026-08-23,getafe,diego ferrer,Diego Ferrer,1669215,0
5868026,2026-27,ESP1,2026-08-23,getafe,jiri letacek,Jirí Letácek,1178641,0
5868026,2026-27,ESP1,2026-08-23,getafe,curro burgos,Curro Burgos,1691462,0
5868026,2026-27,ESP1,2026-08-23,getafe,davinchi,Davinchi,1676086,0
5868026,2026-27,ESP1,2026-08-23,getafe,jean ives valou,Jean Ives Valou,1792368,0
5868026,2026-27,ESP1,2026-08-23,getafe,oscar lopez,Oscar Lopez,1694764,0
5868026,2026-27,ESP1,2026-08-23,getafe,ebrahima drammeh,Ebrahima Drammeh,2110934,0
5868026,2026-27,ESP1,2026-08-23,real racing,julen agirrezabala,Julen Agirrezabala,1280020,1
5868026,2026-27,ESP1,2026-08-23,real racing,alvaro mantilla,Álvaro Mantilla,1199649,1
5868026,2026-27,ESP1,2026-08-23,real racing,manu,Manu,863169,1
5868026,2026-27,ESP1,2026-08-23,real racing,pablo ramon,Pablo Ramón,982734,1
5868026,2026-27,ESP1,2026-08-23,real racing,jorge salinas,Jorge Salinas,1670161,1
5868026,2026-27,ESP1,2026-08-23,real racing,sergio martinez,Sergio Martínez,1791769,1
5868026,2026-27,ESP1,2026-08-23,real racing,gustavo puerta,Gustavo Puerta,1331597,1
5868026,2026-27,ESP1,2026-08-23,real racing,andres martin,Andrés Martin,899195,1
5868026,2026-27,ESP1,2026-08-23,real racing,sergio canales,Sergio Canales,150649,1
5868026,2026-27,ESP1,2026-08-23,real racing,inigo vicente,Iñigo Vicente,889229,1
5868026,2026-27,ESP1,2026-08-23,real racing,asier villalibre,Asier Villalibre,670031,1
5868026,2026-27,ESP1,2026-08-23,real racing,ivan martin,Iván Martin,967871,0
5868026,2026-27,ESP1,2026-08-23,real racing,maguette gueye,Maguette Gueye,1363232,0
5868026,2026-27,ESP1,2026-08-23,real racing,yassir zabiri,Yassir Zabiri,1640985,0
5868026,2026-27,ESP1,2026-08-23,real racing,facundo gonzalez,Facundo González,1212179,0
5868026,2026-27,ESP1,2026-08-23,real racing,juan carlos arana,Juan Carlos Arana,1225417,0
5868026,2026-27,ESP1,2026-08-23,real racing,simon eriksson,Simon Eriksson,1441736,0
5868026,2026-27,ESP1,2026-08-23,real racing,carlos sanchez,Carlos Sanchez,1910947,0
5868026,2026-27,ESP1,2026-08-23,real racing,andres vallecillo,Andres Vallecillo,1938902,0
5868026,2026-27,ESP1,2026-08-23,real racing,inigo sainz maza,Íñigo Sainz-Maza,1168852,0
5868026,2026-27,ESP1,2026-08-23,real racing,jorge castellanos,Jorge Castellanos,1553409,0
5868026,2026-27,ESP1,2026-08-23,real racing,diego diaz,Diego Díaz,1693550,0
5868026,2026-27,ESP1,2026-08-23,real racing,hugo perez,Hugo Perez,2156233,0
5868027,2026-27,ESP1,2026-08-24,malaga,alfonso herrero,Alfonso Herrero,616538,1
5868027,2026-27,ESP1,2026-08-24,malaga,carlos puga,Carlos Puga,1668274,1
5868027,2026-27,ESP1,2026-08-24,malaga,angel recio,Ángel Recio,1260010,1
5868027,2026-27,ESP1,2026-08-24,malaga,einar galilea,Einar Galilea,516803,1
5868027,2026-27,ESP1,2026-08-24,malaga,rafita,Rafita,1717331,1
5868027,2026-27,ESP1,2026-08-24,malaga,dani lorenzo,Dani Lorenzo,1317624,1
5868027,2026-27,ESP1,2026-08-24,malaga,izan merino,Izan Merino,1669619,1
5868027,2026-27,ESP1,2026-08-24,malaga,juan cruz,Juan Cruz,940608,1
5868027,2026-27,ESP1,2026-08-24,malaga,carlos dotor,Carlos Dotor,1209421,1
5868027,2026-27,ESP1,2026-08-24,malaga,joaquin munoz,Joaquín Muñoz,951739,1
5868027,2026-27,ESP1,2026-08-24,malaga,chupe,Chupe,1669622,1
5868027,2026-27,ESP1,2026-08-24,malaga,david larrubia,David Larrubia,1108863,0
5868027,2026-27,ESP1,2026-08-24,malaga,haitam abaida,Haitam Abaida,1220748,0
5868027,2026-27,ESP1,2026-08-24,malaga,rafa rodriguez,Rafa Rodríguez,1434474,0
5868027,2026-27,ESP1,2026-08-24,malaga,julen lobete,Julen Lobete,1098594,0
5868027,2026-27,ESP1,2026-08-24,malaga,ramon enriquez,Ramón Enríquez,1082957,0
5868027,2026-27,ESP1,2026-08-24,malaga,carlos lopez,Carlos López,1426161,0
5868027,2026-27,ESP1,2026-08-24,malaga,alex pastor,Álex Pastor,1256463,0
5868027,2026-27,ESP1,2026-08-24,malaga,jose salinas,José Salinas,1187478,0
5868027,2026-27,ESP1,2026-08-24,malaga,joseph otu,Joseph Otu,1810991,0
5868027,2026-27,ESP1,2026-08-24,malaga,pablo martinez,Pablo Martínez,923298,0
5868027,2026-27,ESP1,2026-08-24,malaga,eneko jauregi,Eneko Jauregi,722830,0
5868027,2026-27,ESP1,2026-08-24,malaga,juan fernandez,Juan Fernandez,1839193,0
5868027,2026-27,ESP1,2026-08-24,deportivo a coruna,leo roman,Leo Román,1187702,1
5868027,2026-27,ESP1,2026-08-24,deportivo a coruna,ximo navarro,Ximo Navarro,260659,1
5868027,2026-27,ESP1,2026-08-24,deportivo a coruna,lucas noubi,Lucas Noubi,1332025,1
5868027,2026-27,ESP1,2026-08-24,deportivo a coruna,miguel loureiro,Miguel Loureiro,800891,1
5868027,2026-27,ESP1,2026-08-24,deportivo a coruna,giacomo quagliata,Giacomo Quagliata,1077977,1
5868027,2026-27,ESP1,2026-08-24,deportivo a coruna,adria altimira,Adrià Altimira,1256478,1
5868027,2026-27,ESP1,2026-08-24,deportivo a coruna,mario soriano,Mario Soriano,1050828,1
5868027,2026-27,ESP1,2026-08-24,deportivo a coruna,lorenzo amatucci,Lorenzo Amatucci,1425989,1
5868027,2026-27,ESP1,2026-08-24,deportivo a coruna,jonathan asp,Jonathan Asp,1621150,1
5868027,2026-27,ESP1,2026-08-24,deportivo a coruna,luismi cruz,Luismi Cruz,1204447,1
5868027,2026-27,ESP1,2026-08-24,deportivo a coruna,pierre emerick aubameyang,Pierre-Emerick Aubameyang,150565,1
5868027,2026-27,ESP1,2026-08-24,deportivo a coruna,diego villares,Diego Villares,988178,0
5868027,2026-27,ESP1,2026-08-24,deportivo a coruna,david mella,David Mella,1368655,0
5868027,2026-27,ESP1,2026-08-24,deportivo a coruna,bright ede,Bright Ede,1711969,0
5868027,2026-27,ESP1,2026-08-24,deportivo a coruna,yeremay hernandez,Yeremay Hernández,1319204,0
5868027,2026-27,ESP1,2026-08-24,deportivo a coruna,bil nsongo,Bil Nsongo,1690831,0
5868027,2026-27,ESP1,2026-08-24,deportivo a coruna,alvaro fernandez,Álvaro Fernández,796781,0
5868027,2026-27,ESP1,2026-08-24,deportivo a coruna,german parreno,Germán Parreno,416409,0
5868027,2026-27,ESP1,2026-08-24,deportivo a coruna,arnau comas,Arnau Comas,1120002,0
5868027,2026-27,ESP1,2026-08-24,deportivo a coruna,angelino,Angeliño,603537,0
5868027,2026-27,ESP1,2026-08-24,deportivo a coruna,riki rodriguez,Riki Rodríguez,970566,0
5868027,2026-27,ESP1,2026-08-24,deportivo a coruna,teun gijselhart,Teun Gijselhart,1466558,0
5868027,2026-27,ESP1,2026-08-24,deportivo a coruna,zakaria eddahchouri,Zakaria Eddahchouri,1029029,0
5868028,2026-27,ESP1,2026-08-24,osasuna,sergio herrera,Sergio Herrera,683762,1
5868028,2026-27,ESP1,2026-08-24,osasuna,inigo arguibide,Iñigo Arguibide,1614872,1
5868028,2026-27,ESP1,2026-08-24,osasuna,alejandro catena,Alejandro Catena,814663,1
5868028,2026-27,ESP1,2026-08-24,osasuna,jorge herrando,Jorge Herrando,1098365,1
5868028,2026-27,ESP1,2026-08-24,osasuna,abel bretones,Abel Bretones,1323398,1
5868028,2026-27,ESP1,2026-08-24,osasuna,ruben garcia,Rubén Garcia,384413,1
5868028,2026-27,ESP1,2026-08-24,osasuna,jon moncayola,Jon Moncayola,921825,1
5868028,2026-27,ESP1,2026-08-24,osasuna,iker munoz,Iker Muñoz,1323863,1
5868028,2026-27,ESP1,2026-08-24,osasuna,moi gomez,Moi Gómez,262592,1
5868028,2026-27,ESP1,2026-08-24,osasuna,ante budimir,Ante Budimir,251269,1
5868028,2026-27,ESP1,2026-08-24,osasuna,aimar oroz,Aimar Oroz,1054786,1
5868028,2026-27,ESP1,2026-08-24,osasuna,raul garcia,Raúl García,1094778,0
5868028,2026-27,ESP1,2026-08-24,osasuna,raul moro,Raúl Moro,1169596,0
5868028,2026-27,ESP1,2026-08-24,osasuna,jonathan dubasin,Jonathan Dubasin,1242139,0
5868028,2026-27,ESP1,2026-08-24,osasuna,lucas torro,Lucas Torró,303879,0
5868028,2026-27,ESP1,2026-08-24,osasuna,enrique barja,Enrique Barja,574624,0
5868028,2026-27,ESP1,2026-08-24,osasuna,aitor fernandez,Aitor Fernández,213471,0
5868028,2026-27,ESP1,2026-08-24,osasuna,rafa fernandez,Rafa Fernández,1762938,0
5868028,2026-27,ESP1,2026-08-24,osasuna,asier osambela,Asier Osambela,1431121,0
5868028,2026-27,ESP1,2026-08-24,osasuna,diego rico,Diego Rico,488718,0
5868028,2026-27,ESP1,2026-08-24,osasuna,flavien boyomo,Flavien Boyomo,1187734,0
5868028,2026-27,ESP1,2026-08-24,osasuna,unai santos,Unai Santos,1682298,0
5868028,2026-27,ESP1,2026-08-24,osasuna,mauro echegoyen,Mauro Echegoyen,1699317,0
5868028,2026-27,ESP1,2026-08-24,levante,mathew ryan,Mathew Ryan,185644,1
5868028,2026-27,ESP1,2026-08-24,levante,nacho perez,Nacho Pérez,1800611,1
5868028,2026-27,ESP1,2026-08-24,levante,adrian de la fuente,Adrián De La Fuente,952528,1
5868028,2026-27,ESP1,2026-08-24,levante,aissa mandi,Aïssa Mandi,210683,1
5868028,2026-27,ESP1,2026-08-24,levante,manuel sanchez,Manuel Sánchez,1052330,1
5868028,2026-27,ESP1,2026-08-24,levante,enzo bardeli,Enzo Bardeli,1332540,1
5868028,2026-27,ESP1,2026-08-24,levante,oriol rey,Oriol Rey,914401,1
5868028,2026-27,ESP1,2026-08-24,levante,jon olasagasti,Jon Olasagasti,1131957,1
5868028,2026-27,ESP1,2026-08-24,levante,roger brugue,Roger Brugué,1286471,1
5868028,2026-27,ESP1,2026-08-24,levante,ivan romero,Iván Romero,1209441,1
5868028,2026-27,ESP1,2026-08-24,levante,thiago fernandez,Thiago Fernández,1460063,1
5868028,2026-27,ESP1,2026-08-24,levante,jeremy toljan,Jeremy Toljan,443966,0
5868028,2026-27,ESP1,2026-08-24,levante,victor garcia,Víctor García,977618,0
5868028,2026-27,ESP1,2026-08-24,levante,hugo sotelo,Hugo Sotelo,1254218,0
5868028,2026-27,ESP1,2026-08-24,levante,etta eyong,Etta Eyong,1392779,0
5868028,2026-27,ESP1,2026-08-24,levante,pablo campos,Pablo Campos,1237455,0
5868028,2026-27,ESP1,2026-08-24,levante,ifeanyi ndukwe,Ifeanyi Ndukwe,1780239,0
5868028,2026-27,ESP1,2026-08-24,levante,jorge cabello,Jorge Cabello,1617146,0
5868028,2026-27,ESP1,2026-08-24,levante,marc santos,Marc Santos,2141146,0
5868028,2026-27,ESP1,2026-08-24,levante,carlos alvarez,Carlos Álvarez,1209980,0
5868028,2026-27,ESP1,2026-08-24,levante,dani requena,Dani Requena,1481503,0
5868028,2026-27,ESP1,2026-08-24,levante,paco cortes,Paco Cortés,1649293,0
5868029,2026-27,ESP1,2026-08-20,rayo vallecano,augusto batalla,Augusto Batalla,621415,1
5868029,2026-27,ESP1,2026-08-20,rayo vallecano,andrei ratiu,Andrei Ratiu,970578,1
5868029,2026-27,ESP1,2026-08-20,rayo vallecano,florian lejeune,Florian Lejeune,184521,1
5868029,2026-27,ESP1,2026-08-20,rayo vallecano,pelayo fernandez,Pelayo Fernández,1411818,1
5868029,2026-27,ESP1,2026-08-20,rayo vallecano,jozhua vertrouwd,Jozhua Vertrouwd,1255090,1
5868029,2026-27,ESP1,2026-08-20,rayo vallecano,pathe ciss,Pathé Ciss,872396,1
5868029,2026-27,ESP1,2026-08-20,rayo vallecano,unai lopez,Unai López,571615,1
5868029,2026-27,ESP1,2026-08-20,rayo vallecano,jorge de frutos,Jorge de Frutos,797901,1
5868029,2026-27,ESP1,2026-08-20,rayo vallecano,isi palazon,Isi Palazón,638010,1
5868029,2026-27,ESP1,2026-08-20,rayo vallecano,fran perez,Fran Pérez,1284430,1
5868029,2026-27,ESP1,2026-08-20,rayo vallecano,sergio camello,Sergio Camello,980422,1
5868029,2026-27,ESP1,2026-08-20,rayo vallecano,randy nteka,Randy Nteka,915264,0
5868029,2026-27,ESP1,2026-08-20,rayo vallecano,oscar valentin,Óscar Valentín,956622,0
5868029,2026-27,ESP1,2026-08-20,rayo vallecano,alvaro garcia,Álvaro Garcia,474658,0
5868029,2026-27,ESP1,2026-08-20,rayo vallecano,dani cardenas,Dani Cárdenas,1041445,0
5868029,2026-27,ESP1,2026-08-20,rayo vallecano,ivan balliu,Iván Balliu,264885,0
5868029,2026-27,ESP1,2026-08-20,rayo vallecano,sergio lozano,Sergio Lozano,1729976,0
5868029,2026-27,ESP1,2026-08-20,rayo vallecano,marco de las sias,Marco de Las Sias,1662963,0
5868029,2026-27,ESP1,2026-08-20,rayo vallecano,pedro diaz,Pedro Díaz,715069,0
5868029,2026-27,ESP1,2026-08-20,rayo vallecano,alemao,Alemão,924300,0
5868029,2026-27,ESP1,2026-08-20,rayo vallecano,giorgi tsitaishvili,Giorgi Tsitaishvili,939061,0
5868029,2026-27,ESP1,2026-08-20,rayo vallecano,ivan alonso,Ivan Alonso,1845978,0
5868029,2026-27,ESP1,2026-08-20,alaves,antonio sivera,Antonio Sivera,530468,1
5868029,2026-27,ESP1,2026-08-20,alaves,nahuel tenaglia,Nahuel Tenaglia,860314,1
5868029,2026-27,ESP1,2026-08-20,alaves,ville koski,Ville Koski,1056461,1
5868029,2026-27,ESP1,2026-08-20,alaves,jonny otto,Jonny Otto,360918,1
5868029,2026-27,ESP1,2026-08-20,alaves,angel perez,Ángel Pérez,1563022,1
5868029,2026-27,ESP1,2026-08-20,alaves,abderrahman rebbach,Abderrahman Rebbach,1200941,1
5868029,2026-27,ESP1,2026-08-20,alaves,pablo ibanez,Pablo Ibánez,1238154,1
5868029,2026-27,ESP1,2026-08-20,alaves,antonio blanco,Antonio Blanco,845998,1
5868029,2026-27,ESP1,2026-08-20,alaves,mikel rodriguez,Mikel Rodríguez,1426189,1
5868029,2026-27,ESP1,2026-08-20,alaves,lucas boye,Lucas Boyé,561164,1
5868029,2026-27,ESP1,2026-08-20,alaves,toni martinez,Toni Martínez,640123,1
5868029,2026-27,ESP1,2026-08-20,alaves,denis suarez,Denis Suárez,282281,0
5868029,2026-27,ESP1,2026-08-20,alaves,mariano diaz,Mariano Díaz,518525,0
5868029,2026-27,ESP1,2026-08-20,alaves,youssef enriquez,Youssef Enriquez,1403692,0
5868029,2026-27,ESP1,2026-08-20,alaves,nicolas valentini,Nicolás Valentini,1249665,0
5868029,2026-27,ESP1,2026-08-20,alaves,carles alena,Carles Aleñá,637756,0
5868029,2026-27,ESP1,2026-08-20,alaves,adrian rodriguez,Adrián Rodriguez,1136937,0
5868029,2026-27,ESP1,2026-08-20,alaves,carlos protesoni,Carlos Protesoni,799914,0
5868029,2026-27,ESP1,2026-08-20,alaves,hugo novoa,Hugo Novoa,1175969,0
5868029,2026-27,ESP1,2026-08-20,alaves,xanet olaiz,Xanet Oláiz,1721181,0
5868029,2026-27,ESP1,2026-08-20,alaves,ander guevara,Ander Guevara,873827,0
5868029,2026-27,ESP1,2026-08-20,alaves,aitor manas,Aitor Mañas,1553663,0
5868029,2026-27,ESP1,2026-08-20,alaves,miguel rodriguez,Miguel Rodríguez,1184663,0
5868030,2026-27,ESP1,2026-08-22,valencia,stole dimitrievski,Stole Dimitrievski,254241,1
5868030,2026-27,ESP1,2026-08-22,valencia,cesar tarrega,César Tárrega,1311985,1
5868030,2026-27,ESP1,2026-08-22,valencia,pepelu,Pepelu,673689,1
5868030,2026-27,ESP1,2026-08-22,valencia,justin de haas,Justin De Haas,969711,1
5868030,2026-27,ESP1,2026-08-22,valencia,jesus vazquez,Jesus Vázquez,1220187,1
5868030,2026-27,ESP1,2026-08-22,valencia,jose gaya,José Gayà,391058,1
5868030,2026-27,ESP1,2026-08-22,valencia,filip ugrinic,Filip Ugrinic,800615,1
5868030,2026-27,ESP1,2026-08-22,valencia,guido rodriguez,Guido Rodríguez,586768,1
5868030,2026-27,ESP1,2026-08-22,valencia,ryunosuke sato,Ryunosuke Sato,1611149,1
5868030,2026-27,ESP1,2026-08-22,valencia,arnaut danjuma,Arnaut Danjuma,704151,1
5868030,2026-27,ESP1,2026-08-22,valencia,javier guerra,Javier Guerra,1284429,1
5868030,2026-27,ESP1,2026-08-22,valencia,mouctar diakhaby,Mouctar Diakhaby,561198,0
5868030,2026-27,ESP1,2026-08-22,valencia,umar sadiq,Umar Sadiq,590494,0
5868030,2026-27,ESP1,2026-08-22,valencia,pablo maffeo,Pablo Maffeo,673356,0
5868030,2026-27,ESP1,2026-08-22,valencia,aliou dieng,Aliou Dieng,723148,0
5868030,2026-27,ESP1,2026-08-22,valencia,hugo duro,Hugo Duro,929838,0
5868030,2026-27,ESP1,2026-08-22,valencia,cristian rivero,Cristian Rivero,913464,0
5868030,2026-27,ESP1,2026-08-22,valencia,iker cordoba,Iker Córdoba,1637860,0
5868030,2026-27,ESP1,2026-08-22,valencia,marcos navarro,Marcos Navarro,1469787,0
5868030,2026-27,ESP1,2026-08-22,valencia,andre almeida,André Almeida,777028,0
5868030,2026-27,ESP1,2026-08-22,valencia,jaume dura,Jaume Dura,1842857,0
5868030,2026-27,ESP1,2026-08-22,valencia,dani raba,Dani Raba,784246,0
5868030,2026-27,ESP1,2026-08-22,valencia,david otorbi,David Otorbi,1600732,0
5868030,2026-27,ESP1,2026-08-22,celta vigo,ionut radu,Ionut Radu,681213,1
5868030,2026-27,ESP1,2026-08-22,celta vigo,javi rodriguez,Javi Rodríguez,1435439,1
5868030,2026-27,ESP1,2026-08-22,celta vigo,yoel lago,Yoel Lago,1578176,1
5868030,2026-27,ESP1,2026-08-22,celta vigo,marcos alonso,Marcos Alonso,196169,1
5868030,2026-27,ESP1,2026-08-22,celta vigo,sergio carreira,Sergio Carreira,1106742,1
5868030,2026-27,ESP1,2026-08-22,celta vigo,miguel roman,Miguel Román,1359911,1
5868030,2026-27,ESP1,2026-08-22,celta vigo,aleix febas,Aleix Febas,671686,1
5868030,2026-27,ESP1,2026-08-22,celta vigo,javi galan,Javi Galán,695062,1
5868030,2026-27,ESP1,2026-08-22,celta vigo,jones el abdellaoui,Jones El-Abdellaoui,1379196,1
5868030,2026-27,ESP1,2026-08-22,celta vigo,ferran jutgla,Ferrán Jutglà,1102732,1
5868030,2026-27,ESP1,2026-08-22,celta vigo,hugo alvarez,Hugo Álvarez,1308414,1
5868030,2026-27,ESP1,2026-08-22,celta vigo,williot swedberg,Williot Swedberg,1272740,0
5868030,2026-27,ESP1,2026-08-22,celta vigo,javi rueda,Javi Rueda,1310440,0
5868030,2026-27,ESP1,2026-08-22,celta vigo,iago aspas,Iago Aspas,174472,0
5868030,2026-27,ESP1,2026-08-22,celta vigo,pablo duran,Pablo Durán,1322858,0
5868030,2026-27,ESP1,2026-08-22,celta vigo,ilaix moriba,Ilaix Moriba,1109046,0
5868030,2026-27,ESP1,2026-08-22,celta vigo,altay bayindir,Altay Bayindir,866967,0
5868030,2026-27,ESP1,2026-08-22,celta vigo,abdoulaye faye,Abdoulaye Faye,1555492,0
5868030,2026-27,ESP1,2026-08-22,celta vigo,alvaro nunez,Álvaro Núñez,1132355,0
5868030,2026-27,ESP1,2026-08-22,celta vigo,carl starfelt,Carl Starfelt,497662,0
5868030,2026-27,ESP1,2026-08-22,celta vigo,hugo burcio,Hugo Burcio,1825995,0
5868030,2026-27,ESP1,2026-08-22,celta vigo,borja iglesias,Borja Iglesias,609505,0
5868030,2026-27,ESP1,2026-08-22,celta vigo,hugo gonzalez,Hugo González,1226783,0
5868031,2026-27,ESP1,2026-08-28,alaves,antonio sivera,Antonio Sivera,530468,1
5868031,2026-27,ESP1,2026-08-28,alaves,nahuel tenaglia,Nahuel Tenaglia,860314,1
5868031,2026-27,ESP1,2026-08-28,alaves,ville koski,Ville Koski,1056461,1
5868031,2026-27,ESP1,2026-08-28,alaves,jonny otto,Jonny Otto,360918,1
5868031,2026-27,ESP1,2026-08-28,alaves,angel perez,Ángel Pérez,1563022,1
5868031,2026-27,ESP1,2026-08-28,alaves,abderrahman rebbach,Abderrahman Rebbach,1200941,1
5868031,2026-27,ESP1,2026-08-28,alaves,pablo ibanez,Pablo Ibánez,1238154,1
5868031,2026-27,ESP1,2026-08-28,alaves,antonio blanco,Antonio Blanco,845998,1
5868031,2026-27,ESP1,2026-08-28,alaves,mikel rodriguez,Mikel Rodríguez,1426189,1
5868031,2026-27,ESP1,2026-08-28,alaves,lucas boye,Lucas Boyé,561164,1
5868031,2026-27,ESP1,2026-08-28,alaves,toni martinez,Toni Martínez,640123,1
5868031,2026-27,ESP1,2026-08-28,alaves,youssef enriquez,Youssef Enríquez,1403692,0
5868031,2026-27,ESP1,2026-08-28,alaves,mariano diaz,Mariano Díaz,518525,0
5868031,2026-27,ESP1,2026-08-28,alaves,carlos protesoni,Carlos Protesoni,799914,0
5868031,2026-27,ESP1,2026-08-28,alaves,denis suarez,Denis Suárez,282281,0
5868031,2026-27,ESP1,2026-08-28,alaves,aitor manas,Aitor Mañas,1553663,0
5868031,2026-27,ESP1,2026-08-28,alaves,adrian rodriguez,Adrián Rodriguez,1136937,0
5868031,2026-27,ESP1,2026-08-28,alaves,hugo novoa,Hugo Novoa,1175969,0
5868031,2026-27,ESP1,2026-08-28,alaves,nicolas valentini,Nicolás Valentini,1249665,0
5868031,2026-27,ESP1,2026-08-28,alaves,xanet olaiz,Xanet Oláiz,1721181,0
5868031,2026-27,ESP1,2026-08-28,alaves,ander guevara,Ander Guevara,873827,0
5868031,2026-27,ESP1,2026-08-28,alaves,carles alena,Carles Aleñá,637756,0
5868031,2026-27,ESP1,2026-08-28,alaves,miguel rodriguez,Miguel Rodríguez,1184663,0
5868031,2026-27,ESP1,2026-08-28,villarreal,luiz junior,Luíz Júnior,1187044,1
5868031,2026-27,ESP1,2026-08-28,villarreal,santiago mourino,Santiago Mouriño,1407468,1
5868031,2026-27,ESP1,2026-08-28,villarreal,juan foyth,Juan Foyth,833219,1
5868031,2026-27,ESP1,2026-08-28,villarreal,renato veiga,Renato Veiga,1343750,1
5868031,2026-27,ESP1,2026-08-28,villarreal,carlos romero,Carlos Romero,1395964,1
5868031,2026-27,ESP1,2026-08-28,villarreal,nicolas pepe,Nicolas Pépé,575735,1
5868031,2026-27,ESP1,2026-08-28,villarreal,santi comesana,Santi Comesaña,671865,1
5868031,2026-27,ESP1,2026-08-28,villarreal,pape gueye,Pape Gueye,844544,1
5868031,2026-27,ESP1,2026-08-28,villarreal,tajon buchanan,Tajon Buchanan,1026135,1
5868031,2026-27,ESP1,2026-08-28,villarreal,gerard moreno,Gerard Moreno,246438,1
5868031,2026-27,ESP1,2026-08-28,villarreal,georges mikautadze,Georges Mikautadze,1117069,1
5868031,2026-27,ESP1,2026-08-28,villarreal,alex freeman,Alex Freeman,1338696,0
5868031,2026-27,ESP1,2026-08-28,villarreal,ayoze perez,Ayoze Pérez,479020,0
5868031,2026-27,ESP1,2026-08-28,villarreal,alberto moleiro,Alberto Moleiro,1184694,0
5868031,2026-27,ESP1,2026-08-28,villarreal,ilias akhomach,Ilias Akhomach,1311915,0
5868031,2026-27,ESP1,2026-08-28,villarreal,tani oluwaseyi,Tani Oluwaseyi,1338740,0
5868031,2026-27,ESP1,2026-08-28,villarreal,peter gulacsi,Péter Gulácsi,151001,0
5868031,2026-27,ESP1,2026-08-28,villarreal,logan costa,Logan Costa,922877,0
5868031,2026-27,ESP1,2026-08-28,villarreal,pau navarro,Pau Navarro,1531887,0
5868031,2026-27,ESP1,2026-08-28,villarreal,sergi cardona,Sergi Cardona,1059657,0
5868031,2026-27,ESP1,2026-08-28,villarreal,alassane diatta,Alassane Diatta,1695966,0
5868031,2026-27,ESP1,2026-08-28,villarreal,carlos macia,Carlos Maciá,1841906,0
5868031,2026-27,ESP1,2026-08-28,villarreal,nathan saliba,Nathan Saliba,1216798,0
5868032,2026-27,ESP1,2026-08-30,celta vigo,ionut radu,Ionut Radu,681213,1
5868032,2026-27,ESP1,2026-08-30,celta vigo,javi rodriguez,Javi Rodríguez,1435439,1
5868032,2026-27,ESP1,2026-08-30,celta vigo,carl starfelt,Carl Starfelt,497662,1
5868032,2026-27,ESP1,2026-08-30,celta vigo,abdoulaye faye,Abdoulaye Faye,1555492,1
5868032,2026-27,ESP1,2026-08-30,celta vigo,alvaro nunez,Álvaro Núñez,1132355,1
5868032,2026-27,ESP1,2026-08-30,celta vigo,aleix febas,Aleix Febas,671686,1
5868032,2026-27,ESP1,2026-08-30,celta vigo,ilaix moriba,Ilaix Moriba,1109046,1
5868032,2026-27,ESP1,2026-08-30,celta vigo,sergio carreira,Sergio Carreira,1106742,1
5868032,2026-27,ESP1,2026-08-30,celta vigo,williot swedberg,Williot Swedberg,1272740,1
5868032,2026-27,ESP1,2026-08-30,celta vigo,hugo gonzalez,Hugo González,1226783,1
5868032,2026-27,ESP1,2026-08-30,celta vigo,ferran jutgla,Ferrán Jutglà,1102732,1
5868032,2026-27,ESP1,2026-08-30,celta vigo,yoel lago,Yoel Lago,1578176,0
5868032,2026-27,ESP1,2026-08-30,celta vigo,javi rueda,Javi Rueda,1310440,0
5868032,2026-27,ESP1,2026-08-30,celta vigo,miguel roman,Miguel Román,1359911,0
5868032,2026-27,ESP1,2026-08-30,celta vigo,iago aspas,Iago Aspas,174472,0
5868032,2026-27,ESP1,2026-08-30,celta vigo,hugo alvarez,Hugo Álvarez,1308414,0
5868032,2026-27,ESP1,2026-08-30,celta vigo,altay bayindir,Altay Bayindir,866967,0
5868032,2026-27,ESP1,2026-08-30,celta vigo,javi galan,Javi Galán,695062,0
5868032,2026-27,ESP1,2026-08-30,celta vigo,kike ribes,Kike Ribes,1609347,0
5868032,2026-27,ESP1,2026-08-30,celta vigo,hugo burcio,Hugo Burcio,1825995,0
5868032,2026-27,ESP1,2026-08-30,celta vigo,jones el abdellaoui,Jones El-Abdellaoui,1379196,0
5868032,2026-27,ESP1,2026-08-30,celta vigo,andres antanon,Andrés Antañón,1732791,0
5868032,2026-27,ESP1,2026-08-30,celta vigo,pablo duran,Pablo Durán,1322858,0
5868032,2026-27,ESP1,2026-08-30,athletic club,unai simon,Unai Simón,660625,1
5868032,2026-27,ESP1,2026-08-30,athletic club,jesus areso,Jesús Areso,1037537,1
5868032,2026-27,ESP1,2026-08-30,athletic club,aitor paredes,Aitor Paredes,1191407,1
5868032,2026-27,ESP1,2026-08-30,athletic club,aymeric laporte,Aymeric Laporte,411617,1
5868032,2026-27,ESP1,2026-08-30,athletic club,yuri berchiche,Yuri Berchiche,80295,1
5868032,2026-27,ESP1,2026-08-30,athletic club,inigo ruiz de galarreta,Íñigo Ruiz de Galarreta,282462,1
5868032,2026-27,ESP1,2026-08-30,athletic club,benat gerenabarrena,Beñat Gerenabarrena,1425173,1
5868032,2026-27,ESP1,2026-08-30,athletic club,robert navarro,Robert Navarro,1011117,1
5868032,2026-27,ESP1,2026-08-30,athletic club,oihan sancet,Oihan Sancet,950545,1
5868032,2026-27,ESP1,2026-08-30,athletic club,alex berenguer,Alex Berenguer,574629,1
5868032,2026-27,ESP1,2026-08-30,athletic club,inaki williams,Iñaki Williams,604105,1
5868032,2026-27,ESP1,2026-08-30,athletic club,mikel jauregizar,Mikel Jauregizar,1553099,0
5868032,2026-27,ESP1,2026-08-30,athletic club,peio canales,Peio Canales,1585726,0
5868032,2026-27,ESP1,2026-08-30,athletic club,gorka guruzeta,Gorka Guruzeta,711231,0
5868032,2026-27,ESP1,2026-08-30,athletic club,nico williams,Nico Williams,1202110,0
5868032,2026-27,ESP1,2026-08-30,athletic club,johaneko louisjean,Johaneko Louisjean,1327006,0
5868032,2026-27,ESP1,2026-08-30,athletic club,alex padilla,Álex Padilla,1401997,0
5868032,2026-27,ESP1,2026-08-30,athletic club,adama boiro,Adama Boiro,1331249,0
5868032,2026-27,ESP1,2026-08-30,athletic club,hugo rincon,Hugo Rincón,1427819,0
5868032,2026-27,ESP1,2026-08-30,athletic club,yeray alvarez,Yeray Álvarez,639450,0
5868032,2026-27,ESP1,2026-08-30,athletic club,alejandro rego,Alejandro Rego,1425769,0
5868032,2026-27,ESP1,2026-08-30,athletic club,alvaro djalo,Álvaro Djaló,1355668,0
5868032,2026-27,ESP1,2026-08-30,athletic club,maroan sannadi,Maroan Sannadi,1425206,0
5868033,2026-27,ESP1,2026-08-30,deportivo a coruna,leo roman,Leo Román,1187702,1
5868033,2026-27,ESP1,2026-08-30,deportivo a coruna,ximo navarro,Ximo Navarro,260659,1
5868033,2026-27,ESP1,2026-08-30,deportivo a coruna,lucas noubi,Lucas Noubi,1332025,1
5868033,2026-27,ESP1,2026-08-30,deportivo a coruna,bright ede,Bright Ede,1711969,1
5868033,2026-27,ESP1,2026-08-30,deportivo a coruna,giacomo quagliata,Giacomo Quagliata,1077977,1
5868033,2026-27,ESP1,2026-08-30,deportivo a coruna,luismi cruz,Luismi Cruz,1204447,1
5868033,2026-27,ESP1,2026-08-30,deportivo a coruna,riki rodriguez,Riki Rodríguez,970566,1
5868033,2026-27,ESP1,2026-08-30,deportivo a coruna,lorenzo amatucci,Lorenzo Amatucci,1425989,1
5868033,2026-27,ESP1,2026-08-30,deportivo a coruna,mario soriano,Mario Soriano,1050828,1
5868033,2026-27,ESP1,2026-08-30,deportivo a coruna,pierre emerick aubameyang,Pierre-Emerick Aubameyang,150565,1
5868033,2026-27,ESP1,2026-08-30,deportivo a coruna,bil nsongo,Bil Nsongo,1690831,1
5868033,2026-27,ESP1,2026-08-30,deportivo a coruna,teun gijselhart,Teun Gijselhart,1466558,0
5868033,2026-27,ESP1,2026-08-30,deportivo a coruna,adria altimira,Adrià Altimira,1256478,0
5868033,2026-27,ESP1,2026-08-30,deportivo a coruna,yeremay hernandez,Yeremay Hernández,1319204,0
5868033,2026-27,ESP1,2026-08-30,deportivo a coruna,miguel loureiro,Miguel Loureiro,800891,0
5868033,2026-27,ESP1,2026-08-30,deportivo a coruna,jonathan asp,Jonathan Asp,1621150,0
5868033,2026-27,ESP1,2026-08-30,deportivo a coruna,alvaro fernandez,Álvaro Fernández,796781,0
5868033,2026-27,ESP1,2026-08-30,deportivo a coruna,german parreno,Germán Parreno,416409,0
5868033,2026-27,ESP1,2026-08-30,deportivo a coruna,arnau comas,Arnau Comas,1120002,0
5868033,2026-27,ESP1,2026-08-30,deportivo a coruna,angelino,Angeliño,603537,0
5868033,2026-27,ESP1,2026-08-30,deportivo a coruna,diego villares,Diego Villares,988178,0
5868033,2026-27,ESP1,2026-08-30,deportivo a coruna,david mella,David Mella,1368655,0
5868033,2026-27,ESP1,2026-08-30,deportivo a coruna,zakaria eddahchouri,Zakaria Eddahchouri,1029029,0
5868033,2026-27,ESP1,2026-08-30,valencia,stole dimitrievski,Stole Dimitrievski,254241,1
5868033,2026-27,ESP1,2026-08-30,valencia,arnau martinez,Arnau Martínez,1194892,1
5868033,2026-27,ESP1,2026-08-30,valencia,mouctar diakhaby,Mouctar Diakhaby,561198,1
5868033,2026-27,ESP1,2026-08-30,valencia,cesar tarrega,César Tárrega,1311985,1
5868033,2026-27,ESP1,2026-08-30,valencia,luis rioja,Luis Rioja,638070,1
5868033,2026-27,ESP1,2026-08-30,valencia,jesus vazquez,Jesus Vázquez,1220187,1
5868033,2026-27,ESP1,2026-08-30,valencia,filip ugrinic,Filip Ugrinic,800615,1
5868033,2026-27,ESP1,2026-08-30,valencia,pepelu,Pepelu,673689,1
5868033,2026-27,ESP1,2026-08-30,valencia,ryunosuke sato,Ryunosuke Sato,1611149,1
5868033,2026-27,ESP1,2026-08-30,valencia,javier guerra,Javier Guerra,1284429,1
5868033,2026-27,ESP1,2026-08-30,valencia,umar sadiq,Umar Sadiq,590494,1
5868033,2026-27,ESP1,2026-08-30,valencia,david otorbi,David Otorbi,1600732,0
5868033,2026-27,ESP1,2026-08-30,valencia,arnaut danjuma,Arnaut Danjuma,704151,0
5868033,2026-27,ESP1,2026-08-30,valencia,hugo duro,Hugo Duro,929838,0
5868033,2026-27,ESP1,2026-08-30,valencia,aliou dieng,Aliou Dieng,723148,0
5868033,2026-27,ESP1,2026-08-30,valencia,dani raba,Dani Raba,784246,0
5868033,2026-27,ESP1,2026-08-30,valencia,kayne van oevelen,Kayne van Oevelen,1348497,0
5868033,2026-27,ESP1,2026-08-30,valencia,aaron mayol,Aaron Mayol,1905203,0
5868033,2026-27,ESP1,2026-08-30,valencia,alejandro panach,Alejandro Panach,1793870,0
5868033,2026-27,ESP1,2026-08-30,valencia,dimitri foulquier,Dimitri Foulquier,261609,0
5868033,2026-27,ESP1,2026-08-30,valencia,iker cordoba,Iker Córdoba,1637860,0
5868033,2026-27,ESP1,2026-08-30,valencia,jose gaya,José Gayà,391058,0
5868033,2026-27,ESP1,2026-08-30,valencia,jaume dura,Jaume Dura,1842857,0
5868034,2026-27,ESP1,2026-08-31,barcelona,joan garcia,Joan García,1167220,1
5868034,2026-27,ESP1,2026-08-31,barcelona,jules kounde,Jules Koundé,705450,1
5868034,2026-27,ESP1,2026-08-31,barcelona,pau cubarsi,Pau Cubarsí,1532137,1
5868034,2026-27,ESP1,2026-08-31,barcelona,andreas christensen,Andreas Christensen,449232,1
5868034,2026-27,ESP1,2026-08-31,barcelona,xavi espart,Xavi Espart,1815149,1
5868034,2026-27,ESP1,2026-08-31,barcelona,marc bernal,Marc Bernal,1573126,1
5868034,2026-27,ESP1,2026-08-31,barcelona,pedri,Pedri,1083323,1
5868034,2026-27,ESP1,2026-08-31,barcelona,lamine yamal,Lamine Yamal,1467236,1
5868034,2026-27,ESP1,2026-08-31,barcelona,dani olmo,Dani Olmo,614834,1
5868034,2026-27,ESP1,2026-08-31,barcelona,anthony gordon,Anthony Gordon,906937,1
5868034,2026-27,ESP1,2026-08-31,barcelona,raphinha,Raphinha,696679,1
5868034,2026-27,ESP1,2026-08-31,barcelona,fermin lopez,Fermín López,1404415,0
5868034,2026-27,ESP1,2026-08-31,barcelona,rodri,Rodri,675088,0
5868034,2026-27,ESP1,2026-08-31,barcelona,joao cancelo,João Cancelo,361757,0
5868034,2026-27,ESP1,2026-08-31,barcelona,karim adeyemi,Karim Adeyemi,959594,0
5868034,2026-27,ESP1,2026-08-31,barcelona,hamza abdelkarim,Hamza Abdelkarim,1708842,0
5868034,2026-27,ESP1,2026-08-31,barcelona,eder aller,Eder Aller,1818299,0
5868034,2026-27,ESP1,2026-08-31,barcelona,wojciech szczesny,Wojciech Szczęsny,169718,0
5868034,2026-27,ESP1,2026-08-31,barcelona,alejandro balde,Alejandro Balde,1254166,0
5868034,2026-27,ESP1,2026-08-31,barcelona,eric garcia,Eric García,940573,0
5868034,2026-27,ESP1,2026-08-31,barcelona,gerard martin,Gerard Martín,1598982,0
5868034,2026-27,ESP1,2026-08-31,barcelona,brian farinas,Brian Fariñas,1821727,0
5868034,2026-27,ESP1,2026-08-31,rayo vallecano,dani cardenas,Dani Cárdenas,1041445,1
5868034,2026-27,ESP1,2026-08-31,rayo vallecano,ivan balliu,Iván Balliu,264885,1
5868034,2026-27,ESP1,2026-08-31,rayo vallecano,florian lejeune,Florian Lejeune,184521,1
5868034,2026-27,ESP1,2026-08-31,rayo vallecano,pathe ciss,Pathé Ciss,872396,1
5868034,2026-27,ESP1,2026-08-31,rayo vallecano,jozhua vertrouwd,Jozhua Vertrouwd,1255090,1
5868034,2026-27,ESP1,2026-08-31,rayo vallecano,oscar valentin,Óscar Valentín,956622,1
5868034,2026-27,ESP1,2026-08-31,rayo vallecano,gnangoro bouare,Gnangoro Bouare,1889232,1
5868034,2026-27,ESP1,2026-08-31,rayo vallecano,jorge de frutos,Jorge de Frutos,797901,1
5868034,2026-27,ESP1,2026-08-31,rayo vallecano,unai lopez,Unai López,571615,1
5868034,2026-27,ESP1,2026-08-31,rayo vallecano,alvaro garcia,Álvaro Garcia,474658,1
5868034,2026-27,ESP1,2026-08-31,rayo vallecano,sergio camello,Sergio Camello,980422,1
5868034,2026-27,ESP1,2026-08-31,rayo vallecano,adria pedrosa,Adrià Pedrosa,927646,0
5868034,2026-27,ESP1,2026-08-31,rayo vallecano,pedro diaz,Pedro Díaz,715069,0
5868034,2026-27,ESP1,2026-08-31,rayo vallecano,fran perez,Fran Pérez,1284430,0
5868034,2026-27,ESP1,2026-08-31,rayo vallecano,alemao,Alemão,924300,0
5868034,2026-27,ESP1,2026-08-31,rayo vallecano,randy nteka,Randy Nteka,915264,0
5868034,2026-27,ESP1,2026-08-31,rayo vallecano,adrian molina,Adrián Molina,1803292,0
5868034,2026-27,ESP1,2026-08-31,rayo vallecano,andrei ratiu,Andrei Rațiu,970578,0
5868034,2026-27,ESP1,2026-08-31,rayo vallecano,pelayo fernandez,Pelayo Fernández,1411818,0
5868034,2026-27,ESP1,2026-08-31,rayo vallecano,marco de las sias,Marco de Las Sías,1662963,0
5868034,2026-27,ESP1,2026-08-31,rayo vallecano,marco roman,Marco Roman,2130263,0
5868034,2026-27,ESP1,2026-08-31,rayo vallecano,giorgi tsitaishvili,Giorgi Tsitaishvili,939061,0
5868035,2026-27,ESP1,2026-08-29,levante,mathew ryan,Mathew Ryan,185644,1
5868035,2026-27,ESP1,2026-08-29,levante,nacho perez,Nacho Pérez,1800611,1
5868035,2026-27,ESP1,2026-08-29,levante,adrian de la fuente,Adrián De La Fuente,952528,1
5868035,2026-27,ESP1,2026-08-29,levante,aissa mandi,Aïssa Mandi,210683,1
5868035,2026-27,ESP1,2026-08-29,levante,manuel sanchez,Manuel Sánchez,1052330,1
5868035,2026-27,ESP1,2026-08-29,levante,enzo bardeli,Enzo Bardeli,1332540,1
5868035,2026-27,ESP1,2026-08-29,levante,oriol rey,Oriol Rey,914401,1
5868035,2026-27,ESP1,2026-08-29,levante,jon olasagasti,Jon Olasagasti,1131957,1
5868035,2026-27,ESP1,2026-08-29,levante,roger brugue,Roger Brugué,1286471,1
5868035,2026-27,ESP1,2026-08-29,levante,ivan romero,Iván Romero,1209441,1
5868035,2026-27,ESP1,2026-08-29,levante,thiago fernandez,Thiago Fernández,1460063,1
5868035,2026-27,ESP1,2026-08-29,levante,jeremy toljan,Jeremy Toljan,443966,0
5868035,2026-27,ESP1,2026-08-29,levante,hugo sotelo,Hugo Sotelo,1254218,0
5868035,2026-27,ESP1,2026-08-29,levante,etta eyong,Etta Eyong,1392779,0
5868035,2026-27,ESP1,2026-08-29,levante,victor garcia,Víctor García,977618,0
5868035,2026-27,ESP1,2026-08-29,levante,paco cortes,Paco Cortés,1649293,0
5868035,2026-27,ESP1,2026-08-29,levante,pablo campos,Pablo Campos,1237455,0
5868035,2026-27,ESP1,2026-08-29,levante,ifeanyi ndukwe,Ifeanyi Ndukwe,1780239,0
5868035,2026-27,ESP1,2026-08-29,levante,jorge cabello,Jorge Cabello,1617146,0
5868035,2026-27,ESP1,2026-08-29,levante,marc santos,Marc Santos,2141146,0
5868035,2026-27,ESP1,2026-08-29,levante,carlos alvarez,Carlos Álvarez,1209980,0
5868035,2026-27,ESP1,2026-08-29,levante,dani requena,Dani Requena,1481503,0
5868035,2026-27,ESP1,2026-08-29,levante,yanis musuayi,Yanis Musuayi,1836083,0
5868035,2026-27,ESP1,2026-08-29,real betis,alvaro valles,Álvaro Vallés,999171,1
5868035,2026-27,ESP1,2026-08-29,real betis,hector bellerin,Héctor Bellerín,427438,1
5868035,2026-27,ESP1,2026-08-29,real betis,marc bartra,Marc Bartra,195305,1
5868035,2026-27,ESP1,2026-08-29,real betis,natan,Natan,1188375,1
5868035,2026-27,ESP1,2026-08-29,real betis,fran garcia,Fran García,750028,1
5868035,2026-27,ESP1,2026-08-29,real betis,facundo bernal,Facundo Bernal,1436133,1
5868035,2026-27,ESP1,2026-08-29,real betis,marc roca,Marc Roca,640220,1
5868035,2026-27,ESP1,2026-08-29,real betis,antony,Antony,967622,1
5868035,2026-27,ESP1,2026-08-29,real betis,isco,Isco,191315,1
5868035,2026-27,ESP1,2026-08-29,real betis,rodrigo riquelme,Rodrigo Riquelme,1072200,1
5868035,2026-27,ESP1,2026-08-29,real betis,troy parrott,Troy Parrott,942365,1
5868035,2026-27,ESP1,2026-08-29,real betis,pablo fornals,Pablo Fornals,683450,0
5868035,2026-27,ESP1,2026-08-29,real betis,juan hernandez,Juan Hernández,852071,0
5868035,2026-27,ESP1,2026-08-29,real betis,nelson deossa,Nelson Deossa,1315711,0
5868035,2026-27,ESP1,2026-08-29,real betis,pablo garcia,Pablo García,1662379,0
5868035,2026-27,ESP1,2026-08-29,real betis,abdessamad ezzalzouli,Abdessamad Ezzalzouli,1209399,0
5868035,2026-27,ESP1,2026-08-29,real betis,alvaro de pablo,Alvaro de Pablo,1928170,0
5868035,2026-27,ESP1,2026-08-29,real betis,manu gonzalez,Manu González,1674892,0
5868035,2026-27,ESP1,2026-08-29,real betis,angel ortiz,Ángel Ortiz,1580522,0
5868035,2026-27,ESP1,2026-08-29,real betis,diego llorente,Diego Llorente,420568,0
5868035,2026-27,ESP1,2026-08-29,real betis,valentin gomez,Valentín Gómez,1338016,0
5868035,2026-27,ESP1,2026-08-29,real betis,alvaro fidalgo,Álvaro Fidalgo,895954,0
5868035,2026-27,ESP1,2026-08-29,real betis,iker losada,Iker Losada,1082930,0
5868036,2026-27,ESP1,2026-08-31,osasuna,sergio herrera,Sergio Herrera,683762,1
5868036,2026-27,ESP1,2026-08-31,osasuna,inigo arguibide,Iñigo Arguibide,1614872,1
5868036,2026-27,ESP1,2026-08-31,osasuna,alejandro catena,Alejandro Catena,814663,1
5868036,2026-27,ESP1,2026-08-31,osasuna,jorge herrando,Jorge Herrando,1098365,1
5868036,2026-27,ESP1,2026-08-31,osasuna,abel bretones,Abel Bretones,1323398,1
5868036,2026-27,ESP1,2026-08-31,osasuna,ruben garcia,Rubén Garcia,384413,1
5868036,2026-27,ESP1,2026-08-31,osasuna,jon moncayola,Jon Moncayola,921825,1
5868036,2026-27,ESP1,2026-08-31,osasuna,iker munoz,Iker Muñoz,1323863,1
5868036,2026-27,ESP1,2026-08-31,osasuna,moi gomez,Moi Gómez,262592,1
5868036,2026-27,ESP1,2026-08-31,osasuna,aimar oroz,Aimar Oroz,1054786,1
5868036,2026-27,ESP1,2026-08-31,osasuna,ante budimir,Ante Budimir,251269,1
5868036,2026-27,ESP1,2026-08-31,osasuna,flavien boyomo,Flavien Boyomo,1187734,0
5868036,2026-27,ESP1,2026-08-31,osasuna,jonathan dubasin,Jonathan Dubasin,1242139,0
5868036,2026-27,ESP1,2026-08-31,osasuna,lucas torro,Lucas Torró,303879,0
5868036,2026-27,ESP1,2026-08-31,osasuna,raul garcia,Raúl García,1094778,0
5868036,2026-27,ESP1,2026-08-31,osasuna,enrique barja,Enrique Barja,574624,0
5868036,2026-27,ESP1,2026-08-31,osasuna,aitor fernandez,Aitor Fernández,213471,0
5868036,2026-27,ESP1,2026-08-31,osasuna,asier osambela,Asier Osambela,1431121,0
5868036,2026-27,ESP1,2026-08-31,osasuna,diego rico,Diego Rico,488718,0
5868036,2026-27,ESP1,2026-08-31,osasuna,rockson yeboah,Rockson Yeboah,1603025,0
5868036,2026-27,ESP1,2026-08-31,osasuna,mauro echegoyen,Mauro Echegoyen,1699317,0
5868036,2026-27,ESP1,2026-08-31,osasuna,asier bonel,Asier Bonel,1752349,0
5868036,2026-27,ESP1,2026-08-31,osasuna,raul moro,Raúl Moro,1169596,0
5868036,2026-27,ESP1,2026-08-31,getafe,david soria,David Soria,581919,1
5868036,2026-27,ESP1,2026-08-31,getafe,kiko,Kiko,175311,1
5868036,2026-27,ESP1,2026-08-31,getafe,djene,Djené,421365,1
5868036,2026-27,ESP1,2026-08-31,getafe,zaid abner romero,Zaid Abner Romero,1118199,1
5868036,2026-27,ESP1,2026-08-31,getafe,johan mojica,Johan Mojica,474673,1
5868036,2026-27,ESP1,2026-08-31,getafe,andres garcia,Andrés García,1430406,1
5868036,2026-27,ESP1,2026-08-31,getafe,orel mangala,Orel Mangala,765693,1
5868036,2026-27,ESP1,2026-08-31,getafe,francho serrano,Francho Serrano,1183650,1
5868036,2026-27,ESP1,2026-08-31,getafe,ramon terrats,Ramón Terrats,1202587,1
5868036,2026-27,ESP1,2026-08-31,getafe,enes unal,Enes Ünal,464486,1
5868036,2026-27,ESP1,2026-08-31,getafe,martin satriano,Martín Satriano,1197039,1
5868036,2026-27,ESP1,2026-08-31,getafe,alberto risco,Alberto Risco,1637438,0
5868036,2026-27,ESP1,2026-08-31,getafe,nemanja gudelj,Nemanja Gudelj,178753,0
5868036,2026-27,ESP1,2026-08-31,getafe,borja mayoral,Borja Mayoral,635772,0
5868036,2026-27,ESP1,2026-08-31,getafe,diego ferrer,Diego Ferrer,1669215,0
5868036,2026-27,ESP1,2026-08-31,getafe,jiri letacek,Jirí Letácek,1178641,0
5868036,2026-27,ESP1,2026-08-31,getafe,davinchi,Davinchi,1676086,0
5868036,2026-27,ESP1,2026-08-31,getafe,jean ives valou,Jean Ives Valou,1792368,0
5868036,2026-27,ESP1,2026-08-31,getafe,saba sazonov,Saba Sazonov,1179368,0
5868036,2026-27,ESP1,2026-08-31,getafe,sebastian boselli,Sebastián Boselli,1414777,0
5868036,2026-27,ESP1,2026-08-31,getafe,oscar lopez,Oscar Lopez,1694764,0
5868036,2026-27,ESP1,2026-08-31,getafe,joselu perez,Joselu Pérez,1559834,0
5868037,2026-27,ESP1,2026-08-28,real racing,julen agirrezabala,Julen Agirrezabala,1280020,1
5868037,2026-27,ESP1,2026-08-28,real racing,alvaro mantilla,Álvaro Mantilla,1199649,1
5868037,2026-27,ESP1,2026-08-28,real racing,manu,Manu,863169,1
5868037,2026-27,ESP1,2026-08-28,real racing,facundo gonzalez,Facundo González,1212179,1
5868037,2026-27,ESP1,2026-08-28,real racing,jorge salinas,Jorge Salinas,1670161,1
5868037,2026-27,ESP1,2026-08-28,real racing,ivan martin,Iván Martin,967871,1
5868037,2026-27,ESP1,2026-08-28,real racing,gustavo puerta,Gustavo Puerta,1331597,1
5868037,2026-27,ESP1,2026-08-28,real racing,andres martin,Andrés Martin,899195,1
5868037,2026-27,ESP1,2026-08-28,real racing,sergio canales,Sergio Canales,150649,1
5868037,2026-27,ESP1,2026-08-28,real racing,inigo vicente,Iñigo Vicente,889229,1
5868037,2026-27,ESP1,2026-08-28,real racing,yassir zabiri,Yassir Zabiri,1640985,1
5868037,2026-27,ESP1,2026-08-28,real racing,matteo prati,Matteo Prati,1396089,0
5868037,2026-27,ESP1,2026-08-28,real racing,asier villalibre,Asier Villalibre,670031,0
5868037,2026-27,ESP1,2026-08-28,real racing,giorgi guliashvili,Giorgi Guliashvili,1065640,0
5868037,2026-27,ESP1,2026-08-28,real racing,maguette gueye,Maguette Gueye,1363232,0
5868037,2026-27,ESP1,2026-08-28,real racing,simon eriksson,Simon Eriksson,1441736,0
5868037,2026-27,ESP1,2026-08-28,real racing,carlos sanchez,Carlos Sanchez,1910947,0
5868037,2026-27,ESP1,2026-08-28,real racing,pablo ramon,Pablo Ramón,982734,0
5868037,2026-27,ESP1,2026-08-28,real racing,inigo sainz maza,Íñigo Sainz-Maza,1168852,0
5868037,2026-27,ESP1,2026-08-28,real racing,sergio martinez,Sergio Martínez,1791769,0
5868037,2026-27,ESP1,2026-08-28,real racing,diego diaz,Diego Díaz,1693550,0
5868037,2026-27,ESP1,2026-08-28,real racing,hugo perez,Hugo Perez,2156233,0
5868037,2026-27,ESP1,2026-08-28,real racing,juan carlos arana,Juan Carlos Arana,1225417,0
5868037,2026-27,ESP1,2026-08-28,elche,matias dituro,Matías Dituro,592412,1
5868037,2026-27,ESP1,2026-08-28,elche,david affengruber,David Affengruber,1073980,1
5868037,2026-27,ESP1,2026-08-28,elche,victor chust,Víctor Chust,1192393,1
5868037,2026-27,ESP1,2026-08-28,elche,pedro bigas,Pedro Bigas,291635,1
5868037,2026-27,ESP1,2026-08-28,elche,buba sangare,Buba Sangaré,1583872,1
5868037,2026-27,ESP1,2026-08-28,elche,german valera,Germán Valera,1102708,1
5868037,2026-27,ESP1,2026-08-28,elche,facundo buonanotte,Facundo Buonanotte,1336566,1
5868037,2026-27,ESP1,2026-08-28,elche,gonzalo villar,Gonzalo Villar,881773,1
5868037,2026-27,ESP1,2026-08-28,elche,marc aguado,Marc Aguado,1392232,1
5868037,2026-27,ESP1,2026-08-28,elche,ali houary,Ali Houary,1670281,1
5868037,2026-27,ESP1,2026-08-28,elche,fer nino,Fer Niño,1127224,1
5868037,2026-27,ESP1,2026-08-28,elche,ezequiel ponce,Ezequiel Ponce,493216,0
5868037,2026-27,ESP1,2026-08-28,elche,tete morente,Tete Morente,801213,0
5868037,2026-27,ESP1,2026-08-28,elche,javi morcillo,Javi Morcillo,1732412,0
5868037,2026-27,ESP1,2026-08-28,elche,lucas cepeda,Lucas Cepeda,1280756,0
5868037,2026-27,ESP1,2026-08-28,elche,josan,Josan,623982,0
5868037,2026-27,ESP1,2026-08-28,elche,alejandro iturbe,Alejandro Iturbe,1311126,0
5868037,2026-27,ESP1,2026-08-28,elche,matia barzic,Matia Barzic,1670276,0
5868037,2026-27,ESP1,2026-08-28,elche,federico redondo,Federico Redondo,1277343,0
5868037,2026-27,ESP1,2026-08-28,elche,grady diangana,Grady Diangana,654091,0
5868037,2026-27,ESP1,2026-08-28,elche,martim neto,Martim Neto,1226189,0
5868037,2026-27,ESP1,2026-08-28,elche,abiel osorio,Abiel Osorio,1343195,0
5868037,2026-27,ESP1,2026-08-28,elche,alvaro padilla,Alvaro Padilla,1959218,0
5868038,2026-27,ESP1,2026-08-30,real madrid,thibaut courtois,Thibaut Courtois,170323,1
5868038,2026-27,ESP1,2026-08-30,real madrid,trent alexander arnold,Trent Alexander-Arnold,760712,1
5868038,2026-27,ESP1,2026-08-30,real madrid,antonio rudiger,Antonio Rüdiger,276738,1
5868038,2026-27,ESP1,2026-08-30,real madrid,dean huijsen,Dean Huijsen,1367619,1
5868038,2026-27,ESP1,2026-08-30,real madrid,marc cucurella,Marc Cucurella,873289,1
5868038,2026-27,ESP1,2026-08-30,real madrid,federico valverde,Federico Valverde,743533,1
5868038,2026-27,ESP1,2026-08-30,real madrid,eduardo camavinga,Eduardo Camavinga,1015185,1
5868038,2026-27,ESP1,2026-08-30,real madrid,brahim diaz,Brahim Díaz,750027,1
5868038,2026-27,ESP1,2026-08-30,real madrid,jude bellingham,Jude Bellingham,1077894,1
5868038,2026-27,ESP1,2026-08-30,real madrid,vinicius junior,Vinícius Júnior,846033,1
5868038,2026-27,ESP1,2026-08-30,real madrid,kylian mbappe,Kylian Mbappé,701154,1
5868038,2026-27,ESP1,2026-08-30,real madrid,yan diomande,Yan Diomande,1735453,0
5868038,2026-27,ESP1,2026-08-30,real madrid,bernardo silva,Bernardo Silva,488139,0
5868038,2026-27,ESP1,2026-08-30,real madrid,arda guler,Arda Güler,1253890,0
5868038,2026-27,ESP1,2026-08-30,real madrid,andriy lunin,Andriy Lunin,800882,0
5868038,2026-27,ESP1,2026-08-30,real madrid,javi navarro,Javi Navarro,1820340,0
5868038,2026-27,ESP1,2026-08-30,real madrid,alvaro carreras,Alvaro Carreras,1190025,0
5868038,2026-27,ESP1,2026-08-30,real madrid,ibrahima konate,Ibrahima Konaté,820140,0
5868038,2026-27,ESP1,2026-08-30,real madrid,mario rivas,Mario Rivas,1713217,0
5868038,2026-27,ESP1,2026-08-30,real madrid,denzel dumfries,Denzel Dumfries,593118,0
5868038,2026-27,ESP1,2026-08-30,real madrid,jorge cestero,Jorge Cestero,1807277,0
5868038,2026-27,ESP1,2026-08-30,real madrid,alexis ciria,Alexis Ciria,1707940,0
5868038,2026-27,ESP1,2026-08-30,real madrid,carlos espi,Carlos Espí,1610744,0
5868038,2026-27,ESP1,2026-08-30,malaga,alfonso herrero,Alfonso Herrero,616538,1
5868038,2026-27,ESP1,2026-08-30,malaga,carlos puga,Carlos Puga,1668274,1
5868038,2026-27,ESP1,2026-08-30,malaga,angel recio,Ángel Recio,1260010,1
5868038,2026-27,ESP1,2026-08-30,malaga,einar galilea,Einar Galilea,516803,1
5868038,2026-27,ESP1,2026-08-30,malaga,rafita,Rafita,1717331,1
5868038,2026-27,ESP1,2026-08-30,malaga,izan merino,Izan Merino,1669619,1
5868038,2026-27,ESP1,2026-08-30,malaga,david larrubia,David Larrubia,1108863,1
5868038,2026-27,ESP1,2026-08-30,malaga,rafa rodriguez,Rafa Rodríguez,1434474,1
5868038,2026-27,ESP1,2026-08-30,malaga,carlos dotor,Carlos Dotor,1209421,1
5868038,2026-27,ESP1,2026-08-30,malaga,joaquin munoz,Joaquín Muñoz,951739,1
5868038,2026-27,ESP1,2026-08-30,malaga,chupe,Chupe,1669622,1
5868038,2026-27,ESP1,2026-08-30,malaga,pablo martinez,Pablo Martínez,923298,0
5868038,2026-27,ESP1,2026-08-30,malaga,jose salinas,José Salinas,1187478,0
5868038,2026-27,ESP1,2026-08-30,malaga,juan cruz,Juan Cruz,940608,0
5868038,2026-27,ESP1,2026-08-30,malaga,haitam abaida,Haitam Abaida,1220748,0
5868038,2026-27,ESP1,2026-08-30,malaga,ramon enriquez,Ramón Enríquez,1082957,0
5868038,2026-27,ESP1,2026-08-30,malaga,carlos lopez,Carlos López,1426161,0
5868038,2026-27,ESP1,2026-08-30,malaga,alex pastor,Álex Pastor,1256463,0
5868038,2026-27,ESP1,2026-08-30,malaga,joseph otu,Joseph Otu,1810991,0
5868038,2026-27,ESP1,2026-08-30,malaga,julen lobete,Julen Lobete,1098594,0
5868038,2026-27,ESP1,2026-08-30,malaga,eneko jauregi,Eneko Jauregi,722830,0
5868038,2026-27,ESP1,2026-08-30,malaga,juan fernandez,Juan Fernandez,1839193,0
5868039,2026-27,ESP1,2026-08-29,real sociedad,alex remiro,Alex Remiro,616539,1
5868039,2026-27,ESP1,2026-08-29,real sociedad,jon aramburu,Jon Aramburu,1249284,1
5868039,2026-27,ESP1,2026-08-29,real sociedad,igor zubeldia,Igor Zubeldia,698653,1
5868039,2026-27,ESP1,2026-08-29,real sociedad,jon martin,Jon Martín,1523234,1
5868039,2026-27,ESP1,2026-08-29,real sociedad,sergio gomez,Sergio Gómez,844477,1
5868039,2026-27,ESP1,2026-08-29,real sociedad,luka sucic,Luka Sucic,959597,1
5868039,2026-27,ESP1,2026-08-29,real sociedad,benat turrientes,Beñat Turrientes,1210647,1
5868039,2026-27,ESP1,2026-08-29,real sociedad,carlos soler,Carlos Soler,708890,1
5868039,2026-27,ESP1,2026-08-29,real sociedad,ander barrenetxea,Ander Barrenetxea,1002618,1
5868039,2026-27,ESP1,2026-08-29,real sociedad,orri oskarsson,Orri Óskarsson,1097229,1
5868039,2026-27,ESP1,2026-08-29,real sociedad,mikel oyarzabal,Mikel Oyarzabal,678234,1
5868039,2026-27,ESP1,2026-08-29,real sociedad,yangel herrera,Yangel Herrera,730901,0
5868039,2026-27,ESP1,2026-08-29,real sociedad,alex marchal,Álex Marchal,1721611,0
5868039,2026-27,ESP1,2026-08-29,real sociedad,goncalo guedes,Gonçalo Guedes,536455,0
5868039,2026-27,ESP1,2026-08-29,real sociedad,takefusa kubo,Takefusa Kubo,848289,0
5868039,2026-27,ESP1,2026-08-29,real sociedad,jon gorrotxategi,Jon Gorrotxategi,1323827,0
5868039,2026-27,ESP1,2026-08-29,real sociedad,unai marrero,Unai Marrero,1217043,0
5868039,2026-27,ESP1,2026-08-29,real sociedad,aihen munoz,Aihen Muñoz,999159,0
5868039,2026-27,ESP1,2026-08-29,real sociedad,luken beitia,Luken Beitia,1697334,0
5868039,2026-27,ESP1,2026-08-29,real sociedad,mamadou sarr,Mamadou Sarr,1426170,0
5868039,2026-27,ESP1,2026-08-29,real sociedad,arsen zakharyan,Arsen Zakharyan,1175610,0
5868039,2026-27,ESP1,2026-08-29,real sociedad,gorka carrera,Gorka Carrera,1431291,0
5868039,2026-27,ESP1,2026-08-29,real sociedad,job ochieng,Job Ochieng,1724551,0
5868039,2026-27,ESP1,2026-08-29,espanyol,marko dmitrovic,Marko Dmitrovic,280818,1
5868039,2026-27,ESP1,2026-08-29,espanyol,omar el hilali,Omar El Hilali,1208708,1
5868039,2026-27,ESP1,2026-08-29,espanyol,vanja drkusic,Vanja Drkusic,955204,1
5868039,2026-27,ESP1,2026-08-29,espanyol,unai nunez,Unai Núñez,805352,1
5868039,2026-27,ESP1,2026-08-29,espanyol,roger hinojo,Roger Hinojo,1727689,1
5868039,2026-27,ESP1,2026-08-29,espanyol,urko gonzalez,Urko González,1187767,1
5868039,2026-27,ESP1,2026-08-29,espanyol,edu exposito,Edu Expósito,837089,1
5868039,2026-27,ESP1,2026-08-29,espanyol,alex calatrava,Álex Calatrava,1300457,1
5868039,2026-27,ESP1,2026-08-29,espanyol,javi hernandez,Javi Hernández,1427828,1
5868039,2026-27,ESP1,2026-08-29,espanyol,tyrhys dolan,Tyrhys Dolan,1181101,1
5868039,2026-27,ESP1,2026-08-29,espanyol,roberto fernandez,Roberto Fernández,1252373,1
5868039,2026-27,ESP1,2026-08-29,espanyol,gabriel moscardo,Gabriel Moscardo,1503655,0
5868039,2026-27,ESP1,2026-08-29,espanyol,rafel bauza,Rafel Bauzà,1609364,0
5868039,2026-27,ESP1,2026-08-29,espanyol,marcos fernandez,Marcos Fernández,1407741,0
5868039,2026-27,ESP1,2026-08-29,espanyol,jofre carreras,Jofre Carreras,1184777,0
5868039,2026-27,ESP1,2026-08-29,espanyol,pere milla,Pere Milla,593129,0
5868039,2026-27,ESP1,2026-08-29,espanyol,angel fortuno,Ángel Fortuno,1184772,0
5868039,2026-27,ESP1,2026-08-29,espanyol,llorenc serred,Llorenç Serred,1624106,0
5868039,2026-27,ESP1,2026-08-29,espanyol,adama timera,Adama Timera,1876774,0
5868039,2026-27,ESP1,2026-08-29,espanyol,clemens riedel,Clemens Riedel,1279557,0
5868039,2026-27,ESP1,2026-08-29,espanyol,jose angel,José Ángel,1687255,0
5868039,2026-27,ESP1,2026-08-29,espanyol,quilindschy hartman,Quilindschy Hartman,1393669,0
5868039,2026-27,ESP1,2026-08-29,espanyol,pol lozano,Pol Lozano,750031,0
5868040,2026-27,ESP1,2026-08-29,sevilla,odysseas vlachodimos,Odysseas Vlachodimos,304355,1
5868040,2026-27,ESP1,2026-08-29,sevilla,juan iglesias,Juan Iglesias,1102289,1
5868040,2026-27,ESP1,2026-08-29,sevilla,andres lopez,Andrés Lopez,1334767,1
5868040,2026-27,ESP1,2026-08-29,sevilla,kike salas,Kike Salas,1327489,1
5868040,2026-27,ESP1,2026-08-29,sevilla,gabriel suazo,Gabriel Suazo,659490,1
5868040,2026-27,ESP1,2026-08-29,sevilla,jon guridi,Jon Guridi,678192,1
5868040,2026-27,ESP1,2026-08-29,sevilla,lucien agoume,Lucien Agoumé,971790,1
5868040,2026-27,ESP1,2026-08-29,sevilla,miguel sierra,Miguel Sierra,1797904,1
5868040,2026-27,ESP1,2026-08-29,sevilla,peque fernandez,Peque Fernández,1132607,1
5868040,2026-27,ESP1,2026-08-29,sevilla,julio diaz,Julio Díaz,1447089,1
5868040,2026-27,ESP1,2026-08-29,sevilla,robbie ure,Robbie Ure,1399218,1
5868040,2026-27,ESP1,2026-08-29,sevilla,giorgi kochorashvili,Giorgi Kochorashvili,953958,0
5868040,2026-27,ESP1,2026-08-29,sevilla,chidera ejuke,Chidera Ejuke,837270,0
5868040,2026-27,ESP1,2026-08-29,sevilla,isaac romero,Isaac Romero,1130991,0
5868040,2026-27,ESP1,2026-08-29,sevilla,alfon gonzalez,Alfon González,926643,0
5868040,2026-27,ESP1,2026-08-29,sevilla,fran gonzalez,Fran González,1484851,0
5868040,2026-27,ESP1,2026-08-29,sevilla,arouna sangante,Arouna Sangante,1244272,0
5868040,2026-27,ESP1,2026-08-29,sevilla,iker munoz,Iker Munoz,1413945,0
5868040,2026-27,ESP1,2026-08-29,sevilla,jose angel carmona,José Ángel Carmona,1281461,0
5868040,2026-27,ESP1,2026-08-29,sevilla,manu bueno,Manu Bueno,1428849,0
5868040,2026-27,ESP1,2026-08-29,sevilla,nico guillen,Nico Guillen,1783498,0
5868040,2026-27,ESP1,2026-08-29,sevilla,ibrahima sow,Ibrahima Sow,1555045,0
5868040,2026-27,ESP1,2026-08-29,sevilla,manuel angel castillo,Manuel Angel Castillo,1899757,0
5868040,2026-27,ESP1,2026-08-29,atletico madrid,jan oblak,Jan Oblak,177126,1
5868040,2026-27,ESP1,2026-08-29,atletico madrid,marcos llorente,Marcos Llorente,602563,1
5868040,2026-27,ESP1,2026-08-29,atletico madrid,marc pubill,Marc Pubill,1323897,1
5868040,2026-27,ESP1,2026-08-29,atletico madrid,david hancko,Dávid Hancko,727897,1
5868040,2026-27,ESP1,2026-08-29,atletico madrid,alejandro grimaldo,Alejandro Grimaldo,288406,1
5868040,2026-27,ESP1,2026-08-29,atletico madrid,giuliano simeone,Giuliano Simeone,1226147,1
5868040,2026-27,ESP1,2026-08-29,atletico madrid,pablo barrios,Pablo Barrios,1338192,1
5868040,2026-27,ESP1,2026-08-29,atletico madrid,morten hjulmand,Morten Hjulmand,950199,1
5868040,2026-27,ESP1,2026-08-29,atletico madrid,ademola lookman,Ademola Lookman,690516,1
5868040,2026-27,ESP1,2026-08-29,atletico madrid,kang in lee,Kang-In Lee,940976,1
5868040,2026-27,ESP1,2026-08-29,atletico madrid,alex baena,Álex Baena,942372,1
5868040,2026-27,ESP1,2026-08-29,atletico madrid,jose gimenez,José Giménez,474589,0
5868040,2026-27,ESP1,2026-08-29,atletico madrid,arnau ortiz,Arnau Ortiz,1297989,0
5868040,2026-27,ESP1,2026-08-29,atletico madrid,koke,Koke,184533,0
5868040,2026-27,ESP1,2026-08-29,atletico madrid,johnny cardoso,Johnny Cardoso,1173678,0
5868040,2026-27,ESP1,2026-08-29,atletico madrid,rodrigo mendoza,Rodrigo Mendoza,1419969,0
5868040,2026-27,ESP1,2026-08-29,atletico madrid,juan musso,Juan Musso,389050,0
5868040,2026-27,ESP1,2026-08-29,atletico madrid,cristian romero,Cristian Romero,789066,0
5868040,2026-27,ESP1,2026-08-29,atletico madrid,dani martinez,Dani Martinez,1531100,0
5868040,2026-27,ESP1,2026-08-29,atletico madrid,jorge dominguez,Jorge Domínguez,1842329,0
5868040,2026-27,ESP1,2026-08-29,atletico madrid,jorge castillo,Jorge Castillo,1692877,0
5868040,2026-27,ESP1,2026-08-29,atletico madrid,carlos martin,Carlos Martín,1282015,0
5868040,2026-27,ESP1,2026-08-29,atletico madrid,miguel llorente,Miguel Llorente,1842315,0
5868041,2026-27,ESP1,2026-09-06,alaves,antonio sivera,Antonio Sivera,530468,1
5868041,2026-27,ESP1,2026-09-06,alaves,jonny otto,Jonny Otto,360918,1
5868041,2026-27,ESP1,2026-09-06,alaves,nahuel tenaglia,Nahuel Tenaglia,860314,1
5868041,2026-27,ESP1,2026-09-06,alaves,ville koski,Ville Koski,1056461,1
5868041,2026-27,ESP1,2026-09-06,alaves,angel perez,Ángel Pérez,1563022,1
5868041,2026-27,ESP1,2026-09-06,alaves,pablo ibanez,Pablo Ibánez,1238154,1
5868041,2026-27,ESP1,2026-09-06,alaves,antonio blanco,Antonio Blanco,845998,1
5868041,2026-27,ESP1,2026-09-06,alaves,carles alena,Carles Aleñá,637756,1
5868041,2026-27,ESP1,2026-09-06,alaves,abderrahman rebbach,Abderrahman Rebbach,1200941,1
5868041,2026-27,ESP1,2026-09-06,alaves,lucas boye,Lucas Boyé,561164,1
5868041,2026-27,ESP1,2026-09-06,alaves,mariano diaz,Mariano Díaz,518525,1
5868041,2026-27,ESP1,2026-09-06,alaves,youssef enriquez,Youssef Enríquez,1403692,0
5868041,2026-27,ESP1,2026-09-06,alaves,denis suarez,Denis Suárez,282281,0
5868041,2026-27,ESP1,2026-09-06,alaves,aitor manas,Aitor Mañas,1553663,0
5868041,2026-27,ESP1,2026-09-06,alaves,xanet olaiz,Xanet Oláiz,1721181,0
5868041,2026-27,ESP1,2026-09-06,alaves,miguel rodriguez,Miguel Rodríguez,1184663,0
5868041,2026-27,ESP1,2026-09-06,alaves,adrian rodriguez,Adrián Rodriguez,1136937,0
5868041,2026-27,ESP1,2026-09-06,alaves,carlos protesoni,Carlos Protesoni,799914,0
5868041,2026-27,ESP1,2026-09-06,alaves,hugo novoa,Hugo Novoa,1175969,0
5868041,2026-27,ESP1,2026-09-06,alaves,nicolas valentini,Nicolás Valentini,1249665,0
5868041,2026-27,ESP1,2026-09-06,alaves,ander guevara,Ander Guevara,873827,0
5868041,2026-27,ESP1,2026-09-06,alaves,selu diallo,Selu Diallo,1431307,0
5868041,2026-27,ESP1,2026-09-06,alaves,izei hernandez,Izei Hernández,1859185,0
5868041,2026-27,ESP1,2026-09-06,osasuna,sergio herrera,Sergio Herrera,683762,1
5868041,2026-27,ESP1,2026-09-06,osasuna,inigo arguibide,Iñigo Arguibide,1614872,1
5868041,2026-27,ESP1,2026-09-06,osasuna,alejandro catena,Alejandro Catena,814663,1
5868041,2026-27,ESP1,2026-09-06,osasuna,flavien boyomo,Flavien Boyomo,1187734,1
5868041,2026-27,ESP1,2026-09-06,osasuna,abel bretones,Abel Bretones,1323398,1
5868041,2026-27,ESP1,2026-09-06,osasuna,jon moncayola,Jon Moncayola,921825,1
5868041,2026-27,ESP1,2026-09-06,osasuna,iker munoz,Iker Muñoz,1323863,1
5868041,2026-27,ESP1,2026-09-06,osasuna,ruben garcia,Rubén Garcia,384413,1
5868041,2026-27,ESP1,2026-09-06,osasuna,moi gomez,Moi Gómez,262592,1
5868041,2026-27,ESP1,2026-09-06,osasuna,ante budimir,Ante Budimir,251269,1
5868041,2026-27,ESP1,2026-09-06,osasuna,raul garcia,Raúl García,1094778,1
5868041,2026-27,ESP1,2026-09-06,osasuna,rockson yeboah,Rockson Yeboah,1603025,0
5868041,2026-27,ESP1,2026-09-06,osasuna,raul moro,Raúl Moro,1169596,0
5868041,2026-27,ESP1,2026-09-06,osasuna,jonathan dubasin,Jonathan Dubasin,1242139,0
5868041,2026-27,ESP1,2026-09-06,osasuna,asier osambela,Asier Osambela,1431121,0
5868041,2026-27,ESP1,2026-09-06,osasuna,aitor fernandez,Aitor Fernández,213471,0
5868041,2026-27,ESP1,2026-09-06,osasuna,diego rico,Diego Rico,488718,0
5868041,2026-27,ESP1,2026-09-06,osasuna,unai santos,Unai Santos,1682298,0
5868041,2026-27,ESP1,2026-09-06,osasuna,lucas torro,Lucas Torró,303879,0
5868041,2026-27,ESP1,2026-09-06,osasuna,mauro echegoyen,Mauro Echegoyen,1699317,0
5868041,2026-27,ESP1,2026-09-06,osasuna,asier bonel,Asier Bonel,1752349,0
5868041,2026-27,ESP1,2026-09-06,osasuna,enrique barja,Enrique Barja,574624,0
5868041,2026-27,ESP1,2026-09-06,osasuna,romain del castillo,Romain Del Castillo,696263,0
5868042,2026-27,ESP1,2026-09-05,athletic club,unai simon,Unai Simón,660625,1
5868042,2026-27,ESP1,2026-09-05,athletic club,jesus areso,Jesús Areso,1037537,1
5868042,2026-27,ESP1,2026-09-05,athletic club,yeray alvarez,Yeray Álvarez,639450,1
5868042,2026-27,ESP1,2026-09-05,athletic club,aymeric laporte,Aymeric Laporte,411617,1
5868042,2026-27,ESP1,2026-09-05,athletic club,yuri berchiche,Yuri Berchiche,80295,1
5868042,2026-27,ESP1,2026-09-05,athletic club,inigo ruiz de galarreta,Íñigo Ruíz de Galarreta,282462,1
5868042,2026-27,ESP1,2026-09-05,athletic club,benat gerenabarrena,Beñat Gerenabarrena,1425173,1
5868042,2026-27,ESP1,2026-09-05,athletic club,robert navarro,Robert Navarro,1011117,1
5868042,2026-27,ESP1,2026-09-05,athletic club,oihan sancet,Oihan Sancet,950545,1
5868042,2026-27,ESP1,2026-09-05,athletic club,nico williams,Nico Williams,1202110,1
5868042,2026-27,ESP1,2026-09-05,athletic club,inaki williams,Iñaki Williams,604105,1
5868042,2026-27,ESP1,2026-09-05,athletic club,aitor paredes,Aitor Paredes,1191407,0
5868042,2026-27,ESP1,2026-09-05,athletic club,mikel jauregizar,Mikel Jauregizar,1553099,0
5868042,2026-27,ESP1,2026-09-05,athletic club,johaneko louisjean,Johaneko Louisjean,1327006,0
5868042,2026-27,ESP1,2026-09-05,athletic club,alex berenguer,Alex Berenguer,574629,0
5868042,2026-27,ESP1,2026-09-05,athletic club,gorka guruzeta,Gorka Guruzeta,711231,0
5868042,2026-27,ESP1,2026-09-05,athletic club,alex padilla,Álex Padilla,1401997,0
5868042,2026-27,ESP1,2026-09-05,athletic club,hugo rincon,Hugo Rincón,1427819,0
5868042,2026-27,ESP1,2026-09-05,athletic club,iker monreal,Iker Monreal,1817320,0
5868042,2026-27,ESP1,2026-09-05,athletic club,alejandro rego,Alejandro Rego,1425769,0
5868042,2026-27,ESP1,2026-09-05,athletic club,benat prados,Beñat Prados,1229176,0
5868042,2026-27,ESP1,2026-09-05,athletic club,selton sanchez,Selton Sánchez,1820601,0
5868042,2026-27,ESP1,2026-09-05,athletic club,maroan sannadi,Maroan Sannadi,1425206,0
5868042,2026-27,ESP1,2026-09-05,atletico madrid,jan oblak,Jan Oblak,177126,1
5868042,2026-27,ESP1,2026-09-05,atletico madrid,marcos llorente,Marcos Llorente,602563,1
5868042,2026-27,ESP1,2026-09-05,atletico madrid,marc pubill,Marc Pubill,1323897,1
5868042,2026-27,ESP1,2026-09-05,atletico madrid,david hancko,Dávid Hancko,727897,1
5868042,2026-27,ESP1,2026-09-05,atletico madrid,alejandro grimaldo,Alejandro Grimaldo,288406,1
5868042,2026-27,ESP1,2026-09-05,atletico madrid,giuliano simeone,Giuliano Simeone,1226147,1
5868042,2026-27,ESP1,2026-09-05,atletico madrid,pablo barrios,Pablo Barrios,1338192,1
5868042,2026-27,ESP1,2026-09-05,atletico madrid,morten hjulmand,Morten Hjulmand,950199,1
5868042,2026-27,ESP1,2026-09-05,atletico madrid,ademola lookman,Ademola Lookman,690516,1
5868042,2026-27,ESP1,2026-09-05,atletico madrid,kang in lee,Kang-In Lee,940976,1
5868042,2026-27,ESP1,2026-09-05,atletico madrid,alex baena,Álex Baena,942372,1
5868042,2026-27,ESP1,2026-09-05,atletico madrid,arnau ortiz,Arnau Ortiz,1297989,0
5868042,2026-27,ESP1,2026-09-05,atletico madrid,cristian romero,Cristian Romero,789066,0
5868042,2026-27,ESP1,2026-09-05,atletico madrid,koke,Koke,184533,0
5868042,2026-27,ESP1,2026-09-05,atletico madrid,julian alvarez,Julián Álvarez,974753,0
5868042,2026-27,ESP1,2026-09-05,atletico madrid,johnny cardoso,Johnny Cardoso,1173678,0
5868042,2026-27,ESP1,2026-09-05,atletico madrid,juan musso,Juan Musso,389050,0
5868042,2026-27,ESP1,2026-09-05,atletico madrid,dani martinez,Dani Martínez,1531100,0
5868042,2026-27,ESP1,2026-09-05,atletico madrid,jorge dominguez,Jorge Domínguez,1842329,0
5868042,2026-27,ESP1,2026-09-05,atletico madrid,robin le normand,Robin Le Normand,609516,0
5868042,2026-27,ESP1,2026-09-05,atletico madrid,jorge castillo,Jorge Castillo,1692877,0
5868042,2026-27,ESP1,2026-09-05,atletico madrid,rodrigo mendoza,Rodrigo Mendoza,1419969,0
5868042,2026-27,ESP1,2026-09-05,atletico madrid,jonathan david,Jonathan David,939569,0
5868043,2026-27,ESP1,2026-09-04,real betis,alvaro valles,Álvaro Vallés,999171,1
5868043,2026-27,ESP1,2026-09-04,real betis,hector bellerin,Héctor Bellerín,427438,1
5868043,2026-27,ESP1,2026-09-04,real betis,diego llorente,Diego Llorente,420568,1
5868043,2026-27,ESP1,2026-09-04,real betis,natan,Natan,1188375,1
5868043,2026-27,ESP1,2026-09-04,real betis,fran garcia,Fran García,750028,1
5868043,2026-27,ESP1,2026-09-04,real betis,facundo bernal,Facundo Bernal,1436133,1
5868043,2026-27,ESP1,2026-09-04,real betis,marc roca,Marc Roca,640220,1
5868043,2026-27,ESP1,2026-09-04,real betis,antony,Antony,967622,1
5868043,2026-27,ESP1,2026-09-04,real betis,isco,Isco,191315,1
5868043,2026-27,ESP1,2026-09-04,real betis,pablo fornals,Pablo Fornals,683450,1
5868043,2026-27,ESP1,2026-09-04,real betis,juan hernandez,Juan Hernández,852071,1
5868043,2026-27,ESP1,2026-09-04,real betis,marc bartra,Marc Bartra,195305,0
5868043,2026-27,ESP1,2026-09-04,real betis,alvaro fidalgo,Álvaro Fidalgo,895954,0
5868043,2026-27,ESP1,2026-09-04,real betis,nelson deossa,Nelson Deossa,1315711,0
5868043,2026-27,ESP1,2026-09-04,real betis,troy parrott,Troy Parrott,942365,0
5868043,2026-27,ESP1,2026-09-04,real betis,rodrigo riquelme,Rodrigo Riquelme,1072200,0
5868043,2026-27,ESP1,2026-09-04,real betis,alvaro de pablo,Alvaro de Pablo,1928170,0
5868043,2026-27,ESP1,2026-09-04,real betis,manu gonzalez,Manu González,1674892,0
5868043,2026-27,ESP1,2026-09-04,real betis,angel ortiz,Ángel Ortiz,1580522,0
5868043,2026-27,ESP1,2026-09-04,real betis,junior firpo,Júnior Firpo,743192,0
5868043,2026-27,ESP1,2026-09-04,real betis,valentin gomez,Valentín Gómez,1338016,0
5868043,2026-27,ESP1,2026-09-04,real betis,iker losada,Iker Losada,1082930,0
5868043,2026-27,ESP1,2026-09-04,real betis,jose antonio morante,José Antonio Morante,1793845,0
5868043,2026-27,ESP1,2026-09-04,real madrid,thibaut courtois,Thibaut Courtois,170323,1
5868043,2026-27,ESP1,2026-09-04,real madrid,denzel dumfries,Denzel Dumfries,593118,1
5868043,2026-27,ESP1,2026-09-04,real madrid,ibrahima konate,Ibrahima Konaté,820140,1
5868043,2026-27,ESP1,2026-09-04,real madrid,dean huijsen,Dean Huijsen,1367619,1
5868043,2026-27,ESP1,2026-09-04,real madrid,marc cucurella,Marc Cucurella,873289,1
5868043,2026-27,ESP1,2026-09-04,real madrid,federico valverde,Federico Valverde,743533,1
5868043,2026-27,ESP1,2026-09-04,real madrid,eduardo camavinga,Eduardo Camavinga,1015185,1
5868043,2026-27,ESP1,2026-09-04,real madrid,arda guler,Arda Güler,1253890,1
5868043,2026-27,ESP1,2026-09-04,real madrid,jude bellingham,Jude Bellingham,1077894,1
5868043,2026-27,ESP1,2026-09-04,real madrid,vinicius junior,Vinícius Júnior,846033,1
5868043,2026-27,ESP1,2026-09-04,real madrid,kylian mbappe,Kylian Mbappé,701154,1
5868043,2026-27,ESP1,2026-09-04,real madrid,trent alexander arnold,Trent Alexander-Arnold,760712,0
5868043,2026-27,ESP1,2026-09-04,real madrid,bernardo silva,Bernardo Silva,488139,0
5868043,2026-27,ESP1,2026-09-04,real madrid,yan diomande,Yan Diomande,1735453,0
5868043,2026-27,ESP1,2026-09-04,real madrid,carlos espi,Carlos Espí,1610744,0
5868043,2026-27,ESP1,2026-09-04,real madrid,alvaro carreras,Alvaro Carreras,1190025,0
5868043,2026-27,ESP1,2026-09-04,real madrid,andriy lunin,Andriy Lunin,800882,0
5868043,2026-27,ESP1,2026-09-04,real madrid,javi navarro,Javi Navarro,1820340,0
5868043,2026-27,ESP1,2026-09-04,real madrid,antonio rudiger,Antonio Rüdiger,276738,0
5868043,2026-27,ESP1,2026-09-04,real madrid,mario rivas,Mario Rivas,1713217,0
5868043,2026-27,ESP1,2026-09-04,real madrid,jorge cestero,Jorge Cestero,1807277,0
5868043,2026-27,ESP1,2026-09-04,real madrid,sergio martinez,Sergio Martínez,1791769,0
5868043,2026-27,ESP1,2026-09-04,real madrid,brahim diaz,Brahim Díaz,750027,0
5868044,2026-27,ESP1,2026-09-07,elche,matias dituro,Matías Dituro,592412,1
5868044,2026-27,ESP1,2026-09-07,elche,buba sangare,Buba Sangaré,1583872,1
5868044,2026-27,ESP1,2026-09-07,elche,victor chust,Víctor Chust,1192393,1
5868044,2026-27,ESP1,2026-09-07,elche,pedro bigas,Pedro Bigas,291635,1
5868044,2026-27,ESP1,2026-09-07,elche,tete morente,Tete Morente,801213,1
5868044,2026-27,ESP1,2026-09-07,elche,facundo buonanotte,Facundo Buonanotte,1336566,1
5868044,2026-27,ESP1,2026-09-07,elche,javi morcillo,Javi Morcillo,1732412,1
5868044,2026-27,ESP1,2026-09-07,elche,gonzalo villar,Gonzalo Villar,881773,1
5868044,2026-27,ESP1,2026-09-07,elche,german valera,Germán Valera,1102708,1
5868044,2026-27,ESP1,2026-09-07,elche,ezequiel ponce,Ezequiel Ponce,493216,1
5868044,2026-27,ESP1,2026-09-07,elche,fer nino,Fer Niño,1127224,1
5868044,2026-27,ESP1,2026-09-07,elche,thomas lemar,Thomas Lemar,468931,0
5868044,2026-27,ESP1,2026-09-07,elche,abiel osorio,Abiel Osorio,1343195,0
5868044,2026-27,ESP1,2026-09-07,elche,lucas cepeda,Lucas Cepeda,1280756,0
5868044,2026-27,ESP1,2026-09-07,elche,roy revivo,Roy Revivo,1337914,0
5868044,2026-27,ESP1,2026-09-07,elche,josan,Josan,623982,0
5868044,2026-27,ESP1,2026-09-07,elche,alejandro iturbe,Alejandro Iturbe,1311126,0
5868044,2026-27,ESP1,2026-09-07,elche,matia barzic,Matia Barzić,1670276,0
5868044,2026-27,ESP1,2026-09-07,elche,ruben sanchez,Rubén Sánchez,1330035,0
5868044,2026-27,ESP1,2026-09-07,elche,ali houary,Ali Houary,1670281,0
5868044,2026-27,ESP1,2026-09-07,elche,federico redondo,Federico Redondo,1277343,0
5868044,2026-27,ESP1,2026-09-07,elche,marc aguado,Marc Aguado,1392232,0
5868044,2026-27,ESP1,2026-09-07,elche,martim neto,Martim Neto,1226189,0
5868044,2026-27,ESP1,2026-09-07,real sociedad,unai marrero,Unai Marrero,1217043,1
5868044,2026-27,ESP1,2026-09-07,real sociedad,jon aramburu,Jon Aramburu,1249284,1
5868044,2026-27,ESP1,2026-09-07,real sociedad,igor zubeldia,Igor Zubeldia,698653,1
5868044,2026-27,ESP1,2026-09-07,real sociedad,mamadou sarr,Mamadou Sarr,1426170,1
5868044,2026-27,ESP1,2026-09-07,real sociedad,sergio gomez,Sergio Gómez,844477,1
5868044,2026-27,ESP1,2026-09-07,real sociedad,job ochieng,Job Ochieng,1724551,1
5868044,2026-27,ESP1,2026-09-07,real sociedad,yangel herrera,Yangel Herrera,730901,1
5868044,2026-27,ESP1,2026-09-07,real sociedad,carlos soler,Carlos Soler,708890,1
5868044,2026-27,ESP1,2026-09-07,real sociedad,goncalo guedes,Gonçalo Guedes,536455,1
5868044,2026-27,ESP1,2026-09-07,real sociedad,luka sucic,Luka Sučić,959597,1
5868044,2026-27,ESP1,2026-09-07,real sociedad,mikel oyarzabal,Mikel Oyarzabal,678234,1
5868044,2026-27,ESP1,2026-09-07,real sociedad,jon martin,Jon Martín,1523234,0
5868044,2026-27,ESP1,2026-09-07,real sociedad,alex marchal,Álex Marchal,1721611,0
5868044,2026-27,ESP1,2026-09-07,real sociedad,jon pacheco,Jon Pacheco,1112072,0
5868044,2026-27,ESP1,2026-09-07,real sociedad,jon gorrotxategi,Jon Gorrotxategi,1323827,0
5868044,2026-27,ESP1,2026-09-07,real sociedad,hector fort,Héctor Fort,1490110,0
5868044,2026-27,ESP1,2026-09-07,real sociedad,alex remiro,Alex Remiro,616539,0
5868044,2026-27,ESP1,2026-09-07,real sociedad,aihen munoz,Aihen Muñoz,999159,0
5868044,2026-27,ESP1,2026-09-07,real sociedad,benat turrientes,Beñat Turrientes,1210647,0
5868044,2026-27,ESP1,2026-09-07,real sociedad,ander barrenetxea,Ander Barrenetxea,1002618,0
5868044,2026-27,ESP1,2026-09-07,real sociedad,arsen zakharyan,Arsen Zakharyan,1175610,0
5868044,2026-27,ESP1,2026-09-07,real sociedad,orri oskarsson,Orri Óskarsson,1097229,0
5868044,2026-27,ESP1,2026-09-07,real sociedad,takefusa kubo,Takefusa Kubo,848289,0
5868045,2026-27,ESP1,2026-09-06,espanyol,marko dmitrovic,Marko Dmitrović,280818,1
5868045,2026-27,ESP1,2026-09-06,espanyol,omar el hilali,Omar El Hilali,1208708,1
5868045,2026-27,ESP1,2026-09-06,espanyol,unai nunez,Unai Núñez,805352,1
5868045,2026-27,ESP1,2026-09-06,espanyol,leandro cabrera,Leandro Cabrera,169586,1
5868045,2026-27,ESP1,2026-09-06,espanyol,roger hinojo,Roger Hinojo,1727689,1
5868045,2026-27,ESP1,2026-09-06,espanyol,gabriel moscardo,Gabriel Moscardo,1503655,1
5868045,2026-27,ESP1,2026-09-06,espanyol,edu exposito,Edu Expósito,837089,1
5868045,2026-27,ESP1,2026-09-06,espanyol,alex calatrava,Álex Calatrava,1300457,1
5868045,2026-27,ESP1,2026-09-06,espanyol,javi hernandez,Javi Hernández,1427828,1
5868045,2026-27,ESP1,2026-09-06,espanyol,tyrhys dolan,Tyrhys Dolan,1181101,1
5868045,2026-27,ESP1,2026-09-06,espanyol,roberto fernandez,Roberto Fernández,1252373,1
5868045,2026-27,ESP1,2026-09-06,espanyol,urko gonzalez,Urko González,1187767,0
5868045,2026-27,ESP1,2026-09-06,espanyol,marcos fernandez,Marcos Fernández,1407741,0
5868045,2026-27,ESP1,2026-09-06,espanyol,bryan zaragoza,Bryan Zaragoza,1202525,0
5868045,2026-27,ESP1,2026-09-06,espanyol,clemens riedel,Clemens Riedel,1279557,0
5868045,2026-27,ESP1,2026-09-06,espanyol,quilindschy hartman,Quilindschy Hartman,1393669,0
5868045,2026-27,ESP1,2026-09-06,espanyol,angel fortuno,Ángel Fortuno,1184772,0
5868045,2026-27,ESP1,2026-09-06,espanyol,jose angel,José Ángel,1687255,0
5868045,2026-27,ESP1,2026-09-06,espanyol,vanja drkusic,Vanja Drkušić,955204,0
5868045,2026-27,ESP1,2026-09-06,espanyol,jofre carreras,Jofre Carreras,1184777,0
5868045,2026-27,ESP1,2026-09-06,espanyol,pol lozano,Pol Lozano,750031,0
5868045,2026-27,ESP1,2026-09-06,espanyol,rafel bauza,Rafel Bauzà,1609364,0
5868045,2026-27,ESP1,2026-09-06,espanyol,pere milla,Pere Milla,593129,0
5868045,2026-27,ESP1,2026-09-06,sevilla,odysseas vlachodimos,Odysseas Vlachodimos,304355,1
5868045,2026-27,ESP1,2026-09-06,sevilla,juan iglesias,Juan Iglesias,1102289,1
5868045,2026-27,ESP1,2026-09-06,sevilla,arouna sangante,Arouna Sangante,1244272,1
5868045,2026-27,ESP1,2026-09-06,sevilla,kike salas,Kike Salas,1327489,1
5868045,2026-27,ESP1,2026-09-06,sevilla,gabriel suazo,Gabriel Suazo,659490,1
5868045,2026-27,ESP1,2026-09-06,sevilla,giorgi kochorashvili,Giorgi Kochorashvili,953958,1
5868045,2026-27,ESP1,2026-09-06,sevilla,lucien agoume,Lucien Agoumé,971790,1
5868045,2026-27,ESP1,2026-09-06,sevilla,jon guridi,Jon Guridi,678192,1
5868045,2026-27,ESP1,2026-09-06,sevilla,miguel sierra,Miguel Sierra,1797904,1
5868045,2026-27,ESP1,2026-09-06,sevilla,robbie ure,Robbie Ure,1399218,1
5868045,2026-27,ESP1,2026-09-06,sevilla,chidera ejuke,Chidera Ejuke,837270,1
5868045,2026-27,ESP1,2026-09-06,sevilla,youssouf fofana,Youssouf Fofana,954621,0
5868045,2026-27,ESP1,2026-09-06,sevilla,lucas stassin,Lucas Stassin,1398377,0
5868045,2026-27,ESP1,2026-09-06,sevilla,andres lopez,Andrés Lopez,1334767,0
5868045,2026-27,ESP1,2026-09-06,sevilla,jose angel carmona,José Ángel Carmona,1281461,0
5868045,2026-27,ESP1,2026-09-06,sevilla,manu bueno,Manu Bueno,1428849,0
5868045,2026-27,ESP1,2026-09-06,sevilla,fran gonzalez,Fran González,1484851,0
5868045,2026-27,ESP1,2026-09-06,sevilla,iker munoz,Iker Muñoz,1413945,0
5868045,2026-27,ESP1,2026-09-06,sevilla,julio diaz,Julio Díaz,1447089,0
5868045,2026-27,ESP1,2026-09-06,sevilla,alfon gonzalez,Alfon González,926643,0
5868045,2026-27,ESP1,2026-09-06,sevilla,peque fernandez,Peque Fernández,1132607,0
5868045,2026-27,ESP1,2026-09-06,sevilla,felix correia,Félix Correia,942358,0
5868045,2026-27,ESP1,2026-09-06,sevilla,isaac romero,Isaac Romero,1130991,0
5868046,2026-27,ESP1,2026-09-07,getafe,david soria,David Soria,581919,1
5868046,2026-27,ESP1,2026-09-07,getafe,nemanja gudelj,Nemanja Gudelj,178753,1
5868046,2026-27,ESP1,2026-09-07,getafe,djene,Djené,421365,1
5868046,2026-27,ESP1,2026-09-07,getafe,zaid abner romero,Zaid Abner Romero,1118199,1
5868046,2026-27,ESP1,2026-09-07,getafe,kiko,Kiko,175311,1
5868046,2026-27,ESP1,2026-09-07,getafe,johan mojica,Johan Mojica,474673,1
5868046,2026-27,ESP1,2026-09-07,getafe,ramon terrats,Ramón Terrats,1202587,1
5868046,2026-27,ESP1,2026-09-07,getafe,orel mangala,Orel Mangala,765693,1
5868046,2026-27,ESP1,2026-09-07,getafe,mario martin,Mario Martín,1321605,1
5868046,2026-27,ESP1,2026-09-07,getafe,enes unal,Enes Ünal,464486,1
5868046,2026-27,ESP1,2026-09-07,getafe,martin satriano,Martín Satriano,1197039,1
5868046,2026-27,ESP1,2026-09-07,getafe,andres garcia,Andrés García,1430406,0
5868046,2026-27,ESP1,2026-09-07,getafe,ivan azon,Iván Azon,1203946,0
5868046,2026-27,ESP1,2026-09-07,getafe,sebastian boselli,Sebastián Boselli,1414777,0
5868046,2026-27,ESP1,2026-09-07,getafe,oscar lopez,Oscar Lopez,1694764,0
5868046,2026-27,ESP1,2026-09-07,getafe,diego ferrer,Diego Ferrer,1669215,0
5868046,2026-27,ESP1,2026-09-07,getafe,jiri letacek,Jirí Letácek,1178641,0
5868046,2026-27,ESP1,2026-09-07,getafe,davinchi,Davinchi,1676086,0
5868046,2026-27,ESP1,2026-09-07,getafe,jean ives valou,Jean Ives Valou,1792368,0
5868046,2026-27,ESP1,2026-09-07,getafe,mohamed hamdoune,Mohamed Hamdoune,1697367,0
5868046,2026-27,ESP1,2026-09-07,getafe,saba sazonov,Saba Sazonov,1179368,0
5868046,2026-27,ESP1,2026-09-07,getafe,borja mayoral,Borja Mayoral,635772,0
5868046,2026-27,ESP1,2026-09-07,getafe,ebrahima drammeh,Ebrahima Drammeh,2110934,0
5868046,2026-27,ESP1,2026-09-07,celta vigo,ionut radu,Ionuț Radu,681213,1
5868046,2026-27,ESP1,2026-09-07,celta vigo,yoel lago,Yoel Lago,1578176,1
5868046,2026-27,ESP1,2026-09-07,celta vigo,carl starfelt,Carl Starfelt,497662,1
5868046,2026-27,ESP1,2026-09-07,celta vigo,marcos alonso,Marcos Alonso,196169,1
5868046,2026-27,ESP1,2026-09-07,celta vigo,jones el abdellaoui,Jones El-Abdellaoui,1379196,1
5868046,2026-27,ESP1,2026-09-07,celta vigo,ilaix moriba,Ilaix Moriba,1109046,1
5868046,2026-27,ESP1,2026-09-07,celta vigo,miguel roman,Miguel Román,1359911,1
5868046,2026-27,ESP1,2026-09-07,celta vigo,javi galan,Javi Galán,695062,1
5868046,2026-27,ESP1,2026-09-07,celta vigo,iago aspas,Iago Aspas,174472,1
5868046,2026-27,ESP1,2026-09-07,celta vigo,pablo duran,Pablo Durán,1322858,1
5868046,2026-27,ESP1,2026-09-07,celta vigo,hugo gonzalez,Hugo González,1226783,1
5868046,2026-27,ESP1,2026-09-07,celta vigo,javi rueda,Javi Rueda,1310440,0
5868046,2026-27,ESP1,2026-09-07,celta vigo,sergio carreira,Sergio Carreira,1106742,0
5868046,2026-27,ESP1,2026-09-07,celta vigo,couhaib driouech,Couhaib Driouech,1184693,0
5868046,2026-27,ESP1,2026-09-07,celta vigo,borja iglesias,Borja Iglesias,609505,0
5868046,2026-27,ESP1,2026-09-07,celta vigo,ferran jutgla,Ferrán Jutglà,1102732,0
5868046,2026-27,ESP1,2026-09-07,celta vigo,altay bayindir,Altay Bayındır,866967,0
5868046,2026-27,ESP1,2026-09-07,celta vigo,alvaro nunez,Álvaro Núñez,1132355,0
5868046,2026-27,ESP1,2026-09-07,celta vigo,javi rodriguez,Javi Rodríguez,1435439,0
5868046,2026-27,ESP1,2026-09-07,celta vigo,sebastian caceres,Sebastián Cáceres,1020026,0
5868046,2026-27,ESP1,2026-09-07,celta vigo,hugo burcio,Hugo Burcio,1825995,0
5868046,2026-27,ESP1,2026-09-07,celta vigo,hugo alvarez,Hugo Álvarez,1308414,0
5868046,2026-27,ESP1,2026-09-07,celta vigo,williot swedberg,Williot Swedberg,1272740,0
5868047,2026-27,ESP1,2026-09-06,malaga,alfonso herrero,Alfonso Herrero,616538,1
5868047,2026-27,ESP1,2026-09-06,malaga,rafita,Rafita,1717331,1
5868047,2026-27,ESP1,2026-09-06,malaga,angel recio,Ángel Recio,1260010,1
5868047,2026-27,ESP1,2026-09-06,malaga,einar galilea,Einar Galilea,516803,1
5868047,2026-27,ESP1,2026-09-06,malaga,jose salinas,José Salinas,1187478,1
5868047,2026-27,ESP1,2026-09-06,malaga,carlos dotor,Carlos Dotor,1209421,1
5868047,2026-27,ESP1,2026-09-06,malaga,pablo martinez,Pablo Martínez,923298,1
5868047,2026-27,ESP1,2026-09-06,malaga,dani lorenzo,Dani Lorenzo,1317624,1
5868047,2026-27,ESP1,2026-09-06,malaga,david larrubia,David Larrubia,1108863,1
5868047,2026-27,ESP1,2026-09-06,malaga,chupe,Chupe,1669622,1
5868047,2026-27,ESP1,2026-09-06,malaga,juan cruz,Juan Cruz,940608,1
5868047,2026-27,ESP1,2026-09-06,malaga,izan merino,Izan Merino,1669619,0
5868047,2026-27,ESP1,2026-09-06,malaga,joaquin munoz,Joaquín Muñoz,951739,0
5868047,2026-27,ESP1,2026-09-06,malaga,carlos puga,Carlos Puga,1668274,0
5868047,2026-27,ESP1,2026-09-06,malaga,ramon enriquez,Ramón Enríquez,1082957,0
5868047,2026-27,ESP1,2026-09-06,malaga,jens lys cajuste,Jens-Lys Cajuste,801120,0
5868047,2026-27,ESP1,2026-09-06,malaga,carlos lopez,Carlos López,1426161,0
5868047,2026-27,ESP1,2026-09-06,malaga,adam aznou,Adam Aznou,1573563,0
5868047,2026-27,ESP1,2026-09-06,malaga,alex pastor,Álex Pastor,1256463,0
5868047,2026-27,ESP1,2026-09-06,malaga,juan berrocal,Juan Berrocal,873838,0
5868047,2026-27,ESP1,2026-09-06,malaga,rafa rodriguez,Rafa Rodríguez,1434474,0
5868047,2026-27,ESP1,2026-09-06,malaga,eneko jauregi,Eneko Jauregi,722830,0
5868047,2026-27,ESP1,2026-09-06,levante,mathew ryan,Mathew Ryan,185644,1
5868047,2026-27,ESP1,2026-09-06,levante,nacho perez,Nacho Pérez,1800611,1
5868047,2026-27,ESP1,2026-09-06,levante,adrian de la fuente,Adrián De La Fuente,952528,1
5868047,2026-27,ESP1,2026-09-06,levante,aissa mandi,Aïssa Mandi,210683,1
5868047,2026-27,ESP1,2026-09-06,levante,manuel sanchez,Manuel Sánchez,1052330,1
5868047,2026-27,ESP1,2026-09-06,levante,enzo bardeli,Enzo Bardeli,1332540,1
5868047,2026-27,ESP1,2026-09-06,levante,oriol rey,Oriol Rey,914401,1
5868047,2026-27,ESP1,2026-09-06,levante,jon olasagasti,Jon Olasagasti,1131957,1
5868047,2026-27,ESP1,2026-09-06,levante,roger brugue,Roger Brugué,1286471,1
5868047,2026-27,ESP1,2026-09-06,levante,ivan romero,Iván Romero,1209441,1
5868047,2026-27,ESP1,2026-09-06,levante,thiago fernandez,Thiago Fernández,1460063,1
5868047,2026-27,ESP1,2026-09-06,levante,yanis musuayi,Yanis Musuayi,1836083,0
5868047,2026-27,ESP1,2026-09-06,levante,jeremy toljan,Jeremy Toljan,443966,0
5868047,2026-27,ESP1,2026-09-06,levante,hugo sotelo,Hugo Sotelo,1254218,0
5868047,2026-27,ESP1,2026-09-06,levante,paco cortes,Paco Cortés,1649293,0
5868047,2026-27,ESP1,2026-09-06,levante,dani requena,Dani Requena,1481503,0
5868047,2026-27,ESP1,2026-09-06,levante,pablo campos,Pablo Campos,1237455,0
5868047,2026-27,ESP1,2026-09-06,levante,ifeanyi ndukwe,Ifeanyi Ndukwe,1780239,0
5868047,2026-27,ESP1,2026-09-06,levante,jorge cabello,Jorge Cabello,1617146,0
5868047,2026-27,ESP1,2026-09-06,levante,marc santos,Marc Santos,2141146,0
5868047,2026-27,ESP1,2026-09-06,levante,axel tape,Axel Tape,1695701,0
5868047,2026-27,ESP1,2026-09-06,levante,petar ratkov,Petar Ratkov,1302821,0
5868047,2026-27,ESP1,2026-09-06,levante,victor garcia,Víctor García,977618,0
5868048,2026-27,ESP1,2026-09-05,rayo vallecano,dani cardenas,Dani Cárdenas,1041445,1
5868048,2026-27,ESP1,2026-09-05,rayo vallecano,andrei ratiu,Andrei Rațiu,970578,1
5868048,2026-27,ESP1,2026-09-05,rayo vallecano,florian lejeune,Florian Lejeune,184521,1
5868048,2026-27,ESP1,2026-09-05,rayo vallecano,pathe ciss,Pathé Ciss,872396,1
5868048,2026-27,ESP1,2026-09-05,rayo vallecano,adria pedrosa,Adrià Pedrosa,927646,1
5868048,2026-27,ESP1,2026-09-05,rayo vallecano,unai lopez,Unai López,571615,1
5868048,2026-27,ESP1,2026-09-05,rayo vallecano,oscar valentin,Óscar Valentín,956622,1
5868048,2026-27,ESP1,2026-09-05,rayo vallecano,pedro diaz,Pedro Díaz,715069,1
5868048,2026-27,ESP1,2026-09-05,rayo vallecano,jorge de frutos,Jorge de Frutos,797901,1
5868048,2026-27,ESP1,2026-09-05,rayo vallecano,sergio camello,Sergio Camello,980422,1
5868048,2026-27,ESP1,2026-09-05,rayo vallecano,alvaro garcia,Álvaro Garcia,474658,1
5868048,2026-27,ESP1,2026-09-05,rayo vallecano,gnangoro bouare,Gnangoro Bouare,1889232,0
5868048,2026-27,ESP1,2026-09-05,rayo vallecano,alemao,Alemão,924300,0
5868048,2026-27,ESP1,2026-09-05,rayo vallecano,fran perez,Fran Pérez,1284430,0
5868048,2026-27,ESP1,2026-09-05,rayo vallecano,giorgi tsitaishvili,Giorgi Tsitaishvili,939061,0
5868048,2026-27,ESP1,2026-09-05,rayo vallecano,ivan balliu,Iván Balliu,264885,0
5868048,2026-27,ESP1,2026-09-05,rayo vallecano,emil audero,Emil Audero,602845,0
5868048,2026-27,ESP1,2026-09-05,rayo vallecano,mujaid sadick,Mujaid Sadick,939427,0
5868048,2026-27,ESP1,2026-09-05,rayo vallecano,pelayo fernandez,Pelayo Fernández,1411818,0
5868048,2026-27,ESP1,2026-09-05,rayo vallecano,marco de las sias,Marco de Las Sías,1662963,0
5868048,2026-27,ESP1,2026-09-05,rayo vallecano,rayane belaid,Rayane Belaid,1553404,0
5868048,2026-27,ESP1,2026-09-05,rayo vallecano,randy nteka,Randy Nteka,915264,0
5868048,2026-27,ESP1,2026-09-05,real racing,julen agirrezabala,Julen Agirrezabala,1280020,1
5868048,2026-27,ESP1,2026-09-05,real racing,alvaro mantilla,Álvaro Mantilla,1199649,1
5868048,2026-27,ESP1,2026-09-05,real racing,manu,Manu,863169,1
5868048,2026-27,ESP1,2026-09-05,real racing,facundo gonzalez,Facundo González,1212179,1
5868048,2026-27,ESP1,2026-09-05,real racing,jorge salinas,Jorge Salinas,1670161,1
5868048,2026-27,ESP1,2026-09-05,real racing,ivan martin,Iván Martin,967871,1
5868048,2026-27,ESP1,2026-09-05,real racing,matteo prati,Matteo Prati,1396089,1
5868048,2026-27,ESP1,2026-09-05,real racing,pablo garcia,Pablo García,1662379,1
5868048,2026-27,ESP1,2026-09-05,real racing,sergio canales,Sergio Canales,150649,1
5868048,2026-27,ESP1,2026-09-05,real racing,inigo vicente,Iñigo Vicente,889229,1
5868048,2026-27,ESP1,2026-09-05,real racing,yassir zabiri,Yassir Zabiri,1640985,1
5868048,2026-27,ESP1,2026-09-05,real racing,jeanuel belocian,Jeanuël Belocian,1329406,0
5868048,2026-27,ESP1,2026-09-05,real racing,pablo ramon,Pablo Ramón,982734,0
5868048,2026-27,ESP1,2026-09-05,real racing,andre almeida,André Almeida,777028,0
5868048,2026-27,ESP1,2026-09-05,real racing,aaron martin,Aarón Martín,684981,0
5868048,2026-27,ESP1,2026-09-05,real racing,juan carlos arana,Juan Carlos Arana,1225417,0
5868048,2026-27,ESP1,2026-09-05,real racing,simon eriksson,Simon Eriksson,1441736,0
5868048,2026-27,ESP1,2026-09-05,real racing,pedro felipe,Pedro Felipe,1644302,0
5868048,2026-27,ESP1,2026-09-05,real racing,inigo sainz maza,Íñigo Sainz-Maza,1168852,0
5868048,2026-27,ESP1,2026-09-05,real racing,maguette gueye,Maguette Gueye,1363232,0
5868048,2026-27,ESP1,2026-09-05,real racing,asier villalibre,Asier Villalibre,670031,0
5868048,2026-27,ESP1,2026-09-05,real racing,giorgi guliashvili,Giorgi Guliashvili,1065640,0
5868048,2026-27,ESP1,2026-09-05,real racing,hugo perez,Hugo Perez,2156233,0
5868049,2026-27,ESP1,2026-09-06,valencia,stole dimitrievski,Stole Dimitrievski,254241,1
5868049,2026-27,ESP1,2026-09-06,valencia,arnau martinez,Arnau Martínez,1194892,1
5868049,2026-27,ESP1,2026-09-06,valencia,mouctar diakhaby,Mouctar Diakhaby,561198,1
5868049,2026-27,ESP1,2026-09-06,valencia,pepelu,Pepelu,673689,1
5868049,2026-27,ESP1,2026-09-06,valencia,pablo maffeo,Pablo Maffeo,673356,1
5868049,2026-27,ESP1,2026-09-06,valencia,jesus vazquez,Jesus Vázquez,1220187,1
5868049,2026-27,ESP1,2026-09-06,valencia,david otorbi,David Otorbi,1600732,1
5868049,2026-27,ESP1,2026-09-06,valencia,filip ugrinic,Filip Ugrinic,800615,1
5868049,2026-27,ESP1,2026-09-06,valencia,aliou dieng,Aliou Dieng,723148,1
5868049,2026-27,ESP1,2026-09-06,valencia,javier guerra,Javier Guerra,1284429,1
5868049,2026-27,ESP1,2026-09-06,valencia,arnaut danjuma,Arnaut Danjuma,704151,1
5868049,2026-27,ESP1,2026-09-06,valencia,cesar tarrega,César Tárrega,1311985,0
5868049,2026-27,ESP1,2026-09-06,valencia,jose gaya,José Gayà,391058,0
5868049,2026-27,ESP1,2026-09-06,valencia,harvey elliott,Harvey Elliott,963964,0
5868049,2026-27,ESP1,2026-09-06,valencia,iker cordoba,Iker Córdoba,1637860,0
5868049,2026-27,ESP1,2026-09-06,valencia,ryunosuke sato,Ryunosuke Sato,1611149,0
5868049,2026-27,ESP1,2026-09-06,valencia,hugo duro,Hugo Duro,929838,0
5868049,2026-27,ESP1,2026-09-06,valencia,kayne van oevelen,Kayne van Oevelen,1348497,0
5868049,2026-27,ESP1,2026-09-06,valencia,aaron mayol,Aaron Mayol,1905203,0
5868049,2026-27,ESP1,2026-09-06,valencia,jaume dura,Jaume Dura,1842857,0
5868049,2026-27,ESP1,2026-09-06,valencia,rodrigo gamon,Rodrigo Gamon,1875436,0
5868049,2026-27,ESP1,2026-09-06,valencia,aimar,Aimar,1793871,0
5868049,2026-27,ESP1,2026-09-06,valencia,dani raba,Dani Raba,784246,0
5868049,2026-27,ESP1,2026-09-06,barcelona,joan garcia,Joan García,1167220,1
5868049,2026-27,ESP1,2026-09-06,barcelona,eric garcia,Eric García,940573,1
5868049,2026-27,ESP1,2026-09-06,barcelona,pau cubarsi,Pau Cubarsí,1532137,1
5868049,2026-27,ESP1,2026-09-06,barcelona,gerard martin,Gerard Martín,1598982,1
5868049,2026-27,ESP1,2026-09-06,barcelona,xavi espart,Xavi Espart,1815149,1
5868049,2026-27,ESP1,2026-09-06,barcelona,rodri,Rodri,675088,1
5868049,2026-27,ESP1,2026-09-06,barcelona,pedri,Pedri,1083323,1
5868049,2026-27,ESP1,2026-09-06,barcelona,lamine yamal,Lamine Yamal,1467236,1
5868049,2026-27,ESP1,2026-09-06,barcelona,fermin lopez,Fermín López,1404415,1
5868049,2026-27,ESP1,2026-09-06,barcelona,anthony gordon,Anthony Gordon,906937,1
5868049,2026-27,ESP1,2026-09-06,barcelona,raphinha,Raphinha,696679,1
5868049,2026-27,ESP1,2026-09-06,barcelona,jules kounde,Jules Koundé,705450,0
5868049,2026-27,ESP1,2026-09-06,barcelona,andreas christensen,Andreas Christensen,449232,0
5868049,2026-27,ESP1,2026-09-06,barcelona,karim adeyemi,Karim Adeyemi,959594,0
5868049,2026-27,ESP1,2026-09-06,barcelona,marc bernal,Marc Bernal,1573126,0
5868049,2026-27,ESP1,2026-09-06,barcelona,dani olmo,Dani Olmo,614834,0
5868049,2026-27,ESP1,2026-09-06,barcelona,gabriel jesus,Gabriel Jesus,576165,0
5868049,2026-27,ESP1,2026-09-06,barcelona,dominik livakovic,Dominik Livaković,383971,0
5868049,2026-27,ESP1,2026-09-06,barcelona,wojciech szczesny,Wojciech Szczęsny,169718,0
5868049,2026-27,ESP1,2026-09-06,barcelona,alejandro balde,Alejandro Balde,1254166,0
5868049,2026-27,ESP1,2026-09-06,barcelona,joao cancelo,João Cancelo,361757,0
5868049,2026-27,ESP1,2026-09-06,barcelona,gavi,Gavi,1279040,0
5868049,2026-27,ESP1,2026-09-06,barcelona,hamza abdelkarim,Hamza Abdelkarim,1708842,0
5868050,2026-27,ESP1,2026-09-05,villarreal,luiz junior,Luíz Júnior,1187044,1
5868050,2026-27,ESP1,2026-09-05,villarreal,alex freeman,Alex Freeman,1338696,1
5868050,2026-27,ESP1,2026-09-05,villarreal,logan costa,Logan Costa,922877,1
5868050,2026-27,ESP1,2026-09-05,villarreal,renato veiga,Renato Veiga,1343750,1
5868050,2026-27,ESP1,2026-09-05,villarreal,sergi cardona,Sergi Cardona,1059657,1
5868050,2026-27,ESP1,2026-09-05,villarreal,nicolas pepe,Nicolas Pépé,575735,1
5868050,2026-27,ESP1,2026-09-05,villarreal,nathan saliba,Nathan Saliba,1216798,1
5868050,2026-27,ESP1,2026-09-05,villarreal,pape gueye,Pape Gueye,844544,1
5868050,2026-27,ESP1,2026-09-05,villarreal,alberto moleiro,Alberto Moleiro,1184694,1
5868050,2026-27,ESP1,2026-09-05,villarreal,ayoze perez,Ayoze Pérez,479020,1
5868050,2026-27,ESP1,2026-09-05,villarreal,gerard moreno,Gerard Moreno,246438,1
5868050,2026-27,ESP1,2026-09-05,villarreal,santi comesana,Santi Comesaña,671865,0
5868050,2026-27,ESP1,2026-09-05,villarreal,tajon buchanan,Tajon Buchanan,1026135,0
5868050,2026-27,ESP1,2026-09-05,villarreal,georges mikautadze,Georges Mikautadze,1117069,0
5868050,2026-27,ESP1,2026-09-05,villarreal,tani oluwaseyi,Tani Oluwaseyi,1338740,0
5868050,2026-27,ESP1,2026-09-05,villarreal,ilias akhomach,Ilias Akhomach,1311915,0
5868050,2026-27,ESP1,2026-09-05,villarreal,peter gulacsi,Péter Gulácsi,151001,0
5868050,2026-27,ESP1,2026-09-05,villarreal,ruben gomez,Rubén Gómez,1408547,0
5868050,2026-27,ESP1,2026-09-05,villarreal,pau navarro,Pau Navarro,1531887,0
5868050,2026-27,ESP1,2026-09-05,villarreal,santiago mourino,Santiago Mouriño,1407468,0
5868050,2026-27,ESP1,2026-09-05,villarreal,alassane diatta,Alassane Diatta,1695966,0
5868050,2026-27,ESP1,2026-09-05,villarreal,carlos macia,Carlos Maciá,1841906,0
5868050,2026-27,ESP1,2026-09-05,deportivo a coruna,leo roman,Leo Román,1187702,1
5868050,2026-27,ESP1,2026-09-05,deportivo a coruna,ximo navarro,Ximo Navarro,260659,1
5868050,2026-27,ESP1,2026-09-05,deportivo a coruna,lucas noubi,Lucas Noubi,1332025,1
5868050,2026-27,ESP1,2026-09-05,deportivo a coruna,jose gimenez,José Giménez,474589,1
5868050,2026-27,ESP1,2026-09-05,deportivo a coruna,giacomo quagliata,Giacomo Quagliata,1077977,1
5868050,2026-27,ESP1,2026-09-05,deportivo a coruna,luismi cruz,Luismi Cruz,1204447,1
5868050,2026-27,ESP1,2026-09-05,deportivo a coruna,mario soriano,Mario Soriano,1050828,1
5868050,2026-27,ESP1,2026-09-05,deportivo a coruna,lorenzo amatucci,Lorenzo Amatucci,1425989,1
5868050,2026-27,ESP1,2026-09-05,deportivo a coruna,riki rodriguez,Riki Rodríguez,970566,1
5868050,2026-27,ESP1,2026-09-05,deportivo a coruna,pierre emerick aubameyang,Pierre-Emerick Aubameyang,150565,1
5868050,2026-27,ESP1,2026-09-05,deportivo a coruna,bil nsongo,Bil Nsongo,1690831,1
5868050,2026-27,ESP1,2026-09-05,deportivo a coruna,yeremay hernandez,Yeremay Hernández,1319204,0
5868050,2026-27,ESP1,2026-09-05,deportivo a coruna,miguel loureiro,Miguel Loureiro,800891,0
5868050,2026-27,ESP1,2026-09-05,deportivo a coruna,marc casado,Marc Casadó,1384883,0
5868050,2026-27,ESP1,2026-09-05,deportivo a coruna,adama traore,Adama Traoré,493647,0
5868050,2026-27,ESP1,2026-09-05,deportivo a coruna,zakaria eddahchouri,Zakaria Eddahchouri,1029029,0
5868050,2026-27,ESP1,2026-09-05,deportivo a coruna,alvaro fernandez,Álvaro Fernández,796781,0
5868050,2026-27,ESP1,2026-09-05,deportivo a coruna,bright ede,Bright Ede,1711969,0
5868050,2026-27,ESP1,2026-09-05,deportivo a coruna,angelino,Angeliño,603537,0
5868050,2026-27,ESP1,2026-09-05,deportivo a coruna,diego villares,Diego Villares,988178,0
5868050,2026-27,ESP1,2026-09-05,deportivo a coruna,teun gijselhart,Teun Gijselhart,1466558,0
5868050,2026-27,ESP1,2026-09-05,deportivo a coruna,david mella,David Mella,1368655,0
5868050,2026-27,ESP1,2026-09-05,deportivo a coruna,jonathan asp,Jonathan Asp,1621150,0
5868051,2026-27,ESP1,2026-09-12,athletic club,unai simon,Unai Simón,660625,1
5868051,2026-27,ESP1,2026-09-12,athletic club,jesus areso,Jesús Areso,1037537,1
5868051,2026-27,ESP1,2026-09-12,athletic club,yeray alvarez,Yeray Álvarez,639450,1
5868051,2026-27,ESP1,2026-09-12,athletic club,aymeric laporte,Aymeric Laporte,411617,1
5868051,2026-27,ESP1,2026-09-12,athletic club,yuri berchiche,Yuri Berchiche,80295,1
5868051,2026-27,ESP1,2026-09-12,athletic club,inigo ruiz de galarreta,Íñigo Ruíz de Galarreta,282462,1
5868051,2026-27,ESP1,2026-09-12,athletic club,benat gerenabarrena,Beñat Gerenabarrena,1425173,1
5868051,2026-27,ESP1,2026-09-12,athletic club,robert navarro,Robert Navarro,1011117,1
5868051,2026-27,ESP1,2026-09-12,athletic club,oihan sancet,Oihan Sancet,950545,1
5868051,2026-27,ESP1,2026-09-12,athletic club,nico williams,Nico Williams,1202110,1
5868051,2026-27,ESP1,2026-09-12,athletic club,inaki williams,Iñaki Williams,604105,1
5868051,2026-27,ESP1,2026-09-12,athletic club,johaneko louisjean,Johaneko Louisjean,1327006,0
5868051,2026-27,ESP1,2026-09-12,athletic club,mikel jauregizar,Mikel Jauregizar,1553099,0
5868051,2026-27,ESP1,2026-09-12,athletic club,alex berenguer,Alex Berenguer,574629,0
5868051,2026-27,ESP1,2026-09-12,athletic club,maroan sannadi,Maroan Sannadi,1425206,0
5868051,2026-27,ESP1,2026-09-12,athletic club,alex padilla,Álex Padilla,1401997,0
5868051,2026-27,ESP1,2026-09-12,athletic club,aitor paredes,Aitor Paredes,1191407,0
5868051,2026-27,ESP1,2026-09-12,athletic club,hugo rincon,Hugo Rincón,1427819,0
5868051,2026-27,ESP1,2026-09-12,athletic club,iker monreal,Iker Monreal,1817320,0
5868051,2026-27,ESP1,2026-09-12,athletic club,alejandro rego,Alejandro Rego,1425769,0
5868051,2026-27,ESP1,2026-09-12,athletic club,alvaro djalo,Álvaro Djaló,1355668,0
5868051,2026-27,ESP1,2026-09-12,athletic club,benat prados,Beñat Prados,1229176,0
5868051,2026-27,ESP1,2026-09-12,athletic club,nico serrano,Nico Serrano,1203614,0
5868051,2026-27,ESP1,2026-09-12,elche,matias dituro,Matías Dituro,592412,1
5868051,2026-27,ESP1,2026-09-12,elche,buba sangare,Buba Sangaré,1583872,1
5868051,2026-27,ESP1,2026-09-12,elche,federico redondo,Federico Redondo,1277343,1
5868051,2026-27,ESP1,2026-09-12,elche,victor chust,Víctor Chust,1192393,1
5868051,2026-27,ESP1,2026-09-12,elche,roy revivo,Roy Revivo,1337914,1
5868051,2026-27,ESP1,2026-09-12,elche,tete morente,Tete Morente,801213,1
5868051,2026-27,ESP1,2026-09-12,elche,javi morcillo,Javi Morcillo,1732412,1
5868051,2026-27,ESP1,2026-09-12,elche,gonzalo villar,Gonzalo Villar,881773,1
5868051,2026-27,ESP1,2026-09-12,elche,german valera,Germán Valera,1102708,1
5868051,2026-27,ESP1,2026-09-12,elche,facundo buonanotte,Facundo Buonanotte,1336566,1
5868051,2026-27,ESP1,2026-09-12,elche,fer nino,Fer Niño,1127224,1
5868051,2026-27,ESP1,2026-09-12,elche,thomas lemar,Thomas Lemar,468931,0
5868051,2026-27,ESP1,2026-09-12,elche,abiel osorio,Abiel Osorio,1343195,0
5868051,2026-27,ESP1,2026-09-12,elche,ruben sanchez,Rubén Sánchez,1330035,0
5868051,2026-27,ESP1,2026-09-12,elche,lucas cepeda,Lucas Cepeda,1280756,0
5868051,2026-27,ESP1,2026-09-12,elche,martim neto,Martim Neto,1226189,0
5868051,2026-27,ESP1,2026-09-12,elche,alejandro iturbe,Alejandro Iturbe,1311126,0
5868051,2026-27,ESP1,2026-09-12,elche,matia barzic,Matia Barzić,1670276,0
5868051,2026-27,ESP1,2026-09-12,elche,pedro bigas,Pedro Bigas,291635,0
5868051,2026-27,ESP1,2026-09-12,elche,grady diangana,Grady Diangana,654091,0
5868051,2026-27,ESP1,2026-09-12,elche,marc aguado,Marc Aguado,1392232,0
5868051,2026-27,ESP1,2026-09-12,elche,ezequiel ponce,Ezequiel Ponce,493216,0
5868051,2026-27,ESP1,2026-09-12,elche,josan,Josan,623982,0
5868052,2026-27,ESP1,2026-09-13,celta vigo,ionut radu,Ionuț Radu,681213,1
5868052,2026-27,ESP1,2026-09-13,celta vigo,sebastian caceres,Sebastián Cáceres,1020026,1
5868052,2026-27,ESP1,2026-09-13,celta vigo,yoel lago,Yoel Lago,1578176,1
5868052,2026-27,ESP1,2026-09-13,celta vigo,marcos alonso,Marcos Alonso,196169,1
5868052,2026-27,ESP1,2026-09-13,celta vigo,javi rueda,Javi Rueda,1310440,1
5868052,2026-27,ESP1,2026-09-13,celta vigo,miguel roman,Miguel Román,1359911,1
5868052,2026-27,ESP1,2026-09-13,celta vigo,ilaix moriba,Ilaix Moriba,1109046,1
5868052,2026-27,ESP1,2026-09-13,celta vigo,sergio carreira,Sergio Carreira,1106742,1
5868052,2026-27,ESP1,2026-09-13,celta vigo,hugo gonzalez,Hugo González,1226783,1
5868052,2026-27,ESP1,2026-09-13,celta vigo,ferran jutgla,Ferrán Jutglà,1102732,1
5868052,2026-27,ESP1,2026-09-13,celta vigo,hugo alvarez,Hugo Álvarez,1308414,1
5868052,2026-27,ESP1,2026-09-13,celta vigo,williot swedberg,Williot Swedberg,1272740,0
5868052,2026-27,ESP1,2026-09-13,celta vigo,hugo burcio,Hugo Burcio,1825995,0
5868052,2026-27,ESP1,2026-09-13,celta vigo,couhaib driouech,Couhaib Driouech,1184693,0
5868052,2026-27,ESP1,2026-09-13,celta vigo,javi galan,Javi Galán,695062,0
5868052,2026-27,ESP1,2026-09-13,celta vigo,iago aspas,Iago Aspas,174472,0
5868052,2026-27,ESP1,2026-09-13,celta vigo,altay bayindir,Altay Bayındır,866967,0
5868052,2026-27,ESP1,2026-09-13,celta vigo,ivan villar,Iván Villar,786630,0
5868052,2026-27,ESP1,2026-09-13,celta vigo,abdoulaye faye,Abdoulaye Faye,1555492,0
5868052,2026-27,ESP1,2026-09-13,celta vigo,alvaro nunez,Álvaro Núñez,1132355,0
5868052,2026-27,ESP1,2026-09-13,celta vigo,carl starfelt,Carl Starfelt,497662,0
5868052,2026-27,ESP1,2026-09-13,celta vigo,javi rodriguez,Javi Rodríguez,1435439,0
5868052,2026-27,ESP1,2026-09-13,celta vigo,pablo duran,Pablo Durán,1322858,0
5868052,2026-27,ESP1,2026-09-13,malaga,alfonso herrero,Alfonso Herrero,616538,1
5868052,2026-27,ESP1,2026-09-13,malaga,rafita,Rafita,1717331,1
5868052,2026-27,ESP1,2026-09-13,malaga,angel recio,Ángel Recio,1260010,1
5868052,2026-27,ESP1,2026-09-13,malaga,einar galilea,Einar Galilea,516803,1
5868052,2026-27,ESP1,2026-09-13,malaga,jose salinas,José Salinas,1187478,1
5868052,2026-27,ESP1,2026-09-13,malaga,david larrubia,David Larrubia,1108863,1
5868052,2026-27,ESP1,2026-09-13,malaga,pablo martinez,Pablo Martínez,923298,1
5868052,2026-27,ESP1,2026-09-13,malaga,izan merino,Izan Merino,1669619,1
5868052,2026-27,ESP1,2026-09-13,malaga,joaquin munoz,Joaquín Muñoz,951739,1
5868052,2026-27,ESP1,2026-09-13,malaga,dani lorenzo,Dani Lorenzo,1317624,1
5868052,2026-27,ESP1,2026-09-13,malaga,chupe,Chupe,1669622,1
5868052,2026-27,ESP1,2026-09-13,malaga,ramon enriquez,Ramón Enríquez,1082957,0
5868052,2026-27,ESP1,2026-09-13,malaga,juan cruz,Juan Cruz,940608,0
5868052,2026-27,ESP1,2026-09-13,malaga,carlos puga,Carlos Puga,1668274,0
5868052,2026-27,ESP1,2026-09-13,malaga,adrian nino,Adrián Nino,1403695,0
5868052,2026-27,ESP1,2026-09-13,malaga,juan berrocal,Juan Berrocal,873838,0
5868052,2026-27,ESP1,2026-09-13,malaga,carlos lopez,Carlos López,1426161,0
5868052,2026-27,ESP1,2026-09-13,malaga,jens lys cajuste,Jens-Lys Cajuste,801120,0
5868052,2026-27,ESP1,2026-09-13,malaga,rafa rodriguez,Rafa Rodríguez,1434474,0
5868052,2026-27,ESP1,2026-09-13,malaga,eneko jauregi,Eneko Jauregi,722830,0
5868052,2026-27,ESP1,2026-09-13,malaga,juan fernandez,Juan Fernandez,1839193,0
5868053,2026-27,ESP1,2026-09-13,getafe,david soria,David Soria,581919,1
5868053,2026-27,ESP1,2026-09-13,getafe,sebastian boselli,Sebastián Boselli,1414777,1
5868053,2026-27,ESP1,2026-09-13,getafe,nemanja gudelj,Nemanja Gudelj,178753,1
5868053,2026-27,ESP1,2026-09-13,getafe,djene,Djené,421365,1
5868053,2026-27,ESP1,2026-09-13,getafe,johan mojica,Johan Mojica,474673,1
5868053,2026-27,ESP1,2026-09-13,getafe,ramon terrats,Ramón Terrats,1202587,1
5868053,2026-27,ESP1,2026-09-13,getafe,mario martin,Mario Martín,1321605,1
5868053,2026-27,ESP1,2026-09-13,getafe,orel mangala,Orel Mangala,765693,1
5868053,2026-27,ESP1,2026-09-13,getafe,martin satriano,Martín Satriano,1197039,1
5868053,2026-27,ESP1,2026-09-13,getafe,enes unal,Enes Ünal,464486,1
5868053,2026-27,ESP1,2026-09-13,getafe,ivan azon,Iván Azon,1203946,1
5868053,2026-27,ESP1,2026-09-13,getafe,francho serrano,Francho Serrano,1183650,0
5868053,2026-27,ESP1,2026-09-13,getafe,saba sazonov,Saba Sazonov,1179368,0
5868053,2026-27,ESP1,2026-09-13,getafe,joselu perez,Joselu Pérez,1559834,0
5868053,2026-27,ESP1,2026-09-13,getafe,davinchi,Davinchi,1676086,0
5868053,2026-27,ESP1,2026-09-13,getafe,diego ferrer,Diego Ferrer,1669215,0
5868053,2026-27,ESP1,2026-09-13,getafe,jiri letacek,Jirí Letácek,1178641,0
5868053,2026-27,ESP1,2026-09-13,getafe,jean ives valou,Jean Ives Valou,1792368,0
5868053,2026-27,ESP1,2026-09-13,getafe,mohamed hamdoune,Mohamed Hamdoune,1697367,0
5868053,2026-27,ESP1,2026-09-13,getafe,oscar lopez,Oscar Lopez,1694764,0
5868053,2026-27,ESP1,2026-09-13,getafe,borja mayoral,Borja Mayoral,635772,0
5868053,2026-27,ESP1,2026-09-13,getafe,ebrahima drammeh,Ebrahima Drammeh,2110934,0
5868053,2026-27,ESP1,2026-09-13,getafe,moha achraf,Moha Achraf,1800362,0
5868053,2026-27,ESP1,2026-09-13,deportivo a coruna,leo roman,Leo Román,1187702,1
5868053,2026-27,ESP1,2026-09-13,deportivo a coruna,ximo navarro,Ximo Navarro,260659,1
5868053,2026-27,ESP1,2026-09-13,deportivo a coruna,lucas noubi,Lucas Noubi,1332025,1
5868053,2026-27,ESP1,2026-09-13,deportivo a coruna,jose gimenez,José Giménez,474589,1
5868053,2026-27,ESP1,2026-09-13,deportivo a coruna,giacomo quagliata,Giacomo Quagliata,1077977,1
5868053,2026-27,ESP1,2026-09-13,deportivo a coruna,mario soriano,Mario Soriano,1050828,1
5868053,2026-27,ESP1,2026-09-13,deportivo a coruna,marc casado,Marc Casadó,1384883,1
5868053,2026-27,ESP1,2026-09-13,deportivo a coruna,lorenzo amatucci,Lorenzo Amatucci,1425989,1
5868053,2026-27,ESP1,2026-09-13,deportivo a coruna,luismi cruz,Luismi Cruz,1204447,1
5868053,2026-27,ESP1,2026-09-13,deportivo a coruna,pierre emerick aubameyang,Pierre-Emerick Aubameyang,150565,1
5868053,2026-27,ESP1,2026-09-13,deportivo a coruna,bil nsongo,Bil Nsongo,1690831,1
5868053,2026-27,ESP1,2026-09-13,deportivo a coruna,adama traore,Adama Traoré,493647,0
5868053,2026-27,ESP1,2026-09-13,deportivo a coruna,yeremay hernandez,Yeremay Hernández,1319204,0
5868053,2026-27,ESP1,2026-09-13,deportivo a coruna,zakaria eddahchouri,Zakaria Eddahchouri,1029029,0
5868053,2026-27,ESP1,2026-09-13,deportivo a coruna,alvaro fernandez,Álvaro Fernández,796781,0
5868053,2026-27,ESP1,2026-09-13,deportivo a coruna,adria altimira,Adrià Altimira,1256478,0
5868053,2026-27,ESP1,2026-09-13,deportivo a coruna,bright ede,Bright Ede,1711969,0
5868053,2026-27,ESP1,2026-09-13,deportivo a coruna,miguel loureiro,Miguel Loureiro,800891,0
5868053,2026-27,ESP1,2026-09-13,deportivo a coruna,angelino,Angeliño,603537,0
5868053,2026-27,ESP1,2026-09-13,deportivo a coruna,diego villares,Diego Villares,988178,0
5868053,2026-27,ESP1,2026-09-13,deportivo a coruna,riki rodriguez,Riki Rodríguez,970566,0
5868053,2026-27,ESP1,2026-09-13,deportivo a coruna,david mella,David Mella,1368655,0
5868053,2026-27,ESP1,2026-09-13,deportivo a coruna,jonathan asp,Jonathan Asp,1621150,0
5868054,2026-27,ESP1,2026-09-13,levante,mathew ryan,Mathew Ryan,185644,1
5868054,2026-27,ESP1,2026-09-13,levante,jeremy toljan,Jeremy Toljan,443966,1
5868054,2026-27,ESP1,2026-09-13,levante,adrian de la fuente,Adrián De La Fuente,952528,1
5868054,2026-27,ESP1,2026-09-13,levante,aissa mandi,Aïssa Mandi,210683,1
5868054,2026-27,ESP1,2026-09-13,levante,manuel sanchez,Manuel Sánchez,1052330,1
5868054,2026-27,ESP1,2026-09-13,levante,victor garcia,Víctor García,977618,1
5868054,2026-27,ESP1,2026-09-13,levante,hugo sotelo,Hugo Sotelo,1254218,1
5868054,2026-27,ESP1,2026-09-13,levante,jon olasagasti,Jon Olasagasti,1131957,1
5868054,2026-27,ESP1,2026-09-13,levante,roger brugue,Roger Brugué,1286471,1
5868054,2026-27,ESP1,2026-09-13,levante,dani requena,Dani Requena,1481503,1
5868054,2026-27,ESP1,2026-09-13,levante,petar ratkov,Petar Ratkov,1302821,1
5868054,2026-27,ESP1,2026-09-13,levante,enzo bardeli,Enzo Bardeli,1332540,0
5868054,2026-27,ESP1,2026-09-13,levante,oriol rey,Oriol Rey,914401,0
5868054,2026-27,ESP1,2026-09-13,levante,ivan romero,Iván Romero,1209441,0
5868054,2026-27,ESP1,2026-09-13,levante,ifeanyi ndukwe,Ifeanyi Ndukwe,1780239,0
5868054,2026-27,ESP1,2026-09-13,levante,nacho perez,Nacho Pérez,1800611,0
5868054,2026-27,ESP1,2026-09-13,levante,pablo campos,Pablo Campos,1237455,0
5868054,2026-27,ESP1,2026-09-13,levante,jorge cabello,Jorge Cabello,1617146,0
5868054,2026-27,ESP1,2026-09-13,levante,marc santos,Marc Santos,2141146,0
5868054,2026-27,ESP1,2026-09-13,levante,axel tape,Axel Tape,1695701,0
5868054,2026-27,ESP1,2026-09-13,levante,paco cortes,Paco Cortés,1649293,0
5868054,2026-27,ESP1,2026-09-13,levante,thiago fernandez,Thiago Fernández,1460063,0
5868054,2026-27,ESP1,2026-09-13,levante,yanis musuayi,Yanis Musuayi,1836083,0
5868054,2026-27,ESP1,2026-09-13,barcelona,joan garcia,Joan García,1167220,1
5868054,2026-27,ESP1,2026-09-13,barcelona,eric garcia,Eric García,940573,1
5868054,2026-27,ESP1,2026-09-13,barcelona,pau cubarsi,Pau Cubarsí,1532137,1
5868054,2026-27,ESP1,2026-09-13,barcelona,gerard martin,Gerard Martín,1598982,1
5868054,2026-27,ESP1,2026-09-13,barcelona,xavi espart,Xavi Espart,1815149,1
5868054,2026-27,ESP1,2026-09-13,barcelona,fermin lopez,Fermín López,1404415,1
5868054,2026-27,ESP1,2026-09-13,barcelona,rodri,Rodri,675088,1
5868054,2026-27,ESP1,2026-09-13,barcelona,pedri,Pedri,1083323,1
5868054,2026-27,ESP1,2026-09-13,barcelona,lamine yamal,Lamine Yamal,1467236,1
5868054,2026-27,ESP1,2026-09-13,barcelona,raphinha,Raphinha,696679,1
5868054,2026-27,ESP1,2026-09-13,barcelona,anthony gordon,Anthony Gordon,906937,1
5868054,2026-27,ESP1,2026-09-13,barcelona,andreas christensen,Andreas Christensen,449232,0
5868054,2026-27,ESP1,2026-09-13,barcelona,dani olmo,Dani Olmo,614834,0
5868054,2026-27,ESP1,2026-09-13,barcelona,marc bernal,Marc Bernal,1573126,0
5868054,2026-27,ESP1,2026-09-13,barcelona,karim adeyemi,Karim Adeyemi,959594,0
5868054,2026-27,ESP1,2026-09-13,barcelona,joao cancelo,João Cancelo,361757,0
5868054,2026-27,ESP1,2026-09-13,barcelona,dominik livakovic,Dominik Livaković,383971,0
5868054,2026-27,ESP1,2026-09-13,barcelona,wojciech szczesny,Wojciech Szczęsny,169718,0
5868054,2026-27,ESP1,2026-09-13,barcelona,alejandro balde,Alejandro Balde,1254166,0
5868054,2026-27,ESP1,2026-09-13,barcelona,jules kounde,Jules Koundé,705450,0
5868054,2026-27,ESP1,2026-09-13,barcelona,gavi,Gavi,1279040,0
5868054,2026-27,ESP1,2026-09-13,barcelona,gabriel jesus,Gabriel Jesus,576165,0
5868054,2026-27,ESP1,2026-09-13,barcelona,hamza abdelkarim,Hamza Abdelkarim,1708842,0
5868055,2026-27,ESP1,2026-09-12,osasuna,sergio herrera,Sergio Herrera,683762,1
5868055,2026-27,ESP1,2026-09-12,osasuna,inigo arguibide,Iñigo Arguibide,1614872,1
5868055,2026-27,ESP1,2026-09-12,osasuna,rockson yeboah,Rockson Yeboah,1603025,1
5868055,2026-27,ESP1,2026-09-12,osasuna,alejandro catena,Alejandro Catena,814663,1
5868055,2026-27,ESP1,2026-09-12,osasuna,diego rico,Diego Rico,488718,1
5868055,2026-27,ESP1,2026-09-12,osasuna,jon moncayola,Jon Moncayola,921825,1
5868055,2026-27,ESP1,2026-09-12,osasuna,iker munoz,Iker Muñoz,1323863,1
5868055,2026-27,ESP1,2026-09-12,osasuna,ruben garcia,Rubén Garcia,384413,1
5868055,2026-27,ESP1,2026-09-12,osasuna,raul garcia,Raúl García,1094778,1
5868055,2026-27,ESP1,2026-09-12,osasuna,enrique barja,Enrique Barja,574624,1
5868055,2026-27,ESP1,2026-09-12,osasuna,ante budimir,Ante Budimir,251269,1
5868055,2026-27,ESP1,2026-09-12,osasuna,abel bretones,Abel Bretones,1323398,0
5868055,2026-27,ESP1,2026-09-12,osasuna,asier osambela,Asier Osambela,1431121,0
5868055,2026-27,ESP1,2026-09-12,osasuna,jonathan dubasin,Jonathan Dubasin,1242139,0
5868055,2026-27,ESP1,2026-09-12,osasuna,raul moro,Raúl Moro,1169596,0
5868055,2026-27,ESP1,2026-09-12,osasuna,romain del castillo,Romain Del Castillo,696263,0
5868055,2026-27,ESP1,2026-09-12,osasuna,aitor fernandez,Aitor Fernández,213471,0
5868055,2026-27,ESP1,2026-09-12,osasuna,rafa fernandez,Rafa Fernández,1762938,0
5868055,2026-27,ESP1,2026-09-12,osasuna,flavien boyomo,Flavien Boyomo,1187734,0
5868055,2026-27,ESP1,2026-09-12,osasuna,unai santos,Unai Santos,1682298,0
5868055,2026-27,ESP1,2026-09-12,osasuna,lucas torro,Lucas Torró,303879,0
5868055,2026-27,ESP1,2026-09-12,osasuna,mauro echegoyen,Mauro Echegoyen,1699317,0
5868055,2026-27,ESP1,2026-09-12,osasuna,asier bonel,Asier Bonel,1752349,0
5868055,2026-27,ESP1,2026-09-12,espanyol,marko dmitrovic,Marko Dmitrović,280818,1
5868055,2026-27,ESP1,2026-09-12,espanyol,omar el hilali,Omar El Hilali,1208708,1
5868055,2026-27,ESP1,2026-09-12,espanyol,clemens riedel,Clemens Riedel,1279557,1
5868055,2026-27,ESP1,2026-09-12,espanyol,leandro cabrera,Leandro Cabrera,169586,1
5868055,2026-27,ESP1,2026-09-12,espanyol,roger hinojo,Roger Hinojo,1727689,1
5868055,2026-27,ESP1,2026-09-12,espanyol,edu exposito,Edu Expósito,837089,1
5868055,2026-27,ESP1,2026-09-12,espanyol,urko gonzalez,Urko González,1187767,1
5868055,2026-27,ESP1,2026-09-12,espanyol,marcos fernandez,Marcos Fernández,1407741,1
5868055,2026-27,ESP1,2026-09-12,espanyol,javi hernandez,Javi Hernández,1427828,1
5868055,2026-27,ESP1,2026-09-12,espanyol,tyrhys dolan,Tyrhys Dolan,1181101,1
5868055,2026-27,ESP1,2026-09-12,espanyol,roberto fernandez,Roberto Fernández,1252373,1
5868055,2026-27,ESP1,2026-09-12,espanyol,gabriel moscardo,Gabriel Moscardo,1503655,0
5868055,2026-27,ESP1,2026-09-12,espanyol,alex calatrava,Álex Calatrava,1300457,0
5868055,2026-27,ESP1,2026-09-12,espanyol,bryan zaragoza,Bryan Zaragoza,1202525,0
5868055,2026-27,ESP1,2026-09-12,espanyol,pere milla,Pere Milla,593129,0
5868055,2026-27,ESP1,2026-09-12,espanyol,vanja drkusic,Vanja Drkušić,955204,0
5868055,2026-27,ESP1,2026-09-12,espanyol,angel fortuno,Ángel Fortuno,1184772,0
5868055,2026-27,ESP1,2026-09-12,espanyol,jose angel,José Ángel,1687255,0
5868055,2026-27,ESP1,2026-09-12,espanyol,quilindschy hartman,Quilindschy Hartman,1393669,0
5868055,2026-27,ESP1,2026-09-12,espanyol,unai nunez,Unai Núñez,805352,0
5868055,2026-27,ESP1,2026-09-12,espanyol,jofre carreras,Jofre Carreras,1184777,0
5868055,2026-27,ESP1,2026-09-12,espanyol,pol lozano,Pol Lozano,750031,0
5868055,2026-27,ESP1,2026-09-12,espanyol,rafel bauza,Rafel Bauzà,1609364,0
5868056,2026-27,ESP1,2026-09-12,real racing,julen agirrezabala,Julen Agirrezabala,1280020,1
5868056,2026-27,ESP1,2026-09-12,real racing,alvaro mantilla,Álvaro Mantilla,1199649,1
5868056,2026-27,ESP1,2026-09-12,real racing,pablo ramon,Pablo Ramón,982734,1
5868056,2026-27,ESP1,2026-09-12,real racing,jeanuel belocian,Jeanuël Belocian,1329406,1
5868056,2026-27,ESP1,2026-09-12,real racing,jorge salinas,Jorge Salinas,1670161,1
5868056,2026-27,ESP1,2026-09-12,real racing,ivan martin,Iván Martin,967871,1
5868056,2026-27,ESP1,2026-09-12,real racing,matteo prati,Matteo Prati,1396089,1
5868056,2026-27,ESP1,2026-09-12,real racing,pablo garcia,Pablo García,1662379,1
5868056,2026-27,ESP1,2026-09-12,real racing,sergio canales,Sergio Canales,150649,1
5868056,2026-27,ESP1,2026-09-12,real racing,inigo vicente,Iñigo Vicente,889229,1
5868056,2026-27,ESP1,2026-09-12,real racing,yassir zabiri,Yassir Zabiri,1640985,1
5868056,2026-27,ESP1,2026-09-12,real racing,andre almeida,André Almeida,777028,0
5868056,2026-27,ESP1,2026-09-12,real racing,giorgi guliashvili,Giorgi Guliashvili,1065640,0
5868056,2026-27,ESP1,2026-09-12,real racing,iker luque,Iker Luque,1586390,0
5868056,2026-27,ESP1,2026-09-12,real racing,maguette gueye,Maguette Gueye,1363232,0
5868056,2026-27,ESP1,2026-09-12,real racing,asier villalibre,Asier Villalibre,670031,0
5868056,2026-27,ESP1,2026-09-12,real racing,pedro felipe,Pedro Felipe,1644302,0
5868056,2026-27,ESP1,2026-09-12,real racing,laro gomez,Laro Gómez,1810878,0
5868056,2026-27,ESP1,2026-09-12,real racing,facundo gonzalez,Facundo González,1212179,0
5868056,2026-27,ESP1,2026-09-12,real racing,manu,Manu,863169,0
5868056,2026-27,ESP1,2026-09-12,real racing,aaron martin,Aarón Martín,684981,0
5868056,2026-27,ESP1,2026-09-12,real racing,inigo sainz maza,Íñigo Sainz-Maza,1168852,0
5868056,2026-27,ESP1,2026-09-12,real racing,juan carlos arana,Juan Carlos Arana,1225417,0
5868056,2026-27,ESP1,2026-09-12,alaves,antonio sivera,Antonio Sivera,530468,1
5868056,2026-27,ESP1,2026-09-12,alaves,nahuel tenaglia,Nahuel Tenaglia,860314,1
5868056,2026-27,ESP1,2026-09-12,alaves,ville koski,Ville Koski,1056461,1
5868056,2026-27,ESP1,2026-09-12,alaves,jonny otto,Jonny Otto,360918,1
5868056,2026-27,ESP1,2026-09-12,alaves,angel perez,Ángel Pérez,1563022,1
5868056,2026-27,ESP1,2026-09-12,alaves,pablo ibanez,Pablo Ibánez,1238154,1
5868056,2026-27,ESP1,2026-09-12,alaves,antonio blanco,Antonio Blanco,845998,1
5868056,2026-27,ESP1,2026-09-12,alaves,denis suarez,Denis Suárez,282281,1
5868056,2026-27,ESP1,2026-09-12,alaves,abderrahman rebbach,Abderrahman Rebbach,1200941,1
5868056,2026-27,ESP1,2026-09-12,alaves,lucas boye,Lucas Boyé,561164,1
5868056,2026-27,ESP1,2026-09-12,alaves,mariano diaz,Mariano Díaz,518525,1
5868056,2026-27,ESP1,2026-09-12,alaves,carlos protesoni,Carlos Protesoni,799914,0
5868056,2026-27,ESP1,2026-09-12,alaves,nicolas valentini,Nicolás Valentini,1249665,0
5868056,2026-27,ESP1,2026-09-12,alaves,carles alena,Carles Aleñá,637756,0
5868056,2026-27,ESP1,2026-09-12,alaves,toni martinez,Toni Martínez,640123,0
5868056,2026-27,ESP1,2026-09-12,alaves,aitor manas,Aitor Mañas,1553663,0
5868056,2026-27,ESP1,2026-09-12,alaves,miguel rodriguez,Miguel Rodríguez,1184663,0
5868056,2026-27,ESP1,2026-09-12,alaves,adrian rodriguez,Adrián Rodriguez,1136937,0
5868056,2026-27,ESP1,2026-09-12,alaves,hugo novoa,Hugo Novoa,1175969,0
5868056,2026-27,ESP1,2026-09-12,alaves,xanet olaiz,Xanet Oláiz,1721181,0
5868056,2026-27,ESP1,2026-09-12,alaves,youssef enriquez,Youssef Enríquez,1403692,0
5868056,2026-27,ESP1,2026-09-12,alaves,ander guevara,Ander Guevara,873827,0
5868056,2026-27,ESP1,2026-09-12,alaves,selu diallo,Selu Diallo,1431307,0
5868057,2026-27,ESP1,2026-09-12,real madrid,thibaut courtois,Thibaut Courtois,170323,1
5868057,2026-27,ESP1,2026-09-12,real madrid,denzel dumfries,Denzel Dumfries,593118,1
5868057,2026-27,ESP1,2026-09-12,real madrid,ibrahima konate,Ibrahima Konaté,820140,1
5868057,2026-27,ESP1,2026-09-12,real madrid,antonio rudiger,Antonio Rüdiger,276738,1
5868057,2026-27,ESP1,2026-09-12,real madrid,alvaro carreras,Alvaro Carreras,1190025,1
5868057,2026-27,ESP1,2026-09-12,real madrid,federico valverde,Federico Valverde,743533,1
5868057,2026-27,ESP1,2026-09-12,real madrid,bernardo silva,Bernardo Silva,488139,1
5868057,2026-27,ESP1,2026-09-12,real madrid,yan diomande,Yan Diomande,1735453,1
5868057,2026-27,ESP1,2026-09-12,real madrid,jude bellingham,Jude Bellingham,1077894,1
5868057,2026-27,ESP1,2026-09-12,real madrid,vinicius junior,Vinícius Júnior,846033,1
5868057,2026-27,ESP1,2026-09-12,real madrid,kylian mbappe,Kylian Mbappé,701154,1
5868057,2026-27,ESP1,2026-09-12,real madrid,eduardo camavinga,Eduardo Camavinga,1015185,0
5868057,2026-27,ESP1,2026-09-12,real madrid,aurelien tchouameni,Aurélien Tchouaméni,914458,0
5868057,2026-27,ESP1,2026-09-12,real madrid,arda guler,Arda Güler,1253890,0
5868057,2026-27,ESP1,2026-09-12,real madrid,marc cucurella,Marc Cucurella,873289,0
5868057,2026-27,ESP1,2026-09-12,real madrid,andriy lunin,Andriy Lunin,800882,0
5868057,2026-27,ESP1,2026-09-12,real madrid,dean huijsen,Dean Huijsen,1367619,0
5868057,2026-27,ESP1,2026-09-12,real madrid,raul asencio,Raúl Asencio,1580528,0
5868057,2026-27,ESP1,2026-09-12,real madrid,trent alexander arnold,Trent Alexander-Arnold,760712,0
5868057,2026-27,ESP1,2026-09-12,real madrid,thiago pitarch,Thiago Pitarch,1796908,0
5868057,2026-27,ESP1,2026-09-12,real madrid,brahim diaz,Brahim Díaz,750027,0
5868057,2026-27,ESP1,2026-09-12,real madrid,carlos espi,Carlos Espí,1610744,0
5868057,2026-27,ESP1,2026-09-12,real madrid,endrick,Endrick,1406729,0
5868057,2026-27,ESP1,2026-09-12,rayo vallecano,emil audero,Emil Audero,602845,1
5868057,2026-27,ESP1,2026-09-12,rayo vallecano,andrei ratiu,Andrei Rațiu,970578,1
5868057,2026-27,ESP1,2026-09-12,rayo vallecano,florian lejeune,Florian Lejeune,184521,1
5868057,2026-27,ESP1,2026-09-12,rayo vallecano,pathe ciss,Pathé Ciss,872396,1
5868057,2026-27,ESP1,2026-09-12,rayo vallecano,adria pedrosa,Adrià Pedrosa,927646,1
5868057,2026-27,ESP1,2026-09-12,rayo vallecano,gnangoro bouare,Gnangoro Bouare,1889232,1
5868057,2026-27,ESP1,2026-09-12,rayo vallecano,unai lopez,Unai López,571615,1
5868057,2026-27,ESP1,2026-09-12,rayo vallecano,giorgi tsitaishvili,Giorgi Tsitaishvili,939061,1
5868057,2026-27,ESP1,2026-09-12,rayo vallecano,pedro diaz,Pedro Díaz,715069,1
5868057,2026-27,ESP1,2026-09-12,rayo vallecano,alvaro garcia,Álvaro Garcia,474658,1
5868057,2026-27,ESP1,2026-09-12,rayo vallecano,sergio camello,Sergio Camello,980422,1
5868057,2026-27,ESP1,2026-09-12,rayo vallecano,oscar valentin,Óscar Valentín,956622,0
5868057,2026-27,ESP1,2026-09-12,rayo vallecano,rayane belaid,Rayane Belaid,1553404,0
5868057,2026-27,ESP1,2026-09-12,rayo vallecano,mujaid sadick,Mujaid Sadick,939427,0
5868057,2026-27,ESP1,2026-09-12,rayo vallecano,alemao,Alemão,924300,0
5868057,2026-27,ESP1,2026-09-12,rayo vallecano,ivan balliu,Iván Balliu,264885,0
5868057,2026-27,ESP1,2026-09-12,rayo vallecano,adrian molina,Adrián Molina,1803292,0
5868057,2026-27,ESP1,2026-09-12,rayo vallecano,dani cardenas,Dani Cárdenas,1041445,0
5868057,2026-27,ESP1,2026-09-12,rayo vallecano,marash kumbulla,Marash Kumbulla,872362,0
5868057,2026-27,ESP1,2026-09-12,rayo vallecano,pelayo fernandez,Pelayo Fernández,1411818,0
5868057,2026-27,ESP1,2026-09-12,rayo vallecano,marco de las sias,Marco de Las Sías,1662963,0
5868057,2026-27,ESP1,2026-09-12,rayo vallecano,marco roman,Marco Roman,2130263,0
5868057,2026-27,ESP1,2026-09-12,rayo vallecano,samu becerra,Samu Becerra,1797872,0
5868058,2026-27,ESP1,2026-09-13,real sociedad,alex remiro,Alex Remiro,616539,1
5868058,2026-27,ESP1,2026-09-13,real sociedad,jon aramburu,Jon Aramburu,1249284,1
5868058,2026-27,ESP1,2026-09-13,real sociedad,luken beitia,Luken Beitia,1697334,1
5868058,2026-27,ESP1,2026-09-13,real sociedad,mamadou sarr,Mamadou Sarr,1426170,1
5868058,2026-27,ESP1,2026-09-13,real sociedad,sergio gomez,Sergio Gómez,844477,1
5868058,2026-27,ESP1,2026-09-13,real sociedad,yangel herrera,Yangel Herrera,730901,1
5868058,2026-27,ESP1,2026-09-13,real sociedad,carlos soler,Carlos Soler,708890,1
5868058,2026-27,ESP1,2026-09-13,real sociedad,ander barrenetxea,Ander Barrenetxea,1002618,1
5868058,2026-27,ESP1,2026-09-13,real sociedad,luka sucic,Luka Sučić,959597,1
5868058,2026-27,ESP1,2026-09-13,real sociedad,goncalo guedes,Gonçalo Guedes,536455,1
5868058,2026-27,ESP1,2026-09-13,real sociedad,mikel oyarzabal,Mikel Oyarzabal,678234,1
5868058,2026-27,ESP1,2026-09-13,real sociedad,job ochieng,Job Ochieng,1724551,0
5868058,2026-27,ESP1,2026-09-13,real sociedad,takefusa kubo,Takefusa Kubo,848289,0
5868058,2026-27,ESP1,2026-09-13,real sociedad,jon gorrotxategi,Jon Gorrotxategi,1323827,0
5868058,2026-27,ESP1,2026-09-13,real sociedad,orri oskarsson,Orri Óskarsson,1097229,0
5868058,2026-27,ESP1,2026-09-13,real sociedad,arsen zakharyan,Arsen Zakharyan,1175610,0
5868058,2026-27,ESP1,2026-09-13,real sociedad,unai marrero,Unai Marrero,1217043,0
5868058,2026-27,ESP1,2026-09-13,real sociedad,aihen munoz,Aihen Muñoz,999159,0
5868058,2026-27,ESP1,2026-09-13,real sociedad,hector fort,Héctor Fort,1490110,0
5868058,2026-27,ESP1,2026-09-13,real sociedad,jon pacheco,Jon Pacheco,1112072,0
5868058,2026-27,ESP1,2026-09-13,real sociedad,benat turrientes,Beñat Turrientes,1210647,0
5868058,2026-27,ESP1,2026-09-13,real sociedad,alex marchal,Álex Marchal,1721611,0
5868058,2026-27,ESP1,2026-09-13,real sociedad,gorka carrera,Gorka Carrera,1431291,0
5868058,2026-27,ESP1,2026-09-13,atletico madrid,jan oblak,Jan Oblak,177126,1
5868058,2026-27,ESP1,2026-09-13,atletico madrid,marc pubill,Marc Pubill,1323897,1
5868058,2026-27,ESP1,2026-09-13,atletico madrid,cristian romero,Cristian Romero,789066,1
5868058,2026-27,ESP1,2026-09-13,atletico madrid,david hancko,Dávid Hancko,727897,1
5868058,2026-27,ESP1,2026-09-13,atletico madrid,giuliano simeone,Giuliano Simeone,1226147,1
5868058,2026-27,ESP1,2026-09-13,atletico madrid,marcos llorente,Marcos Llorente,602563,1
5868058,2026-27,ESP1,2026-09-13,atletico madrid,morten hjulmand,Morten Hjulmand,950199,1
5868058,2026-27,ESP1,2026-09-13,atletico madrid,alejandro grimaldo,Alejandro Grimaldo,288406,1
5868058,2026-27,ESP1,2026-09-13,atletico madrid,kang in lee,Kang-In Lee,940976,1
5868058,2026-27,ESP1,2026-09-13,atletico madrid,alex baena,Álex Baena,942372,1
5868058,2026-27,ESP1,2026-09-13,atletico madrid,ademola lookman,Ademola Lookman,690516,1
5868058,2026-27,ESP1,2026-09-13,atletico madrid,johnny cardoso,Johnny Cardoso,1173678,0
5868058,2026-27,ESP1,2026-09-13,atletico madrid,koke,Koke,184533,0
5868058,2026-27,ESP1,2026-09-13,atletico madrid,jonathan david,Jonathan David,939569,0
5868058,2026-27,ESP1,2026-09-13,atletico madrid,arnau ortiz,Arnau Ortiz,1297989,0
5868058,2026-27,ESP1,2026-09-13,atletico madrid,juan musso,Juan Musso,389050,0
5868058,2026-27,ESP1,2026-09-13,atletico madrid,salvi esquivel,Salvi Esquivel,1553402,0
5868058,2026-27,ESP1,2026-09-13,atletico madrid,dani martinez,Dani Martínez,1531100,0
5868058,2026-27,ESP1,2026-09-13,atletico madrid,javier gil,Javier Gil,1691620,0
5868058,2026-27,ESP1,2026-09-13,atletico madrid,jorge dominguez,Jorge Domínguez,1842329,0
5868058,2026-27,ESP1,2026-09-13,atletico madrid,robin le normand,Robin Le Normand,609516,0
5868058,2026-27,ESP1,2026-09-13,atletico madrid,obed vargas,Obed Vargas,1254394,0
5868058,2026-27,ESP1,2026-09-13,atletico madrid,rodrigo mendoza,Rodrigo Mendoza,1419969,0
5868059,2026-27,ESP1,2026-09-11,sevilla,odysseas vlachodimos,Odysseas Vlachodimos,304355,1
5868059,2026-27,ESP1,2026-09-11,sevilla,juan iglesias,Juan Iglesias,1102289,1
5868059,2026-27,ESP1,2026-09-11,sevilla,andres lopez,Andrés Lopez,1334767,1
5868059,2026-27,ESP1,2026-09-11,sevilla,kike salas,Kike Salas,1327489,1
5868059,2026-27,ESP1,2026-09-11,sevilla,gabriel suazo,Gabriel Suazo,659490,1
5868059,2026-27,ESP1,2026-09-11,sevilla,miguel sierra,Miguel Sierra,1797904,1
5868059,2026-27,ESP1,2026-09-11,sevilla,lucien agoume,Lucien Agoumé,971790,1
5868059,2026-27,ESP1,2026-09-11,sevilla,youssouf fofana,Youssouf Fofana,954621,1
5868059,2026-27,ESP1,2026-09-11,sevilla,felix correia,Félix Correia,942358,1
5868059,2026-27,ESP1,2026-09-11,sevilla,lucas stassin,Lucas Stassin,1398377,1
5868059,2026-27,ESP1,2026-09-11,sevilla,isaac romero,Isaac Romero,1130991,1
5868059,2026-27,ESP1,2026-09-11,sevilla,chidera ejuke,Chidera Ejuke,837270,0
5868059,2026-27,ESP1,2026-09-11,sevilla,robbie ure,Robbie Ure,1399218,0
5868059,2026-27,ESP1,2026-09-11,sevilla,giorgi kochorashvili,Giorgi Kochorashvili,953958,0
5868059,2026-27,ESP1,2026-09-11,sevilla,jon guridi,Jon Guridi,678192,0
5868059,2026-27,ESP1,2026-09-11,sevilla,julio diaz,Julio Díaz,1447089,0
5868059,2026-27,ESP1,2026-09-11,sevilla,fran gonzalez,Fran González,1484851,0
5868059,2026-27,ESP1,2026-09-11,sevilla,iker munoz,Iker Muñoz,1413945,0
5868059,2026-27,ESP1,2026-09-11,sevilla,jose angel carmona,José Ángel Carmona,1281461,0
5868059,2026-27,ESP1,2026-09-11,sevilla,marcao,Marcão,753593,0
5868059,2026-27,ESP1,2026-09-11,sevilla,alfon gonzalez,Alfon González,926643,0
5868059,2026-27,ESP1,2026-09-11,sevilla,peque fernandez,Peque Fernández,1132607,0
5868059,2026-27,ESP1,2026-09-11,sevilla,manu bueno,Manu Bueno,1428849,0
5868059,2026-27,ESP1,2026-09-11,valencia,stole dimitrievski,Stole Dimitrievski,254241,1
5868059,2026-27,ESP1,2026-09-11,valencia,arnau martinez,Arnau Martínez,1194892,1
5868059,2026-27,ESP1,2026-09-11,valencia,cesar tarrega,César Tárrega,1311985,1
5868059,2026-27,ESP1,2026-09-11,valencia,pepelu,Pepelu,673689,1
5868059,2026-27,ESP1,2026-09-11,valencia,jose gaya,José Gayà,391058,1
5868059,2026-27,ESP1,2026-09-11,valencia,david otorbi,David Otorbi,1600732,1
5868059,2026-27,ESP1,2026-09-11,valencia,aliou dieng,Aliou Dieng,723148,1
5868059,2026-27,ESP1,2026-09-11,valencia,filip ugrinic,Filip Ugrinic,800615,1
5868059,2026-27,ESP1,2026-09-11,valencia,ryunosuke sato,Ryunosuke Sato,1611149,1
5868059,2026-27,ESP1,2026-09-11,valencia,javier guerra,Javier Guerra,1284429,1
5868059,2026-27,ESP1,2026-09-11,valencia,arnaut danjuma,Arnaut Danjuma,704151,1
5868059,2026-27,ESP1,2026-09-11,valencia,iker cordoba,Iker Córdoba,1637860,0
5868059,2026-27,ESP1,2026-09-11,valencia,pablo maffeo,Pablo Maffeo,673356,0
5868059,2026-27,ESP1,2026-09-11,valencia,harvey elliott,Harvey Elliott,963964,0
5868059,2026-27,ESP1,2026-09-11,valencia,jesus vazquez,Jesus Vázquez,1220187,0
5868059,2026-27,ESP1,2026-09-11,valencia,hugo duro,Hugo Duro,929838,0
5868059,2026-27,ESP1,2026-09-11,valencia,kayne van oevelen,Kayne van Oevelen,1348497,0
5868059,2026-27,ESP1,2026-09-11,valencia,aaron mayol,Aaron Mayol,1905203,0
5868059,2026-27,ESP1,2026-09-11,valencia,alejandro panach,Alejandro Panach,1793870,0
5868059,2026-27,ESP1,2026-09-11,valencia,justin de haas,Justin De Haas,969711,0
5868059,2026-27,ESP1,2026-09-11,valencia,jaume dura,Jaume Dura,1842857,0
5868059,2026-27,ESP1,2026-09-11,valencia,aimar,Aimar,1793871,0
5868059,2026-27,ESP1,2026-09-11,valencia,dani raba,Dani Raba,784246,0
5868060,2026-27,ESP1,2026-09-14,villarreal,peter gulacsi,Péter Gulácsi,151001,1
5868060,2026-27,ESP1,2026-09-14,villarreal,santiago mourino,Santiago Mouriño,1407468,1
5868060,2026-27,ESP1,2026-09-14,villarreal,pau navarro,Pau Navarro,1531887,1
5868060,2026-27,ESP1,2026-09-14,villarreal,renato veiga,Renato Veiga,1343750,1
5868060,2026-27,ESP1,2026-09-14,villarreal,carlos romero,Carlos Romero,1395964,1
5868060,2026-27,ESP1,2026-09-14,villarreal,nicolas pepe,Nicolas Pépé,575735,1
5868060,2026-27,ESP1,2026-09-14,villarreal,pape gueye,Pape Gueye,844544,1
5868060,2026-27,ESP1,2026-09-14,villarreal,santi comesana,Santi Comesaña,671865,1
5868060,2026-27,ESP1,2026-09-14,villarreal,tajon buchanan,Tajon Buchanan,1026135,1
5868060,2026-27,ESP1,2026-09-14,villarreal,gerard moreno,Gerard Moreno,246438,1
5868060,2026-27,ESP1,2026-09-14,villarreal,georges mikautadze,Georges Mikautadze,1117069,1
5868060,2026-27,ESP1,2026-09-14,villarreal,nathan saliba,Nathan Saliba,1216798,0
5868060,2026-27,ESP1,2026-09-14,villarreal,alberto moleiro,Alberto Moleiro,1184694,0
5868060,2026-27,ESP1,2026-09-14,villarreal,tani oluwaseyi,Tani Oluwaseyi,1338740,0
5868060,2026-27,ESP1,2026-09-14,villarreal,alex freeman,Alex Freeman,1338696,0
5868060,2026-27,ESP1,2026-09-14,villarreal,ayoze perez,Ayoze Pérez,479020,0
5868060,2026-27,ESP1,2026-09-14,villarreal,luiz junior,Luíz Júnior,1187044,0
5868060,2026-27,ESP1,2026-09-14,villarreal,ruben gomez,Rubén Gómez,1408547,0
5868060,2026-27,ESP1,2026-09-14,villarreal,logan costa,Logan Costa,922877,0
5868060,2026-27,ESP1,2026-09-14,villarreal,sergi cardona,Sergi Cardona,1059657,0
5868060,2026-27,ESP1,2026-09-14,villarreal,alassane diatta,Alassane Diatta,1695966,0
5868060,2026-27,ESP1,2026-09-14,villarreal,carlos macia,Carlos Maciá,1841906,0
5868060,2026-27,ESP1,2026-09-14,villarreal,ilias akhomach,Ilias Akhomach,1311915,0
5868060,2026-27,ESP1,2026-09-14,real betis,alvaro valles,Álvaro Vallés,999171,1
5868060,2026-27,ESP1,2026-09-14,real betis,hector bellerin,Héctor Bellerín,427438,1
5868060,2026-27,ESP1,2026-09-14,real betis,marc bartra,Marc Bartra,195305,1
5868060,2026-27,ESP1,2026-09-14,real betis,natan,Natan,1188375,1
5868060,2026-27,ESP1,2026-09-14,real betis,fran garcia,Fran García,750028,1
5868060,2026-27,ESP1,2026-09-14,real betis,pablo fornals,Pablo Fornals,683450,1
5868060,2026-27,ESP1,2026-09-14,real betis,marc roca,Marc Roca,640220,1
5868060,2026-27,ESP1,2026-09-14,real betis,rodrigo riquelme,Rodrigo Riquelme,1072200,1
5868060,2026-27,ESP1,2026-09-14,real betis,isco,Isco,191315,1
5868060,2026-27,ESP1,2026-09-14,real betis,abdessamad ezzalzouli,Abdessamad Ezzalzouli,1209399,1
5868060,2026-27,ESP1,2026-09-14,real betis,juan hernandez,Juan Hernández,852071,1
5868060,2026-27,ESP1,2026-09-14,real betis,dani ceballos,Dani Ceballos,531629,0
5868060,2026-27,ESP1,2026-09-14,real betis,nelson deossa,Nelson Deossa,1315711,0
5868060,2026-27,ESP1,2026-09-14,real betis,antony,Antony,967622,0
5868060,2026-27,ESP1,2026-09-14,real betis,facundo bernal,Facundo Bernal,1436133,0
5868060,2026-27,ESP1,2026-09-14,real betis,giovani lo celso,Giovani Lo Celso,604126,0
5868060,2026-27,ESP1,2026-09-14,real betis,manu gonzalez,Manu González,1674892,0
5868060,2026-27,ESP1,2026-09-14,real betis,angel ortiz,Ángel Ortiz,1580522,0
5868060,2026-27,ESP1,2026-09-14,real betis,junior firpo,Júnior Firpo,743192,0
5868060,2026-27,ESP1,2026-09-14,real betis,valentin gomez,Valentín Gómez,1338016,0
5868060,2026-27,ESP1,2026-09-14,real betis,alvaro fidalgo,Álvaro Fidalgo,895954,0
5868060,2026-27,ESP1,2026-09-14,real betis,iker losada,Iker Losada,1082930,0
5868060,2026-27,ESP1,2026-09-14,real betis,troy parrott,Troy Parrott,942365,0
5868061,2026-27,ESP1,2026-09-15,alaves,antonio sivera,Antonio Sivera,530468,1
5868061,2026-27,ESP1,2026-09-15,alaves,nahuel tenaglia,Nahuel Tenaglia,860314,1
5868061,2026-27,ESP1,2026-09-15,alaves,ville koski,Ville Koski,1056461,1
5868061,2026-27,ESP1,2026-09-15,alaves,nicolas valentini,Nicolás Valentini,1249665,1
5868061,2026-27,ESP1,2026-09-15,alaves,angel perez,Ángel Pérez,1563022,1
5868061,2026-27,ESP1,2026-09-15,alaves,pablo ibanez,Pablo Ibánez,1238154,1
5868061,2026-27,ESP1,2026-09-15,alaves,antonio blanco,Antonio Blanco,845998,1
5868061,2026-27,ESP1,2026-09-15,alaves,denis suarez,Denis Suárez,282281,1
5868061,2026-27,ESP1,2026-09-15,alaves,abderrahman rebbach,Abderrahman Rebbach,1200941,1
5868061,2026-27,ESP1,2026-09-15,alaves,toni martinez,Toni Martínez,640123,1
5868061,2026-27,ESP1,2026-09-15,alaves,lucas boye,Lucas Boyé,561164,1
5868061,2026-27,ESP1,2026-09-15,alaves,youssef enriquez,Youssef Enríquez,1403692,0
5868061,2026-27,ESP1,2026-09-15,alaves,mariano diaz,Mariano Díaz,518525,0
5868061,2026-27,ESP1,2026-09-15,alaves,ander guevara,Ander Guevara,873827,0
5868061,2026-27,ESP1,2026-09-15,alaves,carles alena,Carles Aleñá,637756,0
5868061,2026-27,ESP1,2026-09-15,alaves,miguel rodriguez,Miguel Rodríguez,1184663,0
5868061,2026-27,ESP1,2026-09-15,alaves,adrian rodriguez,Adrián Rodriguez,1136937,0
5868061,2026-27,ESP1,2026-09-15,alaves,carlos protesoni,Carlos Protesoni,799914,0
5868061,2026-27,ESP1,2026-09-15,alaves,hugo novoa,Hugo Novoa,1175969,0
5868061,2026-27,ESP1,2026-09-15,alaves,jonny otto,Jonny Otto,360918,0
5868061,2026-27,ESP1,2026-09-15,alaves,xanet olaiz,Xanet Oláiz,1721181,0
5868061,2026-27,ESP1,2026-09-15,alaves,selu diallo,Selu Diallo,1431307,0
5868061,2026-27,ESP1,2026-09-15,alaves,izei hernandez,Izei Hernández,1859185,0
5868061,2026-27,ESP1,2026-09-15,valencia,stole dimitrievski,Stole Dimitrievski,254241,1
5868061,2026-27,ESP1,2026-09-15,valencia,pablo maffeo,Pablo Maffeo,673356,1
5868061,2026-27,ESP1,2026-09-15,valencia,pepelu,Pepelu,673689,1
5868061,2026-27,ESP1,2026-09-15,valencia,justin de haas,Justin De Haas,969711,1
5868061,2026-27,ESP1,2026-09-15,valencia,jose gaya,José Gayà,391058,1
5868061,2026-27,ESP1,2026-09-15,valencia,aaron mayol,Aaron Mayol,1905203,1
5868061,2026-27,ESP1,2026-09-15,valencia,guido rodriguez,Guido Rodríguez,586768,1
5868061,2026-27,ESP1,2026-09-15,valencia,filip ugrinic,Filip Ugrinic,800615,1
5868061,2026-27,ESP1,2026-09-15,valencia,javier guerra,Javier Guerra,1284429,1
5868061,2026-27,ESP1,2026-09-15,valencia,arnaut danjuma,Arnaut Danjuma,704151,1
5868061,2026-27,ESP1,2026-09-15,valencia,hugo duro,Hugo Duro,929838,1
5868061,2026-27,ESP1,2026-09-15,valencia,luis rioja,Luis Rioja,638070,0
5868061,2026-27,ESP1,2026-09-15,valencia,david otorbi,David Otorbi,1600732,0
5868061,2026-27,ESP1,2026-09-15,valencia,arnau martinez,Arnau Martínez,1194892,0
5868061,2026-27,ESP1,2026-09-15,valencia,iker cordoba,Iker Córdoba,1637860,0
5868061,2026-27,ESP1,2026-09-15,valencia,jesus vazquez,Jesus Vázquez,1220187,0
5868061,2026-27,ESP1,2026-09-15,valencia,kayne van oevelen,Kayne van Oevelen,1348497,0
5868061,2026-27,ESP1,2026-09-15,valencia,alejandro panach,Alejandro Panach,1793870,0
5868061,2026-27,ESP1,2026-09-15,valencia,aliou dieng,Aliou Dieng,723148,0
5868061,2026-27,ESP1,2026-09-15,valencia,harvey elliott,Harvey Elliott,963964,0
5868061,2026-27,ESP1,2026-09-15,valencia,ryunosuke sato,Ryunosuke Sato,1611149,0
5868061,2026-27,ESP1,2026-09-15,valencia,aimar,Aimar,1793871,0
5868061,2026-27,ESP1,2026-09-15,valencia,dani raba,Dani Raba,784246,0
5868062,2026-27,ESP1,2026-09-16,atletico madrid,jan oblak,Jan Oblak,177126,1
5868062,2026-27,ESP1,2026-09-16,atletico madrid,marcos llorente,Marcos Llorente,602563,1
5868062,2026-27,ESP1,2026-09-16,atletico madrid,cristian romero,Cristian Romero,789066,1
5868062,2026-27,ESP1,2026-09-16,atletico madrid,robin le normand,Robin Le Normand,609516,1
5868062,2026-27,ESP1,2026-09-16,atletico madrid,alejandro grimaldo,Alejandro Grimaldo,288406,1
5868062,2026-27,ESP1,2026-09-16,atletico madrid,kang in lee,Kang-In Lee,940976,1
5868062,2026-27,ESP1,2026-09-16,atletico madrid,koke,Koke,184533,1
5868062,2026-27,ESP1,2026-09-16,atletico madrid,johnny cardoso,Johnny Cardoso,1173678,1
5868062,2026-27,ESP1,2026-09-16,atletico madrid,alex baena,Álex Baena,942372,1
5868062,2026-27,ESP1,2026-09-16,atletico madrid,jonathan david,Jonathan David,939569,1
5868062,2026-27,ESP1,2026-09-16,atletico madrid,ademola lookman,Ademola Lookman,690516,1
5868062,2026-27,ESP1,2026-09-16,atletico madrid,marc pubill,Marc Pubill,1323897,0
5868062,2026-27,ESP1,2026-09-16,atletico madrid,giuliano simeone,Giuliano Simeone,1226147,0
5868062,2026-27,ESP1,2026-09-16,atletico madrid,arnau ortiz,Arnau Ortiz,1297989,0
5868062,2026-27,ESP1,2026-09-16,atletico madrid,david hancko,Dávid Hancko,727897,0
5868062,2026-27,ESP1,2026-09-16,atletico madrid,morten hjulmand,Morten Hjulmand,950199,0
5868062,2026-27,ESP1,2026-09-16,atletico madrid,juan musso,Juan Musso,389050,0
5868062,2026-27,ESP1,2026-09-16,atletico madrid,salvi esquivel,Salvi Esquivel,1553402,0
5868062,2026-27,ESP1,2026-09-16,atletico madrid,dani martinez,Dani Martínez,1531100,0
5868062,2026-27,ESP1,2026-09-16,atletico madrid,jorge dominguez,Jorge Domínguez,1842329,0
5868062,2026-27,ESP1,2026-09-16,atletico madrid,jorge castillo,Jorge Castillo,1692877,0
5868062,2026-27,ESP1,2026-09-16,atletico madrid,obed vargas,Obed Vargas,1254394,0
5868062,2026-27,ESP1,2026-09-16,atletico madrid,rodrigo mendoza,Rodrigo Mendoza,1419969,0
5868062,2026-27,ESP1,2026-09-16,osasuna,aitor fernandez,Aitor Fernández,213471,1
5868062,2026-27,ESP1,2026-09-16,osasuna,rockson yeboah,Rockson Yeboah,1603025,1
5868062,2026-27,ESP1,2026-09-16,osasuna,flavien boyomo,Flavien Boyomo,1187734,1
5868062,2026-27,ESP1,2026-09-16,osasuna,unai santos,Unai Santos,1682298,1
5868062,2026-27,ESP1,2026-09-16,osasuna,inigo arguibide,Iñigo Arguibide,1614872,1
5868062,2026-27,ESP1,2026-09-16,osasuna,abel bretones,Abel Bretones,1323398,1
5868062,2026-27,ESP1,2026-09-16,osasuna,jonathan dubasin,Jonathan Dubasin,1242139,1
5868062,2026-27,ESP1,2026-09-16,osasuna,asier osambela,Asier Osambela,1431121,1
5868062,2026-27,ESP1,2026-09-16,osasuna,lucas torro,Lucas Torró,303879,1
5868062,2026-27,ESP1,2026-09-16,osasuna,raul moro,Raúl Moro,1169596,1
5868062,2026-27,ESP1,2026-09-16,osasuna,raul garcia,Raúl García,1094778,1
5868062,2026-27,ESP1,2026-09-16,osasuna,enrique barja,Enrique Barja,574624,0
5868062,2026-27,ESP1,2026-09-16,osasuna,ruben garcia,Rubén Garcia,384413,0
5868062,2026-27,ESP1,2026-09-16,osasuna,ante budimir,Ante Budimir,251269,0
5868062,2026-27,ESP1,2026-09-16,osasuna,jon moncayola,Jon Moncayola,921825,0
5868062,2026-27,ESP1,2026-09-16,osasuna,romain del castillo,Romain Del Castillo,696263,0
5868062,2026-27,ESP1,2026-09-16,osasuna,rafa fernandez,Rafa Fernández,1762938,0
5868062,2026-27,ESP1,2026-09-16,osasuna,sergio herrera,Sergio Herrera,683762,0
5868062,2026-27,ESP1,2026-09-16,osasuna,alejandro catena,Alejandro Catena,814663,0
5868062,2026-27,ESP1,2026-09-16,osasuna,diego rico,Diego Rico,488718,0
5868062,2026-27,ESP1,2026-09-16,osasuna,iker munoz,Iker Muñoz,1323863,0
5868062,2026-27,ESP1,2026-09-16,osasuna,mauro echegoyen,Mauro Echegoyen,1699317,0
5868062,2026-27,ESP1,2026-09-16,osasuna,asier bonel,Asier Bonel,1752349,0
5868064,2026-27,ESP1,2026-09-16,deportivo a coruna,leo roman,Leo Román,1187702,1
5868064,2026-27,ESP1,2026-09-16,deportivo a coruna,adria altimira,Adrià Altimira,1256478,1
5868064,2026-27,ESP1,2026-09-16,deportivo a coruna,jose gimenez,José Giménez,474589,1
5868064,2026-27,ESP1,2026-09-16,deportivo a coruna,miguel loureiro,Miguel Loureiro,800891,1
5868064,2026-27,ESP1,2026-09-16,deportivo a coruna,angelino,Angeliño,603537,1
5868064,2026-27,ESP1,2026-09-16,deportivo a coruna,luismi cruz,Luismi Cruz,1204447,1
5868064,2026-27,ESP1,2026-09-16,deportivo a coruna,lorenzo amatucci,Lorenzo Amatucci,1425989,1
5868064,2026-27,ESP1,2026-09-16,deportivo a coruna,riki rodriguez,Riki Rodríguez,970566,1
5868064,2026-27,ESP1,2026-09-16,deportivo a coruna,yeremay hernandez,Yeremay Hernández,1319204,1
5868064,2026-27,ESP1,2026-09-16,deportivo a coruna,bil nsongo,Bil Nsongo,1690831,1
5868064,2026-27,ESP1,2026-09-16,deportivo a coruna,pierre emerick aubameyang,Pierre-Emerick Aubameyang,150565,1
5868064,2026-27,ESP1,2026-09-16,deportivo a coruna,adama traore,Adama Traoré,493647,0
5868064,2026-27,ESP1,2026-09-16,deportivo a coruna,mario soriano,Mario Soriano,1050828,0
5868064,2026-27,ESP1,2026-09-16,deportivo a coruna,jonathan asp,Jonathan Asp,1621150,0
5868064,2026-27,ESP1,2026-09-16,deportivo a coruna,giacomo quagliata,Giacomo Quagliata,1077977,0
5868064,2026-27,ESP1,2026-09-16,deportivo a coruna,zakaria eddahchouri,Zakaria Eddahchouri,1029029,0
5868064,2026-27,ESP1,2026-09-16,deportivo a coruna,alvaro fernandez,Álvaro Fernández,796781,0
5868064,2026-27,ESP1,2026-09-16,deportivo a coruna,bright ede,Bright Ede,1711969,0
5868064,2026-27,ESP1,2026-09-16,deportivo a coruna,lucas noubi,Lucas Noubi,1332025,0
5868064,2026-27,ESP1,2026-09-16,deportivo a coruna,ximo navarro,Ximo Navarro,260659,0
5868064,2026-27,ESP1,2026-09-16,deportivo a coruna,diego villares,Diego Villares,988178,0
5868064,2026-27,ESP1,2026-09-16,deportivo a coruna,marc casado,Marc Casadó,1384883,0
5868064,2026-27,ESP1,2026-09-16,deportivo a coruna,david mella,David Mella,1368655,0
5868064,2026-27,ESP1,2026-09-16,sevilla,odysseas vlachodimos,Odysseas Vlachodimos,304355,1
5868064,2026-27,ESP1,2026-09-16,sevilla,juan iglesias,Juan Iglesias,1102289,1
5868064,2026-27,ESP1,2026-09-16,sevilla,andres lopez,Andrés Lopez,1334767,1
5868064,2026-27,ESP1,2026-09-16,sevilla,kike salas,Kike Salas,1327489,1
5868064,2026-27,ESP1,2026-09-16,sevilla,gabriel suazo,Gabriel Suazo,659490,1
5868064,2026-27,ESP1,2026-09-16,sevilla,lucien agoume,Lucien Agoumé,971790,1
5868064,2026-27,ESP1,2026-09-16,sevilla,youssouf fofana,Youssouf Fofana,954621,1
5868064,2026-27,ESP1,2026-09-16,sevilla,miguel sierra,Miguel Sierra,1797904,1
5868064,2026-27,ESP1,2026-09-16,sevilla,jon guridi,Jon Guridi,678192,1
5868064,2026-27,ESP1,2026-09-16,sevilla,felix correia,Félix Correia,942358,1
5868064,2026-27,ESP1,2026-09-16,sevilla,lucas stassin,Lucas Stassin,1398377,1
5868064,2026-27,ESP1,2026-09-16,sevilla,isaac romero,Isaac Romero,1130991,0
5868064,2026-27,ESP1,2026-09-16,sevilla,julio diaz,Julio Díaz,1447089,0
5868064,2026-27,ESP1,2026-09-16,sevilla,giorgi kochorashvili,Giorgi Kochorashvili,953958,0
5868064,2026-27,ESP1,2026-09-16,sevilla,robbie ure,Robbie Ure,1399218,0
5868064,2026-27,ESP1,2026-09-16,sevilla,fran gonzalez,Fran González,1484851,0
5868064,2026-27,ESP1,2026-09-16,sevilla,iker munoz,Iker Muñoz,1413945,0
5868064,2026-27,ESP1,2026-09-16,sevilla,jose angel carmona,José Ángel Carmona,1281461,0
5868064,2026-27,ESP1,2026-09-16,sevilla,marcao,Marcão,753593,0
5868064,2026-27,ESP1,2026-09-16,sevilla,alfon gonzalez,Alfon González,926643,0
5868064,2026-27,ESP1,2026-09-16,sevilla,peque fernandez,Peque Fernández,1132607,0
5868064,2026-27,ESP1,2026-09-16,sevilla,manu bueno,Manu Bueno,1428849,0
5868064,2026-27,ESP1,2026-09-16,sevilla,chidera ejuke,Chidera Ejuke,837270,0
5868065,2026-27,ESP1,2026-09-15,elche,matias dituro,Matías Dituro,592412,1
5868065,2026-27,ESP1,2026-09-15,elche,buba sangare,Buba Sangaré,1583872,1
5868065,2026-27,ESP1,2026-09-15,elche,federico redondo,Federico Redondo,1277343,1
5868065,2026-27,ESP1,2026-09-15,elche,victor chust,Víctor Chust,1192393,1
5868065,2026-27,ESP1,2026-09-15,elche,roy revivo,Roy Revivo,1337914,1
5868065,2026-27,ESP1,2026-09-15,elche,marc aguado,Marc Aguado,1392232,1
5868065,2026-27,ESP1,2026-09-15,elche,german valera,Germán Valera,1102708,1
5868065,2026-27,ESP1,2026-09-15,elche,martim neto,Martim Neto,1226189,1
5868065,2026-27,ESP1,2026-09-15,elche,gonzalo villar,Gonzalo Villar,881773,1
5868065,2026-27,ESP1,2026-09-15,elche,tete morente,Tete Morente,801213,1
5868065,2026-27,ESP1,2026-09-15,elche,abiel osorio,Abiel Osorio,1343195,1
5868065,2026-27,ESP1,2026-09-15,elche,thomas lemar,Thomas Lemar,468931,0
5868065,2026-27,ESP1,2026-09-15,elche,lucas cepeda,Lucas Cepeda,1280756,0
5868065,2026-27,ESP1,2026-09-15,elche,ruben sanchez,Rubén Sánchez,1330035,0
5868065,2026-27,ESP1,2026-09-15,elche,fer nino,Fer Niño,1127224,0
5868065,2026-27,ESP1,2026-09-15,elche,josan,Josan,623982,0
5868065,2026-27,ESP1,2026-09-15,elche,alejandro iturbe,Alejandro Iturbe,1311126,0
5868065,2026-27,ESP1,2026-09-15,elche,matia barzic,Matia Barzić,1670276,0
5868065,2026-27,ESP1,2026-09-15,elche,pedro bigas,Pedro Bigas,291635,0
5868065,2026-27,ESP1,2026-09-15,elche,facundo buonanotte,Facundo Buonanotte,1336566,0
5868065,2026-27,ESP1,2026-09-15,elche,grady diangana,Grady Diangana,654091,0
5868065,2026-27,ESP1,2026-09-15,elche,javi morcillo,Javi Morcillo,1732412,0
5868065,2026-27,ESP1,2026-09-15,elche,ezequiel ponce,Ezequiel Ponce,493216,0
5868065,2026-27,ESP1,2026-09-15,real madrid,thibaut courtois,Thibaut Courtois,170323,1
5868065,2026-27,ESP1,2026-09-15,real madrid,trent alexander arnold,Trent Alexander-Arnold,760712,1
5868065,2026-27,ESP1,2026-09-15,real madrid,ibrahima konate,Ibrahima Konaté,820140,1
5868065,2026-27,ESP1,2026-09-15,real madrid,dean huijsen,Dean Huijsen,1367619,1
5868065,2026-27,ESP1,2026-09-15,real madrid,marc cucurella,Marc Cucurella,873289,1
5868065,2026-27,ESP1,2026-09-15,real madrid,federico valverde,Federico Valverde,743533,1
5868065,2026-27,ESP1,2026-09-15,real madrid,aurelien tchouameni,Aurélien Tchouaméni,914458,1
5868065,2026-27,ESP1,2026-09-15,real madrid,yan diomande,Yan Diomande,1735453,1
5868065,2026-27,ESP1,2026-09-15,real madrid,arda guler,Arda Güler,1253890,1
5868065,2026-27,ESP1,2026-09-15,real madrid,vinicius junior,Vinícius Júnior,846033,1
5868065,2026-27,ESP1,2026-09-15,real madrid,kylian mbappe,Kylian Mbappé,701154,1
5868065,2026-27,ESP1,2026-09-15,real madrid,jude bellingham,Jude Bellingham,1077894,0
5868065,2026-27,ESP1,2026-09-15,real madrid,brahim diaz,Brahim Díaz,750027,0
5868065,2026-27,ESP1,2026-09-15,real madrid,endrick,Endrick,1406729,0
5868065,2026-27,ESP1,2026-09-15,real madrid,carlos espi,Carlos Espí,1610744,0
5868065,2026-27,ESP1,2026-09-15,real madrid,denzel dumfries,Denzel Dumfries,593118,0
5868065,2026-27,ESP1,2026-09-15,real madrid,andriy lunin,Andriy Lunin,800882,0
5868065,2026-27,ESP1,2026-09-15,real madrid,alvaro carreras,Alvaro Carreras,1190025,0
5868065,2026-27,ESP1,2026-09-15,real madrid,antonio rudiger,Antonio Rüdiger,276738,0
5868065,2026-27,ESP1,2026-09-15,real madrid,raul asencio,Raúl Asencio,1580528,0
5868065,2026-27,ESP1,2026-09-15,real madrid,bernardo silva,Bernardo Silva,488139,0
5868065,2026-27,ESP1,2026-09-15,real madrid,eduardo camavinga,Eduardo Camavinga,1015185,0
5868065,2026-27,ESP1,2026-09-15,real madrid,thiago pitarch,Thiago Pitarch,1796908,0
5868066,2026-27,ESP1,2026-09-16,barcelona,joan garcia,Joan García,1167220,1
5868066,2026-27,ESP1,2026-09-16,barcelona,eric garcia,Eric García,940573,1
5868066,2026-27,ESP1,2026-09-16,barcelona,andreas christensen,Andreas Christensen,449232,1
5868066,2026-27,ESP1,2026-09-16,barcelona,gerard martin,Gerard Martín,1598982,1
5868066,2026-27,ESP1,2026-09-16,barcelona,joao cancelo,João Cancelo,361757,1
5868066,2026-27,ESP1,2026-09-16,barcelona,dani olmo,Dani Olmo,614834,1
5868066,2026-27,ESP1,2026-09-16,barcelona,rodri,Rodri,675088,1
5868066,2026-27,ESP1,2026-09-16,barcelona,pedri,Pedri,1083323,1
5868066,2026-27,ESP1,2026-09-16,barcelona,lamine yamal,Lamine Yamal,1467236,1
5868066,2026-27,ESP1,2026-09-16,barcelona,raphinha,Raphinha,696679,1
5868066,2026-27,ESP1,2026-09-16,barcelona,karim adeyemi,Karim Adeyemi,959594,1
5868066,2026-27,ESP1,2026-09-16,barcelona,wojciech szczesny,Wojciech Szczęsny,169718,0
5868066,2026-27,ESP1,2026-09-16,barcelona,gavi,Gavi,1279040,0
5868066,2026-27,ESP1,2026-09-16,barcelona,marc bernal,Marc Bernal,1573126,0
5868066,2026-27,ESP1,2026-09-16,barcelona,gabriel jesus,Gabriel Jesus,576165,0
5868066,2026-27,ESP1,2026-09-16,barcelona,alejandro balde,Alejandro Balde,1254166,0
5868066,2026-27,ESP1,2026-09-16,barcelona,dominik livakovic,Dominik Livaković,383971,0
5868066,2026-27,ESP1,2026-09-16,barcelona,jules kounde,Jules Koundé,705450,0
5868066,2026-27,ESP1,2026-09-16,barcelona,pau cubarsi,Pau Cubarsí,1532137,0
5868066,2026-27,ESP1,2026-09-16,barcelona,xavi espart,Xavi Espart,1815149,0
5868066,2026-27,ESP1,2026-09-16,barcelona,fermin lopez,Fermín López,1404415,0
5868066,2026-27,ESP1,2026-09-16,barcelona,anthony gordon,Anthony Gordon,906937,0
5868066,2026-27,ESP1,2026-09-16,barcelona,hamza abdelkarim,Hamza Abdelkarim,1708842,0
5868066,2026-27,ESP1,2026-09-16,real racing,julen agirrezabala,Julen Agirrezabala,1280020,1
5868066,2026-27,ESP1,2026-09-16,real racing,manu,Manu,863169,1
5868066,2026-27,ESP1,2026-09-16,real racing,pedro felipe,Pedro Felipe,1644302,1
5868066,2026-27,ESP1,2026-09-16,real racing,facundo gonzalez,Facundo González,1212179,1
5868066,2026-27,ESP1,2026-09-16,real racing,aaron martin,Aarón Martín,684981,1
5868066,2026-27,ESP1,2026-09-16,real racing,matteo prati,Matteo Prati,1396089,1
5868066,2026-27,ESP1,2026-09-16,real racing,sergio canales,Sergio Canales,150649,1
5868066,2026-27,ESP1,2026-09-16,real racing,maguette gueye,Maguette Gueye,1363232,1
5868066,2026-27,ESP1,2026-09-16,real racing,inigo sainz maza,Íñigo Sainz-Maza,1168852,1
5868066,2026-27,ESP1,2026-09-16,real racing,asier villalibre,Asier Villalibre,670031,1
5868066,2026-27,ESP1,2026-09-16,real racing,juan carlos arana,Juan Carlos Arana,1225417,1
5868066,2026-27,ESP1,2026-09-16,real racing,iker luque,Iker Luque,1586390,0
5868066,2026-27,ESP1,2026-09-16,real racing,inigo vicente,Iñigo Vicente,889229,0
5868066,2026-27,ESP1,2026-09-16,real racing,yassir zabiri,Yassir Zabiri,1640985,0
5868066,2026-27,ESP1,2026-09-16,real racing,giorgi guliashvili,Giorgi Guliashvili,1065640,0
5868066,2026-27,ESP1,2026-09-16,real racing,jorge salinas,Jorge Salinas,1670161,0
5868066,2026-27,ESP1,2026-09-16,real racing,laro gomez,Laro Gómez,1810878,0
5868066,2026-27,ESP1,2026-09-16,real racing,alvaro mantilla,Álvaro Mantilla,1199649,0
5868066,2026-27,ESP1,2026-09-16,real racing,jeanuel belocian,Jeanuël Belocian,1329406,0
5868066,2026-27,ESP1,2026-09-16,real racing,pablo ramon,Pablo Ramón,982734,0
5868066,2026-27,ESP1,2026-09-16,real racing,ivan martin,Iván Martin,967871,0
5868066,2026-27,ESP1,2026-09-16,real racing,pablo garcia,Pablo García,1662379,0
5868069,2026-27,ESP1,2026-09-15,rayo vallecano,emil audero,Emil Audero,602845,1
5868069,2026-27,ESP1,2026-09-15,rayo vallecano,andrei ratiu,Andrei Rațiu,970578,1
5868069,2026-27,ESP1,2026-09-15,rayo vallecano,florian lejeune,Florian Lejeune,184521,1
5868069,2026-27,ESP1,2026-09-15,rayo vallecano,mujaid sadick,Mujaid Sadick,939427,1
5868069,2026-27,ESP1,2026-09-15,rayo vallecano,adria pedrosa,Adrià Pedrosa,927646,1
5868069,2026-27,ESP1,2026-09-15,rayo vallecano,unai lopez,Unai López,571615,1
5868069,2026-27,ESP1,2026-09-15,rayo vallecano,pathe ciss,Pathé Ciss,872396,1
5868069,2026-27,ESP1,2026-09-15,rayo vallecano,pedro diaz,Pedro Díaz,715069,1
5868069,2026-27,ESP1,2026-09-15,rayo vallecano,giorgi tsitaishvili,Giorgi Tsitaishvili,939061,1
5868069,2026-27,ESP1,2026-09-15,rayo vallecano,sergio camello,Sergio Camello,980422,1
5868069,2026-27,ESP1,2026-09-15,rayo vallecano,alvaro garcia,Álvaro Garcia,474658,1
5868069,2026-27,ESP1,2026-09-15,rayo vallecano,gnangoro bouare,Gnangoro Bouare,1889232,0
5868069,2026-27,ESP1,2026-09-15,rayo vallecano,oscar valentin,Óscar Valentín,956622,0
5868069,2026-27,ESP1,2026-09-15,rayo vallecano,alemao,Alemão,924300,0
5868069,2026-27,ESP1,2026-09-15,rayo vallecano,fran perez,Fran Pérez,1284430,0
5868069,2026-27,ESP1,2026-09-15,rayo vallecano,ivan balliu,Iván Balliu,264885,0
5868069,2026-27,ESP1,2026-09-15,rayo vallecano,adrian molina,Adrián Molina,1803292,0
5868069,2026-27,ESP1,2026-09-15,rayo vallecano,dani cardenas,Dani Cárdenas,1041445,0
5868069,2026-27,ESP1,2026-09-15,rayo vallecano,marash kumbulla,Marash Kumbulla,872362,0
5868069,2026-27,ESP1,2026-09-15,rayo vallecano,pelayo fernandez,Pelayo Fernández,1411818,0
5868069,2026-27,ESP1,2026-09-15,rayo vallecano,marco de las sias,Marco de Las Sías,1662963,0
5868069,2026-27,ESP1,2026-09-15,rayo vallecano,marco roman,Marco Roman,2130263,0
5868069,2026-27,ESP1,2026-09-15,rayo vallecano,rayane belaid,Rayane Belaid,1553404,0
5868069,2026-27,ESP1,2026-09-15,espanyol,marko dmitrovic,Marko Dmitrović,280818,1
5868069,2026-27,ESP1,2026-09-15,espanyol,omar el hilali,Omar El Hilali,1208708,1
5868069,2026-27,ESP1,2026-09-15,espanyol,clemens riedel,Clemens Riedel,1279557,1
5868069,2026-27,ESP1,2026-09-15,espanyol,leandro cabrera,Leandro Cabrera,169586,1
5868069,2026-27,ESP1,2026-09-15,espanyol,roger hinojo,Roger Hinojo,1727689,1
5868069,2026-27,ESP1,2026-09-15,espanyol,urko gonzalez,Urko González,1187767,1
5868069,2026-27,ESP1,2026-09-15,espanyol,gabriel moscardo,Gabriel Moscardo,1503655,1
5868069,2026-27,ESP1,2026-09-15,espanyol,rafel bauza,Rafel Bauzà,1609364,1
5868069,2026-27,ESP1,2026-09-15,espanyol,javi hernandez,Javi Hernández,1427828,1
5868069,2026-27,ESP1,2026-09-15,espanyol,quilindschy hartman,Quilindschy Hartman,1393669,1
5868069,2026-27,ESP1,2026-09-15,espanyol,roberto fernandez,Roberto Fernández,1252373,1
5868069,2026-27,ESP1,2026-09-15,espanyol,edu exposito,Edu Expósito,837089,0
5868069,2026-27,ESP1,2026-09-15,espanyol,bryan zaragoza,Bryan Zaragoza,1202525,0
5868069,2026-27,ESP1,2026-09-15,espanyol,marcos fernandez,Marcos Fernández,1407741,0
5868069,2026-27,ESP1,2026-09-15,espanyol,alex calatrava,Álex Calatrava,1300457,0
5868069,2026-27,ESP1,2026-09-15,espanyol,pol lozano,Pol Lozano,750031,0
5868069,2026-27,ESP1,2026-09-15,espanyol,angel fortuno,Ángel Fortuno,1184772,0
5868069,2026-27,ESP1,2026-09-15,espanyol,llorenc serred,Llorenç Serred,1624106,0
5868069,2026-27,ESP1,2026-09-15,espanyol,jose angel,José Ángel,1687255,0
5868069,2026-27,ESP1,2026-09-15,espanyol,unai nunez,Unai Núñez,805352,0
5868069,2026-27,ESP1,2026-09-15,espanyol,vanja drkusic,Vanja Drkušić,955204,0
5868069,2026-27,ESP1,2026-09-15,espanyol,pere milla,Pere Milla,593129,0
5868069,2026-27,ESP1,2026-09-15,espanyol,tyrhys dolan,Tyrhys Dolan,1181101,0
5868070,2026-27,ESP1,2026-09-03,real sociedad,alex remiro,Alex Remiro,616539,1
5868070,2026-27,ESP1,2026-09-03,real sociedad,jon aramburu,Jon Aramburu,1249284,1
5868070,2026-27,ESP1,2026-09-03,real sociedad,jon martin,Jon Martín,1523234,1
5868070,2026-27,ESP1,2026-09-03,real sociedad,igor zubeldia,Igor Zubeldia,698653,1
5868070,2026-27,ESP1,2026-09-03,real sociedad,sergio gomez,Sergio Gómez,844477,1
5868070,2026-27,ESP1,2026-09-03,real sociedad,yangel herrera,Yangel Herrera,730901,1
5868070,2026-27,ESP1,2026-09-03,real sociedad,benat turrientes,Beñat Turrientes,1210647,1
5868070,2026-27,ESP1,2026-09-03,real sociedad,takefusa kubo,Takefusa Kubo,848289,1
5868070,2026-27,ESP1,2026-09-03,real sociedad,mikel oyarzabal,Mikel Oyarzabal,678234,1
5868070,2026-27,ESP1,2026-09-03,real sociedad,ander barrenetxea,Ander Barrenetxea,1002618,1
5868070,2026-27,ESP1,2026-09-03,real sociedad,orri oskarsson,Orri Óskarsson,1097229,1
5868070,2026-27,ESP1,2026-09-03,real sociedad,jon gorrotxategi,Jon Gorrotxategi,1323827,0
5868070,2026-27,ESP1,2026-09-03,real sociedad,luka sucic,Luka Sučić,959597,0
5868070,2026-27,ESP1,2026-09-03,real sociedad,alex marchal,Álex Marchal,1721611,0
5868070,2026-27,ESP1,2026-09-03,real sociedad,goncalo guedes,Gonçalo Guedes,536455,0
5868070,2026-27,ESP1,2026-09-03,real sociedad,carlos soler,Carlos Soler,708890,0
5868070,2026-27,ESP1,2026-09-03,real sociedad,unai marrero,Unai Marrero,1217043,0
5868070,2026-27,ESP1,2026-09-03,real sociedad,aihen munoz,Aihen Muñoz,999159,0
5868070,2026-27,ESP1,2026-09-03,real sociedad,hector fort,Héctor Fort,1490110,0
5868070,2026-27,ESP1,2026-09-03,real sociedad,luken beitia,Luken Beitia,1697334,0
5868070,2026-27,ESP1,2026-09-03,real sociedad,mamadou sarr,Mamadou Sarr,1426170,0
5868070,2026-27,ESP1,2026-09-03,real sociedad,arsen zakharyan,Arsen Zakharyan,1175610,0
5868070,2026-27,ESP1,2026-09-03,real sociedad,job ochieng,Job Ochieng,1724551,0
5868070,2026-27,ESP1,2026-09-03,celta vigo,ionut radu,Ionuț Radu,681213,1
5868070,2026-27,ESP1,2026-09-03,celta vigo,alvaro nunez,Álvaro Núñez,1132355,1
5868070,2026-27,ESP1,2026-09-03,celta vigo,yoel lago,Yoel Lago,1578176,1
5868070,2026-27,ESP1,2026-09-03,celta vigo,marcos alonso,Marcos Alonso,196169,1
5868070,2026-27,ESP1,2026-09-03,celta vigo,javi rueda,Javi Rueda,1310440,1
5868070,2026-27,ESP1,2026-09-03,celta vigo,miguel roman,Miguel Román,1359911,1
5868070,2026-27,ESP1,2026-09-03,celta vigo,ilaix moriba,Ilaix Moriba,1109046,1
5868070,2026-27,ESP1,2026-09-03,celta vigo,sergio carreira,Sergio Carreira,1106742,1
5868070,2026-27,ESP1,2026-09-03,celta vigo,andres antanon,Andrés Antañón,1732791,1
5868070,2026-27,ESP1,2026-09-03,celta vigo,ferran jutgla,Ferrán Jutglà,1102732,1
5868070,2026-27,ESP1,2026-09-03,celta vigo,williot swedberg,Williot Swedberg,1272740,1
5868070,2026-27,ESP1,2026-09-03,celta vigo,iago aspas,Iago Aspas,174472,0
5868070,2026-27,ESP1,2026-09-03,celta vigo,pablo duran,Pablo Durán,1322858,0
5868070,2026-27,ESP1,2026-09-03,celta vigo,couhaib driouech,Couhaib Driouech,1184693,0
5868070,2026-27,ESP1,2026-09-03,celta vigo,javi galan,Javi Galán,695062,0
5868070,2026-27,ESP1,2026-09-03,celta vigo,javi rodriguez,Javi Rodríguez,1435439,0
5868070,2026-27,ESP1,2026-09-03,celta vigo,altay bayindir,Altay Bayındır,866967,0
5868070,2026-27,ESP1,2026-09-03,celta vigo,abdoulaye faye,Abdoulaye Faye,1555492,0
5868070,2026-27,ESP1,2026-09-03,celta vigo,carl starfelt,Carl Starfelt,497662,0
5868070,2026-27,ESP1,2026-09-03,celta vigo,hugo burcio,Hugo Burcio,1825995,0
5868070,2026-27,ESP1,2026-09-03,celta vigo,jones el abdellaoui,Jones El-Abdellaoui,1379196,0
5868070,2026-27,ESP1,2026-09-03,celta vigo,hugo alvarez,Hugo Álvarez,1308414,0
5868070,2026-27,ESP1,2026-09-03,celta vigo,hugo gonzalez,Hugo González,1226783,0
5881143,2026-27,GER1,2026-08-28,bayern munich,manuel neuer,Manuel Neuer,27299,1
5881143,2026-27,GER1,2026-08-28,bayern munich,konrad laimer,Konrad Laimer,526827,1
5881143,2026-27,GER1,2026-08-28,bayern munich,dayot upamecano,Dayot Upamecano,658554,1
5881143,2026-27,GER1,2026-08-28,bayern munich,min jae kim,Min-Jae Kim,828159,1
5881143,2026-27,GER1,2026-08-28,bayern munich,alphonso davies,Alphonso Davies,751202,1
5881143,2026-27,GER1,2026-08-28,bayern munich,joshua kimmich,Joshua Kimmich,460632,1
5881143,2026-27,GER1,2026-08-28,bayern munich,aleksandar pavlovic,Aleksandar Pavlovic,1473580,1
5881143,2026-27,GER1,2026-08-28,bayern munich,michael olise,Michael Olise,1029063,1
5881143,2026-27,GER1,2026-08-28,bayern munich,nathaniel brown,Nathaniel Brown,1395447,1
5881143,2026-27,GER1,2026-08-28,bayern munich,luis diaz,Luis Díaz,860914,1
5881143,2026-27,GER1,2026-08-28,bayern munich,harry kane,Harry Kane,194165,1
5881143,2026-27,GER1,2026-08-28,bayern munich,ismael saibari,Ismael Saibari,1180288,0
5881143,2026-27,GER1,2026-08-28,bayern munich,josip stanisic,Josip Stanisic,950824,0
5881143,2026-27,GER1,2026-08-28,bayern munich,jonathan tah,Jonathan Tah,469700,0
5881143,2026-27,GER1,2026-08-28,bayern munich,tom bischof,Tom Bischof,1286183,0
5881143,2026-27,GER1,2026-08-28,bayern munich,lennart karl,Lennart Karl,1737700,0
5881143,2026-27,GER1,2026-08-28,bayern munich,jonas urbig,Jonas Urbig,1285872,0
5881143,2026-27,GER1,2026-08-28,bayern munich,hiroki ito,Hiroki Ito,851626,0
5881143,2026-27,GER1,2026-08-28,bayern munich,arijon ibrahimovic,Arijon Ibrahimovic,1327150,0
5881143,2026-27,GER1,2026-08-28,bayern munich,bara ndiaye,Bara Ndiaye,1798782,0
5881143,2026-27,GER1,2026-08-28,stuttgart,fabian bredlow,Fabian Bredlow,522236,1
5881143,2026-27,GER1,2026-08-28,stuttgart,finn jeltsch,Finn Jeltsch,1487877,1
5881143,2026-27,GER1,2026-08-28,stuttgart,jeff chabot,Jeff Chabot,867080,1
5881143,2026-27,GER1,2026-08-28,stuttgart,ramon hendriks,Ramon Hendriks,1125187,1
5881143,2026-27,GER1,2026-08-28,stuttgart,josha vagnoman,Josha Vagnoman,928454,1
5881143,2026-27,GER1,2026-08-28,stuttgart,grischa promel,Grischa Prömel,625175,1
5881143,2026-27,GER1,2026-08-28,stuttgart,angelo stiller,Angelo Stiller,1071186,1
5881143,2026-27,GER1,2026-08-28,stuttgart,maximilian mittelstadt,Maximilian Mittelstädt,614384,1
5881143,2026-27,GER1,2026-08-28,stuttgart,dzenan pejcinovic,Dzenan Pejcinovic,1366602,1
5881143,2026-27,GER1,2026-08-28,stuttgart,deniz undav,Deniz Undav,661519,1
5881143,2026-27,GER1,2026-08-28,stuttgart,tiago tomas,Tiago Tomás,1164506,1
5881143,2026-27,GER1,2026-08-28,stuttgart,ermedin demirovic,Ermedin Demirovic,840241,0
5881143,2026-27,GER1,2026-08-28,stuttgart,jamie leweling,Jamie Leweling,1074968,0
5881143,2026-27,GER1,2026-08-28,stuttgart,leonidas stergiou,Leonidas Stergiou,1019947,0
5881143,2026-27,GER1,2026-08-28,stuttgart,bilal el khannouss,Bilal El Khannouss,1340895,0
5881143,2026-27,GER1,2026-08-28,stuttgart,chema andres,Chema Andrés,1586552,0
5881143,2026-27,GER1,2026-08-28,stuttgart,marius funk,Marius Funk,659086,0
5881143,2026-27,GER1,2026-08-28,stuttgart,ameen al dakhil,Ameen Al Dakhil,1279764,0
5881143,2026-27,GER1,2026-08-28,stuttgart,atakan karazor,Atakan Karazor,684983,0
5881143,2026-27,GER1,2026-08-28,stuttgart,badredine bouanani,Badredine Bouanani,1388070,0
5881144,2026-27,GER1,2026-08-30,augsburg,finn dahmen,Finn Dahmen,926445,1
5881144,2026-27,GER1,2026-08-30,augsburg,noahkai banks,Noahkai Banks,1641063,1
5881144,2026-27,GER1,2026-08-30,augsburg,chrislain matsima,Chrislain Matsima,1178512,1
5881144,2026-27,GER1,2026-08-30,augsburg,calvin brackelmann,Calvin Brackelmann,1300329,1
5881144,2026-27,GER1,2026-08-30,augsburg,marius wolf,Marius Wolf,556029,1
5881144,2026-27,GER1,2026-08-30,augsburg,han noah massengo,Han-Noah Massengo,978680,1
5881144,2026-27,GER1,2026-08-30,augsburg,fabian rieder,Fabian Rieder,1161211,1
5881144,2026-27,GER1,2026-08-30,augsburg,hennes behrens,Hennes Behrens,1678681,1
5881144,2026-27,GER1,2026-08-30,augsburg,anton kade,Anton Kade,1310103,1
5881144,2026-27,GER1,2026-08-30,augsburg,robin fellhauer,Robin Fellhauer,1185609,1
5881144,2026-27,GER1,2026-08-30,augsburg,michael gregoritsch,Michael Gregoritsch,198316,1
5881144,2026-27,GER1,2026-08-30,augsburg,mert komur,Mert Kömür,1453218,0
5881144,2026-27,GER1,2026-08-30,augsburg,yannik keitel,Yannik Keitel,844431,0
5881144,2026-27,GER1,2026-08-30,augsburg,rodrigo ribeiro,Rodrigo Ribeiro,1343749,0
5881144,2026-27,GER1,2026-08-30,augsburg,jeffrey gouweleeuw,Jeffrey Gouweleeuw,245315,0
5881144,2026-27,GER1,2026-08-30,augsburg,young woo seol,Young-Woo Seol,1132818,0
5881144,2026-27,GER1,2026-08-30,augsburg,nediljko labrovic,Nediljko Labrovic,1284464,0
5881144,2026-27,GER1,2026-08-30,augsburg,tim schnitzer,Tim Schnitzer,1875448,0
5881144,2026-27,GER1,2026-08-30,augsburg,nathanael mbuku,Nathanaël Mbuku,1049799,0
5881144,2026-27,GER1,2026-08-30,augsburg,uchenna ogundu,Uchenna Ogundu,1718174,0
5881144,2026-27,GER1,2026-08-30,schalke,loris karius,Loris Karius,287894,1
5881144,2026-27,GER1,2026-08-30,schalke,timo becker,Timo Becker,785739,1
5881144,2026-27,GER1,2026-08-30,schalke,nikola katic,Nikola Katic,725655,1
5881144,2026-27,GER1,2026-08-30,schalke,hasan kurucay,Hasan Kuruçay,794619,1
5881144,2026-27,GER1,2026-08-30,schalke,dejan ljubicic,Dejan Ljubicic,861668,1
5881144,2026-27,GER1,2026-08-30,schalke,soufian el faouzi,Soufian El-Faouzi,1249185,1
5881144,2026-27,GER1,2026-08-30,schalke,ron schallenberg,Ron Schallenberg,820974,1
5881144,2026-27,GER1,2026-08-30,schalke,vitalie becker,Vitalie Becker,1659420,1
5881144,2026-27,GER1,2026-08-30,schalke,chukwubuike adamu,Chukwubuike Adamu,882163,1
5881144,2026-27,GER1,2026-08-30,schalke,adil aouchiche,Adil Aouchiche,1047664,1
5881144,2026-27,GER1,2026-08-30,schalke,moussa sylla,Moussa Sylla,860056,1
5881144,2026-27,GER1,2026-08-30,schalke,maximilian wober,Maximilian Wöber,701149,0
5881144,2026-27,GER1,2026-08-30,schalke,robin gosens,Robin Gosens,518346,0
5881144,2026-27,GER1,2026-08-30,schalke,junior dina ebimbe,Junior Dina Ebimbe,1040889,0
5881144,2026-27,GER1,2026-08-30,schalke,edin dzeko,Edin Dzeko,15403,0
5881144,2026-27,GER1,2026-08-30,schalke,mertcan ayhan,Mertcan Ayhan,1755657,0
5881144,2026-27,GER1,2026-08-30,schalke,kevin muller,Kevin Müller,215159,0
5881144,2026-27,GER1,2026-08-30,schalke,janik bachmann,Janik Bachmann,560976,0
5881144,2026-27,GER1,2026-08-30,schalke,luca vozar,Luca Vozar,1842512,0
5881144,2026-27,GER1,2026-08-30,schalke,satoshi tanaka,Satoshi Tanaka,1155066,0
5881145,2026-27,GER1,2026-08-29,borussia dortmund,gregor kobel,Gregor Kobel,764018,1
5881145,2026-27,GER1,2026-08-29,borussia dortmund,joane gadou,Joane Gadou,1479742,1
5881145,2026-27,GER1,2026-08-29,borussia dortmund,waldemar anton,Waldemar Anton,664970,1
5881145,2026-27,GER1,2026-08-29,borussia dortmund,daniel svensson,Daniel Svensson,1209228,1
5881145,2026-27,GER1,2026-08-29,borussia dortmund,julian ryerson,Julian Ryerson,659272,1
5881145,2026-27,GER1,2026-08-29,borussia dortmund,jobe bellingham,Jobe Bellingham,1287373,1
5881145,2026-27,GER1,2026-08-29,borussia dortmund,felix nmecha,Felix Nmecha,966019,1
5881145,2026-27,GER1,2026-08-29,borussia dortmund,maximilian beier,Maximilian Beier,1047667,1
5881145,2026-27,GER1,2026-08-29,borussia dortmund,konstantinos karetsas,Konstantinos Karetsas,1536436,1
5881145,2026-27,GER1,2026-08-29,borussia dortmund,giannis konstantelias,Giannis Konstantelias,1215014,1
5881145,2026-27,GER1,2026-08-29,borussia dortmund,serhou guirassy,Serhou Guirassy,448540,1
5881145,2026-27,GER1,2026-08-29,borussia dortmund,marcel sabitzer,Marcel Sabitzer,215151,0
5881145,2026-27,GER1,2026-08-29,borussia dortmund,filippo mane,Filippo Mane,1663094,0
5881145,2026-27,GER1,2026-08-29,borussia dortmund,joey veerman,Joey Veerman,792429,0
5881145,2026-27,GER1,2026-08-29,borussia dortmund,samuele inacio,Samuele Inácio,1761151,0
5881145,2026-27,GER1,2026-08-29,borussia dortmund,kaua prates,Kauã Prates,1750565,0
5881145,2026-27,GER1,2026-08-29,borussia dortmund,alexander meyer,Alexander Meyer,743381,0
5881145,2026-27,GER1,2026-08-29,borussia dortmund,luca reggiani,Luca Reggiani,1845173,0
5881145,2026-27,GER1,2026-08-29,borussia dortmund,fabio silva,Fábio Silva,1050158,0
5881145,2026-27,GER1,2026-08-29,borussia dortmund,mathis albert,Mathis Albert,1692797,0
5881145,2026-27,GER1,2026-08-29,hamburger,daniel heuer fernandes,Daniel Heuer Fernandes,406501,1
5881145,2026-27,GER1,2026-08-29,hamburger,nicolas capaldo,Nicolás Capaldo,1018564,1
5881145,2026-27,GER1,2026-08-29,hamburger,sebastiaan bornauw,Sebastiaan Bornauw,922892,1
5881145,2026-27,GER1,2026-08-29,hamburger,jordan torunarigha,Jordan Torunarigha,700074,1
5881145,2026-27,GER1,2026-08-29,hamburger,bakery jatta,Bakery Jatta,763998,1
5881145,2026-27,GER1,2026-08-29,hamburger,albert sambi lokonga,Albert Sambi Lokonga,901495,1
5881145,2026-27,GER1,2026-08-29,hamburger,nicolai remberg,Nicolai Remberg,1188890,1
5881145,2026-27,GER1,2026-08-29,hamburger,louis lemke,Louis Lemke,1899791,1
5881145,2026-27,GER1,2026-08-29,hamburger,martin adeline,Martin Adeline,1324082,1
5881145,2026-27,GER1,2026-08-29,hamburger,albert gronbaek,Albert Grønbæk,1133381,1
5881145,2026-27,GER1,2026-08-29,hamburger,patson daka,Patson Daka,644459,1
5881145,2026-27,GER1,2026-08-29,hamburger,otto stange,Otto Stange,1576487,0
5881145,2026-27,GER1,2026-08-29,hamburger,terem moffi,Terem Moffi,885005,0
5881145,2026-27,GER1,2026-08-29,hamburger,bilal nadir,Bilal Nadir,1283407,0
5881145,2026-27,GER1,2026-08-29,hamburger,yussuf poulsen,Yussuf Poulsen,266527,0
5881145,2026-27,GER1,2026-08-29,hamburger,rayan philippe,Rayan Philippe,1079892,0
5881145,2026-27,GER1,2026-08-29,hamburger,sander tangvik,Sander Tangvik,1145714,0
5881145,2026-27,GER1,2026-08-29,hamburger,daniel elfadli,Daniel Elfadli,1383070,0
5881145,2026-27,GER1,2026-08-29,hamburger,shafiq nandja,Shafiq Nandja,1804634,0
5881145,2026-27,GER1,2026-08-29,hamburger,kofi amoako,Kofi Amoako,1587901,0
5881146,2026-27,GER1,2026-08-29,elversberg,nicolas kristof,Nicolas Kristof,1285926,1
5881146,2026-27,GER1,2026-08-29,elversberg,jan gyamerah,Jan Gyamerah,458602,1
5881146,2026-27,GER1,2026-08-29,elversberg,lukas pinckert,Lukas Pinckert,1280560,1
5881146,2026-27,GER1,2026-08-29,elversberg,maximilian rohr,Maximilian Rohr,1077911,1
5881146,2026-27,GER1,2026-08-29,elversberg,lasse gunther,Lasse Günther,1245692,1
5881146,2026-27,GER1,2026-08-29,elversberg,felix keidel,Felix Keidel,1366338,1
5881146,2026-27,GER1,2026-08-29,elversberg,lukasz poreba,Lukasz Poreba,962113,1
5881146,2026-27,GER1,2026-08-29,elversberg,lukas petkov,Lukas Petkov,1093782,1
5881146,2026-27,GER1,2026-08-29,elversberg,francis onyeka,Francis Onyeka,1603681,1
5881146,2026-27,GER1,2026-08-29,elversberg,cole campbell,Cole Campbell,1288195,1
5881146,2026-27,GER1,2026-08-29,elversberg,david mokwa,David Mokwa,1459758,1
5881146,2026-27,GER1,2026-08-29,elversberg,maurice krattenmacher,Maurice Krattenmacher,1412933,0
5881146,2026-27,GER1,2026-08-29,elversberg,noah darvich,Noah Darvich,1479921,0
5881146,2026-27,GER1,2026-08-29,elversberg,luca sirch,Luca Sirch,1097361,0
5881146,2026-27,GER1,2026-08-29,elversberg,luca schnellbacher,Luca Schnellbacher,459010,0
5881146,2026-27,GER1,2026-08-29,elversberg,florian le joncour,Florian Le Joncour,594886,0
5881146,2026-27,GER1,2026-08-29,elversberg,tim boss,Tim Boss,659051,0
5881146,2026-27,GER1,2026-08-29,elversberg,nicholas mickelson,Nicholas Mickelson,633721,0
5881146,2026-27,GER1,2026-08-29,elversberg,amara conde,Amara Condé,763990,0
5881146,2026-27,GER1,2026-08-29,elversberg,noel futkeu,Noel Futkeu,1138725,0
5881146,2026-27,GER1,2026-08-29,bayer leverkusen,mark flekken,Mark Flekken,330643,1
5881146,2026-27,GER1,2026-08-29,bayer leverkusen,lucas vazquez,Lucas Vázquez,359193,1
5881146,2026-27,GER1,2026-08-29,bayer leverkusen,loic bade,Loic Badé,1119461,1
5881146,2026-27,GER1,2026-08-29,bayer leverkusen,edmond tapsoba,Edmond Tapsoba,789914,1
5881146,2026-27,GER1,2026-08-29,bayer leverkusen,miguel gutierrez,Miguel Gutiérrez,942379,1
5881146,2026-27,GER1,2026-08-29,bayer leverkusen,equi fernandez,Equi Fernández,1199959,1
5881146,2026-27,GER1,2026-08-29,bayer leverkusen,aleix garcia,Aleix García,642551,1
5881146,2026-27,GER1,2026-08-29,bayer leverkusen,ibrahim maza,Ibrahim Maza,1457626,1
5881146,2026-27,GER1,2026-08-29,bayer leverkusen,malik tillman,Malik Tillman,1126058,1
5881146,2026-27,GER1,2026-08-29,bayer leverkusen,afonso moreira,Afonso Moreira,1367047,1
5881146,2026-27,GER1,2026-08-29,bayer leverkusen,patrik schick,Patrik Schick,540097,1
5881146,2026-27,GER1,2026-08-29,bayer leverkusen,facundo medina,Facundo Medina,812652,0
5881146,2026-27,GER1,2026-08-29,bayer leverkusen,jarell quansah,Jarell Quansah,1107620,0
5881146,2026-27,GER1,2026-08-29,bayer leverkusen,christian kofane,Christian Kofane,1705081,0
5881146,2026-27,GER1,2026-08-29,bayer leverkusen,jonas hofmann,Jonas Hofmann,331542,0
5881146,2026-27,GER1,2026-08-29,bayer leverkusen,victor okoh boniface,Victor Okoh Boniface,1035208,0
5881146,2026-27,GER1,2026-08-29,bayer leverkusen,janis blaswich,Janis Blaswich,278814,0
5881146,2026-27,GER1,2026-08-29,bayer leverkusen,jeanuel belocian,Jeanuël Belocian,1329406,0
5881146,2026-27,GER1,2026-08-29,bayer leverkusen,robert andrich,Robert Andrich,411851,0
5881146,2026-27,GER1,2026-08-29,bayer leverkusen,arthur,Arthur,1353457,0
5881147,2026-27,GER1,2026-08-29,cologne,marvin schwabe,Marvin Schwäbe,573465,1
5881147,2026-27,GER1,2026-08-29,cologne,alessio castro montes,Alessio Castro-Montes,748620,1
5881147,2026-27,GER1,2026-08-29,cologne,jahmai simpson pusey,Jahmai Simpson-Pusey,1463271,1
5881147,2026-27,GER1,2026-08-29,cologne,luka lochoshvili,Luka Lochoshvili,784175,1
5881147,2026-27,GER1,2026-08-29,cologne,gideon mensah,Gideon Mensah,771630,1
5881147,2026-27,GER1,2026-08-29,cologne,isak johannesson,Ísak Jóhannesson,1000428,1
5881147,2026-27,GER1,2026-08-29,cologne,tom krauss,Tom Krauß,992060,1
5881147,2026-27,GER1,2026-08-29,cologne,paul okon engstler,Paul Okon-Engstler,1527363,1
5881147,2026-27,GER1,2026-08-29,cologne,jan thielmann,Jan Thielmann,1119643,1
5881147,2026-27,GER1,2026-08-29,cologne,ragnar ache,Ragnar Ache,772193,1
5881147,2026-27,GER1,2026-08-29,cologne,said el mala,Saïd El Mala,1613676,1
5881147,2026-27,GER1,2026-08-29,cologne,ellyes skhiri,Ellyes Skhiri,574642,0
5881147,2026-27,GER1,2026-08-29,cologne,linton maina,Linton Maina,930035,0
5881147,2026-27,GER1,2026-08-29,cologne,thijs dallinga,Thijs Dallinga,885085,0
5881147,2026-27,GER1,2026-08-29,cologne,marius bulter,Marius Bülter,626890,0
5881147,2026-27,GER1,2026-08-29,cologne,joel schmied,Joël Schmied,1003254,0
5881147,2026-27,GER1,2026-08-29,cologne,ron robert zieler,Ron-Robert Zieler,41087,0
5881147,2026-27,GER1,2026-08-29,cologne,jonathan friemel,Jonathan Friemel,1829438,0
5881147,2026-27,GER1,2026-08-29,cologne,rav van den berg,Rav van den Berg,1199391,0
5881147,2026-27,GER1,2026-08-29,cologne,reigan heskey,Reigan Heskey,1665352,0
5881147,2026-27,GER1,2026-08-29,tsg hoffenheim,oliver baumann,Oliver Baumann,178778,1
5881147,2026-27,GER1,2026-08-29,tsg hoffenheim,vladimir coufal,Vladimír Coufal,307317,1
5881147,2026-27,GER1,2026-08-29,tsg hoffenheim,ozan kabak,Ozan Kabak,845990,1
5881147,2026-27,GER1,2026-08-29,tsg hoffenheim,albian hajdari,Albian Hajdari,1186015,1
5881147,2026-27,GER1,2026-08-29,tsg hoffenheim,bernardo,Bernardo,637716,1
5881147,2026-27,GER1,2026-08-29,tsg hoffenheim,patrick wimmer,Patrick Wimmer,1073498,1
5881147,2026-27,GER1,2026-08-29,tsg hoffenheim,wouter burger,Wouter Burger,947884,1
5881147,2026-27,GER1,2026-08-29,tsg hoffenheim,leon avdullahu,Leon Avdullahu,1478148,1
5881147,2026-27,GER1,2026-08-29,tsg hoffenheim,adam daghim,Adam Daghim,1353000,1
5881147,2026-27,GER1,2026-08-29,tsg hoffenheim,adam hlozek,Adam Hlozek,969870,1
5881147,2026-27,GER1,2026-08-29,tsg hoffenheim,bambase conte,Bambasé Conté,1338957,1
5881147,2026-27,GER1,2026-08-29,tsg hoffenheim,robin hranac,Robin Hranác,1225995,0
5881147,2026-27,GER1,2026-08-29,tsg hoffenheim,max moerstedt,Max Moerstedt,1486537,0
5881147,2026-27,GER1,2026-08-29,tsg hoffenheim,nathan de cat,Nathan De Cat,1664759,0
5881147,2026-27,GER1,2026-08-29,tsg hoffenheim,mats rots,Mats Rots,1445416,0
5881147,2026-27,GER1,2026-08-29,tsg hoffenheim,andrej kramaric,Andrej Kramaric,173461,0
5881147,2026-27,GER1,2026-08-29,tsg hoffenheim,luca philipp,Luca Philipp,1175933,0
5881147,2026-27,GER1,2026-08-29,tsg hoffenheim,natnael abraha,Natnael Abraha,1899713,0
5881147,2026-27,GER1,2026-08-29,tsg hoffenheim,cajetan lenz,Cajetan Lenz,1793498,0
5881147,2026-27,GER1,2026-08-29,tsg hoffenheim,valentin gendrey,Valentin Gendrey,1077653,0
5881148,2026-27,GER1,2026-08-30,freiburg,mio backhaus,Mio Backhaus,1352996,1
5881148,2026-27,GER1,2026-08-30,freiburg,lukas kubler,Lukas Kübler,307209,1
5881148,2026-27,GER1,2026-08-30,freiburg,matthias ginter,Matthias Ginter,303912,1
5881148,2026-27,GER1,2026-08-30,freiburg,philipp lienhart,Philipp Lienhart,643724,1
5881148,2026-27,GER1,2026-08-30,freiburg,jordy makengo,Jordy Makengo,1281108,1
5881148,2026-27,GER1,2026-08-30,freiburg,maximilian eggestein,Maximilian Eggestein,602523,1
5881148,2026-27,GER1,2026-08-30,freiburg,yannik engelhardt,Yannik Engelhardt,1269497,1
5881148,2026-27,GER1,2026-08-30,freiburg,jan niklas beste,Jan-Niklas Beste,864157,1
5881148,2026-27,GER1,2026-08-30,freiburg,yuito suzuki,Yuito Suzuki,1134467,1
5881148,2026-27,GER1,2026-08-30,freiburg,derry scherhant,Derry Scherhant,1302666,1
5881148,2026-27,GER1,2026-08-30,freiburg,igor matanovic,Igor Matanovic,1210893,1
5881148,2026-27,GER1,2026-08-30,freiburg,cyriaque irie,Cyriaque Irié,1526221,0
5881148,2026-27,GER1,2026-08-30,freiburg,max rosenfelder,Max Rosenfelder,1281107,0
5881148,2026-27,GER1,2026-08-30,freiburg,philipp treu,Philipp Treu,1281090,0
5881148,2026-27,GER1,2026-08-30,freiburg,lucas holer,Lucas Höler,556524,0
5881148,2026-27,GER1,2026-08-30,freiburg,keisuke goto,Keisuke Goto,1436730,0
5881148,2026-27,GER1,2026-08-30,freiburg,florian muller,Florian Müller,737365,0
5881148,2026-27,GER1,2026-08-30,freiburg,berkay yilmaz,Berkay Yilmaz,1580371,0
5881148,2026-27,GER1,2026-08-30,freiburg,christian gunter,Christian Günter,355358,0
5881148,2026-27,GER1,2026-08-30,freiburg,vincenzo grifo,Vincenzo Grifo,400625,0
5881148,2026-27,GER1,2026-08-30,werder bremen,karl hein,Karl Hein,982692,1
5881148,2026-27,GER1,2026-08-30,werder bremen,mick schmetgens,Mick Schmetgens,1714103,1
5881148,2026-27,GER1,2026-08-30,werder bremen,amos pieper,Amos Pieper,765998,1
5881148,2026-27,GER1,2026-08-30,werder bremen,marco friedl,Marco Friedl,767789,1
5881148,2026-27,GER1,2026-08-30,werder bremen,olivier deman,Olivier Deman,969856,1
5881148,2026-27,GER1,2026-08-30,werder bremen,senne lynen,Senne Lynen,919742,1
5881148,2026-27,GER1,2026-08-30,werder bremen,justin njinmah,Justin Njinmah,1137364,1
5881148,2026-27,GER1,2026-08-30,werder bremen,chuki,Chuki,1315344,1
5881148,2026-27,GER1,2026-08-30,werder bremen,ludovit reis,Ludovit Reis,869326,1
5881148,2026-27,GER1,2026-08-30,werder bremen,marco grull,Marco Grüll,1024292,1
5881148,2026-27,GER1,2026-08-30,werder bremen,niclas fullkrug,Niclas Füllkrug,276791,1
5881148,2026-27,GER1,2026-08-30,werder bremen,dariusz stalmach,Dariusz Stalmach,1276988,0
5881148,2026-27,GER1,2026-08-30,werder bremen,cedric itten,Cedric Itten,726956,0
5881148,2026-27,GER1,2026-08-30,werder bremen,salim musah,Salim Musah,1646629,0
5881148,2026-27,GER1,2026-08-30,werder bremen,eren dinkci,Eren Dinkçi,1146376,0
5881148,2026-27,GER1,2026-08-30,werder bremen,patrice covic,Patrice Covic,1646943,0
5881148,2026-27,GER1,2026-08-30,werder bremen,alexander schlager,Alexander Schlager,450739,0
5881148,2026-27,GER1,2026-08-30,werder bremen,julian malatini,Julián Malatini,1201408,0
5881148,2026-27,GER1,2026-08-30,werder bremen,paul erevbenagie,Paul Erevbenagie,1810868,0
5881148,2026-27,GER1,2026-08-30,werder bremen,samuel mbangula,Samuel Mbangula,1402900,0
5881149,2026-27,GER1,2026-08-29,mainz 05,robin zentner,Robin Zentner,556505,1
5881149,2026-27,GER1,2026-08-29,mainz 05,danny da costa,Danny da Costa,240537,1
5881149,2026-27,GER1,2026-08-29,mainz 05,fabio gruber,Fabio Gruber,1362417,1
5881149,2026-27,GER1,2026-08-29,mainz 05,dominik kohr,Dominik Kohr,303905,1
5881149,2026-27,GER1,2026-08-29,mainz 05,anthony caci,Anthony Caci,771401,1
5881149,2026-27,GER1,2026-08-29,mainz 05,kaishu sano,Kaishu Sano,1033111,1
5881149,2026-27,GER1,2026-08-29,mainz 05,phillipp mwene,Phillipp Mwene,423812,1
5881149,2026-27,GER1,2026-08-29,mainz 05,jae sung lee,Jae-Sung Lee,523749,1
5881149,2026-27,GER1,2026-08-29,mainz 05,nadiem amiri,Nadiem Amiri,614449,1
5881149,2026-27,GER1,2026-08-29,mainz 05,sheraldo becker,Sheraldo Becker,495222,1
5881149,2026-27,GER1,2026-08-29,mainz 05,phillip tietz,Phillip Tietz,686315,1
5881149,2026-27,GER1,2026-08-29,mainz 05,otto ruoppi,Otto Ruoppi,1347994,0
5881149,2026-27,GER1,2026-08-29,mainz 05,ransford konigsdorffer,Ransford Königsdörffer,1121170,0
5881149,2026-27,GER1,2026-08-29,mainz 05,silvan widmer,Silvan Widmer,275034,0
5881149,2026-27,GER1,2026-08-29,mainz 05,kacper potulski,Kacper Potulski,1800401,0
5881149,2026-27,GER1,2026-08-29,mainz 05,alexander schwolow,Alexander Schwolow,248437,0
5881149,2026-27,GER1,2026-08-29,mainz 05,rael nakuzola,Rael Nakuzola,2140397,0
5881149,2026-27,GER1,2026-08-29,mainz 05,stefan posch,Stefan Posch,557325,0
5881149,2026-27,GER1,2026-08-29,mainz 05,lennard maloney,Lennard Maloney,921197,0
5881149,2026-27,GER1,2026-08-29,mainz 05,sota kawasaki,Sota Kawasaki,1134759,0
5881149,2026-27,GER1,2026-08-29,paderborn,nahuel noll,Nahuel Noll,1257826,1
5881149,2026-27,GER1,2026-08-29,paderborn,jano ter horst,Jano ter Horst,1520469,1
5881149,2026-27,GER1,2026-08-29,paderborn,tjark scheller,Tjark Scheller,1415373,1
5881149,2026-27,GER1,2026-08-29,paderborn,mattes hansen,Mattes Hansen,1515976,1
5881149,2026-27,GER1,2026-08-29,paderborn,laurin curda,Laurin Curda,1426060,1
5881149,2026-27,GER1,2026-08-29,paderborn,laurin ulrich,Laurin Ulrich,1367587,1
5881149,2026-27,GER1,2026-08-29,paderborn,santiago castaneda,Santiago Castañeda,1362492,1
5881149,2026-27,GER1,2026-08-29,paderborn,raphael obermair,Raphael Obermair,784225,1
5881149,2026-27,GER1,2026-08-29,paderborn,stefano marino,Stefano Marino,1321553,1
5881149,2026-27,GER1,2026-08-29,paderborn,marvin pieringer,Marvin Pieringer,956913,1
5881149,2026-27,GER1,2026-08-29,paderborn,gabriel vidovic,Gabriel Vidović,1276453,1
5881149,2026-27,GER1,2026-08-29,paderborn,steffen tigges,Steffen Tigges,706500,0
5881149,2026-27,GER1,2026-08-29,paderborn,jonah sticker,Jonah Sticker,1520593,0
5881149,2026-27,GER1,2026-08-29,paderborn,tom baack,Tom Baack,658444,0
5881149,2026-27,GER1,2026-08-29,paderborn,clemens lippmann,Clemens Lippmann,1701615,0
5881149,2026-27,GER1,2026-08-29,paderborn,markus schubert,Markus Schubert,659046,0
5881149,2026-27,GER1,2026-08-29,paderborn,niklas mohr,Niklas Mohr,1801952,0
5881149,2026-27,GER1,2026-08-29,paderborn,luka djuric,Luka Djuric,1586401,0
5881149,2026-27,GER1,2026-08-29,paderborn,deniz zeitler,Deniz Zeitler,1580112,0
5881149,2026-27,GER1,2026-08-29,paderborn,oliver batista meier,Oliver Batista Meier,950822,0
5881150,2026-27,GER1,2026-08-29,leipzig,maarten vandevoordt,Maarten Vandevoordt,972200,1
5881150,2026-27,GER1,2026-08-29,leipzig,ridle baku,Ridle Baku,883087,1
5881150,2026-27,GER1,2026-08-29,leipzig,willi orban,Willi Orbán,278856,1
5881150,2026-27,GER1,2026-08-29,leipzig,castello lukeba,Castello Lukeba,1253852,1
5881150,2026-27,GER1,2026-08-29,leipzig,david raum,David Raum,806669,1
5881150,2026-27,GER1,2026-08-29,leipzig,rocco reitz,Rocco Reitz,1174726,1
5881150,2026-27,GER1,2026-08-29,leipzig,nicolas seiwald,Nicolas Seiwald,1024672,1
5881150,2026-27,GER1,2026-08-29,leipzig,ezechiel banzuzi,Ezechiel Banzuzi,1310001,1
5881150,2026-27,GER1,2026-08-29,leipzig,brajan gruda,Brajan Gruda,1430151,1
5881150,2026-27,GER1,2026-08-29,leipzig,tidiam gomis,Tidiam Gomis,1482733,1
5881150,2026-27,GER1,2026-08-29,leipzig,antonio nusa,Antonio Nusa,1248482,1
5881150,2026-27,GER1,2026-08-29,leipzig,christopher nkunku,Christopher Nkunku,704523,0
5881150,2026-27,GER1,2026-08-29,leipzig,benjamin henrichs,Benjamin Henrichs,681383,0
5881150,2026-27,GER1,2026-08-29,leipzig,johan bakayoko,Johan Bakayoko,1203194,0
5881150,2026-27,GER1,2026-08-29,leipzig,arthur vermeeren,Arthur Vermeeren,1387389,0
5881150,2026-27,GER1,2026-08-29,leipzig,conrad harder,Conrad Harder,1482294,0
5881150,2026-27,GER1,2026-08-29,leipzig,leopold zingerle,Leopold Zingerle,450972,0
5881150,2026-27,GER1,2026-08-29,leipzig,max finkgrafe,Max Finkgräfe,1529161,0
5881150,2026-27,GER1,2026-08-29,leipzig,maxime esteve,Maxime Estève,1250443,0
5881150,2026-27,GER1,2026-08-29,leipzig,andrija maksimovic,Andrija Maksimovic,1482209,0
5881150,2026-27,GER1,2026-08-29,borussia monchengladbach,moritz nicolas,Moritz Nicolas,784146,1
5881150,2026-27,GER1,2026-08-29,borussia monchengladbach,daiki hashioka,Daiki Hashioka,878296,1
5881150,2026-27,GER1,2026-08-29,borussia monchengladbach,ko itakura,Ko Itakura,620917,1
5881150,2026-27,GER1,2026-08-29,borussia monchengladbach,kevin diks,Kevin Diks,566158,1
5881150,2026-27,GER1,2026-08-29,borussia monchengladbach,lukas ullrich,Lukas Ullrich,1398483,1
5881150,2026-27,GER1,2026-08-29,borussia monchengladbach,kevin stoger,Kevin Stöger,276739,1
5881150,2026-27,GER1,2026-08-29,borussia monchengladbach,philipp sander,Philipp Sander,951918,1
5881150,2026-27,GER1,2026-08-29,borussia monchengladbach,robin hack,Robin Hack,884919,1
5881150,2026-27,GER1,2026-08-29,borussia monchengladbach,hugo bolin,Hugo Bolin,1351569,1
5881150,2026-27,GER1,2026-08-29,borussia monchengladbach,wael mohya,Wael Mohya,1793874,1
5881150,2026-27,GER1,2026-08-29,borussia monchengladbach,tim kleindienst,Tim Kleindienst,442728,1
5881150,2026-27,GER1,2026-08-29,borussia monchengladbach,david herold,David Herold,1356589,0
5881150,2026-27,GER1,2026-08-29,borussia monchengladbach,mathieu nguefack,Mathieu Nguefack,1975572,0
5881150,2026-27,GER1,2026-08-29,borussia monchengladbach,franck honorat,Franck Honorat,501543,0
5881150,2026-27,GER1,2026-08-29,borussia monchengladbach,isac lidberg,Isac Lidberg,655095,0
5881150,2026-27,GER1,2026-08-29,borussia monchengladbach,joseph scally,Joseph Scally,959696,0
5881150,2026-27,GER1,2026-08-29,borussia monchengladbach,daniel batz,Daniel Batz,212873,0
5881150,2026-27,GER1,2026-08-29,borussia monchengladbach,jan leszczynski,Jan Leszczynski,1660228,0
5881150,2026-27,GER1,2026-08-29,borussia monchengladbach,enzo leopold,Enzo Leopold,1301517,0
5881150,2026-27,GER1,2026-08-29,borussia monchengladbach,shuto machino,Shuto Machino,915111,0
5881151,2026-27,GER1,2026-08-29,union berlin,matheo raab,Matheo Raab,1156148,1
5881151,2026-27,GER1,2026-08-29,union berlin,josip juranovic,Josip Juranovic,622373,1
5881151,2026-27,GER1,2026-08-29,union berlin,zeno van den bosch,Zeno Van Den Bosch,1231677,1
5881151,2026-27,GER1,2026-08-29,union berlin,leopold querfeld,Leopold Querfeld,1199947,1
5881151,2026-27,GER1,2026-08-29,union berlin,tom rothe,Tom Rothe,1282582,1
5881151,2026-27,GER1,2026-08-29,union berlin,andras schafer,András Schäfer,836726,1
5881151,2026-27,GER1,2026-08-29,union berlin,rani khedira,Rani Khedira,304348,1
5881151,2026-27,GER1,2026-08-29,union berlin,aljoscha kemlein,Aljoscha Kemlein,1403332,1
5881151,2026-27,GER1,2026-08-29,union berlin,michel aebischer,Michel Aebischer,792756,1
5881151,2026-27,GER1,2026-08-29,union berlin,marin ljubicic,Marin Ljubicic,1242198,1
5881151,2026-27,GER1,2026-08-29,union berlin,emmanuel latte lath,Emmanuel Latte Lath,783585,1
5881151,2026-27,GER1,2026-08-29,union berlin,woo yeong jeong,Woo-Yeong Jeong,949673,0
5881151,2026-27,GER1,2026-08-29,union berlin,livan burcu,Livan Burcu,1520506,0
5881151,2026-27,GER1,2026-08-29,union berlin,tim skarke,Tim Skarke,658440,0
5881151,2026-27,GER1,2026-08-29,union berlin,janik haberer,Janik Haberer,304354,0
5881151,2026-27,GER1,2026-08-29,union berlin,derrick kohn,Derrick Köhn,860260,0
5881151,2026-27,GER1,2026-08-29,union berlin,carl klaus,Carl Klaus,451628,0
5881151,2026-27,GER1,2026-08-29,union berlin,felix uduokhai,Felix Uduokhai,767800,0
5881151,2026-27,GER1,2026-08-29,union berlin,christopher trimmel,Christopher Trimmel,166733,0
5881151,2026-27,GER1,2026-08-29,union berlin,linus guether,Linus Guether,1958812,0
5881151,2026-27,GER1,2026-08-29,eintracht frankfurt,noah atubolu,Noah Atubolu,1281100,1
5881151,2026-27,GER1,2026-08-29,eintracht frankfurt,keita kosugi,Keita Kosugi,1627706,1
5881151,2026-27,GER1,2026-08-29,eintracht frankfurt,robin koch,Robin Koch,628201,1
5881151,2026-27,GER1,2026-08-29,eintracht frankfurt,jeremiaha maluze,Jeremiaha Maluze,1671553,1
5881151,2026-27,GER1,2026-08-29,eintracht frankfurt,elias baum,Elias Baum,1421821,1
5881151,2026-27,GER1,2026-08-29,eintracht frankfurt,fares chaibi,Farès Chaïbi,1345875,1
5881151,2026-27,GER1,2026-08-29,eintracht frankfurt,ayoube amaimouni echghouyab,Ayoube Amaimouni-Echghouyab,1680173,1
5881151,2026-27,GER1,2026-08-29,eintracht frankfurt,raphael onyedika,Raphael Onyedika,1126768,1
5881151,2026-27,GER1,2026-08-29,eintracht frankfurt,can uzun,Can Uzun,1367924,1
5881151,2026-27,GER1,2026-08-29,eintracht frankfurt,younes ebnoutalib,Younes Ebnoutalib,1447050,1
5881151,2026-27,GER1,2026-08-29,eintracht frankfurt,jonathan burkardt,Jonathan Burkardt,947901,1
5881151,2026-27,GER1,2026-08-29,eintracht frankfurt,malik pimpong,Malik Pimpong,1690128,0
5881151,2026-27,GER1,2026-08-29,eintracht frankfurt,oscar hojlund,Oscar Højlund,1336529,0
5881151,2026-27,GER1,2026-08-29,eintracht frankfurt,love arrhov,Love Arrhov,1717491,0
5881151,2026-27,GER1,2026-08-29,eintracht frankfurt,otavio,Otávio,1738366,0
5881151,2026-27,GER1,2026-08-29,eintracht frankfurt,kaua,Kauã,1418816,0
5881151,2026-27,GER1,2026-08-29,eintracht frankfurt,mario gotze,Mario Götze,177714,0
5881151,2026-27,GER1,2026-08-29,eintracht frankfurt,noel aseko,Noël Aséko,1596359,0
5881151,2026-27,GER1,2026-08-29,eintracht frankfurt,timothy chandler,Timothy Chandler,158234,0
5881151,2026-27,GER1,2026-08-29,eintracht frankfurt,jean matteo bahoya,Jean-Mattéo Bahoya,1393672,0
5881152,2026-27,GER1,2026-09-05,bayer leverkusen,mark flekken,Mark Flekken,330643,1
5881152,2026-27,GER1,2026-09-05,bayer leverkusen,jarell quansah,Jarell Quansah,1107620,1
5881152,2026-27,GER1,2026-09-05,bayer leverkusen,edmond tapsoba,Edmond Tapsoba,789914,1
5881152,2026-27,GER1,2026-09-05,bayer leverkusen,facundo medina,Facundo Medina,812652,1
5881152,2026-27,GER1,2026-09-05,bayer leverkusen,miguel gutierrez,Miguel Gutiérrez,942379,1
5881152,2026-27,GER1,2026-09-05,bayer leverkusen,aleix garcia,Aleix García,642551,1
5881152,2026-27,GER1,2026-09-05,bayer leverkusen,equi fernandez,Equi Fernández,1199959,1
5881152,2026-27,GER1,2026-09-05,bayer leverkusen,afonso moreira,Afonso Moreira,1367047,1
5881152,2026-27,GER1,2026-09-05,bayer leverkusen,malik tillman,Malik Tillman,1126058,1
5881152,2026-27,GER1,2026-09-05,bayer leverkusen,ibrahim maza,Ibrahim Maza,1457626,1
5881152,2026-27,GER1,2026-09-05,bayer leverkusen,patrik schick,Patrik Schick,540097,1
5881152,2026-27,GER1,2026-09-05,bayer leverkusen,christian kofane,Christian Kofane,1705081,0
5881152,2026-27,GER1,2026-09-05,bayer leverkusen,moussa diaby,Moussa Diaby,923498,0
5881152,2026-27,GER1,2026-09-05,bayer leverkusen,loic bade,Loic Badé,1119461,0
5881152,2026-27,GER1,2026-09-05,bayer leverkusen,robert andrich,Robert Andrich,411851,0
5881152,2026-27,GER1,2026-09-05,bayer leverkusen,lucas vazquez,Lucas Vázquez,359193,0
5881152,2026-27,GER1,2026-09-05,bayer leverkusen,janis blaswich,Janis Blaswich,278814,0
5881152,2026-27,GER1,2026-09-05,bayer leverkusen,tim oermann,Tim Oermann,1381853,0
5881152,2026-27,GER1,2026-09-05,bayer leverkusen,jonas hofmann,Jonas Hofmann,331542,0
5881152,2026-27,GER1,2026-09-05,bayer leverkusen,victor okoh boniface,Victor Okoh Boniface,1035208,0
5881152,2026-27,GER1,2026-09-05,union berlin,frederik ronnow,Frederik Rønnow,186557,1
5881152,2026-27,GER1,2026-09-05,union berlin,josip juranovic,Josip Juranović,622373,1
5881152,2026-27,GER1,2026-09-05,union berlin,zeno van den bosch,Zeno Van Den Bosch,1231677,1
5881152,2026-27,GER1,2026-09-05,union berlin,felix uduokhai,Felix Uduokhai,767800,1
5881152,2026-27,GER1,2026-09-05,union berlin,tom rothe,Tom Rothe,1282582,1
5881152,2026-27,GER1,2026-09-05,union berlin,aljoscha kemlein,Aljoscha Kemlein,1403332,1
5881152,2026-27,GER1,2026-09-05,union berlin,michel aebischer,Michel Aebischer,792756,1
5881152,2026-27,GER1,2026-09-05,union berlin,livan burcu,Livan Burcu,1520506,1
5881152,2026-27,GER1,2026-09-05,union berlin,rani khedira,Rani Khedira,304348,1
5881152,2026-27,GER1,2026-09-05,union berlin,marin ljubicic,Marin Ljubičić,1242198,1
5881152,2026-27,GER1,2026-09-05,union berlin,emmanuel latte lath,Emmanuel Latte Lath,783585,1
5881152,2026-27,GER1,2026-09-05,union berlin,janik haberer,Janik Haberer,304354,0
5881152,2026-27,GER1,2026-09-05,union berlin,woo yeong jeong,Woo-Yeong Jeong,949673,0
5881152,2026-27,GER1,2026-09-05,union berlin,tim skarke,Tim Skarke,658440,0
5881152,2026-27,GER1,2026-09-05,union berlin,christopher trimmel,Christopher Trimmel,166733,0
5881152,2026-27,GER1,2026-09-05,union berlin,andras schafer,András Schäfer,836726,0
5881152,2026-27,GER1,2026-09-05,union berlin,matheo raab,Matheo Raab,1156148,0
5881152,2026-27,GER1,2026-09-05,union berlin,leopold querfeld,Leopold Querfeld,1199947,0
5881152,2026-27,GER1,2026-09-05,union berlin,robert skov,Robert Skov,447959,0
5881152,2026-27,GER1,2026-09-05,union berlin,derrick kohn,Derrick Köhn,860260,0
5881153,2026-27,GER1,2026-09-05,borussia monchengladbach,moritz nicolas,Moritz Nicolas,784146,1
5881153,2026-27,GER1,2026-09-05,borussia monchengladbach,joseph scally,Joseph Scally,959696,1
5881153,2026-27,GER1,2026-09-05,borussia monchengladbach,ko itakura,Ko Itakura,620917,1
5881153,2026-27,GER1,2026-09-05,borussia monchengladbach,kevin diks,Kevin Diks,566158,1
5881153,2026-27,GER1,2026-09-05,borussia monchengladbach,lukas ullrich,Lukas Ullrich,1398483,1
5881153,2026-27,GER1,2026-09-05,borussia monchengladbach,philipp sander,Philipp Sander,951918,1
5881153,2026-27,GER1,2026-09-05,borussia monchengladbach,mathieu nguefack,Mathieu Nguefack,1975572,1
5881153,2026-27,GER1,2026-09-05,borussia monchengladbach,franck honorat,Franck Honorat,501543,1
5881153,2026-27,GER1,2026-09-05,borussia monchengladbach,hugo bolin,Hugo Bolin,1351569,1
5881153,2026-27,GER1,2026-09-05,borussia monchengladbach,wael mohya,Wael Mohya,1793874,1
5881153,2026-27,GER1,2026-09-05,borussia monchengladbach,tim kleindienst,Tim Kleindienst,442728,1
5881153,2026-27,GER1,2026-09-05,borussia monchengladbach,nicolas gerrit kuhn,Nicolas-Gerrit Kühn,888745,0
5881153,2026-27,GER1,2026-09-05,borussia monchengladbach,robin hack,Robin Hack,884919,0
5881153,2026-27,GER1,2026-09-05,borussia monchengladbach,jan leszczynski,Jan Leszczyński,1660228,0
5881153,2026-27,GER1,2026-09-05,borussia monchengladbach,isac lidberg,Isac Lidberg,655095,0
5881153,2026-27,GER1,2026-09-05,borussia monchengladbach,david herold,David Herold,1356589,0
5881153,2026-27,GER1,2026-09-05,borussia monchengladbach,daniel batz,Daniel Batz,212873,0
5881153,2026-27,GER1,2026-09-05,borussia monchengladbach,fabio chiarodia,Fabio Chiarodia,1276331,0
5881153,2026-27,GER1,2026-09-05,borussia monchengladbach,kevin stoger,Kevin Stöger,276739,0
5881153,2026-27,GER1,2026-09-05,borussia monchengladbach,shuto machino,Shuto Machino,915111,0
5881153,2026-27,GER1,2026-09-05,elversberg,nicolas kristof,Nicolas Kristof,1285926,1
5881153,2026-27,GER1,2026-09-05,elversberg,jan gyamerah,Jan Gyamerah,458602,1
5881153,2026-27,GER1,2026-09-05,elversberg,lukas pinckert,Lukas Pinckert,1280560,1
5881153,2026-27,GER1,2026-09-05,elversberg,maximilian rohr,Maximilian Rohr,1077911,1
5881153,2026-27,GER1,2026-09-05,elversberg,lasse gunther,Lasse Günther,1245692,1
5881153,2026-27,GER1,2026-09-05,elversberg,felix keidel,Felix Keidel,1366338,1
5881153,2026-27,GER1,2026-09-05,elversberg,lukasz poreba,Łukasz Poręba,962113,1
5881153,2026-27,GER1,2026-09-05,elversberg,lukas petkov,Lukas Petkov,1093782,1
5881153,2026-27,GER1,2026-09-05,elversberg,francis onyeka,Francis Onyeka,1603681,1
5881153,2026-27,GER1,2026-09-05,elversberg,cole campbell,Cole Campbell,1288195,1
5881153,2026-27,GER1,2026-09-05,elversberg,david mokwa,David Mokwa,1459758,1
5881153,2026-27,GER1,2026-09-05,elversberg,maurice krattenmacher,Maurice Krattenmacher,1412933,0
5881153,2026-27,GER1,2026-09-05,elversberg,nicholas mickelson,Nicholas Mickelson,633721,0
5881153,2026-27,GER1,2026-09-05,elversberg,noel futkeu,Noel Futkeu,1138725,0
5881153,2026-27,GER1,2026-09-05,elversberg,luca sirch,Luca Sirch,1097361,0
5881153,2026-27,GER1,2026-09-05,elversberg,amara conde,Amara Condé,763990,0
5881153,2026-27,GER1,2026-09-05,elversberg,tim boss,Tim Boss,659051,0
5881153,2026-27,GER1,2026-09-05,elversberg,florian le joncour,Florian Le Joncour,594886,0
5881153,2026-27,GER1,2026-09-05,elversberg,luca schnellbacher,Luca Schnellbacher,459010,0
5881153,2026-27,GER1,2026-09-05,elversberg,noah darvich,Noah Darvich,1479921,0
5881154,2026-27,GER1,2026-09-06,eintracht frankfurt,noah atubolu,Noah Atubolu,1281100,1
5881154,2026-27,GER1,2026-09-06,eintracht frankfurt,elias baum,Elias Baum,1421821,1
5881154,2026-27,GER1,2026-09-06,eintracht frankfurt,robin koch,Robin Koch,628201,1
5881154,2026-27,GER1,2026-09-06,eintracht frankfurt,lilian brassier,Lilian Brassier,1073941,1
5881154,2026-27,GER1,2026-09-06,eintracht frankfurt,keita kosugi,Keita Kosugi,1627706,1
5881154,2026-27,GER1,2026-09-06,eintracht frankfurt,ritsu doan,Ritsu Doan,629805,1
5881154,2026-27,GER1,2026-09-06,eintracht frankfurt,mario gotze,Mario Götze,177714,1
5881154,2026-27,GER1,2026-09-06,eintracht frankfurt,raphael onyedika,Raphael Onyedika,1126768,1
5881154,2026-27,GER1,2026-09-06,eintracht frankfurt,can uzun,Can Uzun,1367924,1
5881154,2026-27,GER1,2026-09-06,eintracht frankfurt,jonathan burkardt,Jonathan Burkardt,947901,1
5881154,2026-27,GER1,2026-09-06,eintracht frankfurt,younes ebnoutalib,Younes Ebnoutalib,1447050,1
5881154,2026-27,GER1,2026-09-06,eintracht frankfurt,fares chaibi,Farès Chaïbi,1345875,0
5881154,2026-27,GER1,2026-09-06,eintracht frankfurt,timothy chandler,Timothy Chandler,158234,0
5881154,2026-27,GER1,2026-09-06,eintracht frankfurt,ayoube amaimouni echghouyab,Ayoube Amaimouni-Echghouyab,1680173,0
5881154,2026-27,GER1,2026-09-06,eintracht frankfurt,malik pimpong,Malik Pimpong,1690128,0
5881154,2026-27,GER1,2026-09-06,eintracht frankfurt,kaua,Kauã,1418816,0
5881154,2026-27,GER1,2026-09-06,eintracht frankfurt,jeremiaha maluze,Jeremiaha Maluze,1671553,0
5881154,2026-27,GER1,2026-09-06,eintracht frankfurt,otavio,Otávio,1738366,0
5881154,2026-27,GER1,2026-09-06,eintracht frankfurt,noel aseko,Noël Aséko,1596359,0
5881154,2026-27,GER1,2026-09-06,eintracht frankfurt,oscar hojlund,Oscar Højlund,1336529,0
5881154,2026-27,GER1,2026-09-06,augsburg,finn dahmen,Finn Dahmen,926445,1
5881154,2026-27,GER1,2026-09-06,augsburg,noahkai banks,Noahkai Banks,1641063,1
5881154,2026-27,GER1,2026-09-06,augsburg,chrislain matsima,Chrislain Matsima,1178512,1
5881154,2026-27,GER1,2026-09-06,augsburg,calvin brackelmann,Calvin Brackelmann,1300329,1
5881154,2026-27,GER1,2026-09-06,augsburg,marius wolf,Marius Wolf,556029,1
5881154,2026-27,GER1,2026-09-06,augsburg,han noah massengo,Han-Noah Massengo,978680,1
5881154,2026-27,GER1,2026-09-06,augsburg,fabian rieder,Fabian Rieder,1161211,1
5881154,2026-27,GER1,2026-09-06,augsburg,hennes behrens,Hennes Behrens,1678681,1
5881154,2026-27,GER1,2026-09-06,augsburg,arijon ibrahimovic,Arijon Ibrahimović,1327150,1
5881154,2026-27,GER1,2026-09-06,augsburg,robin fellhauer,Robin Fellhauer,1185609,1
5881154,2026-27,GER1,2026-09-06,augsburg,michael gregoritsch,Michael Gregoritsch,198316,1
5881154,2026-27,GER1,2026-09-06,augsburg,mert komur,Mert Kömür,1453218,0
5881154,2026-27,GER1,2026-09-06,augsburg,alexis claude maurice,Alexis Claude-Maurice,689065,0
5881154,2026-27,GER1,2026-09-06,augsburg,young woo seol,Young-Woo Seol,1132818,0
5881154,2026-27,GER1,2026-09-06,augsburg,rodrigo ribeiro,Rodrigo Ribeiro,1343749,0
5881154,2026-27,GER1,2026-09-06,augsburg,jeffrey gouweleeuw,Jeffrey Gouweleeuw,245315,0
5881154,2026-27,GER1,2026-09-06,augsburg,nediljko labrovic,Nediljko Labrović,1284464,0
5881154,2026-27,GER1,2026-09-06,augsburg,juma bah,Juma Bah,1539619,0
5881154,2026-27,GER1,2026-09-06,augsburg,yannik keitel,Yannik Keitel,844431,0
5881154,2026-27,GER1,2026-09-06,augsburg,uchenna ogundu,Uchenna Ogundu,1718174,0
5881155,2026-27,GER1,2026-09-06,hamburger,daniel heuer fernandes,Daniel Heuer Fernandes,406501,1
5881155,2026-27,GER1,2026-09-06,hamburger,nicolas capaldo,Nicolás Capaldo,1018564,1
5881155,2026-27,GER1,2026-09-06,hamburger,sebastiaan bornauw,Sebastiaan Bornauw,922892,1
5881155,2026-27,GER1,2026-09-06,hamburger,jordan torunarigha,Jordan Torunarigha,700074,1
5881155,2026-27,GER1,2026-09-06,hamburger,zakaria el ouahdi,Zakaria El Ouahdi,1287871,1
5881155,2026-27,GER1,2026-09-06,hamburger,bilal nadir,Bilal Nadir,1283407,1
5881155,2026-27,GER1,2026-09-06,hamburger,nicolai remberg,Nicolai Remberg,1188890,1
5881155,2026-27,GER1,2026-09-06,hamburger,david moller wolfe,David Møller Wolfe,1049679,1
5881155,2026-27,GER1,2026-09-06,hamburger,martin adeline,Martin Adeline,1324082,1
5881155,2026-27,GER1,2026-09-06,hamburger,albert gronbaek,Albert Grønbæk,1133381,1
5881155,2026-27,GER1,2026-09-06,hamburger,terem moffi,Terem Moffi,885005,1
5881155,2026-27,GER1,2026-09-06,hamburger,shafiq nandja,Shafiq Nandja,1804634,0
5881155,2026-27,GER1,2026-09-06,hamburger,fabio vieira,Fábio Vieira,1025462,0
5881155,2026-27,GER1,2026-09-06,hamburger,patson daka,Patson Daka,644459,0
5881155,2026-27,GER1,2026-09-06,hamburger,otto stange,Otto Stange,1576487,0
5881155,2026-27,GER1,2026-09-06,hamburger,louis lemke,Louis Lemke,1899791,0
5881155,2026-27,GER1,2026-09-06,hamburger,sander tangvik,Sander Tangvik,1145714,0
5881155,2026-27,GER1,2026-09-06,hamburger,bakery jatta,Bakery Jatta,763998,0
5881155,2026-27,GER1,2026-09-06,hamburger,kofi amoako,Kofi Amoako,1587901,0
5881155,2026-27,GER1,2026-09-06,hamburger,yussuf poulsen,Yussuf Poulsen,266527,0
5881155,2026-27,GER1,2026-09-06,mainz 05,alexander schwolow,Alexander Schwolow,248437,1
5881155,2026-27,GER1,2026-09-06,mainz 05,stefan posch,Stefan Posch,557325,1
5881155,2026-27,GER1,2026-09-06,mainz 05,fabio gruber,Fabio Gruber,1362417,1
5881155,2026-27,GER1,2026-09-06,mainz 05,kacper potulski,Kacper Potulski,1800401,1
5881155,2026-27,GER1,2026-09-06,mainz 05,anthony caci,Anthony Caci,771401,1
5881155,2026-27,GER1,2026-09-06,mainz 05,jae sung lee,Jae-Sung Lee,523749,1
5881155,2026-27,GER1,2026-09-06,mainz 05,kaishu sano,Kaishu Sano,1033111,1
5881155,2026-27,GER1,2026-09-06,mainz 05,nadiem amiri,Nadiem Amiri,614449,1
5881155,2026-27,GER1,2026-09-06,mainz 05,phillipp mwene,Phillipp Mwene,423812,1
5881155,2026-27,GER1,2026-09-06,mainz 05,phillip tietz,Phillip Tietz,686315,1
5881155,2026-27,GER1,2026-09-06,mainz 05,sheraldo becker,Sheraldo Becker,495222,1
5881155,2026-27,GER1,2026-09-06,mainz 05,ransford konigsdorffer,Ransford Königsdörffer,1121170,0
5881155,2026-27,GER1,2026-09-06,mainz 05,danny da costa,Danny da Costa,240537,0
5881155,2026-27,GER1,2026-09-06,mainz 05,rael nakuzola,Rael Nakuzola,2140397,0
5881155,2026-27,GER1,2026-09-06,mainz 05,lennard maloney,Lennard Maloney,921197,0
5881155,2026-27,GER1,2026-09-06,mainz 05,otto ruoppi,Otto Ruoppi,1347994,0
5881155,2026-27,GER1,2026-09-06,mainz 05,maximilian kinzig,Maximilian Kinzig,1283288,0
5881155,2026-27,GER1,2026-09-06,mainz 05,stefan bell,Stefan Bell,193901,0
5881155,2026-27,GER1,2026-09-06,mainz 05,sota kawasaki,Sota Kawasaki,1134759,0
5881155,2026-27,GER1,2026-09-06,mainz 05,benedict hollerbach,Benedict Hollerbach,1185568,0
5881156,2026-27,GER1,2026-09-05,tsg hoffenheim,oliver baumann,Oliver Baumann,178778,1
5881156,2026-27,GER1,2026-09-05,tsg hoffenheim,vladimir coufal,Vladimír Coufal,307317,1
5881156,2026-27,GER1,2026-09-05,tsg hoffenheim,ozan kabak,Ozan Kabak,845990,1
5881156,2026-27,GER1,2026-09-05,tsg hoffenheim,albian hajdari,Albian Hajdari,1186015,1
5881156,2026-27,GER1,2026-09-05,tsg hoffenheim,mats rots,Mats Rots,1445416,1
5881156,2026-27,GER1,2026-09-05,tsg hoffenheim,patrick wimmer,Patrick Wimmer,1073498,1
5881156,2026-27,GER1,2026-09-05,tsg hoffenheim,leon avdullahu,Leon Avdullahu,1478148,1
5881156,2026-27,GER1,2026-09-05,tsg hoffenheim,wouter burger,Wouter Burger,947884,1
5881156,2026-27,GER1,2026-09-05,tsg hoffenheim,adam daghim,Adam Daghim,1353000,1
5881156,2026-27,GER1,2026-09-05,tsg hoffenheim,adam hlozek,Adam Hložek,969870,1
5881156,2026-27,GER1,2026-09-05,tsg hoffenheim,tim lemperle,Tim Lemperle,1124825,1
5881156,2026-27,GER1,2026-09-05,tsg hoffenheim,andrej kramaric,Andrej Kramarić,173461,0
5881156,2026-27,GER1,2026-09-05,tsg hoffenheim,bambase conte,Bambasé Conté,1338957,0
5881156,2026-27,GER1,2026-09-05,tsg hoffenheim,robin hranac,Robin Hranác,1225995,0
5881156,2026-27,GER1,2026-09-05,tsg hoffenheim,nathan de cat,Nathan De Cat,1664759,0
5881156,2026-27,GER1,2026-09-05,tsg hoffenheim,max moerstedt,Max Moerstedt,1486537,0
5881156,2026-27,GER1,2026-09-05,tsg hoffenheim,luca philipp,Luca Philipp,1175933,0
5881156,2026-27,GER1,2026-09-05,tsg hoffenheim,bernardo,Bernardo,637716,0
5881156,2026-27,GER1,2026-09-05,tsg hoffenheim,cajetan lenz,Cajetan Lenz,1793498,0
5881156,2026-27,GER1,2026-09-05,tsg hoffenheim,valentin gendrey,Valentin Gendrey,1077653,0
5881156,2026-27,GER1,2026-09-05,borussia dortmund,gregor kobel,Gregor Kobel,764018,1
5881156,2026-27,GER1,2026-09-05,borussia dortmund,joane gadou,Joane Gadou,1479742,1
5881156,2026-27,GER1,2026-09-05,borussia dortmund,waldemar anton,Waldemar Anton,664970,1
5881156,2026-27,GER1,2026-09-05,borussia dortmund,filippo mane,Filippo Mane,1663094,1
5881156,2026-27,GER1,2026-09-05,borussia dortmund,julian ryerson,Julian Ryerson,659272,1
5881156,2026-27,GER1,2026-09-05,borussia dortmund,jobe bellingham,Jobe Bellingham,1287373,1
5881156,2026-27,GER1,2026-09-05,borussia dortmund,felix nmecha,Felix Nmecha,966019,1
5881156,2026-27,GER1,2026-09-05,borussia dortmund,daniel svensson,Daniel Svensson,1209228,1
5881156,2026-27,GER1,2026-09-05,borussia dortmund,konstantinos karetsas,Konstantinos Karetsas,1536436,1
5881156,2026-27,GER1,2026-09-05,borussia dortmund,maximilian beier,Maximilian Beier,1047667,1
5881156,2026-27,GER1,2026-09-05,borussia dortmund,serhou guirassy,Serhou Guirassy,448540,1
5881156,2026-27,GER1,2026-09-05,borussia dortmund,ethan nwaneri,Ethan Nwaneri,1254234,0
5881156,2026-27,GER1,2026-09-05,borussia dortmund,joey veerman,Joey Veerman,792429,0
5881156,2026-27,GER1,2026-09-05,borussia dortmund,luca reggiani,Luca Reggiani,1845173,0
5881156,2026-27,GER1,2026-09-05,borussia dortmund,fabio silva,Fábio Silva,1050158,0
5881156,2026-27,GER1,2026-09-05,borussia dortmund,marcel sabitzer,Marcel Sabitzer,215151,0
5881156,2026-27,GER1,2026-09-05,borussia dortmund,alexander meyer,Alexander Meyer,743381,0
5881156,2026-27,GER1,2026-09-05,borussia dortmund,kaua prates,Kauã Prates,1750565,0
5881156,2026-27,GER1,2026-09-05,borussia dortmund,carney chukwuemeka,Carney Chukwuemeka,1089685,0
5881156,2026-27,GER1,2026-09-05,borussia dortmund,mathis albert,Mathis Albert,1692797,0
5881157,2026-27,GER1,2026-09-05,paderborn,nahuel noll,Nahuel Noll,1257826,1
5881157,2026-27,GER1,2026-09-05,paderborn,jano ter horst,Jano ter Horst,1520469,1
5881157,2026-27,GER1,2026-09-05,paderborn,tjark scheller,Tjark Scheller,1415373,1
5881157,2026-27,GER1,2026-09-05,paderborn,mattes hansen,Mattes Hansen,1515976,1
5881157,2026-27,GER1,2026-09-05,paderborn,laurin curda,Laurin Curda,1426060,1
5881157,2026-27,GER1,2026-09-05,paderborn,santiago castaneda,Santiago Castañeda,1362492,1
5881157,2026-27,GER1,2026-09-05,paderborn,raphael obermair,Raphael Obermair,784225,1
5881157,2026-27,GER1,2026-09-05,paderborn,laurin ulrich,Laurin Ulrich,1367587,1
5881157,2026-27,GER1,2026-09-05,paderborn,gabriel vidovic,Gabriel Vidović,1276453,1
5881157,2026-27,GER1,2026-09-05,paderborn,marvin pieringer,Marvin Pieringer,956913,1
5881157,2026-27,GER1,2026-09-05,paderborn,rayan philippe,Rayan Philippe,1079892,1
5881157,2026-27,GER1,2026-09-05,paderborn,steffen tigges,Steffen Tigges,706500,0
5881157,2026-27,GER1,2026-09-05,paderborn,oliver batista meier,Oliver Batista Meier,950822,0
5881157,2026-27,GER1,2026-09-05,paderborn,jonah sticker,Jonah Sticker,1520593,0
5881157,2026-27,GER1,2026-09-05,paderborn,stefano marino,Stefano Marino,1321553,0
5881157,2026-27,GER1,2026-09-05,paderborn,niklas mohr,Niklas Mohr,1801952,0
5881157,2026-27,GER1,2026-09-05,paderborn,markus schubert,Markus Schubert,659046,0
5881157,2026-27,GER1,2026-09-05,paderborn,clemens lippmann,Clemens Lippmann,1701615,0
5881157,2026-27,GER1,2026-09-05,paderborn,luka djuric,Luka Djuric,1586401,0
5881157,2026-27,GER1,2026-09-05,paderborn,tom baack,Tom Baack,658444,0
5881157,2026-27,GER1,2026-09-05,freiburg,mio backhaus,Mio Backhaus,1352996,1
5881157,2026-27,GER1,2026-09-05,freiburg,philipp treu,Philipp Treu,1281090,1
5881157,2026-27,GER1,2026-09-05,freiburg,matthias ginter,Matthias Ginter,303912,1
5881157,2026-27,GER1,2026-09-05,freiburg,philipp lienhart,Philipp Lienhart,643724,1
5881157,2026-27,GER1,2026-09-05,freiburg,jordy makengo,Jordy Makengo,1281108,1
5881157,2026-27,GER1,2026-09-05,freiburg,maximilian eggestein,Maximilian Eggestein,602523,1
5881157,2026-27,GER1,2026-09-05,freiburg,yannik engelhardt,Yannik Engelhardt,1269497,1
5881157,2026-27,GER1,2026-09-05,freiburg,jan niklas beste,Jan-Niklas Beste,864157,1
5881157,2026-27,GER1,2026-09-05,freiburg,yuito suzuki,Yuito Suzuki,1134467,1
5881157,2026-27,GER1,2026-09-05,freiburg,derry scherhant,Derry Scherhant,1302666,1
5881157,2026-27,GER1,2026-09-05,freiburg,igor matanovic,Igor Matanović,1210893,1
5881157,2026-27,GER1,2026-09-05,freiburg,lukas kubler,Lukas Kübler,307209,0
5881157,2026-27,GER1,2026-09-05,freiburg,vincenzo grifo,Vincenzo Grifo,400625,0
5881157,2026-27,GER1,2026-09-05,freiburg,berkay yilmaz,Berkay Yılmaz,1580371,0
5881157,2026-27,GER1,2026-09-05,freiburg,keisuke goto,Keisuke Goto,1436730,0
5881157,2026-27,GER1,2026-09-05,freiburg,florian muller,Florian Müller,737365,0
5881157,2026-27,GER1,2026-09-05,freiburg,bruno ogbus,Bruno Ogbus,1577843,0
5881157,2026-27,GER1,2026-09-05,freiburg,christian gunter,Christian Günter,355358,0
5881157,2026-27,GER1,2026-09-05,freiburg,max rosenfelder,Max Rosenfelder,1281107,0
5881157,2026-27,GER1,2026-09-05,freiburg,cyriaque irie,Cyriaque Irié,1526221,0
5881158,2026-27,GER1,2026-09-05,schalke,loris karius,Loris Karius,287894,1
5881158,2026-27,GER1,2026-09-05,schalke,timo becker,Timo Becker,785739,1
5881158,2026-27,GER1,2026-09-05,schalke,nikola katic,Nikola Katić,725655,1
5881158,2026-27,GER1,2026-09-05,schalke,hasan kurucay,Hasan Kuruçay,794619,1
5881158,2026-27,GER1,2026-09-05,schalke,junior dina ebimbe,Junior Dina Ebimbe,1040889,1
5881158,2026-27,GER1,2026-09-05,schalke,soufian el faouzi,Soufian El-Faouzi,1249185,1
5881158,2026-27,GER1,2026-09-05,schalke,satoshi tanaka,Satoshi Tanaka,1155066,1
5881158,2026-27,GER1,2026-09-05,schalke,robin gosens,Robin Gosens,518346,1
5881158,2026-27,GER1,2026-09-05,schalke,dejan ljubicic,Dejan Ljubičić,861668,1
5881158,2026-27,GER1,2026-09-05,schalke,adil aouchiche,Adil Aouchiche,1047664,1
5881158,2026-27,GER1,2026-09-05,schalke,moussa sylla,Moussa Sylla,860056,1
5881158,2026-27,GER1,2026-09-05,schalke,mertcan ayhan,Mertcan Ayhan,1755657,0
5881158,2026-27,GER1,2026-09-05,schalke,vitalie becker,Vitalie Becker,1659420,0
5881158,2026-27,GER1,2026-09-05,schalke,maximilian wober,Maximilian Wöber,701149,0
5881158,2026-27,GER1,2026-09-05,schalke,luca vozar,Luca Vozar,1842512,0
5881158,2026-27,GER1,2026-09-05,schalke,kenan karaman,Kenan Karaman,469763,0
5881158,2026-27,GER1,2026-09-05,schalke,kevin muller,Kevin Müller,215159,0
5881158,2026-27,GER1,2026-09-05,schalke,janik bachmann,Janik Bachmann,560976,0
5881158,2026-27,GER1,2026-09-05,schalke,chukwubuike adamu,Chukwubuike Adamu,882163,0
5881158,2026-27,GER1,2026-09-05,schalke,edin dzeko,Edin Džeko,15403,0
5881158,2026-27,GER1,2026-09-05,bayern munich,manuel neuer,Manuel Neuer,27299,1
5881158,2026-27,GER1,2026-09-05,bayern munich,konrad laimer,Konrad Laimer,526827,1
5881158,2026-27,GER1,2026-09-05,bayern munich,dayot upamecano,Dayot Upamecano,658554,1
5881158,2026-27,GER1,2026-09-05,bayern munich,jonathan tah,Jonathan Tah,469700,1
5881158,2026-27,GER1,2026-09-05,bayern munich,alphonso davies,Alphonso Davies,751202,1
5881158,2026-27,GER1,2026-09-05,bayern munich,joshua kimmich,Joshua Kimmich,460632,1
5881158,2026-27,GER1,2026-09-05,bayern munich,aleksandar pavlovic,Aleksandar Pavlović,1473580,1
5881158,2026-27,GER1,2026-09-05,bayern munich,lennart karl,Lennart Karl,1737700,1
5881158,2026-27,GER1,2026-09-05,bayern munich,nathaniel brown,Nathaniel Brown,1395447,1
5881158,2026-27,GER1,2026-09-05,bayern munich,luis diaz,Luis Díaz,860914,1
5881158,2026-27,GER1,2026-09-05,bayern munich,ismael saibari,Ismael Saibari,1180288,1
5881158,2026-27,GER1,2026-09-05,bayern munich,harry kane,Harry Kane,194165,0
5881158,2026-27,GER1,2026-09-05,bayern munich,jamal musiala,Jamal Musiala,1156141,0
5881158,2026-27,GER1,2026-09-05,bayern munich,michael olise,Michael Olise,1029063,0
5881158,2026-27,GER1,2026-09-05,bayern munich,tom bischof,Tom Bischof,1286183,0
5881158,2026-27,GER1,2026-09-05,bayern munich,jonas urbig,Jonas Urbig,1285872,0
5881158,2026-27,GER1,2026-09-05,bayern munich,hiroki ito,Hiroki Ito,851626,0
5881158,2026-27,GER1,2026-09-05,bayern munich,josip stanisic,Josip Stanišić,950824,0
5881158,2026-27,GER1,2026-09-05,bayern munich,min jae kim,Min-Jae Kim,828159,0
5881158,2026-27,GER1,2026-09-05,bayern munich,bara ndiaye,Bara Ndiaye,1798782,0
5881159,2026-27,GER1,2026-09-04,stuttgart,fabian bredlow,Fabian Bredlow,522236,1
5881159,2026-27,GER1,2026-09-04,stuttgart,josha vagnoman,Josha Vagnoman,928454,1
5881159,2026-27,GER1,2026-09-04,stuttgart,finn jeltsch,Finn Jeltsch,1487877,1
5881159,2026-27,GER1,2026-09-04,stuttgart,jeff chabot,Jeff Chabot,867080,1
5881159,2026-27,GER1,2026-09-04,stuttgart,maximilian mittelstadt,Maximilian Mittelstädt,614384,1
5881159,2026-27,GER1,2026-09-04,stuttgart,bilal el khannouss,Bilal El Khannouss,1340895,1
5881159,2026-27,GER1,2026-09-04,stuttgart,grischa promel,Grischa Prömel,625175,1
5881159,2026-27,GER1,2026-09-04,stuttgart,angelo stiller,Angelo Stiller,1071186,1
5881159,2026-27,GER1,2026-09-04,stuttgart,chris fuhrich,Chris Führich,892679,1
5881159,2026-27,GER1,2026-09-04,stuttgart,dzenan pejcinovic,Dženan Pejčinović,1366602,1
5881159,2026-27,GER1,2026-09-04,stuttgart,deniz undav,Deniz Undav,661519,1
5881159,2026-27,GER1,2026-09-04,stuttgart,ermedin demirovic,Ermedin Demirović,840241,0
5881159,2026-27,GER1,2026-09-04,stuttgart,jamie leweling,Jamie Leweling,1074968,0
5881159,2026-27,GER1,2026-09-04,stuttgart,ramon hendriks,Ramon Hendriks,1125187,0
5881159,2026-27,GER1,2026-09-04,stuttgart,leo sauer,Leo Sauer,1425998,0
5881159,2026-27,GER1,2026-09-04,stuttgart,yanik spalt,Yanik Spalt,1793638,0
5881159,2026-27,GER1,2026-09-04,stuttgart,marius funk,Marius Funk,659086,0
5881159,2026-27,GER1,2026-09-04,stuttgart,ameen al dakhil,Ameen Al Dakhil,1279764,0
5881159,2026-27,GER1,2026-09-04,stuttgart,leonidas stergiou,Leonidas Stergiou,1019947,0
5881159,2026-27,GER1,2026-09-04,stuttgart,atakan karazor,Atakan Karazor,684983,0
5881159,2026-27,GER1,2026-09-04,cologne,marvin schwabe,Marvin Schwäbe,573465,1
5881159,2026-27,GER1,2026-09-04,cologne,alessio castro montes,Alessio Castro-Montes,748620,1
5881159,2026-27,GER1,2026-09-04,cologne,jahmai simpson pusey,Jahmai Simpson-Pusey,1463271,1
5881159,2026-27,GER1,2026-09-04,cologne,luka lochoshvili,Luka Lochoshvili,784175,1
5881159,2026-27,GER1,2026-09-04,cologne,gideon mensah,Gideon Mensah,771630,1
5881159,2026-27,GER1,2026-09-04,cologne,isak johannesson,Ísak Jóhannesson,1000428,1
5881159,2026-27,GER1,2026-09-04,cologne,tom krauss,Tom Krauß,992060,1
5881159,2026-27,GER1,2026-09-04,cologne,paul okon engstler,Paul Okon-Engstler,1527363,1
5881159,2026-27,GER1,2026-09-04,cologne,jan thielmann,Jan Thielmann,1119643,1
5881159,2026-27,GER1,2026-09-04,cologne,ragnar ache,Ragnar Ache,772193,1
5881159,2026-27,GER1,2026-09-04,cologne,linton maina,Linton Maina,930035,1
5881159,2026-27,GER1,2026-09-04,cologne,ellyes skhiri,Ellyes Skhiri,574642,0
5881159,2026-27,GER1,2026-09-04,cologne,mikey moore,Mikey Moore,1407250,0
5881159,2026-27,GER1,2026-09-04,cologne,marius bulter,Marius Bülter,626890,0
5881159,2026-27,GER1,2026-09-04,cologne,reigan heskey,Reigan Heskey,1665352,0
5881159,2026-27,GER1,2026-09-04,cologne,imad rondic,Imad Rondić,916092,0
5881159,2026-27,GER1,2026-09-04,cologne,ron robert zieler,Ron-Robert Zieler,41087,0
5881159,2026-27,GER1,2026-09-04,cologne,joel schmied,Joël Schmied,1003254,0
5881159,2026-27,GER1,2026-09-04,cologne,rav van den berg,Rav van den Berg,1199391,0
5881159,2026-27,GER1,2026-09-04,cologne,borna sosa,Borna Sosa,622091,0
5881160,2026-27,GER1,2026-09-05,werder bremen,karl hein,Karl Hein,982692,1
5881160,2026-27,GER1,2026-09-05,werder bremen,arthur,Arthur,1353457,1
5881160,2026-27,GER1,2026-09-05,werder bremen,amos pieper,Amos Pieper,765998,1
5881160,2026-27,GER1,2026-09-05,werder bremen,marco friedl,Marco Friedl,767789,1
5881160,2026-27,GER1,2026-09-05,werder bremen,olivier deman,Olivier Deman,969856,1
5881160,2026-27,GER1,2026-09-05,werder bremen,ludovit reis,Ludovit Reis,869326,1
5881160,2026-27,GER1,2026-09-05,werder bremen,youri regeer,Youri Regeer,1111980,1
5881160,2026-27,GER1,2026-09-05,werder bremen,eren dinkci,Eren Dinkçi,1146376,1
5881160,2026-27,GER1,2026-09-05,werder bremen,chuki,Chuki,1315344,1
5881160,2026-27,GER1,2026-09-05,werder bremen,marco grull,Marco Grüll,1024292,1
5881160,2026-27,GER1,2026-09-05,werder bremen,niclas fullkrug,Niclas Füllkrug,276791,1
5881160,2026-27,GER1,2026-09-05,werder bremen,mick schmetgens,Mick Schmetgens,1714103,0
5881160,2026-27,GER1,2026-09-05,werder bremen,paul erevbenagie,Paul Erevbenagie,1810868,0
5881160,2026-27,GER1,2026-09-05,werder bremen,cedric itten,Cedric Itten,726956,0
5881160,2026-27,GER1,2026-09-05,werder bremen,dariusz stalmach,Dariusz Stalmach,1276988,0
5881160,2026-27,GER1,2026-09-05,werder bremen,salim musah,Salim Musah,1646629,0
5881160,2026-27,GER1,2026-09-05,werder bremen,alexander schlager,Alexander Schlager,450739,0
5881160,2026-27,GER1,2026-09-05,werder bremen,moussa ndiaye,Moussa N'Diaye,1053674,0
5881160,2026-27,GER1,2026-09-05,werder bremen,niklas stark,Niklas Stark,425962,0
5881160,2026-27,GER1,2026-09-05,werder bremen,oskar wojcik,Oskar Wójcik,1283403,0
5881160,2026-27,GER1,2026-09-05,leipzig,maarten vandevoordt,Maarten Vandevoordt,972200,1
5881160,2026-27,GER1,2026-09-05,leipzig,ridle baku,Ridle Baku,883087,1
5881160,2026-27,GER1,2026-09-05,leipzig,willi orban,Willi Orbán,278856,1
5881160,2026-27,GER1,2026-09-05,leipzig,maxime esteve,Maxime Estève,1250443,1
5881160,2026-27,GER1,2026-09-05,leipzig,david raum,David Raum,806669,1
5881160,2026-27,GER1,2026-09-05,leipzig,neil el aynaoui,Neil El Aynaoui,1274060,1
5881160,2026-27,GER1,2026-09-05,leipzig,nicolas seiwald,Nicolas Seiwald,1024672,1
5881160,2026-27,GER1,2026-09-05,leipzig,ezechiel banzuzi,Ezechiel Banzuzi,1310001,1
5881160,2026-27,GER1,2026-09-05,leipzig,johan bakayoko,Johan Bakayoko,1203194,1
5881160,2026-27,GER1,2026-09-05,leipzig,christopher nkunku,Christopher Nkunku,704523,1
5881160,2026-27,GER1,2026-09-05,leipzig,antonio nusa,Antonio Nusa,1248482,1
5881160,2026-27,GER1,2026-09-05,leipzig,tidiam gomis,Tidiam Gomis,1482733,0
5881160,2026-27,GER1,2026-09-05,leipzig,marc guiu,Marc Guiu,1412137,0
5881160,2026-27,GER1,2026-09-05,leipzig,andrija maksimovic,Andrija Maksimović,1482209,0
5881160,2026-27,GER1,2026-09-05,leipzig,samba konate,Samba Konaté,1860819,0
5881160,2026-27,GER1,2026-09-05,leipzig,orjan haskjold nyland,Ørjan Håskjold Nyland,73409,0
5881160,2026-27,GER1,2026-09-05,leipzig,abdoul kone,Abdoul Koné,1643776,0
5881160,2026-27,GER1,2026-09-05,leipzig,benjamin henrichs,Benjamin Henrichs,681383,0
5881160,2026-27,GER1,2026-09-05,leipzig,lukas klostermann,Lukas Klostermann,526657,0
5881160,2026-27,GER1,2026-09-05,leipzig,max finkgrafe,Max Finkgräfe,1529161,0
5881161,2026-27,GER1,2026-09-12,augsburg,finn dahmen,Finn Dahmen,926445,1
5881161,2026-27,GER1,2026-09-12,augsburg,noahkai banks,Noahkai Banks,1641063,1
5881161,2026-27,GER1,2026-09-12,augsburg,chrislain matsima,Chrislain Matsima,1178512,1
5881161,2026-27,GER1,2026-09-12,augsburg,calvin brackelmann,Calvin Brackelmann,1300329,1
5881161,2026-27,GER1,2026-09-12,augsburg,marius wolf,Marius Wolf,556029,1
5881161,2026-27,GER1,2026-09-12,augsburg,han noah massengo,Han-Noah Massengo,978680,1
5881161,2026-27,GER1,2026-09-12,augsburg,fabian rieder,Fabian Rieder,1161211,1
5881161,2026-27,GER1,2026-09-12,augsburg,hennes behrens,Hennes Behrens,1678681,1
5881161,2026-27,GER1,2026-09-12,augsburg,robin fellhauer,Robin Fellhauer,1185609,1
5881161,2026-27,GER1,2026-09-12,augsburg,arijon ibrahimovic,Arijon Ibrahimović,1327150,1
5881161,2026-27,GER1,2026-09-12,augsburg,michael gregoritsch,Michael Gregoritsch,198316,1
5881161,2026-27,GER1,2026-09-12,augsburg,alexis claude maurice,Alexis Claude-Maurice,689065,0
5881161,2026-27,GER1,2026-09-12,augsburg,young woo seol,Young-Woo Seol,1132818,0
5881161,2026-27,GER1,2026-09-12,augsburg,mert komur,Mert Kömür,1453218,0
5881161,2026-27,GER1,2026-09-12,augsburg,yannik keitel,Yannik Keitel,844431,0
5881161,2026-27,GER1,2026-09-12,augsburg,rodrigo ribeiro,Rodrigo Ribeiro,1343749,0
5881161,2026-27,GER1,2026-09-12,augsburg,nediljko labrovic,Nediljko Labrović,1284464,0
5881161,2026-27,GER1,2026-09-12,augsburg,jeffrey gouweleeuw,Jeffrey Gouweleeuw,245315,0
5881161,2026-27,GER1,2026-09-12,augsburg,juma bah,Juma Bah,1539619,0
5881161,2026-27,GER1,2026-09-12,augsburg,uchenna ogundu,Uchenna Ogundu,1718174,0
5881161,2026-27,GER1,2026-09-12,bayer leverkusen,mark flekken,Mark Flekken,330643,1
5881161,2026-27,GER1,2026-09-12,bayer leverkusen,jarell quansah,Jarell Quansah,1107620,1
5881161,2026-27,GER1,2026-09-12,bayer leverkusen,edmond tapsoba,Edmond Tapsoba,789914,1
5881161,2026-27,GER1,2026-09-12,bayer leverkusen,facundo medina,Facundo Medina,812652,1
5881161,2026-27,GER1,2026-09-12,bayer leverkusen,miguel gutierrez,Miguel Gutiérrez,942379,1
5881161,2026-27,GER1,2026-09-12,bayer leverkusen,equi fernandez,Equi Fernández,1199959,1
5881161,2026-27,GER1,2026-09-12,bayer leverkusen,aleix garcia,Aleix García,642551,1
5881161,2026-27,GER1,2026-09-12,bayer leverkusen,moussa diaby,Moussa Diaby,923498,1
5881161,2026-27,GER1,2026-09-12,bayer leverkusen,ibrahim maza,Ibrahim Maza,1457626,1
5881161,2026-27,GER1,2026-09-12,bayer leverkusen,afonso moreira,Afonso Moreira,1367047,1
5881161,2026-27,GER1,2026-09-12,bayer leverkusen,christian kofane,Christian Kofane,1705081,1
5881161,2026-27,GER1,2026-09-12,bayer leverkusen,guela doue,Guéla Doué,1395704,0
5881161,2026-27,GER1,2026-09-12,bayer leverkusen,patrik schick,Patrik Schick,540097,0
5881161,2026-27,GER1,2026-09-12,bayer leverkusen,malik tillman,Malik Tillman,1126058,0
5881161,2026-27,GER1,2026-09-12,bayer leverkusen,martin terrier,Martin Terrier,770136,0
5881161,2026-27,GER1,2026-09-12,bayer leverkusen,lucas vazquez,Lucas Vázquez,359193,0
5881161,2026-27,GER1,2026-09-12,bayer leverkusen,janis blaswich,Janis Blaswich,278814,0
5881161,2026-27,GER1,2026-09-12,bayer leverkusen,loic bade,Loic Badé,1119461,0
5881161,2026-27,GER1,2026-09-12,bayer leverkusen,robert andrich,Robert Andrich,411851,0
5881161,2026-27,GER1,2026-09-12,bayer leverkusen,jonas hofmann,Jonas Hofmann,331542,0
5881162,2026-27,GER1,2026-09-12,borussia dortmund,gregor kobel,Gregor Kobel,764018,1
5881162,2026-27,GER1,2026-09-12,borussia dortmund,joane gadou,Joane Gadou,1479742,1
5881162,2026-27,GER1,2026-09-12,borussia dortmund,waldemar anton,Waldemar Anton,664970,1
5881162,2026-27,GER1,2026-09-12,borussia dortmund,nico schlotterbeck,Nico Schlotterbeck,1002058,1
5881162,2026-27,GER1,2026-09-12,borussia dortmund,julian ryerson,Julian Ryerson,659272,1
5881162,2026-27,GER1,2026-09-12,borussia dortmund,joey veerman,Joey Veerman,792429,1
5881162,2026-27,GER1,2026-09-12,borussia dortmund,jobe bellingham,Jobe Bellingham,1287373,1
5881162,2026-27,GER1,2026-09-12,borussia dortmund,daniel svensson,Daniel Svensson,1209228,1
5881162,2026-27,GER1,2026-09-12,borussia dortmund,ethan nwaneri,Ethan Nwaneri,1254234,1
5881162,2026-27,GER1,2026-09-12,borussia dortmund,fabio silva,Fábio Silva,1050158,1
5881162,2026-27,GER1,2026-09-12,borussia dortmund,serhou guirassy,Serhou Guirassy,448540,1
5881162,2026-27,GER1,2026-09-12,borussia dortmund,carney chukwuemeka,Carney Chukwuemeka,1089685,0
5881162,2026-27,GER1,2026-09-12,borussia dortmund,felix nmecha,Felix Nmecha,966019,0
5881162,2026-27,GER1,2026-09-12,borussia dortmund,marcel sabitzer,Marcel Sabitzer,215151,0
5881162,2026-27,GER1,2026-09-12,borussia dortmund,ramy bensebaini,Ramy Bensebaini,559065,0
5881162,2026-27,GER1,2026-09-12,borussia dortmund,maximilian beier,Maximilian Beier,1047667,0
5881162,2026-27,GER1,2026-09-12,borussia dortmund,alexander meyer,Alexander Meyer,743381,0
5881162,2026-27,GER1,2026-09-12,borussia dortmund,kaua prates,Kauã Prates,1750565,0
5881162,2026-27,GER1,2026-09-12,borussia dortmund,luca reggiani,Luca Reggiani,1845173,0
5881162,2026-27,GER1,2026-09-12,borussia dortmund,mathis albert,Mathis Albert,1692797,0
5881162,2026-27,GER1,2026-09-12,paderborn,nahuel noll,Nahuel Noll,1257826,1
5881162,2026-27,GER1,2026-09-12,paderborn,jano ter horst,Jano ter Horst,1520469,1
5881162,2026-27,GER1,2026-09-12,paderborn,tjark scheller,Tjark Scheller,1415373,1
5881162,2026-27,GER1,2026-09-12,paderborn,mattes hansen,Mattes Hansen,1515976,1
5881162,2026-27,GER1,2026-09-12,paderborn,laurin curda,Laurin Curda,1426060,1
5881162,2026-27,GER1,2026-09-12,paderborn,laurin ulrich,Laurin Ulrich,1367587,1
5881162,2026-27,GER1,2026-09-12,paderborn,santiago castaneda,Santiago Castañeda,1362492,1
5881162,2026-27,GER1,2026-09-12,paderborn,gabriel vidovic,Gabriel Vidović,1276453,1
5881162,2026-27,GER1,2026-09-12,paderborn,raphael obermair,Raphael Obermair,784225,1
5881162,2026-27,GER1,2026-09-12,paderborn,marvin pieringer,Marvin Pieringer,956913,1
5881162,2026-27,GER1,2026-09-12,paderborn,stefano marino,Stefano Marino,1321553,1
5881162,2026-27,GER1,2026-09-12,paderborn,clemens lippmann,Clemens Lippmann,1701615,0
5881162,2026-27,GER1,2026-09-12,paderborn,oliver batista meier,Oliver Batista Meier,950822,0
5881162,2026-27,GER1,2026-09-12,paderborn,steffen tigges,Steffen Tigges,706500,0
5881162,2026-27,GER1,2026-09-12,paderborn,luka djuric,Luka Djuric,1586401,0
5881162,2026-27,GER1,2026-09-12,paderborn,rayan philippe,Rayan Philippe,1079892,0
5881162,2026-27,GER1,2026-09-12,paderborn,markus schubert,Markus Schubert,659046,0
5881162,2026-27,GER1,2026-09-12,paderborn,felix gotze,Felix Götze,767790,0
5881162,2026-27,GER1,2026-09-12,paderborn,jonah sticker,Jonah Sticker,1520593,0
5881162,2026-27,GER1,2026-09-12,paderborn,tom baack,Tom Baack,658444,0
5881163,2026-27,GER1,2026-09-13,elversberg,nicolas kristof,Nicolas Kristof,1285926,1
5881163,2026-27,GER1,2026-09-13,elversberg,jan gyamerah,Jan Gyamerah,458602,1
5881163,2026-27,GER1,2026-09-13,elversberg,lukas pinckert,Lukas Pinckert,1280560,1
5881163,2026-27,GER1,2026-09-13,elversberg,maximilian rohr,Maximilian Rohr,1077911,1
5881163,2026-27,GER1,2026-09-13,elversberg,lasse gunther,Lasse Günther,1245692,1
5881163,2026-27,GER1,2026-09-13,elversberg,felix keidel,Felix Keidel,1366338,1
5881163,2026-27,GER1,2026-09-13,elversberg,lukasz poreba,Łukasz Poręba,962113,1
5881163,2026-27,GER1,2026-09-13,elversberg,lukas petkov,Lukas Petkov,1093782,1
5881163,2026-27,GER1,2026-09-13,elversberg,francis onyeka,Francis Onyeka,1603681,1
5881163,2026-27,GER1,2026-09-13,elversberg,cole campbell,Cole Campbell,1288195,1
5881163,2026-27,GER1,2026-09-13,elversberg,david mokwa,David Mokwa,1459758,1
5881163,2026-27,GER1,2026-09-13,elversberg,noah darvich,Noah Darvich,1479921,0
5881163,2026-27,GER1,2026-09-13,elversberg,maurice krattenmacher,Maurice Krattenmacher,1412933,0
5881163,2026-27,GER1,2026-09-13,elversberg,amara conde,Amara Condé,763990,0
5881163,2026-27,GER1,2026-09-13,elversberg,noel futkeu,Noel Futkeu,1138725,0
5881163,2026-27,GER1,2026-09-13,elversberg,luca schnellbacher,Luca Schnellbacher,459010,0
5881163,2026-27,GER1,2026-09-13,elversberg,tim boss,Tim Boss,659051,0
5881163,2026-27,GER1,2026-09-13,elversberg,florian le joncour,Florian Le Joncour,594886,0
5881163,2026-27,GER1,2026-09-13,elversberg,luca sirch,Luca Sirch,1097361,0
5881163,2026-27,GER1,2026-09-13,elversberg,nicholas mickelson,Nicholas Mickelson,633721,0
5881163,2026-27,GER1,2026-09-13,bayern munich,jonas urbig,Jonas Urbig,1285872,1
5881163,2026-27,GER1,2026-09-13,bayern munich,josip stanisic,Josip Stanišić,950824,1
5881163,2026-27,GER1,2026-09-13,bayern munich,dayot upamecano,Dayot Upamecano,658554,1
5881163,2026-27,GER1,2026-09-13,bayern munich,min jae kim,Min-Jae Kim,828159,1
5881163,2026-27,GER1,2026-09-13,bayern munich,nathaniel brown,Nathaniel Brown,1395447,1
5881163,2026-27,GER1,2026-09-13,bayern munich,aleksandar pavlovic,Aleksandar Pavlović,1473580,1
5881163,2026-27,GER1,2026-09-13,bayern munich,tom bischof,Tom Bischof,1286183,1
5881163,2026-27,GER1,2026-09-13,bayern munich,lennart karl,Lennart Karl,1737700,1
5881163,2026-27,GER1,2026-09-13,bayern munich,michael olise,Michael Olise,1029063,1
5881163,2026-27,GER1,2026-09-13,bayern munich,ismael saibari,Ismael Saibari,1180288,1
5881163,2026-27,GER1,2026-09-13,bayern munich,harry kane,Harry Kane,194165,1
5881163,2026-27,GER1,2026-09-13,bayern munich,alphonso davies,Alphonso Davies,751202,0
5881163,2026-27,GER1,2026-09-13,bayern munich,jamal musiala,Jamal Musiala,1156141,0
5881163,2026-27,GER1,2026-09-13,bayern munich,joshua kimmich,Joshua Kimmich,460632,0
5881163,2026-27,GER1,2026-09-13,bayern munich,luis diaz,Luis Díaz,860914,0
5881163,2026-27,GER1,2026-09-13,bayern munich,manuel neuer,Manuel Neuer,27299,0
5881163,2026-27,GER1,2026-09-13,bayern munich,hiroki ito,Hiroki Ito,851626,0
5881163,2026-27,GER1,2026-09-13,bayern munich,jonathan tah,Jonathan Tah,469700,0
5881163,2026-27,GER1,2026-09-13,bayern munich,konrad laimer,Konrad Laimer,526827,0
5881163,2026-27,GER1,2026-09-13,bayern munich,serge gnabry,Serge Gnabry,385437,0
5881164,2026-27,GER1,2026-09-12,cologne,marvin schwabe,Marvin Schwäbe,573465,1
5881164,2026-27,GER1,2026-09-12,cologne,alessio castro montes,Alessio Castro-Montes,748620,1
5881164,2026-27,GER1,2026-09-12,cologne,jahmai simpson pusey,Jahmai Simpson-Pusey,1463271,1
5881164,2026-27,GER1,2026-09-12,cologne,luka lochoshvili,Luka Lochoshvili,784175,1
5881164,2026-27,GER1,2026-09-12,cologne,gideon mensah,Gideon Mensah,771630,1
5881164,2026-27,GER1,2026-09-12,cologne,ellyes skhiri,Ellyes Skhiri,574642,1
5881164,2026-27,GER1,2026-09-12,cologne,tom krauss,Tom Krauß,992060,1
5881164,2026-27,GER1,2026-09-12,cologne,linton maina,Linton Maina,930035,1
5881164,2026-27,GER1,2026-09-12,cologne,mikey moore,Mikey Moore,1407250,1
5881164,2026-27,GER1,2026-09-12,cologne,marius bulter,Marius Bülter,626890,1
5881164,2026-27,GER1,2026-09-12,cologne,thijs dallinga,Thijs Dallinga,885085,1
5881164,2026-27,GER1,2026-09-12,cologne,sebastian sebulonsen,Sebastian Sebulonsen,936140,0
5881164,2026-27,GER1,2026-09-12,cologne,isak johannesson,Ísak Jóhannesson,1000428,0
5881164,2026-27,GER1,2026-09-12,cologne,ragnar ache,Ragnar Ache,772193,0
5881164,2026-27,GER1,2026-09-12,cologne,said el mala,Saïd El Mala,1613676,0
5881164,2026-27,GER1,2026-09-12,cologne,paul okon engstler,Paul Okon-Engstler,1527363,0
5881164,2026-27,GER1,2026-09-12,cologne,ron robert zieler,Ron-Robert Zieler,41087,0
5881164,2026-27,GER1,2026-09-12,cologne,joel schmied,Joël Schmied,1003254,0
5881164,2026-27,GER1,2026-09-12,cologne,borna sosa,Borna Sosa,622091,0
5881164,2026-27,GER1,2026-09-12,cologne,jan thielmann,Jan Thielmann,1119643,0
5881164,2026-27,GER1,2026-09-12,werder bremen,karl hein,Karl Hein,982692,1
5881164,2026-27,GER1,2026-09-12,werder bremen,arthur,Arthur,1353457,1
5881164,2026-27,GER1,2026-09-12,werder bremen,amos pieper,Amos Pieper,765998,1
5881164,2026-27,GER1,2026-09-12,werder bremen,marco friedl,Marco Friedl,767789,1
5881164,2026-27,GER1,2026-09-12,werder bremen,olivier deman,Olivier Deman,969856,1
5881164,2026-27,GER1,2026-09-12,werder bremen,youri regeer,Youri Regeer,1111980,1
5881164,2026-27,GER1,2026-09-12,werder bremen,ludovit reis,Ludovit Reis,869326,1
5881164,2026-27,GER1,2026-09-12,werder bremen,eren dinkci,Eren Dinkçi,1146376,1
5881164,2026-27,GER1,2026-09-12,werder bremen,chuki,Chuki,1315344,1
5881164,2026-27,GER1,2026-09-12,werder bremen,marco grull,Marco Grüll,1024292,1
5881164,2026-27,GER1,2026-09-12,werder bremen,niclas fullkrug,Niclas Füllkrug,276791,1
5881164,2026-27,GER1,2026-09-12,werder bremen,dariusz stalmach,Dariusz Stalmach,1276988,0
5881164,2026-27,GER1,2026-09-12,werder bremen,mick schmetgens,Mick Schmetgens,1714103,0
5881164,2026-27,GER1,2026-09-12,werder bremen,cedric itten,Cedric Itten,726956,0
5881164,2026-27,GER1,2026-09-12,werder bremen,mitchell weiser,Mitchell Weiser,298823,0
5881164,2026-27,GER1,2026-09-12,werder bremen,paul erevbenagie,Paul Erevbenagie,1810868,0
5881164,2026-27,GER1,2026-09-12,werder bremen,alexander schlager,Alexander Schlager,450739,0
5881164,2026-27,GER1,2026-09-12,werder bremen,niklas stark,Niklas Stark,425962,0
5881164,2026-27,GER1,2026-09-12,werder bremen,oskar wojcik,Oskar Wójcik,1283403,0
5881164,2026-27,GER1,2026-09-12,werder bremen,salim musah,Salim Musah,1646629,0
5881165,2026-27,GER1,2026-09-12,freiburg,mio backhaus,Mio Backhaus,1352996,1
5881165,2026-27,GER1,2026-09-12,freiburg,philipp treu,Philipp Treu,1281090,1
5881165,2026-27,GER1,2026-09-12,freiburg,matthias ginter,Matthias Ginter,303912,1
5881165,2026-27,GER1,2026-09-12,freiburg,philipp lienhart,Philipp Lienhart,643724,1
5881165,2026-27,GER1,2026-09-12,freiburg,jordy makengo,Jordy Makengo,1281108,1
5881165,2026-27,GER1,2026-09-12,freiburg,maximilian eggestein,Maximilian Eggestein,602523,1
5881165,2026-27,GER1,2026-09-12,freiburg,yannik engelhardt,Yannik Engelhardt,1269497,1
5881165,2026-27,GER1,2026-09-12,freiburg,jan niklas beste,Jan-Niklas Beste,864157,1
5881165,2026-27,GER1,2026-09-12,freiburg,yuito suzuki,Yuito Suzuki,1134467,1
5881165,2026-27,GER1,2026-09-12,freiburg,derry scherhant,Derry Scherhant,1302666,1
5881165,2026-27,GER1,2026-09-12,freiburg,igor matanovic,Igor Matanović,1210893,1
5881165,2026-27,GER1,2026-09-12,freiburg,vincenzo grifo,Vincenzo Grifo,400625,0
5881165,2026-27,GER1,2026-09-12,freiburg,keisuke goto,Keisuke Goto,1436730,0
5881165,2026-27,GER1,2026-09-12,freiburg,lucas holer,Lucas Höler,556524,0
5881165,2026-27,GER1,2026-09-12,freiburg,lukas kubler,Lukas Kübler,307209,0
5881165,2026-27,GER1,2026-09-12,freiburg,cyriaque irie,Cyriaque Irié,1526221,0
5881165,2026-27,GER1,2026-09-12,freiburg,florian muller,Florian Müller,737365,0
5881165,2026-27,GER1,2026-09-12,freiburg,berkay yilmaz,Berkay Yılmaz,1580371,0
5881165,2026-27,GER1,2026-09-12,freiburg,christian gunter,Christian Günter,355358,0
5881165,2026-27,GER1,2026-09-12,freiburg,max rosenfelder,Max Rosenfelder,1281107,0
5881165,2026-27,GER1,2026-09-12,borussia monchengladbach,moritz nicolas,Moritz Nicolas,784146,1
5881165,2026-27,GER1,2026-09-12,borussia monchengladbach,joseph scally,Joseph Scally,959696,1
5881165,2026-27,GER1,2026-09-12,borussia monchengladbach,ko itakura,Ko Itakura,620917,1
5881165,2026-27,GER1,2026-09-12,borussia monchengladbach,kevin diks,Kevin Diks,566158,1
5881165,2026-27,GER1,2026-09-12,borussia monchengladbach,david herold,David Herold,1356589,1
5881165,2026-27,GER1,2026-09-12,borussia monchengladbach,philipp sander,Philipp Sander,951918,1
5881165,2026-27,GER1,2026-09-12,borussia monchengladbach,kevin stoger,Kevin Stöger,276739,1
5881165,2026-27,GER1,2026-09-12,borussia monchengladbach,franck honorat,Franck Honorat,501543,1
5881165,2026-27,GER1,2026-09-12,borussia monchengladbach,hugo bolin,Hugo Bolin,1351569,1
5881165,2026-27,GER1,2026-09-12,borussia monchengladbach,robin hack,Robin Hack,884919,1
5881165,2026-27,GER1,2026-09-12,borussia monchengladbach,tim kleindienst,Tim Kleindienst,442728,1
5881165,2026-27,GER1,2026-09-12,borussia monchengladbach,shuto machino,Shuto Machino,915111,0
5881165,2026-27,GER1,2026-09-12,borussia monchengladbach,wael mohya,Wael Mohya,1793874,0
5881165,2026-27,GER1,2026-09-12,borussia monchengladbach,isac lidberg,Isac Lidberg,655095,0
5881165,2026-27,GER1,2026-09-12,borussia monchengladbach,mathieu nguefack,Mathieu Nguefack,1975572,0
5881165,2026-27,GER1,2026-09-12,borussia monchengladbach,daniel batz,Daniel Batz,212873,0
5881165,2026-27,GER1,2026-09-12,borussia monchengladbach,fabio chiarodia,Fabio Chiarodia,1276331,0
5881165,2026-27,GER1,2026-09-12,borussia monchengladbach,jan leszczynski,Jan Leszczyński,1660228,0
5881165,2026-27,GER1,2026-09-12,borussia monchengladbach,lukas ullrich,Lukas Ullrich,1398483,0
5881165,2026-27,GER1,2026-09-12,borussia monchengladbach,florian neuhaus,Florian Neuhaus,764507,0
5881166,2026-27,GER1,2026-09-12,tsg hoffenheim,oliver baumann,Oliver Baumann,178778,1
5881166,2026-27,GER1,2026-09-12,tsg hoffenheim,vladimir coufal,Vladimír Coufal,307317,1
5881166,2026-27,GER1,2026-09-12,tsg hoffenheim,ozan kabak,Ozan Kabak,845990,1
5881166,2026-27,GER1,2026-09-12,tsg hoffenheim,albian hajdari,Albian Hajdari,1186015,1
5881166,2026-27,GER1,2026-09-12,tsg hoffenheim,mats rots,Mats Rots,1445416,1
5881166,2026-27,GER1,2026-09-12,tsg hoffenheim,leon avdullahu,Leon Avdullahu,1478148,1
5881166,2026-27,GER1,2026-09-12,tsg hoffenheim,bambase conte,Bambasé Conté,1338957,1
5881166,2026-27,GER1,2026-09-12,tsg hoffenheim,adam hlozek,Adam Hložek,969870,1
5881166,2026-27,GER1,2026-09-12,tsg hoffenheim,wouter burger,Wouter Burger,947884,1
5881166,2026-27,GER1,2026-09-12,tsg hoffenheim,adam daghim,Adam Daghim,1353000,1
5881166,2026-27,GER1,2026-09-12,tsg hoffenheim,tim lemperle,Tim Lemperle,1124825,1
5881166,2026-27,GER1,2026-09-12,tsg hoffenheim,patrick wimmer,Patrick Wimmer,1073498,0
5881166,2026-27,GER1,2026-09-12,tsg hoffenheim,koki machida,Koki Machida,727817,0
5881166,2026-27,GER1,2026-09-12,tsg hoffenheim,valentin gendrey,Valentin Gendrey,1077653,0
5881166,2026-27,GER1,2026-09-12,tsg hoffenheim,andrej kramaric,Andrej Kramarić,173461,0
5881166,2026-27,GER1,2026-09-12,tsg hoffenheim,fisnik asllani,Fisnik Asllani,1219540,0
5881166,2026-27,GER1,2026-09-12,tsg hoffenheim,luca philipp,Luca Philipp,1175933,0
5881166,2026-27,GER1,2026-09-12,tsg hoffenheim,robin hranac,Robin Hranác,1225995,0
5881166,2026-27,GER1,2026-09-12,tsg hoffenheim,nathan de cat,Nathan De Cat,1664759,0
5881166,2026-27,GER1,2026-09-12,tsg hoffenheim,max moerstedt,Max Moerstedt,1486537,0
5881166,2026-27,GER1,2026-09-12,stuttgart,fabian bredlow,Fabian Bredlow,522236,1
5881166,2026-27,GER1,2026-09-12,stuttgart,finn jeltsch,Finn Jeltsch,1487877,1
5881166,2026-27,GER1,2026-09-12,stuttgart,jeff chabot,Jeff Chabot,867080,1
5881166,2026-27,GER1,2026-09-12,stuttgart,ramon hendriks,Ramon Hendriks,1125187,1
5881166,2026-27,GER1,2026-09-12,stuttgart,josha vagnoman,Josha Vagnoman,928454,1
5881166,2026-27,GER1,2026-09-12,stuttgart,grischa promel,Grischa Prömel,625175,1
5881166,2026-27,GER1,2026-09-12,stuttgart,angelo stiller,Angelo Stiller,1071186,1
5881166,2026-27,GER1,2026-09-12,stuttgart,maximilian mittelstadt,Maximilian Mittelstädt,614384,1
5881166,2026-27,GER1,2026-09-12,stuttgart,ermedin demirovic,Ermedin Demirović,840241,1
5881166,2026-27,GER1,2026-09-12,stuttgart,chris fuhrich,Chris Führich,892679,1
5881166,2026-27,GER1,2026-09-12,stuttgart,dzenan pejcinovic,Dženan Pejčinović,1366602,1
5881166,2026-27,GER1,2026-09-12,stuttgart,yanik spalt,Yanik Spalt,1793638,0
5881166,2026-27,GER1,2026-09-12,stuttgart,bilal el khannouss,Bilal El Khannouss,1340895,0
5881166,2026-27,GER1,2026-09-12,stuttgart,deniz undav,Deniz Undav,661519,0
5881166,2026-27,GER1,2026-09-12,stuttgart,jamie leweling,Jamie Leweling,1074968,0
5881166,2026-27,GER1,2026-09-12,stuttgart,leo sauer,Leo Sauer,1425998,0
5881166,2026-27,GER1,2026-09-12,stuttgart,marius funk,Marius Funk,659086,0
5881166,2026-27,GER1,2026-09-12,stuttgart,leonidas stergiou,Leonidas Stergiou,1019947,0
5881166,2026-27,GER1,2026-09-12,stuttgart,maximilian herwerth,Maximilian Herwerth,1663160,0
5881166,2026-27,GER1,2026-09-12,stuttgart,atakan karazor,Atakan Karazor,684983,0
5881167,2026-27,GER1,2026-09-12,mainz 05,robin zentner,Robin Zentner,556505,1
5881167,2026-27,GER1,2026-09-12,mainz 05,stefan posch,Stefan Posch,557325,1
5881167,2026-27,GER1,2026-09-12,mainz 05,fabio gruber,Fabio Gruber,1362417,1
5881167,2026-27,GER1,2026-09-12,mainz 05,kacper potulski,Kacper Potulski,1800401,1
5881167,2026-27,GER1,2026-09-12,mainz 05,kaishu sano,Kaishu Sano,1033111,1
5881167,2026-27,GER1,2026-09-12,mainz 05,anthony caci,Anthony Caci,771401,1
5881167,2026-27,GER1,2026-09-12,mainz 05,jae sung lee,Jae-Sung Lee,523749,1
5881167,2026-27,GER1,2026-09-12,mainz 05,nadiem amiri,Nadiem Amiri,614449,1
5881167,2026-27,GER1,2026-09-12,mainz 05,phillipp mwene,Phillipp Mwene,423812,1
5881167,2026-27,GER1,2026-09-12,mainz 05,sheraldo becker,Sheraldo Becker,495222,1
5881167,2026-27,GER1,2026-09-12,mainz 05,phillip tietz,Phillip Tietz,686315,1
5881167,2026-27,GER1,2026-09-12,mainz 05,ransford konigsdorffer,Ransford Königsdörffer,1121170,0
5881167,2026-27,GER1,2026-09-12,mainz 05,danny da costa,Danny da Costa,240537,0
5881167,2026-27,GER1,2026-09-12,mainz 05,rael nakuzola,Rael Nakuzola,2140397,0
5881167,2026-27,GER1,2026-09-12,mainz 05,benedict hollerbach,Benedict Hollerbach,1185568,0
5881167,2026-27,GER1,2026-09-12,mainz 05,otto ruoppi,Otto Ruoppi,1347994,0
5881167,2026-27,GER1,2026-09-12,mainz 05,alexander schwolow,Alexander Schwolow,248437,0
5881167,2026-27,GER1,2026-09-12,mainz 05,stefan bell,Stefan Bell,193901,0
5881167,2026-27,GER1,2026-09-12,mainz 05,lennard maloney,Lennard Maloney,921197,0
5881167,2026-27,GER1,2026-09-12,mainz 05,sota kawasaki,Sota Kawasaki,1134759,0
5881167,2026-27,GER1,2026-09-12,eintracht frankfurt,noah atubolu,Noah Atubolu,1281100,1
5881167,2026-27,GER1,2026-09-12,eintracht frankfurt,jeremiaha maluze,Jeremiaha Maluze,1671553,1
5881167,2026-27,GER1,2026-09-12,eintracht frankfurt,robin koch,Robin Koch,628201,1
5881167,2026-27,GER1,2026-09-12,eintracht frankfurt,lilian brassier,Lilian Brassier,1073941,1
5881167,2026-27,GER1,2026-09-12,eintracht frankfurt,elias baum,Elias Baum,1421821,1
5881167,2026-27,GER1,2026-09-12,eintracht frankfurt,noel aseko,Noël Aséko,1596359,1
5881167,2026-27,GER1,2026-09-12,eintracht frankfurt,raphael onyedika,Raphael Onyedika,1126768,1
5881167,2026-27,GER1,2026-09-12,eintracht frankfurt,keita kosugi,Keita Kosugi,1627706,1
5881167,2026-27,GER1,2026-09-12,eintracht frankfurt,ritsu doan,Ritsu Doan,629805,1
5881167,2026-27,GER1,2026-09-12,eintracht frankfurt,can uzun,Can Uzun,1367924,1
5881167,2026-27,GER1,2026-09-12,eintracht frankfurt,jonathan burkardt,Jonathan Burkardt,947901,1
5881167,2026-27,GER1,2026-09-12,eintracht frankfurt,mario gotze,Mario Götze,177714,0
5881167,2026-27,GER1,2026-09-12,eintracht frankfurt,younes ebnoutalib,Younes Ebnoutalib,1447050,0
5881167,2026-27,GER1,2026-09-12,eintracht frankfurt,timothy chandler,Timothy Chandler,158234,0
5881167,2026-27,GER1,2026-09-12,eintracht frankfurt,ayoube amaimouni echghouyab,Ayoube Amaimouni-Echghouyab,1680173,0
5881167,2026-27,GER1,2026-09-12,eintracht frankfurt,kaua,Kauã,1418816,0
5881167,2026-27,GER1,2026-09-12,eintracht frankfurt,nnamdi collins,Nnamdi Collins,1176780,0
5881167,2026-27,GER1,2026-09-12,eintracht frankfurt,otavio,Otávio,1738366,0
5881167,2026-27,GER1,2026-09-12,eintracht frankfurt,love arrhov,Love Arrhov,1717491,0
5881167,2026-27,GER1,2026-09-12,eintracht frankfurt,malik pimpong,Malik Pimpong,1690128,0
5881168,2026-27,GER1,2026-09-13,leipzig,maarten vandevoordt,Maarten Vandevoordt,972200,1
5881168,2026-27,GER1,2026-09-13,leipzig,benjamin henrichs,Benjamin Henrichs,681383,1
5881168,2026-27,GER1,2026-09-13,leipzig,willi orban,Willi Orbán,278856,1
5881168,2026-27,GER1,2026-09-13,leipzig,castello lukeba,Castello Lukeba,1253852,1
5881168,2026-27,GER1,2026-09-13,leipzig,david raum,David Raum,806669,1
5881168,2026-27,GER1,2026-09-13,leipzig,ezechiel banzuzi,Ezechiel Banzuzi,1310001,1
5881168,2026-27,GER1,2026-09-13,leipzig,neil el aynaoui,Neil El Aynaoui,1274060,1
5881168,2026-27,GER1,2026-09-13,leipzig,assan ouedraogo,Assan Ouédraogo,1486541,1
5881168,2026-27,GER1,2026-09-13,leipzig,brajan gruda,Brajan Gruda,1430151,1
5881168,2026-27,GER1,2026-09-13,leipzig,tidiam gomis,Tidiam Gomis,1482733,1
5881168,2026-27,GER1,2026-09-13,leipzig,antonio nusa,Antonio Nusa,1248482,1
5881168,2026-27,GER1,2026-09-13,leipzig,christopher nkunku,Christopher Nkunku,704523,0
5881168,2026-27,GER1,2026-09-13,leipzig,maxime esteve,Maxime Estève,1250443,0
5881168,2026-27,GER1,2026-09-13,leipzig,ridle baku,Ridle Baku,883087,0
5881168,2026-27,GER1,2026-09-13,leipzig,romulo,Rômulo,1314412,0
5881168,2026-27,GER1,2026-09-13,leipzig,max finkgrafe,Max Finkgräfe,1529161,0
5881168,2026-27,GER1,2026-09-13,leipzig,orjan haskjold nyland,Ørjan Håskjold Nyland,73409,0
5881168,2026-27,GER1,2026-09-13,leipzig,andrija maksimovic,Andrija Maksimović,1482209,0
5881168,2026-27,GER1,2026-09-13,leipzig,nicolas seiwald,Nicolas Seiwald,1024672,0
5881168,2026-27,GER1,2026-09-13,leipzig,marc guiu,Marc Guiu,1412137,0
5881168,2026-27,GER1,2026-09-13,hamburger,daniel heuer fernandes,Daniel Heuer Fernandes,406501,1
5881168,2026-27,GER1,2026-09-13,hamburger,shafiq nandja,Shafiq Nandja,1804634,1
5881168,2026-27,GER1,2026-09-13,hamburger,jordan torunarigha,Jordan Torunarigha,700074,1
5881168,2026-27,GER1,2026-09-13,hamburger,nicolas capaldo,Nicolás Capaldo,1018564,1
5881168,2026-27,GER1,2026-09-13,hamburger,zakaria el ouahdi,Zakaria El Ouahdi,1287871,1
5881168,2026-27,GER1,2026-09-13,hamburger,albert sambi lokonga,Albert Sambi Lokonga,901495,1
5881168,2026-27,GER1,2026-09-13,hamburger,nicolai remberg,Nicolai Remberg,1188890,1
5881168,2026-27,GER1,2026-09-13,hamburger,david moller wolfe,David Møller Wolfe,1049679,1
5881168,2026-27,GER1,2026-09-13,hamburger,patson daka,Patson Daka,644459,1
5881168,2026-27,GER1,2026-09-13,hamburger,albert gronbaek,Albert Grønbæk,1133381,1
5881168,2026-27,GER1,2026-09-13,hamburger,yussuf poulsen,Yussuf Poulsen,266527,1
5881168,2026-27,GER1,2026-09-13,hamburger,terem moffi,Terem Moffi,885005,0
5881168,2026-27,GER1,2026-09-13,hamburger,fabio vieira,Fábio Vieira,1025462,0
5881168,2026-27,GER1,2026-09-13,hamburger,warmed omari,Warmed Omari,1202595,0
5881168,2026-27,GER1,2026-09-13,hamburger,otto stange,Otto Stange,1576487,0
5881168,2026-27,GER1,2026-09-13,hamburger,bakery jatta,Bakery Jatta,763998,0
5881168,2026-27,GER1,2026-09-13,hamburger,sander tangvik,Sander Tangvik,1145714,0
5881168,2026-27,GER1,2026-09-13,hamburger,bilal nadir,Bilal Nadir,1283407,0
5881168,2026-27,GER1,2026-09-13,hamburger,louis lemke,Louis Lemke,1899791,0
5881168,2026-27,GER1,2026-09-13,hamburger,martin adeline,Martin Adeline,1324082,0
5881169,2026-27,GER1,2026-09-11,union berlin,frederik ronnow,Frederik Rønnow,186557,1
5881169,2026-27,GER1,2026-09-11,union berlin,josip juranovic,Josip Juranović,622373,1
5881169,2026-27,GER1,2026-09-11,union berlin,leopold querfeld,Leopold Querfeld,1199947,1
5881169,2026-27,GER1,2026-09-11,union berlin,felix uduokhai,Felix Uduokhai,767800,1
5881169,2026-27,GER1,2026-09-11,union berlin,tom rothe,Tom Rothe,1282582,1
5881169,2026-27,GER1,2026-09-11,union berlin,michel aebischer,Michel Aebischer,792756,1
5881169,2026-27,GER1,2026-09-11,union berlin,aljoscha kemlein,Aljoscha Kemlein,1403332,1
5881169,2026-27,GER1,2026-09-11,union berlin,woo yeong jeong,Woo-Yeong Jeong,949673,1
5881169,2026-27,GER1,2026-09-11,union berlin,rani khedira,Rani Khedira,304348,1
5881169,2026-27,GER1,2026-09-11,union berlin,livan burcu,Livan Burcu,1520506,1
5881169,2026-27,GER1,2026-09-11,union berlin,emmanuel latte lath,Emmanuel Latte Lath,783585,1
5881169,2026-27,GER1,2026-09-11,union berlin,andras schafer,András Schäfer,836726,0
5881169,2026-27,GER1,2026-09-11,union berlin,marin ljubicic,Marin Ljubičić,1242198,0
5881169,2026-27,GER1,2026-09-11,union berlin,tim skarke,Tim Skarke,658440,0
5881169,2026-27,GER1,2026-09-11,union berlin,janik haberer,Janik Haberer,304354,0
5881169,2026-27,GER1,2026-09-11,union berlin,robert skov,Robert Skov,447959,0
5881169,2026-27,GER1,2026-09-11,union berlin,matheo raab,Matheo Raab,1156148,0
5881169,2026-27,GER1,2026-09-11,union berlin,zeno van den bosch,Zeno Van Den Bosch,1231677,0
5881169,2026-27,GER1,2026-09-11,union berlin,christopher trimmel,Christopher Trimmel,166733,0
5881169,2026-27,GER1,2026-09-11,union berlin,linus guether,Linus Guether,1958812,0
5881169,2026-27,GER1,2026-09-11,schalke,loris karius,Loris Karius,287894,1
5881169,2026-27,GER1,2026-09-11,schalke,timo becker,Timo Becker,785739,1
5881169,2026-27,GER1,2026-09-11,schalke,nikola katic,Nikola Katić,725655,1
5881169,2026-27,GER1,2026-09-11,schalke,hasan kurucay,Hasan Kuruçay,794619,1
5881169,2026-27,GER1,2026-09-11,schalke,dejan ljubicic,Dejan Ljubičić,861668,1
5881169,2026-27,GER1,2026-09-11,schalke,soufian el faouzi,Soufian El-Faouzi,1249185,1
5881169,2026-27,GER1,2026-09-11,schalke,satoshi tanaka,Satoshi Tanaka,1155066,1
5881169,2026-27,GER1,2026-09-11,schalke,robin gosens,Robin Gosens,518346,1
5881169,2026-27,GER1,2026-09-11,schalke,kenan karaman,Kenan Karaman,469763,1
5881169,2026-27,GER1,2026-09-11,schalke,adil aouchiche,Adil Aouchiche,1047664,1
5881169,2026-27,GER1,2026-09-11,schalke,chukwubuike adamu,Chukwubuike Adamu,882163,1
5881169,2026-27,GER1,2026-09-11,schalke,junior dina ebimbe,Junior Dina Ebimbe,1040889,0
5881169,2026-27,GER1,2026-09-11,schalke,maximilian wober,Maximilian Wöber,701149,0
5881169,2026-27,GER1,2026-09-11,schalke,edin dzeko,Edin Džeko,15403,0
5881169,2026-27,GER1,2026-09-11,schalke,hee chan hwang,Hee-Chan Hwang,620026,0
5881169,2026-27,GER1,2026-09-11,schalke,janik bachmann,Janik Bachmann,560976,0
5881169,2026-27,GER1,2026-09-11,schalke,kevin muller,Kevin Müller,215159,0
5881169,2026-27,GER1,2026-09-11,schalke,mertcan ayhan,Mertcan Ayhan,1755657,0
5881169,2026-27,GER1,2026-09-11,schalke,luca vozar,Luca Vozar,1842512,0
5881169,2026-27,GER1,2026-09-11,schalke,vitalie becker,Vitalie Becker,1659420,0
