season,src_league,team_key,date,game_id,squad_momentum,n_players
2020-21,ENG1,arsenal,2020-09-28 19:15:00,14115,0.0105,9.0
2020-21,ENG1,arsenal,2020-10-04 13:00:00,14465,0.1278,9.0
2020-21,ENG1,arsenal,2020-10-17 16:30:00,14480,-0.0304,11.0
2020-21,ENG1,arsenal,2020-10-25 19:15:00,14485,-0.0639,11.0
2020-21,ENG1,arsenal,2020-11-01 16:30:00,14500,-0.0359,11.0
2020-21,ENG1,arsenal,2020-11-08 19:15:00,14505,-0.0403,13.0
2020-21,ENG1,arsenal,2020-11-22 16:30:00,14518,-0.0842,10.0
2020-21,ENG1,arsenal,2020-11-29 19:15:00,14525,-0.0617,10.0
2020-21,ENG1,arsenal,2020-12-06 16:30:00,14542,-0.0592,12.0
2020-21,ENG1,arsenal,2020-12-13 19:15:00,14554,-0.0748,12.0
2020-21,ENG1,arsenal,2020-12-16 18:00:00,14555,-0.021,12.0
2020-21,ENG1,arsenal,2020-12-19 17:30:00,14569,-0.051,13.0
2020-21,ENG1,arsenal,2020-12-26 17:30:00,14575,-0.0286,10.0
2020-21,ENG1,arsenal,2020-12-29 18:00:00,14585,-0.0536,10.0
2020-21,ENG1,arsenal,2021-01-02 20:00:00,14600,-0.0553,14.0
2020-21,ENG1,arsenal,2021-01-14 20:00:00,14605,0.0101,13.0
2020-21,ENG1,arsenal,2021-01-18 20:00:00,14615,0.0283,12.0
2020-21,ENG1,arsenal,2021-01-26 20:15:00,14632,0.044,12.0
2020-21,ENG1,arsenal,2021-01-30 17:30:00,14635,0.0719,12.0
2020-21,ENG1,arsenal,2021-02-02 18:00:00,14650,0.0622,12.0
2020-21,ENG1,arsenal,2021-02-06 12:30:00,14655,0.0636,12.0
2020-21,ENG1,arsenal,2021-02-14 16:30:00,14665,0.012,12.0
2020-21,ENG1,arsenal,2021-02-21 16:30:00,14675,0.0164,13.0
2020-21,ENG1,arsenal,2021-02-28 12:00:00,14690,0.0385,13.0
2020-21,ENG1,arsenal,2021-03-06 12:30:00,14697,0.0063,12.0
2020-21,ENG1,arsenal,2021-03-14 16:30:00,14705,-0.0194,12.0
2020-21,ENG1,arsenal,2021-03-21 15:00:00,14724,-0.0042,12.0
2020-21,ENG1,arsenal,2021-04-03 19:00:00,14725,0.0696,13.0
2020-21,ENG1,arsenal,2021-04-11 18:00:00,14741,0.0382,12.0
2020-21,ENG1,arsenal,2021-04-18 12:30:00,14745,0.0077,12.0
2020-21,ENG1,arsenal,2021-04-23 19:00:00,14755,0.1,13.0
2020-21,ENG1,arsenal,2021-05-02 13:00:00,14771,-0.035,11.0
2020-21,ENG1,arsenal,2021-05-09 18:00:00,14775,0.0625,13.0
2020-21,ENG1,arsenal,2021-05-12 19:15:00,14790,-0.0445,12.0
2020-21,ENG1,arsenal,2021-05-19 18:00:00,14798,-0.0402,11.0
2020-21,ENG1,arsenal,2021-05-23 15:00:00,14805,-0.0145,12.0
2020-21,ENG1,aston villa,2020-10-04 18:15:00,14466,0.0043,9.0
2020-21,ENG1,aston villa,2020-10-18 18:15:00,14479,0.1171,9.0
2020-21,ENG1,aston villa,2020-10-23 19:00:00,14486,0.0632,9.0
2020-21,ENG1,aston villa,2020-11-01 12:00:00,14495,0.0575,9.0
2020-21,ENG1,aston villa,2020-11-08 19:15:00,14505,0.0811,9.0
2020-21,ENG1,aston villa,2020-11-21 15:00:00,14515,0.0885,10.0
2020-21,ENG1,aston villa,2020-11-30 20:00:00,14526,0.097,10.0
2020-21,ENG1,aston villa,2020-12-12 12:30:00,14552,0.021,9.0
2020-21,ENG1,aston villa,2020-12-17 18:00:00,14556,0.2536,8.0
2020-21,ENG1,aston villa,2020-12-20 19:15:00,14574,0.1665,9.0
2020-21,ENG1,aston villa,2020-12-26 15:00:00,14576,0.1663,10.0
2020-21,ENG1,aston villa,2020-12-28 17:30:00,14586,0.2411,9.0
2020-21,ENG1,aston villa,2021-01-01 20:00:00,14596,0.2004,9.0
2020-21,ENG1,aston villa,2021-01-20 20:00:00,14089,0.0791,11.0
2020-21,ENG1,aston villa,2021-01-23 20:00:00,14535,0.0899,8.0
2020-21,ENG1,aston villa,2021-01-27 18:00:00,14626,0.0767,9.0
2020-21,ENG1,aston villa,2021-01-30 20:00:00,14641,0.1235,9.0
2020-21,ENG1,aston villa,2021-02-03 20:15:00,14645,0.0597,11.0
2020-21,ENG1,aston villa,2021-02-06 12:30:00,14655,0.0373,10.0
2020-21,ENG1,aston villa,2021-02-13 20:00:00,14666,0.0255,11.0
2020-21,ENG1,aston villa,2021-02-21 14:00:00,14676,0.046,12.0
2020-21,ENG1,aston villa,2021-02-27 17:30:00,14691,-0.0225,10.0
2020-21,ENG1,aston villa,2021-03-03 18:00:00,14721,-0.0712,12.0
2020-21,ENG1,aston villa,2021-03-06 17:30:00,14695,-0.0185,11.0
2020-21,ENG1,aston villa,2021-03-12 20:00:00,14712,-0.0626,13.0
2020-21,ENG1,aston villa,2021-03-21 19:30:00,14606,-0.0919,12.0
2020-21,ENG1,aston villa,2021-04-04 15:30:00,14726,-0.0658,12.0
2020-21,ENG1,aston villa,2021-04-10 14:00:00,14739,-0.0369,11.0
2020-21,ENG1,aston villa,2021-04-21 19:15:00,14746,-0.0537,12.0
2020-21,ENG1,aston villa,2021-04-25 18:00:00,14756,-0.048,11.0
2020-21,ENG1,aston villa,2021-05-01 19:00:00,14769,-0.0322,9.0
2020-21,ENG1,aston villa,2021-05-09 13:05:00,14776,-0.0053,11.0
2020-21,ENG1,aston villa,2021-05-13 21:00:00,14616,0.0064,12.0
2020-21,ENG1,aston villa,2021-05-16 11:00:00,14794,0.0053,11.0
2020-21,ENG1,aston villa,2021-05-19 17:00:00,14803,-0.012,11.0
2020-21,ENG1,aston villa,2021-05-23 15:00:00,14806,0.006,10.0
2020-21,ENG1,brighton hove albion,2020-09-26 11:30:00,14106,0.0862,9.0
2020-21,ENG1,brighton hove albion,2020-10-03 14:00:00,14468,0.1097,11.0
2020-21,ENG1,brighton hove albion,2020-10-18 13:00:00,14476,0.0616,10.0
2020-21,ENG1,brighton hove albion,2020-10-26 17:30:00,14487,0.0394,10.0
2020-21,ENG1,brighton hove albion,2020-11-01 19:15:00,14503,-0.0299,10.0
2020-21,ENG1,brighton hove albion,2020-11-06 17:30:00,14506,-0.0222,9.0
2020-21,ENG1,brighton hove albion,2020-11-21 15:00:00,14515,0.0164,11.0
2020-21,ENG1,brighton hove albion,2020-11-28 12:30:00,14528,0.0113,11.0
2020-21,ENG1,brighton hove albion,2020-12-07 20:00:00,14536,-0.0085,11.0
2020-21,ENG1,brighton hove albion,2020-12-13 19:15:00,14553,0.1791,13.0
2020-21,ENG1,brighton hove albion,2020-12-16 20:00:00,14557,-0.0185,11.0
2020-21,ENG1,brighton hove albion,2020-12-20 12:00:00,14565,0.0682,13.0
2020-21,ENG1,brighton hove albion,2020-12-27 14:15:00,14583,0.0628,12.0
2020-21,ENG1,brighton hove albion,2020-12-29 18:00:00,14585,0.1745,12.0
2020-21,ENG1,brighton hove albion,2021-01-02 17:30:00,14601,0.0242,12.0
2020-21,ENG1,brighton hove albion,2021-01-13 18:00:00,14614,-0.009,12.0
2020-21,ENG1,brighton hove albion,2021-01-16 15:00:00,14618,0.0031,12.0
2020-21,ENG1,brighton hove albion,2021-01-27 19:30:00,14625,0.008,11.0
2020-21,ENG1,brighton hove albion,2021-01-31 19:15:00,14636,0.0281,14.0
2020-21,ENG1,brighton hove albion,2021-02-03 20:15:00,14654,0.0081,12.0
2020-21,ENG1,brighton hove albion,2021-02-06 15:00:00,14656,0.1001,14.0
2020-21,ENG1,brighton hove albion,2021-02-13 20:00:00,14666,0.0129,12.0
2020-21,ENG1,brighton hove albion,2021-02-22 20:00:00,14677,0.0666,13.0
2020-21,ENG1,brighton hove albion,2021-02-27 15:00:00,14692,0.1671,13.0
2020-21,ENG1,brighton hove albion,2021-03-06 20:00:00,14696,0.085,13.0
2020-21,ENG1,brighton hove albion,2021-03-14 12:00:00,14713,0.1687,13.0
2020-21,ENG1,brighton hove albion,2021-03-20 20:00:00,14715,0.1114,10.0
2020-21,ENG1,brighton hove albion,2021-04-04 18:30:00,14731,0.1151,11.0
2020-21,ENG1,brighton hove albion,2021-04-12 19:15:00,14735,0.0919,11.0
2020-21,ENG1,brighton hove albion,2021-04-20 19:00:00,14747,0.0386,13.0
2020-21,ENG1,brighton hove albion,2021-04-24 19:00:00,14762,0.0373,13.0
2020-21,ENG1,brighton hove albion,2021-05-01 14:00:00,14765,-0.0069,11.0
2020-21,ENG1,brighton hove albion,2021-05-09 11:00:00,14784,0.1349,14.0
2020-21,ENG1,brighton hove albion,2021-05-15 19:00:00,14785,0.0833,13.0
2020-21,ENG1,brighton hove albion,2021-05-18 18:00:00,14795,0.0378,14.0
2020-21,ENG1,brighton hove albion,2021-05-23 15:00:00,14805,0.0801,14.0
2020-21,ENG1,burnley,2020-10-03 19:00:00,14472,-0.0521,8.0
2020-21,ENG1,burnley,2020-10-19 16:30:00,14484,-0.0709,7.0
2020-21,ENG1,burnley,2020-10-26 20:00:00,14488,-0.0561,10.0
2020-21,ENG1,burnley,2020-10-31 15:00:00,14496,-0.0451,12.0
2020-21,ENG1,burnley,2020-11-06 17:30:00,14506,-0.0489,11.0
2020-21,ENG1,burnley,2020-11-23 17:30:00,14516,-0.0786,11.0
2020-21,ENG1,burnley,2020-11-28 15:00:00,14533,-0.0576,10.0
2020-21,ENG1,burnley,2020-12-05 12:30:00,14537,-0.0616,12.0
2020-21,ENG1,burnley,2020-12-13 19:15:00,14554,-0.0535,13.0
2020-21,ENG1,burnley,2020-12-17 18:00:00,14556,-0.0743,12.0
2020-21,ENG1,burnley,2020-12-21 17:30:00,14566,-0.0656,12.0
2020-21,ENG1,burnley,2020-12-27 12:00:00,14578,-0.0485,12.0
2020-21,ENG1,burnley,2020-12-29 18:00:00,14587,-0.0303,11.0
2020-21,ENG1,burnley,2021-01-12 22:15:00,14088,-0.0086,12.0
2020-21,ENG1,burnley,2021-01-16 15:00:00,14623,-0.0068,14.0
2020-21,ENG1,burnley,2021-01-21 20:00:00,14613,-0.0376,13.0
2020-21,ENG1,burnley,2021-01-27 18:00:00,14626,-0.0379,13.0
2020-21,ENG1,burnley,2021-01-31 12:00:00,14637,-0.0135,12.0
2020-21,ENG1,burnley,2021-02-03 18:00:00,14646,-0.0399,12.0
2020-21,ENG1,burnley,2021-02-06 15:00:00,14656,-0.0681,11.0
2020-21,ENG1,burnley,2021-02-13 15:00:00,14668,-0.0499,12.0
2020-21,ENG1,burnley,2021-02-17 18:00:00,14602,-0.0268,13.0
2020-21,ENG1,burnley,2021-02-20 15:00:00,14678,-0.0363,11.0
2020-21,ENG1,burnley,2021-02-28 14:00:00,14693,-0.041,12.0
2020-21,ENG1,burnley,2021-03-03 18:00:00,14716,-0.0673,11.0
2020-21,ENG1,burnley,2021-03-06 12:30:00,14697,-0.0367,13.0
2020-21,ENG1,burnley,2021-03-13 17:30:00,14707,-0.0342,12.0
2020-21,ENG1,burnley,2021-04-04 11:00:00,14733,-0.0369,12.0
2020-21,ENG1,burnley,2021-04-11 11:00:00,14736,-0.0357,10.0
2020-21,ENG1,burnley,2021-04-18 15:00:00,14751,-0.0284,11.0
2020-21,ENG1,burnley,2021-04-25 11:00:00,14764,-0.003,12.0
2020-21,ENG1,burnley,2021-05-03 19:15:00,14766,0.0274,13.0
2020-21,ENG1,burnley,2021-05-10 19:00:00,14777,0.0329,12.0
2020-21,ENG1,burnley,2021-05-15 11:30:00,14786,0.0443,14.0
2020-21,ENG1,burnley,2021-05-19 19:15:00,14796,0.0643,11.0
2020-21,ENG1,burnley,2021-05-23 15:00:00,14812,0.0695,12.0
2020-21,ENG1,chelsea,2020-09-26 16:30:00,14108,-0.2117,7.0
2020-21,ENG1,chelsea,2020-10-03 11:30:00,14467,0.033,6.0
2020-21,ENG1,chelsea,2020-10-17 14:00:00,14475,-0.017,8.0
2020-21,ENG1,chelsea,2020-10-24 16:30:00,14491,0.0278,11.0
2020-21,ENG1,chelsea,2020-10-31 15:00:00,14496,-0.0614,11.0
2020-21,ENG1,chelsea,2020-11-07 17:30:00,14507,-0.063,12.0
2020-21,ENG1,chelsea,2020-11-21 12:30:00,14521,-0.0083,11.0
2020-21,ENG1,chelsea,2020-11-29 16:30:00,14529,0.0005,13.0
2020-21,ENG1,chelsea,2020-12-05 20:00:00,14538,-0.0446,13.0
2020-21,ENG1,chelsea,2020-12-12 20:00:00,14546,0.0361,12.0
2020-21,ENG1,chelsea,2020-12-15 18:00:00,14562,0.0544,13.0
2020-21,ENG1,chelsea,2020-12-21 20:00:00,14567,0.0038,11.0
2020-21,ENG1,chelsea,2020-12-26 17:30:00,14575,0.0573,14.0
2020-21,ENG1,chelsea,2020-12-28 17:30:00,14586,0.0665,12.0
2020-21,ENG1,chelsea,2021-01-03 16:30:00,14603,0.0243,13.0
2020-21,ENG1,chelsea,2021-01-16 17:30:00,14617,0.0318,14.0
2020-21,ENG1,chelsea,2021-01-19 20:15:00,14609,0.0374,13.0
2020-21,ENG1,chelsea,2021-01-27 18:00:00,14630,0.0268,13.0
2020-21,ENG1,chelsea,2021-01-31 12:00:00,14637,-0.0065,13.0
2020-21,ENG1,chelsea,2021-02-04 20:00:00,14653,-0.0056,14.0
2020-21,ENG1,chelsea,2021-02-07 19:15:00,14662,0.037,14.0
2020-21,ENG1,chelsea,2021-02-15 20:00:00,14667,-0.0243,12.0
2020-21,ENG1,chelsea,2021-02-20 12:30:00,14682,0.0194,14.0
2020-21,ENG1,chelsea,2021-02-28 16:30:00,14685,-0.0415,14.0
2020-21,ENG1,chelsea,2021-03-04 20:15:00,14719,-0.0211,12.0
2020-21,ENG1,chelsea,2021-03-08 18:00:00,14698,0.0359,12.0
2020-21,ENG1,chelsea,2021-03-13 12:30:00,14709,0.0046,14.0
2020-21,ENG1,chelsea,2021-04-03 11:30:00,14727,0.013,14.0
2020-21,ENG1,chelsea,2021-04-10 16:30:00,14737,0.0592,13.0
2020-21,ENG1,chelsea,2021-04-20 19:00:00,14747,0.0838,13.0
2020-21,ENG1,chelsea,2021-04-24 16:30:00,14763,0.015,12.0
2020-21,ENG1,chelsea,2021-05-01 16:30:00,14767,0.0716,12.0
2020-21,ENG1,chelsea,2021-05-08 16:30:00,14781,0.0321,14.0
2020-21,ENG1,chelsea,2021-05-12 19:15:00,14790,0.0977,13.0
2020-21,ENG1,chelsea,2021-05-18 19:15:00,14797,0.0381,12.0
2020-21,ENG1,chelsea,2021-05-23 15:00:00,14806,0.0482,13.0
2020-21,ENG1,crystal palace,2020-09-26 14:00:00,14107,0.073,9.0
2020-21,ENG1,crystal palace,2020-10-03 11:30:00,14467,-0.0071,11.0
2020-21,ENG1,crystal palace,2020-10-18 13:00:00,14476,0.0214,8.0
2020-21,ENG1,crystal palace,2020-10-24 14:00:00,14489,-0.0407,10.0
2020-21,ENG1,crystal palace,2020-10-30 20:00:00,14504,0.0544,11.0
2020-21,ENG1,crystal palace,2020-11-07 15:00:00,14508,0.0775,13.0
2020-21,ENG1,crystal palace,2020-11-23 17:30:00,14516,0.0511,12.0
2020-21,ENG1,crystal palace,2020-11-27 20:00:00,14530,0.0854,11.0
2020-21,ENG1,crystal palace,2020-12-06 12:00:00,14543,0.2596,13.0
2020-21,ENG1,crystal palace,2020-12-13 14:15:00,14545,0.2379,12.0
2020-21,ENG1,crystal palace,2020-12-16 20:00:00,14561,0.0827,12.0
2020-21,ENG1,crystal palace,2020-12-19 12:30:00,14568,0.0024,13.0
2020-21,ENG1,crystal palace,2020-12-26 15:00:00,14576,0.0839,13.0
2020-21,ENG1,crystal palace,2020-12-28 15:00:00,14594,0.0352,11.0
2020-21,ENG1,crystal palace,2021-01-02 15:00:00,14604,-0.057,13.0
2020-21,ENG1,crystal palace,2021-01-14 20:00:00,14605,-0.0661,11.0
2020-21,ENG1,crystal palace,2021-01-17 19:15:00,14621,-0.0732,13.0
2020-21,ENG1,crystal palace,2021-01-26 18:00:00,14634,-0.0876,14.0
2020-21,ENG1,crystal palace,2021-01-30 15:00:00,14638,-0.1018,12.0
2020-21,ENG1,crystal palace,2021-02-02 20:15:00,14652,-0.0718,13.0
2020-21,ENG1,crystal palace,2021-02-08 20:00:00,14658,-0.0451,14.0
2020-21,ENG1,crystal palace,2021-02-13 15:00:00,14668,-0.0777,13.0
2020-21,ENG1,crystal palace,2021-02-22 20:00:00,14677,-0.0592,12.0
2020-21,ENG1,crystal palace,2021-02-28 12:00:00,14687,-0.0568,12.0
2020-21,ENG1,crystal palace,2021-03-03 20:15:00,14717,-0.0787,12.0
2020-21,ENG1,crystal palace,2021-03-07 19:15:00,14702,-0.0746,14.0
2020-21,ENG1,crystal palace,2021-03-13 15:00:00,14706,-0.1022,12.0
2020-21,ENG1,crystal palace,2021-04-05 17:00:00,14728,-0.1038,13.0
2020-21,ENG1,crystal palace,2021-04-10 16:30:00,14737,-0.0994,14.0
2020-21,ENG1,crystal palace,2021-04-26 19:00:00,14759,-0.1098,12.0
2020-21,ENG1,crystal palace,2021-05-01 11:30:00,14768,-0.0833,13.0
2020-21,ENG1,crystal palace,2021-05-08 14:00:00,14782,-0.0738,13.0
2020-21,ENG1,crystal palace,2021-05-11 21:00:00,14753,-0.0372,14.0
2020-21,ENG1,crystal palace,2021-05-16 11:00:00,14794,-0.051,11.0
2020-21,ENG1,crystal palace,2021-05-19 18:00:00,14798,-0.0324,11.0
2020-21,ENG1,crystal palace,2021-05-23 15:00:00,14810,-0.0222,12.0
2020-21,ENG1,everton,2020-09-26 14:00:00,14107,0.1426,12.0
2020-21,ENG1,everton,2020-10-03 14:00:00,14468,0.1287,10.0
2020-21,ENG1,everton,2020-10-17 11:30:00,14477,0.1186,12.0
2020-21,ENG1,everton,2020-10-25 14:00:00,14492,0.1017,10.0
2020-21,ENG1,everton,2020-11-01 14:00:00,14501,-0.0185,9.0
2020-21,ENG1,everton,2020-11-07 12:30:00,14509,0.0555,11.0
2020-21,ENG1,everton,2020-11-22 12:00:00,14517,0.0041,12.0
2020-21,ENG1,everton,2020-11-28 17:30:00,14531,-0.023,12.0
2020-21,ENG1,everton,2020-12-05 12:30:00,14537,-0.0295,12.0
2020-21,ENG1,everton,2020-12-12 20:00:00,14546,-0.0131,11.0
2020-21,ENG1,everton,2020-12-16 18:00:00,14559,-0.0247,11.0
2020-21,ENG1,everton,2020-12-19 17:30:00,14569,0.0043,11.0
2020-21,ENG1,everton,2020-12-26 20:00:00,14582,0.0181,13.0
2020-21,ENG1,everton,2021-01-01 17:30:00,14595,-0.0422,13.0
2020-21,ENG1,everton,2021-01-12 20:15:00,14612,-0.0329,13.0
2020-21,ENG1,everton,2021-01-27 20:15:00,14627,-0.0738,11.0
2020-21,ENG1,everton,2021-01-30 12:30:00,14644,-0.0841,12.0
2020-21,ENG1,everton,2021-02-03 19:30:00,14648,-0.0845,11.0
2020-21,ENG1,everton,2021-02-06 20:00:00,14660,-0.1017,13.0
2020-21,ENG1,everton,2021-02-14 19:00:00,14669,-0.0879,13.0
2020-21,ENG1,everton,2021-02-17 20:15:00,14593,-0.0746,13.0
2020-21,ENG1,everton,2021-02-20 17:30:00,14680,-0.0885,13.0
2020-21,ENG1,everton,2021-03-01 20:00:00,14686,-0.0048,11.0
2020-21,ENG1,everton,2021-03-04 18:00:00,14723,-0.0182,13.0
2020-21,ENG1,everton,2021-03-08 18:00:00,14698,0.0065,14.0
2020-21,ENG1,everton,2021-03-13 17:30:00,14707,-0.074,13.0
2020-21,ENG1,everton,2021-04-05 17:00:00,14728,0.0263,13.0
2020-21,ENG1,everton,2021-04-12 19:15:00,14735,0.052,12.0
2020-21,ENG1,everton,2021-04-16 19:00:00,14748,0.0131,12.0
2020-21,ENG1,everton,2021-04-23 19:00:00,14755,0.0388,12.0
2020-21,ENG1,everton,2021-05-01 19:00:00,14769,-0.0008,13.0
2020-21,ENG1,everton,2021-05-09 15:30:00,14783,0.0047,12.0
2020-21,ENG1,everton,2021-05-13 21:00:00,14616,-0.0039,13.0
2020-21,ENG1,everton,2021-05-16 18:00:00,14787,-0.0482,14.0
2020-21,ENG1,everton,2021-05-19 17:00:00,14799,-0.0177,11.0
2020-21,ENG1,everton,2021-05-23 15:00:00,14811,-0.067,13.0
2020-21,ENG1,fulham,2020-09-28 17:00:00,14114,-0.072,6.0
2020-21,ENG1,fulham,2020-10-04 13:00:00,14474,-0.0797,7.0
2020-21,ENG1,fulham,2020-10-18 11:00:00,14482,-0.0855,5.0
2020-21,ENG1,fulham,2020-10-24 14:00:00,14489,-0.036,10.0
2020-21,ENG1,fulham,2020-11-02 17:30:00,14497,-0.0064,9.0
2020-21,ENG1,fulham,2020-11-07 20:00:00,14514,0.0051,8.0
2020-21,ENG1,fulham,2020-11-22 12:00:00,14517,-0.0585,12.0
2020-21,ENG1,fulham,2020-11-30 17:30:00,14532,-0.0416,10.0
2020-21,ENG1,fulham,2020-12-05 15:00:00,14540,-0.0017,11.0
2020-21,ENG1,fulham,2020-12-13 16:30:00,14547,-0.0214,10.0
2020-21,ENG1,fulham,2020-12-16 20:00:00,14557,0.0237,12.0
2020-21,ENG1,fulham,2020-12-19 20:00:00,14571,0.0379,11.0
2020-21,ENG1,fulham,2020-12-26 15:00:00,14577,0.0247,9.0
2020-21,ENG1,fulham,2021-01-13 20:00:00,14589,-0.0081,10.0
2020-21,ENG1,fulham,2021-01-16 17:30:00,14617,0.0371,10.0
2020-21,ENG1,fulham,2021-01-20 20:15:00,14607,-0.0153,11.0
2020-21,ENG1,fulham,2021-01-27 19:30:00,14625,-0.014,10.0
2020-21,ENG1,fulham,2021-01-30 15:00:00,14640,-0.0161,11.0
2020-21,ENG1,fulham,2021-02-03 18:00:00,14647,0.0135,12.0
2020-21,ENG1,fulham,2021-02-06 17:30:00,14657,0.0162,11.0
2020-21,ENG1,fulham,2021-02-14 19:00:00,14669,-0.0086,10.0
2020-21,ENG1,fulham,2021-02-17 18:00:00,14602,0.1162,12.0
2020-21,ENG1,fulham,2021-02-20 20:00:00,14679,0.099,11.0
2020-21,ENG1,fulham,2021-02-28 12:00:00,14687,0.0677,12.0
2020-21,ENG1,fulham,2021-03-04 18:00:00,14757,0.0103,13.0
2020-21,ENG1,fulham,2021-03-07 14:00:00,14699,0.0199,11.0
2020-21,ENG1,fulham,2021-03-13 20:00:00,14708,-0.0295,12.0
2020-21,ENG1,fulham,2021-03-19 20:00:00,14718,-0.0049,13.0
2020-21,ENG1,fulham,2021-04-04 15:30:00,14726,-0.0381,11.0
2020-21,ENG1,fulham,2021-04-09 19:00:00,14738,-0.0238,10.0
2020-21,ENG1,fulham,2021-04-18 12:30:00,14745,0.0114,11.0
2020-21,ENG1,fulham,2021-05-01 16:30:00,14767,0.0106,10.0
2020-21,ENG1,fulham,2021-05-10 19:00:00,14777,-0.03,12.0
2020-21,ENG1,fulham,2021-05-15 14:00:00,14792,-0.0351,11.0
2020-21,ENG1,fulham,2021-05-18 17:00:00,14800,-0.0858,11.0
2020-21,ENG1,fulham,2021-05-23 15:00:00,14807,-0.0475,10.0
2020-21,ENG1,leeds united,2020-09-27 11:00:00,14110,-0.0535,11.0
2020-21,ENG1,leeds united,2020-10-03 16:30:00,14469,-0.0189,11.0
2020-21,ENG1,leeds united,2020-10-19 19:00:00,14478,0.0622,10.0
2020-21,ENG1,leeds united,2020-10-23 19:00:00,14486,0.0772,12.0
2020-21,ENG1,leeds united,2020-11-02 20:00:00,14498,0.176,11.0
2020-21,ENG1,leeds united,2020-11-07 15:00:00,14508,0.0824,12.0
2020-21,ENG1,leeds united,2020-11-22 16:30:00,14518,0.0777,11.0
2020-21,ENG1,leeds united,2020-11-28 17:30:00,14531,0.068,11.0
2020-21,ENG1,leeds united,2020-12-05 20:00:00,14538,0.1018,11.0
2020-21,ENG1,leeds united,2020-12-11 20:00:00,14548,0.0982,14.0
2020-21,ENG1,leeds united,2020-12-16 18:00:00,14558,0.1097,11.0
2020-21,ENG1,leeds united,2020-12-20 16:30:00,14570,0.079,13.0
2020-21,ENG1,leeds united,2020-12-27 12:00:00,14578,0.1381,13.0
2020-21,ENG1,leeds united,2020-12-29 18:00:00,14590,0.1215,13.0
2020-21,ENG1,leeds united,2021-01-02 12:30:00,14599,0.0924,13.0
2020-21,ENG1,leeds united,2021-01-16 15:00:00,14618,0.1218,12.0
2020-21,ENG1,leeds united,2021-01-26 18:00:00,14631,0.0442,13.0
2020-21,ENG1,leeds united,2021-01-31 14:00:00,14643,0.0052,12.0
2020-21,ENG1,leeds united,2021-02-03 19:30:00,14648,0.0289,13.0
2020-21,ENG1,leeds united,2021-02-08 20:00:00,14658,0.0046,11.0
2020-21,ENG1,leeds united,2021-02-14 16:30:00,14665,0.0151,13.0
2020-21,ENG1,leeds united,2021-02-19 20:00:00,14684,0.0177,12.0
2020-21,ENG1,leeds united,2021-02-23 20:00:00,14608,0.0668,14.0
2020-21,ENG1,leeds united,2021-02-27 17:30:00,14691,0.0978,14.0
2020-21,ENG1,leeds united,2021-03-08 20:00:00,14704,0.065,14.0
2020-21,ENG1,leeds united,2021-03-13 12:30:00,14709,0.0735,14.0
2020-21,ENG1,leeds united,2021-03-19 20:00:00,14718,0.0482,11.0
2020-21,ENG1,leeds united,2021-04-03 14:00:00,14729,0.0647,12.0
2020-21,ENG1,leeds united,2021-04-10 11:30:00,14740,0.062,13.0
2020-21,ENG1,leeds united,2021-04-19 19:00:00,14749,0.0188,12.0
2020-21,ENG1,leeds united,2021-04-25 13:00:00,14758,0.039,13.0
2020-21,ENG1,leeds united,2021-05-01 14:00:00,14765,0.0013,13.0
2020-21,ENG1,leeds united,2021-05-08 11:30:00,14778,0.0136,13.0
2020-21,ENG1,leeds united,2021-05-15 11:30:00,14786,0.0715,13.0
2020-21,ENG1,leeds united,2021-05-18 17:00:00,14802,0.1881,12.0
2020-21,ENG1,leeds united,2021-05-23 15:00:00,14808,0.1101,13.0
2020-21,ENG1,leicester city,2020-09-27 15:30:00,14112,0.0726,10.0
2020-21,ENG1,leicester city,2020-10-04 11:00:00,14470,0.1016,9.0
2020-21,ENG1,leicester city,2020-10-18 18:15:00,14479,-0.0272,10.0
2020-21,ENG1,leicester city,2020-10-25 19:15:00,14485,-0.0177,10.0
2020-21,ENG1,leicester city,2020-11-02 20:00:00,14498,0.0339,11.0
2020-21,ENG1,leicester city,2020-11-08 14:00:00,14510,0.0205,12.0
2020-21,ENG1,leicester city,2020-11-22 19:15:00,14519,0.0623,13.0
2020-21,ENG1,leicester city,2020-11-30 17:30:00,14532,0.0866,14.0
2020-21,ENG1,leicester city,2020-12-06 14:15:00,14541,0.0059,13.0
2020-21,ENG1,leicester city,2020-12-13 19:15:00,14553,0.0159,13.0
2020-21,ENG1,leicester city,2020-12-16 18:00:00,14559,0.0981,13.0
2020-21,ENG1,leicester city,2020-12-20 14:15:00,14573,0.0062,12.0
2020-21,ENG1,leicester city,2020-12-26 12:30:00,14579,-0.0011,11.0
2020-21,ENG1,leicester city,2020-12-28 15:00:00,14594,-0.0215,12.0
2020-21,ENG1,leicester city,2021-01-03 14:15:00,14597,-0.0508,11.0
2020-21,ENG1,leicester city,2021-01-16 20:00:00,14619,-0.059,13.0
2020-21,ENG1,leicester city,2021-01-19 20:15:00,14609,-0.044,12.0
2020-21,ENG1,leicester city,2021-01-27 20:15:00,14627,-0.011,14.0
2020-21,ENG1,leicester city,2021-01-31 14:00:00,14643,-0.0318,12.0
2020-21,ENG1,leicester city,2021-02-03 18:00:00,14647,-0.0104,14.0
2020-21,ENG1,leicester city,2021-02-07 14:00:00,14664,-0.0002,13.0
2020-21,ENG1,leicester city,2021-02-13 12:30:00,14670,-0.0496,12.0
2020-21,ENG1,leicester city,2021-02-21 14:00:00,14676,-0.0682,13.0
2020-21,ENG1,leicester city,2021-02-28 12:00:00,14690,-0.0065,14.0
2020-21,ENG1,leicester city,2021-03-03 18:00:00,14716,-0.0781,13.0
2020-21,ENG1,leicester city,2021-03-06 20:00:00,14696,-0.0591,11.0
2020-21,ENG1,leicester city,2021-03-14 14:00:00,14710,-0.0561,12.0
2020-21,ENG1,leicester city,2021-04-03 16:30:00,14730,0.0453,13.0
2020-21,ENG1,leicester city,2021-04-11 13:05:00,14744,-0.0094,13.0
2020-21,ENG1,leicester city,2021-04-22 19:00:00,14750,0.0087,13.0
2020-21,ENG1,leicester city,2021-04-26 19:00:00,14759,0.0574,13.0
2020-21,ENG1,leicester city,2021-04-30 19:00:00,14772,0.0506,13.0
2020-21,ENG1,leicester city,2021-05-07 19:00:00,14779,0.0906,14.0
2020-21,ENG1,leicester city,2021-05-11 17:00:00,14788,0.0822,12.0
2020-21,ENG1,leicester city,2021-05-18 19:15:00,14797,0.0736,13.0
2020-21,ENG1,leicester city,2021-05-23 15:00:00,14809,0.0542,13.0
2020-21,ENG1,liverpool,2020-09-28 19:15:00,14115,0.0262,9.0
2020-21,ENG1,liverpool,2020-10-04 18:15:00,14466,0.0654,9.0
2020-21,ENG1,liverpool,2020-10-17 11:30:00,14477,0.0643,8.0
2020-21,ENG1,liverpool,2020-10-24 19:00:00,14490,0.0365,8.0
2020-21,ENG1,liverpool,2020-10-31 17:30:00,14499,0.0377,9.0
2020-21,ENG1,liverpool,2020-11-08 16:30:00,14511,0.0368,9.0
2020-21,ENG1,liverpool,2020-11-22 19:15:00,14519,-0.0696,10.0
2020-21,ENG1,liverpool,2020-11-28 12:30:00,14528,0.0146,10.0
2020-21,ENG1,liverpool,2020-12-06 19:15:00,14539,-0.0621,11.0
2020-21,ENG1,liverpool,2020-12-13 16:30:00,14547,-0.0896,12.0
2020-21,ENG1,liverpool,2020-12-16 20:00:00,14563,-0.1216,9.0
2020-21,ENG1,liverpool,2020-12-19 12:30:00,14568,-0.0998,12.0
2020-21,ENG1,liverpool,2020-12-27 16:30:00,14580,-0.0608,10.0
2020-21,ENG1,liverpool,2020-12-30 20:00:00,14591,-0.1068,12.0
2020-21,ENG1,liverpool,2021-01-04 20:00:00,14598,-0.0739,10.0
2020-21,ENG1,liverpool,2021-01-17 16:30:00,14620,-0.0565,11.0
2020-21,ENG1,liverpool,2021-01-21 20:00:00,14613,-0.0419,11.0
2020-21,ENG1,liverpool,2021-01-28 20:00:00,14633,-0.0698,11.0
2020-21,ENG1,liverpool,2021-01-31 16:30:00,14639,-0.073,11.0
2020-21,ENG1,liverpool,2021-02-03 20:15:00,14654,-0.0219,12.0
2020-21,ENG1,liverpool,2021-02-07 16:30:00,14659,-0.0531,12.0
2020-21,ENG1,liverpool,2021-02-13 12:30:00,14670,-0.0584,12.0
2020-21,ENG1,liverpool,2021-02-20 17:30:00,14680,-0.0261,12.0
2020-21,ENG1,liverpool,2021-02-28 19:15:00,14694,-0.011,12.0
2020-21,ENG1,liverpool,2021-03-04 20:15:00,14719,-0.0141,12.0
2020-21,ENG1,liverpool,2021-03-07 14:00:00,14699,-0.0138,13.0
2020-21,ENG1,liverpool,2021-03-15 20:00:00,14714,-0.1046,12.0
2020-21,ENG1,liverpool,2021-04-03 19:00:00,14725,-0.1104,11.0
2020-21,ENG1,liverpool,2021-04-10 14:00:00,14739,-0.0818,12.0
2020-21,ENG1,liverpool,2021-04-19 19:00:00,14749,-0.0353,11.0
2020-21,ENG1,liverpool,2021-04-24 11:30:00,14760,-0.0406,12.0
2020-21,ENG1,liverpool,2021-05-08 19:15:00,14780,0.0491,11.0
2020-21,ENG1,liverpool,2021-05-13 19:15:00,14770,0.0145,12.0
2020-21,ENG1,liverpool,2021-05-16 15:30:00,14789,0.1136,11.0
2020-21,ENG1,liverpool,2021-05-19 19:15:00,14796,0.0518,10.0
2020-21,ENG1,liverpool,2021-05-23 15:00:00,14810,0.0226,10.0
2020-21,ENG1,manchester city,2020-10-03 16:30:00,14469,-0.0528,8.0
2020-21,ENG1,manchester city,2020-10-17 16:30:00,14480,-0.1454,6.0
2020-21,ENG1,manchester city,2020-10-24 11:30:00,14493,-0.1194,8.0
2020-21,ENG1,manchester city,2020-10-31 12:30:00,14502,-0.0796,9.0
2020-21,ENG1,manchester city,2020-11-08 16:30:00,14511,-0.0289,10.0
2020-21,ENG1,manchester city,2020-11-21 17:30:00,14523,-0.0498,12.0
2020-21,ENG1,manchester city,2020-11-28 15:00:00,14533,-0.0625,12.0
2020-21,ENG1,manchester city,2020-12-05 15:00:00,14540,-0.0477,10.0
2020-21,ENG1,manchester city,2020-12-12 17:30:00,14549,0.0156,11.0
2020-21,ENG1,manchester city,2020-12-15 20:00:00,14564,-0.0119,12.0
2020-21,ENG1,manchester city,2020-12-19 15:00:00,14572,0.0116,11.0
2020-21,ENG1,manchester city,2020-12-26 20:00:00,14581,-0.009,12.0
2020-21,ENG1,manchester city,2021-01-03 16:30:00,14603,0.0233,10.0
2020-21,ENG1,manchester city,2021-01-13 18:00:00,14614,0.1098,11.0
2020-21,ENG1,manchester city,2021-01-17 19:15:00,14621,0.0141,13.0
2020-21,ENG1,manchester city,2021-01-20 20:00:00,14089,0.0337,13.0
2020-21,ENG1,manchester city,2021-01-26 20:15:00,14629,0.0779,13.0
2020-21,ENG1,manchester city,2021-01-30 15:00:00,14642,-0.0401,10.0
2020-21,ENG1,manchester city,2021-02-03 18:00:00,14646,0.0582,11.0
2020-21,ENG1,manchester city,2021-02-07 16:30:00,14659,0.0609,11.0
2020-21,ENG1,manchester city,2021-02-13 17:30:00,14671,0.0388,12.0
2020-21,ENG1,manchester city,2021-02-17 20:15:00,14593,-0.0433,10.0
2020-21,ENG1,manchester city,2021-02-21 16:30:00,14675,0.0827,11.0
2020-21,ENG1,manchester city,2021-02-27 12:30:00,14689,0.1189,12.0
2020-21,ENG1,manchester city,2021-03-02 20:00:00,14720,0.0014,10.0
2020-21,ENG1,manchester city,2021-03-07 16:30:00,14700,0.045,12.0
2020-21,ENG1,manchester city,2021-03-10 18:00:00,14761,-0.0028,12.0
2020-21,ENG1,manchester city,2021-03-13 20:00:00,14708,0.0236,12.0
2020-21,ENG1,manchester city,2021-04-03 16:30:00,14730,0.0064,12.0
2020-21,ENG1,manchester city,2021-04-10 11:30:00,14740,0.0516,12.0
2020-21,ENG1,manchester city,2021-04-21 19:15:00,14746,-0.0194,11.0
2020-21,ENG1,manchester city,2021-05-01 11:30:00,14768,0.0619,11.0
2020-21,ENG1,manchester city,2021-05-08 16:30:00,14781,0.0342,12.0
2020-21,ENG1,manchester city,2021-05-14 19:00:00,14791,-0.0032,10.0
2020-21,ENG1,manchester city,2021-05-18 18:00:00,14795,-0.0276,11.0
2020-21,ENG1,manchester city,2021-05-23 15:00:00,14811,-0.032,13.0
2020-21,ENG1,manchester united,2020-10-04 15:30:00,14471,-0.0552,8.0
2020-21,ENG1,manchester united,2020-10-17 19:00:00,14481,-0.0232,11.0
2020-21,ENG1,manchester united,2020-10-24 16:30:00,14491,0.0007,11.0
2020-21,ENG1,manchester united,2020-11-01 16:30:00,14500,-0.0332,13.0
2020-21,ENG1,manchester united,2020-11-07 12:30:00,14509,-0.0759,11.0
2020-21,ENG1,manchester united,2020-11-21 20:00:00,14520,-0.0524,12.0
2020-21,ENG1,manchester united,2020-11-29 14:00:00,14534,0.0207,11.0
2020-21,ENG1,manchester united,2020-12-05 17:30:00,14544,-0.0175,13.0
2020-21,ENG1,manchester united,2020-12-12 17:30:00,14549,0.0151,12.0
2020-21,ENG1,manchester united,2020-12-17 20:00:00,14560,0.0058,12.0
2020-21,ENG1,manchester united,2020-12-20 16:30:00,14570,0.011,14.0
2020-21,ENG1,manchester united,2020-12-26 12:30:00,14579,0.1227,12.0
2020-21,ENG1,manchester united,2020-12-29 20:00:00,14592,0.111,13.0
2020-21,ENG1,manchester united,2021-01-01 20:00:00,14596,0.0507,12.0
2020-21,ENG1,manchester united,2021-01-12 22:15:00,14088,0.1102,11.0
2020-21,ENG1,manchester united,2021-01-17 16:30:00,14620,0.0696,12.0
2020-21,ENG1,manchester united,2021-01-20 20:15:00,14607,0.0974,11.0
2020-21,ENG1,manchester united,2021-01-27 20:15:00,14628,0.0062,12.0
2020-21,ENG1,manchester united,2021-01-30 17:30:00,14635,0.0275,12.0
2020-21,ENG1,manchester united,2021-02-02 20:15:00,14651,0.0004,14.0
2020-21,ENG1,manchester united,2021-02-06 20:00:00,14660,0.0608,12.0
2020-21,ENG1,manchester united,2021-02-14 14:00:00,14673,0.0715,12.0
2020-21,ENG1,manchester united,2021-02-21 19:00:00,14681,0.0667,12.0
2020-21,ENG1,manchester united,2021-02-28 16:30:00,14685,0.0691,11.0
2020-21,ENG1,manchester united,2021-03-03 20:15:00,14717,0.0574,13.0
2020-21,ENG1,manchester united,2021-03-07 16:30:00,14700,0.0564,12.0
2020-21,ENG1,manchester united,2021-03-14 19:15:00,14711,-0.0235,11.0
2020-21,ENG1,manchester united,2021-04-04 18:30:00,14731,-0.0268,12.0
2020-21,ENG1,manchester united,2021-04-11 15:30:00,14742,-0.0358,12.0
2020-21,ENG1,manchester united,2021-04-18 15:00:00,14751,-0.0042,12.0
2020-21,ENG1,manchester united,2021-04-25 13:00:00,14758,0.0522,12.0
2020-21,ENG1,manchester united,2021-05-09 13:05:00,14776,0.0365,13.0
2020-21,ENG1,manchester united,2021-05-11 17:00:00,14788,0.0575,11.0
2020-21,ENG1,manchester united,2021-05-13 19:15:00,14770,0.0284,12.0
2020-21,ENG1,manchester united,2021-05-18 17:00:00,14800,0.0934,12.0
2020-21,ENG1,manchester united,2021-05-23 15:00:00,14814,-0.0066,8.0
2020-21,ENG1,newcastle united,2020-09-27 13:00:00,14111,-0.0131,11.0
2020-21,ENG1,newcastle united,2020-10-03 19:00:00,14472,-0.0655,10.0
2020-21,ENG1,newcastle united,2020-10-17 19:00:00,14481,-0.0291,11.0
2020-21,ENG1,newcastle united,2020-10-25 16:30:00,14494,0.0013,11.0
2020-21,ENG1,newcastle united,2020-11-01 14:00:00,14501,-0.0092,11.0
2020-21,ENG1,newcastle united,2020-11-06 20:00:00,14512,-0.0165,13.0
2020-21,ENG1,newcastle united,2020-11-21 12:30:00,14521,-0.1053,13.0
2020-21,ENG1,newcastle united,2020-11-27 20:00:00,14530,-0.0334,10.0
2020-21,ENG1,newcastle united,2020-12-12 15:00:00,14550,0.0047,11.0
2020-21,ENG1,newcastle united,2020-12-16 18:00:00,14558,-0.0757,13.0
2020-21,ENG1,newcastle united,2020-12-19 20:00:00,14571,-0.009,12.0
2020-21,ENG1,newcastle united,2020-12-26 20:00:00,14581,-0.0366,11.0
2020-21,ENG1,newcastle united,2020-12-30 20:00:00,14591,-0.0088,12.0
2020-21,ENG1,newcastle united,2021-01-03 14:15:00,14597,-0.0338,13.0
2020-21,ENG1,newcastle united,2021-01-12 18:00:00,14610,-0.0551,12.0
2020-21,ENG1,newcastle united,2021-01-18 20:00:00,14615,-0.0741,13.0
2020-21,ENG1,newcastle united,2021-01-23 20:00:00,14535,-0.0705,13.0
2020-21,ENG1,newcastle united,2021-01-26 18:00:00,14631,-0.0762,12.0
2020-21,ENG1,newcastle united,2021-01-30 12:30:00,14644,-0.0731,13.0
2020-21,ENG1,newcastle united,2021-02-02 20:15:00,14652,-0.0314,13.0
2020-21,ENG1,newcastle united,2021-02-06 15:00:00,14661,-0.0625,14.0
2020-21,ENG1,newcastle united,2021-02-15 20:00:00,14667,-0.0425,13.0
2020-21,ENG1,newcastle united,2021-02-21 19:00:00,14681,-0.05,13.0
2020-21,ENG1,newcastle united,2021-02-27 20:00:00,14688,-0.0613,13.0
2020-21,ENG1,newcastle united,2021-03-07 12:00:00,14703,-0.0484,11.0
2020-21,ENG1,newcastle united,2021-03-12 20:00:00,14712,-0.0484,12.0
2020-21,ENG1,newcastle united,2021-03-20 20:00:00,14715,-0.0218,13.0
2020-21,ENG1,newcastle united,2021-04-04 13:05:00,14732,-0.0174,12.0
2020-21,ENG1,newcastle united,2021-04-11 11:00:00,14736,0.0454,13.0
2020-21,ENG1,newcastle united,2021-04-17 11:30:00,14752,0.0597,12.0
2020-21,ENG1,newcastle united,2021-04-24 11:30:00,14760,0.0834,13.0
2020-21,ENG1,newcastle united,2021-05-02 13:00:00,14771,0.0818,13.0
2020-21,ENG1,newcastle united,2021-05-07 19:00:00,14779,0.0013,12.0
2020-21,ENG1,newcastle united,2021-05-14 19:00:00,14791,0.0379,11.0
2020-21,ENG1,newcastle united,2021-05-19 17:00:00,14801,0.0442,13.0
2020-21,ENG1,newcastle united,2021-05-23 15:00:00,14807,0.0307,13.0
2020-21,ENG1,sheffield united,2020-09-27 11:00:00,14110,-0.0329,8.0
2020-21,ENG1,sheffield united,2020-10-04 13:00:00,14465,-0.0129,13.0
2020-21,ENG1,sheffield united,2020-10-18 11:00:00,14482,-0.0424,11.0
2020-21,ENG1,sheffield united,2020-10-24 19:00:00,14490,-0.0368,12.0
2020-21,ENG1,sheffield united,2020-10-31 12:30:00,14502,-0.0562,12.0
2020-21,ENG1,sheffield united,2020-11-07 17:30:00,14507,-0.0437,13.0
2020-21,ENG1,sheffield united,2020-11-22 14:00:00,14522,-0.0574,14.0
2020-21,ENG1,sheffield united,2020-11-28 20:00:00,14527,-0.057,12.0
2020-21,ENG1,sheffield united,2020-12-06 14:15:00,14541,0.0264,12.0
2020-21,ENG1,sheffield united,2020-12-13 12:00:00,14551,-0.0052,12.0
2020-21,ENG1,sheffield united,2020-12-17 20:00:00,14560,0.0415,13.0
2020-21,ENG1,sheffield united,2020-12-20 12:00:00,14565,0.0159,13.0
2020-21,ENG1,sheffield united,2020-12-26 20:00:00,14582,0.0538,14.0
2020-21,ENG1,sheffield united,2020-12-29 18:00:00,14587,0.1198,14.0
2020-21,ENG1,sheffield united,2021-01-02 15:00:00,14604,0.0681,11.0
2020-21,ENG1,sheffield united,2021-01-12 18:00:00,14610,0.0192,13.0
2020-21,ENG1,sheffield united,2021-01-17 14:00:00,14622,0.021,14.0
2020-21,ENG1,sheffield united,2021-01-27 20:15:00,14628,0.0037,13.0
2020-21,ENG1,sheffield united,2021-01-30 15:00:00,14642,0.0021,14.0
2020-21,ENG1,sheffield united,2021-02-02 18:00:00,14649,-0.0271,13.0
2020-21,ENG1,sheffield united,2021-02-07 19:15:00,14662,0.0025,13.0
2020-21,ENG1,sheffield united,2021-02-15 18:00:00,14674,0.0037,12.0
2020-21,ENG1,sheffield united,2021-02-20 20:00:00,14679,-0.0507,13.0
2020-21,ENG1,sheffield united,2021-02-28 19:15:00,14694,-0.0403,14.0
2020-21,ENG1,sheffield united,2021-03-03 18:00:00,14721,-0.05,13.0
2020-21,ENG1,sheffield united,2021-03-06 15:00:00,14701,-0.0442,14.0
2020-21,ENG1,sheffield united,2021-03-14 14:00:00,14710,-0.0348,12.0
2020-21,ENG1,sheffield united,2021-04-03 14:00:00,14729,-0.0618,14.0
2020-21,ENG1,sheffield united,2021-04-11 18:00:00,14741,-0.0532,13.0
2020-21,ENG1,sheffield united,2021-04-17 19:15:00,14754,-0.0502,13.0
2020-21,ENG1,sheffield united,2021-04-24 19:00:00,14762,-0.0477,12.0
2020-21,ENG1,sheffield united,2021-05-02 18:15:00,14773,-0.0664,13.0
2020-21,ENG1,sheffield united,2021-05-08 14:00:00,14782,-0.0769,12.0
2020-21,ENG1,sheffield united,2021-05-16 18:00:00,14787,-0.0584,10.0
2020-21,ENG1,sheffield united,2021-05-19 17:00:00,14801,0.0209,12.0
2020-21,ENG1,sheffield united,2021-05-23 15:00:00,14812,-0.0054,11.0
2020-21,ENG1,southampton,2020-09-26 19:00:00,14109,0.0268,9.0
2020-21,ENG1,southampton,2020-10-04 11:00:00,14473,0.0242,11.0
2020-21,ENG1,southampton,2020-10-17 14:00:00,14475,0.0016,11.0
2020-21,ENG1,southampton,2020-10-25 14:00:00,14492,-0.0061,11.0
2020-21,ENG1,southampton,2020-11-01 12:00:00,14495,-0.0367,12.0
2020-21,ENG1,southampton,2020-11-06 20:00:00,14512,-0.0509,12.0
2020-21,ENG1,southampton,2020-11-23 20:00:00,14524,-0.0669,11.0
2020-21,ENG1,southampton,2020-11-29 14:00:00,14534,-0.0507,11.0
2020-21,ENG1,southampton,2020-12-07 20:00:00,14536,-0.0577,13.0
2020-21,ENG1,southampton,2020-12-13 12:00:00,14551,-0.0534,11.0
2020-21,ENG1,southampton,2020-12-16 18:00:00,14555,-0.0119,13.0
2020-21,ENG1,southampton,2020-12-19 15:00:00,14572,-0.0317,13.0
2020-21,ENG1,southampton,2020-12-26 15:00:00,14577,-0.0573,9.0
2020-21,ENG1,southampton,2020-12-29 18:00:00,14588,-0.06,13.0
2020-21,ENG1,southampton,2021-01-04 20:00:00,14598,-0.096,11.0
2020-21,ENG1,southampton,2021-01-16 20:00:00,14619,-0.1064,12.0
2020-21,ENG1,southampton,2021-01-26 20:15:00,14632,-0.0622,10.0
2020-21,ENG1,southampton,2021-01-30 20:00:00,14641,-0.0462,13.0
2020-21,ENG1,southampton,2021-02-02 20:15:00,14651,-0.0133,10.0
2020-21,ENG1,southampton,2021-02-06 15:00:00,14661,0.0483,11.0
2020-21,ENG1,southampton,2021-02-14 12:00:00,14672,0.0054,13.0
2020-21,ENG1,southampton,2021-02-20 12:30:00,14682,-0.0284,11.0
2020-21,ENG1,southampton,2021-02-23 20:00:00,14608,-0.0035,14.0
2020-21,ENG1,southampton,2021-03-01 20:00:00,14686,0.0229,11.0
2020-21,ENG1,southampton,2021-03-06 15:00:00,14701,0.0052,13.0
2020-21,ENG1,southampton,2021-03-10 18:00:00,14761,0.0057,13.0
2020-21,ENG1,southampton,2021-03-14 12:00:00,14713,0.0065,13.0
2020-21,ENG1,southampton,2021-04-04 11:00:00,14733,-0.0484,11.0
2020-21,ENG1,southampton,2021-04-12 17:00:00,14743,-0.0167,12.0
2020-21,ENG1,southampton,2021-04-21 19:00:00,14722,-0.0424,13.0
2020-21,ENG1,southampton,2021-04-30 19:00:00,14772,0.0427,12.0
2020-21,ENG1,southampton,2021-05-08 19:15:00,14780,0.0002,13.0
2020-21,ENG1,southampton,2021-05-11 21:00:00,14753,0.0026,13.0
2020-21,ENG1,southampton,2021-05-15 14:00:00,14792,0.023,14.0
2020-21,ENG1,southampton,2021-05-18 17:00:00,14802,0.0106,14.0
2020-21,ENG1,southampton,2021-05-23 15:00:00,14813,0.0003,13.0
2020-21,ENG1,tottenham hotspur,2020-09-27 13:00:00,14111,0.0402,8.0
2020-21,ENG1,tottenham hotspur,2020-10-04 15:30:00,14471,0.2149,7.0
2020-21,ENG1,tottenham hotspur,2020-10-18 15:30:00,14483,0.1779,7.0
2020-21,ENG1,tottenham hotspur,2020-10-26 20:00:00,14488,0.1311,10.0
2020-21,ENG1,tottenham hotspur,2020-11-01 19:15:00,14503,0.1465,10.0
2020-21,ENG1,tottenham hotspur,2020-11-08 12:00:00,14513,0.4231,11.0
2020-21,ENG1,tottenham hotspur,2020-11-21 17:30:00,14523,0.1315,11.0
2020-21,ENG1,tottenham hotspur,2020-11-29 16:30:00,14529,0.0886,9.0
2020-21,ENG1,tottenham hotspur,2020-12-06 16:30:00,14542,0.0243,11.0
2020-21,ENG1,tottenham hotspur,2020-12-13 14:15:00,14545,-0.0397,10.0
2020-21,ENG1,tottenham hotspur,2020-12-16 20:00:00,14563,-0.025,12.0
2020-21,ENG1,tottenham hotspur,2020-12-20 14:15:00,14573,0.06,12.0
2020-21,ENG1,tottenham hotspur,2020-12-27 19:15:00,14584,-0.0672,11.0
2020-21,ENG1,tottenham hotspur,2021-01-02 12:30:00,14599,-0.076,11.0
2020-21,ENG1,tottenham hotspur,2021-01-13 20:00:00,14589,-0.0434,10.0
2020-21,ENG1,tottenham hotspur,2021-01-17 14:00:00,14622,0.0686,8.0
2020-21,ENG1,tottenham hotspur,2021-01-28 20:00:00,14633,0.0487,11.0
2020-21,ENG1,tottenham hotspur,2021-01-31 19:15:00,14636,0.126,11.0
2020-21,ENG1,tottenham hotspur,2021-02-04 20:00:00,14653,0.0692,11.0
2020-21,ENG1,tottenham hotspur,2021-02-07 12:00:00,14663,0.0029,11.0
2020-21,ENG1,tottenham hotspur,2021-02-13 17:30:00,14671,0.0184,11.0
2020-21,ENG1,tottenham hotspur,2021-02-21 12:00:00,14683,0.027,11.0
2020-21,ENG1,tottenham hotspur,2021-02-28 14:00:00,14693,0.0592,11.0
2020-21,ENG1,tottenham hotspur,2021-03-04 18:00:00,14757,-0.0164,12.0
2020-21,ENG1,tottenham hotspur,2021-03-07 19:15:00,14702,-0.0003,12.0
2020-21,ENG1,tottenham hotspur,2021-03-14 16:30:00,14705,0.0452,12.0
2020-21,ENG1,tottenham hotspur,2021-03-21 19:30:00,14606,0.0215,11.0
2020-21,ENG1,tottenham hotspur,2021-04-04 13:05:00,14732,0.0296,11.0
2020-21,ENG1,tottenham hotspur,2021-04-11 15:30:00,14742,0.0865,10.0
2020-21,ENG1,tottenham hotspur,2021-04-16 19:00:00,14748,0.0507,11.0
2020-21,ENG1,tottenham hotspur,2021-04-21 19:00:00,14722,0.0338,11.0
2020-21,ENG1,tottenham hotspur,2021-05-02 18:15:00,14773,0.0438,12.0
2020-21,ENG1,tottenham hotspur,2021-05-08 11:30:00,14778,0.0442,12.0
2020-21,ENG1,tottenham hotspur,2021-05-16 13:05:00,14793,0.044,11.0
2020-21,ENG1,tottenham hotspur,2021-05-19 17:00:00,14803,0.0499,11.0
2020-21,ENG1,tottenham hotspur,2021-05-23 15:00:00,14809,-0.0048,12.0
2020-21,ENG1,west bromwich albion,2020-09-26 16:30:00,14108,-0.0694,10.0
2020-21,ENG1,west bromwich albion,2020-10-04 11:00:00,14473,-0.0531,11.0
2020-21,ENG1,west bromwich albion,2020-10-19 16:30:00,14484,-0.0361,7.0
2020-21,ENG1,west bromwich albion,2020-10-26 17:30:00,14487,-0.0495,10.0
2020-21,ENG1,west bromwich albion,2020-11-02 17:30:00,14497,-0.0631,14.0
2020-21,ENG1,west bromwich albion,2020-11-08 12:00:00,14513,-0.0686,12.0
2020-21,ENG1,west bromwich albion,2020-11-21 20:00:00,14520,-0.0456,14.0
2020-21,ENG1,west bromwich albion,2020-11-28 20:00:00,14527,-0.049,14.0
2020-21,ENG1,west bromwich albion,2020-12-06 12:00:00,14543,-0.0226,13.0
2020-21,ENG1,west bromwich albion,2020-12-12 15:00:00,14550,-0.0466,12.0
2020-21,ENG1,west bromwich albion,2020-12-15 20:00:00,14564,-0.0511,11.0
2020-21,ENG1,west bromwich albion,2020-12-20 19:15:00,14574,-0.0531,13.0
2020-21,ENG1,west bromwich albion,2020-12-27 16:30:00,14580,-0.0731,13.0
2020-21,ENG1,west bromwich albion,2020-12-29 18:00:00,14590,-0.0683,13.0
2020-21,ENG1,west bromwich albion,2021-01-02 20:00:00,14600,-0.0646,13.0
2020-21,ENG1,west bromwich albion,2021-01-16 12:30:00,14624,-0.0468,9.0
2020-21,ENG1,west bromwich albion,2021-01-19 18:00:00,14611,-0.0061,11.0
2020-21,ENG1,west bromwich albion,2021-01-26 20:15:00,14629,0.0046,13.0
2020-21,ENG1,west bromwich albion,2021-01-30 15:00:00,14640,0.0014,12.0
2020-21,ENG1,west bromwich albion,2021-02-02 18:00:00,14649,-0.0299,13.0
2020-21,ENG1,west bromwich albion,2021-02-07 12:00:00,14663,-0.0153,12.0
2020-21,ENG1,west bromwich albion,2021-02-14 14:00:00,14673,0.0523,13.0
2020-21,ENG1,west bromwich albion,2021-02-20 15:00:00,14678,0.0987,12.0
2020-21,ENG1,west bromwich albion,2021-02-27 15:00:00,14692,0.1048,12.0
2020-21,ENG1,west bromwich albion,2021-03-04 18:00:00,14723,0.0789,13.0
2020-21,ENG1,west bromwich albion,2021-03-07 12:00:00,14703,0.0527,11.0
2020-21,ENG1,west bromwich albion,2021-03-13 15:00:00,14706,0.054,13.0
2020-21,ENG1,west bromwich albion,2021-04-03 11:30:00,14727,0.0386,13.0
2020-21,ENG1,west bromwich albion,2021-04-12 17:00:00,14743,0.0322,13.0
2020-21,ENG1,west bromwich albion,2021-04-22 19:00:00,14750,0.0294,14.0
2020-21,ENG1,west bromwich albion,2021-04-25 18:00:00,14756,0.0292,12.0
2020-21,ENG1,west bromwich albion,2021-05-03 17:00:00,14774,0.039,13.0
2020-21,ENG1,west bromwich albion,2021-05-09 18:00:00,14775,0.0405,13.0
2020-21,ENG1,west bromwich albion,2021-05-16 15:30:00,14789,0.0311,13.0
2020-21,ENG1,west bromwich albion,2021-05-19 19:15:00,14804,0.036,12.0
2020-21,ENG1,west bromwich albion,2021-05-23 15:00:00,14808,-0.0101,13.0
2020-21,ENG1,west ham united,2020-09-27 18:00:00,14113,0.0027,9.0
2020-21,ENG1,west ham united,2020-10-04 11:00:00,14470,0.0917,9.0
2020-21,ENG1,west ham united,2020-10-18 15:30:00,14483,0.089,10.0
2020-21,ENG1,west ham united,2020-10-24 11:30:00,14493,0.0572,12.0
2020-21,ENG1,west ham united,2020-10-31 17:30:00,14499,0.0218,12.0
2020-21,ENG1,west ham united,2020-11-07 20:00:00,14514,-0.0127,12.0
2020-21,ENG1,west ham united,2020-11-22 14:00:00,14522,-0.003,12.0
2020-21,ENG1,west ham united,2020-11-30 20:00:00,14526,0.0036,12.0
2020-21,ENG1,west ham united,2020-12-05 17:30:00,14544,-0.0266,13.0
2020-21,ENG1,west ham united,2020-12-11 20:00:00,14548,0.0452,11.0
2020-21,ENG1,west ham united,2020-12-16 20:00:00,14561,0.0457,12.0
2020-21,ENG1,west ham united,2020-12-21 20:00:00,14567,0.0168,12.0
2020-21,ENG1,west ham united,2020-12-27 14:15:00,14583,-0.0161,12.0
2020-21,ENG1,west ham united,2020-12-29 18:00:00,14588,-0.0092,13.0
2020-21,ENG1,west ham united,2021-01-01 17:30:00,14595,-0.0095,12.0
2020-21,ENG1,west ham united,2021-01-16 15:00:00,14623,-0.0289,12.0
2020-21,ENG1,west ham united,2021-01-19 18:00:00,14611,-0.0418,13.0
2020-21,ENG1,west ham united,2021-01-26 18:00:00,14634,-0.022,11.0
2020-21,ENG1,west ham united,2021-01-31 16:30:00,14639,0.0584,14.0
2020-21,ENG1,west ham united,2021-02-03 20:15:00,14645,0.0772,10.0
2020-21,ENG1,west ham united,2021-02-06 17:30:00,14657,0.0543,13.0
2020-21,ENG1,west ham united,2021-02-15 18:00:00,14674,0.0435,12.0
2020-21,ENG1,west ham united,2021-02-21 12:00:00,14683,0.0827,12.0
2020-21,ENG1,west ham united,2021-02-27 12:30:00,14689,0.064,10.0
2020-21,ENG1,west ham united,2021-03-08 20:00:00,14704,0.0802,12.0
2020-21,ENG1,west ham united,2021-03-14 19:15:00,14711,0.0522,13.0
2020-21,ENG1,west ham united,2021-03-21 15:00:00,14724,0.0757,12.0
2020-21,ENG1,west ham united,2021-04-05 19:15:00,14734,0.0537,13.0
2020-21,ENG1,west ham united,2021-04-11 13:05:00,14744,0.0461,12.0
2020-21,ENG1,west ham united,2021-04-17 11:30:00,14752,0.0419,12.0
2020-21,ENG1,west ham united,2021-04-24 16:30:00,14763,0.0769,13.0
2020-21,ENG1,west ham united,2021-05-03 19:15:00,14766,0.1191,12.0
2020-21,ENG1,west ham united,2021-05-09 15:30:00,14783,0.1059,14.0
2020-21,ENG1,west ham united,2021-05-15 19:00:00,14785,0.0491,12.0
2020-21,ENG1,west ham united,2021-05-19 19:15:00,14804,0.0539,12.0
2020-21,ENG1,west ham united,2021-05-23 15:00:00,14813,0.1099,12.0
2020-21,ENG1,wolverhampton wanderers,2020-09-27 18:00:00,14113,-0.0166,9.0
2020-21,ENG1,wolverhampton wanderers,2020-10-04 13:00:00,14474,-0.0376,10.0
2020-21,ENG1,wolverhampton wanderers,2020-10-19 19:00:00,14478,-0.0646,11.0
2020-21,ENG1,wolverhampton wanderers,2020-10-25 16:30:00,14494,-0.0669,12.0
2020-21,ENG1,wolverhampton wanderers,2020-10-30 20:00:00,14504,-0.0776,12.0
2020-21,ENG1,wolverhampton wanderers,2020-11-08 14:00:00,14510,-0.0761,12.0
2020-21,ENG1,wolverhampton wanderers,2020-11-23 20:00:00,14524,-0.1119,12.0
2020-21,ENG1,wolverhampton wanderers,2020-11-29 19:15:00,14525,-0.037,13.0
2020-21,ENG1,wolverhampton wanderers,2020-12-06 19:15:00,14539,-0.0093,13.0
2020-21,ENG1,wolverhampton wanderers,2020-12-12 12:30:00,14552,-0.0025,11.0
2020-21,ENG1,wolverhampton wanderers,2020-12-15 18:00:00,14562,0.0033,12.0
2020-21,ENG1,wolverhampton wanderers,2020-12-21 17:30:00,14566,-0.0249,12.0
2020-21,ENG1,wolverhampton wanderers,2020-12-27 19:15:00,14584,0.0011,12.0
2020-21,ENG1,wolverhampton wanderers,2020-12-29 20:00:00,14592,-0.0681,13.0
2020-21,ENG1,wolverhampton wanderers,2021-01-02 17:30:00,14601,-0.0886,12.0
2020-21,ENG1,wolverhampton wanderers,2021-01-12 20:15:00,14612,-0.0369,11.0
2020-21,ENG1,wolverhampton wanderers,2021-01-16 12:30:00,14624,-0.0457,12.0
2020-21,ENG1,wolverhampton wanderers,2021-01-27 18:00:00,14630,-0.0534,13.0
2020-21,ENG1,wolverhampton wanderers,2021-01-30 15:00:00,14638,-0.0719,13.0
2020-21,ENG1,wolverhampton wanderers,2021-02-02 18:00:00,14650,-0.0827,13.0
2020-21,ENG1,wolverhampton wanderers,2021-02-07 14:00:00,14664,-0.0872,12.0
2020-21,ENG1,wolverhampton wanderers,2021-02-14 12:00:00,14672,-0.0744,11.0
2020-21,ENG1,wolverhampton wanderers,2021-02-19 20:00:00,14684,-0.0851,11.0
2020-21,ENG1,wolverhampton wanderers,2021-02-27 20:00:00,14688,-0.103,10.0
2020-21,ENG1,wolverhampton wanderers,2021-03-02 20:00:00,14720,-0.0741,11.0
2020-21,ENG1,wolverhampton wanderers,2021-03-06 17:30:00,14695,-0.0899,11.0
2020-21,ENG1,wolverhampton wanderers,2021-03-15 20:00:00,14714,-0.0371,12.0
2020-21,ENG1,wolverhampton wanderers,2021-04-05 19:15:00,14734,-0.0582,13.0
2020-21,ENG1,wolverhampton wanderers,2021-04-09 19:00:00,14738,-0.0803,13.0
2020-21,ENG1,wolverhampton wanderers,2021-04-17 19:15:00,14754,-0.0529,13.0
2020-21,ENG1,wolverhampton wanderers,2021-04-25 11:00:00,14764,-0.0114,14.0
2020-21,ENG1,wolverhampton wanderers,2021-05-03 17:00:00,14774,0.0479,12.0
2020-21,ENG1,wolverhampton wanderers,2021-05-09 11:00:00,14784,0.0204,14.0
2020-21,ENG1,wolverhampton wanderers,2021-05-16 13:05:00,14793,0.023,13.0
2020-21,ENG1,wolverhampton wanderers,2021-05-19 17:00:00,14799,-0.0365,13.0
2020-21,ENG1,wolverhampton wanderers,2021-05-23 15:00:00,14814,-0.0564,13.0
2020-21,ESP1,alaves,2020-09-26 11:00:00,14154,0.0089,9.0
2020-21,ESP1,alaves,2020-09-30 17:00:00,14172,0.0187,10.0
2020-21,ESP1,alaves,2020-10-04 12:00:00,14815,-0.0129,12.0
2020-21,ESP1,alaves,2020-10-18 16:30:00,14825,-0.0385,11.0
2020-21,ESP1,alaves,2020-10-25 13:00:00,14843,-0.0026,10.0
2020-21,ESP1,alaves,2020-10-31 20:00:00,14845,0.0192,12.0
2020-21,ESP1,alaves,2020-11-08 17:30:00,14859,-0.0016,11.0
2020-21,ESP1,alaves,2020-11-22 20:00:00,14865,0.0353,12.0
2020-21,ESP1,alaves,2020-11-28 20:00:00,14880,0.0772,11.0
2020-21,ESP1,alaves,2020-12-06 20:00:00,14891,0.1054,10.0
2020-21,ESP1,alaves,2020-12-12 17:30:00,14902,0.1408,11.0
2020-21,ESP1,alaves,2020-12-20 13:00:00,14910,0.0235,11.0
2020-21,ESP1,alaves,2020-12-23 21:00:00,14917,0.0085,11.0
2020-21,ESP1,alaves,2020-12-31 15:15:00,14936,0.0288,14.0
2020-21,ESP1,alaves,2021-01-03 15:15:00,14937,0.0223,12.0
2020-21,ESP1,alaves,2021-01-10 15:15:00,14950,-0.0029,11.0
2020-21,ESP1,alaves,2021-01-19 20:30:00,14960,-0.0317,12.0
2020-21,ESP1,alaves,2021-01-23 20:00:00,14968,-0.0018,14.0
2020-21,ESP1,alaves,2021-01-31 13:00:00,14981,0.0015,9.0
2020-21,ESP1,alaves,2021-02-05 20:00:00,14988,0.0044,10.0
2020-21,ESP1,alaves,2021-02-13 20:00:00,14998,0.0049,11.0
2020-21,ESP1,alaves,2021-02-21 15:15:00,15014,-0.034,11.0
2020-21,ESP1,alaves,2021-02-27 17:30:00,15018,-0.0028,11.0
2020-21,ESP1,alaves,2021-03-08 20:00:00,15030,-0.0417,12.0
2020-21,ESP1,alaves,2021-03-13 13:00:00,15038,-0.0426,10.0
2020-21,ESP1,alaves,2021-03-21 17:30:00,15049,-0.0409,12.0
2020-21,ESP1,alaves,2021-04-04 12:00:00,15058,-0.0453,13.0
2020-21,ESP1,alaves,2021-04-10 14:15:00,15068,0.0111,11.0
2020-21,ESP1,alaves,2021-04-18 14:15:00,15098,-0.0436,10.0
2020-21,ESP1,alaves,2021-04-21 19:00:00,15078,-0.0091,11.0
2020-21,ESP1,alaves,2021-04-24 16:30:00,15094,0.0459,12.0
2020-21,ESP1,alaves,2021-05-01 12:00:00,15114,0.0288,13.0
2020-21,ESP1,alaves,2021-05-08 12:00:00,15118,-0.0169,13.0
2020-21,ESP1,alaves,2021-05-11 18:00:00,15137,0.0359,11.0
2020-21,ESP1,alaves,2021-05-16 16:30:00,15138,-0.0463,10.0
2020-21,ESP1,alaves,2021-05-23 19:00:00,15155,0.0774,13.0
2020-21,ESP1,athletic club,2020-10-01 17:00:00,14164,-0.0653,9.0
2020-21,ESP1,athletic club,2020-10-04 12:00:00,14815,-0.0721,11.0
2020-21,ESP1,athletic club,2020-10-18 12:00:00,14826,-0.07,8.0
2020-21,ESP1,athletic club,2020-10-24 16:30:00,14840,-0.0414,9.0
2020-21,ESP1,athletic club,2020-10-31 15:00:00,14846,-0.015,11.0
2020-21,ESP1,athletic club,2020-11-08 17:30:00,14863,-0.0023,14.0
2020-21,ESP1,athletic club,2020-11-23 20:00:00,14866,0.0225,11.0
2020-21,ESP1,athletic club,2020-11-29 15:15:00,14878,0.0586,11.0
2020-21,ESP1,athletic club,2020-12-04 20:00:00,14892,0.0468,12.0
2020-21,ESP1,athletic club,2020-12-12 13:00:00,14895,-0.0113,11.0
2020-21,ESP1,athletic club,2020-12-15 21:00:00,14906,0.003,10.0
2020-21,ESP1,athletic club,2020-12-18 20:00:00,14907,-0.0039,9.0
2020-21,ESP1,athletic club,2020-12-22 21:00:00,14923,-0.0441,8.0
2020-21,ESP1,athletic club,2020-12-31 13:00:00,14927,0.0129,12.0
2020-21,ESP1,athletic club,2021-01-03 13:00:00,14938,0.0559,9.0
2020-21,ESP1,athletic club,2021-01-06 20:00:00,14947,0.0516,9.0
2020-21,ESP1,athletic club,2021-01-25 20:00:00,14969,-0.0612,11.0
2020-21,ESP1,athletic club,2021-01-31 20:00:00,14978,-0.036,9.0
2020-21,ESP1,athletic club,2021-02-07 15:15:00,14989,-0.0114,11.0
2020-21,ESP1,athletic club,2021-02-15 20:00:00,15002,0.0447,11.0
2020-21,ESP1,athletic club,2021-02-21 20:00:00,15008,0.0556,9.0
2020-21,ESP1,athletic club,2021-02-26 20:00:00,15024,0.0983,11.0
2020-21,ESP1,athletic club,2021-03-07 20:00:00,15028,0.0397,11.0
2020-21,ESP1,athletic club,2021-03-10 20:00:00,14948,0.1977,10.0
2020-21,ESP1,athletic club,2021-03-14 13:00:00,15040,0.1056,11.0
2020-21,ESP1,athletic club,2021-03-20 13:00:00,15048,0.0915,11.0
2020-21,ESP1,athletic club,2021-04-07 19:00:00,15065,0.1042,11.0
2020-21,ESP1,athletic club,2021-04-10 14:15:00,15068,0.0396,14.0
2020-21,ESP1,athletic club,2021-04-21 18:00:00,15081,0.1401,11.0
2020-21,ESP1,athletic club,2021-04-25 19:00:00,15088,0.0479,13.0
2020-21,ESP1,athletic club,2021-04-28 17:00:00,15099,0.0804,13.0
2020-21,ESP1,athletic club,2021-05-03 19:00:00,15108,0.0794,12.0
2020-21,ESP1,athletic club,2021-05-08 19:00:00,15119,0.0919,10.0
2020-21,ESP1,athletic club,2021-05-12 18:00:00,15132,0.0739,12.0
2020-21,ESP1,athletic club,2021-05-16 16:30:00,15139,0.0629,13.0
2020-21,ESP1,athletic club,2021-05-22 16:00:00,15157,0.0655,10.0
2020-21,ESP1,atletico madrid,2020-10-03 14:00:00,14816,0.3997,13.0
2020-21,ESP1,atletico madrid,2020-10-17 14:00:00,14828,0.2323,11.0
2020-21,ESP1,atletico madrid,2020-10-24 19:00:00,14835,0.1634,14.0
2020-21,ESP1,atletico madrid,2020-10-31 17:30:00,14851,0.0231,10.0
2020-21,ESP1,atletico madrid,2020-11-07 20:00:00,14855,0.01,14.0
2020-21,ESP1,atletico madrid,2020-11-21 20:00:00,14867,0.1023,11.0
2020-21,ESP1,atletico madrid,2020-11-28 15:15:00,14882,0.0257,14.0
2020-21,ESP1,atletico madrid,2020-12-05 17:30:00,14893,-0.0449,16.0
2020-21,ESP1,atletico madrid,2020-12-12 20:00:00,14903,0.0194,16.0
2020-21,ESP1,atletico madrid,2020-12-19 13:00:00,14908,0.0265,15.0
2020-21,ESP1,atletico madrid,2020-12-22 18:45:00,14926,0.0121,13.0
2020-21,ESP1,atletico madrid,2020-12-30 18:15:00,14929,-0.0557,13.0
2020-21,ESP1,atletico madrid,2021-01-03 15:15:00,14937,-0.0696,10.0
2020-21,ESP1,atletico madrid,2021-01-12 20:30:00,14959,-0.0328,12.0
2020-21,ESP1,atletico madrid,2021-01-21 20:30:00,14962,-0.0769,12.0
2020-21,ESP1,atletico madrid,2021-01-24 20:00:00,14973,-0.0905,13.0
2020-21,ESP1,atletico madrid,2021-01-31 15:15:00,14982,-0.0762,13.0
2020-21,ESP1,atletico madrid,2021-02-08 20:00:00,14990,-0.0111,11.0
2020-21,ESP1,atletico madrid,2021-02-13 13:00:00,15003,-0.0597,12.0
2020-21,ESP1,atletico madrid,2021-02-17 18:00:00,14149,-0.0369,12.0
2020-21,ESP1,atletico madrid,2021-02-20 15:15:00,15009,0.0112,12.0
2020-21,ESP1,atletico madrid,2021-02-28 20:00:00,15027,-0.0399,12.0
2020-21,ESP1,atletico madrid,2021-03-07 15:15:00,15029,-0.0629,13.0
2020-21,ESP1,atletico madrid,2021-03-10 20:00:00,14948,-0.0584,14.0
2020-21,ESP1,atletico madrid,2021-03-13 20:00:00,15042,-0.0624,13.0
2020-21,ESP1,atletico madrid,2021-03-21 17:30:00,15049,-0.0446,12.0
2020-21,ESP1,atletico madrid,2021-04-04 19:00:00,15066,-0.0643,13.0
2020-21,ESP1,atletico madrid,2021-04-11 19:00:00,15069,-0.1126,14.0
2020-21,ESP1,atletico madrid,2021-04-18 14:15:00,15100,0.0125,15.0
2020-21,ESP1,atletico madrid,2021-04-22 17:00:00,15079,0.0473,11.0
2020-21,ESP1,atletico madrid,2021-04-25 19:00:00,15088,0.0205,16.0
2020-21,ESP1,atletico madrid,2021-05-01 14:15:00,15112,-0.0236,12.0
2020-21,ESP1,atletico madrid,2021-05-08 14:15:00,15120,-0.0241,14.0
2020-21,ESP1,atletico madrid,2021-05-12 20:00:00,15128,-0.0188,13.0
2020-21,ESP1,atletico madrid,2021-05-16 16:30:00,15140,0.0367,13.0
2020-21,ESP1,atletico madrid,2021-05-22 16:00:00,15156,0.0365,13.0
2020-21,ESP1,barcelona,2020-10-04 19:00:00,14817,-0.0094,10.0
2020-21,ESP1,barcelona,2020-10-17 19:00:00,14830,-0.1129,10.0
2020-21,ESP1,barcelona,2020-10-24 14:00:00,14836,-0.0871,10.0
2020-21,ESP1,barcelona,2020-10-31 20:00:00,14845,-0.1709,13.0
2020-21,ESP1,barcelona,2020-11-07 15:15:00,14856,-0.1603,10.0
2020-21,ESP1,barcelona,2020-11-21 20:00:00,14867,-0.0867,12.0
2020-21,ESP1,barcelona,2020-11-29 13:00:00,14875,-0.1033,12.0
2020-21,ESP1,barcelona,2020-12-05 20:00:00,14885,0.0096,12.0
2020-21,ESP1,barcelona,2020-12-13 20:00:00,14898,0.0312,12.0
2020-21,ESP1,barcelona,2020-12-16 20:00:00,14905,0.0085,13.0
2020-21,ESP1,barcelona,2020-12-19 15:15:00,14909,0.0691,12.0
2020-21,ESP1,barcelona,2020-12-22 21:00:00,14924,-0.0082,12.0
2020-21,ESP1,barcelona,2020-12-29 18:00:00,14928,0.0055,13.0
2020-21,ESP1,barcelona,2021-01-03 20:00:00,14942,0.042,13.0
2020-21,ESP1,barcelona,2021-01-06 20:00:00,14947,0.0599,13.0
2020-21,ESP1,barcelona,2021-01-09 17:30:00,14951,0.0272,12.0
2020-21,ESP1,barcelona,2021-01-24 15:15:00,14972,0.0224,11.0
2020-21,ESP1,barcelona,2021-01-31 20:00:00,14978,0.0226,12.0
2020-21,ESP1,barcelona,2021-02-07 20:00:00,14991,0.0477,13.0
2020-21,ESP1,barcelona,2021-02-13 20:00:00,14998,-0.0241,13.0
2020-21,ESP1,barcelona,2021-02-21 13:00:00,15010,-0.0441,13.0
2020-21,ESP1,barcelona,2021-02-24 20:00:00,14141,-0.0729,15.0
2020-21,ESP1,barcelona,2021-02-27 15:15:00,15026,-0.045,12.0
2020-21,ESP1,barcelona,2021-03-06 20:00:00,15033,-0.017,14.0
2020-21,ESP1,barcelona,2021-03-15 20:00:00,15039,-0.0137,13.0
2020-21,ESP1,barcelona,2021-03-21 20:00:00,15054,-0.0197,14.0
2020-21,ESP1,barcelona,2021-04-05 19:00:00,15059,0.0244,14.0
2020-21,ESP1,barcelona,2021-04-10 19:00:00,15074,0.0025,14.0
2020-21,ESP1,barcelona,2021-04-22 20:00:00,15080,-0.0251,14.0
2020-21,ESP1,barcelona,2021-04-25 14:15:00,15096,-0.0558,14.0
2020-21,ESP1,barcelona,2021-04-29 17:00:00,15101,0.0016,13.0
2020-21,ESP1,barcelona,2021-05-02 19:00:00,15109,-0.0154,13.0
2020-21,ESP1,barcelona,2021-05-08 14:15:00,15120,0.0193,15.0
2020-21,ESP1,barcelona,2021-05-11 20:00:00,15133,0.0318,13.0
2020-21,ESP1,barcelona,2021-05-16 16:30:00,15141,0.0699,14.0
2020-21,ESP1,barcelona,2021-05-22 16:00:00,15149,0.075,15.0
2020-21,ESP1,cadiz,2020-09-27 19:00:00,14159,0.0515,10.0
2020-21,ESP1,cadiz,2020-10-01 17:00:00,14164,0.0359,8.0
2020-21,ESP1,cadiz,2020-10-04 16:30:00,14818,-0.0416,11.0
2020-21,ESP1,cadiz,2020-10-17 16:30:00,14833,-0.0081,10.0
2020-21,ESP1,cadiz,2020-10-25 15:00:00,14838,0.0146,11.0
2020-21,ESP1,cadiz,2020-10-30 20:00:00,14849,-0.014,12.0
2020-21,ESP1,cadiz,2020-11-07 20:00:00,14855,-0.015,11.0
2020-21,ESP1,cadiz,2020-11-22 15:15:00,14869,-0.0037,14.0
2020-21,ESP1,cadiz,2020-11-28 13:00:00,14884,-0.002,12.0
2020-21,ESP1,cadiz,2020-12-05 20:00:00,14885,-0.013,12.0
2020-21,ESP1,cadiz,2020-12-14 20:00:00,14900,0.0553,15.0
2020-21,ESP1,cadiz,2020-12-20 17:30:00,14912,0.0294,12.0
2020-21,ESP1,cadiz,2020-12-23 21:00:00,14918,0.0323,14.0
2020-21,ESP1,cadiz,2020-12-29 20:30:00,14932,0.007,13.0
2020-21,ESP1,cadiz,2021-01-04 20:00:00,14945,-0.0118,13.0
2020-21,ESP1,cadiz,2021-01-10 15:15:00,14950,0.0106,11.0
2020-21,ESP1,cadiz,2021-01-19 18:00:00,14964,0.0201,12.0
2020-21,ESP1,cadiz,2021-01-23 15:15:00,14971,-0.0042,11.0
2020-21,ESP1,cadiz,2021-01-31 15:15:00,14982,-0.0078,11.0
2020-21,ESP1,cadiz,2021-02-07 13:00:00,14995,-0.0013,14.0
2020-21,ESP1,cadiz,2021-02-15 20:00:00,15002,0.0154,14.0
2020-21,ESP1,cadiz,2021-02-21 13:00:00,15010,-0.0239,15.0
2020-21,ESP1,cadiz,2021-02-28 15:15:00,15022,0.0083,13.0
2020-21,ESP1,cadiz,2021-03-06 17:30:00,15031,-0.0183,14.0
2020-21,ESP1,cadiz,2021-03-13 13:00:00,15038,-0.0195,10.0
2020-21,ESP1,cadiz,2021-03-21 15:15:00,15057,-0.021,13.0
2020-21,ESP1,cadiz,2021-04-04 16:30:00,15060,-0.0517,13.0
2020-21,ESP1,cadiz,2021-04-10 12:00:00,15072,-0.0369,14.0
2020-21,ESP1,cadiz,2021-04-18 16:30:00,15104,-0.0191,13.0
2020-21,ESP1,cadiz,2021-04-21 20:00:00,15082,0.0012,15.0
2020-21,ESP1,cadiz,2021-04-24 14:15:00,15095,0.0462,14.0
2020-21,ESP1,cadiz,2021-05-02 16:30:00,15115,-0.0101,12.0
2020-21,ESP1,cadiz,2021-05-08 16:30:00,15123,0.0602,14.0
2020-21,ESP1,cadiz,2021-05-11 17:00:00,15134,0.0877,14.0
2020-21,ESP1,cadiz,2021-05-16 16:30:00,15144,-0.0059,15.0
2020-21,ESP1,cadiz,2021-05-21 15:00:00,15152,-0.0249,15.0
2020-21,ESP1,celta vigo,2020-09-27 16:30:00,14162,0.1188,11.0
2020-21,ESP1,celta vigo,2020-10-01 19:30:00,14165,0.056,12.0
2020-21,ESP1,celta vigo,2020-10-04 10:00:00,14820,0.0472,13.0
2020-21,ESP1,celta vigo,2020-10-17 14:00:00,14828,-0.0395,11.0
2020-21,ESP1,celta vigo,2020-10-26 20:00:00,14839,0.0069,9.0
2020-21,ESP1,celta vigo,2020-11-01 15:00:00,14848,0.0612,13.0
2020-21,ESP1,celta vigo,2020-11-06 20:00:00,14864,0.0619,11.0
2020-21,ESP1,celta vigo,2020-11-21 17:30:00,14873,0.0463,13.0
2020-21,ESP1,celta vigo,2020-11-29 17:30:00,14877,0.0695,13.0
2020-21,ESP1,celta vigo,2020-12-04 20:00:00,14892,0.1416,12.0
2020-21,ESP1,celta vigo,2020-12-14 20:00:00,14900,0.1345,14.0
2020-21,ESP1,celta vigo,2020-12-20 13:00:00,14910,0.1277,13.0
2020-21,ESP1,celta vigo,2020-12-23 16:30:00,14919,0.1713,12.0
2020-21,ESP1,celta vigo,2020-12-30 18:15:00,14933,0.0718,13.0
2020-21,ESP1,celta vigo,2021-01-02 20:00:00,14943,0.0986,13.0
2020-21,ESP1,celta vigo,2021-01-08 20:00:00,14949,0.0692,11.0
2020-21,ESP1,celta vigo,2021-01-20 20:00:00,14961,-0.0212,14.0
2020-21,ESP1,celta vigo,2021-01-24 17:30:00,14974,-0.0107,12.0
2020-21,ESP1,celta vigo,2021-01-31 17:30:00,14983,0.0062,11.0
2020-21,ESP1,celta vigo,2021-02-08 20:00:00,14990,-0.0109,11.0
2020-21,ESP1,celta vigo,2021-02-12 17:30:00,14999,0.014,13.0
2020-21,ESP1,celta vigo,2021-02-20 17:30:00,15015,0.3146,12.0
2020-21,ESP1,celta vigo,2021-02-28 13:00:00,15019,0.0819,15.0
2020-21,ESP1,celta vigo,2021-03-07 13:00:00,15032,0.0092,12.0
2020-21,ESP1,celta vigo,2021-03-14 13:00:00,15040,0.0138,13.0
2020-21,ESP1,celta vigo,2021-03-20 15:15:00,15051,0.0015,12.0
2020-21,ESP1,celta vigo,2021-04-04 12:00:00,15058,-0.0227,12.0
2020-21,ESP1,celta vigo,2021-04-12 19:00:00,15070,0.0991,11.0
2020-21,ESP1,celta vigo,2021-04-18 16:30:00,15104,0.0828,14.0
2020-21,ESP1,celta vigo,2021-04-22 19:00:00,15086,0.0359,12.0
2020-21,ESP1,celta vigo,2021-04-25 16:30:00,15089,0.0316,11.0
2020-21,ESP1,celta vigo,2021-04-30 19:00:00,15113,0.0343,13.0
2020-21,ESP1,celta vigo,2021-05-09 16:30:00,15127,0.0782,11.0
2020-21,ESP1,celta vigo,2021-05-12 18:00:00,15129,0.0745,11.0
2020-21,ESP1,celta vigo,2021-05-16 16:30:00,15141,0.0012,12.0
2020-21,ESP1,celta vigo,2021-05-22 16:00:00,15148,-0.0041,11.0
2020-21,ESP1,eibar,2020-09-27 12:00:00,14158,0.0008,8.0
2020-21,ESP1,eibar,2020-09-30 19:30:00,14166,-0.0148,8.0
2020-21,ESP1,eibar,2020-10-03 11:00:00,14823,-0.0513,7.0
2020-21,ESP1,eibar,2020-10-18 10:00:00,14829,0.0185,7.0
2020-21,ESP1,eibar,2020-10-24 16:30:00,14842,0.0006,9.0
2020-21,ESP1,eibar,2020-10-30 20:00:00,14849,-0.0212,10.0
2020-21,ESP1,eibar,2020-11-07 13:00:00,14858,-0.0076,10.0
2020-21,ESP1,eibar,2020-11-22 13:00:00,14868,-0.0366,9.0
2020-21,ESP1,eibar,2020-11-30 20:00:00,14876,0.0041,9.0
2020-21,ESP1,eibar,2020-12-07 20:00:00,14894,0.0233,9.0
2020-21,ESP1,eibar,2020-12-13 13:00:00,14904,0.123,11.0
2020-21,ESP1,eibar,2020-12-20 20:00:00,14911,-0.0116,8.0
2020-21,ESP1,eibar,2020-12-23 21:00:00,14917,0.0328,10.0
2020-21,ESP1,eibar,2020-12-29 18:00:00,14928,0.0105,10.0
2020-21,ESP1,eibar,2021-01-03 17:30:00,14940,0.1886,9.0
2020-21,ESP1,eibar,2021-01-10 13:00:00,14953,0.1846,10.0
2020-21,ESP1,eibar,2021-01-21 20:30:00,14962,0.0789,9.0
2020-21,ESP1,eibar,2021-01-24 17:30:00,14974,0.0327,9.0
2020-21,ESP1,eibar,2021-01-30 13:00:00,14980,0.1191,10.0
2020-21,ESP1,eibar,2021-02-07 17:30:00,14994,0.1649,10.0
2020-21,ESP1,eibar,2021-02-13 17:30:00,15000,0.0807,8.0
2020-21,ESP1,eibar,2021-02-20 13:00:00,15017,0.0069,10.0
2020-21,ESP1,eibar,2021-02-27 13:00:00,15020,0.0073,8.0
2020-21,ESP1,eibar,2021-03-06 17:30:00,15031,0.0337,9.0
2020-21,ESP1,eibar,2021-03-14 17:30:00,15041,0.0703,12.0
2020-21,ESP1,eibar,2021-03-20 13:00:00,15048,0.0284,8.0
2020-21,ESP1,eibar,2021-04-03 14:15:00,15064,0.0418,10.0
2020-21,ESP1,eibar,2021-04-10 16:30:00,15071,-0.0126,9.0
2020-21,ESP1,eibar,2021-04-18 14:15:00,15100,-0.0022,11.0
2020-21,ESP1,eibar,2021-04-22 19:00:00,15083,0.0041,8.0
2020-21,ESP1,eibar,2021-04-26 19:00:00,15090,0.0272,9.0
2020-21,ESP1,eibar,2021-05-01 12:00:00,15114,-0.0284,8.0
2020-21,ESP1,eibar,2021-05-09 12:00:00,15122,-0.0202,8.0
2020-21,ESP1,eibar,2021-05-13 18:00:00,15130,0.0259,10.0
2020-21,ESP1,eibar,2021-05-16 16:30:00,15146,0.0901,10.0
2020-21,ESP1,eibar,2021-05-22 16:00:00,15149,0.0461,10.0
2020-21,ESP1,elche,2020-10-03 16:30:00,14824,-0.0274,10.0
2020-21,ESP1,elche,2020-10-18 16:30:00,14825,-0.0363,9.0
2020-21,ESP1,elche,2020-10-23 19:00:00,14844,-0.0176,8.0
2020-21,ESP1,elche,2020-11-01 13:00:00,14847,-0.0511,13.0
2020-21,ESP1,elche,2020-11-06 20:00:00,14864,-0.0476,15.0
2020-21,ESP1,elche,2020-11-21 13:00:00,14871,-0.0602,11.0
2020-21,ESP1,elche,2020-11-28 13:00:00,14884,-0.0301,12.0
2020-21,ESP1,elche,2020-12-06 17:30:00,14890,-0.0077,11.0
2020-21,ESP1,elche,2020-12-13 17:30:00,14897,-0.0222,14.0
2020-21,ESP1,elche,2020-12-19 13:00:00,14908,-0.028,12.0
2020-21,ESP1,elche,2020-12-22 16:30:00,14922,0.0153,13.0
2020-21,ESP1,elche,2020-12-30 20:30:00,14934,-0.0241,12.0
2020-21,ESP1,elche,2021-01-03 13:00:00,14938,0.0146,16.0
2020-21,ESP1,elche,2021-01-11 18:00:00,14957,-0.0398,16.0
2020-21,ESP1,elche,2021-01-19 18:00:00,14966,-0.0357,11.0
2020-21,ESP1,elche,2021-01-24 15:15:00,14972,-0.0484,12.0
2020-21,ESP1,elche,2021-01-30 17:30:00,14985,-0.0297,13.0
2020-21,ESP1,elche,2021-02-06 17:30:00,14997,0.0026,10.0
2020-21,ESP1,elche,2021-02-12 17:30:00,14999,0.0067,13.0
2020-21,ESP1,elche,2021-02-20 13:00:00,15017,0.0018,14.0
2020-21,ESP1,elche,2021-02-24 20:00:00,14141,-0.018,14.0
2020-21,ESP1,elche,2021-02-28 17:30:00,15023,-0.0314,14.0
2020-21,ESP1,elche,2021-03-06 15:15:00,15037,-0.0075,13.0
2020-21,ESP1,elche,2021-03-13 15:15:00,15046,-0.0037,13.0
2020-21,ESP1,elche,2021-03-17 20:00:00,14150,-0.0186,13.0
2020-21,ESP1,elche,2021-03-21 13:00:00,15052,-0.0268,11.0
2020-21,ESP1,elche,2021-04-04 14:15:00,15067,0.0097,12.0
2020-21,ESP1,elche,2021-04-09 19:00:00,15073,0.0136,16.0
2020-21,ESP1,elche,2021-04-18 12:00:00,15106,-0.0432,13.0
2020-21,ESP1,elche,2021-04-21 19:00:00,15087,-0.0038,13.0
2020-21,ESP1,elche,2021-04-24 14:00:00,15097,-0.0154,12.0
2020-21,ESP1,elche,2021-05-01 14:15:00,15112,-0.0181,14.0
2020-21,ESP1,elche,2021-05-07 19:00:00,15125,0.0242,14.0
2020-21,ESP1,elche,2021-05-11 18:00:00,15137,-0.0396,15.0
2020-21,ESP1,elche,2021-05-16 16:30:00,15144,-0.0006,13.0
2020-21,ESP1,elche,2021-05-22 16:00:00,15157,0.0231,15.0
2020-21,ESP1,getafe,2020-09-29 19:30:00,14167,-0.0515,7.0
2020-21,ESP1,getafe,2020-10-03 16:30:00,14821,-0.0068,8.0
2020-21,ESP1,getafe,2020-10-17 19:00:00,14830,-0.084,8.0
2020-21,ESP1,getafe,2020-10-25 17:30:00,14837,-0.0379,11.0
2020-21,ESP1,getafe,2020-11-01 20:00:00,14853,0.0564,11.0
2020-21,ESP1,getafe,2020-11-08 13:00:00,14857,0.0762,9.0
2020-21,ESP1,getafe,2020-11-22 13:00:00,14868,0.0537,8.0
2020-21,ESP1,getafe,2020-11-29 15:15:00,14878,0.0719,9.0
2020-21,ESP1,getafe,2020-12-05 13:00:00,14887,0.0584,9.0
2020-21,ESP1,getafe,2020-12-12 15:15:00,14901,0.0492,8.0
2020-21,ESP1,getafe,2020-12-20 17:30:00,14912,0.0278,8.0
2020-21,ESP1,getafe,2020-12-23 16:30:00,14919,0.0092,9.0
2020-21,ESP1,getafe,2020-12-30 18:15:00,14929,-0.0396,9.0
2020-21,ESP1,getafe,2021-01-02 17:30:00,14941,-0.0465,11.0
2020-21,ESP1,getafe,2021-01-11 18:00:00,14957,-0.0695,11.0
2020-21,ESP1,getafe,2021-01-20 18:00:00,14963,0.0384,10.0
2020-21,ESP1,getafe,2021-01-25 20:00:00,14969,0.0448,10.0
2020-21,ESP1,getafe,2021-01-31 13:00:00,14981,0.0054,11.0
2020-21,ESP1,getafe,2021-02-06 20:00:00,14996,0.0119,10.0
2020-21,ESP1,getafe,2021-02-09 20:00:00,14142,-0.0297,15.0
2020-21,ESP1,getafe,2021-02-14 13:00:00,15001,-0.0395,14.0
2020-21,ESP1,getafe,2021-02-19 20:00:00,15011,-0.0624,9.0
2020-21,ESP1,getafe,2021-02-27 20:00:00,15021,-0.0913,10.0
2020-21,ESP1,getafe,2021-03-06 13:00:00,15036,-0.0871,11.0
2020-21,ESP1,getafe,2021-03-13 20:00:00,15042,-0.0863,9.0
2020-21,ESP1,getafe,2021-03-21 13:00:00,15052,-0.081,11.0
2020-21,ESP1,getafe,2021-04-03 16:30:00,15063,-0.0862,8.0
2020-21,ESP1,getafe,2021-04-10 12:00:00,15072,-0.0578,12.0
2020-21,ESP1,getafe,2021-04-18 19:00:00,15103,-0.0128,11.0
2020-21,ESP1,getafe,2021-04-22 20:00:00,15080,0.0325,10.0
2020-21,ESP1,getafe,2021-04-25 12:00:00,15091,0.0614,9.0
2020-21,ESP1,getafe,2021-05-02 14:15:00,15111,0.0677,11.0
2020-21,ESP1,getafe,2021-05-09 12:00:00,15122,0.0514,10.0
2020-21,ESP1,getafe,2021-05-12 18:00:00,15129,0.1297,10.0
2020-21,ESP1,getafe,2021-05-16 16:30:00,15143,0.0627,12.0
2020-21,ESP1,getafe,2021-05-23 16:30:00,15150,0.0265,7.0
2020-21,ESP1,granada,2020-09-27 14:00:00,14155,0.1069,7.0
2020-21,ESP1,granada,2020-10-04 16:30:00,14818,0.028,11.0
2020-21,ESP1,granada,2020-10-17 11:00:00,14831,0.0371,15.0
2020-21,ESP1,granada,2020-10-25 17:30:00,14837,0.0956,11.0
2020-21,ESP1,granada,2020-11-01 17:30:00,14850,0.0452,12.0
2020-21,ESP1,granada,2020-11-08 15:15:00,14860,0.0519,5.0
2020-21,ESP1,granada,2020-11-22 17:30:00,14870,-0.0113,13.0
2020-21,ESP1,granada,2020-11-29 17:30:00,14877,0.0069,14.0
2020-21,ESP1,granada,2020-12-06 13:00:00,14886,0.0103,14.0
2020-21,ESP1,granada,2020-12-13 17:30:00,14897,-0.0273,12.0
2020-21,ESP1,granada,2020-12-20 15:15:00,14913,0.0291,13.0
2020-21,ESP1,granada,2020-12-23 18:45:00,14921,0.0245,14.0
2020-21,ESP1,granada,2020-12-30 16:00:00,14931,0.0179,14.0
2020-21,ESP1,granada,2021-01-03 17:30:00,14940,0.0444,13.0
2020-21,ESP1,granada,2021-01-09 17:30:00,14951,0.0397,14.0
2020-21,ESP1,granada,2021-01-12 18:00:00,14958,0.0291,13.0
2020-21,ESP1,granada,2021-01-20 20:30:00,14967,0.0326,12.0
2020-21,ESP1,granada,2021-01-24 13:00:00,14977,0.0299,12.0
2020-21,ESP1,granada,2021-01-31 17:30:00,14983,-0.0248,12.0
2020-21,ESP1,granada,2021-02-06 13:00:00,14993,0.0356,13.0
2020-21,ESP1,granada,2021-02-13 13:00:00,15003,0.0624,13.0
2020-21,ESP1,granada,2021-02-21 17:30:00,15012,0.0122,13.0
2020-21,ESP1,granada,2021-02-28 17:30:00,15023,-0.0127,11.0
2020-21,ESP1,granada,2021-03-07 20:00:00,15028,-0.0257,13.0
2020-21,ESP1,granada,2021-03-14 15:15:00,15043,0.0052,14.0
2020-21,ESP1,granada,2021-03-21 15:15:00,15055,0.0082,14.0
2020-21,ESP1,granada,2021-04-03 12:00:00,15061,0.008,15.0
2020-21,ESP1,granada,2021-04-11 16:30:00,15076,0.0481,12.0
2020-21,ESP1,granada,2021-04-22 19:00:00,15083,0.0428,13.0
2020-21,ESP1,granada,2021-04-25 16:30:00,15093,0.0427,15.0
2020-21,ESP1,granada,2021-04-29 17:00:00,15101,0.0165,12.0
2020-21,ESP1,granada,2021-05-02 16:30:00,15115,0.0779,14.0
2020-21,ESP1,granada,2021-05-10 19:00:00,15121,-0.0495,13.0
2020-21,ESP1,granada,2021-05-13 20:00:00,15131,0.0042,14.0
2020-21,ESP1,granada,2021-05-16 16:30:00,15138,0.0328,13.0
2020-21,ESP1,granada,2021-05-23 16:30:00,15150,0.1003,13.0
2020-21,ESP1,huesca,2020-09-26 14:00:00,14161,-0.1139,8.0
2020-21,ESP1,huesca,2020-09-30 17:00:00,14168,-0.0677,7.0
2020-21,ESP1,huesca,2020-10-03 16:30:00,14824,-0.0821,10.0
2020-21,ESP1,huesca,2020-10-18 16:30:00,14832,0.0118,8.0
2020-21,ESP1,huesca,2020-10-25 20:00:00,14841,-0.0189,9.0
2020-21,ESP1,huesca,2020-10-31 13:00:00,14852,-0.0377,10.0
2020-21,ESP1,huesca,2020-11-07 13:00:00,14858,0.0262,9.0
2020-21,ESP1,huesca,2020-11-20 20:00:00,14872,0.054,10.0
2020-21,ESP1,huesca,2020-11-28 17:30:00,14879,0.0446,11.0
2020-21,ESP1,huesca,2020-12-06 13:00:00,14886,0.0023,9.0
2020-21,ESP1,huesca,2020-12-12 17:30:00,14902,-0.0166,7.0
2020-21,ESP1,huesca,2020-12-18 20:00:00,14907,-0.0123,11.0
2020-21,ESP1,huesca,2020-12-22 18:45:00,14920,-0.0376,8.0
2020-21,ESP1,huesca,2020-12-30 18:15:00,14933,-0.0687,11.0
2020-21,ESP1,huesca,2021-01-03 20:00:00,14942,0.0085,13.0
2020-21,ESP1,huesca,2021-01-11 20:00:00,14952,-0.0812,11.0
2020-21,ESP1,huesca,2021-01-20 18:00:00,14963,-0.0582,12.0
2020-21,ESP1,huesca,2021-01-23 13:00:00,14975,-0.0171,12.0
2020-21,ESP1,huesca,2021-01-29 20:00:00,14986,-0.051,12.0
2020-21,ESP1,huesca,2021-02-06 15:15:00,14992,-0.0261,11.0
2020-21,ESP1,huesca,2021-02-13 15:15:00,15006,-0.0445,13.0
2020-21,ESP1,huesca,2021-02-21 17:30:00,15012,-0.0133,12.0
2020-21,ESP1,huesca,2021-02-27 13:00:00,15020,0.0266,12.0
2020-21,ESP1,huesca,2021-03-07 13:00:00,15032,0.033,10.0
2020-21,ESP1,huesca,2021-03-15 20:00:00,15039,0.0912,12.0
2020-21,ESP1,huesca,2021-03-20 17:30:00,15053,0.1357,11.0
2020-21,ESP1,huesca,2021-04-02 19:00:00,15062,0.1031,13.0
2020-21,ESP1,huesca,2021-04-09 19:00:00,15073,0.0731,12.0
2020-21,ESP1,huesca,2021-04-18 14:15:00,15098,0.0528,14.0
2020-21,ESP1,huesca,2021-04-22 17:00:00,15079,0.0782,13.0
2020-21,ESP1,huesca,2021-04-25 12:00:00,15091,0.0671,14.0
2020-21,ESP1,huesca,2021-05-01 16:30:00,15116,-0.0349,12.0
2020-21,ESP1,huesca,2021-05-08 16:30:00,15123,-0.0136,13.0
2020-21,ESP1,huesca,2021-05-12 18:00:00,15132,-0.0415,13.0
2020-21,ESP1,huesca,2021-05-16 16:30:00,15142,-0.0279,12.0
2020-21,ESP1,huesca,2021-05-22 16:00:00,15151,-0.0703,12.0
2020-21,ESP1,levante,2020-10-01 17:00:00,14171,0.1388,6.0
2020-21,ESP1,levante,2020-10-04 14:00:00,14819,0.035,12.0
2020-21,ESP1,levante,2020-10-18 12:00:00,14826,0.085,11.0
2020-21,ESP1,levante,2020-10-26 20:00:00,14839,0.0082,10.0
2020-21,ESP1,levante,2020-11-01 17:30:00,14850,-0.0215,11.0
2020-21,ESP1,levante,2020-11-08 17:30:00,14859,-0.0332,13.0
2020-21,ESP1,levante,2020-11-21 13:00:00,14871,-0.007,12.0
2020-21,ESP1,levante,2020-11-27 20:00:00,14883,0.0001,11.0
2020-21,ESP1,levante,2020-12-05 13:00:00,14887,-0.005,12.0
2020-21,ESP1,levante,2020-12-13 20:00:00,14898,0.0205,11.0
2020-21,ESP1,levante,2020-12-19 17:30:00,14914,0.0362,13.0
2020-21,ESP1,levante,2020-12-22 18:45:00,14920,0.0658,14.0
2020-21,ESP1,levante,2020-12-29 20:30:00,14930,0.0639,13.0
2020-21,ESP1,levante,2021-01-02 13:00:00,14946,0.0607,14.0
2020-21,ESP1,levante,2021-01-10 13:00:00,14953,0.0891,12.0
2020-21,ESP1,levante,2021-01-19 18:00:00,14964,0.1141,12.0
2020-21,ESP1,levante,2021-01-22 20:00:00,14976,0.0014,12.0
2020-21,ESP1,levante,2021-01-30 15:15:00,14984,0.0009,12.0
2020-21,ESP1,levante,2021-02-06 13:00:00,14993,0.0097,12.0
2020-21,ESP1,levante,2021-02-14 17:30:00,15004,-0.0312,14.0
2020-21,ESP1,levante,2021-02-17 18:00:00,14149,0.0281,11.0
2020-21,ESP1,levante,2021-02-20 15:15:00,15009,0.009,14.0
2020-21,ESP1,levante,2021-02-26 20:00:00,15024,0.0773,12.0
2020-21,ESP1,levante,2021-03-07 17:30:00,15034,0.0279,11.0
2020-21,ESP1,levante,2021-03-12 20:00:00,15044,-0.0041,12.0
2020-21,ESP1,levante,2021-03-19 20:00:00,15050,-0.0209,12.0
2020-21,ESP1,levante,2021-04-02 19:00:00,15062,0.018,13.0
2020-21,ESP1,levante,2021-04-10 16:30:00,15071,-0.0263,11.0
2020-21,ESP1,levante,2021-04-18 19:00:00,15105,-0.0215,14.0
2020-21,ESP1,levante,2021-04-21 17:00:00,15084,-0.0472,13.0
2020-21,ESP1,levante,2021-04-24 14:00:00,15097,-0.0301,14.0
2020-21,ESP1,levante,2021-04-30 19:00:00,15113,-0.0429,9.0
2020-21,ESP1,levante,2021-05-08 12:00:00,15118,-0.0684,11.0
2020-21,ESP1,levante,2021-05-11 20:00:00,15133,-0.0614,13.0
2020-21,ESP1,levante,2021-05-16 16:30:00,15143,-0.0425,10.0
2020-21,ESP1,levante,2021-05-21 15:00:00,15152,-0.0341,10.0
2020-21,ESP1,osasuna,2020-09-27 10:00:00,14160,-0.0331,8.0
2020-21,ESP1,osasuna,2020-10-04 10:00:00,14820,-0.0749,7.0
2020-21,ESP1,osasuna,2020-10-18 10:00:00,14829,-0.027,12.0
2020-21,ESP1,osasuna,2020-10-24 16:30:00,14840,0.0151,10.0
2020-21,ESP1,osasuna,2020-10-31 17:30:00,14851,-0.0082,12.0
2020-21,ESP1,osasuna,2020-11-07 17:30:00,14861,0.029,11.0
2020-21,ESP1,osasuna,2020-11-20 20:00:00,14872,0.1076,12.0
2020-21,ESP1,osasuna,2020-11-29 13:00:00,14875,0.0596,12.0
2020-21,ESP1,osasuna,2020-12-06 15:15:00,14888,0.0962,12.0
2020-21,ESP1,osasuna,2020-12-11 20:00:00,14896,0.0768,9.0
2020-21,ESP1,osasuna,2020-12-19 17:30:00,14915,0.0623,11.0
2020-21,ESP1,osasuna,2020-12-22 16:30:00,14922,-0.0128,10.0
2020-21,ESP1,osasuna,2020-12-31 15:15:00,14936,0.0331,10.0
2020-21,ESP1,osasuna,2021-01-03 17:30:00,14944,0.0221,13.0
2020-21,ESP1,osasuna,2021-01-09 20:00:00,14954,-0.0008,11.0
2020-21,ESP1,osasuna,2021-01-12 18:00:00,14958,0.0233,13.0
2020-21,ESP1,osasuna,2021-01-21 18:00:00,14965,-0.018,12.0
2020-21,ESP1,osasuna,2021-01-24 13:00:00,14977,0.0794,12.0
2020-21,ESP1,osasuna,2021-02-01 20:00:00,14979,0.0183,11.0
2020-21,ESP1,osasuna,2021-02-07 17:30:00,14994,0.086,11.0
2020-21,ESP1,osasuna,2021-02-14 17:30:00,15004,0.0246,12.0
2020-21,ESP1,osasuna,2021-02-22 20:00:00,15013,0.1256,13.0
2020-21,ESP1,osasuna,2021-02-27 17:30:00,15018,0.1135,11.0
2020-21,ESP1,osasuna,2021-03-06 20:00:00,15033,0.0482,12.0
2020-21,ESP1,osasuna,2021-03-13 17:30:00,15045,0.1013,12.0
2020-21,ESP1,osasuna,2021-03-20 17:30:00,15053,0.005,11.0
2020-21,ESP1,osasuna,2021-04-03 16:30:00,15063,-0.0154,12.0
2020-21,ESP1,osasuna,2021-04-11 12:00:00,15077,-0.0417,13.0
2020-21,ESP1,osasuna,2021-04-18 12:00:00,15106,-0.023,12.0
2020-21,ESP1,osasuna,2021-04-21 17:00:00,15085,-0.0528,12.0
2020-21,ESP1,osasuna,2021-04-25 16:30:00,15089,0.0777,12.0
2020-21,ESP1,osasuna,2021-05-01 19:00:00,15117,0.0545,12.0
2020-21,ESP1,osasuna,2021-05-08 19:00:00,15119,0.1003,14.0
2020-21,ESP1,osasuna,2021-05-11 17:00:00,15134,0.1043,12.0
2020-21,ESP1,osasuna,2021-05-16 16:30:00,15140,0.0927,13.0
2020-21,ESP1,osasuna,2021-05-22 16:00:00,15153,0.1085,14.0
2020-21,ESP1,real betis,2020-09-26 19:00:00,14157,0.0001,9.0
2020-21,ESP1,real betis,2020-09-29 19:30:00,14167,0.1127,10.0
2020-21,ESP1,real betis,2020-10-03 19:00:00,14822,0.0564,10.0
2020-21,ESP1,real betis,2020-10-18 19:00:00,14827,0.0072,14.0
2020-21,ESP1,real betis,2020-10-24 19:00:00,14835,0.0266,13.0
2020-21,ESP1,real betis,2020-11-01 13:00:00,14847,0.0338,12.0
2020-21,ESP1,real betis,2020-11-07 15:15:00,14856,0.0215,14.0
2020-21,ESP1,real betis,2020-11-23 20:00:00,14866,0.0138,12.0
2020-21,ESP1,real betis,2020-11-30 20:00:00,14876,0.0225,15.0
2020-21,ESP1,real betis,2020-12-06 15:15:00,14888,-0.0222,12.0
2020-21,ESP1,real betis,2020-12-13 15:15:00,14899,-0.0104,13.0
2020-21,ESP1,real betis,2020-12-20 15:15:00,14913,-0.0331,14.0
2020-21,ESP1,real betis,2020-12-23 21:00:00,14918,-0.0245,13.0
2020-21,ESP1,real betis,2020-12-29 20:30:00,14930,-0.0585,14.0
2020-21,ESP1,real betis,2021-01-02 15:15:00,14939,0.0567,11.0
2020-21,ESP1,real betis,2021-01-11 20:00:00,14952,0.0785,12.0
2020-21,ESP1,real betis,2021-01-20 20:00:00,14961,0.0823,12.0
2020-21,ESP1,real betis,2021-01-23 17:30:00,14970,0.085,15.0
2020-21,ESP1,real betis,2021-02-01 20:00:00,14979,0.1176,14.0
2020-21,ESP1,real betis,2021-02-07 20:00:00,14991,0.0513,13.0
2020-21,ESP1,real betis,2021-02-14 20:00:00,15007,0.0806,12.0
2020-21,ESP1,real betis,2021-02-19 20:00:00,15011,0.0396,16.0
2020-21,ESP1,real betis,2021-02-28 15:15:00,15022,0.0269,14.0
2020-21,ESP1,real betis,2021-03-08 20:00:00,15030,0.0799,15.0
2020-21,ESP1,real betis,2021-03-14 20:00:00,15047,0.1082,15.0
2020-21,ESP1,real betis,2021-03-19 20:00:00,15050,0.1064,13.0
2020-21,ESP1,real betis,2021-04-04 14:15:00,15067,0.1177,14.0
2020-21,ESP1,real betis,2021-04-11 19:00:00,15069,0.0722,13.0
2020-21,ESP1,real betis,2021-04-18 16:30:00,15102,0.0853,15.0
2020-21,ESP1,real betis,2021-04-21 18:00:00,15081,0.0713,14.0
2020-21,ESP1,real betis,2021-04-24 19:00:00,15092,0.0247,14.0
2020-21,ESP1,real betis,2021-05-02 12:00:00,15110,0.0291,12.0
2020-21,ESP1,real betis,2021-05-10 19:00:00,15121,0.0258,13.0
2020-21,ESP1,real betis,2021-05-13 18:00:00,15130,0.021,14.0
2020-21,ESP1,real betis,2021-05-16 16:30:00,15142,0.002,12.0
2020-21,ESP1,real betis,2021-05-22 16:00:00,15148,-0.0012,14.0
2020-21,ESP1,real madrid,2020-09-30 19:30:00,14169,0.1225,7.0
2020-21,ESP1,real madrid,2020-10-04 14:00:00,14819,0.1219,10.0
2020-21,ESP1,real madrid,2020-10-17 16:30:00,14833,0.1194,13.0
2020-21,ESP1,real madrid,2020-10-24 14:00:00,14836,0.0439,13.0
2020-21,ESP1,real madrid,2020-10-31 13:00:00,14852,0.08,14.0
2020-21,ESP1,real madrid,2020-11-08 20:00:00,14862,0.1437,13.0
2020-21,ESP1,real madrid,2020-11-21 15:15:00,14874,0.0598,10.0
2020-21,ESP1,real madrid,2020-11-28 20:00:00,14880,0.0068,15.0
2020-21,ESP1,real madrid,2020-12-05 15:15:00,14889,0.03,12.0
2020-21,ESP1,real madrid,2020-12-12 20:00:00,14903,0.0333,12.0
2020-21,ESP1,real madrid,2020-12-15 21:00:00,14906,-0.0364,13.0
2020-21,ESP1,real madrid,2020-12-20 20:00:00,14911,-0.0379,12.0
2020-21,ESP1,real madrid,2020-12-23 18:45:00,14921,-0.0193,11.0
2020-21,ESP1,real madrid,2020-12-30 20:30:00,14934,-0.0534,12.0
2020-21,ESP1,real madrid,2021-01-02 20:00:00,14943,-0.0597,11.0
2020-21,ESP1,real madrid,2021-01-09 20:00:00,14954,-0.0624,14.0
2020-21,ESP1,real madrid,2021-01-23 20:00:00,14968,-0.0771,13.0
2020-21,ESP1,real madrid,2021-01-30 15:15:00,14984,-0.095,11.0
2020-21,ESP1,real madrid,2021-02-06 15:15:00,14992,-0.0697,13.0
2020-21,ESP1,real madrid,2021-02-09 20:00:00,14142,-0.0563,11.0
2020-21,ESP1,real madrid,2021-02-14 15:15:00,15005,-0.029,13.0
2020-21,ESP1,real madrid,2021-02-20 20:00:00,15016,-0.0374,13.0
2020-21,ESP1,real madrid,2021-03-01 20:00:00,15025,-0.0295,14.0
2020-21,ESP1,real madrid,2021-03-07 15:15:00,15029,0.0144,13.0
2020-21,ESP1,real madrid,2021-03-13 15:15:00,15046,0.0408,15.0
2020-21,ESP1,real madrid,2021-03-20 15:15:00,15051,0.041,12.0
2020-21,ESP1,real madrid,2021-04-03 14:15:00,15064,0.0701,15.0
2020-21,ESP1,real madrid,2021-04-10 19:00:00,15074,0.0707,16.0
2020-21,ESP1,real madrid,2021-04-18 19:00:00,15103,0.105,12.0
2020-21,ESP1,real madrid,2021-04-21 20:00:00,15082,0.0302,13.0
2020-21,ESP1,real madrid,2021-04-24 19:00:00,15092,0.0929,15.0
2020-21,ESP1,real madrid,2021-05-01 19:00:00,15117,0.051,14.0
2020-21,ESP1,real madrid,2021-05-09 19:00:00,15124,0.0179,14.0
2020-21,ESP1,real madrid,2021-05-13 20:00:00,15131,-0.0518,15.0
2020-21,ESP1,real madrid,2021-05-16 16:30:00,15139,-0.0398,13.0
2020-21,ESP1,real madrid,2021-05-22 16:00:00,15154,-0.0254,16.0
2020-21,ESP1,real sociedad,2020-09-26 16:30:00,14163,-0.1103,7.0
2020-21,ESP1,real sociedad,2020-09-29 17:00:00,14170,0.2009,12.0
2020-21,ESP1,real sociedad,2020-10-03 16:30:00,14821,-0.0063,10.0
2020-21,ESP1,real sociedad,2020-10-18 19:00:00,14827,0.0308,11.0
2020-21,ESP1,real sociedad,2020-10-25 20:00:00,14841,0.0015,13.0
2020-21,ESP1,real sociedad,2020-11-01 15:00:00,14848,-0.0385,12.0
2020-21,ESP1,real sociedad,2020-11-08 15:15:00,14860,0.1095,12.0
2020-21,ESP1,real sociedad,2020-11-22 15:15:00,14869,0.2288,11.0
2020-21,ESP1,real sociedad,2020-11-29 20:00:00,14881,0.1078,12.0
2020-21,ESP1,real sociedad,2020-12-06 20:00:00,14891,0.0551,12.0
2020-21,ESP1,real sociedad,2020-12-13 13:00:00,14904,0.0275,14.0
2020-21,ESP1,real sociedad,2020-12-16 20:00:00,14905,0.102,12.0
2020-21,ESP1,real sociedad,2020-12-19 17:30:00,14914,0.0858,14.0
2020-21,ESP1,real sociedad,2020-12-22 18:45:00,14926,0.0417,15.0
2020-21,ESP1,real sociedad,2020-12-31 13:00:00,14927,0.1117,14.0
2020-21,ESP1,real sociedad,2021-01-03 17:30:00,14944,0.0729,15.0
2020-21,ESP1,real sociedad,2021-01-09 13:00:00,14955,0.1141,14.0
2020-21,ESP1,real sociedad,2021-01-23 17:30:00,14970,0.0583,12.0
2020-21,ESP1,real sociedad,2021-01-30 20:00:00,14987,0.0504,13.0
2020-21,ESP1,real sociedad,2021-02-07 13:00:00,14995,0.0397,12.0
2020-21,ESP1,real sociedad,2021-02-14 13:00:00,15001,0.1029,12.0
2020-21,ESP1,real sociedad,2021-02-21 15:15:00,15014,0.0665,15.0
2020-21,ESP1,real sociedad,2021-03-01 20:00:00,15025,0.1045,11.0
2020-21,ESP1,real sociedad,2021-03-07 17:30:00,15034,0.0918,12.0
2020-21,ESP1,real sociedad,2021-03-14 15:15:00,15043,0.1514,15.0
2020-21,ESP1,real sociedad,2021-03-21 20:00:00,15054,0.1901,13.0
2020-21,ESP1,real sociedad,2021-04-07 19:00:00,15065,0.1568,15.0
2020-21,ESP1,real sociedad,2021-04-11 14:15:00,15075,0.1677,11.0
2020-21,ESP1,real sociedad,2021-04-18 12:00:00,15107,0.0596,13.0
2020-21,ESP1,real sociedad,2021-04-22 19:00:00,15086,0.0976,14.0
2020-21,ESP1,real sociedad,2021-04-26 19:00:00,15090,-0.0139,13.0
2020-21,ESP1,real sociedad,2021-05-01 16:30:00,15116,0.0064,12.0
2020-21,ESP1,real sociedad,2021-05-07 19:00:00,15125,-0.0298,12.0
2020-21,ESP1,real sociedad,2021-05-12 20:00:00,15128,-0.0287,13.0
2020-21,ESP1,real sociedad,2021-05-16 16:30:00,15145,0.0129,14.0
2020-21,ESP1,real sociedad,2021-05-22 16:00:00,15153,-0.0029,11.0
2020-21,ESP1,real valladolid,2020-09-27 16:30:00,14162,-0.0319,8.0
2020-21,ESP1,real valladolid,2020-09-30 19:30:00,14169,0.017,10.0
2020-21,ESP1,real valladolid,2020-10-03 11:00:00,14823,-0.0171,11.0
2020-21,ESP1,real valladolid,2020-10-18 16:30:00,14832,-0.0038,11.0
2020-21,ESP1,real valladolid,2020-10-25 13:00:00,14843,0.0008,9.0
2020-21,ESP1,real valladolid,2020-11-02 20:00:00,14854,-0.0259,12.0
2020-21,ESP1,real valladolid,2020-11-08 17:30:00,14863,-0.0217,11.0
2020-21,ESP1,real valladolid,2020-11-22 17:30:00,14870,0.0187,12.0
2020-21,ESP1,real valladolid,2020-11-27 20:00:00,14883,0.0022,10.0
2020-21,ESP1,real valladolid,2020-12-05 17:30:00,14893,0.0532,12.0
2020-21,ESP1,real valladolid,2020-12-11 20:00:00,14896,-0.0095,12.0
2020-21,ESP1,real valladolid,2020-12-19 20:00:00,14916,0.1286,14.0
2020-21,ESP1,real valladolid,2020-12-22 21:00:00,14924,0.0138,15.0
2020-21,ESP1,real valladolid,2020-12-29 20:30:00,14932,0.1295,12.0
2020-21,ESP1,real valladolid,2021-01-02 17:30:00,14941,-0.0404,12.0
2020-21,ESP1,real valladolid,2021-01-10 20:00:00,14956,-0.0249,12.0
2020-21,ESP1,real valladolid,2021-01-19 18:00:00,14966,-0.0128,14.0
2020-21,ESP1,real valladolid,2021-01-22 20:00:00,14976,-0.0242,11.0
2020-21,ESP1,real valladolid,2021-01-29 20:00:00,14986,0.0294,14.0
2020-21,ESP1,real valladolid,2021-02-05 20:00:00,14988,0.0552,15.0
2020-21,ESP1,real valladolid,2021-02-13 17:30:00,15000,0.0249,11.0
2020-21,ESP1,real valladolid,2021-02-20 20:00:00,15016,0.0017,13.0
2020-21,ESP1,real valladolid,2021-02-28 13:00:00,15019,0.0117,9.0
2020-21,ESP1,real valladolid,2021-03-06 13:00:00,15036,0.0077,13.0
2020-21,ESP1,real valladolid,2021-03-13 17:30:00,15045,0.0155,12.0
2020-21,ESP1,real valladolid,2021-03-20 20:00:00,15056,0.0057,12.0
2020-21,ESP1,real valladolid,2021-04-05 19:00:00,15059,-0.034,11.0
2020-21,ESP1,real valladolid,2021-04-11 16:30:00,15076,-0.0213,11.0
2020-21,ESP1,real valladolid,2021-04-21 19:00:00,15087,-0.0277,14.0
2020-21,ESP1,real valladolid,2021-04-24 14:15:00,15095,0.0076,13.0
2020-21,ESP1,real valladolid,2021-04-28 17:00:00,15099,0.0436,12.0
2020-21,ESP1,real valladolid,2021-05-02 12:00:00,15110,0.046,13.0
2020-21,ESP1,real valladolid,2021-05-09 14:15:00,15126,0.0176,14.0
2020-21,ESP1,real valladolid,2021-05-13 17:00:00,15136,-0.0006,13.0
2020-21,ESP1,real valladolid,2021-05-16 16:30:00,15145,0.0404,14.0
2020-21,ESP1,real valladolid,2021-05-22 16:00:00,15156,0.0234,13.0
2020-21,ESP1,sevilla,2020-10-04 19:00:00,14817,0.0596,8.0
2020-21,ESP1,sevilla,2020-10-17 11:00:00,14831,0.0367,10.0
2020-21,ESP1,sevilla,2020-10-24 16:30:00,14842,-0.0091,10.0
2020-21,ESP1,sevilla,2020-10-31 15:00:00,14846,0.0359,12.0
2020-21,ESP1,sevilla,2020-11-07 17:30:00,14861,0.1484,13.0
2020-21,ESP1,sevilla,2020-11-21 17:30:00,14873,0.0131,12.0
2020-21,ESP1,sevilla,2020-11-28 17:30:00,14879,0.0118,11.0
2020-21,ESP1,sevilla,2020-12-05 15:15:00,14889,0.0195,12.0
2020-21,ESP1,sevilla,2020-12-12 15:15:00,14901,0.0335,12.0
2020-21,ESP1,sevilla,2020-12-19 20:00:00,14916,-0.0032,12.0
2020-21,ESP1,sevilla,2020-12-22 16:30:00,14925,-0.0269,12.0
2020-21,ESP1,sevilla,2020-12-29 18:00:00,14935,0.0424,11.0
2020-21,ESP1,sevilla,2021-01-02 15:15:00,14939,0.0162,12.0
2020-21,ESP1,sevilla,2021-01-09 13:00:00,14955,-0.0618,11.0
2020-21,ESP1,sevilla,2021-01-12 20:30:00,14959,0.0042,12.0
2020-21,ESP1,sevilla,2021-01-19 20:30:00,14960,0.0004,12.0
2020-21,ESP1,sevilla,2021-01-23 15:15:00,14971,-0.0039,13.0
2020-21,ESP1,sevilla,2021-01-30 13:00:00,14980,-0.02,11.0
2020-21,ESP1,sevilla,2021-02-06 20:00:00,14996,0.0104,12.0
2020-21,ESP1,sevilla,2021-02-13 15:15:00,15006,-0.0161,11.0
2020-21,ESP1,sevilla,2021-02-22 20:00:00,15013,0.0086,12.0
2020-21,ESP1,sevilla,2021-02-27 15:15:00,15026,0.0344,12.0
2020-21,ESP1,sevilla,2021-03-06 15:15:00,15037,-0.0504,14.0
2020-21,ESP1,sevilla,2021-03-14 20:00:00,15047,0.0542,12.0
2020-21,ESP1,sevilla,2021-03-17 20:00:00,14150,0.0279,10.0
2020-21,ESP1,sevilla,2021-03-20 20:00:00,15056,0.0173,13.0
2020-21,ESP1,sevilla,2021-04-04 19:00:00,15066,-0.0353,11.0
2020-21,ESP1,sevilla,2021-04-12 19:00:00,15070,-0.0066,12.0
2020-21,ESP1,sevilla,2021-04-18 12:00:00,15107,-0.0019,12.0
2020-21,ESP1,sevilla,2021-04-21 17:00:00,15084,-0.0105,10.0
2020-21,ESP1,sevilla,2021-04-25 16:30:00,15093,0.0232,12.0
2020-21,ESP1,sevilla,2021-05-03 19:00:00,15108,0.0234,11.0
2020-21,ESP1,sevilla,2021-05-09 19:00:00,15124,0.0022,10.0
2020-21,ESP1,sevilla,2021-05-12 17:00:00,15135,-0.0268,12.0
2020-21,ESP1,sevilla,2021-05-16 16:30:00,15147,0.0211,13.0
2020-21,ESP1,sevilla,2021-05-23 19:00:00,15155,-0.0427,14.0
2020-21,ESP1,valencia,2020-09-26 14:00:00,14161,0.2295,7.0
2020-21,ESP1,valencia,2020-09-29 17:00:00,14170,-0.1442,7.0
2020-21,ESP1,valencia,2020-10-03 19:00:00,14822,-0.0956,10.0
2020-21,ESP1,valencia,2020-10-18 14:00:00,14834,-0.0637,6.0
2020-21,ESP1,valencia,2020-10-23 19:00:00,14844,-0.0394,9.0
2020-21,ESP1,valencia,2020-11-01 20:00:00,14853,0.022,10.0
2020-21,ESP1,valencia,2020-11-08 20:00:00,14862,0.0164,8.0
2020-21,ESP1,valencia,2020-11-22 20:00:00,14865,0.0764,10.0
2020-21,ESP1,valencia,2020-11-28 15:15:00,14882,0.1918,11.0
2020-21,ESP1,valencia,2020-12-07 20:00:00,14894,0.1043,11.0
2020-21,ESP1,valencia,2020-12-12 13:00:00,14895,0.0314,12.0
2020-21,ESP1,valencia,2020-12-19 15:15:00,14909,0.0336,8.0
2020-21,ESP1,valencia,2020-12-22 16:30:00,14925,0.0314,9.0
2020-21,ESP1,valencia,2020-12-30 16:00:00,14931,0.0078,11.0
2020-21,ESP1,valencia,2021-01-04 20:00:00,14945,-0.001,11.0
2020-21,ESP1,valencia,2021-01-10 20:00:00,14956,0.0009,10.0
2020-21,ESP1,valencia,2021-01-21 18:00:00,14965,0.0062,11.0
2020-21,ESP1,valencia,2021-01-24 20:00:00,14973,-0.0143,12.0
2020-21,ESP1,valencia,2021-01-30 17:30:00,14985,-0.0566,9.0
2020-21,ESP1,valencia,2021-02-07 15:15:00,14989,-0.0186,10.0
2020-21,ESP1,valencia,2021-02-14 15:15:00,15005,-0.0419,10.0
2020-21,ESP1,valencia,2021-02-20 17:30:00,15015,-0.0695,8.0
2020-21,ESP1,valencia,2021-02-27 20:00:00,15021,-0.0681,10.0
2020-21,ESP1,valencia,2021-03-05 20:00:00,15035,-0.0624,10.0
2020-21,ESP1,valencia,2021-03-12 20:00:00,15044,0.0331,11.0
2020-21,ESP1,valencia,2021-03-21 15:15:00,15055,-0.0353,9.0
2020-21,ESP1,valencia,2021-04-04 16:30:00,15060,-0.0128,10.0
2020-21,ESP1,valencia,2021-04-11 14:15:00,15075,-0.0395,10.0
2020-21,ESP1,valencia,2021-04-18 16:30:00,15102,-0.0007,10.0
2020-21,ESP1,valencia,2021-04-21 17:00:00,15085,-0.0336,12.0
2020-21,ESP1,valencia,2021-04-24 16:30:00,15094,-0.027,10.0
2020-21,ESP1,valencia,2021-05-02 19:00:00,15109,0.0218,12.0
2020-21,ESP1,valencia,2021-05-09 14:15:00,15126,0.004,12.0
2020-21,ESP1,valencia,2021-05-12 17:00:00,15135,0.0231,11.0
2020-21,ESP1,valencia,2021-05-16 16:30:00,15146,0.0034,11.0
2020-21,ESP1,valencia,2021-05-22 16:00:00,15151,-0.0078,12.0
2020-21,ESP1,villarreal,2020-09-27 19:00:00,14156,0.1716,9.0
2020-21,ESP1,villarreal,2020-09-30 17:00:00,14172,0.0462,8.0
2020-21,ESP1,villarreal,2020-10-03 14:00:00,14816,0.0425,10.0
2020-21,ESP1,villarreal,2020-10-18 14:00:00,14834,-0.0258,11.0
2020-21,ESP1,villarreal,2020-10-25 15:00:00,14838,-0.0119,10.0
2020-21,ESP1,villarreal,2020-11-02 20:00:00,14854,0.0162,10.0
2020-21,ESP1,villarreal,2020-11-08 13:00:00,14857,-0.0085,10.0
2020-21,ESP1,villarreal,2020-11-21 15:15:00,14874,0.0361,10.0
2020-21,ESP1,villarreal,2020-11-29 20:00:00,14881,-0.003,11.0
2020-21,ESP1,villarreal,2020-12-06 17:30:00,14890,0.0159,11.0
2020-21,ESP1,villarreal,2020-12-13 15:15:00,14899,-0.0075,10.0
2020-21,ESP1,villarreal,2020-12-19 17:30:00,14915,-0.0238,9.0
2020-21,ESP1,villarreal,2020-12-22 21:00:00,14923,0.0573,8.0
2020-21,ESP1,villarreal,2020-12-29 18:00:00,14935,0.0413,11.0
2020-21,ESP1,villarreal,2021-01-02 13:00:00,14946,-0.0128,12.0
2020-21,ESP1,villarreal,2021-01-08 20:00:00,14949,0.0146,11.0
2020-21,ESP1,villarreal,2021-01-20 20:30:00,14967,0.067,10.0
2020-21,ESP1,villarreal,2021-01-23 13:00:00,14975,0.0485,11.0
2020-21,ESP1,villarreal,2021-01-30 20:00:00,14987,0.01,10.0
2020-21,ESP1,villarreal,2021-02-06 17:30:00,14997,0.0089,12.0
2020-21,ESP1,villarreal,2021-02-14 20:00:00,15007,0.0246,10.0
2020-21,ESP1,villarreal,2021-02-21 20:00:00,15008,0.0222,11.0
2020-21,ESP1,villarreal,2021-02-28 20:00:00,15027,-0.0329,13.0
2020-21,ESP1,villarreal,2021-03-05 20:00:00,15035,-0.0154,12.0
2020-21,ESP1,villarreal,2021-03-14 17:30:00,15041,0.0305,10.0
2020-21,ESP1,villarreal,2021-03-21 15:15:00,15057,0.1033,11.0
2020-21,ESP1,villarreal,2021-04-03 12:00:00,15061,0.0723,13.0
2020-21,ESP1,villarreal,2021-04-11 12:00:00,15077,0.0605,11.0
2020-21,ESP1,villarreal,2021-04-18 19:00:00,15105,0.197,12.0
2020-21,ESP1,villarreal,2021-04-21 19:00:00,15078,0.2304,10.0
2020-21,ESP1,villarreal,2021-04-25 14:15:00,15096,0.1787,12.0
2020-21,ESP1,villarreal,2021-05-02 14:15:00,15111,0.0819,11.0
2020-21,ESP1,villarreal,2021-05-09 16:30:00,15127,0.0479,12.0
2020-21,ESP1,villarreal,2021-05-13 17:00:00,15136,0.029,10.0
2020-21,ESP1,villarreal,2021-05-16 16:30:00,15147,0.0605,10.0
2020-21,ESP1,villarreal,2021-05-22 16:00:00,15154,0.0304,9.0
2020-21,GER1,arminia bielefeld,2020-10-03 13:30:00,15160,-0.1338,9.0
2020-21,GER1,arminia bielefeld,2020-10-17 16:30:00,15172,-0.1067,7.0
2020-21,GER1,arminia bielefeld,2020-10-25 14:30:00,15182,-0.0884,9.0
2020-21,GER1,arminia bielefeld,2020-10-31 14:30:00,15188,-0.0147,9.0
2020-21,GER1,arminia bielefeld,2020-11-07 14:30:00,15197,-0.0803,10.0
2020-21,GER1,arminia bielefeld,2020-11-21 14:30:00,15207,-0.0798,10.0
2020-21,GER1,arminia bielefeld,2020-11-28 14:30:00,15213,-0.0941,11.0
2020-21,GER1,arminia bielefeld,2020-12-05 14:30:00,15229,0.1352,10.0
2020-21,GER1,arminia bielefeld,2020-12-12 14:30:00,15235,0.0814,10.0
2020-21,GER1,arminia bielefeld,2020-12-16 19:30:00,15243,0.0299,11.0
2020-21,GER1,arminia bielefeld,2020-12-19 14:30:00,15254,-0.0662,11.0
2020-21,GER1,arminia bielefeld,2021-01-02 14:30:00,15264,-0.0491,13.0
2020-21,GER1,arminia bielefeld,2021-01-10 17:00:00,15274,0.0366,10.0
2020-21,GER1,arminia bielefeld,2021-01-16 14:30:00,15277,0.0044,12.0
2020-21,GER1,arminia bielefeld,2021-01-20 19:30:00,15292,-0.0165,11.0
2020-21,GER1,arminia bielefeld,2021-01-23 14:30:00,15301,-0.034,13.0
2020-21,GER1,arminia bielefeld,2021-01-31 14:30:00,15308,-0.0604,11.0
2020-21,GER1,arminia bielefeld,2021-02-15 19:30:00,15320,-0.0597,11.0
2020-21,GER1,arminia bielefeld,2021-02-19 19:30:00,15337,-0.0221,11.0
2020-21,GER1,arminia bielefeld,2021-02-27 14:30:00,15339,-0.0221,13.0
2020-21,GER1,arminia bielefeld,2021-03-07 17:00:00,15350,-0.0424,11.0
2020-21,GER1,arminia bielefeld,2021-03-10 19:30:00,15319,-0.0874,14.0
2020-21,GER1,arminia bielefeld,2021-03-14 12:30:00,15358,0.0213,10.0
2020-21,GER1,arminia bielefeld,2021-03-19 19:30:00,15373,0.0423,10.0
2020-21,GER1,arminia bielefeld,2021-04-03 13:30:00,15380,0.0218,12.0
2020-21,GER1,arminia bielefeld,2021-04-09 18:30:00,15390,0.0277,10.0
2020-21,GER1,arminia bielefeld,2021-04-17 13:30:00,15400,0.0432,11.0
2020-21,GER1,arminia bielefeld,2021-04-20 18:30:00,15408,0.0625,11.0
2020-21,GER1,arminia bielefeld,2021-04-25 16:00:00,15411,0.0344,12.0
2020-21,GER1,arminia bielefeld,2021-05-09 16:00:00,15424,0.0078,10.0
2020-21,GER1,arminia bielefeld,2021-05-15 13:30:00,15436,-0.0276,11.0
2020-21,GER1,arminia bielefeld,2021-05-22 13:30:00,15445,0.0038,10.0
2020-21,GER1,augsburg,2020-10-04 13:30:00,15165,0.0887,11.0
2020-21,GER1,augsburg,2020-10-17 13:30:00,15170,0.0976,11.0
2020-21,GER1,augsburg,2020-10-26 19:30:00,15184,0.0413,13.0
2020-21,GER1,augsburg,2020-10-31 14:30:00,15187,0.0358,11.0
2020-21,GER1,augsburg,2020-11-07 14:30:00,15199,0.0289,12.0
2020-21,GER1,augsburg,2020-11-21 14:30:00,15204,-0.017,13.0
2020-21,GER1,augsburg,2020-11-28 14:30:00,15219,-0.0301,12.0
2020-21,GER1,augsburg,2020-12-07 19:30:00,15222,-0.0491,11.0
2020-21,GER1,augsburg,2020-12-13 14:30:00,15238,-0.0551,11.0
2020-21,GER1,augsburg,2020-12-16 19:30:00,15243,-0.0198,13.0
2020-21,GER1,augsburg,2020-12-19 14:30:00,15256,0.0105,13.0
2020-21,GER1,augsburg,2021-01-02 14:30:00,15262,0.0154,11.0
2020-21,GER1,augsburg,2021-01-10 14:30:00,15273,0.0243,13.0
2020-21,GER1,augsburg,2021-01-16 14:30:00,15282,-0.0315,12.0
2020-21,GER1,augsburg,2021-01-20 19:30:00,15291,0.031,14.0
2020-21,GER1,augsburg,2021-01-23 14:30:00,15300,0.0218,11.0
2020-21,GER1,augsburg,2021-01-30 14:30:00,15303,-0.0197,14.0
2020-21,GER1,augsburg,2021-02-06 14:30:00,15318,-0.0461,13.0
2020-21,GER1,augsburg,2021-02-12 19:30:00,15322,-0.0499,12.0
2020-21,GER1,augsburg,2021-02-21 12:30:00,15336,-0.0666,14.0
2020-21,GER1,augsburg,2021-02-28 14:30:00,15344,-0.057,12.0
2020-21,GER1,augsburg,2021-03-06 14:30:00,15347,-0.0336,11.0
2020-21,GER1,augsburg,2021-03-12 19:30:00,15362,-0.0481,13.0
2020-21,GER1,augsburg,2021-03-21 17:00:00,15367,-0.0379,14.0
2020-21,GER1,augsburg,2021-04-03 13:30:00,15382,-0.0349,13.0
2020-21,GER1,augsburg,2021-04-11 13:30:00,15387,-0.0288,15.0
2020-21,GER1,augsburg,2021-04-17 13:30:00,15400,0.0256,13.0
2020-21,GER1,augsburg,2021-04-20 18:30:00,15404,-0.0228,13.0
2020-21,GER1,augsburg,2021-04-23 18:30:00,15418,0.0566,14.0
2020-21,GER1,augsburg,2021-05-07 18:30:00,15427,0.0281,14.0
2020-21,GER1,augsburg,2021-05-15 13:30:00,15435,0.0148,14.0
2020-21,GER1,augsburg,2021-05-22 13:30:00,15437,0.0543,15.0
2020-21,GER1,bayer leverkusen,2020-10-03 13:30:00,15161,-0.1281,10.0
2020-21,GER1,bayer leverkusen,2020-10-17 13:30:00,15171,-0.1178,11.0
2020-21,GER1,bayer leverkusen,2020-10-26 19:30:00,15184,-0.1661,10.0
2020-21,GER1,bayer leverkusen,2020-11-01 14:30:00,15191,-0.0606,12.0
2020-21,GER1,bayer leverkusen,2020-11-08 17:00:00,15202,-0.0701,11.0
2020-21,GER1,bayer leverkusen,2020-11-21 14:30:00,15207,-0.0286,12.0
2020-21,GER1,bayer leverkusen,2020-11-29 14:30:00,15215,-0.0074,11.0
2020-21,GER1,bayer leverkusen,2020-12-06 17:00:00,15226,-0.0312,13.0
2020-21,GER1,bayer leverkusen,2020-12-13 17:00:00,15233,-0.0031,14.0
2020-21,GER1,bayer leverkusen,2020-12-16 19:30:00,15241,-0.0253,16.0
2020-21,GER1,bayer leverkusen,2020-12-19 17:30:00,15250,-0.0016,12.0
2020-21,GER1,bayer leverkusen,2021-01-02 14:30:00,15260,-0.0446,14.0
2020-21,GER1,bayer leverkusen,2021-01-09 14:30:00,15268,-0.0717,13.0
2020-21,GER1,bayer leverkusen,2021-01-15 19:30:00,15280,-0.0887,13.0
2020-21,GER1,bayer leverkusen,2021-01-19 19:30:00,15286,-0.0878,14.0
2020-21,GER1,bayer leverkusen,2021-01-23 14:30:00,15294,-0.0536,13.0
2020-21,GER1,bayer leverkusen,2021-01-30 17:30:00,15304,-0.1028,13.0
2020-21,GER1,bayer leverkusen,2021-02-06 14:30:00,15312,-0.1358,12.0
2020-21,GER1,bayer leverkusen,2021-02-13 14:30:00,15323,-0.0413,15.0
2020-21,GER1,bayer leverkusen,2021-02-21 12:30:00,15336,-0.0007,12.0
2020-21,GER1,bayer leverkusen,2021-02-28 17:00:00,15341,0.0108,13.0
2020-21,GER1,bayer leverkusen,2021-03-06 14:30:00,15352,0.1307,10.0
2020-21,GER1,bayer leverkusen,2021-03-14 12:30:00,15358,0.0389,14.0
2020-21,GER1,bayer leverkusen,2021-03-21 14:30:00,15369,0.078,14.0
2020-21,GER1,bayer leverkusen,2021-04-03 13:30:00,15377,0.0036,14.0
2020-21,GER1,bayer leverkusen,2021-04-12 18:30:00,15384,-0.0326,13.0
2020-21,GER1,bayer leverkusen,2021-04-17 16:30:00,15395,-0.0663,15.0
2020-21,GER1,bayer leverkusen,2021-04-20 18:30:00,15401,-0.0381,15.0
2020-21,GER1,bayer leverkusen,2021-04-24 16:30:00,15412,-0.0222,13.0
2020-21,GER1,bayer leverkusen,2021-05-08 13:30:00,15426,-0.0044,15.0
2020-21,GER1,bayer leverkusen,2021-05-15 13:30:00,15430,-0.0836,12.0
2020-21,GER1,bayer leverkusen,2021-05-22 13:30:00,15438,-0.0138,12.0
2020-21,GER1,bayern munich,2020-10-04 16:00:00,15166,0.0716,10.0
2020-21,GER1,bayern munich,2020-10-17 16:30:00,15172,0.1647,9.0
2020-21,GER1,bayern munich,2020-10-24 13:30:00,15180,0.0387,11.0
2020-21,GER1,bayern munich,2020-10-31 14:30:00,15186,0.1175,11.0
2020-21,GER1,bayern munich,2020-11-07 17:30:00,15200,0.1262,14.0
2020-21,GER1,bayern munich,2020-11-21 14:30:00,15203,0.1393,15.0
2020-21,GER1,bayern munich,2020-11-28 14:30:00,15220,0.0336,14.0
2020-21,GER1,bayern munich,2020-12-05 17:30:00,15221,0.0647,13.0
2020-21,GER1,bayern munich,2020-12-12 17:30:00,15236,-0.032,13.0
2020-21,GER1,bayern munich,2020-12-16 19:30:00,15245,-0.0516,12.0
2020-21,GER1,bayern munich,2020-12-19 17:30:00,15250,-0.1074,14.0
2020-21,GER1,bayern munich,2021-01-03 17:00:00,15257,-0.163,14.0
2020-21,GER1,bayern munich,2021-01-08 19:30:00,15267,-0.1334,12.0
2020-21,GER1,bayern munich,2021-01-17 14:30:00,15275,-0.1251,14.0
2020-21,GER1,bayern munich,2021-01-20 19:30:00,15291,-0.0879,13.0
2020-21,GER1,bayern munich,2021-01-24 14:30:00,15298,-0.0825,14.0
2020-21,GER1,bayern munich,2021-01-30 14:30:00,15302,0.007,14.0
2020-21,GER1,bayern munich,2021-02-05 19:30:00,15315,-0.0057,13.0
2020-21,GER1,bayern munich,2021-02-15 19:30:00,15320,-0.0007,12.0
2020-21,GER1,bayern munich,2021-02-20 14:30:00,15332,-0.0278,12.0
2020-21,GER1,bayern munich,2021-02-27 14:30:00,15338,-0.0544,14.0
2020-21,GER1,bayern munich,2021-03-06 17:30:00,15351,-0.0718,13.0
2020-21,GER1,bayern munich,2021-03-13 14:30:00,15363,0.0058,15.0
2020-21,GER1,bayern munich,2021-03-20 14:30:00,15365,0.06,13.0
2020-21,GER1,bayern munich,2021-04-03 16:30:00,15375,-0.0203,13.0
2020-21,GER1,bayern munich,2021-04-10 13:30:00,15383,-0.1236,12.0
2020-21,GER1,bayern munich,2021-04-17 13:30:00,15396,-0.0597,12.0
2020-21,GER1,bayern munich,2021-04-20 18:30:00,15401,-0.0475,13.0
2020-21,GER1,bayern munich,2021-04-24 13:30:00,15417,-0.0026,14.0
2020-21,GER1,bayern munich,2021-05-08 16:30:00,15419,-0.0127,15.0
2020-21,GER1,bayern munich,2021-05-15 13:30:00,15431,0.0343,14.0
2020-21,GER1,bayern munich,2021-05-22 13:30:00,15437,0.0149,16.0
2020-21,GER1,borussia dortmund,2020-10-03 13:30:00,15162,-0.0563,9.0
2020-21,GER1,borussia dortmund,2020-10-17 13:30:00,15167,-0.0059,11.0
2020-21,GER1,borussia dortmund,2020-10-24 16:30:00,15181,0.1417,12.0
2020-21,GER1,borussia dortmund,2020-10-31 14:30:00,15188,-0.027,12.0
2020-21,GER1,borussia dortmund,2020-11-07 17:30:00,15200,0.1649,13.0
2020-21,GER1,borussia dortmund,2020-11-21 19:30:00,15209,0.1762,12.0
2020-21,GER1,borussia dortmund,2020-11-28 14:30:00,15212,0.083,12.0
2020-21,GER1,borussia dortmund,2020-12-05 14:30:00,15224,-0.0634,8.0
2020-21,GER1,borussia dortmund,2020-12-12 14:30:00,15230,0.1654,10.0
2020-21,GER1,borussia dortmund,2020-12-15 19:30:00,15242,0.1407,12.0
2020-21,GER1,borussia dortmund,2020-12-18 19:30:00,15253,0.1272,13.0
2020-21,GER1,borussia dortmund,2021-01-03 14:30:00,15258,0.1488,10.0
2020-21,GER1,borussia dortmund,2021-01-09 17:30:00,15266,0.1446,11.0
2020-21,GER1,borussia dortmund,2021-01-16 14:30:00,15276,0.1208,13.0
2020-21,GER1,borussia dortmund,2021-01-19 19:30:00,15286,0.0671,11.0
2020-21,GER1,borussia dortmund,2021-01-22 19:30:00,15293,0.0596,11.0
2020-21,GER1,borussia dortmund,2021-01-30 14:30:00,15303,-0.0011,12.0
2020-21,GER1,borussia dortmund,2021-02-06 14:30:00,15314,0.0062,14.0
2020-21,GER1,borussia dortmund,2021-02-13 14:30:00,15321,-0.0214,14.0
2020-21,GER1,borussia dortmund,2021-02-20 17:30:00,15334,-0.0551,12.0
2020-21,GER1,borussia dortmund,2021-02-27 14:30:00,15339,-0.0164,13.0
2020-21,GER1,borussia dortmund,2021-03-06 17:30:00,15351,-0.0419,15.0
2020-21,GER1,borussia dortmund,2021-03-13 17:30:00,15356,-0.0464,13.0
2020-21,GER1,borussia dortmund,2021-03-20 14:30:00,15371,-0.0207,12.0
2020-21,GER1,borussia dortmund,2021-04-03 13:30:00,15374,-0.0143,12.0
2020-21,GER1,borussia dortmund,2021-04-10 16:30:00,15391,0.0011,12.0
2020-21,GER1,borussia dortmund,2021-04-18 13:30:00,15392,-0.0336,13.0
2020-21,GER1,borussia dortmund,2021-04-21 18:30:00,15402,0.0345,13.0
2020-21,GER1,borussia dortmund,2021-04-24 13:30:00,15413,0.0992,12.0
2020-21,GER1,borussia dortmund,2021-05-08 13:30:00,15420,0.0897,13.0
2020-21,GER1,borussia dortmund,2021-05-16 16:00:00,15434,0.14,11.0
2020-21,GER1,borussia dortmund,2021-05-22 13:30:00,15438,0.1875,15.0
2020-21,GER1,borussia monchengladbach,2020-10-03 13:30:00,15159,-0.0897,12.0
2020-21,GER1,borussia monchengladbach,2020-10-17 18:30:00,15173,-0.0383,13.0
2020-21,GER1,borussia monchengladbach,2020-10-24 13:30:00,15178,-0.0076,13.0
2020-21,GER1,borussia monchengladbach,2020-10-31 17:30:00,15190,0.0682,15.0
2020-21,GER1,borussia monchengladbach,2020-11-08 17:00:00,15202,0.0443,13.0
2020-21,GER1,borussia monchengladbach,2020-11-21 14:30:00,15204,0.0124,13.0
2020-21,GER1,borussia monchengladbach,2020-11-28 17:30:00,15214,-0.0321,14.0
2020-21,GER1,borussia monchengladbach,2020-12-05 14:30:00,15223,0.0277,13.0
2020-21,GER1,borussia monchengladbach,2020-12-12 14:30:00,15232,0.066,12.0
2020-21,GER1,borussia monchengladbach,2020-12-15 17:30:00,15247,0.0173,14.0
2020-21,GER1,borussia monchengladbach,2020-12-19 14:30:00,15249,0.0769,12.0
2020-21,GER1,borussia monchengladbach,2021-01-02 14:30:00,15264,0.1629,13.0
2020-21,GER1,borussia monchengladbach,2021-01-08 19:30:00,15267,0.0954,12.0
2020-21,GER1,borussia monchengladbach,2021-01-16 17:30:00,15283,0.0837,14.0
2020-21,GER1,borussia monchengladbach,2021-01-19 17:30:00,15285,0.0682,15.0
2020-21,GER1,borussia monchengladbach,2021-01-22 19:30:00,15293,-0.0481,14.0
2020-21,GER1,borussia monchengladbach,2021-01-30 14:30:00,15307,-0.0399,13.0
2020-21,GER1,borussia monchengladbach,2021-02-06 17:30:00,15311,-0.0221,16.0
2020-21,GER1,borussia monchengladbach,2021-02-14 17:00:00,15324,-0.0672,12.0
2020-21,GER1,borussia monchengladbach,2021-02-20 14:30:00,15329,-0.0755,13.0
2020-21,GER1,borussia monchengladbach,2021-02-27 17:30:00,15340,-0.0367,13.0
2020-21,GER1,borussia monchengladbach,2021-03-06 14:30:00,15352,-0.0942,12.0
2020-21,GER1,borussia monchengladbach,2021-03-12 19:30:00,15362,-0.0564,13.0
2020-21,GER1,borussia monchengladbach,2021-03-20 17:30:00,15370,-0.0717,12.0
2020-21,GER1,borussia monchengladbach,2021-04-03 18:30:00,15376,-0.0664,12.0
2020-21,GER1,borussia monchengladbach,2021-04-10 13:30:00,15386,-0.0544,12.0
2020-21,GER1,borussia monchengladbach,2021-04-17 13:30:00,15394,-0.0387,12.0
2020-21,GER1,borussia monchengladbach,2021-04-21 18:30:00,15403,0.0091,15.0
2020-21,GER1,borussia monchengladbach,2021-04-25 16:00:00,15411,-0.0465,14.0
2020-21,GER1,borussia monchengladbach,2021-05-08 16:30:00,15419,0.0484,15.0
2020-21,GER1,borussia monchengladbach,2021-05-15 13:30:00,15429,0.0935,14.0
2020-21,GER1,borussia monchengladbach,2021-05-22 13:30:00,15444,0.0102,14.0
2020-21,GER1,cologne,2020-10-03 13:30:00,15159,0.2883,11.0
2020-21,GER1,cologne,2020-10-18 13:30:00,15174,-0.0209,10.0
2020-21,GER1,cologne,2020-10-23 18:30:00,15176,-0.0386,11.0
2020-21,GER1,cologne,2020-10-31 14:30:00,15186,0.0979,14.0
2020-21,GER1,cologne,2020-11-06 19:30:00,15194,0.1507,13.0
2020-21,GER1,cologne,2020-11-22 17:00:00,15211,0.0604,14.0
2020-21,GER1,cologne,2020-11-28 14:30:00,15212,-0.0247,12.0
2020-21,GER1,cologne,2020-12-05 14:30:00,15227,-0.0222,11.0
2020-21,GER1,cologne,2020-12-12 14:30:00,15237,-0.0186,10.0
2020-21,GER1,cologne,2020-12-16 19:30:00,15241,-0.0167,14.0
2020-21,GER1,cologne,2020-12-19 14:30:00,15248,-0.0396,12.0
2020-21,GER1,cologne,2021-01-02 14:30:00,15262,-0.0446,13.0
2020-21,GER1,cologne,2021-01-09 14:30:00,15269,-0.0626,14.0
2020-21,GER1,cologne,2021-01-16 14:30:00,15281,-0.0885,13.0
2020-21,GER1,cologne,2021-01-20 17:30:00,15289,-0.1025,12.0
2020-21,GER1,cologne,2021-01-24 17:00:00,15295,-0.0934,15.0
2020-21,GER1,cologne,2021-01-31 14:30:00,15308,-0.0408,11.0
2020-21,GER1,cologne,2021-02-06 17:30:00,15311,-0.0572,10.0
2020-21,GER1,cologne,2021-02-14 14:30:00,15325,-0.0407,13.0
2020-21,GER1,cologne,2021-02-20 14:30:00,15335,-0.03,12.0
2020-21,GER1,cologne,2021-02-27 14:30:00,15338,-0.0521,13.0
2020-21,GER1,cologne,2021-03-07 14:30:00,15349,0.0049,15.0
2020-21,GER1,cologne,2021-03-13 14:30:00,15360,0.0399,13.0
2020-21,GER1,cologne,2021-03-20 14:30:00,15371,0.0061,11.0
2020-21,GER1,cologne,2021-04-03 13:30:00,15378,0.0011,13.0
2020-21,GER1,cologne,2021-04-11 16:00:00,15388,0.0116,14.0
2020-21,GER1,cologne,2021-04-17 16:30:00,15395,0.1413,14.0
2020-21,GER1,cologne,2021-04-20 16:30:00,15406,0.0925,13.0
2020-21,GER1,cologne,2021-04-23 18:30:00,15418,0.0399,13.0
2020-21,GER1,cologne,2021-05-09 11:30:00,15425,0.0468,16.0
2020-21,GER1,cologne,2021-05-15 13:30:00,15432,0.0443,15.0
2020-21,GER1,cologne,2021-05-22 13:30:00,15443,0.0102,14.0
2020-21,GER1,eintracht frankfurt,2020-10-03 13:30:00,15163,0.0315,10.0
2020-21,GER1,eintracht frankfurt,2020-10-18 13:30:00,15174,0.1326,11.0
2020-21,GER1,eintracht frankfurt,2020-10-24 13:30:00,15180,0.0779,11.0
2020-21,GER1,eintracht frankfurt,2020-10-31 14:30:00,15189,0.0599,13.0
2020-21,GER1,eintracht frankfurt,2020-11-07 14:30:00,15195,0.0768,13.0
2020-21,GER1,eintracht frankfurt,2020-11-21 17:30:00,15208,0.0428,11.0
2020-21,GER1,eintracht frankfurt,2020-11-28 14:30:00,15217,0.0254,10.0
2020-21,GER1,eintracht frankfurt,2020-12-05 14:30:00,15224,-0.0196,13.0
2020-21,GER1,eintracht frankfurt,2020-12-11 19:30:00,15234,-0.0729,10.0
2020-21,GER1,eintracht frankfurt,2020-12-15 17:30:00,15247,-0.016,12.0
2020-21,GER1,eintracht frankfurt,2020-12-19 14:30:00,15256,-0.0185,14.0
2020-21,GER1,eintracht frankfurt,2021-01-02 14:30:00,15260,0.0028,12.0
2020-21,GER1,eintracht frankfurt,2021-01-09 14:30:00,15272,-0.0174,11.0
2020-21,GER1,eintracht frankfurt,2021-01-17 17:00:00,15279,0.047,11.0
2020-21,GER1,eintracht frankfurt,2021-01-20 19:30:00,15287,0.0587,12.0
2020-21,GER1,eintracht frankfurt,2021-01-23 14:30:00,15301,0.0514,15.0
2020-21,GER1,eintracht frankfurt,2021-01-30 14:30:00,15306,0.0663,13.0
2020-21,GER1,eintracht frankfurt,2021-02-07 14:30:00,15313,0.0467,12.0
2020-21,GER1,eintracht frankfurt,2021-02-14 14:30:00,15325,0.0481,13.0
2020-21,GER1,eintracht frankfurt,2021-02-20 14:30:00,15332,0.0535,12.0
2020-21,GER1,eintracht frankfurt,2021-02-26 19:30:00,15345,0.0375,14.0
2020-21,GER1,eintracht frankfurt,2021-03-06 14:30:00,15355,0.0511,12.0
2020-21,GER1,eintracht frankfurt,2021-03-14 14:30:00,15357,0.04,12.0
2020-21,GER1,eintracht frankfurt,2021-03-20 14:30:00,15368,0.0213,12.0
2020-21,GER1,eintracht frankfurt,2021-04-03 13:30:00,15374,0.0911,12.0
2020-21,GER1,eintracht frankfurt,2021-04-10 13:30:00,15385,0.0343,10.0
2020-21,GER1,eintracht frankfurt,2021-04-17 13:30:00,15394,0.0298,13.0
2020-21,GER1,eintracht frankfurt,2021-04-20 18:30:00,15404,0.0924,13.0
2020-21,GER1,eintracht frankfurt,2021-04-24 16:30:00,15412,-0.042,13.0
2020-21,GER1,eintracht frankfurt,2021-05-09 13:30:00,15423,-0.0227,16.0
2020-21,GER1,eintracht frankfurt,2021-05-15 13:30:00,15433,0.0362,14.0
2020-21,GER1,eintracht frankfurt,2021-05-22 13:30:00,15441,0.0215,11.0
2020-21,GER1,freiburg,2020-10-03 13:30:00,15162,-0.0409,11.0
2020-21,GER1,freiburg,2020-10-17 13:30:00,15168,-0.0582,12.0
2020-21,GER1,freiburg,2020-10-24 13:30:00,15177,-0.0461,12.0
2020-21,GER1,freiburg,2020-11-01 14:30:00,15191,-0.0554,11.0
2020-21,GER1,freiburg,2020-11-07 14:30:00,15196,-0.0482,12.0
2020-21,GER1,freiburg,2020-11-22 14:30:00,15210,-0.0577,12.0
2020-21,GER1,freiburg,2020-11-28 14:30:00,15219,-0.0647,10.0
2020-21,GER1,freiburg,2020-12-05 14:30:00,15223,-0.0746,12.0
2020-21,GER1,freiburg,2020-12-12 14:30:00,15235,0.0442,14.0
2020-21,GER1,freiburg,2020-12-16 17:30:00,15240,0.0702,13.0
2020-21,GER1,freiburg,2020-12-20 14:30:00,15252,0.0432,12.0
2020-21,GER1,freiburg,2021-01-02 14:30:00,15259,0.0451,14.0
2020-21,GER1,freiburg,2021-01-09 14:30:00,15269,0.1091,15.0
2020-21,GER1,freiburg,2021-01-17 14:30:00,15275,0.1845,13.0
2020-21,GER1,freiburg,2021-01-20 19:30:00,15287,0.1849,11.0
2020-21,GER1,freiburg,2021-01-23 14:30:00,15296,0.028,12.0
2020-21,GER1,freiburg,2021-01-31 17:00:00,15305,0.0481,14.0
2020-21,GER1,freiburg,2021-02-06 14:30:00,15314,0.0259,13.0
2020-21,GER1,freiburg,2021-02-13 14:30:00,15327,-0.0178,13.0
2020-21,GER1,freiburg,2021-02-20 14:30:00,15331,-0.0605,15.0
2020-21,GER1,freiburg,2021-02-28 17:00:00,15341,-0.0623,15.0
2020-21,GER1,freiburg,2021-03-06 14:30:00,15354,-0.0548,14.0
2020-21,GER1,freiburg,2021-03-13 14:30:00,15361,-0.0529,11.0
2020-21,GER1,freiburg,2021-03-21 17:00:00,15367,-0.0531,12.0
2020-21,GER1,freiburg,2021-04-03 18:30:00,15376,-0.0201,12.0
2020-21,GER1,freiburg,2021-04-09 18:30:00,15390,-0.0369,13.0
2020-21,GER1,freiburg,2021-04-17 13:30:00,15397,0.0003,14.0
2020-21,GER1,freiburg,2021-04-24 13:30:00,15414,0.0218,15.0
2020-21,GER1,freiburg,2021-05-06 16:30:00,15405,0.0352,14.0
2020-21,GER1,freiburg,2021-05-09 11:30:00,15425,0.058,14.0
2020-21,GER1,freiburg,2021-05-15 13:30:00,15431,0.092,14.0
2020-21,GER1,freiburg,2021-05-22 13:30:00,15441,0.052,14.0
2020-21,GER1,hertha berlin,2020-10-04 16:00:00,15166,0.1384,11.0
2020-21,GER1,hertha berlin,2020-10-17 13:30:00,15169,0.0657,12.0
2020-21,GER1,hertha berlin,2020-10-24 13:30:00,15179,0.0658,10.0
2020-21,GER1,hertha berlin,2020-11-01 17:00:00,15192,0.0412,11.0
2020-21,GER1,hertha berlin,2020-11-07 14:30:00,15199,0.0158,11.0
2020-21,GER1,hertha berlin,2020-11-21 19:30:00,15209,0.0093,11.0
2020-21,GER1,hertha berlin,2020-11-29 14:30:00,15215,-0.0043,12.0
2020-21,GER1,hertha berlin,2020-12-04 19:30:00,15225,-0.0081,13.0
2020-21,GER1,hertha berlin,2020-12-12 14:30:00,15232,-0.0446,14.0
2020-21,GER1,hertha berlin,2020-12-15 19:30:00,15239,-0.0447,16.0
2020-21,GER1,hertha berlin,2020-12-20 14:30:00,15252,-0.0478,14.0
2020-21,GER1,hertha berlin,2021-01-02 17:30:00,15261,-0.0699,12.0
2020-21,GER1,hertha berlin,2021-01-10 17:00:00,15274,-0.0448,14.0
2020-21,GER1,hertha berlin,2021-01-16 14:30:00,15281,-0.0277,12.0
2020-21,GER1,hertha berlin,2021-01-19 19:30:00,15288,-0.0609,13.0
2020-21,GER1,hertha berlin,2021-01-23 17:30:00,15297,-0.0627,13.0
2020-21,GER1,hertha berlin,2021-01-30 14:30:00,15306,-0.0233,10.0
2020-21,GER1,hertha berlin,2021-02-05 19:30:00,15315,-0.0176,11.0
2020-21,GER1,hertha berlin,2021-02-13 14:30:00,15328,-0.0547,11.0
2020-21,GER1,hertha berlin,2021-02-21 14:30:00,15333,-0.0692,11.0
2020-21,GER1,hertha berlin,2021-02-27 14:30:00,15342,-0.0193,16.0
2020-21,GER1,hertha berlin,2021-03-06 14:30:00,15347,-0.0583,14.0
2020-21,GER1,hertha berlin,2021-03-13 17:30:00,15356,-0.0113,14.0
2020-21,GER1,hertha berlin,2021-03-21 14:30:00,15369,0.036,13.0
2020-21,GER1,hertha berlin,2021-04-04 16:00:00,15379,0.0542,13.0
2020-21,GER1,hertha berlin,2021-04-10 13:30:00,15386,0.0503,15.0
2020-21,GER1,hertha berlin,2021-05-03 18:00:00,15399,-0.0099,15.0
2020-21,GER1,hertha berlin,2021-05-06 16:30:00,15405,-0.0089,16.0
2020-21,GER1,hertha berlin,2021-05-09 16:00:00,15424,-0.0023,16.0
2020-21,GER1,hertha berlin,2021-05-12 16:00:00,15416,0.003,14.0
2020-21,GER1,hertha berlin,2021-05-15 13:30:00,15432,-0.0436,14.0
2020-21,GER1,hertha berlin,2021-05-22 13:30:00,15439,0.0161,15.0
2020-21,GER1,leipzig,2020-10-03 16:30:00,15164,0.2511,8.0
2020-21,GER1,leipzig,2020-10-17 13:30:00,15170,0.1661,11.0
2020-21,GER1,leipzig,2020-10-24 13:30:00,15179,0.1153,11.0
2020-21,GER1,leipzig,2020-10-31 17:30:00,15190,0.0856,11.0
2020-21,GER1,leipzig,2020-11-07 14:30:00,15196,0.2776,13.0
2020-21,GER1,leipzig,2020-11-21 17:30:00,15208,0.1366,12.0
2020-21,GER1,leipzig,2020-11-28 14:30:00,15213,0.0584,14.0
2020-21,GER1,leipzig,2020-12-05 17:30:00,15221,0.0903,14.0
2020-21,GER1,leipzig,2020-12-12 14:30:00,15231,0.0772,13.0
2020-21,GER1,leipzig,2020-12-16 19:30:00,15246,0.0197,15.0
2020-21,GER1,leipzig,2020-12-19 14:30:00,15248,-0.0476,13.0
2020-21,GER1,leipzig,2021-01-02 19:30:00,15265,-0.0322,12.0
2020-21,GER1,leipzig,2021-01-09 17:30:00,15266,-0.0256,12.0
2020-21,GER1,leipzig,2021-01-16 14:30:00,15278,-0.0042,13.0
2020-21,GER1,leipzig,2021-01-20 19:30:00,15284,0.0564,12.0
2020-21,GER1,leipzig,2021-01-23 14:30:00,15299,0.0455,14.0
2020-21,GER1,leipzig,2021-01-30 17:30:00,15304,0.0656,12.0
2020-21,GER1,leipzig,2021-02-06 14:30:00,15316,0.0577,12.0
2020-21,GER1,leipzig,2021-02-12 19:30:00,15322,0.0665,14.0
2020-21,GER1,leipzig,2021-02-21 14:30:00,15333,0.058,13.0
2020-21,GER1,leipzig,2021-02-27 17:30:00,15340,0.1931,12.0
2020-21,GER1,leipzig,2021-03-06 14:30:00,15354,0.1592,11.0
2020-21,GER1,leipzig,2021-03-14 14:30:00,15357,0.1096,13.0
2020-21,GER1,leipzig,2021-03-19 19:30:00,15373,0.0071,13.0
2020-21,GER1,leipzig,2021-04-03 16:30:00,15375,0.0704,13.0
2020-21,GER1,leipzig,2021-04-10 13:30:00,15389,0.0024,15.0
2020-21,GER1,leipzig,2021-04-16 18:30:00,15393,-0.024,15.0
2020-21,GER1,leipzig,2021-04-20 16:30:00,15406,-0.0122,13.0
2020-21,GER1,leipzig,2021-04-25 13:30:00,15410,-0.0644,15.0
2020-21,GER1,leipzig,2021-05-08 13:30:00,15420,0.0376,12.0
2020-21,GER1,leipzig,2021-05-16 18:30:00,15428,0.0367,12.0
2020-21,GER1,leipzig,2021-05-22 13:30:00,15442,0.0772,11.0
2020-21,GER1,mainz 05,2020-10-02 18:30:00,15158,-0.0005,7.0
2020-21,GER1,mainz 05,2020-10-17 13:30:00,15171,-0.0484,10.0
2020-21,GER1,mainz 05,2020-10-24 13:30:00,15178,-0.0723,12.0
2020-21,GER1,mainz 05,2020-10-31 14:30:00,15187,-0.0343,11.0
2020-21,GER1,mainz 05,2020-11-07 14:30:00,15198,-0.0761,12.0
2020-21,GER1,mainz 05,2020-11-22 14:30:00,15210,0.0036,11.0
2020-21,GER1,mainz 05,2020-11-29 17:00:00,15218,0.0657,12.0
2020-21,GER1,mainz 05,2020-12-05 14:30:00,15229,0.0889,11.0
2020-21,GER1,mainz 05,2020-12-12 14:30:00,15237,0.1446,12.0
2020-21,GER1,mainz 05,2020-12-15 19:30:00,15239,0.1266,13.0
2020-21,GER1,mainz 05,2020-12-19 14:30:00,15255,0.1711,13.0
2020-21,GER1,mainz 05,2021-01-03 17:00:00,15257,0.0839,9.0
2020-21,GER1,mainz 05,2021-01-09 14:30:00,15272,0.1275,13.0
2020-21,GER1,mainz 05,2021-01-16 14:30:00,15276,0.0171,10.0
2020-21,GER1,mainz 05,2021-01-19 19:30:00,15290,-0.0295,10.0
2020-21,GER1,mainz 05,2021-01-23 14:30:00,15299,-0.0495,11.0
2020-21,GER1,mainz 05,2021-01-29 18:30:00,15310,-0.0197,14.0
2020-21,GER1,mainz 05,2021-02-06 14:30:00,15317,-0.0838,9.0
2020-21,GER1,mainz 05,2021-02-13 14:30:00,15323,-0.0616,10.0
2020-21,GER1,mainz 05,2021-02-20 14:30:00,15329,-0.0221,12.0
2020-21,GER1,mainz 05,2021-02-28 14:30:00,15344,0.0216,11.0
2020-21,GER1,mainz 05,2021-03-05 19:30:00,15348,0.0427,12.0
2020-21,GER1,mainz 05,2021-03-13 14:30:00,15361,0.0098,13.0
2020-21,GER1,mainz 05,2021-03-21 12:30:00,15366,0.0981,12.0
2020-21,GER1,mainz 05,2021-04-03 13:30:00,15380,0.0981,14.0
2020-21,GER1,mainz 05,2021-04-11 16:00:00,15388,0.0333,10.0
2020-21,GER1,mainz 05,2021-04-21 18:30:00,15407,0.0574,11.0
2020-21,GER1,mainz 05,2021-04-24 13:30:00,15417,0.1518,11.0
2020-21,GER1,mainz 05,2021-05-03 18:00:00,15399,0.0512,11.0
2020-21,GER1,mainz 05,2021-05-09 13:30:00,15423,0.1774,12.0
2020-21,GER1,mainz 05,2021-05-16 16:00:00,15434,0.1498,13.0
2020-21,GER1,mainz 05,2021-05-22 13:30:00,15440,0.1477,13.0
2020-21,GER1,schalke,2020-10-03 16:30:00,15164,-0.1375,6.0
2020-21,GER1,schalke,2020-10-18 16:00:00,15175,0.0672,7.0
2020-21,GER1,schalke,2020-10-24 16:30:00,15181,-0.0608,10.0
2020-21,GER1,schalke,2020-10-30 19:30:00,15185,-0.1106,11.0
2020-21,GER1,schalke,2020-11-07 14:30:00,15198,-0.1085,14.0
2020-21,GER1,schalke,2020-11-21 14:30:00,15206,-0.0874,14.0
2020-21,GER1,schalke,2020-11-28 17:30:00,15214,-0.0588,11.0
2020-21,GER1,schalke,2020-12-06 17:00:00,15226,-0.0437,9.0
2020-21,GER1,schalke,2020-12-13 14:30:00,15238,-0.0347,12.0
2020-21,GER1,schalke,2020-12-16 17:30:00,15240,-0.0176,13.0
2020-21,GER1,schalke,2020-12-19 14:30:00,15254,0.0018,14.0
2020-21,GER1,schalke,2021-01-02 17:30:00,15261,-0.0652,13.0
2020-21,GER1,schalke,2021-01-09 14:30:00,15271,-0.0602,12.0
2020-21,GER1,schalke,2021-01-17 17:00:00,15279,-0.016,12.0
2020-21,GER1,schalke,2021-01-20 17:30:00,15289,-0.0254,14.0
2020-21,GER1,schalke,2021-01-24 14:30:00,15298,0.0034,13.0
2020-21,GER1,schalke,2021-01-30 14:30:00,15309,-0.0313,13.0
2020-21,GER1,schalke,2021-02-06 14:30:00,15316,-0.0177,12.0
2020-21,GER1,schalke,2021-02-13 17:30:00,15326,-0.0423,13.0
2020-21,GER1,schalke,2021-02-20 17:30:00,15334,-0.05,14.0
2020-21,GER1,schalke,2021-02-27 14:30:00,15346,-0.0723,14.0
2020-21,GER1,schalke,2021-03-05 19:30:00,15348,-0.0685,12.0
2020-21,GER1,schalke,2021-03-13 14:30:00,15359,-0.043,13.0
2020-21,GER1,schalke,2021-03-20 17:30:00,15370,-0.0814,13.0
2020-21,GER1,schalke,2021-04-03 13:30:00,15377,-0.1008,13.0
2020-21,GER1,schalke,2021-04-11 13:30:00,15387,-0.0244,12.0
2020-21,GER1,schalke,2021-04-17 13:30:00,15397,-0.0607,13.0
2020-21,GER1,schalke,2021-04-20 18:30:00,15408,-0.0686,12.0
2020-21,GER1,schalke,2021-05-08 13:30:00,15421,-0.0611,12.0
2020-21,GER1,schalke,2021-05-12 16:00:00,15416,-0.0717,11.0
2020-21,GER1,schalke,2021-05-15 13:30:00,15433,-0.0774,12.0
2020-21,GER1,schalke,2021-05-22 13:30:00,15443,-0.0201,11.0
2020-21,GER1,stuttgart,2020-10-03 13:30:00,15161,0.1839,9.0
2020-21,GER1,stuttgart,2020-10-17 13:30:00,15169,0.1287,8.0
2020-21,GER1,stuttgart,2020-10-23 18:30:00,15176,0.0785,11.0
2020-21,GER1,stuttgart,2020-10-30 19:30:00,15185,0.0656,13.0
2020-21,GER1,stuttgart,2020-11-07 14:30:00,15195,0.063,12.0
2020-21,GER1,stuttgart,2020-11-21 14:30:00,15205,0.0363,14.0
2020-21,GER1,stuttgart,2020-11-28 14:30:00,15220,-0.0121,11.0
2020-21,GER1,stuttgart,2020-12-06 14:30:00,15228,-0.0181,14.0
2020-21,GER1,stuttgart,2020-12-12 14:30:00,15230,-0.0391,12.0
2020-21,GER1,stuttgart,2020-12-15 19:30:00,15244,0.0616,15.0
2020-21,GER1,stuttgart,2020-12-20 17:00:00,15251,0.0607,13.0
2020-21,GER1,stuttgart,2021-01-02 19:30:00,15265,0.0803,13.0
2020-21,GER1,stuttgart,2021-01-10 14:30:00,15273,0.0167,12.0
2020-21,GER1,stuttgart,2021-01-16 17:30:00,15283,0.0458,12.0
2020-21,GER1,stuttgart,2021-01-20 19:30:00,15292,0.1081,15.0
2020-21,GER1,stuttgart,2021-01-23 14:30:00,15296,0.1408,13.0
2020-21,GER1,stuttgart,2021-01-29 18:30:00,15310,0.1839,12.0
2020-21,GER1,stuttgart,2021-02-06 14:30:00,15312,0.123,12.0
2020-21,GER1,stuttgart,2021-02-13 14:30:00,15328,0.1505,11.0
2020-21,GER1,stuttgart,2021-02-20 14:30:00,15335,0.1243,13.0
2020-21,GER1,stuttgart,2021-02-27 14:30:00,15346,0.1261,13.0
2020-21,GER1,stuttgart,2021-03-06 14:30:00,15355,0.0329,12.0
2020-21,GER1,stuttgart,2021-03-14 17:00:00,15364,0.0641,11.0
2020-21,GER1,stuttgart,2021-03-20 14:30:00,15365,0.0234,15.0
2020-21,GER1,stuttgart,2021-04-04 13:30:00,15381,0.0206,13.0
2020-21,GER1,stuttgart,2021-04-10 16:30:00,15391,0.0002,14.0
2020-21,GER1,stuttgart,2021-04-17 13:30:00,15398,0.0348,15.0
2020-21,GER1,stuttgart,2021-04-21 18:30:00,15409,-0.0378,14.0
2020-21,GER1,stuttgart,2021-04-25 13:30:00,15410,0.0321,12.0
2020-21,GER1,stuttgart,2021-05-07 18:30:00,15427,0.0426,14.0
2020-21,GER1,stuttgart,2021-05-15 13:30:00,15429,0.0105,14.0
2020-21,GER1,stuttgart,2021-05-22 13:30:00,15445,0.0033,15.0
2020-21,GER1,tsg hoffenheim,2020-10-03 13:30:00,15163,0.2045,8.0
2020-21,GER1,tsg hoffenheim,2020-10-17 13:30:00,15167,-0.0424,11.0
2020-21,GER1,tsg hoffenheim,2020-10-25 17:00:00,15183,-0.0518,9.0
2020-21,GER1,tsg hoffenheim,2020-11-02 19:30:00,15193,-0.083,10.0
2020-21,GER1,tsg hoffenheim,2020-11-08 14:30:00,15201,-0.0769,11.0
2020-21,GER1,tsg hoffenheim,2020-11-21 14:30:00,15205,0.0352,11.0
2020-21,GER1,tsg hoffenheim,2020-11-29 17:00:00,15218,0.0269,12.0
2020-21,GER1,tsg hoffenheim,2020-12-07 19:30:00,15222,0.0174,11.0
2020-21,GER1,tsg hoffenheim,2020-12-13 17:00:00,15233,-0.0052,15.0
2020-21,GER1,tsg hoffenheim,2020-12-16 19:30:00,15246,-0.0044,12.0
2020-21,GER1,tsg hoffenheim,2020-12-19 14:30:00,15249,-0.0259,14.0
2020-21,GER1,tsg hoffenheim,2021-01-02 14:30:00,15259,0.0215,13.0
2020-21,GER1,tsg hoffenheim,2021-01-09 14:30:00,15271,0.0142,12.0
2020-21,GER1,tsg hoffenheim,2021-01-16 14:30:00,15277,0.0294,11.0
2020-21,GER1,tsg hoffenheim,2021-01-19 19:30:00,15288,-0.0137,12.0
2020-21,GER1,tsg hoffenheim,2021-01-24 17:00:00,15295,-0.0111,13.0
2020-21,GER1,tsg hoffenheim,2021-01-30 14:30:00,15302,0.0047,15.0
2020-21,GER1,tsg hoffenheim,2021-02-07 14:30:00,15313,-0.0131,14.0
2020-21,GER1,tsg hoffenheim,2021-02-13 14:30:00,15321,-0.0519,11.0
2020-21,GER1,tsg hoffenheim,2021-02-21 17:00:00,15330,-0.0107,11.0
2020-21,GER1,tsg hoffenheim,2021-02-28 12:30:00,15343,0.0368,12.0
2020-21,GER1,tsg hoffenheim,2021-03-06 14:30:00,15353,0.0257,13.0
2020-21,GER1,tsg hoffenheim,2021-03-14 17:00:00,15364,0.0275,12.0
2020-21,GER1,tsg hoffenheim,2021-03-21 12:30:00,15366,-0.0324,13.0
2020-21,GER1,tsg hoffenheim,2021-04-03 13:30:00,15382,-0.0075,15.0
2020-21,GER1,tsg hoffenheim,2021-04-12 18:30:00,15384,-0.0063,13.0
2020-21,GER1,tsg hoffenheim,2021-04-16 18:30:00,15393,-0.059,14.0
2020-21,GER1,tsg hoffenheim,2021-04-21 18:30:00,15403,-0.0997,12.0
2020-21,GER1,tsg hoffenheim,2021-04-24 13:30:00,15414,-0.071,15.0
2020-21,GER1,tsg hoffenheim,2021-05-08 13:30:00,15421,-0.0823,12.0
2020-21,GER1,tsg hoffenheim,2021-05-15 13:30:00,15436,-0.0553,13.0
2020-21,GER1,tsg hoffenheim,2021-05-22 13:30:00,15439,-0.0428,14.0
2020-21,GER1,union berlin,2020-10-02 18:30:00,15158,-0.063,11.0
2020-21,GER1,union berlin,2020-10-18 16:00:00,15175,-0.0361,11.0
2020-21,GER1,union berlin,2020-10-24 13:30:00,15177,0.0108,13.0
2020-21,GER1,union berlin,2020-11-02 19:30:00,15193,-0.0344,11.0
2020-21,GER1,union berlin,2020-11-07 14:30:00,15197,0.1557,12.0
2020-21,GER1,union berlin,2020-11-22 17:00:00,15211,0.0124,13.0
2020-21,GER1,union berlin,2020-11-28 14:30:00,15217,0.0322,12.0
2020-21,GER1,union berlin,2020-12-04 19:30:00,15225,0.0523,12.0
2020-21,GER1,union berlin,2020-12-12 17:30:00,15236,-0.0086,14.0
2020-21,GER1,union berlin,2020-12-15 19:30:00,15244,-0.0279,12.0
2020-21,GER1,union berlin,2020-12-18 19:30:00,15253,-0.0115,13.0
2020-21,GER1,union berlin,2021-01-02 14:30:00,15263,-0.0118,11.0
2020-21,GER1,union berlin,2021-01-09 14:30:00,15270,-0.0144,13.0
2020-21,GER1,union berlin,2021-01-15 19:30:00,15280,-0.0177,13.0
2020-21,GER1,union berlin,2021-01-20 19:30:00,15284,-0.0077,13.0
2020-21,GER1,union berlin,2021-01-23 14:30:00,15300,0.007,15.0
2020-21,GER1,union berlin,2021-01-30 14:30:00,15307,0.0003,14.0
2020-21,GER1,union berlin,2021-02-06 14:30:00,15317,-0.0004,14.0
2020-21,GER1,union berlin,2021-02-13 17:30:00,15326,0.0349,11.0
2020-21,GER1,union berlin,2021-02-20 14:30:00,15331,0.0977,14.0
2020-21,GER1,union berlin,2021-02-28 12:30:00,15343,0.137,15.0
2020-21,GER1,union berlin,2021-03-07 17:00:00,15350,0.0788,13.0
2020-21,GER1,union berlin,2021-03-13 14:30:00,15360,0.1472,14.0
2020-21,GER1,union berlin,2021-03-20 14:30:00,15368,0.0815,14.0
2020-21,GER1,union berlin,2021-04-04 16:00:00,15379,0.0796,12.0
2020-21,GER1,union berlin,2021-04-10 13:30:00,15383,0.1497,15.0
2020-21,GER1,union berlin,2021-04-17 13:30:00,15398,0.0513,13.0
2020-21,GER1,union berlin,2021-04-21 18:30:00,15402,0.136,15.0
2020-21,GER1,union berlin,2021-04-24 13:30:00,15415,0.0411,15.0
2020-21,GER1,union berlin,2021-05-08 13:30:00,15422,0.0874,16.0
2020-21,GER1,union berlin,2021-05-15 13:30:00,15430,-0.0127,15.0
2020-21,GER1,union berlin,2021-05-22 13:30:00,15442,-0.0097,14.0
2020-21,GER1,werder bremen,2020-10-03 13:30:00,15160,0.0599,8.0
2020-21,GER1,werder bremen,2020-10-17 13:30:00,15168,-0.0022,10.0
2020-21,GER1,werder bremen,2020-10-25 17:00:00,15183,-0.0271,8.0
2020-21,GER1,werder bremen,2020-10-31 14:30:00,15189,-0.0657,11.0
2020-21,GER1,werder bremen,2020-11-06 19:30:00,15194,-0.0828,13.0
2020-21,GER1,werder bremen,2020-11-21 14:30:00,15203,-0.0584,11.0
2020-21,GER1,werder bremen,2020-11-27 19:30:00,15216,-0.0666,13.0
2020-21,GER1,werder bremen,2020-12-06 14:30:00,15228,-0.047,12.0
2020-21,GER1,werder bremen,2020-12-12 14:30:00,15231,-0.0402,11.0
2020-21,GER1,werder bremen,2020-12-15 19:30:00,15242,-0.0782,12.0
2020-21,GER1,werder bremen,2020-12-19 14:30:00,15255,-0.0893,11.0
2020-21,GER1,werder bremen,2021-01-02 14:30:00,15263,-0.0758,14.0
2020-21,GER1,werder bremen,2021-01-09 14:30:00,15268,-0.0508,11.0
2020-21,GER1,werder bremen,2021-01-16 14:30:00,15282,-0.0481,11.0
2020-21,GER1,werder bremen,2021-01-19 17:30:00,15285,-0.0226,13.0
2020-21,GER1,werder bremen,2021-01-23 17:30:00,15297,0.0005,13.0
2020-21,GER1,werder bremen,2021-01-30 14:30:00,15309,-0.0172,14.0
2020-21,GER1,werder bremen,2021-02-13 14:30:00,15327,-0.0042,12.0
2020-21,GER1,werder bremen,2021-02-21 17:00:00,15330,0.0098,14.0
2020-21,GER1,werder bremen,2021-02-26 19:30:00,15345,-0.0129,12.0
2020-21,GER1,werder bremen,2021-03-07 14:30:00,15349,-0.024,12.0
2020-21,GER1,werder bremen,2021-03-10 19:30:00,15319,-0.0081,13.0
2020-21,GER1,werder bremen,2021-03-13 14:30:00,15363,-0.0322,14.0
2020-21,GER1,werder bremen,2021-03-20 14:30:00,15372,-0.0036,12.0
2020-21,GER1,werder bremen,2021-04-04 13:30:00,15381,-0.0258,13.0
2020-21,GER1,werder bremen,2021-04-10 13:30:00,15389,-0.0454,13.0
2020-21,GER1,werder bremen,2021-04-18 13:30:00,15392,-0.012,13.0
2020-21,GER1,werder bremen,2021-04-21 18:30:00,15407,0.0111,10.0
2020-21,GER1,werder bremen,2021-04-24 13:30:00,15415,-0.0048,11.0
2020-21,GER1,werder bremen,2021-05-08 13:30:00,15426,-0.0256,12.0
2020-21,GER1,werder bremen,2021-05-15 13:30:00,15435,-0.0405,12.0
2020-21,GER1,werder bremen,2021-05-22 13:30:00,15444,-0.0662,13.0
2020-21,GER1,wolfsburg,2020-10-04 13:30:00,15165,-0.0834,9.0
2020-21,GER1,wolfsburg,2020-10-17 18:30:00,15173,-0.0693,12.0
2020-21,GER1,wolfsburg,2020-10-25 14:30:00,15182,-0.0853,10.0
2020-21,GER1,wolfsburg,2020-11-01 17:00:00,15192,-0.0264,10.0
2020-21,GER1,wolfsburg,2020-11-08 14:30:00,15201,-0.0436,12.0
2020-21,GER1,wolfsburg,2020-11-21 14:30:00,15206,-0.0142,10.0
2020-21,GER1,wolfsburg,2020-11-27 19:30:00,15216,0.0428,11.0
2020-21,GER1,wolfsburg,2020-12-05 14:30:00,15227,0.0339,12.0
2020-21,GER1,wolfsburg,2020-12-11 19:30:00,15234,0.0373,9.0
2020-21,GER1,wolfsburg,2020-12-16 19:30:00,15245,0.0492,9.0
2020-21,GER1,wolfsburg,2020-12-20 17:00:00,15251,0.2009,12.0
2020-21,GER1,wolfsburg,2021-01-03 14:30:00,15258,0.0125,11.0
2020-21,GER1,wolfsburg,2021-01-09 14:30:00,15270,-0.0022,12.0
2020-21,GER1,wolfsburg,2021-01-16 14:30:00,15278,-0.0079,11.0
2020-21,GER1,wolfsburg,2021-01-19 19:30:00,15290,0.0151,13.0
2020-21,GER1,wolfsburg,2021-01-23 14:30:00,15294,-0.0341,11.0
2020-21,GER1,wolfsburg,2021-01-31 17:00:00,15305,-0.0345,11.0
2020-21,GER1,wolfsburg,2021-02-06 14:30:00,15318,-0.0214,13.0
2020-21,GER1,wolfsburg,2021-02-14 17:00:00,15324,0.011,10.0
2020-21,GER1,wolfsburg,2021-02-19 19:30:00,15337,-0.0263,13.0
2020-21,GER1,wolfsburg,2021-02-27 14:30:00,15342,-0.0115,11.0
2020-21,GER1,wolfsburg,2021-03-06 14:30:00,15353,-0.0225,12.0
2020-21,GER1,wolfsburg,2021-03-13 14:30:00,15359,-0.0352,13.0
2020-21,GER1,wolfsburg,2021-03-20 14:30:00,15372,-0.0337,10.0
2020-21,GER1,wolfsburg,2021-04-03 13:30:00,15378,-0.0109,11.0
2020-21,GER1,wolfsburg,2021-04-10 13:30:00,15385,0.0267,13.0
2020-21,GER1,wolfsburg,2021-04-17 13:30:00,15396,0.0393,12.0
2020-21,GER1,wolfsburg,2021-04-21 18:30:00,15409,0.047,13.0
2020-21,GER1,wolfsburg,2021-04-24 13:30:00,15413,0.052,12.0
2020-21,GER1,wolfsburg,2021-05-08 13:30:00,15422,0.0342,11.0
2020-21,GER1,wolfsburg,2021-05-16 18:30:00,15428,-0.0229,11.0
2020-21,GER1,wolfsburg,2021-05-22 13:30:00,15440,-0.0195,10.0
2021-22,ENG1,arsenal,2021-08-13 19:00:00,16376,0.0181,11.0
2021-22,ENG1,arsenal,2021-08-22 15:30:00,16394,-0.0134,11.0
2021-22,ENG1,arsenal,2021-08-28 11:30:00,16396,-0.0048,14.0
2021-22,ENG1,arsenal,2021-09-11 14:00:00,16407,-0.0572,11.0
2021-22,ENG1,arsenal,2021-09-18 14:00:00,16419,-0.0097,11.0
2021-22,ENG1,arsenal,2021-09-26 15:30:00,16434,-0.0475,10.0
2021-22,ENG1,arsenal,2021-10-02 16:30:00,16436,-0.0281,12.0
2021-22,ENG1,arsenal,2021-10-18 19:00:00,16446,-0.0554,12.0
2021-22,ENG1,arsenal,2021-10-22 19:00:00,16456,-0.0593,12.0
2021-22,ENG1,arsenal,2021-10-30 11:30:00,16468,0.024,11.0
2021-22,ENG1,arsenal,2021-11-07 14:00:00,16476,-0.0153,11.0
2021-22,ENG1,arsenal,2021-11-20 17:30:00,16489,0.0078,12.0
2021-22,ENG1,arsenal,2021-11-27 12:30:00,16496,-0.0098,12.0
2021-22,ENG1,arsenal,2021-12-02 20:15:00,16512,0.0641,11.0
2021-22,ENG1,arsenal,2021-12-06 20:00:00,16517,0.0245,12.0
2021-22,ENG1,arsenal,2021-12-11 15:00:00,16526,-0.0295,11.0
2021-22,ENG1,arsenal,2021-12-15 20:00:00,16536,-0.0236,11.0
2021-22,ENG1,arsenal,2021-12-18 17:30:00,16548,0.0168,11.0
2021-22,ENG1,arsenal,2021-12-26 15:00:00,16562,0.0986,12.0
2021-22,ENG1,arsenal,2022-01-01 12:30:00,16576,0.0914,12.0
2021-22,ENG1,arsenal,2022-01-23 14:00:00,16596,0.114,11.0
2021-22,ENG1,arsenal,2022-02-10 19:45:00,16611,0.0699,12.0
2021-22,ENG1,arsenal,2022-02-19 15:00:00,16626,0.0501,11.0
2021-22,ENG1,arsenal,2022-02-24 19:45:00,16566,0.0846,12.0
2021-22,ENG1,arsenal,2022-03-06 14:00:00,16654,0.0363,11.0
2021-22,ENG1,arsenal,2022-03-13 16:30:00,16656,-0.0219,11.0
2021-22,ENG1,arsenal,2022-03-16 20:15:00,16636,0.0609,13.0
2021-22,ENG1,arsenal,2022-03-19 12:30:00,16666,0.0419,11.0
2021-22,ENG1,arsenal,2022-04-04 19:00:00,16682,0.0796,13.0
2021-22,ENG1,arsenal,2022-04-09 14:00:00,16695,0.0394,12.0
2021-22,ENG1,arsenal,2022-04-16 14:00:00,16700,0.1659,12.0
2021-22,ENG1,arsenal,2022-04-20 18:45:00,16618,0.0654,12.0
2021-22,ENG1,arsenal,2022-04-23 11:30:00,16715,0.0824,12.0
2021-22,ENG1,arsenal,2022-05-01 15:30:00,16717,0.045,11.0
2021-22,ENG1,arsenal,2022-05-08 13:00:00,16735,0.0659,11.0
2021-22,ENG1,arsenal,2022-05-12 18:45:00,16593,0.0746,13.0
2021-22,ENG1,arsenal,2022-05-16 19:00:00,16741,0.0206,14.0
2021-22,ENG1,arsenal,2022-05-22 15:00:00,16746,0.0078,12.0
2021-22,ENG1,aston villa,2021-08-14 14:00:00,16382,-0.0644,10.0
2021-22,ENG1,aston villa,2021-08-21 14:00:00,16388,-0.0673,7.0
2021-22,ENG1,aston villa,2021-08-28 14:00:00,16399,-0.0263,9.0
2021-22,ENG1,aston villa,2021-09-11 16:30:00,16413,-0.0708,10.0
2021-22,ENG1,aston villa,2021-09-18 16:30:00,16422,-0.0678,11.0
2021-22,ENG1,aston villa,2021-09-25 11:30:00,16431,-0.0489,9.0
2021-22,ENG1,aston villa,2021-10-03 13:00:00,16443,-0.0422,9.0
2021-22,ENG1,aston villa,2021-10-16 14:00:00,16447,-0.0723,10.0
2021-22,ENG1,aston villa,2021-10-22 19:00:00,16456,-0.0433,10.0
2021-22,ENG1,aston villa,2021-10-31 16:30:00,16466,-0.0148,11.0
2021-22,ENG1,aston villa,2021-11-05 20:00:00,16484,-0.0264,11.0
2021-22,ENG1,aston villa,2021-11-20 15:00:00,16486,-0.0686,10.0
2021-22,ENG1,aston villa,2021-11-27 15:00:00,16501,-0.0292,11.0
2021-22,ENG1,aston villa,2021-12-01 20:15:00,16506,-0.0756,11.0
2021-22,ENG1,aston villa,2021-12-05 16:30:00,16516,-0.0898,9.0
2021-22,ENG1,aston villa,2021-12-11 15:00:00,16533,-0.0626,11.0
2021-22,ENG1,aston villa,2021-12-14 19:45:00,16541,-0.0889,9.0
2021-22,ENG1,aston villa,2021-12-26 17:30:00,16556,-0.0723,11.0
2021-22,ENG1,aston villa,2022-01-02 14:00:00,16577,-0.093,9.0
2021-22,ENG1,aston villa,2022-01-15 17:30:00,16586,-0.066,10.0
2021-22,ENG1,aston villa,2022-01-22 12:30:00,16600,0.0617,9.0
2021-22,ENG1,aston villa,2022-02-09 20:00:00,16606,0.0533,9.0
2021-22,ENG1,aston villa,2022-02-13 14:00:00,16622,0.0722,11.0
2021-22,ENG1,aston villa,2022-02-19 15:00:00,16627,0.0518,12.0
2021-22,ENG1,aston villa,2022-02-26 15:30:00,16638,0.0148,10.0
2021-22,ENG1,aston villa,2022-03-05 15:00:00,16646,0.0149,12.0
2021-22,ENG1,aston villa,2022-03-10 19:45:00,16572,-0.0043,11.0
2021-22,ENG1,aston villa,2022-03-13 14:00:00,16665,-0.003,11.0
2021-22,ENG1,aston villa,2022-03-19 12:30:00,16666,-0.0209,10.0
2021-22,ENG1,aston villa,2022-04-02 14:00:00,16676,-0.0304,11.0
2021-22,ENG1,aston villa,2022-04-09 16:30:00,16694,-0.0127,10.0
2021-22,ENG1,aston villa,2022-04-23 14:00:00,16709,-0.0001,9.0
2021-22,ENG1,aston villa,2022-04-30 14:00:00,16725,-0.0504,11.0
2021-22,ENG1,aston villa,2022-05-07 14:00:00,16732,-0.0273,11.0
2021-22,ENG1,aston villa,2022-05-10 19:00:00,16705,0.0012,10.0
2021-22,ENG1,aston villa,2022-05-15 13:00:00,16745,-0.0027,11.0
2021-22,ENG1,aston villa,2022-05-19 19:00:00,16546,-0.0216,12.0
2021-22,ENG1,aston villa,2022-05-22 15:00:00,16754,-0.0376,10.0
2021-22,ENG1,brentford,2021-08-28 14:00:00,16399,0.0013,10.0
2021-22,ENG1,brentford,2021-09-11 14:00:00,16408,-0.0093,11.0
2021-22,ENG1,brentford,2021-09-18 11:30:00,16417,-0.0202,11.0
2021-22,ENG1,brentford,2021-09-25 16:30:00,16432,0.0054,12.0
2021-22,ENG1,brentford,2021-10-03 13:00:00,16444,0.0446,10.0
2021-22,ENG1,brentford,2021-10-16 16:30:00,16448,0.0233,11.0
2021-22,ENG1,brentford,2021-10-24 13:00:00,16457,0.0174,12.0
2021-22,ENG1,brentford,2021-10-30 14:00:00,16467,0.0306,13.0
2021-22,ENG1,brentford,2021-11-06 15:00:00,16477,0.0689,12.0
2021-22,ENG1,brentford,2021-11-20 15:00:00,16491,0.093,12.0
2021-22,ENG1,brentford,2021-11-28 14:00:00,16497,0.0305,12.0
2021-22,ENG1,brentford,2021-12-02 19:30:00,16515,0.0492,14.0
2021-22,ENG1,brentford,2021-12-05 14:00:00,16518,-0.0066,13.0
2021-22,ENG1,brentford,2021-12-10 20:00:00,16527,-0.0554,14.0
2021-22,ENG1,brentford,2021-12-26 20:00:00,16557,0.0087,12.0
2021-22,ENG1,brentford,2021-12-29 20:15:00,16567,-0.036,11.0
2021-22,ENG1,brentford,2022-01-02 14:00:00,16577,-0.0603,13.0
2021-22,ENG1,brentford,2022-01-11 21:45:00,16551,-0.0489,13.0
2021-22,ENG1,brentford,2022-01-16 14:00:00,16589,-0.0462,14.0
2021-22,ENG1,brentford,2022-01-19 20:00:00,16537,-0.0478,13.0
2021-22,ENG1,brentford,2022-01-22 15:00:00,16597,-0.0446,12.0
2021-22,ENG1,brentford,2022-02-09 19:45:00,16615,-0.0225,13.0
2021-22,ENG1,brentford,2022-02-12 15:00:00,16616,-0.0567,11.0
2021-22,ENG1,brentford,2022-02-19 15:00:00,16626,-0.0449,13.0
2021-22,ENG1,brentford,2022-02-26 15:00:00,16637,-0.0479,13.0
2021-22,ENG1,brentford,2022-03-05 15:00:00,16652,-0.0475,12.0
2021-22,ENG1,brentford,2022-03-12 15:00:00,16657,-0.0316,12.0
2021-22,ENG1,brentford,2022-03-20 14:00:00,16668,-0.0017,13.0
2021-22,ENG1,brentford,2022-04-02 14:00:00,16683,0.0116,11.0
2021-22,ENG1,brentford,2022-04-10 13:00:00,16693,0.0346,11.0
2021-22,ENG1,brentford,2022-04-16 14:00:00,16698,0.0586,14.0
2021-22,ENG1,brentford,2022-04-23 16:30:00,16714,0.0537,13.0
2021-22,ENG1,brentford,2022-05-02 19:00:00,16722,0.0753,14.0
2021-22,ENG1,brentford,2022-05-07 14:00:00,16734,0.0399,12.0
2021-22,ENG1,brentford,2022-05-15 15:30:00,16744,0.1007,14.0
2021-22,ENG1,brentford,2022-05-22 15:00:00,16747,0.0737,14.0
2021-22,ENG1,brighton hove albion,2021-08-14 14:00:00,16378,-0.0449,12.0
2021-22,ENG1,brighton hove albion,2021-08-21 16:30:00,16391,0.0515,11.0
2021-22,ENG1,brighton hove albion,2021-08-28 14:00:00,16400,0.0254,13.0
2021-22,ENG1,brighton hove albion,2021-09-11 14:00:00,16408,0.0009,13.0
2021-22,ENG1,brighton hove albion,2021-09-19 13:00:00,16423,-0.0687,13.0
2021-22,ENG1,brighton hove albion,2021-09-27 19:00:00,16435,-0.0259,14.0
2021-22,ENG1,brighton hove albion,2021-10-02 16:30:00,16436,0.021,12.0
2021-22,ENG1,brighton hove albion,2021-10-16 14:00:00,16453,0.0152,13.0
2021-22,ENG1,brighton hove albion,2021-10-23 16:30:00,16458,0.0581,14.0
2021-22,ENG1,brighton hove albion,2021-10-30 14:00:00,16469,-0.016,14.0
2021-22,ENG1,brighton hove albion,2021-11-06 17:30:00,16478,-0.0013,14.0
2021-22,ENG1,brighton hove albion,2021-11-20 15:00:00,16486,-0.0413,11.0
2021-22,ENG1,brighton hove albion,2021-11-27 17:30:00,16498,-0.0416,12.0
2021-22,ENG1,brighton hove albion,2021-12-01 19:30:00,16510,-0.0038,13.0
2021-22,ENG1,brighton hove albion,2021-12-04 15:00:00,16521,-0.0042,14.0
2021-22,ENG1,brighton hove albion,2021-12-15 19:30:00,16538,0.0814,12.0
2021-22,ENG1,brighton hove albion,2021-12-26 20:00:00,16557,0.1292,12.0
2021-22,ENG1,brighton hove albion,2021-12-29 19:30:00,16568,0.1076,12.0
2021-22,ENG1,brighton hove albion,2022-01-02 14:00:00,16580,0.0361,13.0
2021-22,ENG1,brighton hove albion,2022-01-14 20:00:00,16587,0.0599,14.0
2021-22,ENG1,brighton hove albion,2022-01-18 09:45:00,16607,0.0587,14.0
2021-22,ENG1,brighton hove albion,2022-01-23 14:00:00,16602,0.053,14.0
2021-22,ENG1,brighton hove albion,2022-02-12 15:00:00,16625,-0.022,13.0
2021-22,ENG1,brighton hove albion,2022-02-15 20:15:00,16549,-0.0041,14.0
2021-22,ENG1,brighton hove albion,2022-02-19 15:00:00,16628,0.0055,13.0
2021-22,ENG1,brighton hove albion,2022-02-26 15:30:00,16638,-0.0103,12.0
2021-22,ENG1,brighton hove albion,2022-03-05 15:00:00,16651,0.0298,13.0
2021-22,ENG1,brighton hove albion,2022-03-12 12:30:00,16658,0.0012,13.0
2021-22,ENG1,brighton hove albion,2022-03-16 19:30:00,16528,-0.0161,14.0
2021-22,ENG1,brighton hove albion,2022-04-02 14:00:00,16685,0.0156,12.0
2021-22,ENG1,brighton hove albion,2022-04-09 14:00:00,16695,-0.0051,11.0
2021-22,ENG1,brighton hove albion,2022-04-16 11:30:00,16699,-0.0271,11.0
2021-22,ENG1,brighton hove albion,2022-04-20 19:00:00,16670,-0.0112,13.0
2021-22,ENG1,brighton hove albion,2022-04-24 13:00:00,16713,-0.0445,13.0
2021-22,ENG1,brighton hove albion,2022-04-30 14:00:00,16716,-0.0291,12.0
2021-22,ENG1,brighton hove albion,2022-05-07 16:30:00,16733,-0.0246,13.0
2021-22,ENG1,brighton hove albion,2022-05-15 13:00:00,16743,0.03,13.0
2021-22,ENG1,brighton hove albion,2022-05-22 15:00:00,16748,0.0356,13.0
2021-22,ENG1,burnley,2021-08-14 14:00:00,16378,0.0737,12.0
2021-22,ENG1,burnley,2021-08-21 11:30:00,16386,0.032,12.0
2021-22,ENG1,burnley,2021-08-29 13:00:00,16403,0.0283,11.0
2021-22,ENG1,burnley,2021-09-13 19:00:00,16415,0.0414,12.0
2021-22,ENG1,burnley,2021-09-18 14:00:00,16419,0.0445,12.0
2021-22,ENG1,burnley,2021-09-25 14:00:00,16430,0.0271,12.0
2021-22,ENG1,burnley,2021-10-02 14:00:00,16437,0.035,12.0
2021-22,ENG1,burnley,2021-10-16 14:00:00,16451,-0.024,12.0
2021-22,ENG1,burnley,2021-10-23 14:00:00,16464,0.0019,13.0
2021-22,ENG1,burnley,2021-10-30 14:00:00,16467,-0.0171,12.0
2021-22,ENG1,burnley,2021-11-06 15:00:00,16479,0.0209,13.0
2021-22,ENG1,burnley,2021-11-20 15:00:00,16487,0.0014,11.0
2021-22,ENG1,burnley,2021-12-01 19:30:00,16511,0.0194,13.0
2021-22,ENG1,burnley,2021-12-04 15:00:00,16520,0.0059,12.0
2021-22,ENG1,burnley,2021-12-12 14:00:00,16529,0.0326,13.0
2021-22,ENG1,burnley,2021-12-30 20:15:00,16574,-0.0234,12.0
2021-22,ENG1,burnley,2022-01-02 14:00:00,16581,-0.0578,11.0
2021-22,ENG1,burnley,2022-01-23 14:00:00,16596,0.0137,10.0
2021-22,ENG1,burnley,2022-02-05 18:00:00,16539,-0.0474,12.0
2021-22,ENG1,burnley,2022-02-08 20:00:00,16608,-0.0427,12.0
2021-22,ENG1,burnley,2022-02-13 14:00:00,16617,-0.0525,13.0
2021-22,ENG1,burnley,2022-02-19 15:00:00,16628,-0.0675,12.0
2021-22,ENG1,burnley,2022-02-23 19:30:00,16499,-0.0384,11.0
2021-22,ENG1,burnley,2022-02-26 15:00:00,16640,-0.0119,13.0
2021-22,ENG1,burnley,2022-03-01 19:45:00,16588,-0.0459,13.0
2021-22,ENG1,burnley,2022-03-05 15:00:00,16647,-0.0253,13.0
2021-22,ENG1,burnley,2022-03-12 15:00:00,16657,-0.0572,12.0
2021-22,ENG1,burnley,2022-04-02 14:00:00,16684,-0.0571,13.0
2021-22,ENG1,burnley,2022-04-06 18:30:00,16558,-0.0875,12.0
2021-22,ENG1,burnley,2022-04-10 13:00:00,16688,-0.0489,13.0
2021-22,ENG1,burnley,2022-04-17 13:15:00,16697,-0.0207,13.0
2021-22,ENG1,burnley,2022-04-21 18:45:00,16667,-0.0196,13.0
2021-22,ENG1,burnley,2022-04-24 13:00:00,16712,-0.0046,13.0
2021-22,ENG1,burnley,2022-04-30 14:00:00,16718,0.0167,12.0
2021-22,ENG1,burnley,2022-05-07 14:00:00,16732,0.0475,14.0
2021-22,ENG1,burnley,2022-05-15 11:00:00,16739,0.0715,11.0
2021-22,ENG1,burnley,2022-05-19 19:00:00,16546,0.0495,13.0
2021-22,ENG1,burnley,2022-05-22 15:00:00,16749,0.0772,13.0
2021-22,ENG1,chelsea,2021-08-14 14:00:00,16379,0.0179,11.0
2021-22,ENG1,chelsea,2021-08-22 15:30:00,16394,0.0418,11.0
2021-22,ENG1,chelsea,2021-08-28 16:30:00,16402,0.0432,12.0
2021-22,ENG1,chelsea,2021-09-11 16:30:00,16413,0.1037,12.0
2021-22,ENG1,chelsea,2021-09-19 15:30:00,16425,0.0531,12.0
2021-22,ENG1,chelsea,2021-09-25 11:30:00,16426,0.0359,14.0
2021-22,ENG1,chelsea,2021-10-02 14:00:00,16438,0.0021,13.0
2021-22,ENG1,chelsea,2021-10-16 16:30:00,16448,0.0777,12.0
2021-22,ENG1,chelsea,2021-10-23 11:30:00,16459,-0.0065,14.0
2021-22,ENG1,chelsea,2021-10-30 14:00:00,16471,-0.0596,13.0
2021-22,ENG1,chelsea,2021-11-06 15:00:00,16479,-0.0433,12.0
2021-22,ENG1,chelsea,2021-11-20 12:30:00,16488,0.062,14.0
2021-22,ENG1,chelsea,2021-11-28 16:30:00,16500,0.1321,13.0
2021-22,ENG1,chelsea,2021-12-01 19:30:00,16509,0.134,14.0
2021-22,ENG1,chelsea,2021-12-04 12:30:00,16524,0.1149,14.0
2021-22,ENG1,chelsea,2021-12-11 15:00:00,16530,0.0455,13.0
2021-22,ENG1,chelsea,2021-12-16 19:45:00,16543,0.1925,14.0
2021-22,ENG1,chelsea,2021-12-19 14:00:00,16555,0.122,13.0
2021-22,ENG1,chelsea,2021-12-26 17:30:00,16556,0.0995,14.0
2021-22,ENG1,chelsea,2021-12-29 19:30:00,16568,0.0882,14.0
2021-22,ENG1,chelsea,2022-01-02 16:30:00,16578,0.0065,12.0
2021-22,ENG1,chelsea,2022-01-15 12:30:00,16590,0.0358,11.0
2021-22,ENG1,chelsea,2022-01-18 09:45:00,16607,0.0205,10.0
2021-22,ENG1,chelsea,2022-01-23 16:30:00,16598,-0.0095,11.0
2021-22,ENG1,chelsea,2022-02-19 15:00:00,16629,-0.0758,14.0
2021-22,ENG1,chelsea,2022-03-05 15:00:00,16647,-0.0834,14.0
2021-22,ENG1,chelsea,2022-03-10 19:30:00,16672,-0.1196,12.0
2021-22,ENG1,chelsea,2022-03-13 14:00:00,16659,-0.0892,14.0
2021-22,ENG1,chelsea,2022-04-02 14:00:00,16683,-0.0844,14.0
2021-22,ENG1,chelsea,2022-04-09 14:00:00,16687,-0.0735,14.0
2021-22,ENG1,chelsea,2022-04-20 18:45:00,16618,-0.0343,13.0
2021-22,ENG1,chelsea,2022-04-24 13:00:00,16711,-0.011,14.0
2021-22,ENG1,chelsea,2022-04-28 18:45:00,16742,-0.0009,13.0
2021-22,ENG1,chelsea,2022-05-01 13:00:00,16724,0.0512,14.0
2021-22,ENG1,chelsea,2022-05-07 14:00:00,16731,-0.005,12.0
2021-22,ENG1,chelsea,2022-05-11 18:30:00,16703,0.0122,12.0
2021-22,ENG1,chelsea,2022-05-19 19:00:00,16639,0.002,14.0
2021-22,ENG1,chelsea,2022-05-22 15:00:00,16750,0.0159,13.0
2021-22,ENG1,crystal palace,2021-08-14 14:00:00,16379,-0.0556,12.0
2021-22,ENG1,crystal palace,2021-08-21 14:00:00,16389,-0.0681,11.0
2021-22,ENG1,crystal palace,2021-08-28 14:00:00,16401,-0.0379,11.0
2021-22,ENG1,crystal palace,2021-09-11 11:30:00,16406,-0.0067,12.0
2021-22,ENG1,crystal palace,2021-09-18 14:00:00,16420,-0.0397,12.0
2021-22,ENG1,crystal palace,2021-09-27 19:00:00,16435,-0.0231,12.0
2021-22,ENG1,crystal palace,2021-10-03 13:00:00,16439,-0.0097,12.0
2021-22,ENG1,crystal palace,2021-10-18 19:00:00,16446,0.0173,12.0
2021-22,ENG1,crystal palace,2021-10-23 14:00:00,16460,0.0407,13.0
2021-22,ENG1,crystal palace,2021-10-30 14:00:00,16470,-0.032,13.0
2021-22,ENG1,crystal palace,2021-11-06 15:00:00,16480,-0.0133,11.0
2021-22,ENG1,crystal palace,2021-11-20 15:00:00,16487,0.0239,12.0
2021-22,ENG1,crystal palace,2021-11-27 15:00:00,16501,0.064,13.0
2021-22,ENG1,crystal palace,2021-11-30 20:15:00,16508,0.009,12.0
2021-22,ENG1,crystal palace,2021-12-05 14:00:00,16519,0.0324,12.0
2021-22,ENG1,crystal palace,2021-12-12 16:30:00,16531,-0.0217,12.0
2021-22,ENG1,crystal palace,2021-12-15 19:30:00,16542,0.0079,11.0
2021-22,ENG1,crystal palace,2021-12-26 15:00:00,16563,-0.0058,13.0
2021-22,ENG1,crystal palace,2021-12-28 15:00:00,16570,-0.0538,12.0
2021-22,ENG1,crystal palace,2022-01-01 17:30:00,16579,0.0042,14.0
2021-22,ENG1,crystal palace,2022-01-14 20:00:00,16587,0.031,13.0
2021-22,ENG1,crystal palace,2022-01-23 14:00:00,16599,0.0237,14.0
2021-22,ENG1,crystal palace,2022-02-09 19:45:00,16609,-0.0339,12.0
2021-22,ENG1,crystal palace,2022-02-12 15:00:00,16616,-0.0027,14.0
2021-22,ENG1,crystal palace,2022-02-19 15:00:00,16629,-0.0497,12.0
2021-22,ENG1,crystal palace,2022-02-23 19:30:00,16553,-0.053,12.0
2021-22,ENG1,crystal palace,2022-02-26 15:00:00,16640,-0.0529,12.0
2021-22,ENG1,crystal palace,2022-03-05 15:00:00,16655,-0.0685,13.0
2021-22,ENG1,crystal palace,2022-03-14 20:00:00,16660,-0.0395,13.0
2021-22,ENG1,crystal palace,2022-04-04 19:00:00,16682,-0.0716,13.0
2021-22,ENG1,crystal palace,2022-04-10 13:00:00,16691,-0.0535,14.0
2021-22,ENG1,crystal palace,2022-04-20 18:45:00,16671,-0.0177,14.0
2021-22,ENG1,crystal palace,2022-04-25 19:00:00,16710,-0.0447,13.0
2021-22,ENG1,crystal palace,2022-04-30 14:00:00,16720,-0.0387,13.0
2021-22,ENG1,crystal palace,2022-05-07 14:00:00,16730,-0.0528,13.0
2021-22,ENG1,crystal palace,2022-05-15 13:00:00,16745,-0.0242,14.0
2021-22,ENG1,crystal palace,2022-05-19 18:45:00,16704,0.0483,13.0
2021-22,ENG1,crystal palace,2022-05-22 15:00:00,16751,0.0229,12.0
2021-22,ENG1,everton,2021-08-14 14:00:00,16380,-0.0453,12.0
2021-22,ENG1,everton,2021-08-21 14:00:00,16390,-0.0015,11.0
2021-22,ENG1,everton,2021-08-28 14:00:00,16400,0.001,12.0
2021-22,ENG1,everton,2021-09-13 19:00:00,16415,-0.0203,12.0
2021-22,ENG1,everton,2021-09-18 16:30:00,16422,0.0705,11.0
2021-22,ENG1,everton,2021-09-25 14:00:00,16428,0.0528,11.0
2021-22,ENG1,everton,2021-10-02 11:30:00,16442,0.0091,12.0
2021-22,ENG1,everton,2021-10-17 13:00:00,16449,0.0824,12.0
2021-22,ENG1,everton,2021-10-23 14:00:00,16461,-0.0065,12.0
2021-22,ENG1,everton,2021-11-01 20:00:00,16475,0.0788,12.0
2021-22,ENG1,everton,2021-11-07 14:00:00,16481,0.0328,12.0
2021-22,ENG1,everton,2021-11-21 14:00:00,16490,0.0125,13.0
2021-22,ENG1,everton,2021-11-28 14:00:00,16497,-0.0029,12.0
2021-22,ENG1,everton,2021-12-01 20:15:00,16507,-0.0295,13.0
2021-22,ENG1,everton,2021-12-06 20:00:00,16517,-0.0256,13.0
2021-22,ENG1,everton,2021-12-12 16:30:00,16531,0.0001,13.0
2021-22,ENG1,everton,2021-12-16 19:45:00,16543,0.0185,8.0
2021-22,ENG1,everton,2022-01-02 14:00:00,16580,-0.0126,12.0
2021-22,ENG1,everton,2022-01-15 15:00:00,16592,0.0502,12.0
2021-22,ENG1,everton,2022-01-22 12:30:00,16600,-0.0202,13.0
2021-22,ENG1,everton,2022-02-08 19:45:00,16612,-0.0392,13.0
2021-22,ENG1,everton,2022-02-12 15:00:00,16619,0.014,12.0
2021-22,ENG1,everton,2022-02-19 15:00:00,16633,0.0244,14.0
2021-22,ENG1,everton,2022-02-26 17:30:00,16641,-0.0255,13.0
2021-22,ENG1,everton,2022-03-07 20:00:00,16653,-0.0022,13.0
2021-22,ENG1,everton,2022-03-13 14:00:00,16661,0.0065,12.0
2021-22,ENG1,everton,2022-03-17 19:45:00,16571,-0.0682,11.0
2021-22,ENG1,everton,2022-04-03 13:00:00,16677,-0.0756,11.0
2021-22,ENG1,everton,2022-04-06 18:30:00,16558,-0.0576,11.0
2021-22,ENG1,everton,2022-04-09 11:30:00,16692,-0.0477,11.0
2021-22,ENG1,everton,2022-04-20 18:45:00,16547,-0.0432,12.0
2021-22,ENG1,everton,2022-04-24 15:30:00,16708,-0.0333,11.0
2021-22,ENG1,everton,2022-05-01 13:00:00,16724,-0.0353,11.0
2021-22,ENG1,everton,2022-05-08 13:00:00,16729,-0.0196,13.0
2021-22,ENG1,everton,2022-05-11 18:45:00,16674,0.0009,11.0
2021-22,ENG1,everton,2022-05-15 15:30:00,16744,-0.0467,12.0
2021-22,ENG1,everton,2022-05-19 18:45:00,16704,-0.0053,12.0
2021-22,ENG1,everton,2022-05-22 15:00:00,16746,-0.0422,13.0
2021-22,ENG1,leeds united,2021-08-14 11:30:00,16377,0.1232,14.0
2021-22,ENG1,leeds united,2021-08-21 14:00:00,16390,0.0697,13.0
2021-22,ENG1,leeds united,2021-08-29 13:00:00,16403,0.164,13.0
2021-22,ENG1,leeds united,2021-09-12 15:30:00,16414,0.1515,14.0
2021-22,ENG1,leeds united,2021-09-17 19:00:00,16416,0.1579,12.0
2021-22,ENG1,leeds united,2021-09-25 14:00:00,16429,0.0489,12.0
2021-22,ENG1,leeds united,2021-10-02 14:00:00,16440,0.0364,12.0
2021-22,ENG1,leeds united,2021-10-16 14:00:00,16454,0.0193,11.0
2021-22,ENG1,leeds united,2021-10-23 14:00:00,16462,0.0232,12.0
2021-22,ENG1,leeds united,2021-10-31 14:00:00,16472,-0.0063,11.0
2021-22,ENG1,leeds united,2021-11-07 14:00:00,16482,0.009,11.0
2021-22,ENG1,leeds united,2021-11-21 16:30:00,16493,0.0586,13.0
2021-22,ENG1,leeds united,2021-11-27 17:30:00,16498,0.0703,14.0
2021-22,ENG1,leeds united,2021-11-30 20:15:00,16508,0.07,13.0
2021-22,ENG1,leeds united,2021-12-05 14:00:00,16518,0.0935,14.0
2021-22,ENG1,leeds united,2021-12-11 15:00:00,16530,0.0836,12.0
2021-22,ENG1,leeds united,2021-12-14 20:00:00,16545,0.0857,13.0
2021-22,ENG1,leeds united,2021-12-18 17:30:00,16548,0.0273,12.0
2021-22,ENG1,leeds united,2022-01-02 14:00:00,16581,0.0223,13.0
2021-22,ENG1,leeds united,2022-01-16 14:00:00,16594,0.0549,12.0
2021-22,ENG1,leeds united,2022-01-22 15:00:00,16601,0.1106,12.0
2021-22,ENG1,leeds united,2022-02-09 20:00:00,16606,0.0908,11.0
2021-22,ENG1,leeds united,2022-02-12 15:00:00,16619,0.1203,12.0
2021-22,ENG1,leeds united,2022-02-20 14:00:00,16630,0.1045,14.0
2021-22,ENG1,leeds united,2022-02-23 19:45:00,16559,0.1289,14.0
2021-22,ENG1,leeds united,2022-02-26 12:30:00,16642,0.0496,14.0
2021-22,ENG1,leeds united,2022-03-05 12:30:00,16648,0.0483,14.0
2021-22,ENG1,leeds united,2022-03-10 19:45:00,16572,0.0848,14.0
2021-22,ENG1,leeds united,2022-03-13 14:00:00,16662,0.0404,13.0
2021-22,ENG1,leeds united,2022-03-18 20:00:00,16675,0.0279,12.0
2021-22,ENG1,leeds united,2022-04-02 14:00:00,16681,0.0782,13.0
2021-22,ENG1,leeds united,2022-04-09 14:00:00,16686,0.0726,12.0
2021-22,ENG1,leeds united,2022-04-25 19:00:00,16710,0.0521,14.0
2021-22,ENG1,leeds united,2022-04-30 16:30:00,16723,0.0525,13.0
2021-22,ENG1,leeds united,2022-05-08 13:00:00,16735,0.0583,13.0
2021-22,ENG1,leeds united,2022-05-11 18:30:00,16703,0.0046,13.0
2021-22,ENG1,leeds united,2022-05-15 13:00:00,16743,-0.0078,12.0
2021-22,ENG1,leeds united,2022-05-22 15:00:00,16747,0.0094,12.0
2021-22,ENG1,leicester city,2021-08-14 14:00:00,16381,0.0696,13.0
2021-22,ENG1,leicester city,2021-08-23 19:00:00,16395,0.0524,11.0
2021-22,ENG1,leicester city,2021-08-28 14:00:00,16398,0.0184,13.0
2021-22,ENG1,leicester city,2021-09-11 14:00:00,16409,-0.0252,14.0
2021-22,ENG1,leicester city,2021-09-19 13:00:00,16423,0.0106,13.0
2021-22,ENG1,leicester city,2021-09-25 14:00:00,16430,0.0179,13.0
2021-22,ENG1,leicester city,2021-10-03 13:00:00,16439,0.0613,13.0
2021-22,ENG1,leicester city,2021-10-16 14:00:00,16450,0.0705,12.0
2021-22,ENG1,leicester city,2021-10-24 13:00:00,16457,0.0786,13.0
2021-22,ENG1,leicester city,2021-10-30 11:30:00,16468,0.0273,14.0
2021-22,ENG1,leicester city,2021-11-07 14:00:00,16482,0.075,12.0
2021-22,ENG1,leicester city,2021-11-20 12:30:00,16488,-0.0074,13.0
2021-22,ENG1,leicester city,2021-11-28 14:00:00,16502,-0.0462,12.0
2021-22,ENG1,leicester city,2021-12-01 19:30:00,16514,0.0316,14.0
2021-22,ENG1,leicester city,2021-12-05 16:30:00,16516,0.0001,12.0
2021-22,ENG1,leicester city,2021-12-12 14:00:00,16532,-0.025,12.0
2021-22,ENG1,leicester city,2021-12-26 15:00:00,16560,0.0684,13.0
2021-22,ENG1,leicester city,2021-12-28 20:00:00,16573,-0.0397,14.0
2021-22,ENG1,leicester city,2022-01-19 19:30:00,16540,0.0091,13.0
2021-22,ENG1,leicester city,2022-01-23 14:00:00,16602,0.0715,13.0
2021-22,ENG1,leicester city,2022-02-10 19:45:00,16614,-0.0179,13.0
2021-22,ENG1,leicester city,2022-02-13 16:30:00,16620,0.0585,13.0
2021-22,ENG1,leicester city,2022-02-20 16:30:00,16635,-0.0423,13.0
2021-22,ENG1,leicester city,2022-03-01 19:45:00,16588,0.011,14.0
2021-22,ENG1,leicester city,2022-03-05 12:30:00,16648,0.0336,14.0
2021-22,ENG1,leicester city,2022-03-13 16:30:00,16656,0.0242,14.0
2021-22,ENG1,leicester city,2022-03-20 14:00:00,16668,0.0125,13.0
2021-22,ENG1,leicester city,2022-04-02 16:30:00,16679,-0.023,12.0
2021-22,ENG1,leicester city,2022-04-10 13:00:00,16691,-0.0347,13.0
2021-22,ENG1,leicester city,2022-04-17 13:15:00,16701,0.0216,13.0
2021-22,ENG1,leicester city,2022-04-20 18:45:00,16547,-0.0585,13.0
2021-22,ENG1,leicester city,2022-04-23 14:00:00,16709,-0.0426,12.0
2021-22,ENG1,leicester city,2022-05-01 13:00:00,16719,0.0152,13.0
2021-22,ENG1,leicester city,2022-05-08 13:00:00,16729,-0.025,13.0
2021-22,ENG1,leicester city,2022-05-11 18:45:00,16582,0.0005,12.0
2021-22,ENG1,leicester city,2022-05-15 13:00:00,16738,0.0255,12.0
2021-22,ENG1,leicester city,2022-05-19 19:00:00,16639,-0.0265,13.0
2021-22,ENG1,leicester city,2022-05-22 15:00:00,16752,-0.0273,14.0
2021-22,ENG1,liverpool,2021-08-14 16:30:00,16383,0.0643,12.0
2021-22,ENG1,liverpool,2021-08-21 11:30:00,16386,0.0392,9.0
2021-22,ENG1,liverpool,2021-08-28 16:30:00,16402,0.0061,11.0
2021-22,ENG1,liverpool,2021-09-12 15:30:00,16414,0.0175,11.0
2021-22,ENG1,liverpool,2021-09-18 14:00:00,16420,0.0343,12.0
2021-22,ENG1,liverpool,2021-09-25 16:30:00,16432,0.1025,11.0
2021-22,ENG1,liverpool,2021-10-03 15:30:00,16441,0.0452,11.0
2021-22,ENG1,liverpool,2021-10-16 11:30:00,16455,0.0223,11.0
2021-22,ENG1,liverpool,2021-10-24 15:30:00,16463,0.0804,12.0
2021-22,ENG1,liverpool,2021-10-30 14:00:00,16469,0.1158,12.0
2021-22,ENG1,liverpool,2021-11-07 16:30:00,16485,0.0521,11.0
2021-22,ENG1,liverpool,2021-11-20 17:30:00,16489,0.0103,12.0
2021-22,ENG1,liverpool,2021-11-27 15:00:00,16503,0.0233,12.0
2021-22,ENG1,liverpool,2021-12-01 20:15:00,16507,0.0486,11.0
2021-22,ENG1,liverpool,2021-12-04 15:00:00,16525,0.0915,11.0
2021-22,ENG1,liverpool,2021-12-11 15:00:00,16533,-0.0078,11.0
2021-22,ENG1,liverpool,2021-12-16 20:00:00,16544,0.0922,12.0
2021-22,ENG1,liverpool,2021-12-19 16:30:00,16552,0.174,10.0
2021-22,ENG1,liverpool,2021-12-28 20:00:00,16573,0.0636,13.0
2021-22,ENG1,liverpool,2022-01-02 16:30:00,16578,0.0314,12.0
2021-22,ENG1,liverpool,2022-01-16 14:00:00,16589,-0.0017,12.0
2021-22,ENG1,liverpool,2022-01-23 14:00:00,16599,0.0392,11.0
2021-22,ENG1,liverpool,2022-02-10 19:45:00,16614,-0.0322,11.0
2021-22,ENG1,liverpool,2022-02-13 14:00:00,16617,0.0187,12.0
2021-22,ENG1,liverpool,2022-02-19 15:00:00,16631,0.0493,10.0
2021-22,ENG1,liverpool,2022-02-23 19:45:00,16559,0.0752,12.0
2021-22,ENG1,liverpool,2022-03-05 17:30:00,16649,0.1394,11.0
2021-22,ENG1,liverpool,2022-03-12 12:30:00,16658,0.1398,12.0
2021-22,ENG1,liverpool,2022-03-16 20:15:00,16636,0.0977,12.0
2021-22,ENG1,liverpool,2022-04-02 11:30:00,16680,0.0395,11.0
2021-22,ENG1,liverpool,2022-04-10 15:30:00,16690,0.1229,12.0
2021-22,ENG1,liverpool,2022-04-19 19:00:00,16669,0.0532,11.0
2021-22,ENG1,liverpool,2022-04-24 15:30:00,16708,0.0446,12.0
2021-22,ENG1,liverpool,2022-04-30 11:30:00,16721,-0.0506,12.0
2021-22,ENG1,liverpool,2022-05-07 18:45:00,16728,-0.038,11.0
2021-22,ENG1,liverpool,2022-05-10 19:00:00,16705,-0.0315,13.0
2021-22,ENG1,liverpool,2022-05-17 18:45:00,16740,0.2305,11.0
2021-22,ENG1,liverpool,2022-05-22 15:00:00,16753,-0.0379,13.0
2021-22,ENG1,manchester city,2021-08-15 15:30:00,16385,-0.0718,13.0
2021-22,ENG1,manchester city,2021-08-21 14:00:00,16387,-0.101,12.0
2021-22,ENG1,manchester city,2021-08-28 11:30:00,16396,-0.0551,13.0
2021-22,ENG1,manchester city,2021-09-11 14:00:00,16409,-0.0052,11.0
2021-22,ENG1,manchester city,2021-09-18 14:00:00,16421,0.0881,13.0
2021-22,ENG1,manchester city,2021-09-25 11:30:00,16426,0.0026,10.0
2021-22,ENG1,manchester city,2021-10-03 15:30:00,16441,0.0338,11.0
2021-22,ENG1,manchester city,2021-10-16 14:00:00,16451,0.123,11.0
2021-22,ENG1,manchester city,2021-10-23 16:30:00,16458,-0.0057,12.0
2021-22,ENG1,manchester city,2021-10-30 14:00:00,16470,0.0216,11.0
2021-22,ENG1,manchester city,2021-11-06 12:30:00,16483,0.0122,10.0
2021-22,ENG1,manchester city,2021-11-21 14:00:00,16490,0.1039,11.0
2021-22,ENG1,manchester city,2021-11-28 14:00:00,16504,0.1186,10.0
2021-22,ENG1,manchester city,2021-12-01 20:15:00,16506,0.0384,10.0
2021-22,ENG1,manchester city,2021-12-04 17:30:00,16523,-0.0297,13.0
2021-22,ENG1,manchester city,2021-12-11 12:30:00,16534,-0.0018,11.0
2021-22,ENG1,manchester city,2021-12-14 20:00:00,16545,0.0414,13.0
2021-22,ENG1,manchester city,2021-12-19 14:15:00,16550,0.029,13.0
2021-22,ENG1,manchester city,2021-12-26 15:00:00,16560,0.1396,11.0
2021-22,ENG1,manchester city,2021-12-29 20:15:00,16567,0.0687,10.0
2021-22,ENG1,manchester city,2022-01-01 12:30:00,16576,0.0684,11.0
2021-22,ENG1,manchester city,2022-01-15 12:30:00,16590,0.0571,10.0
2021-22,ENG1,manchester city,2022-01-22 17:30:00,16604,0.0412,11.0
2021-22,ENG1,manchester city,2022-02-09 19:45:00,16615,0.0163,12.0
2021-22,ENG1,manchester city,2022-02-12 17:30:00,16623,0.0123,10.0
2021-22,ENG1,manchester city,2022-02-19 17:30:00,16632,-0.0149,11.0
2021-22,ENG1,manchester city,2022-02-26 17:30:00,16641,-0.0271,12.0
2021-22,ENG1,manchester city,2022-03-06 16:30:00,16650,-0.0249,10.0
2021-22,ENG1,manchester city,2022-03-14 20:00:00,16660,-0.0078,10.0
2021-22,ENG1,manchester city,2022-04-02 14:00:00,16684,-0.0309,12.0
2021-22,ENG1,manchester city,2022-04-10 15:30:00,16690,0.0167,11.0
2021-22,ENG1,manchester city,2022-04-20 19:00:00,16670,0.0095,12.0
2021-22,ENG1,manchester city,2022-04-23 14:00:00,16707,-0.0085,13.0
2021-22,ENG1,manchester city,2022-04-30 16:30:00,16723,0.0003,11.0
2021-22,ENG1,manchester city,2022-05-08 15:30:00,16727,0.0049,12.0
2021-22,ENG1,manchester city,2022-05-11 19:15:00,16696,0.0391,12.0
2021-22,ENG1,manchester city,2022-05-15 13:00:00,16737,0.1135,10.0
2021-22,ENG1,manchester city,2022-05-22 15:00:00,16754,0.1379,13.0
2021-22,ENG1,manchester united,2021-08-14 11:30:00,16377,0.0832,14.0
2021-22,ENG1,manchester united,2021-08-22 13:00:00,16392,0.0805,13.0
2021-22,ENG1,manchester united,2021-08-29 15:30:00,16405,0.1026,13.0
2021-22,ENG1,manchester united,2021-09-11 14:00:00,16410,0.0599,11.0
2021-22,ENG1,manchester united,2021-09-19 13:00:00,16424,0.0358,12.0
2021-22,ENG1,manchester united,2021-09-25 11:30:00,16431,0.0845,12.0
2021-22,ENG1,manchester united,2021-10-02 11:30:00,16442,0.0405,14.0
2021-22,ENG1,manchester united,2021-10-16 14:00:00,16450,0.045,12.0
2021-22,ENG1,manchester united,2021-10-24 15:30:00,16463,0.0057,13.0
2021-22,ENG1,manchester united,2021-10-30 16:30:00,16473,0.0001,13.0
2021-22,ENG1,manchester united,2021-11-06 12:30:00,16483,-0.0397,14.0
2021-22,ENG1,manchester united,2021-11-20 15:00:00,16494,-0.024,13.0
2021-22,ENG1,manchester united,2021-11-28 16:30:00,16500,-0.0178,13.0
2021-22,ENG1,manchester united,2021-12-02 20:15:00,16512,-0.0697,11.0
2021-22,ENG1,manchester united,2021-12-05 14:00:00,16519,-0.0566,13.0
2021-22,ENG1,manchester united,2021-12-11 17:30:00,16535,-0.0626,13.0
2021-22,ENG1,manchester united,2021-12-27 20:00:00,16561,-0.0422,13.0
2021-22,ENG1,manchester united,2021-12-30 20:15:00,16574,0.05,12.0
2021-22,ENG1,manchester united,2022-01-03 17:30:00,16583,0.0682,12.0
2021-22,ENG1,manchester united,2022-01-15 17:30:00,16586,0.0667,11.0
2021-22,ENG1,manchester united,2022-01-19 20:00:00,16537,-0.009,13.0
2021-22,ENG1,manchester united,2022-01-22 15:00:00,16603,0.0088,12.0
2021-22,ENG1,manchester united,2022-02-08 20:00:00,16608,0.0765,12.0
2021-22,ENG1,manchester united,2022-02-12 12:30:00,16621,0.0234,12.0
2021-22,ENG1,manchester united,2022-02-15 20:15:00,16549,0.0336,14.0
2021-22,ENG1,manchester united,2022-02-20 14:00:00,16630,0.0692,13.0
2021-22,ENG1,manchester united,2022-02-26 15:00:00,16643,0.1505,14.0
2021-22,ENG1,manchester united,2022-03-06 16:30:00,16650,0.1483,13.0
2021-22,ENG1,manchester united,2022-03-12 17:30:00,16663,0.1208,12.0
2021-22,ENG1,manchester united,2022-04-02 16:30:00,16679,0.1248,14.0
2021-22,ENG1,manchester united,2022-04-09 11:30:00,16692,0.091,14.0
2021-22,ENG1,manchester united,2022-04-16 14:00:00,16702,0.1039,14.0
2021-22,ENG1,manchester united,2022-04-19 19:00:00,16669,-0.018,11.0
2021-22,ENG1,manchester united,2022-04-23 11:30:00,16715,-0.0545,11.0
2021-22,ENG1,manchester united,2022-04-28 18:45:00,16742,-0.0633,13.0
2021-22,ENG1,manchester united,2022-05-02 19:00:00,16722,-0.0336,14.0
2021-22,ENG1,manchester united,2022-05-07 16:30:00,16733,-0.0235,14.0
2021-22,ENG1,manchester united,2022-05-22 15:00:00,16751,-0.0325,11.0
2021-22,ENG1,newcastle united,2021-08-15 13:00:00,16384,-0.0496,11.0
2021-22,ENG1,newcastle united,2021-08-21 14:00:00,16388,0.0967,11.0
2021-22,ENG1,newcastle united,2021-08-28 14:00:00,16397,0.0961,12.0
2021-22,ENG1,newcastle united,2021-09-11 14:00:00,16410,0.0017,12.0
2021-22,ENG1,newcastle united,2021-09-17 19:00:00,16416,-0.0179,12.0
2021-22,ENG1,newcastle united,2021-09-25 14:00:00,16427,-0.0168,11.0
2021-22,ENG1,newcastle united,2021-10-02 14:00:00,16445,0.0173,14.0
2021-22,ENG1,newcastle united,2021-10-17 15:30:00,16452,0.0383,12.0
2021-22,ENG1,newcastle united,2021-10-23 14:00:00,16460,0.0102,13.0
2021-22,ENG1,newcastle united,2021-10-30 14:00:00,16471,0.0043,13.0
2021-22,ENG1,newcastle united,2021-11-06 17:30:00,16478,-0.0314,12.0
2021-22,ENG1,newcastle united,2021-11-20 15:00:00,16491,0.0032,13.0
2021-22,ENG1,newcastle united,2021-11-27 12:30:00,16496,0.0182,13.0
2021-22,ENG1,newcastle united,2021-11-30 19:30:00,16513,-0.0191,13.0
2021-22,ENG1,newcastle united,2021-12-04 15:00:00,16520,-0.0273,11.0
2021-22,ENG1,newcastle united,2021-12-12 14:00:00,16532,-0.0779,13.0
2021-22,ENG1,newcastle united,2021-12-16 20:00:00,16544,-0.088,12.0
2021-22,ENG1,newcastle united,2021-12-19 14:15:00,16550,-0.0815,13.0
2021-22,ENG1,newcastle united,2021-12-27 20:00:00,16561,-0.1004,13.0
2021-22,ENG1,newcastle united,2022-01-15 15:00:00,16591,-0.1104,12.0
2021-22,ENG1,newcastle united,2022-01-22 15:00:00,16601,-0.0872,14.0
2021-22,ENG1,newcastle united,2022-02-08 19:45:00,16612,-0.0665,11.0
2021-22,ENG1,newcastle united,2022-02-13 14:00:00,16622,-0.012,13.0
2021-22,ENG1,newcastle united,2022-02-19 12:30:00,16634,-0.0273,11.0
2021-22,ENG1,newcastle united,2022-02-26 15:00:00,16637,-0.0244,11.0
2021-22,ENG1,newcastle united,2022-03-05 15:00:00,16651,-0.0042,12.0
2021-22,ENG1,newcastle united,2022-03-10 19:30:00,16584,0.0046,11.0
2021-22,ENG1,newcastle united,2022-03-13 14:00:00,16659,0.0137,12.0
2021-22,ENG1,newcastle united,2022-03-17 19:45:00,16571,0.0336,12.0
2021-22,ENG1,newcastle united,2022-04-03 15:30:00,16678,-0.0133,14.0
2021-22,ENG1,newcastle united,2022-04-08 19:00:00,16689,-0.0317,12.0
2021-22,ENG1,newcastle united,2022-04-17 13:15:00,16701,-0.0519,13.0
2021-22,ENG1,newcastle united,2022-04-20 18:45:00,16671,-0.0339,13.0
2021-22,ENG1,newcastle united,2022-04-23 14:00:00,16706,-0.0532,13.0
2021-22,ENG1,newcastle united,2022-04-30 11:30:00,16721,-0.011,13.0
2021-22,ENG1,newcastle united,2022-05-08 15:30:00,16727,-0.0329,13.0
2021-22,ENG1,newcastle united,2022-05-16 19:00:00,16741,-0.0106,14.0
2021-22,ENG1,newcastle united,2022-05-22 15:00:00,16749,-0.0177,13.0
2021-22,ENG1,norwich city,2021-08-14 16:30:00,16383,0.0921,2.0
2021-22,ENG1,norwich city,2021-08-21 14:00:00,16387,0.0831,2.0
2021-22,ENG1,norwich city,2021-08-28 14:00:00,16398,0.0027,11.0
2021-22,ENG1,norwich city,2021-09-11 14:00:00,16407,0.0113,10.0
2021-22,ENG1,norwich city,2021-09-18 14:00:00,16418,-0.003,10.0
2021-22,ENG1,norwich city,2021-09-25 14:00:00,16428,0.0136,11.0
2021-22,ENG1,norwich city,2021-10-02 14:00:00,16437,0.012,10.0
2021-22,ENG1,norwich city,2021-10-16 14:00:00,16453,0.0025,11.0
2021-22,ENG1,norwich city,2021-10-23 11:30:00,16459,0.0079,12.0
2021-22,ENG1,norwich city,2021-10-31 14:00:00,16472,-0.0211,10.0
2021-22,ENG1,norwich city,2021-11-06 15:00:00,16477,-0.0237,12.0
2021-22,ENG1,norwich city,2021-11-20 15:00:00,16492,-0.0385,11.0
2021-22,ENG1,norwich city,2021-11-27 15:00:00,16505,-0.0205,12.0
2021-22,ENG1,norwich city,2021-11-30 19:30:00,16513,-0.0047,13.0
2021-22,ENG1,norwich city,2021-12-05 14:00:00,16522,-0.0186,12.0
2021-22,ENG1,norwich city,2021-12-11 17:30:00,16535,0.0001,11.0
2021-22,ENG1,norwich city,2021-12-14 19:45:00,16541,-0.0412,11.0
2021-22,ENG1,norwich city,2021-12-26 15:00:00,16562,-0.0367,12.0
2021-22,ENG1,norwich city,2021-12-28 15:00:00,16570,-0.017,9.0
2021-22,ENG1,norwich city,2022-01-12 21:45:00,16554,-0.0097,13.0
2021-22,ENG1,norwich city,2022-01-15 15:00:00,16592,-0.0249,10.0
2021-22,ENG1,norwich city,2022-01-21 20:00:00,16605,-0.039,10.0
2021-22,ENG1,norwich city,2022-02-09 19:45:00,16609,-0.0655,13.0
2021-22,ENG1,norwich city,2022-02-12 17:30:00,16623,-0.0724,12.0
2021-22,ENG1,norwich city,2022-02-19 15:00:00,16631,-0.0772,11.0
2021-22,ENG1,norwich city,2022-02-25 20:00:00,16644,-0.0598,12.0
2021-22,ENG1,norwich city,2022-03-05 15:00:00,16652,-0.0659,11.0
2021-22,ENG1,norwich city,2022-03-10 19:30:00,16672,-0.0381,11.0
2021-22,ENG1,norwich city,2022-03-13 14:00:00,16662,-0.0381,12.0
2021-22,ENG1,norwich city,2022-04-02 14:00:00,16685,-0.0265,12.0
2021-22,ENG1,norwich city,2022-04-10 13:00:00,16688,-0.0123,12.0
2021-22,ENG1,norwich city,2022-04-16 14:00:00,16702,0.0139,13.0
2021-22,ENG1,norwich city,2022-04-23 14:00:00,16706,0.063,13.0
2021-22,ENG1,norwich city,2022-04-30 14:00:00,16725,0.05,11.0
2021-22,ENG1,norwich city,2022-05-08 13:00:00,16726,0.0363,12.0
2021-22,ENG1,norwich city,2022-05-11 18:45:00,16582,0.0052,12.0
2021-22,ENG1,norwich city,2022-05-15 13:00:00,16736,0.0247,12.0
2021-22,ENG1,norwich city,2022-05-22 15:00:00,16755,0.045,13.0
2021-22,ENG1,southampton,2021-08-14 14:00:00,16380,0.0242,8.0
2021-22,ENG1,southampton,2021-08-22 13:00:00,16392,-0.0237,10.0
2021-22,ENG1,southampton,2021-08-28 14:00:00,16397,0.01,10.0
2021-22,ENG1,southampton,2021-09-11 14:00:00,16411,0.0382,10.0
2021-22,ENG1,southampton,2021-09-18 14:00:00,16421,0.1076,12.0
2021-22,ENG1,southampton,2021-09-26 13:00:00,16433,0.0478,13.0
2021-22,ENG1,southampton,2021-10-02 14:00:00,16438,0.0514,12.0
2021-22,ENG1,southampton,2021-10-16 14:00:00,16454,0.019,11.0
2021-22,ENG1,southampton,2021-10-23 14:00:00,16464,0.0483,11.0
2021-22,ENG1,southampton,2021-10-30 14:00:00,16474,0.0291,11.0
2021-22,ENG1,southampton,2021-11-05 20:00:00,16484,0.0036,11.0
2021-22,ENG1,southampton,2021-11-20 15:00:00,16492,-0.0203,12.0
2021-22,ENG1,southampton,2021-11-27 15:00:00,16503,0.0082,12.0
2021-22,ENG1,southampton,2021-12-01 19:30:00,16514,0.0377,12.0
2021-22,ENG1,southampton,2021-12-04 15:00:00,16521,0.0306,10.0
2021-22,ENG1,southampton,2021-12-11 15:00:00,16526,0.0519,11.0
2021-22,ENG1,southampton,2021-12-15 19:30:00,16542,-0.0235,12.0
2021-22,ENG1,southampton,2021-12-26 15:00:00,16564,-0.0278,10.0
2021-22,ENG1,southampton,2021-12-28 15:00:00,16575,0.0113,11.0
2021-22,ENG1,southampton,2022-01-11 21:45:00,16551,-0.0304,13.0
2021-22,ENG1,southampton,2022-01-15 15:00:00,16595,0.0002,13.0
2021-22,ENG1,southampton,2022-01-22 17:30:00,16604,0.0039,13.0
2021-22,ENG1,southampton,2022-02-09 19:45:00,16613,0.0054,11.0
2021-22,ENG1,southampton,2022-02-12 12:30:00,16621,0.0266,12.0
2021-22,ENG1,southampton,2022-02-19 15:00:00,16633,0.0017,10.0
2021-22,ENG1,southampton,2022-02-25 20:00:00,16644,0.0374,10.0
2021-22,ENG1,southampton,2022-03-05 15:00:00,16646,0.0422,13.0
2021-22,ENG1,southampton,2022-03-10 19:30:00,16584,0.0548,11.0
2021-22,ENG1,southampton,2022-03-13 14:00:00,16664,0.0588,13.0
2021-22,ENG1,southampton,2022-04-02 14:00:00,16681,0.0383,11.0
2021-22,ENG1,southampton,2022-04-09 14:00:00,16687,0.0952,13.0
2021-22,ENG1,southampton,2022-04-16 14:00:00,16700,0.0243,12.0
2021-22,ENG1,southampton,2022-04-21 18:45:00,16667,0.0037,13.0
2021-22,ENG1,southampton,2022-04-24 13:00:00,16713,0.0383,12.0
2021-22,ENG1,southampton,2022-04-30 14:00:00,16720,0.0169,13.0
2021-22,ENG1,southampton,2022-05-07 14:00:00,16734,-0.0124,12.0
2021-22,ENG1,southampton,2022-05-17 18:45:00,16740,0.004,13.0
2021-22,ENG1,southampton,2022-05-22 15:00:00,16752,0.0047,13.0
2021-22,ENG1,tottenham hotspur,2021-08-15 15:30:00,16385,-0.0379,10.0
2021-22,ENG1,tottenham hotspur,2021-08-22 13:00:00,16393,-0.0245,11.0
2021-22,ENG1,tottenham hotspur,2021-08-29 13:00:00,16404,0.0261,11.0
2021-22,ENG1,tottenham hotspur,2021-09-11 11:30:00,16406,-0.036,12.0
2021-22,ENG1,tottenham hotspur,2021-09-19 15:30:00,16425,-0.0706,9.0
2021-22,ENG1,tottenham hotspur,2021-09-26 15:30:00,16434,-0.0871,11.0
2021-22,ENG1,tottenham hotspur,2021-10-03 13:00:00,16443,-0.0842,9.0
2021-22,ENG1,tottenham hotspur,2021-10-17 15:30:00,16452,-0.0653,9.0
2021-22,ENG1,tottenham hotspur,2021-10-24 13:00:00,16465,-0.1117,9.0
2021-22,ENG1,tottenham hotspur,2021-10-30 16:30:00,16473,-0.0324,12.0
2021-22,ENG1,tottenham hotspur,2021-11-07 14:00:00,16481,-0.0756,12.0
2021-22,ENG1,tottenham hotspur,2021-11-21 16:30:00,16493,-0.0668,11.0
2021-22,ENG1,tottenham hotspur,2021-12-02 19:30:00,16515,-0.0462,11.0
2021-22,ENG1,tottenham hotspur,2021-12-05 14:00:00,16522,-0.0355,12.0
2021-22,ENG1,tottenham hotspur,2021-12-19 16:30:00,16552,-0.0775,11.0
2021-22,ENG1,tottenham hotspur,2021-12-26 15:00:00,16563,0.0027,11.0
2021-22,ENG1,tottenham hotspur,2021-12-28 15:00:00,16575,0.0259,12.0
2021-22,ENG1,tottenham hotspur,2022-01-01 15:00:00,16585,0.1108,11.0
2021-22,ENG1,tottenham hotspur,2022-01-19 19:30:00,16540,0.0909,12.0
2021-22,ENG1,tottenham hotspur,2022-01-23 16:30:00,16598,0.1156,12.0
2021-22,ENG1,tottenham hotspur,2022-02-09 19:45:00,16613,0.115,10.0
2021-22,ENG1,tottenham hotspur,2022-02-13 14:00:00,16624,0.1457,11.0
2021-22,ENG1,tottenham hotspur,2022-02-19 17:30:00,16632,-0.0176,10.0
2021-22,ENG1,tottenham hotspur,2022-02-23 19:30:00,16499,0.018,13.0
2021-22,ENG1,tottenham hotspur,2022-02-26 12:30:00,16642,0.0545,12.0
2021-22,ENG1,tottenham hotspur,2022-03-07 20:00:00,16653,0.0652,13.0
2021-22,ENG1,tottenham hotspur,2022-03-12 17:30:00,16663,0.1325,11.0
2021-22,ENG1,tottenham hotspur,2022-03-16 19:30:00,16528,0.1017,10.0
2021-22,ENG1,tottenham hotspur,2022-03-20 16:30:00,16673,0.1006,10.0
2021-22,ENG1,tottenham hotspur,2022-04-03 15:30:00,16678,0.0578,12.0
2021-22,ENG1,tottenham hotspur,2022-04-09 16:30:00,16694,0.1228,11.0
2021-22,ENG1,tottenham hotspur,2022-04-16 11:30:00,16699,0.1009,12.0
2021-22,ENG1,tottenham hotspur,2022-04-23 16:30:00,16714,0.0186,11.0
2021-22,ENG1,tottenham hotspur,2022-05-01 13:00:00,16719,0.0043,11.0
2021-22,ENG1,tottenham hotspur,2022-05-07 18:45:00,16728,-0.0135,11.0
2021-22,ENG1,tottenham hotspur,2022-05-12 18:45:00,16593,-0.0341,12.0
2021-22,ENG1,tottenham hotspur,2022-05-15 11:00:00,16739,0.0101,10.0
2021-22,ENG1,tottenham hotspur,2022-05-22 15:00:00,16755,0.0138,13.0
2021-22,ENG1,watford,2021-08-14 14:00:00,16382,-0.064,1.0
2021-22,ENG1,watford,2021-08-21 16:30:00,16391,0.0117,2.0
2021-22,ENG1,watford,2021-08-29 13:00:00,16404,-0.0573,10.0
2021-22,ENG1,watford,2021-09-11 14:00:00,16412,-0.0473,9.0
2021-22,ENG1,watford,2021-09-18 14:00:00,16418,-0.069,10.0
2021-22,ENG1,watford,2021-09-25 14:00:00,16427,-0.015,11.0
2021-22,ENG1,watford,2021-10-02 14:00:00,16440,0.0195,12.0
2021-22,ENG1,watford,2021-10-16 11:30:00,16455,-0.0287,13.0
2021-22,ENG1,watford,2021-10-23 14:00:00,16461,-0.0279,12.0
2021-22,ENG1,watford,2021-10-30 14:00:00,16474,0.0204,12.0
2021-22,ENG1,watford,2021-11-07 14:00:00,16476,0.0974,11.0
2021-22,ENG1,watford,2021-11-20 15:00:00,16494,0.0741,12.0
2021-22,ENG1,watford,2021-11-28 14:00:00,16502,0.0893,12.0
2021-22,ENG1,watford,2021-12-01 19:30:00,16509,0.1254,13.0
2021-22,ENG1,watford,2021-12-04 17:30:00,16523,0.146,13.0
2021-22,ENG1,watford,2021-12-10 20:00:00,16527,0.0789,12.0
2021-22,ENG1,watford,2021-12-28 15:00:00,16569,0.0058,13.0
2021-22,ENG1,watford,2022-01-01 15:00:00,16585,-0.005,12.0
2021-22,ENG1,watford,2022-01-15 15:00:00,16591,-0.0305,10.0
2021-22,ENG1,watford,2022-01-21 20:00:00,16605,-0.0209,8.0
2021-22,ENG1,watford,2022-02-05 18:00:00,16539,-0.0329,11.0
2021-22,ENG1,watford,2022-02-08 19:45:00,16610,-0.0344,13.0
2021-22,ENG1,watford,2022-02-12 15:00:00,16625,-0.033,13.0
2021-22,ENG1,watford,2022-02-19 15:00:00,16627,-0.0274,10.0
2021-22,ENG1,watford,2022-02-23 19:30:00,16553,0.0042,11.0
2021-22,ENG1,watford,2022-02-26 15:00:00,16643,0.015,12.0
2021-22,ENG1,watford,2022-03-06 14:00:00,16654,-0.0245,10.0
2021-22,ENG1,watford,2022-03-10 19:30:00,16565,-0.0015,11.0
2021-22,ENG1,watford,2022-03-13 14:00:00,16664,-0.0062,9.0
2021-22,ENG1,watford,2022-04-02 11:30:00,16680,0.0097,12.0
2021-22,ENG1,watford,2022-04-09 14:00:00,16686,0.0078,11.0
2021-22,ENG1,watford,2022-04-16 14:00:00,16698,-0.0258,10.0
2021-22,ENG1,watford,2022-04-23 14:00:00,16707,-0.0375,13.0
2021-22,ENG1,watford,2022-04-30 14:00:00,16718,-0.0333,10.0
2021-22,ENG1,watford,2022-05-07 14:00:00,16730,-0.0515,12.0
2021-22,ENG1,watford,2022-05-11 18:45:00,16674,-0.0456,8.0
2021-22,ENG1,watford,2022-05-15 13:00:00,16738,-0.0704,12.0
2021-22,ENG1,watford,2022-05-22 15:00:00,16750,-0.0367,11.0
2021-22,ENG1,west ham united,2021-08-15 13:00:00,16384,0.1264,11.0
2021-22,ENG1,west ham united,2021-08-23 19:00:00,16395,0.183,11.0
2021-22,ENG1,west ham united,2021-08-28 14:00:00,16401,0.1757,11.0
2021-22,ENG1,west ham united,2021-09-11 14:00:00,16411,0.1768,11.0
2021-22,ENG1,west ham united,2021-09-19 13:00:00,16424,0.1223,11.0
2021-22,ENG1,west ham united,2021-09-25 14:00:00,16429,0.0646,11.0
2021-22,ENG1,west ham united,2021-10-03 13:00:00,16444,0.0553,11.0
2021-22,ENG1,west ham united,2021-10-17 13:00:00,16449,0.0397,12.0
2021-22,ENG1,west ham united,2021-10-24 13:00:00,16465,0.0206,11.0
2021-22,ENG1,west ham united,2021-10-31 16:30:00,16466,0.0221,12.0
2021-22,ENG1,west ham united,2021-11-07 16:30:00,16485,0.0481,12.0
2021-22,ENG1,west ham united,2021-11-20 15:00:00,16495,0.0552,14.0
2021-22,ENG1,west ham united,2021-11-28 14:00:00,16504,0.0007,14.0
2021-22,ENG1,west ham united,2021-12-01 19:30:00,16510,-0.0089,12.0
2021-22,ENG1,west ham united,2021-12-04 12:30:00,16524,-0.0004,13.0
2021-22,ENG1,west ham united,2021-12-12 14:00:00,16529,-0.006,12.0
2021-22,ENG1,west ham united,2021-12-15 20:00:00,16536,-0.0223,12.0
2021-22,ENG1,west ham united,2021-12-26 15:00:00,16564,-0.0623,13.0
2021-22,ENG1,west ham united,2021-12-28 15:00:00,16569,-0.0158,11.0
2021-22,ENG1,west ham united,2022-01-01 17:30:00,16579,0.0056,13.0
2021-22,ENG1,west ham united,2022-01-12 21:45:00,16554,0.0175,11.0
2021-22,ENG1,west ham united,2022-01-16 14:00:00,16594,0.0356,13.0
2021-22,ENG1,west ham united,2022-01-22 15:00:00,16603,0.0815,12.0
2021-22,ENG1,west ham united,2022-02-08 19:45:00,16610,0.0775,12.0
2021-22,ENG1,west ham united,2022-02-13 16:30:00,16620,0.0255,12.0
2021-22,ENG1,west ham united,2022-02-19 12:30:00,16634,0.0238,13.0
2021-22,ENG1,west ham united,2022-02-27 14:00:00,16645,-0.0064,11.0
2021-22,ENG1,west ham united,2022-03-05 17:30:00,16649,-0.0139,13.0
2021-22,ENG1,west ham united,2022-03-13 14:00:00,16665,-0.0428,13.0
2021-22,ENG1,west ham united,2022-03-20 16:30:00,16673,-0.0309,13.0
2021-22,ENG1,west ham united,2022-04-03 13:00:00,16677,-0.0141,12.0
2021-22,ENG1,west ham united,2022-04-10 13:00:00,16693,-0.0029,14.0
2021-22,ENG1,west ham united,2022-04-17 13:15:00,16697,-0.0472,12.0
2021-22,ENG1,west ham united,2022-04-24 13:00:00,16711,0.0605,13.0
2021-22,ENG1,west ham united,2022-05-01 15:30:00,16717,0.036,13.0
2021-22,ENG1,west ham united,2022-05-08 13:00:00,16726,0.028,14.0
2021-22,ENG1,west ham united,2022-05-15 13:00:00,16737,-0.0165,12.0
2021-22,ENG1,west ham united,2022-05-22 15:00:00,16748,-0.0204,11.0
2021-22,ENG1,wolverhampton wanderers,2021-08-14 14:00:00,16381,-0.1031,10.0
2021-22,ENG1,wolverhampton wanderers,2021-08-22 13:00:00,16393,-0.0821,10.0
2021-22,ENG1,wolverhampton wanderers,2021-08-29 15:30:00,16405,-0.0621,11.0
2021-22,ENG1,wolverhampton wanderers,2021-09-11 14:00:00,16412,-0.0626,10.0
2021-22,ENG1,wolverhampton wanderers,2021-09-18 11:30:00,16417,-0.0447,11.0
2021-22,ENG1,wolverhampton wanderers,2021-09-26 13:00:00,16433,-0.0655,11.0
2021-22,ENG1,wolverhampton wanderers,2021-10-02 14:00:00,16445,-0.019,9.0
2021-22,ENG1,wolverhampton wanderers,2021-10-16 14:00:00,16447,-0.0584,12.0
2021-22,ENG1,wolverhampton wanderers,2021-10-23 14:00:00,16462,-0.0209,11.0
2021-22,ENG1,wolverhampton wanderers,2021-11-01 20:00:00,16475,-0.0371,9.0
2021-22,ENG1,wolverhampton wanderers,2021-11-06 15:00:00,16480,-0.0534,11.0
2021-22,ENG1,wolverhampton wanderers,2021-11-20 15:00:00,16495,-0.0423,11.0
2021-22,ENG1,wolverhampton wanderers,2021-11-27 15:00:00,16505,-0.0536,11.0
2021-22,ENG1,wolverhampton wanderers,2021-12-01 19:30:00,16511,-0.0668,10.0
2021-22,ENG1,wolverhampton wanderers,2021-12-04 15:00:00,16525,-0.0984,10.0
2021-22,ENG1,wolverhampton wanderers,2021-12-11 12:30:00,16534,-0.103,11.0
2021-22,ENG1,wolverhampton wanderers,2021-12-15 19:30:00,16538,-0.0587,10.0
2021-22,ENG1,wolverhampton wanderers,2021-12-19 14:00:00,16555,-0.0626,11.0
2021-22,ENG1,wolverhampton wanderers,2022-01-03 17:30:00,16583,-0.0744,11.0
2021-22,ENG1,wolverhampton wanderers,2022-01-15 15:00:00,16595,-0.1351,9.0
2021-22,ENG1,wolverhampton wanderers,2022-01-22 15:00:00,16597,-0.09,10.0
2021-22,ENG1,wolverhampton wanderers,2022-02-10 19:45:00,16611,-0.1195,11.0
2021-22,ENG1,wolverhampton wanderers,2022-02-13 14:00:00,16624,-0.115,10.0
2021-22,ENG1,wolverhampton wanderers,2022-02-20 16:30:00,16635,-0.0874,11.0
2021-22,ENG1,wolverhampton wanderers,2022-02-24 19:45:00,16566,-0.0924,11.0
2021-22,ENG1,wolverhampton wanderers,2022-02-27 14:00:00,16645,-0.0601,11.0
2021-22,ENG1,wolverhampton wanderers,2022-03-05 15:00:00,16655,-0.0921,11.0
2021-22,ENG1,wolverhampton wanderers,2022-03-10 19:30:00,16565,-0.0893,11.0
2021-22,ENG1,wolverhampton wanderers,2022-03-13 14:00:00,16661,-0.0905,10.0
2021-22,ENG1,wolverhampton wanderers,2022-03-18 20:00:00,16675,-0.0841,10.0
2021-22,ENG1,wolverhampton wanderers,2022-04-02 14:00:00,16676,0.0115,10.0
2021-22,ENG1,wolverhampton wanderers,2022-04-08 19:00:00,16689,0.0491,7.0
2021-22,ENG1,wolverhampton wanderers,2022-04-24 13:00:00,16712,-0.0258,10.0
2021-22,ENG1,wolverhampton wanderers,2022-04-30 14:00:00,16716,-0.0752,12.0
2021-22,ENG1,wolverhampton wanderers,2022-05-07 14:00:00,16731,-0.1045,10.0
2021-22,ENG1,wolverhampton wanderers,2022-05-11 19:15:00,16696,0.0261,10.0
2021-22,ENG1,wolverhampton wanderers,2022-05-15 13:00:00,16736,-0.0511,10.0
2021-22,ENG1,wolverhampton wanderers,2022-05-22 15:00:00,16753,-0.1205,10.0
2021-22,ESP1,alaves,2021-08-14 20:00:00,17140,0.1106,11.0
2021-22,ESP1,alaves,2021-08-21 15:00:00,17147,0.0958,11.0
2021-22,ESP1,alaves,2021-08-27 20:15:00,17157,0.0806,11.0
2021-22,ESP1,alaves,2021-09-18 19:00:00,17176,0.0918,9.0
2021-22,ESP1,alaves,2021-09-22 17:30:00,17193,0.0023,10.0
2021-22,ESP1,alaves,2021-09-25 12:00:00,17197,-0.014,10.0
2021-22,ESP1,alaves,2021-10-01 19:00:00,17211,-0.0315,11.0
2021-22,ESP1,alaves,2021-10-18 17:00:00,17216,-0.0307,11.0
2021-22,ESP1,alaves,2021-10-23 14:15:00,17231,-0.0152,12.0
2021-22,ESP1,alaves,2021-10-26 17:00:00,17239,0.0074,12.0
2021-22,ESP1,alaves,2021-10-30 19:00:00,17252,0.0488,11.0
2021-22,ESP1,alaves,2021-11-06 17:30:00,17256,0.0321,12.0
2021-22,ESP1,alaves,2021-11-20 15:15:00,17273,0.0352,10.0
2021-22,ESP1,alaves,2021-11-27 13:00:00,17276,0.042,12.0
2021-22,ESP1,alaves,2021-12-03 20:00:00,17290,0.0513,11.0
2021-22,ESP1,alaves,2021-12-11 15:15:00,17296,0.0192,12.0
2021-22,ESP1,alaves,2021-12-18 13:00:00,17315,0.0117,11.0
2021-22,ESP1,alaves,2021-12-21 20:00:00,17175,-0.0,10.0
2021-22,ESP1,alaves,2022-01-02 17:30:00,17319,-0.0255,9.0
2021-22,ESP1,alaves,2022-01-09 17:30:00,17326,0.0004,9.0
2021-22,ESP1,alaves,2022-01-18 20:00:00,17339,0.0021,9.0
2021-22,ESP1,alaves,2022-01-23 20:00:00,17346,-0.0119,8.0
2021-22,ESP1,alaves,2022-02-05 13:00:00,17365,-0.0219,11.0
2021-22,ESP1,alaves,2022-02-13 13:00:00,17366,-0.0117,10.0
2021-22,ESP1,alaves,2022-02-19 20:00:00,17383,0.0164,13.0
2021-22,ESP1,alaves,2022-02-26 15:15:00,17389,-0.0167,11.0
2021-22,ESP1,alaves,2022-03-04 20:00:00,17396,0.0175,12.0
2021-22,ESP1,alaves,2022-03-13 17:30:00,17413,0.0654,12.0
2021-22,ESP1,alaves,2022-03-19 13:00:00,17416,0.0334,11.0
2021-22,ESP1,alaves,2022-04-02 19:00:00,17427,0.0666,12.0
2021-22,ESP1,alaves,2022-04-10 12:00:00,17440,0.0568,12.0
2021-22,ESP1,alaves,2022-04-16 14:15:00,17446,0.0816,13.0
2021-22,ESP1,alaves,2022-04-19 17:00:00,17459,0.0428,12.0
2021-22,ESP1,alaves,2022-04-30 12:00:00,17466,0.0098,11.0
2021-22,ESP1,alaves,2022-05-07 16:30:00,17479,0.0217,11.0
2021-22,ESP1,alaves,2022-05-11 17:00:00,17486,-0.0042,10.0
2021-22,ESP1,alaves,2022-05-15 17:30:00,17504,0.0495,13.0
2021-22,ESP1,alaves,2022-05-22 18:00:00,17506,0.0173,10.0
2021-22,ESP1,athletic club,2021-08-16 20:00:00,17145,0.0296,8.0
2021-22,ESP1,athletic club,2021-08-21 20:00:00,17150,-0.0352,9.0
2021-22,ESP1,athletic club,2021-08-28 15:00:00,17158,-0.0426,10.0
2021-22,ESP1,athletic club,2021-09-11 19:00:00,17166,0.0319,11.0
2021-22,ESP1,athletic club,2021-09-18 14:15:00,17177,0.019,10.0
2021-22,ESP1,athletic club,2021-09-21 20:00:00,17186,0.0695,13.0
2021-22,ESP1,athletic club,2021-09-25 14:15:00,17199,0.0745,8.0
2021-22,ESP1,athletic club,2021-10-01 19:00:00,17211,0.063,8.0
2021-22,ESP1,athletic club,2021-10-23 19:00:00,17226,0.078,9.0
2021-22,ESP1,athletic club,2021-10-26 19:00:00,17243,0.015,11.0
2021-22,ESP1,athletic club,2021-10-31 20:00:00,17250,0.1326,10.0
2021-22,ESP1,athletic club,2021-11-05 20:00:00,17257,0.0674,11.0
2021-22,ESP1,athletic club,2021-11-19 20:00:00,17271,0.0788,12.0
2021-22,ESP1,athletic club,2021-11-26 20:00:00,17277,0.0436,10.0
2021-22,ESP1,athletic club,2021-12-01 20:00:00,17222,0.0292,11.0
2021-22,ESP1,athletic club,2021-12-06 20:00:00,17289,0.0378,10.0
2021-22,ESP1,athletic club,2021-12-11 20:00:00,17297,0.0019,11.0
2021-22,ESP1,athletic club,2021-12-19 15:15:00,17306,0.039,11.0
2021-22,ESP1,athletic club,2021-12-22 20:30:00,17336,0.0585,10.0
2021-22,ESP1,athletic club,2022-01-03 20:00:00,17325,0.109,9.0
2021-22,ESP1,athletic club,2022-01-09 17:30:00,17326,0.1162,10.0
2021-22,ESP1,athletic club,2022-01-23 17:30:00,17354,0.038,10.0
2021-22,ESP1,athletic club,2022-02-07 20:00:00,17356,0.0561,12.0
2021-22,ESP1,athletic club,2022-02-14 20:00:00,17368,0.017,11.0
2021-22,ESP1,athletic club,2022-02-20 20:00:00,17376,0.0078,8.0
2021-22,ESP1,athletic club,2022-02-27 20:00:00,17387,0.0089,13.0
2021-22,ESP1,athletic club,2022-03-07 20:00:00,17397,0.0822,9.0
2021-22,ESP1,athletic club,2022-03-13 15:15:00,17408,0.1321,8.0
2021-22,ESP1,athletic club,2022-03-18 20:00:00,17417,0.0992,9.0
2021-22,ESP1,athletic club,2022-04-03 12:00:00,17426,0.1626,9.0
2021-22,ESP1,athletic club,2022-04-09 16:30:00,17444,0.186,10.0
2021-22,ESP1,athletic club,2022-04-17 16:30:00,17447,0.183,11.0
2021-22,ESP1,athletic club,2022-04-21 18:00:00,17460,0.105,9.0
2021-22,ESP1,athletic club,2022-04-30 19:00:00,17467,0.0605,10.0
2021-22,ESP1,athletic club,2022-05-07 14:15:00,17476,0.086,10.0
2021-22,ESP1,athletic club,2022-05-10 18:00:00,17488,0.1447,11.0
2021-22,ESP1,athletic club,2022-05-15 17:30:00,17496,0.0499,10.0
2021-22,ESP1,athletic club,2022-05-22 20:00:00,17512,0.0326,10.0
2021-22,ESP1,atletico madrid,2021-08-15 15:30:00,17141,-0.0461,12.0
2021-22,ESP1,atletico madrid,2021-08-22 17:30:00,17152,-0.0448,11.0
2021-22,ESP1,atletico madrid,2021-08-29 20:00:00,17165,-0.0401,12.0
2021-22,ESP1,atletico madrid,2021-09-12 12:00:00,17170,-0.0661,16.0
2021-22,ESP1,atletico madrid,2021-09-18 14:15:00,17177,-0.0526,15.0
2021-22,ESP1,atletico madrid,2021-09-21 17:30:00,17187,-0.0875,13.0
2021-22,ESP1,atletico madrid,2021-09-25 12:00:00,17197,-0.0858,16.0
2021-22,ESP1,atletico madrid,2021-10-02 19:00:00,17212,-0.0963,13.0
2021-22,ESP1,atletico madrid,2021-10-24 19:00:00,17235,-0.1139,16.0
2021-22,ESP1,atletico madrid,2021-10-28 19:30:00,17242,-0.1257,14.0
2021-22,ESP1,atletico madrid,2021-10-31 15:15:00,17251,-0.1527,11.0
2021-22,ESP1,atletico madrid,2021-11-07 15:15:00,17264,-0.0964,11.0
2021-22,ESP1,atletico madrid,2021-11-20 17:30:00,17266,-0.0831,15.0
2021-22,ESP1,atletico madrid,2021-11-28 17:30:00,17280,-0.0743,13.0
2021-22,ESP1,atletico madrid,2021-12-04 17:30:00,17286,0.0052,16.0
2021-22,ESP1,atletico madrid,2021-12-12 20:00:00,17303,0.0263,16.0
2021-22,ESP1,atletico madrid,2021-12-18 20:00:00,17311,0.013,14.0
2021-22,ESP1,atletico madrid,2021-12-22 20:00:00,17219,0.0403,14.0
2021-22,ESP1,atletico madrid,2022-01-02 15:15:00,17320,0.0393,11.0
2021-22,ESP1,atletico madrid,2022-01-09 20:00:00,17335,0.128,14.0
2021-22,ESP1,atletico madrid,2022-01-22 20:00:00,17347,0.0588,14.0
2021-22,ESP1,atletico madrid,2022-02-06 15:15:00,17357,0.0328,14.0
2021-22,ESP1,atletico madrid,2022-02-12 20:00:00,17367,0.038,11.0
2021-22,ESP1,atletico madrid,2022-02-16 18:00:00,17337,0.0543,14.0
2021-22,ESP1,atletico madrid,2022-02-19 15:15:00,17382,-0.018,11.0
2021-22,ESP1,atletico madrid,2022-02-26 20:00:00,17386,0.0164,14.0
2021-22,ESP1,atletico madrid,2022-03-06 20:00:00,17398,-0.0397,12.0
2021-22,ESP1,atletico madrid,2022-03-11 20:00:00,17406,-0.0234,12.0
2021-22,ESP1,atletico madrid,2022-03-19 20:00:00,17424,-0.0603,12.0
2021-22,ESP1,atletico madrid,2022-04-02 19:00:00,17427,-0.0161,13.0
2021-22,ESP1,atletico madrid,2022-04-09 14:15:00,17436,0.0563,15.0
2021-22,ESP1,atletico madrid,2022-04-17 14:15:00,17448,-0.0048,14.0
2021-22,ESP1,atletico madrid,2022-04-20 17:00:00,17456,0.0387,13.0
2021-22,ESP1,atletico madrid,2022-04-30 19:00:00,17467,0.0149,14.0
2021-22,ESP1,atletico madrid,2022-05-08 19:00:00,17477,0.0148,11.0
2021-22,ESP1,atletico madrid,2022-05-11 19:30:00,17495,0.033,11.0
2021-22,ESP1,atletico madrid,2022-05-15 17:30:00,17497,-0.0459,11.0
2021-22,ESP1,atletico madrid,2022-05-22 20:00:00,17511,-0.0384,11.0
2021-22,ESP1,barcelona,2021-08-15 18:00:00,17142,0.0073,12.0
2021-22,ESP1,barcelona,2021-08-21 20:00:00,17150,0.0308,12.0
2021-22,ESP1,barcelona,2021-08-29 15:00:00,17162,0.045,11.0
2021-22,ESP1,barcelona,2021-09-20 19:00:00,17178,0.0683,12.0
2021-22,ESP1,barcelona,2021-09-23 20:00:00,17191,0.0951,12.0
2021-22,ESP1,barcelona,2021-09-26 14:15:00,17196,0.0198,10.0
2021-22,ESP1,barcelona,2021-10-02 19:00:00,17212,0.0596,12.0
2021-22,ESP1,barcelona,2021-10-17 19:00:00,17217,0.0744,11.0
2021-22,ESP1,barcelona,2021-10-24 14:15:00,17234,0.037,12.0
2021-22,ESP1,barcelona,2021-10-27 17:00:00,17236,0.1172,11.0
2021-22,ESP1,barcelona,2021-10-30 19:00:00,17252,0.1089,12.0
2021-22,ESP1,barcelona,2021-11-06 15:15:00,17259,-0.0281,10.0
2021-22,ESP1,barcelona,2021-11-20 20:00:00,17267,-0.009,10.0
2021-22,ESP1,barcelona,2021-11-27 20:00:00,17285,-0.0137,10.0
2021-22,ESP1,barcelona,2021-12-04 15:15:00,17287,0.0622,11.0
2021-22,ESP1,barcelona,2021-12-12 15:15:00,17302,0.0384,10.0
2021-22,ESP1,barcelona,2021-12-18 17:30:00,17307,-0.0337,10.0
2021-22,ESP1,barcelona,2021-12-21 22:30:00,17174,-0.0302,10.0
2021-22,ESP1,barcelona,2022-01-02 20:00:00,17322,0.0468,10.0
2021-22,ESP1,barcelona,2022-01-08 17:30:00,17327,0.034,10.0
2021-22,ESP1,barcelona,2022-01-23 20:00:00,17346,0.0252,10.0
2021-22,ESP1,barcelona,2022-02-06 15:15:00,17357,-0.0207,12.0
2021-22,ESP1,barcelona,2022-02-13 20:00:00,17370,-0.0157,14.0
2021-22,ESP1,barcelona,2022-02-20 15:15:00,17384,0.0056,13.0
2021-22,ESP1,barcelona,2022-02-27 20:00:00,17387,-0.0167,13.0
2021-22,ESP1,barcelona,2022-03-06 15:15:00,17405,0.0492,13.0
2021-22,ESP1,barcelona,2022-03-13 20:00:00,17407,0.098,15.0
2021-22,ESP1,barcelona,2022-03-20 20:00:00,17422,0.1271,13.0
2021-22,ESP1,barcelona,2022-04-03 19:00:00,17428,0.2392,12.0
2021-22,ESP1,barcelona,2022-04-10 19:00:00,17439,0.2788,12.0
2021-22,ESP1,barcelona,2022-04-18 19:00:00,17449,0.2435,13.0
2021-22,ESP1,barcelona,2022-04-21 19:30:00,17464,0.1717,13.0
2021-22,ESP1,barcelona,2022-04-24 19:00:00,17338,0.1114,14.0
2021-22,ESP1,barcelona,2022-05-01 19:00:00,17468,0.0465,12.0
2021-22,ESP1,barcelona,2022-05-07 19:00:00,17478,-0.0159,12.0
2021-22,ESP1,barcelona,2022-05-10 19:30:00,17487,0.0259,12.0
2021-22,ESP1,barcelona,2022-05-15 17:30:00,17501,0.0392,10.0
2021-22,ESP1,barcelona,2022-05-22 20:00:00,17507,-0.0463,13.0
2021-22,ESP1,cadiz,2021-08-14 17:30:00,17139,0.0517,10.0
2021-22,ESP1,cadiz,2021-08-20 19:00:00,17146,0.0107,10.0
2021-22,ESP1,cadiz,2021-08-29 17:30:00,17163,0.0371,13.0
2021-22,ESP1,cadiz,2021-09-12 16:30:00,17168,0.0526,12.0
2021-22,ESP1,cadiz,2021-09-17 19:00:00,17180,-0.0058,11.0
2021-22,ESP1,cadiz,2021-09-23 20:00:00,17191,-0.0397,12.0
2021-22,ESP1,cadiz,2021-09-26 16:30:00,17198,-0.0243,13.0
2021-22,ESP1,cadiz,2021-10-02 16:30:00,17215,0.0358,11.0
2021-22,ESP1,cadiz,2021-10-18 19:00:00,17220,-0.0336,14.0
2021-22,ESP1,cadiz,2021-10-23 14:15:00,17231,-0.0136,13.0
2021-22,ESP1,cadiz,2021-10-26 19:30:00,17238,-0.0001,14.0
2021-22,ESP1,cadiz,2021-10-31 13:00:00,17254,0.0401,15.0
2021-22,ESP1,cadiz,2021-11-05 20:00:00,17257,0.0423,13.0
2021-22,ESP1,cadiz,2021-11-21 13:00:00,17269,0.0487,14.0
2021-22,ESP1,cadiz,2021-11-28 17:30:00,17280,0.0134,12.0
2021-22,ESP1,cadiz,2021-12-05 15:15:00,17294,0.0156,13.0
2021-22,ESP1,cadiz,2021-12-13 20:00:00,17300,0.0283,13.0
2021-22,ESP1,cadiz,2021-12-19 20:00:00,17313,0.0384,12.0
2021-22,ESP1,cadiz,2022-01-03 20:15:00,17324,0.0109,14.0
2021-22,ESP1,cadiz,2022-01-09 17:30:00,17330,-0.0154,14.0
2021-22,ESP1,cadiz,2022-01-18 18:00:00,17343,-0.0016,14.0
2021-22,ESP1,cadiz,2022-01-22 13:00:00,17350,-0.0389,13.0
2021-22,ESP1,cadiz,2022-02-05 15:15:00,17360,-0.0479,12.0
2021-22,ESP1,cadiz,2022-02-12 13:00:00,17369,-0.0392,12.0
2021-22,ESP1,cadiz,2022-02-19 17:30:00,17379,-0.0145,12.0
2021-22,ESP1,cadiz,2022-02-28 20:00:00,17390,-0.0297,14.0
2021-22,ESP1,cadiz,2022-03-06 13:00:00,17400,0.0083,13.0
2021-22,ESP1,cadiz,2022-03-11 20:00:00,17406,-0.0084,13.0
2021-22,ESP1,cadiz,2022-03-20 15:15:00,17419,0.0148,14.0
2021-22,ESP1,cadiz,2022-04-03 16:30:00,17435,0.0251,12.0
2021-22,ESP1,cadiz,2022-04-09 12:00:00,17437,0.0041,12.0
2021-22,ESP1,cadiz,2022-04-18 19:00:00,17449,0.0169,13.0
2021-22,ESP1,cadiz,2022-04-21 18:00:00,17460,0.0276,16.0
2021-22,ESP1,cadiz,2022-04-29 19:00:00,17472,0.1899,13.0
2021-22,ESP1,cadiz,2022-05-07 16:30:00,17482,0.1395,14.0
2021-22,ESP1,cadiz,2022-05-12 17:00:00,17491,0.1077,16.0
2021-22,ESP1,cadiz,2022-05-15 17:30:00,17502,0.1831,13.0
2021-22,ESP1,cadiz,2022-05-22 18:00:00,17506,0.2172,14.0
2021-22,ESP1,celta vigo,2021-08-15 15:30:00,17141,0.0184,11.0
2021-22,ESP1,celta vigo,2021-08-23 20:00:00,17155,0.012,12.0
2021-22,ESP1,celta vigo,2021-08-28 15:00:00,17158,-0.0214,14.0
2021-22,ESP1,celta vigo,2021-09-12 19:00:00,17173,-0.0457,14.0
2021-22,ESP1,celta vigo,2021-09-17 19:00:00,17180,0.0097,13.0
2021-22,ESP1,celta vigo,2021-09-21 20:00:00,17194,-0.0197,14.0
2021-22,ESP1,celta vigo,2021-09-27 19:00:00,17204,-0.0219,14.0
2021-22,ESP1,celta vigo,2021-10-03 12:00:00,17210,-0.0273,15.0
2021-22,ESP1,celta vigo,2021-10-17 14:15:00,17218,-0.0211,12.0
2021-22,ESP1,celta vigo,2021-10-25 19:00:00,17232,-0.01,14.0
2021-22,ESP1,celta vigo,2021-10-28 17:00:00,17240,-0.0053,15.0
2021-22,ESP1,celta vigo,2021-11-01 17:30:00,17248,0.0412,12.0
2021-22,ESP1,celta vigo,2021-11-06 15:15:00,17259,0.0269,14.0
2021-22,ESP1,celta vigo,2021-11-20 13:00:00,17268,0.0087,13.0
2021-22,ESP1,celta vigo,2021-11-27 13:00:00,17276,-0.0042,14.0
2021-22,ESP1,celta vigo,2021-12-05 20:00:00,17288,-0.0066,14.0
2021-22,ESP1,celta vigo,2021-12-10 20:00:00,17299,-0.0227,12.0
2021-22,ESP1,celta vigo,2021-12-17 20:00:00,17308,-0.0086,12.0
2021-22,ESP1,celta vigo,2022-01-02 17:30:00,17321,0.0002,11.0
2021-22,ESP1,celta vigo,2022-01-08 15:15:00,17332,0.0327,12.0
2021-22,ESP1,celta vigo,2022-01-19 18:00:00,17340,0.0032,16.0
2021-22,ESP1,celta vigo,2022-01-22 17:30:00,17353,0.0248,15.0
2021-22,ESP1,celta vigo,2022-02-05 17:30:00,17359,-0.0149,11.0
2021-22,ESP1,celta vigo,2022-02-12 13:00:00,17369,-0.0203,14.0
2021-22,ESP1,celta vigo,2022-02-21 20:00:00,17378,-0.0501,13.0
2021-22,ESP1,celta vigo,2022-02-26 20:00:00,17386,-0.0626,13.0
2021-22,ESP1,celta vigo,2022-03-06 17:30:00,17399,-0.0646,14.0
2021-22,ESP1,celta vigo,2022-03-12 17:30:00,17415,-0.0309,12.0
2021-22,ESP1,celta vigo,2022-03-20 15:15:00,17418,-0.0208,13.0
2021-22,ESP1,celta vigo,2022-04-02 16:30:00,17430,-0.0201,13.0
2021-22,ESP1,celta vigo,2022-04-10 14:15:00,17438,-0.0192,12.0
2021-22,ESP1,celta vigo,2022-04-17 16:30:00,17447,-0.0351,13.0
2021-22,ESP1,celta vigo,2022-04-20 18:00:00,17458,-0.0245,13.0
2021-22,ESP1,celta vigo,2022-05-01 14:15:00,17470,-0.08,14.0
2021-22,ESP1,celta vigo,2022-05-07 16:30:00,17479,-0.0109,14.0
2021-22,ESP1,celta vigo,2022-05-10 19:30:00,17487,0.0074,12.0
2021-22,ESP1,celta vigo,2022-05-15 17:30:00,17499,0.0209,13.0
2021-22,ESP1,celta vigo,2022-05-21 15:30:00,17513,0.0752,13.0
2021-22,ESP1,elche,2021-08-16 20:00:00,17145,0.0595,12.0
2021-22,ESP1,elche,2021-08-22 17:30:00,17152,0.0722,10.0
2021-22,ESP1,elche,2021-08-28 17:30:00,17160,0.037,14.0
2021-22,ESP1,elche,2021-09-13 18:00:00,17167,0.0345,14.0
2021-22,ESP1,elche,2021-09-18 16:30:00,17185,0.0696,14.0
2021-22,ESP1,elche,2021-09-22 20:00:00,17188,0.0825,13.0
2021-22,ESP1,elche,2021-09-26 16:30:00,17201,0.0144,15.0
2021-22,ESP1,elche,2021-10-03 12:00:00,17210,0.0089,14.0
2021-22,ESP1,elche,2021-10-17 12:00:00,17224,-0.0037,16.0
2021-22,ESP1,elche,2021-10-23 16:30:00,17227,-0.0191,14.0
2021-22,ESP1,elche,2021-10-26 17:00:00,17239,-0.0235,16.0
2021-22,ESP1,elche,2021-10-30 12:00:00,17246,-0.044,13.0
2021-22,ESP1,elche,2021-11-07 17:30:00,17260,-0.0444,14.0
2021-22,ESP1,elche,2021-11-21 17:30:00,17275,-0.0488,16.0
2021-22,ESP1,elche,2021-11-29 20:00:00,17282,-0.0473,13.0
2021-22,ESP1,elche,2021-12-05 15:15:00,17294,-0.0373,14.0
2021-22,ESP1,elche,2021-12-11 17:30:00,17304,-0.0036,15.0
2021-22,ESP1,elche,2021-12-18 17:30:00,17307,0.028,15.0
2021-22,ESP1,elche,2022-01-02 15:15:00,17316,0.0452,14.0
2021-22,ESP1,elche,2022-01-10 20:00:00,17328,0.0508,13.0
2021-22,ESP1,elche,2022-01-16 18:00:00,17345,0.0448,13.0
2021-22,ESP1,elche,2022-01-23 15:15:00,17351,0.0585,12.0
2021-22,ESP1,elche,2022-02-05 13:00:00,17365,0.0522,12.0
2021-22,ESP1,elche,2022-02-11 20:00:00,17373,0.0459,16.0
2021-22,ESP1,elche,2022-02-18 20:00:00,17385,0.0084,14.0
2021-22,ESP1,elche,2022-02-25 20:00:00,17391,0.0117,15.0
2021-22,ESP1,elche,2022-03-06 15:15:00,17405,0.0736,15.0
2021-22,ESP1,elche,2022-03-12 15:15:00,17411,0.1654,14.0
2021-22,ESP1,elche,2022-03-19 15:15:00,17425,0.1356,15.0
2021-22,ESP1,elche,2022-04-03 12:00:00,17426,0.1047,16.0
2021-22,ESP1,elche,2022-04-10 16:30:00,17445,0.0533,15.0
2021-22,ESP1,elche,2022-04-16 12:00:00,17455,0.0747,15.0
2021-22,ESP1,elche,2022-04-19 19:00:00,17457,0.0541,15.0
2021-22,ESP1,elche,2022-05-01 12:00:00,17475,0.0478,16.0
2021-22,ESP1,elche,2022-05-07 16:30:00,17482,0.0313,13.0
2021-22,ESP1,elche,2022-05-11 19:30:00,17495,0.0088,16.0
2021-22,ESP1,elche,2022-05-15 17:30:00,17499,-0.0011,14.0
2021-22,ESP1,elche,2022-05-22 15:30:00,17515,-0.0196,16.0
2021-22,ESP1,espanyol,2021-08-14 20:00:00,17137,-0.0539,1.0
2021-22,ESP1,espanyol,2021-08-21 17:30:00,17149,-0.0539,1.0
2021-22,ESP1,espanyol,2021-08-27 18:00:00,17156,-0.0124,10.0
2021-22,ESP1,espanyol,2021-09-12 12:00:00,17170,-0.0392,9.0
2021-22,ESP1,espanyol,2021-09-19 16:30:00,17179,-0.0726,11.0
2021-22,ESP1,espanyol,2021-09-22 17:30:00,17193,-0.0597,11.0
2021-22,ESP1,espanyol,2021-09-25 16:30:00,17200,-0.0029,11.0
2021-22,ESP1,espanyol,2021-10-03 14:15:00,17207,-0.025,11.0
2021-22,ESP1,espanyol,2021-10-18 19:00:00,17220,-0.0552,10.0
2021-22,ESP1,espanyol,2021-10-23 16:30:00,17227,-0.004,12.0
2021-22,ESP1,espanyol,2021-10-26 19:00:00,17243,0.0165,11.0
2021-22,ESP1,espanyol,2021-10-31 17:30:00,17253,-0.0397,12.0
2021-22,ESP1,espanyol,2021-11-06 13:00:00,17261,0.014,11.0
2021-22,ESP1,espanyol,2021-11-20 20:00:00,17267,0.0233,12.0
2021-22,ESP1,espanyol,2021-11-28 15:15:00,17281,0.0303,11.0
2021-22,ESP1,espanyol,2021-12-05 13:00:00,17293,0.0019,11.0
2021-22,ESP1,espanyol,2021-12-11 13:00:00,17301,-0.014,10.0
2021-22,ESP1,espanyol,2021-12-17 20:00:00,17308,0.013,11.0
2021-22,ESP1,espanyol,2021-12-31 15:15:00,17317,-0.0111,12.0
2021-22,ESP1,espanyol,2022-01-10 20:00:00,17328,0.0547,10.0
2021-22,ESP1,espanyol,2022-01-18 18:00:00,17343,0.0393,10.0
2021-22,ESP1,espanyol,2022-01-21 20:00:00,17349,0.0779,13.0
2021-22,ESP1,espanyol,2022-02-07 20:00:00,17356,0.1219,13.0
2021-22,ESP1,espanyol,2022-02-13 20:00:00,17370,0.0365,11.0
2021-22,ESP1,espanyol,2022-02-20 13:00:00,17381,0.0543,12.0
2021-22,ESP1,espanyol,2022-02-27 13:00:00,17395,0.0854,13.0
2021-22,ESP1,espanyol,2022-03-05 15:15:00,17401,0.0188,11.0
2021-22,ESP1,espanyol,2022-03-12 13:00:00,17412,-0.0166,12.0
2021-22,ESP1,espanyol,2022-03-20 13:00:00,17420,-0.0298,11.0
2021-22,ESP1,espanyol,2022-04-04 19:00:00,17434,-0.0273,13.0
2021-22,ESP1,espanyol,2022-04-10 14:15:00,17438,-0.0153,12.0
2021-22,ESP1,espanyol,2022-04-17 14:15:00,17448,-0.0182,13.0
2021-22,ESP1,espanyol,2022-04-21 17:00:00,17461,-0.0145,11.0
2021-22,ESP1,espanyol,2022-04-30 14:15:00,17471,0.0134,14.0
2021-22,ESP1,espanyol,2022-05-08 16:30:00,17483,0.0779,12.0
2021-22,ESP1,espanyol,2022-05-11 17:00:00,17486,0.0363,14.0
2021-22,ESP1,espanyol,2022-05-15 17:30:00,17503,-0.0021,10.0
2021-22,ESP1,espanyol,2022-05-22 18:00:00,17508,-0.0087,11.0
2021-22,ESP1,getafe,2021-08-13 19:00:00,17136,-0.0424,12.0
2021-22,ESP1,getafe,2021-08-23 18:00:00,17154,-0.0561,10.0
2021-22,ESP1,getafe,2021-08-29 15:00:00,17162,-0.0688,11.0
2021-22,ESP1,getafe,2021-09-13 18:00:00,17167,-0.0729,12.0
2021-22,ESP1,getafe,2021-09-18 12:00:00,17184,-0.0743,9.0
2021-22,ESP1,getafe,2021-09-21 17:30:00,17187,-0.0826,9.0
2021-22,ESP1,getafe,2021-09-26 19:00:00,17205,-0.0798,12.0
2021-22,ESP1,getafe,2021-10-03 16:30:00,17214,-0.0889,12.0
2021-22,ESP1,getafe,2021-10-16 16:30:00,17221,-0.0727,12.0
2021-22,ESP1,getafe,2021-10-25 19:00:00,17232,-0.0693,13.0
2021-22,ESP1,getafe,2021-10-28 18:00:00,17244,-0.0712,12.0
2021-22,ESP1,getafe,2021-10-31 17:30:00,17253,-0.0937,10.0
2021-22,ESP1,getafe,2021-11-07 13:00:00,17265,-0.0885,10.0
2021-22,ESP1,getafe,2021-11-21 13:00:00,17269,-0.0578,12.0
2021-22,ESP1,getafe,2021-11-27 17:30:00,17279,-0.0302,12.0
2021-22,ESP1,getafe,2021-12-06 20:00:00,17289,-0.0355,11.0
2021-22,ESP1,getafe,2021-12-11 15:15:00,17296,-0.0199,12.0
2021-22,ESP1,getafe,2021-12-19 17:30:00,17310,-0.0323,11.0
2021-22,ESP1,getafe,2022-01-02 13:00:00,17323,-0.0066,13.0
2021-22,ESP1,getafe,2022-01-09 15:15:00,17333,-0.019,12.0
2021-22,ESP1,getafe,2022-01-20 18:00:00,17342,-0.036,11.0
2021-22,ESP1,getafe,2022-01-23 17:30:00,17352,-0.0099,9.0
2021-22,ESP1,getafe,2022-02-04 20:00:00,17361,-0.0642,12.0
2021-22,ESP1,getafe,2022-02-12 20:00:00,17367,-0.0718,10.0
2021-22,ESP1,getafe,2022-02-19 17:30:00,17379,-0.0312,12.0
2021-22,ESP1,getafe,2022-02-26 15:15:00,17389,-0.0156,11.0
2021-22,ESP1,getafe,2022-03-05 15:15:00,17401,0.0223,9.0
2021-22,ESP1,getafe,2022-03-12 20:00:00,17410,0.0036,11.0
2021-22,ESP1,getafe,2022-03-18 20:00:00,17417,0.0346,10.0
2021-22,ESP1,getafe,2022-04-02 12:00:00,17431,0.0086,11.0
2021-22,ESP1,getafe,2022-04-09 19:00:00,17441,0.0472,12.0
2021-22,ESP1,getafe,2022-04-16 19:00:00,17450,-0.022,13.0
2021-22,ESP1,getafe,2022-04-20 18:00:00,17458,-0.0259,9.0
2021-22,ESP1,getafe,2022-05-02 19:00:00,17469,-0.005,11.0
2021-22,ESP1,getafe,2022-05-08 12:00:00,17481,-0.0134,11.0
2021-22,ESP1,getafe,2022-05-11 17:00:00,17489,-0.0223,9.0
2021-22,ESP1,getafe,2022-05-15 17:30:00,17501,-0.0356,12.0
2021-22,ESP1,getafe,2022-05-22 15:30:00,17515,-0.0562,11.0
2021-22,ESP1,granada,2021-08-16 18:00:00,17144,0.0665,10.0
2021-22,ESP1,granada,2021-08-21 17:30:00,17148,-0.01,11.0
2021-22,ESP1,granada,2021-08-29 17:30:00,17164,-0.0444,11.0
2021-22,ESP1,granada,2021-09-13 20:00:00,17169,-0.0302,10.0
2021-22,ESP1,granada,2021-09-20 19:00:00,17178,-0.0449,12.0
2021-22,ESP1,granada,2021-09-23 17:30:00,17192,-0.0327,14.0
2021-22,ESP1,granada,2021-09-27 19:00:00,17204,-0.0382,14.0
2021-22,ESP1,granada,2021-10-03 19:00:00,17206,-0.0164,13.0
2021-22,ESP1,granada,2021-10-22 19:00:00,17230,-0.0402,14.0
2021-22,ESP1,granada,2021-10-28 18:00:00,17244,-0.0271,12.0
2021-22,ESP1,granada,2021-11-01 20:00:00,17255,-0.0081,14.0
2021-22,ESP1,granada,2021-11-06 13:00:00,17261,0.0057,14.0
2021-22,ESP1,granada,2021-11-21 15:15:00,17270,0.0152,13.0
2021-22,ESP1,granada,2021-11-26 20:00:00,17277,0.0392,11.0
2021-22,ESP1,granada,2021-12-03 20:00:00,17290,0.0104,12.0
2021-22,ESP1,granada,2021-12-13 20:00:00,17300,0.0047,13.0
2021-22,ESP1,granada,2021-12-19 13:00:00,17309,-0.0029,12.0
2021-22,ESP1,granada,2021-12-22 20:00:00,17219,0.0316,13.0
2021-22,ESP1,granada,2022-01-02 15:15:00,17316,0.0414,12.0
2021-22,ESP1,granada,2022-01-08 17:30:00,17327,0.0349,12.0
2021-22,ESP1,granada,2022-01-20 18:00:00,17342,0.0324,13.0
2021-22,ESP1,granada,2022-01-23 13:00:00,17348,0.0283,13.0
2021-22,ESP1,granada,2022-02-06 20:00:00,17363,-0.0193,11.0
2021-22,ESP1,granada,2022-02-13 17:30:00,17372,-0.0102,12.0
2021-22,ESP1,granada,2022-02-19 13:00:00,17380,-0.0224,13.0
2021-22,ESP1,granada,2022-02-28 20:00:00,17390,-0.0146,14.0
2021-22,ESP1,granada,2022-03-05 17:30:00,17404,-0.0332,14.0
2021-22,ESP1,granada,2022-03-12 15:15:00,17411,-0.0513,16.0
2021-22,ESP1,granada,2022-03-19 13:00:00,17416,-0.0163,14.0
2021-22,ESP1,granada,2022-04-03 16:30:00,17432,0.1292,13.0
2021-22,ESP1,granada,2022-04-08 19:00:00,17442,0.1138,13.0
2021-22,ESP1,granada,2022-04-17 12:00:00,17451,0.0551,13.0
2021-22,ESP1,granada,2022-04-20 17:00:00,17456,0.0986,13.0
2021-22,ESP1,granada,2022-05-01 14:15:00,17470,0.0241,12.0
2021-22,ESP1,granada,2022-05-07 12:00:00,17480,0.0383,16.0
2021-22,ESP1,granada,2022-05-10 18:00:00,17488,0.1018,13.0
2021-22,ESP1,granada,2022-05-15 17:30:00,17498,0.0076,14.0
2021-22,ESP1,granada,2022-05-22 18:00:00,17508,0.0469,12.0
2021-22,ESP1,levante,2021-08-14 17:30:00,17139,0.0484,11.0
2021-22,ESP1,levante,2021-08-22 20:00:00,17153,-0.0138,11.0
2021-22,ESP1,levante,2021-08-28 17:30:00,17159,-0.0034,10.0
2021-22,ESP1,levante,2021-09-11 16:30:00,17171,0.0232,12.0
2021-22,ESP1,levante,2021-09-18 16:30:00,17185,-0.0271,9.0
2021-22,ESP1,levante,2021-09-21 20:00:00,17194,-0.0186,10.0
2021-22,ESP1,levante,2021-09-26 14:15:00,17196,-0.0195,12.0
2021-22,ESP1,levante,2021-10-02 14:15:00,17213,0.0219,8.0
2021-22,ESP1,levante,2021-10-16 16:30:00,17221,0.0431,11.0
2021-22,ESP1,levante,2021-10-24 12:00:00,17229,0.0123,15.0
2021-22,ESP1,levante,2021-10-28 19:30:00,17242,0.0098,12.0
2021-22,ESP1,levante,2021-11-01 20:00:00,17255,0.0724,13.0
2021-22,ESP1,levante,2021-11-06 17:30:00,17256,0.0919,11.0
2021-22,ESP1,levante,2021-11-19 20:00:00,17271,0.0833,11.0
2021-22,ESP1,levante,2021-11-28 13:00:00,17278,0.0638,9.0
2021-22,ESP1,levante,2021-12-05 17:30:00,17291,0.0522,10.0
2021-22,ESP1,levante,2021-12-11 13:00:00,17301,0.0826,10.0
2021-22,ESP1,levante,2021-12-20 20:00:00,17314,0.0197,9.0
2021-22,ESP1,levante,2022-01-03 18:00:00,17318,0.0838,14.0
2021-22,ESP1,levante,2022-01-08 13:00:00,17329,0.0595,11.0
2021-22,ESP1,levante,2022-01-22 13:00:00,17350,0.064,9.0
2021-22,ESP1,levante,2022-02-04 20:00:00,17361,0.0684,12.0
2021-22,ESP1,levante,2022-02-13 15:15:00,17371,0.0505,11.0
2021-22,ESP1,levante,2022-02-16 18:00:00,17337,0.096,10.0
2021-22,ESP1,levante,2022-02-21 20:00:00,17378,0.016,10.0
2021-22,ESP1,levante,2022-02-25 20:00:00,17391,0.0348,9.0
2021-22,ESP1,levante,2022-03-07 20:00:00,17397,0.1256,9.0
2021-22,ESP1,levante,2022-03-12 13:00:00,17412,0.1044,12.0
2021-22,ESP1,levante,2022-03-19 17:30:00,17421,0.0489,9.0
2021-22,ESP1,levante,2022-04-02 14:15:00,17433,0.0092,11.0
2021-22,ESP1,levante,2022-04-10 19:00:00,17439,0.0163,10.0
2021-22,ESP1,levante,2022-04-17 12:00:00,17451,0.113,11.0
2021-22,ESP1,levante,2022-04-21 17:00:00,17462,0.1136,11.0
2021-22,ESP1,levante,2022-04-30 16:30:00,17473,0.104,11.0
2021-22,ESP1,levante,2022-05-06 19:00:00,17484,0.038,11.0
2021-22,ESP1,levante,2022-05-12 19:30:00,17490,0.1243,11.0
2021-22,ESP1,levante,2022-05-15 17:30:00,17504,0.0902,10.0
2021-22,ESP1,levante,2022-05-20 19:00:00,17514,0.1032,9.0
2021-22,ESP1,mallorca,2021-08-14 17:30:00,17138,-0.0226,2.0
2021-22,ESP1,mallorca,2021-08-21 15:00:00,17147,-0.007,4.0
2021-22,ESP1,mallorca,2021-08-27 18:00:00,17156,0.0829,11.0
2021-22,ESP1,mallorca,2021-09-11 19:00:00,17166,0.0447,12.0
2021-22,ESP1,mallorca,2021-09-19 12:00:00,17181,0.0381,11.0
2021-22,ESP1,mallorca,2021-09-22 20:00:00,17190,-0.0364,13.0
2021-22,ESP1,mallorca,2021-09-26 12:00:00,17203,0.0343,10.0
2021-22,ESP1,mallorca,2021-10-02 14:15:00,17213,0.0225,10.0
2021-22,ESP1,mallorca,2021-10-16 19:00:00,17223,0.0137,12.0
2021-22,ESP1,mallorca,2021-10-23 12:00:00,17228,0.0069,12.0
2021-22,ESP1,mallorca,2021-10-27 17:00:00,17245,0.019,12.0
2021-22,ESP1,mallorca,2021-10-31 13:00:00,17254,0.0565,11.0
2021-22,ESP1,mallorca,2021-11-07 17:30:00,17260,0.0478,13.0
2021-22,ESP1,mallorca,2021-11-22 20:00:00,17274,0.0057,13.0
2021-22,ESP1,mallorca,2021-11-27 17:30:00,17279,0.01,12.0
2021-22,ESP1,mallorca,2021-12-04 17:30:00,17286,0.0349,13.0
2021-22,ESP1,mallorca,2021-12-10 20:00:00,17299,0.0245,12.0
2021-22,ESP1,mallorca,2021-12-19 13:00:00,17309,0.0485,12.0
2021-22,ESP1,mallorca,2022-01-02 20:00:00,17322,0.0078,13.0
2021-22,ESP1,mallorca,2022-01-08 13:00:00,17329,0.0788,11.0
2021-22,ESP1,mallorca,2022-01-22 15:15:00,17355,0.0467,13.0
2021-22,ESP1,mallorca,2022-02-05 15:15:00,17360,0.1644,7.0
2021-22,ESP1,mallorca,2022-02-14 20:00:00,17368,0.1706,9.0
2021-22,ESP1,mallorca,2022-02-20 17:30:00,17377,0.1125,13.0
2021-22,ESP1,mallorca,2022-02-26 13:00:00,17388,0.0861,11.0
2021-22,ESP1,mallorca,2022-03-02 20:00:00,17341,0.1139,11.0
2021-22,ESP1,mallorca,2022-03-06 17:30:00,17399,0.0536,13.0
2021-22,ESP1,mallorca,2022-03-14 20:00:00,17409,0.0477,12.0
2021-22,ESP1,mallorca,2022-03-20 13:00:00,17420,0.0445,12.0
2021-22,ESP1,mallorca,2022-04-02 12:00:00,17431,0.0994,11.0
2021-22,ESP1,mallorca,2022-04-09 14:15:00,17436,0.0185,11.0
2021-22,ESP1,mallorca,2022-04-16 12:00:00,17455,0.0093,13.0
2021-22,ESP1,mallorca,2022-04-19 17:00:00,17459,0.0386,13.0
2021-22,ESP1,mallorca,2022-05-01 19:00:00,17468,0.012,12.0
2021-22,ESP1,mallorca,2022-05-07 12:00:00,17480,0.0137,12.0
2021-22,ESP1,mallorca,2022-05-11 18:30:00,17492,0.0255,11.0
2021-22,ESP1,mallorca,2022-05-15 17:30:00,17500,0.0331,12.0
2021-22,ESP1,mallorca,2022-05-22 18:00:00,17509,0.0353,11.0
2021-22,ESP1,osasuna,2021-08-14 20:00:00,17137,-0.0312,12.0
2021-22,ESP1,osasuna,2021-08-23 20:00:00,17155,-0.0426,12.0
2021-22,ESP1,osasuna,2021-08-29 17:30:00,17163,0.0059,10.0
2021-22,ESP1,osasuna,2021-09-12 14:15:00,17172,0.053,10.0
2021-22,ESP1,osasuna,2021-09-18 19:00:00,17176,0.156,9.0
2021-22,ESP1,osasuna,2021-09-23 17:30:00,17195,0.1165,10.0
2021-22,ESP1,osasuna,2021-09-26 12:00:00,17203,-0.0018,11.0
2021-22,ESP1,osasuna,2021-10-02 12:00:00,17208,0.1027,11.0
2021-22,ESP1,osasuna,2021-10-17 16:30:00,17225,-0.0343,9.0
2021-22,ESP1,osasuna,2021-10-22 19:00:00,17230,0.1005,11.0
2021-22,ESP1,osasuna,2021-10-27 19:30:00,17237,-0.0397,10.0
2021-22,ESP1,osasuna,2021-10-30 14:15:00,17249,0.0738,12.0
2021-22,ESP1,osasuna,2021-11-07 17:30:00,17262,-0.0419,10.0
2021-22,ESP1,osasuna,2021-11-20 17:30:00,17266,-0.0404,10.0
2021-22,ESP1,osasuna,2021-11-29 20:00:00,17282,-0.049,12.0
2021-22,ESP1,osasuna,2021-12-05 17:30:00,17291,-0.0368,12.0
2021-22,ESP1,osasuna,2021-12-12 15:15:00,17302,-0.0358,13.0
2021-22,ESP1,osasuna,2021-12-19 17:30:00,17310,-0.0665,9.0
2021-22,ESP1,osasuna,2022-01-03 20:00:00,17325,-0.0447,13.0
2021-22,ESP1,osasuna,2022-01-09 17:30:00,17330,-0.0487,10.0
2021-22,ESP1,osasuna,2022-01-19 18:00:00,17340,0.0259,11.0
2021-22,ESP1,osasuna,2022-01-23 13:00:00,17348,-0.0254,10.0
2021-22,ESP1,osasuna,2022-02-05 20:00:00,17362,-0.0069,11.0
2021-22,ESP1,osasuna,2022-02-12 17:30:00,17374,-0.0043,9.0
2021-22,ESP1,osasuna,2022-02-19 15:15:00,17382,0.0536,12.0
2021-22,ESP1,osasuna,2022-02-27 17:30:00,17392,0.0575,11.0
2021-22,ESP1,osasuna,2022-03-05 13:00:00,17402,0.0013,10.0
2021-22,ESP1,osasuna,2022-03-13 20:00:00,17407,0.0331,14.0
2021-22,ESP1,osasuna,2022-03-19 17:30:00,17421,-0.0105,12.0
2021-22,ESP1,osasuna,2022-04-03 14:15:00,17429,0.0296,12.0
2021-22,ESP1,osasuna,2022-04-10 12:00:00,17440,0.0107,12.0
2021-22,ESP1,osasuna,2022-04-16 16:30:00,17454,0.0225,12.0
2021-22,ESP1,osasuna,2022-04-20 19:30:00,17463,0.0409,12.0
2021-22,ESP1,osasuna,2022-05-01 12:00:00,17475,0.0014,10.0
2021-22,ESP1,osasuna,2022-05-08 16:30:00,17483,0.0111,11.0
2021-22,ESP1,osasuna,2022-05-11 17:00:00,17489,0.0039,11.0
2021-22,ESP1,osasuna,2022-05-15 17:30:00,17496,0.0358,11.0
2021-22,ESP1,osasuna,2022-05-22 18:00:00,17509,0.0076,14.0
2021-22,ESP1,rayo vallecano,2021-08-15 20:15:00,17143,0.5139,1.0
2021-22,ESP1,rayo vallecano,2021-08-22 15:00:00,17151,0.6769,1.0
2021-22,ESP1,rayo vallecano,2021-08-29 17:30:00,17164,0.0454,10.0
2021-22,ESP1,rayo vallecano,2021-09-11 16:30:00,17171,0.0237,13.0
2021-22,ESP1,rayo vallecano,2021-09-18 12:00:00,17184,0.1452,10.0
2021-22,ESP1,rayo vallecano,2021-09-21 20:00:00,17186,0.0996,11.0
2021-22,ESP1,rayo vallecano,2021-09-26 16:30:00,17198,0.0426,10.0
2021-22,ESP1,rayo vallecano,2021-10-02 12:00:00,17208,0.1063,10.0
2021-22,ESP1,rayo vallecano,2021-10-17 12:00:00,17224,0.1054,10.0
2021-22,ESP1,rayo vallecano,2021-10-24 16:30:00,17233,0.0906,8.0
2021-22,ESP1,rayo vallecano,2021-10-27 17:00:00,17236,0.0392,10.0
2021-22,ESP1,rayo vallecano,2021-11-01 17:30:00,17248,0.0727,10.0
2021-22,ESP1,rayo vallecano,2021-11-06 20:00:00,17263,0.0737,10.0
2021-22,ESP1,rayo vallecano,2021-11-22 20:00:00,17274,0.1226,10.0
2021-22,ESP1,rayo vallecano,2021-11-27 15:15:00,17284,0.1075,8.0
2021-22,ESP1,rayo vallecano,2021-12-05 13:00:00,17293,0.1281,10.0
2021-22,ESP1,rayo vallecano,2021-12-12 13:00:00,17305,0.0685,11.0
2021-22,ESP1,rayo vallecano,2021-12-18 13:00:00,17315,0.0829,11.0
2021-22,ESP1,rayo vallecano,2022-01-02 15:15:00,17320,0.0733,11.0
2021-22,ESP1,rayo vallecano,2022-01-09 13:00:00,17334,0.0683,10.0
2021-22,ESP1,rayo vallecano,2022-01-23 17:30:00,17354,0.1298,10.0
2021-22,ESP1,rayo vallecano,2022-02-05 17:30:00,17359,0.1055,11.0
2021-22,ESP1,rayo vallecano,2022-02-12 17:30:00,17374,0.118,11.0
2021-22,ESP1,rayo vallecano,2022-02-18 20:00:00,17385,0.0881,9.0
2021-22,ESP1,rayo vallecano,2022-02-26 17:30:00,17394,0.0783,9.0
2021-22,ESP1,rayo vallecano,2022-03-06 13:00:00,17400,0.0407,14.0
2021-22,ESP1,rayo vallecano,2022-03-13 13:00:00,17414,0.0312,11.0
2021-22,ESP1,rayo vallecano,2022-03-19 20:00:00,17424,0.0119,11.0
2021-22,ESP1,rayo vallecano,2022-04-03 16:30:00,17432,0.0858,11.0
2021-22,ESP1,rayo vallecano,2022-04-11 19:00:00,17443,0.0269,12.0
2021-22,ESP1,rayo vallecano,2022-04-16 14:15:00,17446,0.069,11.0
2021-22,ESP1,rayo vallecano,2022-04-21 17:00:00,17461,0.0093,10.0
2021-22,ESP1,rayo vallecano,2022-04-24 19:00:00,17338,0.0224,11.0
2021-22,ESP1,rayo vallecano,2022-05-01 16:30:00,17474,0.0037,11.0
2021-22,ESP1,rayo vallecano,2022-05-08 12:00:00,17481,0.0598,11.0
2021-22,ESP1,rayo vallecano,2022-05-12 18:00:00,17494,-0.0164,11.0
2021-22,ESP1,rayo vallecano,2022-05-15 17:30:00,17500,-0.0243,12.0
2021-22,ESP1,rayo vallecano,2022-05-20 19:00:00,17514,0.0573,12.0
2021-22,ESP1,real betis,2021-08-14 17:30:00,17138,0.0565,10.0
2021-22,ESP1,real betis,2021-08-20 19:00:00,17146,0.0483,12.0
2021-22,ESP1,real betis,2021-08-28 20:00:00,17161,0.0244,12.0
2021-22,ESP1,real betis,2021-09-13 20:00:00,17169,-0.0205,13.0
2021-22,ESP1,real betis,2021-09-19 16:30:00,17179,-0.0257,14.0
2021-22,ESP1,real betis,2021-09-23 17:30:00,17195,0.0152,12.0
2021-22,ESP1,real betis,2021-09-26 19:00:00,17205,0.0921,13.0
2021-22,ESP1,real betis,2021-10-03 16:30:00,17209,0.0959,15.0
2021-22,ESP1,real betis,2021-10-18 17:00:00,17216,0.083,13.0
2021-22,ESP1,real betis,2021-10-24 16:30:00,17233,0.1357,12.0
2021-22,ESP1,real betis,2021-10-27 18:00:00,17241,0.1671,12.0
2021-22,ESP1,real betis,2021-10-31 15:15:00,17251,0.1136,14.0
2021-22,ESP1,real betis,2021-11-07 20:00:00,17258,0.0417,13.0
2021-22,ESP1,real betis,2021-11-21 17:30:00,17275,0.0023,13.0
2021-22,ESP1,real betis,2021-11-28 13:00:00,17278,-0.0258,12.0
2021-22,ESP1,real betis,2021-12-04 15:15:00,17287,0.0041,13.0
2021-22,ESP1,real betis,2021-12-12 17:30:00,17298,0.0075,12.0
2021-22,ESP1,real betis,2021-12-19 15:15:00,17306,-0.0184,12.0
2021-22,ESP1,real betis,2022-01-02 17:30:00,17321,0.0545,13.0
2021-22,ESP1,real betis,2022-01-09 13:00:00,17334,0.0395,12.0
2021-22,ESP1,real betis,2022-01-18 20:00:00,17339,0.0584,13.0
2021-22,ESP1,real betis,2022-01-21 20:00:00,17349,0.1278,12.0
2021-22,ESP1,real betis,2022-02-06 17:30:00,17358,0.0627,12.0
2021-22,ESP1,real betis,2022-02-13 15:15:00,17371,0.0979,13.0
2021-22,ESP1,real betis,2022-02-20 17:30:00,17377,0.1056,14.0
2021-22,ESP1,real betis,2022-02-27 15:15:00,17393,0.1219,14.0
2021-22,ESP1,real betis,2022-03-06 20:00:00,17398,0.1162,14.0
2021-22,ESP1,real betis,2022-03-13 15:15:00,17408,0.011,13.0
2021-22,ESP1,real betis,2022-03-20 15:15:00,17418,-0.0113,12.0
2021-22,ESP1,real betis,2022-04-03 14:15:00,17429,0.1188,11.0
2021-22,ESP1,real betis,2022-04-09 12:00:00,17437,0.0736,15.0
2021-22,ESP1,real betis,2022-04-15 19:00:00,17452,0.0591,14.0
2021-22,ESP1,real betis,2022-04-19 19:00:00,17457,0.037,14.0
2021-22,ESP1,real betis,2022-05-02 19:00:00,17469,0.0375,14.0
2021-22,ESP1,real betis,2022-05-07 19:00:00,17478,0.028,13.0
2021-22,ESP1,real betis,2022-05-10 17:00:00,17493,-0.0261,13.0
2021-22,ESP1,real betis,2022-05-15 17:30:00,17498,0.0103,12.0
2021-22,ESP1,real betis,2022-05-20 19:00:00,17510,-0.0203,14.0
2021-22,ESP1,real madrid,2021-08-14 20:00:00,17140,0.0051,13.0
2021-22,ESP1,real madrid,2021-08-22 20:00:00,17153,0.0168,14.0
2021-22,ESP1,real madrid,2021-08-28 20:00:00,17161,0.0374,12.0
2021-22,ESP1,real madrid,2021-09-12 19:00:00,17173,-0.0508,11.0
2021-22,ESP1,real madrid,2021-09-19 19:00:00,17183,-0.0056,12.0
2021-22,ESP1,real madrid,2021-09-22 20:00:00,17190,0.0612,14.0
2021-22,ESP1,real madrid,2021-09-25 19:00:00,17202,0.0353,13.0
2021-22,ESP1,real madrid,2021-10-03 14:15:00,17207,-0.0021,15.0
2021-22,ESP1,real madrid,2021-10-24 14:15:00,17234,-0.0323,12.0
2021-22,ESP1,real madrid,2021-10-27 19:30:00,17237,-0.0096,14.0
2021-22,ESP1,real madrid,2021-10-30 12:00:00,17246,-0.0457,13.0
2021-22,ESP1,real madrid,2021-11-06 20:00:00,17263,-0.0271,10.0
2021-22,ESP1,real madrid,2021-11-21 15:15:00,17270,-0.0595,11.0
2021-22,ESP1,real madrid,2021-11-28 20:00:00,17283,0.0035,12.0
2021-22,ESP1,real madrid,2021-12-01 20:00:00,17222,-0.009,13.0
2021-22,ESP1,real madrid,2021-12-04 20:00:00,17295,-0.0195,12.0
2021-22,ESP1,real madrid,2021-12-12 20:00:00,17303,0.0136,11.0
2021-22,ESP1,real madrid,2021-12-19 20:00:00,17313,-0.0275,12.0
2021-22,ESP1,real madrid,2021-12-22 20:30:00,17336,-0.0214,11.0
2021-22,ESP1,real madrid,2022-01-02 13:00:00,17323,-0.0173,14.0
2021-22,ESP1,real madrid,2022-01-08 20:00:00,17331,-0.0661,13.0
2021-22,ESP1,real madrid,2022-01-23 15:15:00,17351,-0.0231,13.0
2021-22,ESP1,real madrid,2022-02-06 20:00:00,17363,-0.0122,13.0
2021-22,ESP1,real madrid,2022-02-12 15:15:00,17375,0.0886,11.0
2021-22,ESP1,real madrid,2022-02-19 20:00:00,17383,0.0073,10.0
2021-22,ESP1,real madrid,2022-02-26 17:30:00,17394,0.0738,11.0
2021-22,ESP1,real madrid,2022-03-05 20:00:00,17403,0.0756,11.0
2021-22,ESP1,real madrid,2022-03-14 20:00:00,17409,0.059,14.0
2021-22,ESP1,real madrid,2022-03-20 20:00:00,17422,-0.0251,14.0
2021-22,ESP1,real madrid,2022-04-02 16:30:00,17430,0.0669,13.0
2021-22,ESP1,real madrid,2022-04-09 19:00:00,17441,0.0241,13.0
2021-22,ESP1,real madrid,2022-04-17 19:00:00,17453,-0.0186,11.0
2021-22,ESP1,real madrid,2022-04-20 19:30:00,17463,0.0409,13.0
2021-22,ESP1,real madrid,2022-04-30 14:15:00,17471,0.0384,15.0
2021-22,ESP1,real madrid,2022-05-08 19:00:00,17477,0.0588,14.0
2021-22,ESP1,real madrid,2022-05-12 19:30:00,17490,0.0486,14.0
2021-22,ESP1,real madrid,2022-05-15 17:30:00,17502,-0.0087,12.0
2021-22,ESP1,real madrid,2022-05-20 19:00:00,17510,0.1627,15.0
2021-22,ESP1,real sociedad,2021-08-15 18:00:00,17142,0.0079,12.0
2021-22,ESP1,real sociedad,2021-08-22 15:00:00,17151,0.0129,11.0
2021-22,ESP1,real sociedad,2021-08-28 17:30:00,17159,0.0295,11.0
2021-22,ESP1,real sociedad,2021-09-12 16:30:00,17168,0.0345,12.0
2021-22,ESP1,real sociedad,2021-09-19 14:15:00,17182,-0.0091,12.0
2021-22,ESP1,real sociedad,2021-09-23 17:30:00,17192,0.0227,12.0
2021-22,ESP1,real sociedad,2021-09-26 16:30:00,17201,0.1296,10.0
2021-22,ESP1,real sociedad,2021-10-03 16:30:00,17214,0.0545,12.0
2021-22,ESP1,real sociedad,2021-10-16 19:00:00,17223,-0.0251,13.0
2021-22,ESP1,real sociedad,2021-10-24 19:00:00,17235,-0.0024,10.0
2021-22,ESP1,real sociedad,2021-10-28 17:00:00,17240,-0.0354,13.0
2021-22,ESP1,real sociedad,2021-10-31 20:00:00,17250,-0.0454,13.0
2021-22,ESP1,real sociedad,2021-11-07 17:30:00,17262,-0.0552,11.0
2021-22,ESP1,real sociedad,2021-11-21 20:00:00,17272,-0.0063,12.0
2021-22,ESP1,real sociedad,2021-11-28 15:15:00,17281,0.0817,12.0
2021-22,ESP1,real sociedad,2021-12-04 20:00:00,17295,0.0158,13.0
2021-22,ESP1,real sociedad,2021-12-12 17:30:00,17298,-0.0032,14.0
2021-22,ESP1,real sociedad,2021-12-18 15:15:00,17312,-0.0551,12.0
2021-22,ESP1,real sociedad,2022-01-02 17:30:00,17319,-0.0276,11.0
2021-22,ESP1,real sociedad,2022-01-08 15:15:00,17332,-0.0337,12.0
2021-22,ESP1,real sociedad,2022-01-23 17:30:00,17352,-0.0306,12.0
2021-22,ESP1,real sociedad,2022-02-06 13:00:00,17364,-0.0027,14.0
2021-22,ESP1,real sociedad,2022-02-13 17:30:00,17372,-0.0109,12.0
2021-22,ESP1,real sociedad,2022-02-20 20:00:00,17376,0.0298,12.0
2021-22,ESP1,real sociedad,2022-02-27 17:30:00,17392,0.0286,11.0
2021-22,ESP1,real sociedad,2022-03-02 20:00:00,17341,0.0265,11.0
2021-22,ESP1,real sociedad,2022-03-05 20:00:00,17403,0.096,12.0
2021-22,ESP1,real sociedad,2022-03-13 17:30:00,17413,0.0203,12.0
2021-22,ESP1,real sociedad,2022-03-20 17:30:00,17423,0.096,13.0
2021-22,ESP1,real sociedad,2022-04-04 19:00:00,17434,0.0748,12.0
2021-22,ESP1,real sociedad,2022-04-10 16:30:00,17445,0.0997,11.0
2021-22,ESP1,real sociedad,2022-04-15 19:00:00,17452,0.1061,12.0
2021-22,ESP1,real sociedad,2022-04-21 19:30:00,17464,0.0961,9.0
2021-22,ESP1,real sociedad,2022-05-01 16:30:00,17474,0.0674,14.0
2021-22,ESP1,real sociedad,2022-05-06 19:00:00,17484,-0.0003,10.0
2021-22,ESP1,real sociedad,2022-05-12 17:00:00,17491,0.0377,12.0
2021-22,ESP1,real sociedad,2022-05-15 17:30:00,17505,0.0231,11.0
2021-22,ESP1,real sociedad,2022-05-22 20:00:00,17511,0.0464,13.0
2021-22,ESP1,sevilla,2021-08-15 20:15:00,17143,-0.0753,10.0
2021-22,ESP1,sevilla,2021-08-23 18:00:00,17154,-0.013,12.0
2021-22,ESP1,sevilla,2021-08-28 17:30:00,17160,-0.0043,12.0
2021-22,ESP1,sevilla,2021-09-19 14:15:00,17182,0.0163,12.0
2021-22,ESP1,sevilla,2021-09-22 17:30:00,17189,0.0169,13.0
2021-22,ESP1,sevilla,2021-09-25 16:30:00,17200,-0.0269,13.0
2021-22,ESP1,sevilla,2021-10-03 19:00:00,17206,0.0138,11.0
2021-22,ESP1,sevilla,2021-10-17 14:15:00,17218,-0.0213,14.0
2021-22,ESP1,sevilla,2021-10-24 12:00:00,17229,-0.0358,14.0
2021-22,ESP1,sevilla,2021-10-27 17:00:00,17245,-0.0194,13.0
2021-22,ESP1,sevilla,2021-10-30 14:15:00,17249,-0.0227,14.0
2021-22,ESP1,sevilla,2021-11-07 20:00:00,17258,0.0049,11.0
2021-22,ESP1,sevilla,2021-11-20 15:15:00,17273,0.0167,13.0
2021-22,ESP1,sevilla,2021-11-28 20:00:00,17283,0.0542,10.0
2021-22,ESP1,sevilla,2021-12-04 13:00:00,17292,0.0405,11.0
2021-22,ESP1,sevilla,2021-12-11 20:00:00,17297,0.0275,10.0
2021-22,ESP1,sevilla,2021-12-18 20:00:00,17311,0.0384,11.0
2021-22,ESP1,sevilla,2021-12-21 22:30:00,17174,-0.0201,11.0
2021-22,ESP1,sevilla,2022-01-03 20:15:00,17324,-0.076,9.0
2021-22,ESP1,sevilla,2022-01-09 15:15:00,17333,-0.0845,12.0
2021-22,ESP1,sevilla,2022-01-19 20:30:00,17344,-0.1005,10.0
2021-22,ESP1,sevilla,2022-01-22 17:30:00,17353,-0.0973,13.0
2021-22,ESP1,sevilla,2022-02-05 20:00:00,17362,0.0771,12.0
2021-22,ESP1,sevilla,2022-02-11 20:00:00,17373,0.0122,11.0
2021-22,ESP1,sevilla,2022-02-20 13:00:00,17381,-0.0418,14.0
2021-22,ESP1,sevilla,2022-02-27 15:15:00,17393,0.0099,11.0
2021-22,ESP1,sevilla,2022-03-04 20:00:00,17396,-0.0251,12.0
2021-22,ESP1,sevilla,2022-03-13 13:00:00,17414,-0.0695,13.0
2021-22,ESP1,sevilla,2022-03-20 17:30:00,17423,-0.0899,14.0
2021-22,ESP1,sevilla,2022-04-03 19:00:00,17428,-0.1272,13.0
2021-22,ESP1,sevilla,2022-04-08 19:00:00,17442,-0.1566,12.0
2021-22,ESP1,sevilla,2022-04-17 19:00:00,17453,-0.035,14.0
2021-22,ESP1,sevilla,2022-04-21 17:00:00,17462,-0.0627,13.0
2021-22,ESP1,sevilla,2022-04-29 19:00:00,17472,-0.0818,12.0
2021-22,ESP1,sevilla,2022-05-08 14:15:00,17485,-0.0421,13.0
2021-22,ESP1,sevilla,2022-05-11 18:30:00,17492,0.0268,13.0
2021-22,ESP1,sevilla,2022-05-15 17:30:00,17497,0.0288,14.0
2021-22,ESP1,sevilla,2022-05-22 20:00:00,17512,-0.0086,14.0
2021-22,ESP1,valencia,2021-08-13 19:00:00,17136,-0.0512,8.0
2021-22,ESP1,valencia,2021-08-21 17:30:00,17148,-0.0315,8.0
2021-22,ESP1,valencia,2021-08-27 20:15:00,17157,-0.0277,10.0
2021-22,ESP1,valencia,2021-09-12 14:15:00,17172,-0.0097,11.0
2021-22,ESP1,valencia,2021-09-19 19:00:00,17183,-0.0652,12.0
2021-22,ESP1,valencia,2021-09-22 17:30:00,17189,-0.0687,12.0
2021-22,ESP1,valencia,2021-09-25 14:15:00,17199,-0.075,10.0
2021-22,ESP1,valencia,2021-10-02 16:30:00,17215,-0.0576,10.0
2021-22,ESP1,valencia,2021-10-17 19:00:00,17217,0.0073,11.0
2021-22,ESP1,valencia,2021-10-23 12:00:00,17228,-0.0364,13.0
2021-22,ESP1,valencia,2021-10-27 18:00:00,17241,-0.064,10.0
2021-22,ESP1,valencia,2021-10-30 16:30:00,17247,-0.028,11.0
2021-22,ESP1,valencia,2021-11-07 15:15:00,17264,0.0148,11.0
2021-22,ESP1,valencia,2021-11-21 20:00:00,17272,-0.0041,12.0
2021-22,ESP1,valencia,2021-11-27 15:15:00,17284,-0.0293,11.0
2021-22,ESP1,valencia,2021-12-05 20:00:00,17288,-0.0108,12.0
2021-22,ESP1,valencia,2021-12-11 17:30:00,17304,0.0024,12.0
2021-22,ESP1,valencia,2021-12-20 20:00:00,17314,0.0135,10.0
2021-22,ESP1,valencia,2021-12-31 15:15:00,17317,0.0384,12.0
2021-22,ESP1,valencia,2022-01-08 20:00:00,17331,-0.0245,12.0
2021-22,ESP1,valencia,2022-01-19 20:30:00,17344,-0.0208,10.0
2021-22,ESP1,valencia,2022-01-22 20:00:00,17347,0.0092,13.0
2021-22,ESP1,valencia,2022-02-06 13:00:00,17364,-0.0207,11.0
2021-22,ESP1,valencia,2022-02-13 13:00:00,17366,-0.0028,12.0
2021-22,ESP1,valencia,2022-02-20 15:15:00,17384,-0.0264,12.0
2021-22,ESP1,valencia,2022-02-26 13:00:00,17388,-0.0592,12.0
2021-22,ESP1,valencia,2022-03-05 17:30:00,17404,-0.0889,10.0
2021-22,ESP1,valencia,2022-03-12 20:00:00,17410,-0.0565,11.0
2021-22,ESP1,valencia,2022-03-19 15:15:00,17425,-0.0839,13.0
2021-22,ESP1,valencia,2022-04-03 16:30:00,17435,-0.0351,12.0
2021-22,ESP1,valencia,2022-04-11 19:00:00,17443,-0.0676,11.0
2021-22,ESP1,valencia,2022-04-16 16:30:00,17454,-0.0449,11.0
2021-22,ESP1,valencia,2022-04-19 19:30:00,17465,0.0189,12.0
2021-22,ESP1,valencia,2022-04-30 16:30:00,17473,-0.0275,12.0
2021-22,ESP1,valencia,2022-05-07 14:15:00,17476,-0.0535,13.0
2021-22,ESP1,valencia,2022-05-10 17:00:00,17493,-0.0284,12.0
2021-22,ESP1,valencia,2022-05-15 17:30:00,17503,-0.0211,12.0
2021-22,ESP1,valencia,2022-05-21 15:30:00,17513,-0.0033,9.0
2021-22,ESP1,villarreal,2021-08-16 18:00:00,17144,-0.0079,10.0
2021-22,ESP1,villarreal,2021-08-21 17:30:00,17149,-0.0018,10.0
2021-22,ESP1,villarreal,2021-08-29 20:00:00,17165,-0.0173,10.0
2021-22,ESP1,villarreal,2021-09-19 12:00:00,17181,-0.0804,13.0
2021-22,ESP1,villarreal,2021-09-22 20:00:00,17188,-0.0708,10.0
2021-22,ESP1,villarreal,2021-09-25 19:00:00,17202,-0.0568,11.0
2021-22,ESP1,villarreal,2021-10-03 16:30:00,17209,-0.0419,10.0
2021-22,ESP1,villarreal,2021-10-17 16:30:00,17225,-0.041,10.0
2021-22,ESP1,villarreal,2021-10-23 19:00:00,17226,-0.0268,11.0
2021-22,ESP1,villarreal,2021-10-26 19:30:00,17238,-0.0345,11.0
2021-22,ESP1,villarreal,2021-10-30 16:30:00,17247,0.0632,13.0
2021-22,ESP1,villarreal,2021-11-07 13:00:00,17265,0.0225,12.0
2021-22,ESP1,villarreal,2021-11-20 13:00:00,17268,0.0768,11.0
2021-22,ESP1,villarreal,2021-11-27 20:00:00,17285,0.0845,9.0
2021-22,ESP1,villarreal,2021-12-04 13:00:00,17292,0.0713,13.0
2021-22,ESP1,villarreal,2021-12-12 13:00:00,17305,0.1276,11.0
2021-22,ESP1,villarreal,2021-12-18 15:15:00,17312,0.1096,10.0
2021-22,ESP1,villarreal,2021-12-21 20:00:00,17175,0.1459,11.0
2021-22,ESP1,villarreal,2022-01-03 18:00:00,17318,0.2698,11.0
2021-22,ESP1,villarreal,2022-01-09 20:00:00,17335,0.2617,10.0
2021-22,ESP1,villarreal,2022-01-16 18:00:00,17345,0.2521,9.0
2021-22,ESP1,villarreal,2022-01-22 15:15:00,17355,0.1532,8.0
2021-22,ESP1,villarreal,2022-02-06 17:30:00,17358,0.1971,13.0
2021-22,ESP1,villarreal,2022-02-12 15:15:00,17375,0.1814,11.0
2021-22,ESP1,villarreal,2022-02-19 13:00:00,17380,0.1517,11.0
2021-22,ESP1,villarreal,2022-02-27 13:00:00,17395,0.0527,13.0
2021-22,ESP1,villarreal,2022-03-05 13:00:00,17402,0.0228,12.0
2021-22,ESP1,villarreal,2022-03-12 17:30:00,17415,0.1499,11.0
2021-22,ESP1,villarreal,2022-03-20 15:15:00,17419,0.1791,12.0
2021-22,ESP1,villarreal,2022-04-02 14:15:00,17433,-0.0221,12.0
2021-22,ESP1,villarreal,2022-04-09 16:30:00,17444,0.1812,10.0
2021-22,ESP1,villarreal,2022-04-16 19:00:00,17450,0.0642,12.0
2021-22,ESP1,villarreal,2022-04-19 19:30:00,17465,0.0344,11.0
2021-22,ESP1,villarreal,2022-04-30 12:00:00,17466,0.0485,14.0
2021-22,ESP1,villarreal,2022-05-08 14:15:00,17485,-0.0158,12.0
2021-22,ESP1,villarreal,2022-05-12 18:00:00,17494,0.0793,13.0
2021-22,ESP1,villarreal,2022-05-15 17:30:00,17505,0.0638,12.0
2021-22,ESP1,villarreal,2022-05-22 20:00:00,17507,0.1625,11.0
2021-22,GER1,arminia bielefeld,2021-08-14 13:30:00,17517,-0.0441,10.0
2021-22,GER1,arminia bielefeld,2021-08-21 13:30:00,17526,-0.0494,9.0
2021-22,GER1,arminia bielefeld,2021-08-28 13:30:00,17536,-0.0513,9.0
2021-22,GER1,arminia bielefeld,2021-09-12 17:30:00,17551,-0.0493,10.0
2021-22,GER1,arminia bielefeld,2021-09-18 13:30:00,17555,-0.025,10.0
2021-22,GER1,arminia bielefeld,2021-09-25 13:30:00,17562,-0.0278,10.0
2021-22,GER1,arminia bielefeld,2021-10-03 17:30:00,17571,-0.0179,14.0
2021-22,GER1,arminia bielefeld,2021-10-17 15:30:00,17580,-0.0472,12.0
2021-22,GER1,arminia bielefeld,2021-10-23 13:30:00,17590,-0.0583,12.0
2021-22,GER1,arminia bielefeld,2021-10-30 13:30:00,17597,-0.0209,12.0
2021-22,GER1,arminia bielefeld,2021-11-06 14:30:00,17611,-0.0127,9.0
2021-22,GER1,arminia bielefeld,2021-11-20 14:30:00,17615,-0.0256,12.0
2021-22,GER1,arminia bielefeld,2021-11-27 17:30:00,17632,-0.0112,13.0
2021-22,GER1,arminia bielefeld,2021-12-04 14:30:00,17633,-0.0229,11.0
2021-22,GER1,arminia bielefeld,2021-12-11 14:30:00,17645,-0.0141,13.0
2021-22,GER1,arminia bielefeld,2021-12-14 19:30:00,17651,-0.0423,12.0
2021-22,GER1,arminia bielefeld,2021-12-18 14:30:00,17667,-0.0354,12.0
2021-22,GER1,arminia bielefeld,2022-01-08 14:30:00,17673,-0.0171,11.0
2021-22,GER1,arminia bielefeld,2022-01-16 16:30:00,17679,-0.026,13.0
2021-22,GER1,arminia bielefeld,2022-01-21 19:30:00,17694,-0.0138,12.0
2021-22,GER1,arminia bielefeld,2022-02-05 14:30:00,17697,0.0077,11.0
2021-22,GER1,arminia bielefeld,2022-02-13 16:30:00,17707,-0.0345,13.0
2021-22,GER1,arminia bielefeld,2022-02-19 14:30:00,17715,-0.0092,12.0
2021-22,GER1,arminia bielefeld,2022-02-26 14:30:00,17730,0.0125,13.0
2021-22,GER1,arminia bielefeld,2022-03-04 19:30:00,17734,-0.0385,14.0
2021-22,GER1,arminia bielefeld,2022-03-13 16:30:00,17749,0.0017,10.0
2021-22,GER1,arminia bielefeld,2022-03-19 14:30:00,17754,-0.0008,12.0
2021-22,GER1,arminia bielefeld,2022-04-02 13:30:00,17759,-0.0503,11.0
2021-22,GER1,arminia bielefeld,2022-04-09 13:30:00,17774,-0.0385,13.0
2021-22,GER1,arminia bielefeld,2022-04-17 13:30:00,17777,-0.0615,11.0
2021-22,GER1,arminia bielefeld,2022-04-23 13:30:00,17788,-0.0658,10.0
2021-22,GER1,arminia bielefeld,2022-04-30 13:30:00,17795,-0.0662,11.0
2021-22,GER1,arminia bielefeld,2022-05-06 18:30:00,17805,-0.0749,12.0
2021-22,GER1,arminia bielefeld,2022-05-14 13:30:00,17813,-0.0824,11.0
2021-22,GER1,augsburg,2021-08-14 13:30:00,17518,0.1032,12.0
2021-22,GER1,augsburg,2021-08-21 13:30:00,17530,0.0881,14.0
2021-22,GER1,augsburg,2021-08-28 13:30:00,17537,0.0989,13.0
2021-22,GER1,augsburg,2021-09-11 13:30:00,17546,0.0888,15.0
2021-22,GER1,augsburg,2021-09-18 13:30:00,17553,0.0873,14.0
2021-22,GER1,augsburg,2021-09-26 15:30:00,17569,0.0126,15.0
2021-22,GER1,augsburg,2021-10-02 13:30:00,17576,-0.0672,14.0
2021-22,GER1,augsburg,2021-10-17 15:30:00,17580,-0.0474,14.0
2021-22,GER1,augsburg,2021-10-22 18:30:00,17592,-0.0512,14.0
2021-22,GER1,augsburg,2021-10-31 14:30:00,17598,0.0383,15.0
2021-22,GER1,augsburg,2021-11-06 14:30:00,17612,0.0036,16.0
2021-22,GER1,augsburg,2021-11-19 19:30:00,17616,-0.025,14.0
2021-22,GER1,augsburg,2021-11-27 14:30:00,17627,-0.0302,14.0
2021-22,GER1,augsburg,2021-12-04 14:30:00,17634,-0.0506,13.0
2021-22,GER1,augsburg,2021-12-10 19:30:00,17644,0.0023,14.0
2021-22,GER1,augsburg,2021-12-15 19:30:00,17652,-0.0065,15.0
2021-22,GER1,augsburg,2021-12-18 14:30:00,17660,0.0516,14.0
2021-22,GER1,augsburg,2022-01-08 14:30:00,17672,0.0451,12.0
2021-22,GER1,augsburg,2022-01-16 14:30:00,17680,0.0334,13.0
2021-22,GER1,augsburg,2022-01-22 14:30:00,17693,-0.0076,14.0
2021-22,GER1,augsburg,2022-02-05 14:30:00,17699,0.0533,13.0
2021-22,GER1,augsburg,2022-02-12 14:30:00,17709,0.0241,15.0
2021-22,GER1,augsburg,2022-02-19 14:30:00,17717,0.032,13.0
2021-22,GER1,augsburg,2022-02-27 16:30:00,17725,0.0351,13.0
2021-22,GER1,augsburg,2022-03-04 19:30:00,17734,0.0349,12.0
2021-22,GER1,augsburg,2022-03-19 14:30:00,17755,0.0381,14.0
2021-22,GER1,augsburg,2022-04-03 13:30:00,17760,-0.0346,13.0
2021-22,GER1,augsburg,2022-04-06 16:30:00,17742,0.0441,14.0
2021-22,GER1,augsburg,2022-04-09 13:30:00,17776,0.0185,16.0
2021-22,GER1,augsburg,2022-04-16 13:30:00,17778,0.0143,15.0
2021-22,GER1,augsburg,2022-04-24 13:30:00,17787,-0.012,14.0
2021-22,GER1,augsburg,2022-04-30 13:30:00,17796,0.0299,13.0
2021-22,GER1,augsburg,2022-05-08 17:30:00,17811,0.0225,13.0
2021-22,GER1,augsburg,2022-05-14 13:30:00,17814,0.04,15.0
2021-22,GER1,bayer leverkusen,2021-08-14 13:30:00,17520,-0.1313,9.0
2021-22,GER1,bayer leverkusen,2021-08-21 16:30:00,17531,-0.1508,11.0
2021-22,GER1,bayer leverkusen,2021-08-28 13:30:00,17537,-0.096,13.0
2021-22,GER1,bayer leverkusen,2021-09-11 13:30:00,17547,-0.0463,12.0
2021-22,GER1,bayer leverkusen,2021-09-19 13:30:00,17558,-0.0405,12.0
2021-22,GER1,bayer leverkusen,2021-09-25 13:30:00,17563,0.001,11.0
2021-22,GER1,bayer leverkusen,2021-10-03 17:30:00,17571,0.0366,16.0
2021-22,GER1,bayer leverkusen,2021-10-17 13:30:00,17585,0.0537,15.0
2021-22,GER1,bayer leverkusen,2021-10-24 13:30:00,17589,0.0145,15.0
2021-22,GER1,bayer leverkusen,2021-10-30 13:30:00,17603,-0.0097,14.0
2021-22,GER1,bayer leverkusen,2021-11-07 14:30:00,17609,-0.0519,13.0
2021-22,GER1,bayer leverkusen,2021-11-20 14:30:00,17622,-0.0181,14.0
2021-22,GER1,bayer leverkusen,2021-11-28 16:30:00,17631,-0.056,13.0
2021-22,GER1,bayer leverkusen,2021-12-04 14:30:00,17640,-0.0347,14.0
2021-22,GER1,bayer leverkusen,2021-12-12 16:30:00,17647,-0.0343,14.0
2021-22,GER1,bayer leverkusen,2021-12-15 19:30:00,17657,-0.0309,13.0
2021-22,GER1,bayer leverkusen,2021-12-19 14:30:00,17665,-0.0044,13.0
2021-22,GER1,bayer leverkusen,2022-01-08 14:30:00,17674,0.0172,13.0
2021-22,GER1,bayer leverkusen,2022-01-15 17:30:00,17683,0.0495,12.0
2021-22,GER1,bayer leverkusen,2022-01-22 14:30:00,17693,0.1259,14.0
2021-22,GER1,bayer leverkusen,2022-02-06 14:30:00,17703,0.141,12.0
2021-22,GER1,bayer leverkusen,2022-02-12 17:30:00,17711,0.0921,14.0
2021-22,GER1,bayer leverkusen,2022-02-18 19:30:00,17718,0.0969,14.0
2021-22,GER1,bayer leverkusen,2022-02-26 14:30:00,17730,0.0982,13.0
2021-22,GER1,bayer leverkusen,2022-03-05 14:30:00,17740,0.0835,12.0
2021-22,GER1,bayer leverkusen,2022-03-13 14:30:00,17747,0.1028,15.0
2021-22,GER1,bayer leverkusen,2022-03-20 16:30:00,17756,0.0605,13.0
2021-22,GER1,bayer leverkusen,2022-04-02 13:30:00,17765,0.1024,15.0
2021-22,GER1,bayer leverkusen,2022-04-10 13:30:00,17769,-0.0026,16.0
2021-22,GER1,bayer leverkusen,2022-04-17 17:30:00,17784,-0.056,14.0
2021-22,GER1,bayer leverkusen,2022-04-23 13:30:00,17786,0.1094,13.0
2021-22,GER1,bayer leverkusen,2022-05-02 18:30:00,17802,0.1104,11.0
2021-22,GER1,bayer leverkusen,2022-05-07 13:30:00,17808,0.0509,14.0
2021-22,GER1,bayer leverkusen,2022-05-14 13:30:00,17819,0.0801,13.0
2021-22,GER1,bayern munich,2021-08-13 18:30:00,17516,0.0672,11.0
2021-22,GER1,bayern munich,2021-08-22 15:30:00,17533,0.0705,13.0
2021-22,GER1,bayern munich,2021-08-28 16:30:00,17540,0.0504,12.0
2021-22,GER1,bayern munich,2021-09-11 16:30:00,17548,0.107,15.0
2021-22,GER1,bayern munich,2021-09-18 13:30:00,17556,0.0966,14.0
2021-22,GER1,bayern munich,2021-09-24 18:30:00,17561,0.1907,12.0
2021-22,GER1,bayern munich,2021-10-03 15:30:00,17578,0.1444,12.0
2021-22,GER1,bayern munich,2021-10-17 13:30:00,17585,0.1362,14.0
2021-22,GER1,bayern munich,2021-10-23 13:30:00,17596,0.1633,15.0
2021-22,GER1,bayern munich,2021-10-30 13:30:00,17602,0.1649,15.0
2021-22,GER1,bayern munich,2021-11-06 14:30:00,17614,0.1776,13.0
2021-22,GER1,bayern munich,2021-11-19 19:30:00,17616,0.0805,13.0
2021-22,GER1,bayern munich,2021-11-27 17:30:00,17632,0.1185,12.0
2021-22,GER1,bayern munich,2021-12-04 17:30:00,17641,0.1321,13.0
2021-22,GER1,bayern munich,2021-12-11 14:30:00,17650,0.0713,13.0
2021-22,GER1,bayern munich,2021-12-14 17:30:00,17654,-0.0103,13.0
2021-22,GER1,bayern munich,2021-12-17 19:30:00,17668,0.0297,13.0
2021-22,GER1,bayern munich,2022-01-07 19:30:00,17677,-0.0434,9.0
2021-22,GER1,bayern munich,2022-01-15 14:30:00,17678,-0.0289,13.0
2021-22,GER1,bayern munich,2022-01-23 16:30:00,17689,0.0859,13.0
2021-22,GER1,bayern munich,2022-02-05 17:30:00,17704,0.165,12.0
2021-22,GER1,bayern munich,2022-02-12 14:30:00,17706,0.2701,12.0
2021-22,GER1,bayern munich,2022-02-20 14:30:00,17722,0.1544,13.0
2021-22,GER1,bayern munich,2022-02-26 17:30:00,17731,-0.0264,11.0
2021-22,GER1,bayern munich,2022-03-05 14:30:00,17740,0.1256,13.0
2021-22,GER1,bayern munich,2022-03-12 14:30:00,17743,0.0332,11.0
2021-22,GER1,bayern munich,2022-03-19 17:30:00,17758,0.0143,14.0
2021-22,GER1,bayern munich,2022-04-02 13:30:00,17762,-0.0285,12.0
2021-22,GER1,bayern munich,2022-04-09 13:30:00,17776,0.0328,13.0
2021-22,GER1,bayern munich,2022-04-17 13:30:00,17777,0.0319,12.0
2021-22,GER1,bayern munich,2022-04-23 16:30:00,17794,0.0216,11.0
2021-22,GER1,bayern munich,2022-04-30 13:30:00,17797,0.1398,14.0
2021-22,GER1,bayern munich,2022-05-08 15:30:00,17812,0.0201,12.0
2021-22,GER1,bayern munich,2022-05-14 13:30:00,17820,0.1012,12.0
2021-22,GER1,bochum,2021-08-14 13:30:00,17521,0.0812,1.0
2021-22,GER1,bochum,2021-08-21 13:30:00,17527,0.0147,1.0
2021-22,GER1,bochum,2021-08-28 13:30:00,17535,-0.0367,8.0
2021-22,GER1,bochum,2021-09-12 15:30:00,17550,-0.0468,9.0
2021-22,GER1,bochum,2021-09-18 13:30:00,17556,-0.0705,11.0
2021-22,GER1,bochum,2021-09-26 13:30:00,17568,-0.0587,11.0
2021-22,GER1,bochum,2021-10-02 16:30:00,17577,-0.1033,14.0
2021-22,GER1,bochum,2021-10-16 13:30:00,17579,0.1324,11.0
2021-22,GER1,bochum,2021-10-24 17:30:00,17588,0.1266,11.0
2021-22,GER1,bochum,2021-10-31 16:30:00,17601,0.1837,13.0
2021-22,GER1,bochum,2021-11-06 14:30:00,17607,0.2066,12.0
2021-22,GER1,bochum,2021-11-20 14:30:00,17622,0.2372,11.0
2021-22,GER1,bochum,2021-11-27 14:30:00,17625,0.2478,10.0
2021-22,GER1,bochum,2021-12-04 14:30:00,17634,0.1086,9.0
2021-22,GER1,bochum,2021-12-11 14:30:00,17643,0.1836,13.0
2021-22,GER1,bochum,2021-12-14 19:30:00,17651,0.1563,12.0
2021-22,GER1,bochum,2021-12-18 14:30:00,17661,0.0743,12.0
2021-22,GER1,bochum,2022-01-09 16:30:00,17670,0.0253,12.0
2021-22,GER1,bochum,2022-01-15 14:30:00,17681,0.0331,12.0
2021-22,GER1,bochum,2022-01-22 17:30:00,17688,0.0028,12.0
2021-22,GER1,bochum,2022-02-04 19:30:00,17698,-0.0167,13.0
2021-22,GER1,bochum,2022-02-12 14:30:00,17706,-0.0633,10.0
2021-22,GER1,bochum,2022-02-19 14:30:00,17719,-0.0297,14.0
2021-22,GER1,bochum,2022-02-27 14:30:00,17724,0.0568,14.0
2021-22,GER1,bochum,2022-03-05 14:30:00,17732,0.077,14.0
2021-22,GER1,bochum,2022-03-13 16:30:00,17748,0.0231,14.0
2021-22,GER1,bochum,2022-03-18 17:30:00,17751,0.0868,11.0
2021-22,GER1,bochum,2022-04-02 13:30:00,17761,0.0119,12.0
2021-22,GER1,bochum,2022-04-10 13:30:00,17769,0.0296,12.0
2021-22,GER1,bochum,2022-04-16 13:30:00,17781,0.0377,15.0
2021-22,GER1,bochum,2022-04-24 13:30:00,17787,-0.0144,16.0
2021-22,GER1,bochum,2022-04-30 13:30:00,17803,0.0027,14.0
2021-22,GER1,bochum,2022-05-06 18:30:00,17805,0.0096,14.0
2021-22,GER1,bochum,2022-05-14 13:30:00,17818,0.0179,13.0
2021-22,GER1,borussia dortmund,2021-08-14 16:30:00,17522,0.0414,11.0
2021-22,GER1,borussia dortmund,2021-08-21 13:30:00,17529,0.084,11.0
2021-22,GER1,borussia dortmund,2021-08-27 18:30:00,17534,0.0037,12.0
2021-22,GER1,borussia dortmund,2021-09-11 13:30:00,17547,0.1084,12.0
2021-22,GER1,borussia dortmund,2021-09-19 15:30:00,17559,-0.0222,12.0
2021-22,GER1,borussia dortmund,2021-09-25 16:30:00,17567,-0.0496,13.0
2021-22,GER1,borussia dortmund,2021-10-02 13:30:00,17576,0.0703,16.0
2021-22,GER1,borussia dortmund,2021-10-16 13:30:00,17587,0.0708,14.0
2021-22,GER1,borussia dortmund,2021-10-23 13:30:00,17590,-0.0238,14.0
2021-22,GER1,borussia dortmund,2021-10-30 13:30:00,17605,-0.0132,14.0
2021-22,GER1,borussia dortmund,2021-11-06 17:30:00,17613,-0.0024,13.0
2021-22,GER1,borussia dortmund,2021-11-20 14:30:00,17623,0.0006,13.0
2021-22,GER1,borussia dortmund,2021-11-27 14:30:00,17630,0.0289,13.0
2021-22,GER1,borussia dortmund,2021-12-04 17:30:00,17641,0.0854,13.0
2021-22,GER1,borussia dortmund,2021-12-11 14:30:00,17643,0.0908,13.0
2021-22,GER1,borussia dortmund,2021-12-15 19:30:00,17659,0.0756,14.0
2021-22,GER1,borussia dortmund,2021-12-18 17:30:00,17663,0.1227,15.0
2021-22,GER1,borussia dortmund,2022-01-08 17:30:00,17675,0.1323,12.0
2021-22,GER1,borussia dortmund,2022-01-14 19:30:00,17686,0.1073,15.0
2021-22,GER1,borussia dortmund,2022-01-22 14:30:00,17690,0.05,14.0
2021-22,GER1,borussia dortmund,2022-02-06 14:30:00,17703,0.0689,12.0
2021-22,GER1,borussia dortmund,2022-02-13 14:30:00,17710,-0.0137,12.0
2021-22,GER1,borussia dortmund,2022-02-20 16:30:00,17721,0.0039,15.0
2021-22,GER1,borussia dortmund,2022-02-27 16:30:00,17725,-0.0137,13.0
2021-22,GER1,borussia dortmund,2022-03-13 16:30:00,17749,-0.0498,13.0
2021-22,GER1,borussia dortmund,2022-03-16 17:30:00,17736,-0.0564,13.0
2021-22,GER1,borussia dortmund,2022-03-20 18:30:00,17752,-0.0468,12.0
2021-22,GER1,borussia dortmund,2022-04-02 16:30:00,17767,-0.0009,14.0
2021-22,GER1,borussia dortmund,2022-04-08 18:30:00,17772,-0.0069,14.0
2021-22,GER1,borussia dortmund,2022-04-16 13:30:00,17785,-0.0112,13.0
2021-22,GER1,borussia dortmund,2022-04-23 16:30:00,17794,0.0474,11.0
2021-22,GER1,borussia dortmund,2022-04-30 13:30:00,17803,0.0232,11.0
2021-22,GER1,borussia dortmund,2022-05-07 13:30:00,17804,0.025,13.0
2021-22,GER1,borussia dortmund,2022-05-14 13:30:00,17821,-0.0247,11.0
2021-22,GER1,borussia monchengladbach,2021-08-13 18:30:00,17516,0.0246,12.0
2021-22,GER1,borussia monchengladbach,2021-08-21 16:30:00,17531,0.0694,14.0
2021-22,GER1,borussia monchengladbach,2021-08-29 13:30:00,17541,0.0762,12.0
2021-22,GER1,borussia monchengladbach,2021-09-12 17:30:00,17551,0.0452,14.0
2021-22,GER1,borussia monchengladbach,2021-09-18 13:30:00,17553,-0.0032,11.0
2021-22,GER1,borussia monchengladbach,2021-09-25 16:30:00,17567,0.0045,12.0
2021-22,GER1,borussia monchengladbach,2021-10-02 13:30:00,17575,0.0223,11.0
2021-22,GER1,borussia monchengladbach,2021-10-16 16:30:00,17583,0.0556,11.0
2021-22,GER1,borussia monchengladbach,2021-10-23 16:30:00,17591,0.0623,12.0
2021-22,GER1,borussia monchengladbach,2021-10-31 16:30:00,17601,0.0466,12.0
2021-22,GER1,borussia monchengladbach,2021-11-05 19:30:00,17610,0.0572,12.0
2021-22,GER1,borussia monchengladbach,2021-11-20 14:30:00,17620,0.1058,13.0
2021-22,GER1,borussia monchengladbach,2021-11-27 14:30:00,17626,0.108,12.0
2021-22,GER1,borussia monchengladbach,2021-12-05 16:30:00,17638,0.0124,13.0
2021-22,GER1,borussia monchengladbach,2021-12-11 14:30:00,17649,-0.0195,12.0
2021-22,GER1,borussia monchengladbach,2021-12-15 17:30:00,17655,0.0216,13.0
2021-22,GER1,borussia monchengladbach,2021-12-18 14:30:00,17664,-0.0113,12.0
2021-22,GER1,borussia monchengladbach,2022-01-07 19:30:00,17677,0.0208,11.0
2021-22,GER1,borussia monchengladbach,2022-01-15 17:30:00,17683,0.0496,12.0
2021-22,GER1,borussia monchengladbach,2022-01-22 14:30:00,17692,0.0027,11.0
2021-22,GER1,borussia monchengladbach,2022-02-05 14:30:00,17697,0.0287,10.0
2021-22,GER1,borussia monchengladbach,2022-02-12 14:30:00,17709,0.0334,10.0
2021-22,GER1,borussia monchengladbach,2022-02-20 16:30:00,17721,0.0592,12.0
2021-22,GER1,borussia monchengladbach,2022-02-26 14:30:00,17728,0.0765,10.0
2021-22,GER1,borussia monchengladbach,2022-03-05 17:30:00,17737,0.0957,11.0
2021-22,GER1,borussia monchengladbach,2022-03-12 17:30:00,17745,0.0216,11.0
2021-22,GER1,borussia monchengladbach,2022-03-18 17:30:00,17751,0.0126,9.0
2021-22,GER1,borussia monchengladbach,2022-04-03 15:30:00,17763,0.0088,9.0
2021-22,GER1,borussia monchengladbach,2022-04-09 13:30:00,17768,-0.0234,11.0
2021-22,GER1,borussia monchengladbach,2022-04-16 16:30:00,17782,0.0559,13.0
2021-22,GER1,borussia monchengladbach,2022-04-23 13:30:00,17790,0.0398,11.0
2021-22,GER1,borussia monchengladbach,2022-05-02 18:30:00,17800,0.0205,10.0
2021-22,GER1,borussia monchengladbach,2022-05-08 13:30:00,17810,0.0753,10.0
2021-22,GER1,borussia monchengladbach,2022-05-14 13:30:00,17817,0.0619,13.0
2021-22,GER1,cologne,2021-08-15 15:30:00,17524,0.0656,12.0
2021-22,GER1,cologne,2021-08-22 15:30:00,17533,0.0392,12.0
2021-22,GER1,cologne,2021-08-28 13:30:00,17535,0.0536,13.0
2021-22,GER1,cologne,2021-09-11 13:30:00,17545,0.075,14.0
2021-22,GER1,cologne,2021-09-18 16:30:00,17557,0.0481,14.0
2021-22,GER1,cologne,2021-09-25 13:30:00,17564,0.1181,15.0
2021-22,GER1,cologne,2021-10-01 18:30:00,17570,0.0649,13.0
2021-22,GER1,cologne,2021-10-15 18:30:00,17581,0.0865,15.0
2021-22,GER1,cologne,2021-10-24 13:30:00,17589,0.0332,12.0
2021-22,GER1,cologne,2021-10-30 13:30:00,17605,0.0424,13.0
2021-22,GER1,cologne,2021-11-07 16:30:00,17608,0.011,14.0
2021-22,GER1,cologne,2021-11-21 16:30:00,17617,0.0109,13.0
2021-22,GER1,cologne,2021-11-27 14:30:00,17626,0.036,12.0
2021-22,GER1,cologne,2021-12-04 14:30:00,17633,0.0126,13.0
2021-22,GER1,cologne,2021-12-10 19:30:00,17644,0.0816,11.0
2021-22,GER1,cologne,2021-12-14 19:30:00,17658,0.1252,15.0
2021-22,GER1,cologne,2021-12-19 16:30:00,17662,0.1703,15.0
2021-22,GER1,cologne,2022-01-09 14:30:00,17671,0.2024,14.0
2021-22,GER1,cologne,2022-01-15 14:30:00,17678,0.2059,15.0
2021-22,GER1,cologne,2022-01-22 17:30:00,17688,0.087,14.0
2021-22,GER1,cologne,2022-02-05 14:30:00,17696,0.1421,13.0
2021-22,GER1,cologne,2022-02-11 19:30:00,17713,0.0984,14.0
2021-22,GER1,cologne,2022-02-19 17:30:00,17714,0.0426,14.0
2021-22,GER1,cologne,2022-02-26 14:30:00,17723,0.0736,14.0
2021-22,GER1,cologne,2022-03-06 16:30:00,17733,-0.0078,13.0
2021-22,GER1,cologne,2022-03-13 14:30:00,17747,-0.0193,13.0
2021-22,GER1,cologne,2022-03-20 18:30:00,17752,-0.0043,12.0
2021-22,GER1,cologne,2022-04-01 18:30:00,17764,0.0145,13.0
2021-22,GER1,cologne,2022-04-09 13:30:00,17770,-0.023,14.0
2021-22,GER1,cologne,2022-04-16 16:30:00,17782,-0.008,12.0
2021-22,GER1,cologne,2022-04-23 13:30:00,17788,0.0088,15.0
2021-22,GER1,cologne,2022-04-30 13:30:00,17796,0.1267,13.0
2021-22,GER1,cologne,2022-05-07 13:30:00,17806,0.1215,12.0
2021-22,GER1,cologne,2022-05-14 13:30:00,17816,0.0613,14.0
2021-22,GER1,eintracht frankfurt,2021-08-14 16:30:00,17522,-0.0505,11.0
2021-22,GER1,eintracht frankfurt,2021-08-21 13:30:00,17530,-0.0428,8.0
2021-22,GER1,eintracht frankfurt,2021-08-28 13:30:00,17536,0.0565,10.0
2021-22,GER1,eintracht frankfurt,2021-09-12 13:30:00,17549,0.0309,10.0
2021-22,GER1,eintracht frankfurt,2021-09-19 17:30:00,17560,-0.0053,9.0
2021-22,GER1,eintracht frankfurt,2021-09-25 13:30:00,17564,-0.0051,12.0
2021-22,GER1,eintracht frankfurt,2021-10-03 15:30:00,17578,-0.0023,13.0
2021-22,GER1,eintracht frankfurt,2021-10-16 13:30:00,17586,-0.0102,13.0
2021-22,GER1,eintracht frankfurt,2021-10-24 17:30:00,17588,0.0077,14.0
2021-22,GER1,eintracht frankfurt,2021-10-30 16:30:00,17604,-0.0048,12.0
2021-22,GER1,eintracht frankfurt,2021-11-07 18:30:00,17606,-0.0284,12.0
2021-22,GER1,eintracht frankfurt,2021-11-21 14:30:00,17619,-0.031,12.0
2021-22,GER1,eintracht frankfurt,2021-11-28 14:30:00,17629,-0.0008,11.0
2021-22,GER1,eintracht frankfurt,2021-12-04 14:30:00,17636,0.0063,12.0
2021-22,GER1,eintracht frankfurt,2021-12-12 16:30:00,17647,-0.0402,11.0
2021-22,GER1,eintracht frankfurt,2021-12-15 17:30:00,17655,-0.0157,11.0
2021-22,GER1,eintracht frankfurt,2021-12-18 14:30:00,17666,0.0232,11.0
2021-22,GER1,eintracht frankfurt,2022-01-08 17:30:00,17675,0.0586,12.0
2021-22,GER1,eintracht frankfurt,2022-01-16 14:30:00,17680,0.0461,8.0
2021-22,GER1,eintracht frankfurt,2022-01-21 19:30:00,17694,0.1051,12.0
2021-22,GER1,eintracht frankfurt,2022-02-05 14:30:00,17701,0.0427,11.0
2021-22,GER1,eintracht frankfurt,2022-02-12 14:30:00,17712,0.0652,12.0
2021-22,GER1,eintracht frankfurt,2022-02-19 17:30:00,17714,0.0062,11.0
2021-22,GER1,eintracht frankfurt,2022-02-26 17:30:00,17731,-0.0143,11.0
2021-22,GER1,eintracht frankfurt,2022-03-05 14:30:00,17735,-0.0246,11.0
2021-22,GER1,eintracht frankfurt,2022-03-13 16:30:00,17748,-0.0199,10.0
2021-22,GER1,eintracht frankfurt,2022-03-20 14:30:00,17757,0.0383,11.0
2021-22,GER1,eintracht frankfurt,2022-04-02 13:30:00,17766,0.0304,11.0
2021-22,GER1,eintracht frankfurt,2022-04-10 15:30:00,17773,0.0041,11.0
2021-22,GER1,eintracht frankfurt,2022-04-17 15:30:00,17783,0.0105,14.0
2021-22,GER1,eintracht frankfurt,2022-04-23 13:30:00,17791,-0.0209,11.0
2021-22,GER1,eintracht frankfurt,2022-05-02 18:30:00,17802,-0.0419,14.0
2021-22,GER1,eintracht frankfurt,2022-05-08 13:30:00,17810,-0.0862,14.0
2021-22,GER1,eintracht frankfurt,2022-05-14 13:30:00,17815,-0.0738,14.0
2021-22,GER1,freiburg,2021-08-14 13:30:00,17517,0.0449,13.0
2021-22,GER1,freiburg,2021-08-21 13:30:00,17529,0.0886,12.0
2021-22,GER1,freiburg,2021-08-28 13:30:00,17539,0.0277,13.0
2021-22,GER1,freiburg,2021-09-11 13:30:00,17545,0.0524,12.0
2021-22,GER1,freiburg,2021-09-18 13:30:00,17554,-0.006,13.0
2021-22,GER1,freiburg,2021-09-26 15:30:00,17569,-0.0311,14.0
2021-22,GER1,freiburg,2021-10-02 13:30:00,17572,0.0283,14.0
2021-22,GER1,freiburg,2021-10-16 13:30:00,17582,0.0319,11.0
2021-22,GER1,freiburg,2021-10-23 13:30:00,17594,0.008,13.0
2021-22,GER1,freiburg,2021-10-30 13:30:00,17600,0.0343,12.0
2021-22,GER1,freiburg,2021-11-06 14:30:00,17614,0.0425,12.0
2021-22,GER1,freiburg,2021-11-21 14:30:00,17619,0.054,13.0
2021-22,GER1,freiburg,2021-11-27 14:30:00,17625,0.0051,13.0
2021-22,GER1,freiburg,2021-12-05 16:30:00,17638,0.0175,13.0
2021-22,GER1,freiburg,2021-12-11 14:30:00,17646,0.0548,15.0
2021-22,GER1,freiburg,2021-12-15 19:30:00,17656,0.0559,12.0
2021-22,GER1,freiburg,2021-12-19 14:30:00,17665,0.0905,11.0
2021-22,GER1,freiburg,2022-01-08 14:30:00,17673,0.1001,12.0
2021-22,GER1,freiburg,2022-01-14 19:30:00,17686,0.055,12.0
2021-22,GER1,freiburg,2022-01-22 14:30:00,17691,0.0542,13.0
2021-22,GER1,freiburg,2022-02-05 14:30:00,17696,0.0426,12.0
2021-22,GER1,freiburg,2022-02-12 14:30:00,17708,0.025,13.0
2021-22,GER1,freiburg,2022-02-19 14:30:00,17717,0.0506,14.0
2021-22,GER1,freiburg,2022-02-26 14:30:00,17727,0.0534,12.0
2021-22,GER1,freiburg,2022-03-05 14:30:00,17739,0.0013,11.0
2021-22,GER1,freiburg,2022-03-12 14:30:00,17744,0.0267,11.0
2021-22,GER1,freiburg,2022-03-19 14:30:00,17750,0.0864,12.0
2021-22,GER1,freiburg,2022-04-02 13:30:00,17762,0.0782,12.0
2021-22,GER1,freiburg,2022-04-10 15:30:00,17773,0.0546,13.0
2021-22,GER1,freiburg,2022-04-16 13:30:00,17781,0.0554,13.0
2021-22,GER1,freiburg,2022-04-23 13:30:00,17790,0.0309,12.0
2021-22,GER1,freiburg,2022-04-30 16:30:00,17798,0.0383,13.0
2021-22,GER1,freiburg,2022-05-07 13:30:00,17809,0.0838,12.0
2021-22,GER1,freiburg,2022-05-14 13:30:00,17819,0.0984,15.0
2021-22,GER1,greuther fuerth,2021-09-11 13:30:00,17543,-0.0641,1.0
2021-22,GER1,greuther fuerth,2021-09-17 18:30:00,17552,-0.0641,1.0
2021-22,GER1,greuther fuerth,2021-09-24 18:30:00,17561,-0.0641,1.0
2021-22,GER1,greuther fuerth,2021-10-01 18:30:00,17570,-0.0487,1.0
2021-22,GER1,greuther fuerth,2021-10-16 13:30:00,17579,-0.0406,1.0
2021-22,GER1,greuther fuerth,2021-10-23 13:30:00,17595,-0.0406,1.0
2021-22,GER1,greuther fuerth,2021-10-30 13:30:00,17600,-0.039,1.0
2021-22,GER1,greuther fuerth,2021-11-07 18:30:00,17606,-0.039,1.0
2021-22,GER1,greuther fuerth,2021-11-20 14:30:00,17620,-0.039,1.0
2021-22,GER1,greuther fuerth,2021-12-04 14:30:00,17640,-0.0231,1.0
2021-22,GER1,greuther fuerth,2021-12-12 14:30:00,17642,-0.0312,1.0
2021-22,GER1,greuther fuerth,2021-12-15 19:30:00,17659,-0.0312,1.0
2021-22,GER1,greuther fuerth,2021-12-18 14:30:00,17660,-0.0328,1.0
2021-22,GER1,greuther fuerth,2022-01-08 14:30:00,17669,-0.0328,1.0
2021-22,GER1,greuther fuerth,2022-01-16 16:30:00,17679,-0.0328,1.0
2021-22,GER1,greuther fuerth,2022-01-22 14:30:00,17687,-0.0641,1.0
2021-22,GER1,greuther fuerth,2022-02-06 16:30:00,17702,-0.0641,1.0
2021-22,GER1,greuther fuerth,2022-02-12 14:30:00,17705,-0.0543,1.0
2021-22,GER1,greuther fuerth,2022-02-20 14:30:00,17722,-0.0543,1.0
2021-22,GER1,greuther fuerth,2022-02-26 14:30:00,17723,-0.0543,1.0
2021-22,GER1,greuther fuerth,2022-03-05 14:30:00,17732,-0.0328,1.0
2021-22,GER1,greuther fuerth,2022-03-19 14:30:00,17750,-0.0328,1.0
2021-22,GER1,greuther fuerth,2022-04-09 13:30:00,17768,-0.0328,1.0
2021-22,GER1,greuther fuerth,2022-04-17 15:30:00,17780,0.014,1.0
2021-22,GER1,greuther fuerth,2022-04-23 13:30:00,17786,0.014,1.0
2021-22,GER1,greuther fuerth,2022-04-29 18:30:00,17801,0.0219,1.0
2021-22,GER1,greuther fuerth,2022-05-07 13:30:00,17804,0.0004,1.0
2021-22,GER1,greuther fuerth,2022-05-14 13:30:00,17814,0.0004,1.0
2021-22,GER1,hertha berlin,2021-08-15 15:30:00,17524,-0.0065,13.0
2021-22,GER1,hertha berlin,2021-08-21 13:30:00,17528,0.0593,11.0
2021-22,GER1,hertha berlin,2021-08-28 16:30:00,17540,0.0187,15.0
2021-22,GER1,hertha berlin,2021-09-12 15:30:00,17550,0.0083,13.0
2021-22,GER1,hertha berlin,2021-09-17 18:30:00,17552,-0.0278,12.0
2021-22,GER1,hertha berlin,2021-09-25 13:30:00,17565,0.011,13.0
2021-22,GER1,hertha berlin,2021-10-02 13:30:00,17572,-0.0098,16.0
2021-22,GER1,hertha berlin,2021-10-16 13:30:00,17586,0.0066,14.0
2021-22,GER1,hertha berlin,2021-10-23 16:30:00,17591,0.0676,14.0
2021-22,GER1,hertha berlin,2021-10-29 18:30:00,17599,0.0599,16.0
2021-22,GER1,hertha berlin,2021-11-07 14:30:00,17609,0.0556,12.0
2021-22,GER1,hertha berlin,2021-11-20 17:30:00,17621,0.024,15.0
2021-22,GER1,hertha berlin,2021-11-27 14:30:00,17627,0.0203,15.0
2021-22,GER1,hertha berlin,2021-12-05 14:30:00,17637,-0.0037,14.0
2021-22,GER1,hertha berlin,2021-12-11 14:30:00,17645,-0.0102,14.0
2021-22,GER1,hertha berlin,2021-12-14 19:30:00,17653,0.0033,16.0
2021-22,GER1,hertha berlin,2021-12-18 17:30:00,17663,-0.0293,14.0
2021-22,GER1,hertha berlin,2022-01-09 14:30:00,17671,-0.0214,13.0
2021-22,GER1,hertha berlin,2022-01-15 14:30:00,17685,-0.0004,12.0
2021-22,GER1,hertha berlin,2022-01-23 16:30:00,17689,-0.0329,14.0
2021-22,GER1,hertha berlin,2022-02-04 19:30:00,17698,0.0029,12.0
2021-22,GER1,hertha berlin,2022-02-12 14:30:00,17705,-0.0314,13.0
2021-22,GER1,hertha berlin,2022-02-20 18:30:00,17716,-0.0291,12.0
2021-22,GER1,hertha berlin,2022-02-26 14:30:00,17727,-0.0152,11.0
2021-22,GER1,hertha berlin,2022-03-05 14:30:00,17735,-0.0073,12.0
2021-22,GER1,hertha berlin,2022-03-12 17:30:00,17745,-0.0361,13.0
2021-22,GER1,hertha berlin,2022-03-19 14:30:00,17753,-0.0512,12.0
2021-22,GER1,hertha berlin,2022-04-02 13:30:00,17765,-0.0203,14.0
2021-22,GER1,hertha berlin,2022-04-09 16:30:00,17771,-0.0367,14.0
2021-22,GER1,hertha berlin,2022-04-16 13:30:00,17778,0.0147,12.0
2021-22,GER1,hertha berlin,2022-04-24 15:30:00,17789,-0.0237,13.0
2021-22,GER1,hertha berlin,2022-04-30 13:30:00,17795,0.0063,12.0
2021-22,GER1,hertha berlin,2022-05-07 16:30:00,17807,-0.0254,12.0
2021-22,GER1,hertha berlin,2022-05-14 13:30:00,17821,0.0307,12.0
2021-22,GER1,leipzig,2021-08-15 13:30:00,17523,0.0701,11.0
2021-22,GER1,leipzig,2021-08-20 18:30:00,17525,0.0926,11.0
2021-22,GER1,leipzig,2021-08-29 15:30:00,17542,0.1201,12.0
2021-22,GER1,leipzig,2021-09-11 16:30:00,17548,0.0036,15.0
2021-22,GER1,leipzig,2021-09-18 16:30:00,17557,-0.0192,13.0
2021-22,GER1,leipzig,2021-09-25 13:30:00,17565,-0.034,15.0
2021-22,GER1,leipzig,2021-10-02 16:30:00,17577,-0.0097,14.0
2021-22,GER1,leipzig,2021-10-16 13:30:00,17582,0.0749,14.0
2021-22,GER1,leipzig,2021-10-23 13:30:00,17595,0.0582,15.0
2021-22,GER1,leipzig,2021-10-30 16:30:00,17604,0.0724,13.0
2021-22,GER1,leipzig,2021-11-06 17:30:00,17613,0.1463,13.0
2021-22,GER1,leipzig,2021-11-20 14:30:00,17618,0.1579,14.0
2021-22,GER1,leipzig,2021-11-28 16:30:00,17631,0.1084,13.0
2021-22,GER1,leipzig,2021-12-03 19:30:00,17639,-0.0259,15.0
2021-22,GER1,leipzig,2021-12-11 14:30:00,17649,-0.0561,14.0
2021-22,GER1,leipzig,2021-12-15 19:30:00,17652,0.0266,14.0
2021-22,GER1,leipzig,2021-12-18 14:30:00,17667,0.055,13.0
2021-22,GER1,leipzig,2022-01-08 14:30:00,17676,0.0394,12.0
2021-22,GER1,leipzig,2022-01-15 14:30:00,17682,0.1095,12.0
2021-22,GER1,leipzig,2022-01-23 14:30:00,17695,0.1264,14.0
2021-22,GER1,leipzig,2022-02-05 17:30:00,17704,0.1585,15.0
2021-22,GER1,leipzig,2022-02-11 19:30:00,17713,0.1494,16.0
2021-22,GER1,leipzig,2022-02-20 18:30:00,17716,0.1532,15.0
2021-22,GER1,leipzig,2022-02-27 14:30:00,17724,0.0888,15.0
2021-22,GER1,leipzig,2022-03-05 14:30:00,17739,0.0491,14.0
2021-22,GER1,leipzig,2022-03-13 18:30:00,17741,-0.0042,15.0
2021-22,GER1,leipzig,2022-03-20 14:30:00,17757,0.0981,13.0
2021-22,GER1,leipzig,2022-04-02 16:30:00,17767,0.0932,15.0
2021-22,GER1,leipzig,2022-04-10 17:30:00,17775,0.008,15.0
2021-22,GER1,leipzig,2022-04-17 17:30:00,17784,-0.0021,15.0
2021-22,GER1,leipzig,2022-04-23 13:30:00,17793,-0.0927,15.0
2021-22,GER1,leipzig,2022-05-02 18:30:00,17800,-0.1051,14.0
2021-22,GER1,leipzig,2022-05-08 17:30:00,17811,-0.0864,15.0
2021-22,GER1,leipzig,2022-05-14 13:30:00,17813,-0.0598,13.0
2021-22,GER1,mainz 05,2021-08-15 13:30:00,17523,-0.0511,8.0
2021-22,GER1,mainz 05,2021-08-21 13:30:00,17527,-0.0181,13.0
2021-22,GER1,mainz 05,2021-08-28 13:30:00,17538,-0.0097,10.0
2021-22,GER1,mainz 05,2021-09-11 13:30:00,17544,0.0062,12.0
2021-22,GER1,mainz 05,2021-09-18 13:30:00,17554,-0.0013,12.0
2021-22,GER1,mainz 05,2021-09-25 13:30:00,17563,0.0408,12.0
2021-22,GER1,mainz 05,2021-10-03 13:30:00,17573,0.0651,13.0
2021-22,GER1,mainz 05,2021-10-16 13:30:00,17587,0.1038,13.0
2021-22,GER1,mainz 05,2021-10-22 18:30:00,17592,0.0401,13.0
2021-22,GER1,mainz 05,2021-10-30 13:30:00,17597,0.0796,10.0
2021-22,GER1,mainz 05,2021-11-05 19:30:00,17610,0.1131,11.0
2021-22,GER1,mainz 05,2021-11-21 16:30:00,17617,0.0971,13.0
2021-22,GER1,mainz 05,2021-11-26 19:30:00,17628,0.0852,14.0
2021-22,GER1,mainz 05,2021-12-04 14:30:00,17635,0.0835,11.0
2021-22,GER1,mainz 05,2021-12-11 14:30:00,17650,0.0653,13.0
2021-22,GER1,mainz 05,2021-12-14 19:30:00,17653,0.001,15.0
2021-22,GER1,mainz 05,2021-12-18 14:30:00,17666,0.0084,14.0
2021-22,GER1,mainz 05,2022-01-08 14:30:00,17676,0.0326,12.0
2021-22,GER1,mainz 05,2022-01-15 14:30:00,17681,-0.03,9.0
2021-22,GER1,mainz 05,2022-01-22 14:30:00,17687,0.0006,13.0
2021-22,GER1,mainz 05,2022-02-05 14:30:00,17700,0.0014,12.0
2021-22,GER1,mainz 05,2022-02-12 14:30:00,17708,-0.0168,12.0
2021-22,GER1,mainz 05,2022-02-18 19:30:00,17718,0.0091,11.0
2021-22,GER1,mainz 05,2022-02-26 14:30:00,17729,0.0274,14.0
2021-22,GER1,mainz 05,2022-03-16 17:30:00,17736,0.0711,12.0
2021-22,GER1,mainz 05,2022-03-19 14:30:00,17754,-0.017,12.0
2021-22,GER1,mainz 05,2022-04-03 15:30:00,17763,0.0809,12.0
2021-22,GER1,mainz 05,2022-04-06 16:30:00,17742,0.065,14.0
2021-22,GER1,mainz 05,2022-04-09 13:30:00,17770,0.0335,12.0
2021-22,GER1,mainz 05,2022-04-16 13:30:00,17779,0.0553,12.0
2021-22,GER1,mainz 05,2022-04-22 18:30:00,17792,0.0961,14.0
2021-22,GER1,mainz 05,2022-04-30 13:30:00,17797,0.0532,11.0
2021-22,GER1,mainz 05,2022-05-07 16:30:00,17807,0.0706,12.0
2021-22,GER1,mainz 05,2022-05-14 13:30:00,17815,0.1141,15.0
2021-22,GER1,stuttgart,2021-08-14 13:30:00,17519,0.079,13.0
2021-22,GER1,stuttgart,2021-08-20 18:30:00,17525,0.1146,13.0
2021-22,GER1,stuttgart,2021-08-28 13:30:00,17539,0.0921,12.0
2021-22,GER1,stuttgart,2021-09-12 13:30:00,17549,0.0236,12.0
2021-22,GER1,stuttgart,2021-09-19 13:30:00,17558,0.0983,15.0
2021-22,GER1,stuttgart,2021-09-26 13:30:00,17568,0.0742,12.0
2021-22,GER1,stuttgart,2021-10-02 13:30:00,17574,0.0372,12.0
2021-22,GER1,stuttgart,2021-10-16 16:30:00,17583,0.0007,10.0
2021-22,GER1,stuttgart,2021-10-24 15:30:00,17593,-0.0036,13.0
2021-22,GER1,stuttgart,2021-10-31 14:30:00,17598,-0.0225,14.0
2021-22,GER1,stuttgart,2021-11-06 14:30:00,17611,-0.0086,13.0
2021-22,GER1,stuttgart,2021-11-20 14:30:00,17623,-0.0302,13.0
2021-22,GER1,stuttgart,2021-11-26 19:30:00,17628,-0.0195,13.0
2021-22,GER1,stuttgart,2021-12-05 14:30:00,17637,-0.0353,12.0
2021-22,GER1,stuttgart,2021-12-11 17:30:00,17648,-0.0467,13.0
2021-22,GER1,stuttgart,2021-12-14 17:30:00,17654,-0.0331,12.0
2021-22,GER1,stuttgart,2021-12-19 16:30:00,17662,-0.0341,14.0
2021-22,GER1,stuttgart,2022-01-08 14:30:00,17669,-0.0479,11.0
2021-22,GER1,stuttgart,2022-01-15 14:30:00,17682,-0.0736,13.0
2021-22,GER1,stuttgart,2022-01-22 14:30:00,17691,-0.0501,12.0
2021-22,GER1,stuttgart,2022-02-05 14:30:00,17701,-0.06,12.0
2021-22,GER1,stuttgart,2022-02-12 17:30:00,17711,-0.0334,11.0
2021-22,GER1,stuttgart,2022-02-19 14:30:00,17719,-0.0183,11.0
2021-22,GER1,stuttgart,2022-02-25 19:30:00,17726,0.014,14.0
2021-22,GER1,stuttgart,2022-03-05 17:30:00,17737,0.0506,11.0
2021-22,GER1,stuttgart,2022-03-12 14:30:00,17746,0.0713,13.0
2021-22,GER1,stuttgart,2022-03-19 14:30:00,17755,0.0637,13.0
2021-22,GER1,stuttgart,2022-04-02 13:30:00,17759,0.0654,13.0
2021-22,GER1,stuttgart,2022-04-08 18:30:00,17772,0.076,12.0
2021-22,GER1,stuttgart,2022-04-16 13:30:00,17779,0.1085,13.0
2021-22,GER1,stuttgart,2022-04-24 15:30:00,17789,0.0937,13.0
2021-22,GER1,stuttgart,2022-04-30 13:30:00,17799,0.0397,13.0
2021-22,GER1,stuttgart,2022-05-08 15:30:00,17812,0.0184,14.0
2021-22,GER1,stuttgart,2022-05-14 13:30:00,17816,-0.0032,13.0
2021-22,GER1,tsg hoffenheim,2021-08-14 13:30:00,17518,-0.0291,13.0
2021-22,GER1,tsg hoffenheim,2021-08-22 13:30:00,17532,0.0855,12.0
2021-22,GER1,tsg hoffenheim,2021-08-27 18:30:00,17534,0.0498,14.0
2021-22,GER1,tsg hoffenheim,2021-09-11 13:30:00,17544,0.0747,15.0
2021-22,GER1,tsg hoffenheim,2021-09-18 13:30:00,17555,0.0197,14.0
2021-22,GER1,tsg hoffenheim,2021-09-25 13:30:00,17566,0.0407,13.0
2021-22,GER1,tsg hoffenheim,2021-10-02 13:30:00,17574,0.0143,14.0
2021-22,GER1,tsg hoffenheim,2021-10-15 18:30:00,17581,-0.0189,14.0
2021-22,GER1,tsg hoffenheim,2021-10-23 13:30:00,17596,-0.0276,14.0
2021-22,GER1,tsg hoffenheim,2021-10-29 18:30:00,17599,-0.0136,14.0
2021-22,GER1,tsg hoffenheim,2021-11-06 14:30:00,17607,0.0036,14.0
2021-22,GER1,tsg hoffenheim,2021-11-20 14:30:00,17618,-0.0512,13.0
2021-22,GER1,tsg hoffenheim,2021-11-27 14:30:00,17624,-0.0147,13.0
2021-22,GER1,tsg hoffenheim,2021-12-04 14:30:00,17636,0.0345,13.0
2021-22,GER1,tsg hoffenheim,2021-12-11 14:30:00,17646,-0.0097,13.0
2021-22,GER1,tsg hoffenheim,2021-12-15 19:30:00,17657,0.0197,14.0
2021-22,GER1,tsg hoffenheim,2021-12-18 14:30:00,17664,0.0367,12.0
2021-22,GER1,tsg hoffenheim,2022-01-08 14:30:00,17672,0.0667,13.0
2021-22,GER1,tsg hoffenheim,2022-01-15 14:30:00,17684,0.0894,12.0
2021-22,GER1,tsg hoffenheim,2022-01-22 14:30:00,17690,-0.0146,11.0
2021-22,GER1,tsg hoffenheim,2022-02-05 14:30:00,17700,-0.0246,12.0
2021-22,GER1,tsg hoffenheim,2022-02-13 16:30:00,17707,-0.0088,13.0
2021-22,GER1,tsg hoffenheim,2022-02-19 14:30:00,17720,0.0262,14.0
2021-22,GER1,tsg hoffenheim,2022-02-25 19:30:00,17726,0.0403,13.0
2021-22,GER1,tsg hoffenheim,2022-03-06 16:30:00,17733,0.0466,13.0
2021-22,GER1,tsg hoffenheim,2022-03-12 14:30:00,17743,0.0753,15.0
2021-22,GER1,tsg hoffenheim,2022-03-19 14:30:00,17753,0.1304,11.0
2021-22,GER1,tsg hoffenheim,2022-04-02 13:30:00,17761,0.0998,14.0
2021-22,GER1,tsg hoffenheim,2022-04-10 17:30:00,17775,0.1034,12.0
2021-22,GER1,tsg hoffenheim,2022-04-17 15:30:00,17780,0.0731,14.0
2021-22,GER1,tsg hoffenheim,2022-04-23 13:30:00,17791,0.052,13.0
2021-22,GER1,tsg hoffenheim,2022-04-30 16:30:00,17798,-0.0238,13.0
2021-22,GER1,tsg hoffenheim,2022-05-07 13:30:00,17808,-0.0399,14.0
2021-22,GER1,tsg hoffenheim,2022-05-14 13:30:00,17817,0.0576,12.0
2021-22,GER1,union berlin,2021-08-14 13:30:00,17520,-0.0568,12.0
2021-22,GER1,union berlin,2021-08-22 13:30:00,17532,-0.0816,12.0
2021-22,GER1,union berlin,2021-08-29 13:30:00,17541,-0.0578,10.0
2021-22,GER1,union berlin,2021-09-11 13:30:00,17546,-0.0093,14.0
2021-22,GER1,union berlin,2021-09-19 15:30:00,17559,0.0077,15.0
2021-22,GER1,union berlin,2021-09-25 13:30:00,17562,0.0424,13.0
2021-22,GER1,union berlin,2021-10-03 13:30:00,17573,0.0387,11.0
2021-22,GER1,union berlin,2021-10-16 13:30:00,17584,0.0464,12.0
2021-22,GER1,union berlin,2021-10-24 15:30:00,17593,0.0511,13.0
2021-22,GER1,union berlin,2021-10-30 13:30:00,17602,0.0206,15.0
2021-22,GER1,union berlin,2021-11-07 16:30:00,17608,0.0431,12.0
2021-22,GER1,union berlin,2021-11-20 17:30:00,17621,-0.018,12.0
2021-22,GER1,union berlin,2021-11-28 14:30:00,17629,0.0315,15.0
2021-22,GER1,union berlin,2021-12-03 19:30:00,17639,0.0506,14.0
2021-22,GER1,union berlin,2021-12-12 14:30:00,17642,0.2175,12.0
2021-22,GER1,union berlin,2021-12-15 19:30:00,17656,0.0445,12.0
2021-22,GER1,union berlin,2021-12-18 14:30:00,17661,0.0682,14.0
2021-22,GER1,union berlin,2022-01-08 14:30:00,17674,0.0468,15.0
2021-22,GER1,union berlin,2022-01-15 14:30:00,17684,0.0704,13.0
2021-22,GER1,union berlin,2022-01-22 14:30:00,17692,0.1082,13.0
2021-22,GER1,union berlin,2022-02-05 14:30:00,17699,0.061,15.0
2021-22,GER1,union berlin,2022-02-13 14:30:00,17710,0.1603,12.0
2021-22,GER1,union berlin,2022-02-19 14:30:00,17715,0.1445,13.0
2021-22,GER1,union berlin,2022-02-26 14:30:00,17729,0.0526,13.0
2021-22,GER1,union berlin,2022-03-05 14:30:00,17738,0.1227,14.0
2021-22,GER1,union berlin,2022-03-12 14:30:00,17746,0.0253,12.0
2021-22,GER1,union berlin,2022-03-19 17:30:00,17758,0.061,13.0
2021-22,GER1,union berlin,2022-04-01 18:30:00,17764,0.0169,12.0
2021-22,GER1,union berlin,2022-04-09 16:30:00,17771,0.0366,14.0
2021-22,GER1,union berlin,2022-04-17 15:30:00,17783,0.0628,12.0
2021-22,GER1,union berlin,2022-04-23 13:30:00,17793,0.0267,13.0
2021-22,GER1,union berlin,2022-04-29 18:30:00,17801,0.0311,14.0
2021-22,GER1,union berlin,2022-05-07 13:30:00,17809,0.0148,12.0
2021-22,GER1,union berlin,2022-05-14 13:30:00,17818,-0.0076,13.0
2021-22,GER1,wolfsburg,2021-08-14 13:30:00,17521,0.0535,10.0
2021-22,GER1,wolfsburg,2021-08-21 13:30:00,17528,0.0588,11.0
2021-22,GER1,wolfsburg,2021-08-29 15:30:00,17542,0.0108,11.0
2021-22,GER1,wolfsburg,2021-09-11 13:30:00,17543,-0.0089,12.0
2021-22,GER1,wolfsburg,2021-09-19 17:30:00,17560,0.0367,11.0
2021-22,GER1,wolfsburg,2021-09-25 13:30:00,17566,0.0547,11.0
2021-22,GER1,wolfsburg,2021-10-02 13:30:00,17575,0.0226,12.0
2021-22,GER1,wolfsburg,2021-10-16 13:30:00,17584,-0.0662,11.0
2021-22,GER1,wolfsburg,2021-10-23 13:30:00,17594,-0.0862,11.0
2021-22,GER1,wolfsburg,2021-10-30 13:30:00,17603,-0.0724,13.0
2021-22,GER1,wolfsburg,2021-11-06 14:30:00,17612,0.0036,12.0
2021-22,GER1,wolfsburg,2021-11-20 14:30:00,17615,0.0106,13.0
2021-22,GER1,wolfsburg,2021-11-27 14:30:00,17630,0.0003,12.0
2021-22,GER1,wolfsburg,2021-12-04 14:30:00,17635,0.0169,13.0
2021-22,GER1,wolfsburg,2021-12-11 17:30:00,17648,-0.0087,13.0
2021-22,GER1,wolfsburg,2021-12-14 19:30:00,17658,0.0071,12.0
2021-22,GER1,wolfsburg,2021-12-17 19:30:00,17668,-0.037,11.0
2021-22,GER1,wolfsburg,2022-01-09 16:30:00,17670,-0.0199,12.0
2021-22,GER1,wolfsburg,2022-01-15 14:30:00,17685,-0.0432,12.0
2021-22,GER1,wolfsburg,2022-01-23 14:30:00,17695,-0.0286,10.0
2021-22,GER1,wolfsburg,2022-02-06 16:30:00,17702,0.0187,12.0
2021-22,GER1,wolfsburg,2022-02-12 14:30:00,17712,0.0629,12.0
2021-22,GER1,wolfsburg,2022-02-19 14:30:00,17720,0.027,12.0
2021-22,GER1,wolfsburg,2022-02-26 14:30:00,17728,0.0332,13.0
2021-22,GER1,wolfsburg,2022-03-05 14:30:00,17738,0.0183,13.0
2021-22,GER1,wolfsburg,2022-03-12 14:30:00,17744,-0.016,14.0
2021-22,GER1,wolfsburg,2022-03-20 16:30:00,17756,-0.0311,12.0
2021-22,GER1,wolfsburg,2022-04-03 13:30:00,17760,-0.0112,14.0
2021-22,GER1,wolfsburg,2022-04-09 13:30:00,17774,-0.0545,13.0
2021-22,GER1,wolfsburg,2022-04-16 13:30:00,17785,-0.0587,14.0
2021-22,GER1,wolfsburg,2022-04-22 18:30:00,17792,-0.0495,14.0
2021-22,GER1,wolfsburg,2022-04-30 13:30:00,17799,0.0151,12.0
2021-22,GER1,wolfsburg,2022-05-07 13:30:00,17806,0.0265,12.0
2021-22,GER1,wolfsburg,2022-05-14 13:30:00,17820,0.0209,12.0
2022-23,ENG1,arsenal,2022-08-05 19:00:00,18202,0.0223,9.0
2022-23,ENG1,arsenal,2022-08-13 14:00:00,18217,0.0049,10.0
2022-23,ENG1,arsenal,2022-08-20 16:30:00,18227,0.0064,13.0
2022-23,ENG1,arsenal,2022-08-27 16:30:00,18238,-0.0212,11.0
2022-23,ENG1,arsenal,2022-08-31 18:30:00,18247,0.0133,11.0
2022-23,ENG1,arsenal,2022-09-04 15:30:00,18261,0.0806,12.0
2022-23,ENG1,arsenal,2022-09-18 11:00:00,18280,-0.0006,11.0
2022-23,ENG1,arsenal,2022-10-01 11:30:00,18282,0.017,12.0
2022-23,ENG1,arsenal,2022-10-09 15:30:00,18292,0.005,10.0
2022-23,ENG1,arsenal,2022-10-16 13:00:00,18305,0.0403,12.0
2022-23,ENG1,arsenal,2022-10-23 13:00:00,18328,0.0194,12.0
2022-23,ENG1,arsenal,2022-10-30 14:00:00,18332,0.0013,15.0
2022-23,ENG1,arsenal,2022-11-06 12:00:00,18343,0.0348,11.0
2022-23,ENG1,arsenal,2022-11-12 19:45:00,18361,0.0506,11.0
2022-23,ENG1,arsenal,2022-12-26 20:00:00,18362,0.0291,11.0
2022-23,ENG1,arsenal,2022-12-31 17:30:00,18373,-0.0214,13.0
2022-23,ENG1,arsenal,2023-01-03 19:45:00,18382,0.0042,11.0
2022-23,ENG1,arsenal,2023-01-15 16:30:00,18400,0.0005,10.0
2022-23,ENG1,arsenal,2023-01-22 16:30:00,18402,0.0143,11.0
2022-23,ENG1,arsenal,2023-02-04 12:30:00,18416,0.0397,13.0
2022-23,ENG1,arsenal,2023-02-11 15:00:00,18422,0.0217,11.0
2022-23,ENG1,arsenal,2023-02-15 18:30:00,18312,0.0041,10.0
2022-23,ENG1,arsenal,2023-02-18 12:30:00,18432,-0.0212,11.0
2022-23,ENG1,arsenal,2023-02-25 15:00:00,18447,-0.0004,11.0
2022-23,ENG1,arsenal,2023-03-01 20:00:00,18269,-0.0098,13.0
2022-23,ENG1,arsenal,2023-03-04 15:00:00,18452,0.0767,13.0
2022-23,ENG1,arsenal,2023-03-12 14:00:00,18465,0.0573,14.0
2022-23,ENG1,arsenal,2023-03-19 14:00:00,18472,0.0919,12.0
2022-23,ENG1,arsenal,2023-04-01 14:00:00,18482,0.1135,12.0
2022-23,ENG1,arsenal,2023-04-09 15:30:00,18497,0.1079,10.0
2022-23,ENG1,arsenal,2023-04-16 13:00:00,18510,0.0858,12.0
2022-23,ENG1,arsenal,2023-04-21 19:00:00,18512,0.1653,12.0
2022-23,ENG1,arsenal,2023-04-26 19:00:00,18531,0.0866,13.0
2022-23,ENG1,arsenal,2023-05-02 19:00:00,18532,0.0227,12.0
2022-23,ENG1,arsenal,2023-05-07 15:30:00,18547,0.0524,10.0
2022-23,ENG1,arsenal,2023-05-14 15:30:00,18552,-0.0058,13.0
2022-23,ENG1,arsenal,2023-05-20 16:30:00,18568,-0.0103,13.0
2022-23,ENG1,arsenal,2023-05-28 15:30:00,18572,-0.0704,13.0
2022-23,ENG1,aston villa,2022-08-06 14:00:00,18204,-0.0351,9.0
2022-23,ENG1,aston villa,2022-08-13 11:30:00,18212,-0.0691,9.0
2022-23,ENG1,aston villa,2022-08-20 14:00:00,18223,-0.119,11.0
2022-23,ENG1,aston villa,2022-08-28 13:00:00,18239,-0.0993,11.0
2022-23,ENG1,aston villa,2022-08-31 18:30:00,18247,-0.1264,10.0
2022-23,ENG1,aston villa,2022-09-03 16:30:00,18258,-0.138,11.0
2022-23,ENG1,aston villa,2022-09-16 19:00:00,18272,-0.1427,12.0
2022-23,ENG1,aston villa,2022-10-02 15:30:00,18286,-0.1087,11.0
2022-23,ENG1,aston villa,2022-10-10 19:00:00,18300,-0.1061,10.0
2022-23,ENG1,aston villa,2022-10-16 13:00:00,18302,-0.1186,11.0
2022-23,ENG1,aston villa,2022-10-20 18:30:00,18316,-0.0826,11.0
2022-23,ENG1,aston villa,2022-10-23 13:00:00,18322,-0.1037,11.0
2022-23,ENG1,aston villa,2022-10-29 14:00:00,18341,-0.0145,13.0
2022-23,ENG1,aston villa,2022-11-06 14:00:00,18342,-0.0587,10.0
2022-23,ENG1,aston villa,2022-11-13 14:00:00,18353,-0.1016,10.0
2022-23,ENG1,aston villa,2022-12-26 17:30:00,18363,-0.062,9.0
2022-23,ENG1,aston villa,2023-01-01 14:00:00,18379,-0.071,10.0
2022-23,ENG1,aston villa,2023-01-04 20:00:00,18383,-0.0634,12.0
2022-23,ENG1,aston villa,2023-01-13 20:00:00,18392,-0.0207,10.0
2022-23,ENG1,aston villa,2023-01-21 15:00:00,18410,-0.0888,10.0
2022-23,ENG1,aston villa,2023-02-04 15:00:00,18412,-0.0962,11.0
2022-23,ENG1,aston villa,2023-02-12 16:30:00,18429,-0.0644,12.0
2022-23,ENG1,aston villa,2023-02-18 12:30:00,18432,-0.1056,11.0
2022-23,ENG1,aston villa,2023-02-25 15:00:00,18444,-0.106,10.0
2022-23,ENG1,aston villa,2023-03-04 15:00:00,18453,-0.0546,11.0
2022-23,ENG1,aston villa,2023-03-12 14:00:00,18471,-0.0638,10.0
2022-23,ENG1,aston villa,2023-03-18 15:00:00,18473,-0.0627,9.0
2022-23,ENG1,aston villa,2023-04-01 16:30:00,18485,-0.014,11.0
2022-23,ENG1,aston villa,2023-04-04 18:45:00,18263,0.0005,9.0
2022-23,ENG1,aston villa,2023-04-08 14:00:00,18492,0.0219,11.0
2022-23,ENG1,aston villa,2023-04-15 11:30:00,18502,0.0055,9.0
2022-23,ENG1,aston villa,2023-04-22 14:00:00,18514,0.0419,13.0
2022-23,ENG1,aston villa,2023-04-25 18:45:00,18528,0.0208,11.0
2022-23,ENG1,aston villa,2023-04-30 13:00:00,18540,-0.0145,12.0
2022-23,ENG1,aston villa,2023-05-06 14:00:00,18551,-0.0126,11.0
2022-23,ENG1,aston villa,2023-05-13 14:00:00,18553,-0.019,10.0
2022-23,ENG1,aston villa,2023-05-20 14:00:00,18565,-0.007,11.0
2022-23,ENG1,aston villa,2023-05-28 15:30:00,18573,-0.0355,9.0
2022-23,ENG1,bournemouth,2022-08-20 16:30:00,18227,-0.0873,10.0
2022-23,ENG1,bournemouth,2022-08-27 14:00:00,18236,-0.0979,10.0
2022-23,ENG1,bournemouth,2022-08-31 18:30:00,18248,-0.1048,13.0
2022-23,ENG1,bournemouth,2022-09-03 14:00:00,18254,-0.1011,12.0
2022-23,ENG1,bournemouth,2022-09-17 14:00:00,18275,-0.0921,11.0
2022-23,ENG1,bournemouth,2022-10-01 14:00:00,18283,-0.0962,12.0
2022-23,ENG1,bournemouth,2022-10-08 14:00:00,18293,-0.0824,12.0
2022-23,ENG1,bournemouth,2022-10-15 14:00:00,18304,-0.0637,12.0
2022-23,ENG1,bournemouth,2022-10-19 18:30:00,18313,-0.0316,11.0
2022-23,ENG1,bournemouth,2022-10-24 19:00:00,18330,-0.0261,15.0
2022-23,ENG1,bournemouth,2022-10-29 14:00:00,18333,-0.022,13.0
2022-23,ENG1,bournemouth,2022-11-05 15:00:00,18345,-0.0201,12.0
2022-23,ENG1,bournemouth,2022-11-12 15:00:00,18352,0.0009,12.0
2022-23,ENG1,bournemouth,2022-12-27 17:30:00,18365,0.038,13.0
2022-23,ENG1,bournemouth,2022-12-31 15:00:00,18372,0.0336,11.0
2022-23,ENG1,bournemouth,2023-01-03 20:00:00,18390,0.0138,13.0
2022-23,ENG1,bournemouth,2023-01-14 17:30:00,18393,0.0135,13.0
2022-23,ENG1,bournemouth,2023-01-21 15:00:00,18403,0.0057,11.0
2022-23,ENG1,bournemouth,2023-02-04 15:00:00,18414,0.0377,10.0
2022-23,ENG1,bournemouth,2023-02-11 17:30:00,18423,-0.0131,12.0
2022-23,ENG1,bournemouth,2023-02-18 15:00:00,18441,0.0281,13.0
2022-23,ENG1,bournemouth,2023-02-25 17:30:00,18442,0.0091,14.0
2022-23,ENG1,bournemouth,2023-03-04 15:00:00,18452,0.0108,14.0
2022-23,ENG1,bournemouth,2023-03-11 12:30:00,18462,0.0204,12.0
2022-23,ENG1,bournemouth,2023-03-18 15:00:00,18473,0.0246,13.0
2022-23,ENG1,bournemouth,2023-04-01 14:00:00,18483,0.0409,14.0
2022-23,ENG1,bournemouth,2023-04-04 18:45:00,18266,0.0737,12.0
2022-23,ENG1,bournemouth,2023-04-08 14:00:00,18496,0.0621,13.0
2022-23,ENG1,bournemouth,2023-04-15 14:00:00,18509,0.0946,12.0
2022-23,ENG1,bournemouth,2023-04-23 13:00:00,18513,0.0689,15.0
2022-23,ENG1,bournemouth,2023-04-27 18:45:00,18530,0.0845,11.0
2022-23,ENG1,bournemouth,2023-04-30 13:00:00,18533,0.0612,14.0
2022-23,ENG1,bournemouth,2023-05-06 14:00:00,18542,0.0411,12.0
2022-23,ENG1,bournemouth,2023-05-13 14:00:00,18556,0.0469,13.0
2022-23,ENG1,bournemouth,2023-05-20 14:00:00,18562,0.0193,14.0
2022-23,ENG1,bournemouth,2023-05-28 15:30:00,18577,0.0204,13.0
2022-23,ENG1,brentford,2022-08-07 13:00:00,18210,0.0077,12.0
2022-23,ENG1,brentford,2022-08-13 16:30:00,18218,0.0136,13.0
2022-23,ENG1,brentford,2022-08-20 14:00:00,18225,0.0104,13.0
2022-23,ENG1,brentford,2022-08-27 14:00:00,18233,0.0312,13.0
2022-23,ENG1,brentford,2022-08-30 18:30:00,18243,0.1284,14.0
2022-23,ENG1,brentford,2022-09-03 14:00:00,18257,0.0779,13.0
2022-23,ENG1,brentford,2022-09-18 11:00:00,18280,0.0696,15.0
2022-23,ENG1,brentford,2022-10-01 14:00:00,18283,0.1218,14.0
2022-23,ENG1,brentford,2022-10-08 14:00:00,18299,0.041,15.0
2022-23,ENG1,brentford,2022-10-14 19:00:00,18303,0.0632,13.0
2022-23,ENG1,brentford,2022-10-19 18:30:00,18314,-0.0186,13.0
2022-23,ENG1,brentford,2022-10-23 13:00:00,18322,-0.0186,14.0
2022-23,ENG1,brentford,2022-10-29 14:00:00,18334,-0.0422,12.0
2022-23,ENG1,brentford,2022-11-05 15:00:00,18347,-0.0174,13.0
2022-23,ENG1,brentford,2022-11-12 12:30:00,18356,-0.0103,12.0
2022-23,ENG1,brentford,2022-12-26 12:30:00,18364,0.0203,11.0
2022-23,ENG1,brentford,2022-12-30 19:45:00,18380,0.0575,13.0
2022-23,ENG1,brentford,2023-01-02 17:30:00,18384,-0.0249,12.0
2022-23,ENG1,brentford,2023-01-14 17:30:00,18393,0.038,12.0
2022-23,ENG1,brentford,2023-01-22 14:00:00,18406,0.0413,13.0
2022-23,ENG1,brentford,2023-02-04 15:00:00,18413,0.0067,14.0
2022-23,ENG1,brentford,2023-02-11 15:00:00,18422,0.0546,13.0
2022-23,ENG1,brentford,2023-02-18 15:00:00,18433,0.029,15.0
2022-23,ENG1,brentford,2023-03-06 20:00:00,18454,0.0002,11.0
2022-23,ENG1,brentford,2023-03-11 15:00:00,18464,-0.0121,15.0
2022-23,ENG1,brentford,2023-03-15 19:30:00,18265,0.0254,13.0
2022-23,ENG1,brentford,2023-03-18 15:00:00,18474,0.0541,14.0
2022-23,ENG1,brentford,2023-04-01 14:00:00,18484,0.0199,12.0
2022-23,ENG1,brentford,2023-04-05 19:00:00,18448,0.0069,16.0
2022-23,ENG1,brentford,2023-04-08 14:00:00,18493,0.0232,13.0
2022-23,ENG1,brentford,2023-04-15 14:00:00,18511,0.006,16.0
2022-23,ENG1,brentford,2023-04-22 14:00:00,18514,-0.006,14.0
2022-23,ENG1,brentford,2023-04-26 18:45:00,18529,0.0082,13.0
2022-23,ENG1,brentford,2023-04-29 14:00:00,18534,0.011,16.0
2022-23,ENG1,brentford,2023-05-06 16:30:00,18545,-0.0162,12.0
2022-23,ENG1,brentford,2023-05-14 13:00:00,18554,-0.0508,12.0
2022-23,ENG1,brentford,2023-05-20 11:30:00,18569,0.0074,13.0
2022-23,ENG1,brentford,2023-05-28 15:30:00,18574,0.0576,12.0
2022-23,ENG1,brighton hove albion,2022-08-07 13:00:00,18209,0.0824,13.0
2022-23,ENG1,brighton hove albion,2022-08-13 14:00:00,18213,0.1147,13.0
2022-23,ENG1,brighton hove albion,2022-08-21 13:00:00,18229,0.1014,11.0
2022-23,ENG1,brighton hove albion,2022-08-27 14:00:00,18234,0.1037,12.0
2022-23,ENG1,brighton hove albion,2022-08-30 18:30:00,18242,0.0783,12.0
2022-23,ENG1,brighton hove albion,2022-09-04 13:00:00,18259,0.0491,11.0
2022-23,ENG1,brighton hove albion,2022-10-01 14:00:00,18288,0.0911,12.0
2022-23,ENG1,brighton hove albion,2022-10-08 16:30:00,18294,0.1058,11.0
2022-23,ENG1,brighton hove albion,2022-10-14 19:00:00,18303,0.1161,12.0
2022-23,ENG1,brighton hove albion,2022-10-18 18:30:00,18315,0.1031,12.0
2022-23,ENG1,brighton hove albion,2022-10-22 14:00:00,18326,0.1137,12.0
2022-23,ENG1,brighton hove albion,2022-10-29 14:00:00,18335,0.1185,11.0
2022-23,ENG1,brighton hove albion,2022-11-05 15:00:00,18351,0.126,11.0
2022-23,ENG1,brighton hove albion,2022-11-13 14:00:00,18353,0.1097,10.0
2022-23,ENG1,brighton hove albion,2022-12-26 15:00:00,18371,0.0915,10.0
2022-23,ENG1,brighton hove albion,2022-12-31 17:30:00,18373,0.0682,12.0
2022-23,ENG1,brighton hove albion,2023-01-03 19:45:00,18387,0.0842,14.0
2022-23,ENG1,brighton hove albion,2023-01-14 15:00:00,18394,0.0941,12.0
2022-23,ENG1,brighton hove albion,2023-01-21 15:00:00,18407,0.1175,11.0
2022-23,ENG1,brighton hove albion,2023-02-04 15:00:00,18414,0.1852,13.0
2022-23,ENG1,brighton hove albion,2023-02-11 15:00:00,18424,0.1597,12.0
2022-23,ENG1,brighton hove albion,2023-02-18 15:00:00,18434,0.1274,12.0
2022-23,ENG1,brighton hove albion,2023-03-04 15:00:00,18455,0.1767,12.0
2022-23,ENG1,brighton hove albion,2023-03-11 15:00:00,18466,0.1816,11.0
2022-23,ENG1,brighton hove albion,2023-03-15 19:30:00,18276,0.229,12.0
2022-23,ENG1,brighton hove albion,2023-04-01 14:00:00,18484,0.2231,11.0
2022-23,ENG1,brighton hove albion,2023-04-04 18:45:00,18266,0.1814,12.0
2022-23,ENG1,brighton hove albion,2023-04-08 14:00:00,18500,0.2013,12.0
2022-23,ENG1,brighton hove albion,2023-04-15 14:00:00,18503,0.2334,12.0
2022-23,ENG1,brighton hove albion,2023-04-26 18:30:00,18524,0.2481,12.0
2022-23,ENG1,brighton hove albion,2023-04-29 14:00:00,18535,0.2294,14.0
2022-23,ENG1,brighton hove albion,2023-05-04 19:00:00,18475,0.2598,13.0
2022-23,ENG1,brighton hove albion,2023-05-08 16:30:00,18543,0.2437,14.0
2022-23,ENG1,brighton hove albion,2023-05-14 15:30:00,18552,0.2924,11.0
2022-23,ENG1,brighton hove albion,2023-05-18 18:30:00,18449,0.1852,12.0
2022-23,ENG1,brighton hove albion,2023-05-21 13:00:00,18563,0.165,13.0
2022-23,ENG1,brighton hove albion,2023-05-24 19:00:00,18515,0.1805,14.0
2022-23,ENG1,brighton hove albion,2023-05-28 15:30:00,18573,0.1298,13.0
2022-23,ENG1,chelsea,2022-08-06 16:30:00,18208,0.0574,12.0
2022-23,ENG1,chelsea,2022-08-14 15:30:00,18220,0.0378,11.0
2022-23,ENG1,chelsea,2022-08-21 13:00:00,18228,0.0609,14.0
2022-23,ENG1,chelsea,2022-08-27 14:00:00,18235,0.0259,14.0
2022-23,ENG1,chelsea,2022-08-30 18:45:00,18244,0.0106,15.0
2022-23,ENG1,chelsea,2022-09-03 14:00:00,18260,0.0222,15.0
2022-23,ENG1,chelsea,2022-10-01 14:00:00,18284,-0.0001,11.0
2022-23,ENG1,chelsea,2022-10-08 14:00:00,18295,-0.0819,13.0
2022-23,ENG1,chelsea,2022-10-16 13:00:00,18302,-0.0133,14.0
2022-23,ENG1,chelsea,2022-10-19 18:30:00,18314,-0.0536,14.0
2022-23,ENG1,chelsea,2022-10-22 15:30:00,18323,-0.0319,14.0
2022-23,ENG1,chelsea,2022-10-29 14:00:00,18335,-0.0709,15.0
2022-23,ENG1,chelsea,2022-11-06 12:00:00,18343,-0.0849,15.0
2022-23,ENG1,chelsea,2022-11-12 17:30:00,18357,-0.0607,14.0
2022-23,ENG1,chelsea,2022-12-27 17:30:00,18365,-0.0979,11.0
2022-23,ENG1,chelsea,2023-01-01 16:30:00,18378,-0.1209,14.0
2022-23,ENG1,chelsea,2023-01-05 20:00:00,18385,-0.0956,12.0
2022-23,ENG1,chelsea,2023-01-12 19:00:00,18262,-0.0436,11.0
2022-23,ENG1,chelsea,2023-01-15 14:00:00,18395,-0.0542,11.0
2022-23,ENG1,chelsea,2023-01-21 12:30:00,18408,-0.0379,9.0
2022-23,ENG1,chelsea,2023-02-03 20:00:00,18415,-0.0203,9.0
2022-23,ENG1,chelsea,2023-02-11 12:30:00,18431,0.1627,10.0
2022-23,ENG1,chelsea,2023-02-18 15:00:00,18435,0.0294,12.0
2022-23,ENG1,chelsea,2023-02-26 13:30:00,18450,0.0361,13.0
2022-23,ENG1,chelsea,2023-03-04 15:00:00,18456,-0.0556,12.0
2022-23,ENG1,chelsea,2023-03-11 15:00:00,18467,-0.0587,13.0
2022-23,ENG1,chelsea,2023-03-18 17:30:00,18476,-0.029,10.0
2022-23,ENG1,chelsea,2023-04-01 16:30:00,18485,-0.0557,12.0
2022-23,ENG1,chelsea,2023-04-04 19:00:00,18281,-0.0203,11.0
2022-23,ENG1,chelsea,2023-04-08 14:00:00,18501,-0.0048,14.0
2022-23,ENG1,chelsea,2023-04-15 14:00:00,18503,-0.0516,14.0
2022-23,ENG1,chelsea,2023-04-26 18:45:00,18529,-0.0289,14.0
2022-23,ENG1,chelsea,2023-05-02 19:00:00,18532,0.0181,13.0
2022-23,ENG1,chelsea,2023-05-06 14:00:00,18542,-0.0258,13.0
2022-23,ENG1,chelsea,2023-05-13 14:00:00,18555,-0.0882,13.0
2022-23,ENG1,chelsea,2023-05-21 15:00:00,18566,-0.0806,12.0
2022-23,ENG1,chelsea,2023-05-25 19:00:00,18520,-0.0441,12.0
2022-23,ENG1,chelsea,2023-05-28 15:30:00,18575,-0.076,14.0
2022-23,ENG1,crystal palace,2022-08-05 19:00:00,18202,0.0589,12.0
2022-23,ENG1,crystal palace,2022-08-15 19:00:00,18221,0.0709,11.0
2022-23,ENG1,crystal palace,2022-08-20 14:00:00,18223,0.0724,12.0
2022-23,ENG1,crystal palace,2022-08-27 14:00:00,18237,0.0997,14.0
2022-23,ENG1,crystal palace,2022-08-30 18:30:00,18243,0.0271,13.0
2022-23,ENG1,crystal palace,2022-09-03 14:00:00,18253,0.0178,13.0
2022-23,ENG1,crystal palace,2022-10-01 14:00:00,18284,-0.0196,12.0
2022-23,ENG1,crystal palace,2022-10-09 13:00:00,18296,-0.0268,12.0
2022-23,ENG1,crystal palace,2022-10-15 11:30:00,18306,-0.0064,14.0
2022-23,ENG1,crystal palace,2022-10-18 19:15:00,18318,-0.0408,10.0
2022-23,ENG1,crystal palace,2022-10-22 14:00:00,18324,-0.0503,13.0
2022-23,ENG1,crystal palace,2022-10-29 14:00:00,18336,-0.0655,13.0
2022-23,ENG1,crystal palace,2022-11-06 14:00:00,18350,-0.064,11.0
2022-23,ENG1,crystal palace,2022-11-12 15:00:00,18358,-0.0378,13.0
2022-23,ENG1,crystal palace,2022-12-26 15:00:00,18366,-0.0618,12.0
2022-23,ENG1,crystal palace,2022-12-31 15:00:00,18372,-0.0722,12.0
2022-23,ENG1,crystal palace,2023-01-04 20:00:00,18386,-0.0555,13.0
2022-23,ENG1,crystal palace,2023-01-15 14:00:00,18395,-0.0358,14.0
2022-23,ENG1,crystal palace,2023-01-18 15:30:00,18270,0.0021,13.0
2022-23,ENG1,crystal palace,2023-01-21 17:30:00,18404,-0.0059,14.0
2022-23,ENG1,crystal palace,2023-02-04 15:00:00,18417,-0.0092,12.0
2022-23,ENG1,crystal palace,2023-02-11 15:00:00,18424,-0.0369,13.0
2022-23,ENG1,crystal palace,2023-02-18 15:00:00,18433,-0.0736,11.0
2022-23,ENG1,crystal palace,2023-02-25 19:45:00,18443,-0.0795,12.0
2022-23,ENG1,crystal palace,2023-03-04 15:00:00,18453,-0.0617,13.0
2022-23,ENG1,crystal palace,2023-03-11 17:30:00,18463,-0.1005,13.0
2022-23,ENG1,crystal palace,2023-03-15 19:30:00,18276,-0.1082,12.0
2022-23,ENG1,crystal palace,2023-03-19 14:00:00,18472,-0.0961,11.0
2022-23,ENG1,crystal palace,2023-04-01 14:00:00,18486,-0.0302,11.0
2022-23,ENG1,crystal palace,2023-04-09 13:00:00,18495,-0.0175,11.0
2022-23,ENG1,crystal palace,2023-04-15 14:00:00,18508,0.0659,11.0
2022-23,ENG1,crystal palace,2023-04-22 14:00:00,18516,0.0284,13.0
2022-23,ENG1,crystal palace,2023-04-25 18:30:00,18527,0.0438,14.0
2022-23,ENG1,crystal palace,2023-04-29 11:30:00,18536,0.026,10.0
2022-23,ENG1,crystal palace,2023-05-06 14:00:00,18549,0.0427,11.0
2022-23,ENG1,crystal palace,2023-05-13 14:00:00,18556,0.0187,12.0
2022-23,ENG1,crystal palace,2023-05-20 14:00:00,18564,-0.0092,10.0
2022-23,ENG1,crystal palace,2023-05-28 15:30:00,18576,-0.0315,12.0
2022-23,ENG1,everton,2022-08-06 16:30:00,18208,-0.0585,12.0
2022-23,ENG1,everton,2022-08-13 11:30:00,18212,-0.0474,11.0
2022-23,ENG1,everton,2022-08-20 14:00:00,18224,-0.0043,11.0
2022-23,ENG1,everton,2022-08-27 14:00:00,18233,-0.0565,10.0
2022-23,ENG1,everton,2022-08-30 19:00:00,18245,-0.0494,10.0
2022-23,ENG1,everton,2022-09-03 11:30:00,18252,-0.0226,10.0
2022-23,ENG1,everton,2022-09-18 13:15:00,18277,-0.0077,10.0
2022-23,ENG1,everton,2022-10-01 14:00:00,18290,-0.0525,12.0
2022-23,ENG1,everton,2022-10-09 18:00:00,18297,-0.0371,12.0
2022-23,ENG1,everton,2022-10-15 16:30:00,18310,-0.0314,11.0
2022-23,ENG1,everton,2022-10-19 18:30:00,18319,-0.0783,12.0
2022-23,ENG1,everton,2022-10-22 14:00:00,18324,-0.1058,11.0
2022-23,ENG1,everton,2022-10-29 16:30:00,18337,-0.0869,13.0
2022-23,ENG1,everton,2022-11-05 17:30:00,18344,-0.0183,15.0
2022-23,ENG1,everton,2022-11-12 15:00:00,18352,-0.0158,11.0
2022-23,ENG1,everton,2022-12-26 15:00:00,18367,-0.0338,12.0
2022-23,ENG1,everton,2022-12-31 15:00:00,18376,-0.0477,12.0
2022-23,ENG1,everton,2023-01-03 19:45:00,18387,-0.0369,13.0
2022-23,ENG1,everton,2023-01-14 15:00:00,18396,-0.0498,11.0
2022-23,ENG1,everton,2023-01-21 15:00:00,18411,-0.0456,12.0
2022-23,ENG1,everton,2023-02-04 12:30:00,18416,-0.1039,11.0
2022-23,ENG1,everton,2023-02-13 20:00:00,18428,-0.0691,12.0
2022-23,ENG1,everton,2023-02-18 15:00:00,18436,-0.0999,11.0
2022-23,ENG1,everton,2023-02-25 15:00:00,18444,-0.0712,12.0
2022-23,ENG1,everton,2023-03-01 20:00:00,18269,-0.0341,13.0
2022-23,ENG1,everton,2023-03-05 14:00:00,18459,-0.0215,11.0
2022-23,ENG1,everton,2023-03-11 15:00:00,18464,-0.0037,11.0
2022-23,ENG1,everton,2023-03-18 17:30:00,18476,-0.012,11.0
2022-23,ENG1,everton,2023-04-03 19:00:00,18487,0.0067,12.0
2022-23,ENG1,everton,2023-04-08 11:30:00,18498,-0.0046,14.0
2022-23,ENG1,everton,2023-04-15 14:00:00,18504,-0.0131,13.0
2022-23,ENG1,everton,2023-04-22 14:00:00,18516,-0.0017,10.0
2022-23,ENG1,everton,2023-04-27 18:45:00,18522,0.0103,11.0
2022-23,ENG1,everton,2023-05-01 19:00:00,18538,-0.006,11.0
2022-23,ENG1,everton,2023-05-08 16:30:00,18543,0.0373,10.0
2022-23,ENG1,everton,2023-05-14 13:00:00,18557,0.0781,15.0
2022-23,ENG1,everton,2023-05-20 14:00:00,18571,0.0663,13.0
2022-23,ENG1,everton,2023-05-28 15:30:00,18577,0.0303,11.0
2022-23,ENG1,fulham,2022-08-06 11:30:00,18203,-0.0377,8.0
2022-23,ENG1,fulham,2022-08-13 14:00:00,18216,-0.0139,8.0
2022-23,ENG1,fulham,2022-08-20 14:00:00,18225,-0.0475,11.0
2022-23,ENG1,fulham,2022-08-27 16:30:00,18238,-0.003,13.0
2022-23,ENG1,fulham,2022-08-30 18:30:00,18242,-0.0185,11.0
2022-23,ENG1,fulham,2022-09-03 14:00:00,18255,0.0283,14.0
2022-23,ENG1,fulham,2022-09-16 19:00:00,18273,-0.0288,11.0
2022-23,ENG1,fulham,2022-10-01 14:00:00,18285,0.0753,12.0
2022-23,ENG1,fulham,2022-10-09 13:00:00,18301,0.0353,12.0
2022-23,ENG1,fulham,2022-10-15 14:00:00,18304,0.0151,12.0
2022-23,ENG1,fulham,2022-10-20 18:30:00,18316,-0.0118,12.0
2022-23,ENG1,fulham,2022-10-23 13:00:00,18325,-0.0109,11.0
2022-23,ENG1,fulham,2022-10-29 16:30:00,18337,0.0538,13.0
2022-23,ENG1,fulham,2022-11-05 15:00:00,18346,0.0049,13.0
2022-23,ENG1,fulham,2022-11-13 16:30:00,18354,0.0159,11.0
2022-23,ENG1,fulham,2022-12-26 15:00:00,18366,0.075,11.0
2022-23,ENG1,fulham,2022-12-31 15:00:00,18374,0.1301,12.0
2022-23,ENG1,fulham,2023-01-03 19:45:00,18389,0.1136,12.0
2022-23,ENG1,fulham,2023-01-12 19:00:00,18262,0.015,12.0
2022-23,ENG1,fulham,2023-01-15 14:00:00,18398,0.07,11.0
2022-23,ENG1,fulham,2023-01-23 20:00:00,18405,0.0264,11.0
2022-23,ENG1,fulham,2023-02-03 20:00:00,18415,0.0244,11.0
2022-23,ENG1,fulham,2023-02-11 15:00:00,18425,-0.01,11.0
2022-23,ENG1,fulham,2023-02-18 15:00:00,18434,-0.0106,11.0
2022-23,ENG1,fulham,2023-02-24 20:00:00,18445,-0.0223,11.0
2022-23,ENG1,fulham,2023-03-06 20:00:00,18454,0.0222,11.0
2022-23,ENG1,fulham,2023-03-12 14:00:00,18465,0.0137,12.0
2022-23,ENG1,fulham,2023-04-01 14:00:00,18483,0.015,12.0
2022-23,ENG1,fulham,2023-04-08 14:00:00,18494,0.0033,13.0
2022-23,ENG1,fulham,2023-04-15 14:00:00,18504,0.0316,12.0
2022-23,ENG1,fulham,2023-04-22 11:30:00,18517,-0.0161,10.0
2022-23,ENG1,fulham,2023-04-25 18:45:00,18528,0.0569,14.0
2022-23,ENG1,fulham,2023-04-30 13:00:00,18537,-0.0465,12.0
2022-23,ENG1,fulham,2023-05-03 19:00:00,18477,-0.0664,14.0
2022-23,ENG1,fulham,2023-05-08 14:00:00,18544,-0.0644,13.0
2022-23,ENG1,fulham,2023-05-13 14:00:00,18561,-0.0402,15.0
2022-23,ENG1,fulham,2023-05-20 14:00:00,18564,-0.0194,11.0
2022-23,ENG1,fulham,2023-05-28 15:30:00,18580,-0.002,13.0
2022-23,ENG1,leeds united,2022-08-06 14:00:00,18205,0.0236,11.0
2022-23,ENG1,leeds united,2022-08-13 14:00:00,18215,-0.0114,10.0
2022-23,ENG1,leeds united,2022-08-21 13:00:00,18228,-0.0012,12.0
2022-23,ENG1,leeds united,2022-08-27 14:00:00,18234,0.045,13.0
2022-23,ENG1,leeds united,2022-08-30 19:00:00,18245,0.0984,15.0
2022-23,ENG1,leeds united,2022-09-03 14:00:00,18257,0.0643,15.0
2022-23,ENG1,leeds united,2022-10-02 15:30:00,18286,0.0597,14.0
2022-23,ENG1,leeds united,2022-10-09 13:00:00,18296,0.0405,12.0
2022-23,ENG1,leeds united,2022-10-16 13:00:00,18305,0.0443,13.0
2022-23,ENG1,leeds united,2022-10-20 19:15:00,18317,0.0483,15.0
2022-23,ENG1,leeds united,2022-10-23 13:00:00,18325,0.0545,14.0
2022-23,ENG1,leeds united,2022-10-29 18:45:00,18339,0.0414,12.0
2022-23,ENG1,leeds united,2022-11-05 15:00:00,18345,0.0398,12.0
2022-23,ENG1,leeds united,2022-11-12 15:00:00,18359,0.0759,12.0
2022-23,ENG1,leeds united,2022-12-28 20:00:00,18368,0.0822,15.0
2022-23,ENG1,leeds united,2022-12-31 15:00:00,18377,0.0517,15.0
2022-23,ENG1,leeds united,2023-01-04 19:45:00,18388,0.0514,13.0
2022-23,ENG1,leeds united,2023-01-13 20:00:00,18392,0.0326,12.0
2022-23,ENG1,leeds united,2023-01-22 14:00:00,18406,0.0265,12.0
2022-23,ENG1,leeds united,2023-02-05 14:00:00,18419,0.0948,14.0
2022-23,ENG1,leeds united,2023-02-08 19:00:00,18279,0.0738,13.0
2022-23,ENG1,leeds united,2023-02-12 14:00:00,18426,0.034,13.0
2022-23,ENG1,leeds united,2023-02-18 15:00:00,18436,0.048,14.0
2022-23,ENG1,leeds united,2023-02-25 15:00:00,18446,0.0224,13.0
2022-23,ENG1,leeds united,2023-03-04 15:00:00,18456,-0.0282,12.0
2022-23,ENG1,leeds united,2023-03-11 15:00:00,18466,-0.0377,14.0
2022-23,ENG1,leeds united,2023-03-18 15:00:00,18481,-0.0418,13.0
2022-23,ENG1,leeds united,2023-04-01 14:00:00,18482,0.0291,15.0
2022-23,ENG1,leeds united,2023-04-04 18:45:00,18271,-0.0232,13.0
2022-23,ENG1,leeds united,2023-04-09 13:00:00,18495,0.011,14.0
2022-23,ENG1,leeds united,2023-04-17 19:00:00,18505,0.0148,15.0
2022-23,ENG1,leeds united,2023-04-22 11:30:00,18517,0.0226,13.0
2022-23,ENG1,leeds united,2023-04-25 19:00:00,18523,0.0488,13.0
2022-23,ENG1,leeds united,2023-04-30 13:00:00,18533,0.0348,14.0
2022-23,ENG1,leeds united,2023-05-06 14:00:00,18546,0.0507,14.0
2022-23,ENG1,leeds united,2023-05-13 11:30:00,18558,0.0022,13.0
2022-23,ENG1,leeds united,2023-05-21 12:30:00,18570,-0.0211,14.0
2022-23,ENG1,leeds united,2023-05-28 15:30:00,18578,-0.0413,14.0
2022-23,ENG1,leicester city,2022-08-07 13:00:00,18210,0.0092,11.0
2022-23,ENG1,leicester city,2022-08-13 14:00:00,18217,-0.0059,14.0
2022-23,ENG1,leicester city,2022-08-20 14:00:00,18226,0.0424,14.0
2022-23,ENG1,leicester city,2022-08-27 14:00:00,18235,-0.0091,13.0
2022-23,ENG1,leicester city,2022-09-01 19:00:00,18251,-0.0475,12.0
2022-23,ENG1,leicester city,2022-09-04 13:00:00,18259,-0.0753,15.0
2022-23,ENG1,leicester city,2022-09-17 16:30:00,18278,-0.0575,12.0
2022-23,ENG1,leicester city,2022-10-03 19:00:00,18287,-0.0598,12.0
2022-23,ENG1,leicester city,2022-10-08 14:00:00,18293,-0.0513,13.0
2022-23,ENG1,leicester city,2022-10-15 11:30:00,18306,-0.022,13.0
2022-23,ENG1,leicester city,2022-10-20 19:15:00,18317,-0.0345,14.0
2022-23,ENG1,leicester city,2022-10-23 13:00:00,18331,-0.0347,15.0
2022-23,ENG1,leicester city,2022-10-29 11:30:00,18338,-0.0209,14.0
2022-23,ENG1,leicester city,2022-11-05 17:30:00,18344,-0.0282,14.0
2022-23,ENG1,leicester city,2022-11-12 15:00:00,18360,-0.0011,16.0
2022-23,ENG1,leicester city,2022-12-26 15:00:00,18369,0.0646,15.0
2022-23,ENG1,leicester city,2022-12-30 20:00:00,18375,0.0485,14.0
2022-23,ENG1,leicester city,2023-01-03 19:45:00,18389,0.0277,13.0
2022-23,ENG1,leicester city,2023-01-14 15:00:00,18399,-0.0458,13.0
2022-23,ENG1,leicester city,2023-01-21 15:00:00,18407,-0.0116,13.0
2022-23,ENG1,leicester city,2023-02-04 15:00:00,18412,-0.0001,11.0
2022-23,ENG1,leicester city,2023-02-11 15:00:00,18427,0.0307,9.0
2022-23,ENG1,leicester city,2023-02-19 14:00:00,18437,0.0505,14.0
2022-23,ENG1,leicester city,2023-02-25 15:00:00,18447,0.0273,14.0
2022-23,ENG1,leicester city,2023-03-04 17:30:00,18460,0.0568,14.0
2022-23,ENG1,leicester city,2023-03-11 15:00:00,18467,0.0533,14.0
2022-23,ENG1,leicester city,2023-03-18 15:00:00,18474,0.0789,13.0
2022-23,ENG1,leicester city,2023-04-01 14:00:00,18486,0.048,12.0
2022-23,ENG1,leicester city,2023-04-04 18:45:00,18263,-0.025,11.0
2022-23,ENG1,leicester city,2023-04-08 14:00:00,18496,-0.0057,13.0
2022-23,ENG1,leicester city,2023-04-15 16:30:00,18506,-0.0394,14.0
2022-23,ENG1,leicester city,2023-04-22 14:00:00,18518,-0.0714,12.0
2022-23,ENG1,leicester city,2023-04-25 19:00:00,18523,0.0016,12.0
2022-23,ENG1,leicester city,2023-05-01 19:00:00,18538,-0.014,12.0
2022-23,ENG1,leicester city,2023-05-08 14:00:00,18544,0.066,15.0
2022-23,ENG1,leicester city,2023-05-15 19:00:00,18559,0.0969,14.0
2022-23,ENG1,leicester city,2023-05-22 19:00:00,18567,0.0396,14.0
2022-23,ENG1,leicester city,2023-05-28 15:30:00,18579,0.0329,13.0
2022-23,ENG1,liverpool,2022-08-06 11:30:00,18203,0.0661,13.0
2022-23,ENG1,liverpool,2022-08-15 19:00:00,18221,0.0285,10.0
2022-23,ENG1,liverpool,2022-08-22 19:00:00,18231,0.0438,11.0
2022-23,ENG1,liverpool,2022-08-27 14:00:00,18236,0.0179,11.0
2022-23,ENG1,liverpool,2022-08-31 19:00:00,18250,0.0913,11.0
2022-23,ENG1,liverpool,2022-09-03 11:30:00,18252,0.358,11.0
2022-23,ENG1,liverpool,2022-10-01 14:00:00,18288,0.034,14.0
2022-23,ENG1,liverpool,2022-10-09 15:30:00,18292,0.1598,13.0
2022-23,ENG1,liverpool,2022-10-16 15:30:00,18307,-0.0143,12.0
2022-23,ENG1,liverpool,2022-10-19 18:30:00,18320,0.1313,12.0
2022-23,ENG1,liverpool,2022-10-22 11:30:00,18327,-0.0659,12.0
2022-23,ENG1,liverpool,2022-10-29 18:45:00,18339,0.1161,11.0
2022-23,ENG1,liverpool,2022-11-06 16:30:00,18349,0.019,12.0
2022-23,ENG1,liverpool,2022-11-12 15:00:00,18355,-0.0028,11.0
2022-23,ENG1,liverpool,2022-12-26 17:30:00,18363,0.0576,12.0
2022-23,ENG1,liverpool,2022-12-30 20:00:00,18375,0.1065,11.0
2022-23,ENG1,liverpool,2023-01-02 17:30:00,18384,0.0454,12.0
2022-23,ENG1,liverpool,2023-01-14 15:00:00,18394,-0.0497,11.0
2022-23,ENG1,liverpool,2023-01-21 12:30:00,18408,-0.0058,9.0
2022-23,ENG1,liverpool,2023-02-04 15:00:00,18421,0.0488,10.0
2022-23,ENG1,liverpool,2023-02-13 20:00:00,18428,-0.0549,10.0
2022-23,ENG1,liverpool,2023-02-18 17:30:00,18438,-0.0779,13.0
2022-23,ENG1,liverpool,2023-02-25 19:45:00,18443,-0.0752,13.0
2022-23,ENG1,liverpool,2023-03-01 20:00:00,18264,-0.0549,11.0
2022-23,ENG1,liverpool,2023-03-05 16:30:00,18457,-0.0354,14.0
2022-23,ENG1,liverpool,2023-03-11 12:30:00,18462,0.0034,14.0
2022-23,ENG1,liverpool,2023-04-01 11:30:00,18488,0.0024,13.0
2022-23,ENG1,liverpool,2023-04-04 19:00:00,18281,-0.033,10.0
2022-23,ENG1,liverpool,2023-04-09 15:30:00,18497,-0.0861,12.0
2022-23,ENG1,liverpool,2023-04-17 19:00:00,18505,-0.055,10.0
2022-23,ENG1,liverpool,2023-04-22 14:00:00,18519,-0.0131,12.0
2022-23,ENG1,liverpool,2023-04-26 18:45:00,18526,-0.0015,13.0
2022-23,ENG1,liverpool,2023-04-30 15:30:00,18539,-0.0014,13.0
2022-23,ENG1,liverpool,2023-05-03 19:00:00,18477,0.0247,11.0
2022-23,ENG1,liverpool,2023-05-06 16:30:00,18545,0.071,12.0
2022-23,ENG1,liverpool,2023-05-15 19:00:00,18559,0.0032,12.0
2022-23,ENG1,liverpool,2023-05-20 14:00:00,18565,-0.0282,13.0
2022-23,ENG1,liverpool,2023-05-28 15:30:00,18581,0.0539,13.0
2022-23,ENG1,manchester city,2022-08-07 15:30:00,18211,0.1691,10.0
2022-23,ENG1,manchester city,2022-08-13 14:00:00,18214,0.2017,13.0
2022-23,ENG1,manchester city,2022-08-21 15:30:00,18230,0.1572,11.0
2022-23,ENG1,manchester city,2022-08-27 14:00:00,18237,0.1489,11.0
2022-23,ENG1,manchester city,2022-08-31 18:30:00,18246,0.1313,14.0
2022-23,ENG1,manchester city,2022-09-03 16:30:00,18258,0.2467,11.0
2022-23,ENG1,manchester city,2022-09-17 11:30:00,18274,0.0823,14.0
2022-23,ENG1,manchester city,2022-10-02 13:00:00,18289,0.0812,15.0
2022-23,ENG1,manchester city,2022-10-08 14:00:00,18298,0.0764,14.0
2022-23,ENG1,manchester city,2022-10-16 15:30:00,18307,0.0844,10.0
2022-23,ENG1,manchester city,2022-10-22 14:00:00,18326,0.0343,12.0
2022-23,ENG1,manchester city,2022-10-29 11:30:00,18338,-0.0193,12.0
2022-23,ENG1,manchester city,2022-11-05 15:00:00,18346,-0.0739,12.0
2022-23,ENG1,manchester city,2022-11-12 12:30:00,18356,-0.0081,10.0
2022-23,ENG1,manchester city,2022-12-28 20:00:00,18368,0.0178,12.0
2022-23,ENG1,manchester city,2022-12-31 15:00:00,18376,0.0185,10.0
2022-23,ENG1,manchester city,2023-01-05 20:00:00,18385,0.0137,14.0
2022-23,ENG1,manchester city,2023-01-14 12:30:00,18397,0.0445,11.0
2022-23,ENG1,manchester city,2023-01-19 19:00:00,18267,0.1432,10.0
2022-23,ENG1,manchester city,2023-01-22 14:00:00,18409,0.0733,14.0
2022-23,ENG1,manchester city,2023-02-05 16:30:00,18420,0.143,11.0
2022-23,ENG1,manchester city,2023-02-12 16:30:00,18429,0.0826,13.0
2022-23,ENG1,manchester city,2023-02-15 18:30:00,18312,0.0956,11.0
2022-23,ENG1,manchester city,2023-02-18 15:00:00,18439,-0.0156,10.0
2022-23,ENG1,manchester city,2023-02-25 17:30:00,18442,0.0146,13.0
2022-23,ENG1,manchester city,2023-03-04 12:30:00,18458,-0.0263,11.0
2022-23,ENG1,manchester city,2023-03-11 17:30:00,18463,0.0187,12.0
2022-23,ENG1,manchester city,2023-04-01 11:30:00,18488,0.0453,10.0
2022-23,ENG1,manchester city,2023-04-08 16:30:00,18499,0.0072,13.0
2022-23,ENG1,manchester city,2023-04-15 16:30:00,18506,0.0537,15.0
2022-23,ENG1,manchester city,2023-04-26 19:00:00,18531,-0.0219,11.0
2022-23,ENG1,manchester city,2023-04-30 13:00:00,18537,0.0792,10.0
2022-23,ENG1,manchester city,2023-05-03 19:00:00,18478,0.0687,12.0
2022-23,ENG1,manchester city,2023-05-06 14:00:00,18546,0.1929,11.0
2022-23,ENG1,manchester city,2023-05-14 13:00:00,18557,0.1228,12.0
2022-23,ENG1,manchester city,2023-05-21 15:00:00,18566,0.078,14.0
2022-23,ENG1,manchester city,2023-05-24 19:00:00,18515,0.0471,12.0
2022-23,ENG1,manchester city,2023-05-28 15:30:00,18574,0.04,10.0
2022-23,ENG1,manchester united,2022-08-07 13:00:00,18209,-0.0668,12.0
2022-23,ENG1,manchester united,2022-08-13 16:30:00,18218,-0.0613,13.0
2022-23,ENG1,manchester united,2022-08-22 19:00:00,18231,-0.0972,12.0
2022-23,ENG1,manchester united,2022-08-27 11:30:00,18232,-0.0562,13.0
2022-23,ENG1,manchester united,2022-09-01 19:00:00,18251,-0.0453,13.0
2022-23,ENG1,manchester united,2022-09-04 15:30:00,18261,-0.058,12.0
2022-23,ENG1,manchester united,2022-10-02 13:00:00,18289,-0.0131,15.0
2022-23,ENG1,manchester united,2022-10-09 18:00:00,18297,-0.0202,12.0
2022-23,ENG1,manchester united,2022-10-16 13:00:00,18308,-0.0255,12.0
2022-23,ENG1,manchester united,2022-10-19 19:15:00,18321,0.0432,12.0
2022-23,ENG1,manchester united,2022-10-22 15:30:00,18323,0.0492,13.0
2022-23,ENG1,manchester united,2022-10-30 16:15:00,18340,0.0369,13.0
2022-23,ENG1,manchester united,2022-11-06 14:00:00,18342,0.0506,13.0
2022-23,ENG1,manchester united,2022-11-13 16:30:00,18354,0.0926,13.0
2022-23,ENG1,manchester united,2022-12-27 20:00:00,18370,0.138,15.0
2022-23,ENG1,manchester united,2022-12-31 12:30:00,18381,0.1211,13.0
2022-23,ENG1,manchester united,2023-01-03 20:00:00,18390,0.1182,15.0
2022-23,ENG1,manchester united,2023-01-14 12:30:00,18397,0.1764,13.0
2022-23,ENG1,manchester united,2023-01-18 15:30:00,18270,0.1167,13.0
2022-23,ENG1,manchester united,2023-01-22 16:30:00,18402,0.1515,12.0
2022-23,ENG1,manchester united,2023-02-04 15:00:00,18417,0.1883,12.0
2022-23,ENG1,manchester united,2023-02-08 19:00:00,18279,0.2332,13.0
2022-23,ENG1,manchester united,2023-02-12 14:00:00,18426,0.0843,14.0
2022-23,ENG1,manchester united,2023-02-19 14:00:00,18437,0.0546,15.0
2022-23,ENG1,manchester united,2023-03-05 16:30:00,18457,0.0684,15.0
2022-23,ENG1,manchester united,2023-03-12 14:00:00,18468,0.0486,14.0
2022-23,ENG1,manchester united,2023-04-02 15:30:00,18489,0.0541,13.0
2022-23,ENG1,manchester united,2023-04-05 19:00:00,18448,0.0113,14.0
2022-23,ENG1,manchester united,2023-04-08 11:30:00,18498,-0.0073,14.0
2022-23,ENG1,manchester united,2023-04-16 15:30:00,18507,0.0695,12.0
2022-23,ENG1,manchester united,2023-04-27 19:15:00,18525,0.1035,15.0
2022-23,ENG1,manchester united,2023-04-30 13:00:00,18540,0.0516,13.0
2022-23,ENG1,manchester united,2023-05-04 19:00:00,18475,0.06,13.0
2022-23,ENG1,manchester united,2023-05-07 18:00:00,18550,0.0808,14.0
2022-23,ENG1,manchester united,2023-05-13 14:00:00,18560,0.097,12.0
2022-23,ENG1,manchester united,2023-05-20 14:00:00,18562,0.1259,13.0
2022-23,ENG1,manchester united,2023-05-25 19:00:00,18520,0.043,15.0
2022-23,ENG1,manchester united,2023-05-28 15:30:00,18580,0.1148,15.0
2022-23,ENG1,newcastle united,2022-08-06 14:00:00,18206,-0.0697,11.0
2022-23,ENG1,newcastle united,2022-08-13 14:00:00,18213,-0.0536,12.0
2022-23,ENG1,newcastle united,2022-08-21 15:30:00,18230,-0.1001,12.0
2022-23,ENG1,newcastle united,2022-08-28 13:00:00,18240,-0.0705,13.0
2022-23,ENG1,newcastle united,2022-08-31 19:00:00,18250,-0.0276,13.0
2022-23,ENG1,newcastle united,2022-09-03 14:00:00,18253,-0.0009,12.0
2022-23,ENG1,newcastle united,2022-09-17 14:00:00,18275,0.0247,13.0
2022-23,ENG1,newcastle united,2022-10-01 14:00:00,18285,0.0021,12.0
2022-23,ENG1,newcastle united,2022-10-08 14:00:00,18299,0.082,13.0
2022-23,ENG1,newcastle united,2022-10-16 13:00:00,18308,0.0804,12.0
2022-23,ENG1,newcastle united,2022-10-19 18:30:00,18319,0.0862,14.0
2022-23,ENG1,newcastle united,2022-10-23 15:30:00,18329,0.0718,12.0
2022-23,ENG1,newcastle united,2022-10-29 14:00:00,18341,0.072,11.0
2022-23,ENG1,newcastle united,2022-11-06 14:00:00,18348,0.0694,14.0
2022-23,ENG1,newcastle united,2022-11-12 17:30:00,18357,0.0262,12.0
2022-23,ENG1,newcastle united,2022-12-26 15:00:00,18369,-0.0183,11.0
2022-23,ENG1,newcastle united,2022-12-31 15:00:00,18377,0.0044,13.0
2022-23,ENG1,newcastle united,2023-01-03 19:45:00,18382,0.0468,13.0
2022-23,ENG1,newcastle united,2023-01-15 14:00:00,18398,0.0548,13.0
2022-23,ENG1,newcastle united,2023-01-21 17:30:00,18404,0.0607,13.0
2022-23,ENG1,newcastle united,2023-02-04 17:30:00,18418,-0.0032,12.0
2022-23,ENG1,newcastle united,2023-02-11 17:30:00,18423,0.1035,12.0
2022-23,ENG1,newcastle united,2023-02-18 17:30:00,18438,0.1075,16.0
2022-23,ENG1,newcastle united,2023-03-04 12:30:00,18458,0.0105,15.0
2022-23,ENG1,newcastle united,2023-03-12 16:30:00,18469,0.0168,13.0
2022-23,ENG1,newcastle united,2023-03-17 20:00:00,18479,0.0738,12.0
2022-23,ENG1,newcastle united,2023-04-02 15:30:00,18489,0.0086,13.0
2022-23,ENG1,newcastle united,2023-04-05 19:00:00,18268,0.0173,14.0
2022-23,ENG1,newcastle united,2023-04-08 14:00:00,18493,0.0902,13.0
2022-23,ENG1,newcastle united,2023-04-15 11:30:00,18502,0.088,15.0
2022-23,ENG1,newcastle united,2023-04-23 13:00:00,18521,0.059,16.0
2022-23,ENG1,newcastle united,2023-04-27 18:45:00,18522,0.1252,14.0
2022-23,ENG1,newcastle united,2023-04-30 13:00:00,18541,0.1795,13.0
2022-23,ENG1,newcastle united,2023-05-07 15:30:00,18547,0.2575,12.0
2022-23,ENG1,newcastle united,2023-05-13 11:30:00,18558,0.155,13.0
2022-23,ENG1,newcastle united,2023-05-18 18:30:00,18449,0.1581,12.0
2022-23,ENG1,newcastle united,2023-05-22 19:00:00,18567,0.2068,13.0
2022-23,ENG1,newcastle united,2023-05-28 15:30:00,18575,0.091,14.0
2022-23,ENG1,nottingham forest,2022-08-06 14:00:00,18206,0.0219,6.0
2022-23,ENG1,nottingham forest,2022-08-14 13:00:00,18219,-0.0,6.0
2022-23,ENG1,nottingham forest,2022-08-20 14:00:00,18224,-0.0187,11.0
2022-23,ENG1,nottingham forest,2022-08-28 15:30:00,18241,-0.0099,12.0
2022-23,ENG1,nottingham forest,2022-08-31 18:30:00,18246,0.024,13.0
2022-23,ENG1,nottingham forest,2022-09-03 14:00:00,18254,0.0158,12.0
2022-23,ENG1,nottingham forest,2022-09-16 19:00:00,18273,0.0144,15.0
2022-23,ENG1,nottingham forest,2022-10-03 19:00:00,18287,0.0207,16.0
2022-23,ENG1,nottingham forest,2022-10-10 19:00:00,18300,-0.0063,13.0
2022-23,ENG1,nottingham forest,2022-10-15 14:00:00,18311,-0.0233,13.0
2022-23,ENG1,nottingham forest,2022-10-18 18:30:00,18315,-0.044,13.0
2022-23,ENG1,nottingham forest,2022-10-22 11:30:00,18327,-0.0262,14.0
2022-23,ENG1,nottingham forest,2022-10-30 14:00:00,18332,0.0417,15.0
2022-23,ENG1,nottingham forest,2022-11-05 15:00:00,18347,0.0074,12.0
2022-23,ENG1,nottingham forest,2022-11-12 15:00:00,18358,-0.002,12.0
2022-23,ENG1,nottingham forest,2022-12-27 20:00:00,18370,0.0218,16.0
2022-23,ENG1,nottingham forest,2023-01-01 16:30:00,18378,0.038,12.0
2022-23,ENG1,nottingham forest,2023-01-04 19:30:00,18391,0.0277,13.0
2022-23,ENG1,nottingham forest,2023-01-14 15:00:00,18399,-0.0246,13.0
2022-23,ENG1,nottingham forest,2023-01-21 15:00:00,18403,0.0049,15.0
2022-23,ENG1,nottingham forest,2023-02-05 14:00:00,18419,0.035,12.0
2022-23,ENG1,nottingham forest,2023-02-11 15:00:00,18425,-0.0005,12.0
2022-23,ENG1,nottingham forest,2023-02-18 15:00:00,18439,-0.0004,14.0
2022-23,ENG1,nottingham forest,2023-02-25 15:00:00,18451,0.0333,14.0
2022-23,ENG1,nottingham forest,2023-03-05 14:00:00,18459,0.0179,14.0
2022-23,ENG1,nottingham forest,2023-03-11 15:00:00,18470,-0.0555,15.0
2022-23,ENG1,nottingham forest,2023-03-17 20:00:00,18479,-0.0217,12.0
2022-23,ENG1,nottingham forest,2023-04-01 14:00:00,18490,-0.0402,12.0
2022-23,ENG1,nottingham forest,2023-04-04 18:45:00,18271,-0.0236,15.0
2022-23,ENG1,nottingham forest,2023-04-08 14:00:00,18492,-0.0347,13.0
2022-23,ENG1,nottingham forest,2023-04-16 15:30:00,18507,-0.0397,12.0
2022-23,ENG1,nottingham forest,2023-04-22 14:00:00,18519,-0.0422,12.0
2022-23,ENG1,nottingham forest,2023-04-26 18:30:00,18524,-0.0012,12.0
2022-23,ENG1,nottingham forest,2023-04-29 14:00:00,18534,0.0198,12.0
2022-23,ENG1,nottingham forest,2023-05-08 19:00:00,18548,0.0069,12.0
2022-23,ENG1,nottingham forest,2023-05-13 14:00:00,18555,-0.0143,10.0
2022-23,ENG1,nottingham forest,2023-05-20 16:30:00,18568,0.0236,11.0
2022-23,ENG1,nottingham forest,2023-05-28 15:30:00,18576,0.0483,14.0
2022-23,ENG1,southampton,2022-08-06 14:00:00,18207,-0.0014,12.0
2022-23,ENG1,southampton,2022-08-13 14:00:00,18215,0.0201,10.0
2022-23,ENG1,southampton,2022-08-20 14:00:00,18226,-0.0009,11.0
2022-23,ENG1,southampton,2022-08-27 11:30:00,18232,0.0355,12.0
2022-23,ENG1,southampton,2022-08-30 18:45:00,18244,0.0217,12.0
2022-23,ENG1,southampton,2022-09-03 14:00:00,18256,0.0624,13.0
2022-23,ENG1,southampton,2022-09-16 19:00:00,18272,0.0565,13.0
2022-23,ENG1,southampton,2022-10-01 14:00:00,18290,0.0906,10.0
2022-23,ENG1,southampton,2022-10-08 14:00:00,18298,0.0705,12.0
2022-23,ENG1,southampton,2022-10-16 13:00:00,18309,0.005,14.0
2022-23,ENG1,southampton,2022-10-19 18:30:00,18313,0.0051,12.0
2022-23,ENG1,southampton,2022-10-23 13:00:00,18328,-0.01,12.0
2022-23,ENG1,southampton,2022-10-29 14:00:00,18336,-0.0595,13.0
2022-23,ENG1,southampton,2022-11-06 14:00:00,18348,-0.0324,15.0
2022-23,ENG1,southampton,2022-11-12 15:00:00,18355,-0.0188,15.0
2022-23,ENG1,southampton,2022-12-26 15:00:00,18371,0.0144,14.0
2022-23,ENG1,southampton,2022-12-31 15:00:00,18374,0.0359,12.0
2022-23,ENG1,southampton,2023-01-04 19:30:00,18391,0.021,14.0
2022-23,ENG1,southampton,2023-01-14 15:00:00,18396,0.0101,12.0
2022-23,ENG1,southampton,2023-01-21 15:00:00,18410,0.0033,14.0
2022-23,ENG1,southampton,2023-02-04 15:00:00,18413,0.0089,11.0
2022-23,ENG1,southampton,2023-02-11 15:00:00,18430,-0.0295,10.0
2022-23,ENG1,southampton,2023-02-18 15:00:00,18435,-0.036,14.0
2022-23,ENG1,southampton,2023-02-25 15:00:00,18446,-0.0457,15.0
2022-23,ENG1,southampton,2023-03-04 17:30:00,18460,-0.06,14.0
2022-23,ENG1,southampton,2023-03-12 14:00:00,18468,-0.0504,14.0
2022-23,ENG1,southampton,2023-03-15 19:30:00,18265,-0.0705,15.0
2022-23,ENG1,southampton,2023-03-18 15:00:00,18480,-0.0378,15.0
2022-23,ENG1,southampton,2023-04-02 13:00:00,18491,-0.0078,15.0
2022-23,ENG1,southampton,2023-04-08 16:30:00,18499,-0.0272,14.0
2022-23,ENG1,southampton,2023-04-15 14:00:00,18508,-0.0326,12.0
2022-23,ENG1,southampton,2023-04-21 19:00:00,18512,-0.03,13.0
2022-23,ENG1,southampton,2023-04-27 18:45:00,18530,-0.0284,16.0
2022-23,ENG1,southampton,2023-04-30 13:00:00,18541,-0.0298,16.0
2022-23,ENG1,southampton,2023-05-08 19:00:00,18548,-0.0576,16.0
2022-23,ENG1,southampton,2023-05-13 14:00:00,18561,0.0573,15.0
2022-23,ENG1,southampton,2023-05-21 13:00:00,18563,-0.0052,12.0
2022-23,ENG1,southampton,2023-05-28 15:30:00,18581,0.0003,13.0
2022-23,ENG1,tottenham hotspur,2022-08-06 14:00:00,18207,0.0852,10.0
2022-23,ENG1,tottenham hotspur,2022-08-14 15:30:00,18220,0.1217,11.0
2022-23,ENG1,tottenham hotspur,2022-08-20 11:30:00,18222,0.1027,11.0
2022-23,ENG1,tottenham hotspur,2022-08-28 15:30:00,18241,0.0864,12.0
2022-23,ENG1,tottenham hotspur,2022-08-31 18:45:00,18249,0.0385,10.0
2022-23,ENG1,tottenham hotspur,2022-09-03 14:00:00,18255,0.106,10.0
2022-23,ENG1,tottenham hotspur,2022-09-17 16:30:00,18278,0.0865,14.0
2022-23,ENG1,tottenham hotspur,2022-10-01 11:30:00,18282,0.0459,15.0
2022-23,ENG1,tottenham hotspur,2022-10-08 16:30:00,18294,0.0091,11.0
2022-23,ENG1,tottenham hotspur,2022-10-15 16:30:00,18310,0.0383,11.0
2022-23,ENG1,tottenham hotspur,2022-10-19 19:15:00,18321,-0.0036,10.0
2022-23,ENG1,tottenham hotspur,2022-10-23 15:30:00,18329,-0.0225,13.0
2022-23,ENG1,tottenham hotspur,2022-10-29 14:00:00,18333,-0.011,14.0
2022-23,ENG1,tottenham hotspur,2022-11-06 16:30:00,18349,0.0205,12.0
2022-23,ENG1,tottenham hotspur,2022-11-12 15:00:00,18359,0.1044,13.0
2022-23,ENG1,tottenham hotspur,2022-12-26 12:30:00,18364,0.0339,11.0
2022-23,ENG1,tottenham hotspur,2023-01-01 14:00:00,18379,-0.0057,10.0
2022-23,ENG1,tottenham hotspur,2023-01-04 20:00:00,18386,-0.012,11.0
2022-23,ENG1,tottenham hotspur,2023-01-15 16:30:00,18400,-0.009,12.0
2022-23,ENG1,tottenham hotspur,2023-01-19 19:00:00,18267,0.0201,14.0
2022-23,ENG1,tottenham hotspur,2023-01-23 20:00:00,18405,0.0106,11.0
2022-23,ENG1,tottenham hotspur,2023-02-05 16:30:00,18420,-0.0325,10.0
2022-23,ENG1,tottenham hotspur,2023-02-11 15:00:00,18427,-0.0126,12.0
2022-23,ENG1,tottenham hotspur,2023-02-19 16:30:00,18440,-0.0489,11.0
2022-23,ENG1,tottenham hotspur,2023-02-26 13:30:00,18450,-0.0596,10.0
2022-23,ENG1,tottenham hotspur,2023-03-04 15:00:00,18461,-0.0427,9.0
2022-23,ENG1,tottenham hotspur,2023-03-11 15:00:00,18470,-0.0471,10.0
2022-23,ENG1,tottenham hotspur,2023-03-18 15:00:00,18480,-0.037,11.0
2022-23,ENG1,tottenham hotspur,2023-04-03 19:00:00,18487,-0.0098,11.0
2022-23,ENG1,tottenham hotspur,2023-04-08 14:00:00,18500,-0.0079,10.0
2022-23,ENG1,tottenham hotspur,2023-04-15 14:00:00,18509,-0.0141,12.0
2022-23,ENG1,tottenham hotspur,2023-04-23 13:00:00,18521,-0.0112,11.0
2022-23,ENG1,tottenham hotspur,2023-04-27 19:15:00,18525,0.0094,12.0
2022-23,ENG1,tottenham hotspur,2023-04-30 15:30:00,18539,0.0107,10.0
2022-23,ENG1,tottenham hotspur,2023-05-06 14:00:00,18549,-0.0006,11.0
2022-23,ENG1,tottenham hotspur,2023-05-13 14:00:00,18553,-0.0036,12.0
2022-23,ENG1,tottenham hotspur,2023-05-20 11:30:00,18569,-0.0547,13.0
2022-23,ENG1,tottenham hotspur,2023-05-28 15:30:00,18578,-0.0452,12.0
2022-23,ENG1,west ham united,2022-08-07 15:30:00,18211,-0.0034,13.0
2022-23,ENG1,west ham united,2022-08-14 13:00:00,18219,0.0289,12.0
2022-23,ENG1,west ham united,2022-08-21 13:00:00,18229,0.0345,14.0
2022-23,ENG1,west ham united,2022-08-28 13:00:00,18239,-0.0458,13.0
2022-23,ENG1,west ham united,2022-08-31 18:45:00,18249,-0.0812,12.0
2022-23,ENG1,west ham united,2022-09-03 14:00:00,18260,-0.0912,11.0
2022-23,ENG1,west ham united,2022-09-18 13:15:00,18277,-0.0496,14.0
2022-23,ENG1,west ham united,2022-10-01 16:30:00,18291,-0.0629,14.0
2022-23,ENG1,west ham united,2022-10-09 13:00:00,18301,-0.098,11.0
2022-23,ENG1,west ham united,2022-10-16 13:00:00,18309,-0.033,12.0
2022-23,ENG1,west ham united,2022-10-19 18:30:00,18320,-0.0104,12.0
2022-23,ENG1,west ham united,2022-10-24 19:00:00,18330,0.0522,11.0
2022-23,ENG1,west ham united,2022-10-30 16:15:00,18340,0.0711,14.0
2022-23,ENG1,west ham united,2022-11-06 14:00:00,18350,0.0687,14.0
2022-23,ENG1,west ham united,2022-11-12 15:00:00,18360,0.0525,12.0
2022-23,ENG1,west ham united,2022-12-26 20:00:00,18362,0.0002,11.0
2022-23,ENG1,west ham united,2022-12-30 19:45:00,18380,0.0368,12.0
2022-23,ENG1,west ham united,2023-01-04 19:45:00,18388,-0.0229,12.0
2022-23,ENG1,west ham united,2023-01-14 15:00:00,18401,0.0133,12.0
2022-23,ENG1,west ham united,2023-01-21 15:00:00,18411,-0.0125,12.0
2022-23,ENG1,west ham united,2023-02-04 17:30:00,18418,0.0206,13.0
2022-23,ENG1,west ham united,2023-02-11 12:30:00,18431,-0.0083,13.0
2022-23,ENG1,west ham united,2023-02-19 16:30:00,18440,-0.0146,12.0
2022-23,ENG1,west ham united,2023-02-25 15:00:00,18451,0.0347,12.0
2022-23,ENG1,west ham united,2023-03-04 15:00:00,18455,0.0677,14.0
2022-23,ENG1,west ham united,2023-03-12 14:00:00,18471,0.0092,11.0
2022-23,ENG1,west ham united,2023-04-02 13:00:00,18491,-0.0292,12.0
2022-23,ENG1,west ham united,2023-04-05 19:00:00,18268,-0.0241,14.0
2022-23,ENG1,west ham united,2023-04-08 14:00:00,18494,-0.0314,13.0
2022-23,ENG1,west ham united,2023-04-16 13:00:00,18510,-0.0262,11.0
2022-23,ENG1,west ham united,2023-04-23 13:00:00,18513,-0.0236,14.0
2022-23,ENG1,west ham united,2023-04-26 18:45:00,18526,0.0192,12.0
2022-23,ENG1,west ham united,2023-04-29 11:30:00,18536,-0.0007,14.0
2022-23,ENG1,west ham united,2023-05-03 19:00:00,18478,0.0272,14.0
2022-23,ENG1,west ham united,2023-05-07 18:00:00,18550,-0.006,10.0
2022-23,ENG1,west ham united,2023-05-14 13:00:00,18554,-0.0431,12.0
2022-23,ENG1,west ham united,2023-05-21 12:30:00,18570,-0.0375,12.0
2022-23,ENG1,west ham united,2023-05-28 15:30:00,18579,0.0369,14.0
2022-23,ENG1,wolverhampton wanderers,2022-08-06 14:00:00,18205,0.0303,9.0
2022-23,ENG1,wolverhampton wanderers,2022-08-13 14:00:00,18216,0.028,11.0
2022-23,ENG1,wolverhampton wanderers,2022-08-20 11:30:00,18222,-0.0048,13.0
2022-23,ENG1,wolverhampton wanderers,2022-08-28 13:00:00,18240,-0.0505,9.0
2022-23,ENG1,wolverhampton wanderers,2022-08-31 18:30:00,18248,-0.025,13.0
2022-23,ENG1,wolverhampton wanderers,2022-09-03 14:00:00,18256,0.0896,11.0
2022-23,ENG1,wolverhampton wanderers,2022-09-17 11:30:00,18274,0.0379,10.0
2022-23,ENG1,wolverhampton wanderers,2022-10-01 16:30:00,18291,0.0634,12.0
2022-23,ENG1,wolverhampton wanderers,2022-10-08 14:00:00,18295,0.1194,10.0
2022-23,ENG1,wolverhampton wanderers,2022-10-15 14:00:00,18311,0.1209,9.0
2022-23,ENG1,wolverhampton wanderers,2022-10-18 19:15:00,18318,0.0803,12.0
2022-23,ENG1,wolverhampton wanderers,2022-10-23 13:00:00,18331,0.0077,11.0
2022-23,ENG1,wolverhampton wanderers,2022-10-29 14:00:00,18334,0.0289,12.0
2022-23,ENG1,wolverhampton wanderers,2022-11-05 15:00:00,18351,-0.0662,11.0
2022-23,ENG1,wolverhampton wanderers,2022-11-12 19:45:00,18361,-0.0467,11.0
2022-23,ENG1,wolverhampton wanderers,2022-12-26 15:00:00,18367,-0.0257,13.0
2022-23,ENG1,wolverhampton wanderers,2022-12-31 12:30:00,18381,-0.017,12.0
2022-23,ENG1,wolverhampton wanderers,2023-01-04 20:00:00,18383,-0.0255,13.0
2022-23,ENG1,wolverhampton wanderers,2023-01-14 15:00:00,18401,-0.0318,14.0
2022-23,ENG1,wolverhampton wanderers,2023-01-22 14:00:00,18409,-0.0556,13.0
2022-23,ENG1,wolverhampton wanderers,2023-02-04 15:00:00,18421,-0.0399,12.0
2022-23,ENG1,wolverhampton wanderers,2023-02-11 15:00:00,18430,0.0005,14.0
2022-23,ENG1,wolverhampton wanderers,2023-02-18 15:00:00,18441,0.0042,15.0
2022-23,ENG1,wolverhampton wanderers,2023-02-24 20:00:00,18445,-0.0097,14.0
2022-23,ENG1,wolverhampton wanderers,2023-03-01 20:00:00,18264,0.0219,15.0
2022-23,ENG1,wolverhampton wanderers,2023-03-04 15:00:00,18461,0.0026,15.0
2022-23,ENG1,wolverhampton wanderers,2023-03-12 16:30:00,18469,0.0099,14.0
2022-23,ENG1,wolverhampton wanderers,2023-03-18 15:00:00,18481,-0.0154,15.0
2022-23,ENG1,wolverhampton wanderers,2023-04-01 14:00:00,18490,-0.002,14.0
2022-23,ENG1,wolverhampton wanderers,2023-04-08 14:00:00,18501,-0.0385,13.0
2022-23,ENG1,wolverhampton wanderers,2023-04-15 14:00:00,18511,-0.019,12.0
2022-23,ENG1,wolverhampton wanderers,2023-04-22 14:00:00,18518,-0.033,12.0
2022-23,ENG1,wolverhampton wanderers,2023-04-25 18:30:00,18527,-0.0775,11.0
2022-23,ENG1,wolverhampton wanderers,2023-04-29 14:00:00,18535,-0.0585,13.0
2022-23,ENG1,wolverhampton wanderers,2023-05-06 14:00:00,18551,-0.0826,10.0
2022-23,ENG1,wolverhampton wanderers,2023-05-13 14:00:00,18560,-0.0808,13.0
2022-23,ENG1,wolverhampton wanderers,2023-05-20 14:00:00,18571,-0.0253,11.0
2022-23,ENG1,wolverhampton wanderers,2023-05-28 15:30:00,18572,-0.055,13.0
2022-23,ESP1,almeria,2022-08-14 20:00:00,18968,0.069,1.0
2022-23,ESP1,almeria,2022-08-22 18:00:00,18980,0.0781,1.0
2022-23,ESP1,almeria,2022-08-27 20:00:00,18986,0.0028,9.0
2022-23,ESP1,almeria,2022-09-05 19:00:00,19000,0.0701,7.0
2022-23,ESP1,almeria,2022-09-12 19:00:00,19007,-0.0198,9.0
2022-23,ESP1,almeria,2022-09-17 12:00:00,19020,0.0078,11.0
2022-23,ESP1,almeria,2022-09-30 19:00:00,19031,-0.0691,12.0
2022-23,ESP1,almeria,2022-10-08 12:00:00,19039,-0.0044,10.0
2022-23,ESP1,almeria,2022-10-16 19:00:00,19051,-0.0319,14.0
2022-23,ESP1,almeria,2022-10-20 17:00:00,19056,-0.0059,11.0
2022-23,ESP1,almeria,2022-10-23 16:30:00,19071,-0.0117,12.0
2022-23,ESP1,almeria,2022-10-29 12:00:00,19075,-0.0009,12.0
2022-23,ESP1,almeria,2022-11-05 20:00:00,19091,0.0173,14.0
2022-23,ESP1,almeria,2022-11-09 18:00:00,19095,0.033,11.0
2022-23,ESP1,almeria,2022-12-30 18:15:00,19111,0.0445,11.0
2022-23,ESP1,almeria,2023-01-08 13:00:00,19116,0.0526,13.0
2022-23,ESP1,almeria,2023-01-15 15:15:00,19125,0.0333,10.0
2022-23,ESP1,almeria,2023-01-23 20:00:00,19140,0.0052,12.0
2022-23,ESP1,almeria,2023-01-27 20:00:00,19144,-0.0238,10.0
2022-23,ESP1,almeria,2023-02-06 20:00:00,19161,0.0101,12.0
2022-23,ESP1,almeria,2023-02-11 15:15:00,19165,0.0482,13.0
2022-23,ESP1,almeria,2023-02-17 17:00:00,19181,0.0556,13.0
2022-23,ESP1,almeria,2023-02-26 17:30:00,19188,0.1192,11.0
2022-23,ESP1,almeria,2023-03-04 15:15:00,19196,0.1049,11.0
2022-23,ESP1,almeria,2023-03-12 15:15:00,19211,0.0724,11.0
2022-23,ESP1,almeria,2023-03-18 13:00:00,19217,0.0539,11.0
2022-23,ESP1,almeria,2023-04-02 12:00:00,19231,0.0913,11.0
2022-23,ESP1,almeria,2023-04-09 16:30:00,19235,0.0532,10.0
2022-23,ESP1,almeria,2023-04-16 16:30:00,19251,0.0365,14.0
2022-23,ESP1,almeria,2023-04-22 14:15:00,19254,0.039,13.0
2022-23,ESP1,almeria,2023-04-26 17:30:00,19271,0.0117,10.0
2022-23,ESP1,almeria,2023-04-29 16:30:00,19280,0.039,15.0
2022-23,ESP1,almeria,2023-05-02 17:30:00,19288,-0.014,11.0
2022-23,ESP1,almeria,2023-05-13 14:15:00,19293,0.023,13.0
2022-23,ESP1,almeria,2023-05-20 16:30:00,19303,0.0338,11.0
2022-23,ESP1,almeria,2023-05-23 17:30:00,19321,0.0639,13.0
2022-23,ESP1,almeria,2023-05-28 17:00:00,19328,0.0725,11.0
2022-23,ESP1,almeria,2023-06-04 18:00:00,19337,0.0532,12.0
2022-23,ESP1,athletic club,2022-08-15 15:30:00,18969,0.1,10.0
2022-23,ESP1,athletic club,2022-08-21 15:30:00,18977,0.0309,9.0
2022-23,ESP1,athletic club,2022-08-29 18:00:00,18990,0.0244,8.0
2022-23,ESP1,athletic club,2022-09-04 14:15:00,18992,0.1189,10.0
2022-23,ESP1,athletic club,2022-09-11 14:15:00,19009,0.0678,11.0
2022-23,ESP1,athletic club,2022-09-17 19:00:00,19012,0.0934,9.0
2022-23,ESP1,athletic club,2022-09-30 19:00:00,19031,0.1149,11.0
2022-23,ESP1,athletic club,2022-10-08 16:30:00,19040,0.1676,12.0
2022-23,ESP1,athletic club,2022-10-15 19:00:00,19042,0.2808,10.0
2022-23,ESP1,athletic club,2022-10-18 18:00:00,19057,0.1988,12.0
2022-23,ESP1,athletic club,2022-10-23 19:00:00,19065,0.2002,13.0
2022-23,ESP1,athletic club,2022-10-30 17:30:00,19072,0.173,10.0
2022-23,ESP1,athletic club,2022-11-04 20:00:00,19087,0.1496,12.0
2022-23,ESP1,athletic club,2022-11-08 19:00:00,19092,0.0737,11.0
2022-23,ESP1,athletic club,2022-12-29 18:15:00,19107,0.1031,11.0
2022-23,ESP1,athletic club,2023-01-09 20:00:00,19112,0.0634,10.0
2022-23,ESP1,athletic club,2023-01-14 20:00:00,19127,0.0192,11.0
2022-23,ESP1,athletic club,2023-01-22 20:00:00,19132,-0.0335,11.0
2022-23,ESP1,athletic club,2023-01-29 17:30:00,19145,0.0442,12.0
2022-23,ESP1,athletic club,2023-02-03 20:00:00,19152,-0.026,9.0
2022-23,ESP1,athletic club,2023-02-11 20:00:00,19166,0.0114,10.0
2022-23,ESP1,athletic club,2023-02-19 17:30:00,19179,0.0524,9.0
2022-23,ESP1,athletic club,2023-02-26 13:00:00,19184,0.015,13.0
2022-23,ESP1,athletic club,2023-03-05 17:30:00,19197,0.0364,11.0
2022-23,ESP1,athletic club,2023-03-12 20:00:00,19202,0.0028,9.0
2022-23,ESP1,athletic club,2023-03-17 20:00:00,19218,0.0243,10.0
2022-23,ESP1,athletic club,2023-04-01 14:15:00,19222,0.0447,11.0
2022-23,ESP1,athletic club,2023-04-08 14:15:00,19236,-0.0229,9.0
2022-23,ESP1,athletic club,2023-04-15 14:15:00,19242,0.0908,11.0
2022-23,ESP1,athletic club,2023-04-22 14:15:00,19254,0.0935,11.0
2022-23,ESP1,athletic club,2023-04-27 20:00:00,19262,0.1256,9.0
2022-23,ESP1,athletic club,2023-05-01 17:00:00,19277,0.0623,12.0
2022-23,ESP1,athletic club,2023-05-04 20:00:00,19282,0.0929,11.0
2022-23,ESP1,athletic club,2023-05-13 16:30:00,19297,0.0658,12.0
2022-23,ESP1,athletic club,2023-05-20 14:15:00,19309,0.0497,9.0
2022-23,ESP1,athletic club,2023-05-25 19:30:00,19316,0.0827,10.0
2022-23,ESP1,athletic club,2023-05-28 17:00:00,19322,0.0684,9.0
2022-23,ESP1,athletic club,2023-06-04 18:00:00,19332,0.0727,11.0
2022-23,ESP1,atletico madrid,2022-08-15 17:30:00,18970,-0.0231,11.0
2022-23,ESP1,atletico madrid,2022-08-21 17:30:00,18978,0.0302,12.0
2022-23,ESP1,atletico madrid,2022-08-29 20:00:00,18991,-0.024,12.0
2022-23,ESP1,atletico madrid,2022-09-03 16:30:00,18994,-0.0011,11.0
2022-23,ESP1,atletico madrid,2022-09-10 19:00:00,19002,0.1113,13.0
2022-23,ESP1,atletico madrid,2022-09-18 19:00:00,19021,0.0186,14.0
2022-23,ESP1,atletico madrid,2022-10-01 16:30:00,19026,0.0183,13.0
2022-23,ESP1,atletico madrid,2022-10-08 14:15:00,19032,0.0996,14.0
2022-23,ESP1,atletico madrid,2022-10-15 19:00:00,19042,0.0121,11.0
2022-23,ESP1,atletico madrid,2022-10-18 19:00:00,19052,0.0214,13.0
2022-23,ESP1,atletico madrid,2022-10-23 14:15:00,19066,-0.0041,12.0
2022-23,ESP1,atletico madrid,2022-10-29 14:15:00,19076,-0.0108,12.0
2022-23,ESP1,atletico madrid,2022-11-06 13:00:00,19082,-0.0151,14.0
2022-23,ESP1,atletico madrid,2022-11-09 20:30:00,19096,-0.0544,14.0
2022-23,ESP1,atletico madrid,2022-12-29 20:30:00,19102,0.0333,11.0
2022-23,ESP1,atletico madrid,2023-01-08 20:00:00,19113,0.0072,12.0
2022-23,ESP1,atletico madrid,2023-01-15 15:15:00,19125,0.0433,13.0
2022-23,ESP1,atletico madrid,2023-01-21 17:30:00,19133,0.0885,14.0
2022-23,ESP1,atletico madrid,2023-01-29 15:15:00,19146,0.2094,11.0
2022-23,ESP1,atletico madrid,2023-02-04 17:30:00,19153,0.1929,13.0
2022-23,ESP1,atletico madrid,2023-02-12 15:15:00,19167,0.1642,12.0
2022-23,ESP1,atletico madrid,2023-02-19 17:30:00,19179,0.1173,10.0
2022-23,ESP1,atletico madrid,2023-02-25 17:30:00,19189,0.0577,13.0
2022-23,ESP1,atletico madrid,2023-03-04 20:00:00,19192,0.0094,12.0
2022-23,ESP1,atletico madrid,2023-03-13 20:00:00,19207,-0.0369,13.0
2022-23,ESP1,atletico madrid,2023-03-18 20:00:00,19212,-0.0304,13.0
2022-23,ESP1,atletico madrid,2023-04-02 19:00:00,19223,0.0719,12.0
2022-23,ESP1,atletico madrid,2023-04-09 19:00:00,19237,0.0905,12.0
2022-23,ESP1,atletico madrid,2023-04-16 16:30:00,19251,0.021,11.0
2022-23,ESP1,atletico madrid,2023-04-23 14:15:00,19255,0.1199,13.0
2022-23,ESP1,atletico madrid,2023-04-26 17:30:00,19263,0.1135,11.0
2022-23,ESP1,atletico madrid,2023-04-30 19:00:00,19278,0.1039,13.0
2022-23,ESP1,atletico madrid,2023-05-03 20:00:00,19283,0.0974,12.0
2022-23,ESP1,atletico madrid,2023-05-14 14:15:00,19298,0.1582,12.0
2022-23,ESP1,atletico madrid,2023-05-21 14:15:00,19311,0.1384,11.0
2022-23,ESP1,atletico madrid,2023-05-24 20:00:00,19317,0.093,10.0
2022-23,ESP1,atletico madrid,2023-05-28 17:00:00,19323,0.1376,11.0
2022-23,ESP1,atletico madrid,2023-06-04 18:00:00,19333,-0.0148,10.0
2022-23,ESP1,barcelona,2022-08-13 19:00:00,18965,-0.1129,13.0
2022-23,ESP1,barcelona,2022-08-21 20:00:00,18979,-0.1392,12.0
2022-23,ESP1,barcelona,2022-08-28 17:30:00,18988,-0.119,12.0
2022-23,ESP1,barcelona,2022-09-03 19:00:00,18995,-0.0715,14.0
2022-23,ESP1,barcelona,2022-09-10 16:30:00,19010,-0.0279,12.0
2022-23,ESP1,barcelona,2022-09-17 14:15:00,19013,0.1273,13.0
2022-23,ESP1,barcelona,2022-10-01 19:00:00,19027,0.0881,11.0
2022-23,ESP1,barcelona,2022-10-09 19:00:00,19033,0.096,13.0
2022-23,ESP1,barcelona,2022-10-16 14:15:00,19046,0.1903,13.0
2022-23,ESP1,barcelona,2022-10-20 19:00:00,19053,0.1768,15.0
2022-23,ESP1,barcelona,2022-10-23 19:00:00,19065,0.1535,13.0
2022-23,ESP1,barcelona,2022-10-29 19:00:00,19077,0.0753,14.0
2022-23,ESP1,barcelona,2022-11-05 20:00:00,19091,0.0781,12.0
2022-23,ESP1,barcelona,2022-11-08 20:30:00,19097,0.1519,11.0
2022-23,ESP1,barcelona,2022-12-31 13:00:00,19103,0.1097,13.0
2022-23,ESP1,barcelona,2023-01-08 20:00:00,19113,0.0639,12.0
2022-23,ESP1,barcelona,2023-01-22 17:30:00,19134,0.0567,13.0
2022-23,ESP1,barcelona,2023-01-28 15:15:00,19147,0.0565,12.0
2022-23,ESP1,barcelona,2023-02-01 20:00:00,19128,-0.0363,10.0
2022-23,ESP1,barcelona,2023-02-05 20:00:00,19154,0.0129,11.0
2022-23,ESP1,barcelona,2023-02-12 20:00:00,19168,0.0057,10.0
2022-23,ESP1,barcelona,2023-02-19 20:00:00,19172,0.048,11.0
2022-23,ESP1,barcelona,2023-02-26 17:30:00,19188,0.0207,14.0
2022-23,ESP1,barcelona,2023-03-05 15:15:00,19193,-0.0162,11.0
2022-23,ESP1,barcelona,2023-03-12 20:00:00,19202,-0.0353,11.0
2022-23,ESP1,barcelona,2023-03-19 20:00:00,19213,-0.0257,11.0
2022-23,ESP1,barcelona,2023-04-01 19:00:00,19227,0.036,11.0
2022-23,ESP1,barcelona,2023-04-10 19:00:00,19232,-0.018,12.0
2022-23,ESP1,barcelona,2023-04-16 14:15:00,19247,-0.0096,12.0
2022-23,ESP1,barcelona,2023-04-23 14:15:00,19255,-0.0718,13.0
2022-23,ESP1,barcelona,2023-04-26 20:00:00,19269,-0.0507,12.0
2022-23,ESP1,barcelona,2023-04-29 19:00:00,19272,-0.0587,13.0
2022-23,ESP1,barcelona,2023-05-02 17:30:00,19284,-0.0298,14.0
2022-23,ESP1,barcelona,2023-05-14 19:00:00,19299,-0.0279,13.0
2022-23,ESP1,barcelona,2023-05-20 19:00:00,19310,-0.0046,12.0
2022-23,ESP1,barcelona,2023-05-23 20:00:00,19318,-0.0359,13.0
2022-23,ESP1,barcelona,2023-05-28 17:00:00,19324,0.0053,10.0
2022-23,ESP1,barcelona,2023-06-04 18:00:00,19334,0.0183,14.0
2022-23,ESP1,cadiz,2022-08-14 15:30:00,18966,0.0962,13.0
2022-23,ESP1,cadiz,2022-08-20 15:30:00,18974,0.046,12.0
2022-23,ESP1,cadiz,2022-08-29 18:00:00,18990,0.0538,15.0
2022-23,ESP1,cadiz,2022-09-02 19:00:00,18999,-0.0076,12.0
2022-23,ESP1,cadiz,2022-09-10 16:30:00,19010,-0.0375,12.0
2022-23,ESP1,cadiz,2022-09-16 19:00:00,19017,-0.0493,15.0
2022-23,ESP1,cadiz,2022-10-01 12:00:00,19023,-0.0346,15.0
2022-23,ESP1,cadiz,2022-10-09 14:15:00,19036,-0.0368,14.0
2022-23,ESP1,cadiz,2022-10-15 12:00:00,19049,-0.022,15.0
2022-23,ESP1,cadiz,2022-10-19 17:00:00,19058,0.0307,14.0
2022-23,ESP1,cadiz,2022-10-22 12:00:00,19069,0.0272,15.0
2022-23,ESP1,cadiz,2022-10-29 14:15:00,19076,0.0142,15.0
2022-23,ESP1,cadiz,2022-11-05 14:00:00,19090,0.0383,15.0
2022-23,ESP1,cadiz,2022-11-10 20:30:00,19100,0.0653,16.0
2022-23,ESP1,cadiz,2022-12-30 18:15:00,19111,0.129,15.0
2022-23,ESP1,cadiz,2023-01-06 20:00:00,19120,0.0491,14.0
2022-23,ESP1,cadiz,2023-01-16 20:00:00,19123,0.0357,13.0
2022-23,ESP1,cadiz,2023-01-21 20:00:00,19139,0.0482,11.0
2022-23,ESP1,cadiz,2023-01-28 13:00:00,19142,0.0713,12.0
2022-23,ESP1,cadiz,2023-02-03 20:00:00,19152,0.0121,12.0
2022-23,ESP1,cadiz,2023-02-10 20:00:00,19163,0.0136,13.0
2022-23,ESP1,cadiz,2023-02-19 20:00:00,19172,0.0505,14.0
2022-23,ESP1,cadiz,2023-02-25 15:15:00,19186,0.0325,15.0
2022-23,ESP1,cadiz,2023-03-03 20:00:00,19200,0.026,14.0
2022-23,ESP1,cadiz,2023-03-10 20:00:00,19206,0.0176,12.0
2022-23,ESP1,cadiz,2023-03-18 13:00:00,19217,0.0092,12.0
2022-23,ESP1,cadiz,2023-04-01 16:30:00,19225,0.0823,13.0
2022-23,ESP1,cadiz,2023-04-09 14:15:00,19233,0.0661,14.0
2022-23,ESP1,cadiz,2023-04-15 19:00:00,19245,0.0324,15.0
2022-23,ESP1,cadiz,2023-04-21 19:00:00,19259,0.0223,14.0
2022-23,ESP1,cadiz,2023-04-25 17:30:00,19266,0.0762,14.0
2022-23,ESP1,cadiz,2023-04-30 12:00:00,19274,0.0013,15.0
2022-23,ESP1,cadiz,2023-05-03 20:00:00,19283,0.1377,13.0
2022-23,ESP1,cadiz,2023-05-12 19:00:00,19301,0.0619,14.0
2022-23,ESP1,cadiz,2023-05-19 19:00:00,19302,0.0001,13.0
2022-23,ESP1,cadiz,2023-05-24 17:30:00,19319,0.0618,13.0
2022-23,ESP1,cadiz,2023-05-28 17:00:00,19326,0.0582,12.0
2022-23,ESP1,cadiz,2023-06-04 18:00:00,19336,0.053,13.0
2022-23,ESP1,celta vigo,2022-08-13 15:00:00,18963,0.0109,10.0
2022-23,ESP1,celta vigo,2022-08-20 20:00:00,18976,0.0103,9.0
2022-23,ESP1,celta vigo,2022-08-26 18:00:00,18982,0.0019,13.0
2022-23,ESP1,celta vigo,2022-09-02 19:00:00,18999,-0.007,12.0
2022-23,ESP1,celta vigo,2022-09-10 19:00:00,19002,-0.0138,12.0
2022-23,ESP1,celta vigo,2022-09-17 16:30:00,19015,0.0705,12.0
2022-23,ESP1,celta vigo,2022-10-02 14:15:00,19028,0.0106,14.0
2022-23,ESP1,celta vigo,2022-10-09 19:00:00,19033,0.0198,12.0
2022-23,ESP1,celta vigo,2022-10-16 12:00:00,19043,0.0108,12.0
2022-23,ESP1,celta vigo,2022-10-19 17:00:00,19059,0.0072,12.0
2022-23,ESP1,celta vigo,2022-10-24 19:00:00,19062,-0.0141,13.0
2022-23,ESP1,celta vigo,2022-10-29 12:00:00,19075,-0.0214,12.0
2022-23,ESP1,celta vigo,2022-11-05 17:30:00,19084,-0.0306,11.0
2022-23,ESP1,celta vigo,2022-11-10 18:00:00,19099,-0.033,11.0
2022-23,ESP1,celta vigo,2022-12-30 18:15:00,19104,-0.0335,12.0
2022-23,ESP1,celta vigo,2023-01-06 17:30:00,19118,-0.0126,12.0
2022-23,ESP1,celta vigo,2023-01-13 20:00:00,19122,0.0114,13.0
2022-23,ESP1,celta vigo,2023-01-20 20:00:00,19138,0.0426,14.0
2022-23,ESP1,celta vigo,2023-01-29 17:30:00,19145,0.0503,12.0
2022-23,ESP1,celta vigo,2023-02-04 20:00:00,19155,0.0449,12.0
2022-23,ESP1,celta vigo,2023-02-12 15:15:00,19167,0.0757,11.0
2022-23,ESP1,celta vigo,2023-02-18 10:00:00,19180,0.0826,12.0
2022-23,ESP1,celta vigo,2023-02-26 15:15:00,19185,0.0604,14.0
2022-23,ESP1,celta vigo,2023-03-06 20:00:00,19198,0.0535,14.0
2022-23,ESP1,celta vigo,2023-03-11 17:30:00,19203,0.0746,12.0
2022-23,ESP1,celta vigo,2023-03-18 17:30:00,19219,0.0842,14.0
2022-23,ESP1,celta vigo,2023-04-02 12:00:00,19231,0.0644,13.0
2022-23,ESP1,celta vigo,2023-04-07 19:00:00,19238,0.076,14.0
2022-23,ESP1,celta vigo,2023-04-17 19:00:00,19244,0.0656,16.0
2022-23,ESP1,celta vigo,2023-04-22 19:00:00,19257,0.0439,12.0
2022-23,ESP1,celta vigo,2023-04-26 20:00:00,19265,0.0205,14.0
2022-23,ESP1,celta vigo,2023-04-30 14:15:00,19279,0.0689,13.0
2022-23,ESP1,celta vigo,2023-05-03 20:00:00,19290,0.0339,14.0
2022-23,ESP1,celta vigo,2023-05-14 12:00:00,19296,0.0065,13.0
2022-23,ESP1,celta vigo,2023-05-20 14:15:00,19309,-0.0121,14.0
2022-23,ESP1,celta vigo,2023-05-23 17:30:00,19313,-0.0054,11.0
2022-23,ESP1,celta vigo,2023-05-28 17:00:00,19326,-0.0266,14.0
2022-23,ESP1,celta vigo,2023-06-04 18:00:00,19334,-0.0423,13.0
2022-23,ESP1,elche,2022-08-15 19:30:00,18971,0.0191,14.0
2022-23,ESP1,elche,2022-08-22 18:00:00,18980,-0.0197,10.0
2022-23,ESP1,elche,2022-08-27 15:30:00,18984,-0.0323,14.0
2022-23,ESP1,elche,2022-09-04 16:30:00,18997,-0.0243,15.0
2022-23,ESP1,elche,2022-09-11 14:15:00,19009,-0.0188,15.0
2022-23,ESP1,elche,2022-09-17 14:15:00,19013,-0.0106,14.0
2022-23,ESP1,elche,2022-10-03 19:00:00,19029,-0.0355,13.0
2022-23,ESP1,elche,2022-10-10 19:00:00,19034,-0.0187,13.0
2022-23,ESP1,elche,2022-10-15 14:15:00,19047,-0.0021,14.0
2022-23,ESP1,elche,2022-10-19 19:00:00,19054,-0.0244,12.0
2022-23,ESP1,elche,2022-10-23 12:00:00,19067,-0.0271,15.0
2022-23,ESP1,elche,2022-10-31 20:00:00,19073,-0.0382,13.0
2022-23,ESP1,elche,2022-11-05 15:15:00,19088,-0.0153,15.0
2022-23,ESP1,elche,2022-11-08 18:00:00,19093,-0.0213,13.0
2022-23,ESP1,elche,2022-12-29 20:30:00,19102,-0.0382,12.0
2022-23,ESP1,elche,2023-01-06 17:30:00,19118,-0.0447,12.0
2022-23,ESP1,elche,2023-01-16 20:00:00,19123,-0.0284,11.0
2022-23,ESP1,elche,2023-01-22 15:15:00,19135,-0.0315,12.0
2022-23,ESP1,elche,2023-01-28 17:30:00,19149,-0.003,13.0
2022-23,ESP1,elche,2023-02-04 15:15:00,19156,-0.0268,13.0
2022-23,ESP1,elche,2023-02-15 20:00:00,19169,0.0554,14.0
2022-23,ESP1,elche,2023-02-19 13:00:00,19174,-0.0017,12.0
2022-23,ESP1,elche,2023-02-24 20:00:00,19190,0.0106,12.0
2022-23,ESP1,elche,2023-03-04 17:30:00,19199,0.0114,14.0
2022-23,ESP1,elche,2023-03-11 15:15:00,19204,-0.0012,14.0
2022-23,ESP1,elche,2023-03-19 15:15:00,19220,0.0336,14.0
2022-23,ESP1,elche,2023-04-01 19:00:00,19227,0.1101,13.0
2022-23,ESP1,elche,2023-04-08 12:00:00,19239,0.044,13.0
2022-23,ESP1,elche,2023-04-16 12:00:00,19248,0.0925,14.0
2022-23,ESP1,elche,2023-04-23 12:00:00,19252,0.1244,14.0
2022-23,ESP1,elche,2023-04-26 20:00:00,19265,0.0163,12.0
2022-23,ESP1,elche,2023-04-29 14:15:00,19273,0.0703,14.0
2022-23,ESP1,elche,2023-05-02 17:30:00,19288,0.1073,14.0
2022-23,ESP1,elche,2023-05-14 14:15:00,19298,0.0422,13.0
2022-23,ESP1,elche,2023-05-20 16:30:00,19306,0.0916,13.0
2022-23,ESP1,elche,2023-05-24 17:30:00,19314,0.1449,14.0
2022-23,ESP1,elche,2023-05-28 17:00:00,19322,0.0953,15.0
2022-23,ESP1,elche,2023-06-04 18:00:00,19336,0.1164,12.0
2022-23,ESP1,espanyol,2022-08-13 15:00:00,18963,-0.0082,8.0
2022-23,ESP1,espanyol,2022-08-19 18:00:00,18972,0.0107,9.0
2022-23,ESP1,espanyol,2022-08-28 20:00:00,18989,0.0205,11.0
2022-23,ESP1,espanyol,2022-09-04 14:15:00,18992,0.059,12.0
2022-23,ESP1,espanyol,2022-09-10 14:15:00,19005,0.0664,12.0
2022-23,ESP1,espanyol,2022-09-18 16:30:00,19018,0.0737,13.0
2022-23,ESP1,espanyol,2022-10-02 12:00:00,19024,0.0547,13.0
2022-23,ESP1,espanyol,2022-10-09 14:15:00,19036,0.0398,11.0
2022-23,ESP1,espanyol,2022-10-16 16:30:00,19045,0.0476,12.0
2022-23,ESP1,espanyol,2022-10-20 18:00:00,19061,0.0462,14.0
2022-23,ESP1,espanyol,2022-10-23 12:00:00,19067,0.0848,14.0
2022-23,ESP1,espanyol,2022-10-28 19:00:00,19079,0.1019,12.0
2022-23,ESP1,espanyol,2022-11-06 13:00:00,19082,0.0316,13.0
2022-23,ESP1,espanyol,2022-11-09 19:00:00,19094,0.0604,13.0
2022-23,ESP1,espanyol,2022-12-31 13:00:00,19103,0.04,12.0
2022-23,ESP1,espanyol,2023-01-07 20:00:00,19115,0.0188,12.0
2022-23,ESP1,espanyol,2023-01-15 13:00:00,19130,-0.0011,10.0
2022-23,ESP1,espanyol,2023-01-21 15:15:00,19137,-0.0389,11.0
2022-23,ESP1,espanyol,2023-01-27 20:00:00,19144,0.0124,12.0
2022-23,ESP1,espanyol,2023-02-04 13:00:00,19158,0.0051,11.0
2022-23,ESP1,espanyol,2023-02-13 20:00:00,19164,0.0445,12.0
2022-23,ESP1,espanyol,2023-02-19 13:00:00,19174,0.0654,10.0
2022-23,ESP1,espanyol,2023-02-25 13:00:00,19187,0.0583,13.0
2022-23,ESP1,espanyol,2023-03-05 13:00:00,19201,0.1015,11.0
2022-23,ESP1,espanyol,2023-03-11 13:00:00,19209,0.033,13.0
2022-23,ESP1,espanyol,2023-03-18 17:30:00,19219,0.0611,14.0
2022-23,ESP1,espanyol,2023-04-01 12:00:00,19228,0.058,11.0
2022-23,ESP1,espanyol,2023-04-08 14:15:00,19236,0.0539,12.0
2022-23,ESP1,espanyol,2023-04-15 16:30:00,19243,0.0271,14.0
2022-23,ESP1,espanyol,2023-04-21 19:00:00,19259,0.0117,14.0
2022-23,ESP1,espanyol,2023-04-27 17:30:00,19270,-0.0034,13.0
2022-23,ESP1,espanyol,2023-04-30 16:30:00,19275,-0.0012,12.0
2022-23,ESP1,espanyol,2023-05-04 17:30:00,19291,0.0288,11.0
2022-23,ESP1,espanyol,2023-05-14 19:00:00,19299,0.0292,13.0
2022-23,ESP1,espanyol,2023-05-21 12:00:00,19307,0.0535,12.0
2022-23,ESP1,espanyol,2023-05-24 20:00:00,19317,0.0494,13.0
2022-23,ESP1,espanyol,2023-05-28 17:00:00,19330,0.0671,13.0
2022-23,ESP1,espanyol,2023-06-04 18:00:00,19337,0.0692,13.0
2022-23,ESP1,getafe,2022-08-15 17:30:00,18970,-0.0024,10.0
2022-23,ESP1,getafe,2022-08-22 20:00:00,18981,-0.0343,10.0
2022-23,ESP1,getafe,2022-08-28 15:30:00,18987,0.1067,9.0
2022-23,ESP1,getafe,2022-09-04 19:00:00,18998,0.0107,11.0
2022-23,ESP1,getafe,2022-09-11 16:30:00,19004,-0.0388,12.0
2022-23,ESP1,getafe,2022-09-18 12:00:00,19016,-0.0628,11.0
2022-23,ESP1,getafe,2022-10-01 14:15:00,19022,-0.0286,9.0
2022-23,ESP1,getafe,2022-10-08 19:00:00,19035,-0.0209,11.0
2022-23,ESP1,getafe,2022-10-14 19:00:00,19048,-0.0315,12.0
2022-23,ESP1,getafe,2022-10-18 18:00:00,19057,-0.0238,10.0
2022-23,ESP1,getafe,2022-10-24 19:00:00,19062,-0.0377,10.0
2022-23,ESP1,getafe,2022-10-31 20:00:00,19073,-0.0447,9.0
2022-23,ESP1,getafe,2022-11-05 14:00:00,19090,-0.0594,12.0
2022-23,ESP1,getafe,2022-11-09 18:00:00,19095,-0.1078,9.0
2022-23,ESP1,getafe,2022-12-30 16:00:00,19105,-0.093,10.0
2022-23,ESP1,getafe,2023-01-08 17:30:00,19119,-0.0753,10.0
2022-23,ESP1,getafe,2023-01-15 13:00:00,19130,-0.0437,12.0
2022-23,ESP1,getafe,2023-01-22 17:30:00,19134,-0.0538,11.0
2022-23,ESP1,getafe,2023-01-28 20:00:00,19148,-0.0479,11.0
2022-23,ESP1,getafe,2023-02-04 17:30:00,19153,-0.0327,12.0
2022-23,ESP1,getafe,2023-02-12 13:00:00,19162,-0.0239,12.0
2022-23,ESP1,getafe,2023-02-20 20:00:00,19176,-0.02,12.0
2022-23,ESP1,getafe,2023-02-27 20:00:00,19191,-0.0363,13.0
2022-23,ESP1,getafe,2023-03-04 13:00:00,19195,-0.0401,11.0
2022-23,ESP1,getafe,2023-03-10 20:00:00,19206,-0.0043,12.0
2022-23,ESP1,getafe,2023-03-19 17:30:00,19215,0.0185,11.0
2022-23,ESP1,getafe,2023-04-01 14:15:00,19222,0.0496,11.0
2022-23,ESP1,getafe,2023-04-08 16:30:00,19241,0.0281,12.0
2022-23,ESP1,getafe,2023-04-16 14:15:00,19247,0.0122,11.0
2022-23,ESP1,getafe,2023-04-23 16:30:00,19258,0.0022,11.0
2022-23,ESP1,getafe,2023-04-26 17:30:00,19271,-0.0414,11.0
2022-23,ESP1,getafe,2023-04-30 16:30:00,19275,-0.0489,11.0
2022-23,ESP1,getafe,2023-05-03 20:00:00,19290,-0.0613,11.0
2022-23,ESP1,getafe,2023-05-13 19:00:00,19300,-0.0409,12.0
2022-23,ESP1,getafe,2023-05-20 16:30:00,19306,-0.0338,12.0
2022-23,ESP1,getafe,2023-05-24 20:00:00,19312,-0.0297,11.0
2022-23,ESP1,getafe,2023-05-28 17:00:00,19325,-0.0362,10.0
2022-23,ESP1,getafe,2023-06-04 18:00:00,19335,0.0155,10.0
2022-23,ESP1,girona,2022-08-14 17:30:00,18967,0.1036,5.0
2022-23,ESP1,girona,2022-08-22 20:00:00,18981,0.031,6.0
2022-23,ESP1,girona,2022-08-26 18:00:00,18982,0.014,10.0
2022-23,ESP1,girona,2022-09-03 12:00:00,19001,-0.0175,11.0
2022-23,ESP1,girona,2022-09-09 19:00:00,19008,-0.0522,12.0
2022-23,ESP1,girona,2022-09-18 16:30:00,19014,0.0095,11.0
2022-23,ESP1,girona,2022-10-02 16:30:00,19025,0.0065,13.0
2022-23,ESP1,girona,2022-10-08 14:15:00,19032,0.022,12.0
2022-23,ESP1,girona,2022-10-15 12:00:00,19049,0.0137,11.0
2022-23,ESP1,girona,2022-10-20 17:00:00,19056,0.0678,14.0
2022-23,ESP1,girona,2022-10-23 16:30:00,19064,0.0446,15.0
2022-23,ESP1,girona,2022-10-30 15:15:00,19081,0.0353,16.0
2022-23,ESP1,girona,2022-11-04 20:00:00,19087,0.07,14.0
2022-23,ESP1,girona,2022-11-08 18:00:00,19093,0.0409,14.0
2022-23,ESP1,girona,2022-12-29 16:00:00,19106,0.0659,14.0
2022-23,ESP1,girona,2023-01-07 20:00:00,19115,0.0787,13.0
2022-23,ESP1,girona,2023-01-14 15:15:00,19126,0.1682,13.0
2022-23,ESP1,girona,2023-01-22 13:00:00,19141,0.1813,13.0
2022-23,ESP1,girona,2023-01-28 15:15:00,19147,0.0872,13.0
2022-23,ESP1,girona,2023-02-05 15:15:00,19160,0.0915,12.0
2022-23,ESP1,girona,2023-02-10 20:00:00,19163,0.1104,10.0
2022-23,ESP1,girona,2023-02-17 17:00:00,19181,0.0708,12.0
2022-23,ESP1,girona,2023-02-26 13:00:00,19184,0.0916,12.0
2022-23,ESP1,girona,2023-03-04 13:00:00,19195,0.0641,13.0
2022-23,ESP1,girona,2023-03-13 20:00:00,19207,0.1027,12.0
2022-23,ESP1,girona,2023-03-18 15:15:00,19221,0.1521,11.0
2022-23,ESP1,girona,2023-04-01 12:00:00,19228,0.1034,11.0
2022-23,ESP1,girona,2023-04-10 19:00:00,19232,0.1419,13.0
2022-23,ESP1,girona,2023-04-16 12:00:00,19248,0.0746,14.0
2022-23,ESP1,girona,2023-04-22 16:30:00,19261,0.0881,10.0
2022-23,ESP1,girona,2023-04-25 17:30:00,19268,0.0095,12.0
2022-23,ESP1,girona,2023-05-01 19:00:00,19281,0.0391,12.0
2022-23,ESP1,girona,2023-05-04 17:30:00,19289,0.0553,10.0
2022-23,ESP1,girona,2023-05-13 12:00:00,19292,0.0785,12.0
2022-23,ESP1,girona,2023-05-20 12:00:00,19304,0.096,14.0
2022-23,ESP1,girona,2023-05-23 17:30:00,19313,0.1102,13.0
2022-23,ESP1,girona,2023-05-28 17:00:00,19329,0.1385,14.0
2022-23,ESP1,girona,2023-06-04 18:00:00,19338,0.1438,13.0
2022-23,ESP1,mallorca,2022-08-15 15:30:00,18969,0.1924,9.0
2022-23,ESP1,mallorca,2022-08-20 17:30:00,18975,0.1012,9.0
2022-23,ESP1,mallorca,2022-08-27 17:30:00,18985,0.0832,11.0
2022-23,ESP1,mallorca,2022-09-03 12:00:00,19001,0.0322,12.0
2022-23,ESP1,mallorca,2022-09-11 12:00:00,19011,0.0393,13.0
2022-23,ESP1,mallorca,2022-09-17 12:00:00,19020,0.0855,12.0
2022-23,ESP1,mallorca,2022-10-01 19:00:00,19027,0.0145,11.0
2022-23,ESP1,mallorca,2022-10-10 19:00:00,19034,0.0375,10.0
2022-23,ESP1,mallorca,2022-10-15 16:30:00,19044,0.0159,13.0
2022-23,ESP1,mallorca,2022-10-19 18:00:00,19060,0.0073,12.0
2022-23,ESP1,mallorca,2022-10-22 16:30:00,19068,0.059,13.0
2022-23,ESP1,mallorca,2022-10-28 19:00:00,19079,0.0465,11.0
2022-23,ESP1,mallorca,2022-11-06 17:30:00,19089,0.0633,12.0
2022-23,ESP1,mallorca,2022-11-09 20:30:00,19096,0.0823,12.0
2022-23,ESP1,mallorca,2022-12-30 16:00:00,19105,0.0732,12.0
2022-23,ESP1,mallorca,2023-01-07 17:30:00,19114,0.0675,11.0
2022-23,ESP1,mallorca,2023-01-14 17:30:00,19129,0.0945,12.0
2022-23,ESP1,mallorca,2023-01-20 20:00:00,19138,0.0387,11.0
2022-23,ESP1,mallorca,2023-01-28 13:00:00,19142,0.0208,12.0
2022-23,ESP1,mallorca,2023-02-05 13:00:00,19157,0.0212,12.0
2022-23,ESP1,mallorca,2023-02-11 17:30:00,19170,-0.0159,10.0
2022-23,ESP1,mallorca,2023-02-18 17:30:00,19175,-0.0024,10.0
2022-23,ESP1,mallorca,2023-02-25 13:00:00,19187,0.0046,9.0
2022-23,ESP1,mallorca,2023-03-04 17:30:00,19199,-0.0088,10.0
2022-23,ESP1,mallorca,2023-03-12 13:00:00,19205,-0.0061,10.0
2022-23,ESP1,mallorca,2023-03-19 13:00:00,19214,0.0134,13.0
2022-23,ESP1,mallorca,2023-03-31 20:00:00,19224,-0.0067,11.0
2022-23,ESP1,mallorca,2023-04-09 12:00:00,19240,0.0114,9.0
2022-23,ESP1,mallorca,2023-04-17 19:00:00,19244,0.0243,8.0
2022-23,ESP1,mallorca,2023-04-23 16:30:00,19258,0.0077,11.0
2022-23,ESP1,mallorca,2023-04-26 17:30:00,19263,0.0263,12.0
2022-23,ESP1,mallorca,2023-05-01 17:00:00,19277,0.017,11.0
2022-23,ESP1,mallorca,2023-05-04 17:30:00,19289,0.0492,11.0
2022-23,ESP1,mallorca,2023-05-12 19:00:00,19301,0.0378,11.0
2022-23,ESP1,mallorca,2023-05-20 16:30:00,19303,0.0405,13.0
2022-23,ESP1,mallorca,2023-05-25 17:30:00,19315,0.0396,11.0
2022-23,ESP1,mallorca,2023-05-28 17:00:00,19324,-0.005,8.0
2022-23,ESP1,mallorca,2023-06-04 18:00:00,19340,0.005,11.0
2022-23,ESP1,osasuna,2022-08-12 19:00:00,18962,-0.0419,12.0
2022-23,ESP1,osasuna,2022-08-20 15:30:00,18974,-0.0046,13.0
2022-23,ESP1,osasuna,2022-08-26 20:00:00,18983,0.0202,14.0
2022-23,ESP1,osasuna,2022-09-04 12:00:00,18993,0.0221,13.0
2022-23,ESP1,osasuna,2022-09-12 19:00:00,19007,0.0895,12.0
2022-23,ESP1,osasuna,2022-09-18 12:00:00,19016,0.1082,13.0
2022-23,ESP1,osasuna,2022-10-02 19:00:00,19030,0.0138,11.0
2022-23,ESP1,osasuna,2022-10-07 19:00:00,19037,0.0679,13.0
2022-23,ESP1,osasuna,2022-10-17 19:00:00,19050,0.1034,13.0
2022-23,ESP1,osasuna,2022-10-20 18:00:00,19061,0.0947,13.0
2022-23,ESP1,osasuna,2022-10-23 16:30:00,19064,0.0358,12.0
2022-23,ESP1,osasuna,2022-10-30 13:00:00,19074,0.0536,12.0
2022-23,ESP1,osasuna,2022-11-05 17:30:00,19084,0.0331,12.0
2022-23,ESP1,osasuna,2022-11-08 20:30:00,19097,0.02,13.0
2022-23,ESP1,osasuna,2022-12-31 15:15:00,19108,0.0161,13.0
2022-23,ESP1,osasuna,2023-01-09 20:00:00,19112,-0.0219,11.0
2022-23,ESP1,osasuna,2023-01-14 17:30:00,19129,-0.057,10.0
2022-23,ESP1,osasuna,2023-01-22 15:15:00,19135,-0.057,12.0
2022-23,ESP1,osasuna,2023-01-29 15:15:00,19146,-0.052,12.0
2022-23,ESP1,osasuna,2023-02-04 13:00:00,19158,-0.0587,13.0
2022-23,ESP1,osasuna,2023-02-12 17:30:00,19171,-0.0554,12.0
2022-23,ESP1,osasuna,2023-02-18 20:00:00,19177,-0.0286,11.0
2022-23,ESP1,osasuna,2023-02-26 20:00:00,19182,-0.0179,11.0
2022-23,ESP1,osasuna,2023-03-06 20:00:00,19198,-0.0444,11.0
2022-23,ESP1,osasuna,2023-03-11 20:00:00,19210,-0.0171,12.0
2022-23,ESP1,osasuna,2023-03-19 15:15:00,19216,-0.0391,11.0
2022-23,ESP1,osasuna,2023-03-31 20:00:00,19224,-0.0116,13.0
2022-23,ESP1,osasuna,2023-04-08 12:00:00,19239,0.0121,12.0
2022-23,ESP1,osasuna,2023-04-14 19:00:00,19249,0.0117,11.0
2022-23,ESP1,osasuna,2023-04-22 12:00:00,19256,0.0205,11.0
2022-23,ESP1,osasuna,2023-04-25 17:30:00,19266,-0.0233,11.0
2022-23,ESP1,osasuna,2023-04-28 19:00:00,19276,0.0219,14.0
2022-23,ESP1,osasuna,2023-05-02 17:30:00,19284,-0.0229,13.0
2022-23,ESP1,osasuna,2023-05-13 14:15:00,19293,0.0504,11.0
2022-23,ESP1,osasuna,2023-05-21 14:15:00,19311,0.0171,14.0
2022-23,ESP1,osasuna,2023-05-25 19:30:00,19316,0.0329,11.0
2022-23,ESP1,osasuna,2023-05-28 17:00:00,19325,0.004,10.0
2022-23,ESP1,osasuna,2023-06-04 18:00:00,19338,0.0318,11.0
2022-23,ESP1,rayo vallecano,2022-08-13 19:00:00,18965,0.0333,9.0
2022-23,ESP1,rayo vallecano,2022-08-19 18:00:00,18972,0.039,9.0
2022-23,ESP1,rayo vallecano,2022-08-27 17:30:00,18985,0.0577,10.0
2022-23,ESP1,rayo vallecano,2022-09-04 12:00:00,18993,0.0631,9.0
2022-23,ESP1,rayo vallecano,2022-09-10 12:00:00,19006,0.0334,11.0
2022-23,ESP1,rayo vallecano,2022-09-17 19:00:00,19012,0.0439,10.0
2022-23,ESP1,rayo vallecano,2022-10-03 19:00:00,19029,0.0173,10.0
2022-23,ESP1,rayo vallecano,2022-10-08 12:00:00,19039,0.0303,10.0
2022-23,ESP1,rayo vallecano,2022-10-14 19:00:00,19048,-0.0033,9.0
2022-23,ESP1,rayo vallecano,2022-10-18 19:00:00,19052,-0.0065,8.0
2022-23,ESP1,rayo vallecano,2022-10-22 12:00:00,19069,0.0081,10.0
2022-23,ESP1,rayo vallecano,2022-10-29 16:30:00,19080,0.0353,10.0
2022-23,ESP1,rayo vallecano,2022-11-07 20:00:00,19086,0.0539,9.0
2022-23,ESP1,rayo vallecano,2022-11-10 18:00:00,19099,0.0467,10.0
2022-23,ESP1,rayo vallecano,2022-12-29 16:00:00,19106,0.0977,9.0
2022-23,ESP1,rayo vallecano,2023-01-08 15:15:00,19117,0.0716,11.0
2022-23,ESP1,rayo vallecano,2023-01-14 13:00:00,19131,0.0531,10.0
2022-23,ESP1,rayo vallecano,2023-01-21 13:00:00,19136,0.0099,10.0
2022-23,ESP1,rayo vallecano,2023-01-30 20:00:00,19151,0.0589,11.0
2022-23,ESP1,rayo vallecano,2023-02-06 20:00:00,19161,0.0179,11.0
2022-23,ESP1,rayo vallecano,2023-02-12 13:00:00,19162,-0.0013,11.0
2022-23,ESP1,rayo vallecano,2023-02-19 15:15:00,19178,0.0045,10.0
2022-23,ESP1,rayo vallecano,2023-02-25 15:15:00,19186,0.0353,11.0
2022-23,ESP1,rayo vallecano,2023-03-05 17:30:00,19197,0.0178,10.0
2022-23,ESP1,rayo vallecano,2023-03-11 17:30:00,19203,0.0543,10.0
2022-23,ESP1,rayo vallecano,2023-03-18 15:15:00,19221,0.0129,11.0
2022-23,ESP1,rayo vallecano,2023-04-03 19:00:00,19230,-0.0094,10.0
2022-23,ESP1,rayo vallecano,2023-04-09 19:00:00,19237,-0.002,11.0
2022-23,ESP1,rayo vallecano,2023-04-14 19:00:00,19249,-0.0271,10.0
2022-23,ESP1,rayo vallecano,2023-04-22 16:30:00,19260,-0.0068,10.0
2022-23,ESP1,rayo vallecano,2023-04-26 20:00:00,19269,-0.0101,10.0
2022-23,ESP1,rayo vallecano,2023-04-29 14:15:00,19273,0.0276,11.0
2022-23,ESP1,rayo vallecano,2023-05-04 20:00:00,19287,-0.0364,10.0
2022-23,ESP1,rayo vallecano,2023-05-15 19:00:00,19295,0.0056,11.0
2022-23,ESP1,rayo vallecano,2023-05-21 12:00:00,19307,0.0503,10.0
2022-23,ESP1,rayo vallecano,2023-05-24 17:30:00,19320,0.0644,11.0
2022-23,ESP1,rayo vallecano,2023-05-28 17:00:00,19327,0.0139,10.0
2022-23,ESP1,rayo vallecano,2023-06-04 18:00:00,19340,0.0367,9.0
2022-23,ESP1,real betis,2022-08-15 19:30:00,18971,0.0558,10.0
2022-23,ESP1,real betis,2022-08-20 17:30:00,18975,0.1013,10.0
2022-23,ESP1,real betis,2022-08-26 20:00:00,18983,0.1123,11.0
2022-23,ESP1,real betis,2022-09-03 14:15:00,18996,0.109,13.0
2022-23,ESP1,real betis,2022-09-11 19:00:00,19003,0.0188,11.0
2022-23,ESP1,real betis,2022-09-18 16:30:00,19014,0.0547,12.0
2022-23,ESP1,real betis,2022-10-02 14:15:00,19028,0.0242,15.0
2022-23,ESP1,real betis,2022-10-09 12:00:00,19041,0.01,13.0
2022-23,ESP1,real betis,2022-10-16 19:00:00,19051,-0.0045,13.0
2022-23,ESP1,real betis,2022-10-19 17:00:00,19058,0.1337,15.0
2022-23,ESP1,real betis,2022-10-23 14:15:00,19066,0.0519,15.0
2022-23,ESP1,real betis,2022-10-30 20:00:00,19078,0.0326,13.0
2022-23,ESP1,real betis,2022-11-06 20:00:00,19083,0.0728,13.0
2022-23,ESP1,real betis,2022-11-10 19:00:00,19098,0.0101,13.0
2022-23,ESP1,real betis,2022-12-29 18:15:00,19107,0.0561,12.0
2022-23,ESP1,real betis,2023-01-08 15:15:00,19117,0.0944,13.0
2022-23,ESP1,real betis,2023-01-21 15:15:00,19137,0.0549,11.0
2022-23,ESP1,real betis,2023-01-28 20:00:00,19148,0.021,12.0
2022-23,ESP1,real betis,2023-02-01 20:00:00,19128,0.0689,14.0
2022-23,ESP1,real betis,2023-02-04 20:00:00,19155,0.0693,16.0
2022-23,ESP1,real betis,2023-02-11 15:15:00,19165,0.2051,12.0
2022-23,ESP1,real betis,2023-02-18 15:15:00,19173,0.1766,13.0
2022-23,ESP1,real betis,2023-02-24 20:00:00,19190,0.2496,14.0
2022-23,ESP1,real betis,2023-03-05 20:00:00,19194,0.2178,12.0
2022-23,ESP1,real betis,2023-03-12 17:30:00,19208,0.1766,13.0
2022-23,ESP1,real betis,2023-03-19 13:00:00,19214,0.1865,12.0
2022-23,ESP1,real betis,2023-04-02 19:00:00,19223,0.094,12.0
2022-23,ESP1,real betis,2023-04-09 14:15:00,19233,0.0924,15.0
2022-23,ESP1,real betis,2023-04-15 16:30:00,19243,0.0666,11.0
2022-23,ESP1,real betis,2023-04-22 12:00:00,19256,0.0532,14.0
2022-23,ESP1,real betis,2023-04-25 20:00:00,19264,0.0639,12.0
2022-23,ESP1,real betis,2023-04-29 19:00:00,19272,0.0613,16.0
2022-23,ESP1,real betis,2023-05-04 20:00:00,19282,-0.0259,13.0
2022-23,ESP1,real betis,2023-05-15 19:00:00,19295,0.0117,13.0
2022-23,ESP1,real betis,2023-05-21 19:00:00,19305,0.184,13.0
2022-23,ESP1,real betis,2023-05-24 20:00:00,19312,0.0081,13.0
2022-23,ESP1,real betis,2023-05-28 17:00:00,19329,0.0349,11.0
2022-23,ESP1,real betis,2023-06-04 18:00:00,19339,0.0538,14.0
2022-23,ESP1,real madrid,2022-08-14 20:00:00,18968,0.0781,13.0
2022-23,ESP1,real madrid,2022-08-20 20:00:00,18976,0.168,12.0
2022-23,ESP1,real madrid,2022-08-28 20:00:00,18989,0.1822,14.0
2022-23,ESP1,real madrid,2022-09-03 14:15:00,18996,0.189,11.0
2022-23,ESP1,real madrid,2022-09-11 12:00:00,19011,0.1257,14.0
2022-23,ESP1,real madrid,2022-09-18 19:00:00,19021,0.1142,11.0
2022-23,ESP1,real madrid,2022-10-02 19:00:00,19030,0.1406,14.0
2022-23,ESP1,real madrid,2022-10-08 19:00:00,19035,0.0275,10.0
2022-23,ESP1,real madrid,2022-10-16 14:15:00,19046,0.058,11.0
2022-23,ESP1,real madrid,2022-10-19 19:00:00,19054,0.0819,11.0
2022-23,ESP1,real madrid,2022-10-22 19:00:00,19063,-0.0638,14.0
2022-23,ESP1,real madrid,2022-10-30 15:15:00,19081,-0.0484,11.0
2022-23,ESP1,real madrid,2022-11-07 20:00:00,19086,-0.0344,11.0
2022-23,ESP1,real madrid,2022-11-10 20:30:00,19100,0.0277,11.0
2022-23,ESP1,real madrid,2022-12-30 20:30:00,19109,0.0168,13.0
2022-23,ESP1,real madrid,2023-01-07 15:15:00,19121,0.013,14.0
2022-23,ESP1,real madrid,2023-01-22 20:00:00,19132,0.0092,12.0
2022-23,ESP1,real madrid,2023-01-29 20:00:00,19143,0.0186,13.0
2022-23,ESP1,real madrid,2023-02-02 20:00:00,19124,-0.0334,14.0
2022-23,ESP1,real madrid,2023-02-05 13:00:00,19157,-0.0238,14.0
2022-23,ESP1,real madrid,2023-02-15 20:00:00,19169,0.0466,14.0
2022-23,ESP1,real madrid,2023-02-18 20:00:00,19177,-0.0513,12.0
2022-23,ESP1,real madrid,2023-02-25 17:30:00,19189,0.0304,13.0
2022-23,ESP1,real madrid,2023-03-05 20:00:00,19194,0.0172,13.0
2022-23,ESP1,real madrid,2023-03-11 13:00:00,19209,-0.0621,13.0
2022-23,ESP1,real madrid,2023-03-19 20:00:00,19213,-0.0062,15.0
2022-23,ESP1,real madrid,2023-04-02 14:15:00,19226,0.0212,14.0
2022-23,ESP1,real madrid,2023-04-08 19:00:00,19234,0.0936,15.0
2022-23,ESP1,real madrid,2023-04-15 19:00:00,19245,0.0571,12.0
2022-23,ESP1,real madrid,2023-04-22 19:00:00,19257,0.0208,12.0
2022-23,ESP1,real madrid,2023-04-25 17:30:00,19268,0.0642,12.0
2022-23,ESP1,real madrid,2023-04-29 16:30:00,19280,0.0142,13.0
2022-23,ESP1,real madrid,2023-05-02 20:00:00,19285,0.0596,11.0
2022-23,ESP1,real madrid,2023-05-13 19:00:00,19300,-0.0041,15.0
2022-23,ESP1,real madrid,2023-05-21 16:30:00,19308,0.052,14.0
2022-23,ESP1,real madrid,2023-05-24 17:30:00,19320,0.0829,12.0
2022-23,ESP1,real madrid,2023-05-27 17:00:00,19331,0.0219,13.0
2022-23,ESP1,real madrid,2023-06-04 18:00:00,19332,0.0062,13.0
2022-23,ESP1,real sociedad,2022-08-14 15:30:00,18966,-0.0108,12.0
2022-23,ESP1,real sociedad,2022-08-21 20:00:00,18979,0.0099,13.0
2022-23,ESP1,real sociedad,2022-08-27 15:30:00,18984,0.2145,13.0
2022-23,ESP1,real sociedad,2022-09-03 16:30:00,18994,0.191,14.0
2022-23,ESP1,real sociedad,2022-09-11 16:30:00,19004,0.1382,13.0
2022-23,ESP1,real sociedad,2022-09-18 16:30:00,19018,0.027,9.0
2022-23,ESP1,real sociedad,2022-10-02 16:30:00,19025,0.0583,10.0
2022-23,ESP1,real sociedad,2022-10-09 16:30:00,19038,0.0989,11.0
2022-23,ESP1,real sociedad,2022-10-16 12:00:00,19043,0.0581,13.0
2022-23,ESP1,real sociedad,2022-10-19 18:00:00,19060,0.0898,13.0
2022-23,ESP1,real sociedad,2022-10-22 14:15:00,19070,0.0595,13.0
2022-23,ESP1,real sociedad,2022-10-30 20:00:00,19078,0.1141,10.0
2022-23,ESP1,real sociedad,2022-11-06 15:15:00,19085,0.0815,11.0
2022-23,ESP1,real sociedad,2022-11-09 18:00:00,19101,0.1061,12.0
2022-23,ESP1,real sociedad,2022-12-31 15:15:00,19108,0.1187,12.0
2022-23,ESP1,real sociedad,2023-01-08 13:00:00,19116,0.0277,12.0
2022-23,ESP1,real sociedad,2023-01-14 20:00:00,19127,0.0584,14.0
2022-23,ESP1,real sociedad,2023-01-21 13:00:00,19136,0.1217,13.0
2022-23,ESP1,real sociedad,2023-01-29 20:00:00,19143,0.1153,13.0
2022-23,ESP1,real sociedad,2023-02-05 17:30:00,19159,0.1023,13.0
2022-23,ESP1,real sociedad,2023-02-13 20:00:00,19164,0.0478,12.0
2022-23,ESP1,real sociedad,2023-02-18 10:00:00,19180,0.0278,11.0
2022-23,ESP1,real sociedad,2023-02-25 20:00:00,19183,-0.0152,14.0
2022-23,ESP1,real sociedad,2023-03-03 20:00:00,19200,-0.0686,12.0
2022-23,ESP1,real sociedad,2023-03-12 13:00:00,19205,-0.0517,11.0
2022-23,ESP1,real sociedad,2023-03-19 15:15:00,19220,-0.0656,11.0
2022-23,ESP1,real sociedad,2023-04-02 16:30:00,19229,-0.0418,12.0
2022-23,ESP1,real sociedad,2023-04-08 16:30:00,19241,-0.0512,12.0
2022-23,ESP1,real sociedad,2023-04-15 14:15:00,19242,-0.0336,14.0
2022-23,ESP1,real sociedad,2023-04-22 16:30:00,19260,-0.0015,12.0
2022-23,ESP1,real sociedad,2023-04-25 20:00:00,19264,-0.0095,15.0
2022-23,ESP1,real sociedad,2023-04-28 19:00:00,19276,-0.029,15.0
2022-23,ESP1,real sociedad,2023-05-02 20:00:00,19285,0.043,13.0
2022-23,ESP1,real sociedad,2023-05-13 12:00:00,19292,0.1001,11.0
2022-23,ESP1,real sociedad,2023-05-20 19:00:00,19310,0.0969,13.0
2022-23,ESP1,real sociedad,2023-05-23 17:30:00,19321,0.0592,12.0
2022-23,ESP1,real sociedad,2023-05-28 17:00:00,19323,0.1287,15.0
2022-23,ESP1,real sociedad,2023-06-04 18:00:00,19341,0.1825,14.0
2022-23,ESP1,real valladolid,2022-08-13 17:00:00,18964,0.0277,11.0
2022-23,ESP1,real valladolid,2022-08-19 20:00:00,18973,0.1254,13.0
2022-23,ESP1,real valladolid,2022-08-28 17:30:00,18988,0.1121,14.0
2022-23,ESP1,real valladolid,2022-09-05 19:00:00,19000,0.0944,14.0
2022-23,ESP1,real valladolid,2022-09-09 19:00:00,19008,0.1692,11.0
2022-23,ESP1,real valladolid,2022-09-16 19:00:00,19017,0.1546,11.0
2022-23,ESP1,real valladolid,2022-10-01 14:15:00,19022,0.0529,12.0
2022-23,ESP1,real valladolid,2022-10-09 12:00:00,19041,0.0753,14.0
2022-23,ESP1,real valladolid,2022-10-16 16:30:00,19045,0.0955,13.0
2022-23,ESP1,real valladolid,2022-10-19 17:00:00,19059,0.0585,14.0
2022-23,ESP1,real valladolid,2022-10-22 14:15:00,19070,0.1263,15.0
2022-23,ESP1,real valladolid,2022-10-30 13:00:00,19074,0.1045,15.0
2022-23,ESP1,real valladolid,2022-11-05 15:15:00,19088,0.0401,14.0
2022-23,ESP1,real valladolid,2022-11-08 19:00:00,19092,0.0077,15.0
2022-23,ESP1,real valladolid,2022-12-30 20:30:00,19109,0.0882,14.0
2022-23,ESP1,real valladolid,2023-01-07 17:30:00,19114,0.0191,14.0
2022-23,ESP1,real valladolid,2023-01-14 13:00:00,19131,0.0009,14.0
2022-23,ESP1,real valladolid,2023-01-21 17:30:00,19133,0.0288,14.0
2022-23,ESP1,real valladolid,2023-01-29 13:00:00,19150,0.0017,13.0
2022-23,ESP1,real valladolid,2023-02-05 17:30:00,19159,-0.0157,12.0
2022-23,ESP1,real valladolid,2023-02-12 17:30:00,19171,0.0539,13.0
2022-23,ESP1,real valladolid,2023-02-18 15:15:00,19173,0.2022,14.0
2022-23,ESP1,real valladolid,2023-02-26 15:15:00,19185,0.157,15.0
2022-23,ESP1,real valladolid,2023-03-05 13:00:00,19201,0.1072,16.0
2022-23,ESP1,real valladolid,2023-03-11 15:15:00,19204,0.1194,16.0
2022-23,ESP1,real valladolid,2023-03-17 20:00:00,19218,0.0494,15.0
2022-23,ESP1,real valladolid,2023-04-02 14:15:00,19226,-0.0327,14.0
2022-23,ESP1,real valladolid,2023-04-09 12:00:00,19240,0.016,13.0
2022-23,ESP1,real valladolid,2023-04-15 12:00:00,19246,-0.0012,16.0
2022-23,ESP1,real valladolid,2023-04-22 16:30:00,19261,0.0322,15.0
2022-23,ESP1,real valladolid,2023-04-27 17:30:00,19267,0.0313,13.0
2022-23,ESP1,real valladolid,2023-04-30 19:00:00,19278,0.0222,14.0
2022-23,ESP1,real valladolid,2023-05-04 20:00:00,19287,0.0519,16.0
2022-23,ESP1,real valladolid,2023-05-14 16:30:00,19294,0.016,13.0
2022-23,ESP1,real valladolid,2023-05-19 19:00:00,19302,0.0576,15.0
2022-23,ESP1,real valladolid,2023-05-23 20:00:00,19318,0.0352,15.0
2022-23,ESP1,real valladolid,2023-05-28 17:00:00,19328,0.0098,15.0
2022-23,ESP1,real valladolid,2023-06-04 18:00:00,19335,0.016,15.0
2022-23,ESP1,sevilla,2022-08-12 19:00:00,18962,0.0315,11.0
2022-23,ESP1,sevilla,2022-08-19 20:00:00,18973,0.0562,11.0
2022-23,ESP1,sevilla,2022-08-27 20:00:00,18986,0.0714,12.0
2022-23,ESP1,sevilla,2022-09-03 19:00:00,18995,0.0646,11.0
2022-23,ESP1,sevilla,2022-09-10 14:15:00,19005,0.0655,12.0
2022-23,ESP1,sevilla,2022-09-18 14:15:00,19019,0.0435,11.0
2022-23,ESP1,sevilla,2022-10-01 16:30:00,19026,0.0344,11.0
2022-23,ESP1,sevilla,2022-10-08 16:30:00,19040,-0.0554,12.0
2022-23,ESP1,sevilla,2022-10-15 16:30:00,19044,0.0311,10.0
2022-23,ESP1,sevilla,2022-10-18 17:00:00,19055,0.0336,12.0
2022-23,ESP1,sevilla,2022-10-22 19:00:00,19063,-0.005,12.0
2022-23,ESP1,sevilla,2022-10-29 16:30:00,19080,0.0217,14.0
2022-23,ESP1,sevilla,2022-11-06 20:00:00,19083,0.007,12.0
2022-23,ESP1,sevilla,2022-11-09 18:00:00,19101,0.0497,13.0
2022-23,ESP1,sevilla,2022-12-30 18:15:00,19104,0.0103,11.0
2022-23,ESP1,sevilla,2023-01-08 17:30:00,19119,0.001,11.0
2022-23,ESP1,sevilla,2023-01-14 15:15:00,19126,0.105,10.0
2022-23,ESP1,sevilla,2023-01-21 20:00:00,19139,-0.0221,12.0
2022-23,ESP1,sevilla,2023-01-28 17:30:00,19149,0.0078,14.0
2022-23,ESP1,sevilla,2023-02-05 20:00:00,19154,0.0521,11.0
2022-23,ESP1,sevilla,2023-02-11 17:30:00,19170,0.0131,10.0
2022-23,ESP1,sevilla,2023-02-19 15:15:00,19178,0.1755,10.0
2022-23,ESP1,sevilla,2023-02-26 20:00:00,19182,-0.0037,10.0
2022-23,ESP1,sevilla,2023-03-04 20:00:00,19192,0.0879,10.0
2022-23,ESP1,sevilla,2023-03-12 15:15:00,19211,0.062,13.0
2022-23,ESP1,sevilla,2023-03-19 17:30:00,19215,0.0661,12.0
2022-23,ESP1,sevilla,2023-04-01 16:30:00,19225,0.0715,11.0
2022-23,ESP1,sevilla,2023-04-07 19:00:00,19238,0.1311,13.0
2022-23,ESP1,sevilla,2023-04-16 19:00:00,19250,0.0638,13.0
2022-23,ESP1,sevilla,2023-04-23 19:00:00,19253,0.1759,11.0
2022-23,ESP1,sevilla,2023-04-27 20:00:00,19262,0.0778,12.0
2022-23,ESP1,sevilla,2023-05-01 19:00:00,19281,0.0615,11.0
2022-23,ESP1,sevilla,2023-05-04 17:30:00,19291,0.042,13.0
2022-23,ESP1,sevilla,2023-05-14 16:30:00,19294,0.13,11.0
2022-23,ESP1,sevilla,2023-05-21 19:00:00,19305,0.088,11.0
2022-23,ESP1,sevilla,2023-05-24 17:30:00,19314,0.1132,14.0
2022-23,ESP1,sevilla,2023-05-27 17:00:00,19331,0.112,11.0
2022-23,ESP1,sevilla,2023-06-04 18:00:00,19341,0.0337,10.0
2022-23,ESP1,valencia,2022-08-14 17:30:00,18967,-0.0581,13.0
2022-23,ESP1,valencia,2022-08-21 15:30:00,18977,-0.0078,11.0
2022-23,ESP1,valencia,2022-08-29 20:00:00,18991,-0.0153,12.0
2022-23,ESP1,valencia,2022-09-04 19:00:00,18998,-0.0508,13.0
2022-23,ESP1,valencia,2022-09-10 12:00:00,19006,0.0016,10.0
2022-23,ESP1,valencia,2022-09-17 16:30:00,19015,0.2299,11.0
2022-23,ESP1,valencia,2022-10-02 12:00:00,19024,0.153,11.0
2022-23,ESP1,valencia,2022-10-07 19:00:00,19037,0.1603,14.0
2022-23,ESP1,valencia,2022-10-15 14:15:00,19047,0.2097,9.0
2022-23,ESP1,valencia,2022-10-18 17:00:00,19055,0.0835,12.0
2022-23,ESP1,valencia,2022-10-22 16:30:00,19068,0.2235,9.0
2022-23,ESP1,valencia,2022-10-29 19:00:00,19077,0.0478,11.0
2022-23,ESP1,valencia,2022-11-06 15:15:00,19085,-0.0342,11.0
2022-23,ESP1,valencia,2022-11-10 19:00:00,19098,0.0224,11.0
2022-23,ESP1,valencia,2022-12-31 15:15:00,19110,0.0927,11.0
2022-23,ESP1,valencia,2023-01-06 20:00:00,19120,0.1325,13.0
2022-23,ESP1,valencia,2023-01-23 20:00:00,19140,0.0154,11.0
2022-23,ESP1,valencia,2023-01-29 13:00:00,19150,0.0169,12.0
2022-23,ESP1,valencia,2023-02-02 20:00:00,19124,0.1263,11.0
2022-23,ESP1,valencia,2023-02-05 15:15:00,19160,0.0541,12.0
2022-23,ESP1,valencia,2023-02-11 20:00:00,19166,0.0104,13.0
2022-23,ESP1,valencia,2023-02-20 20:00:00,19176,0.0292,11.0
2022-23,ESP1,valencia,2023-02-25 20:00:00,19183,0.0587,14.0
2022-23,ESP1,valencia,2023-03-05 15:15:00,19193,0.0652,15.0
2022-23,ESP1,valencia,2023-03-11 20:00:00,19210,-0.0432,11.0
2022-23,ESP1,valencia,2023-03-18 20:00:00,19212,-0.0196,14.0
2022-23,ESP1,valencia,2023-04-03 19:00:00,19230,0.0132,12.0
2022-23,ESP1,valencia,2023-04-09 16:30:00,19235,0.0715,12.0
2022-23,ESP1,valencia,2023-04-16 19:00:00,19250,0.0207,13.0
2022-23,ESP1,valencia,2023-04-23 12:00:00,19252,-0.0043,9.0
2022-23,ESP1,valencia,2023-04-27 17:30:00,19267,-0.0042,9.0
2022-23,ESP1,valencia,2023-04-30 12:00:00,19274,0.0286,13.0
2022-23,ESP1,valencia,2023-05-03 17:30:00,19286,-0.0472,11.0
2022-23,ESP1,valencia,2023-05-14 12:00:00,19296,0.0263,12.0
2022-23,ESP1,valencia,2023-05-21 16:30:00,19308,0.0429,12.0
2022-23,ESP1,valencia,2023-05-25 17:30:00,19315,0.0751,11.0
2022-23,ESP1,valencia,2023-05-28 17:00:00,19330,0.1413,11.0
2022-23,ESP1,valencia,2023-06-04 18:00:00,19339,0.1522,11.0
2022-23,ESP1,villarreal,2022-08-13 17:00:00,18964,0.0076,11.0
2022-23,ESP1,villarreal,2022-08-21 17:30:00,18978,0.0309,12.0
2022-23,ESP1,villarreal,2022-08-28 15:30:00,18987,0.0322,13.0
2022-23,ESP1,villarreal,2022-09-04 16:30:00,18997,0.025,11.0
2022-23,ESP1,villarreal,2022-09-11 19:00:00,19003,0.0188,13.0
2022-23,ESP1,villarreal,2022-09-18 14:15:00,19019,0.0644,11.0
2022-23,ESP1,villarreal,2022-10-01 12:00:00,19023,0.0813,10.0
2022-23,ESP1,villarreal,2022-10-09 16:30:00,19038,0.0307,10.0
2022-23,ESP1,villarreal,2022-10-17 19:00:00,19050,0.1247,9.0
2022-23,ESP1,villarreal,2022-10-20 19:00:00,19053,0.0653,10.0
2022-23,ESP1,villarreal,2022-10-23 16:30:00,19071,0.0288,13.0
2022-23,ESP1,villarreal,2022-10-30 17:30:00,19072,0.0089,11.0
2022-23,ESP1,villarreal,2022-11-06 17:30:00,19089,-0.0498,11.0
2022-23,ESP1,villarreal,2022-11-09 19:00:00,19094,-0.0664,13.0
2022-23,ESP1,villarreal,2022-12-31 15:15:00,19110,-0.0346,11.0
2022-23,ESP1,villarreal,2023-01-07 15:15:00,19121,-0.0007,9.0
2022-23,ESP1,villarreal,2023-01-13 20:00:00,19122,0.031,11.0
2022-23,ESP1,villarreal,2023-01-22 13:00:00,19141,0.0163,9.0
2022-23,ESP1,villarreal,2023-01-30 20:00:00,19151,0.0206,9.0
2022-23,ESP1,villarreal,2023-02-04 15:15:00,19156,-0.0196,11.0
2022-23,ESP1,villarreal,2023-02-12 20:00:00,19168,-0.0235,9.0
2022-23,ESP1,villarreal,2023-02-18 17:30:00,19175,-0.0673,9.0
2022-23,ESP1,villarreal,2023-02-27 20:00:00,19191,-0.1015,9.0
2022-23,ESP1,villarreal,2023-03-04 15:15:00,19196,-0.0274,10.0
2022-23,ESP1,villarreal,2023-03-12 17:30:00,19208,-0.0239,10.0
2022-23,ESP1,villarreal,2023-03-19 15:15:00,19216,-0.0196,11.0
2022-23,ESP1,villarreal,2023-04-02 16:30:00,19229,0.0185,10.0
2022-23,ESP1,villarreal,2023-04-08 19:00:00,19234,0.0252,10.0
2022-23,ESP1,villarreal,2023-04-15 12:00:00,19246,0.0327,12.0
2022-23,ESP1,villarreal,2023-04-23 19:00:00,19253,0.0295,10.0
2022-23,ESP1,villarreal,2023-04-27 17:30:00,19270,0.0324,9.0
2022-23,ESP1,villarreal,2023-04-30 14:15:00,19279,0.0936,11.0
2022-23,ESP1,villarreal,2023-05-03 17:30:00,19286,0.1057,10.0
2022-23,ESP1,villarreal,2023-05-13 16:30:00,19297,0.1061,11.0
2022-23,ESP1,villarreal,2023-05-20 12:00:00,19304,0.1348,12.0
2022-23,ESP1,villarreal,2023-05-24 17:30:00,19319,0.1348,12.0
2022-23,ESP1,villarreal,2023-05-28 17:00:00,19327,0.1533,11.0
2022-23,ESP1,villarreal,2023-06-04 18:00:00,19333,0.0884,12.0
2022-23,GER1,augsburg,2022-08-06 13:30:00,19347,0.0181,14.0
2022-23,GER1,augsburg,2022-08-13 13:30:00,19352,0.0134,13.0
2022-23,GER1,augsburg,2022-08-20 13:30:00,19362,0.009,13.0
2022-23,GER1,augsburg,2022-08-27 13:30:00,19372,-0.0373,14.0
2022-23,GER1,augsburg,2022-09-04 13:30:00,19385,-0.0267,14.0
2022-23,GER1,augsburg,2022-09-09 18:30:00,19387,-0.0961,11.0
2022-23,GER1,augsburg,2022-09-17 13:30:00,19399,-0.0479,14.0
2022-23,GER1,augsburg,2022-10-02 15:30:00,19412,-0.0158,12.0
2022-23,GER1,augsburg,2022-10-08 13:30:00,19420,-0.0528,11.0
2022-23,GER1,augsburg,2022-10-16 13:30:00,19426,0.0264,11.0
2022-23,GER1,augsburg,2022-10-22 13:30:00,19439,0.0136,13.0
2022-23,GER1,augsburg,2022-10-29 13:30:00,19447,-0.0025,12.0
2022-23,GER1,augsburg,2022-11-05 14:30:00,19454,0.0452,13.0
2022-23,GER1,augsburg,2022-11-09 19:30:00,19461,-0.0138,14.0
2022-23,GER1,augsburg,2022-11-12 14:30:00,19473,-0.0037,14.0
2022-23,GER1,augsburg,2023-01-22 14:30:00,19477,-0.0263,10.0
2022-23,GER1,augsburg,2023-01-25 19:30:00,19491,0.0273,8.0
2022-23,GER1,augsburg,2023-01-28 14:30:00,19498,0.0296,11.0
2022-23,GER1,augsburg,2023-02-03 19:30:00,19511,-0.016,11.0
2022-23,GER1,augsburg,2023-02-11 14:30:00,19517,0.0878,12.0
2022-23,GER1,augsburg,2023-02-17 19:30:00,19529,0.0396,11.0
2022-23,GER1,augsburg,2023-02-25 14:30:00,19537,0.0276,14.0
2022-23,GER1,augsburg,2023-03-04 14:30:00,19547,-0.0262,15.0
2022-23,GER1,augsburg,2023-03-11 14:30:00,19549,-0.0315,13.0
2022-23,GER1,augsburg,2023-03-18 14:30:00,19565,-0.0095,14.0
2022-23,GER1,augsburg,2023-04-01 13:30:00,19571,-0.0318,13.0
2022-23,GER1,augsburg,2023-04-08 13:30:00,19583,0.1103,13.0
2022-23,GER1,augsburg,2023-04-15 13:30:00,19586,0.0411,13.0
2022-23,GER1,augsburg,2023-04-21 18:30:00,19601,0.049,14.0
2022-23,GER1,augsburg,2023-04-29 13:30:00,19607,-0.0114,13.0
2022-23,GER1,augsburg,2023-05-06 13:30:00,19618,-0.0661,11.0
2022-23,GER1,augsburg,2023-05-13 13:30:00,19628,-0.0509,11.0
2022-23,GER1,augsburg,2023-05-21 15:30:00,19635,-0.0226,13.0
2022-23,GER1,augsburg,2023-05-27 13:30:00,19643,-0.0687,13.0
2022-23,GER1,bayer leverkusen,2022-08-06 16:30:00,19348,0.078,13.0
2022-23,GER1,bayer leverkusen,2022-08-13 13:30:00,19352,0.0598,12.0
2022-23,GER1,bayer leverkusen,2022-08-20 13:30:00,19365,0.0793,16.0
2022-23,GER1,bayer leverkusen,2022-08-27 13:30:00,19371,0.0332,13.0
2022-23,GER1,bayer leverkusen,2022-09-03 13:30:00,19379,0.0281,14.0
2022-23,GER1,bayer leverkusen,2022-09-10 13:30:00,19392,-0.032,16.0
2022-23,GER1,bayer leverkusen,2022-09-17 13:30:00,19398,-0.0144,13.0
2022-23,GER1,bayer leverkusen,2022-09-30 18:30:00,19405,0.0089,16.0
2022-23,GER1,bayer leverkusen,2022-10-08 13:30:00,19415,-0.0386,14.0
2022-23,GER1,bayer leverkusen,2022-10-15 13:30:00,19427,-0.0195,14.0
2022-23,GER1,bayer leverkusen,2022-10-22 13:30:00,19433,0.0051,15.0
2022-23,GER1,bayer leverkusen,2022-10-29 13:30:00,19442,0.0127,16.0
2022-23,GER1,bayer leverkusen,2022-11-06 14:30:00,19458,-0.0576,16.0
2022-23,GER1,bayer leverkusen,2022-11-09 17:30:00,19462,-0.0502,14.0
2022-23,GER1,bayer leverkusen,2022-11-12 14:30:00,19468,-0.0558,12.0
2022-23,GER1,bayer leverkusen,2023-01-22 16:30:00,19481,-0.0661,15.0
2022-23,GER1,bayer leverkusen,2023-01-25 19:30:00,19487,-0.0418,13.0
2022-23,GER1,bayer leverkusen,2023-01-29 16:30:00,19496,-0.068,14.0
2022-23,GER1,bayer leverkusen,2023-02-03 19:30:00,19511,-0.0386,15.0
2022-23,GER1,bayer leverkusen,2023-02-11 14:30:00,19518,-0.0445,13.0
2022-23,GER1,bayer leverkusen,2023-02-19 18:30:00,19523,-0.0155,15.0
2022-23,GER1,bayer leverkusen,2023-02-26 14:30:00,19533,-0.0407,13.0
2022-23,GER1,bayer leverkusen,2023-03-05 14:30:00,19541,-0.0554,14.0
2022-23,GER1,bayer leverkusen,2023-03-12 16:30:00,19557,-0.0019,13.0
2022-23,GER1,bayer leverkusen,2023-03-19 16:30:00,19559,-0.0154,11.0
2022-23,GER1,bayer leverkusen,2023-04-01 13:30:00,19572,-0.0306,13.0
2022-23,GER1,bayer leverkusen,2023-04-08 13:30:00,19577,0.019,13.0
2022-23,GER1,bayer leverkusen,2023-04-16 17:30:00,19590,0.0712,14.0
2022-23,GER1,bayer leverkusen,2023-04-23 15:30:00,19595,0.0414,13.0
2022-23,GER1,bayer leverkusen,2023-04-29 13:30:00,19605,-0.06,13.0
2022-23,GER1,bayer leverkusen,2023-05-05 18:30:00,19613,-0.006,13.0
2022-23,GER1,bayer leverkusen,2023-05-14 13:30:00,19629,0.0371,12.0
2022-23,GER1,bayer leverkusen,2023-05-21 17:30:00,19631,-0.0482,13.0
2022-23,GER1,bayer leverkusen,2023-05-27 13:30:00,19646,-0.0178,11.0
2022-23,GER1,bayern munich,2022-08-05 18:30:00,19342,0.0196,11.0
2022-23,GER1,bayern munich,2022-08-14 15:30:00,19359,0.1037,11.0
2022-23,GER1,bayern munich,2022-08-21 15:30:00,19368,-0.0107,11.0
2022-23,GER1,bayern munich,2022-08-27 16:30:00,19375,0.073,12.0
2022-23,GER1,bayern munich,2022-09-03 13:30:00,19380,0.1261,12.0
2022-23,GER1,bayern munich,2022-09-10 13:30:00,19388,0.0283,11.0
2022-23,GER1,bayern munich,2022-09-17 13:30:00,19399,0.11,14.0
2022-23,GER1,bayern munich,2022-09-30 18:30:00,19405,0.0286,13.0
2022-23,GER1,bayern munich,2022-10-08 16:30:00,19414,0.0207,14.0
2022-23,GER1,bayern munich,2022-10-16 17:30:00,19423,-0.0467,15.0
2022-23,GER1,bayern munich,2022-10-22 13:30:00,19436,-0.0964,15.0
2022-23,GER1,bayern munich,2022-10-29 13:30:00,19441,-0.056,15.0
2022-23,GER1,bayern munich,2022-11-05 14:30:00,19455,0.0084,14.0
2022-23,GER1,bayern munich,2022-11-08 19:30:00,19459,0.0055,15.0
2022-23,GER1,bayern munich,2022-11-12 17:30:00,19475,0.077,13.0
2022-23,GER1,bayern munich,2023-01-20 19:30:00,19478,0.0566,11.0
2022-23,GER1,bayern munich,2023-01-24 19:30:00,19486,0.0422,13.0
2022-23,GER1,bayern munich,2023-01-28 17:30:00,19495,0.0048,13.0
2022-23,GER1,bayern munich,2023-02-05 16:30:00,19509,-0.0519,14.0
2022-23,GER1,bayern munich,2023-02-11 14:30:00,19513,-0.0215,13.0
2022-23,GER1,bayern munich,2023-02-18 14:30:00,19525,-0.0457,15.0
2022-23,GER1,bayern munich,2023-02-26 16:30:00,19531,-0.096,15.0
2022-23,GER1,bayern munich,2023-03-04 17:30:00,19548,-0.036,13.0
2022-23,GER1,bayern munich,2023-03-11 14:30:00,19549,-0.0218,14.0
2022-23,GER1,bayern munich,2023-03-19 16:30:00,19559,-0.002,15.0
2022-23,GER1,bayern munich,2023-04-01 16:30:00,19574,-0.0316,12.0
2022-23,GER1,bayern munich,2023-04-08 13:30:00,19578,-0.0033,13.0
2022-23,GER1,bayern munich,2023-04-15 13:30:00,19585,0.0279,14.0
2022-23,GER1,bayern munich,2023-04-22 13:30:00,19597,-0.0088,12.0
2022-23,GER1,bayern munich,2023-04-30 13:30:00,19603,0.0263,15.0
2022-23,GER1,bayern munich,2023-05-06 16:30:00,19620,0.0372,13.0
2022-23,GER1,bayern munich,2023-05-13 13:30:00,19621,0.09,14.0
2022-23,GER1,bayern munich,2023-05-20 16:30:00,19630,0.062,14.0
2022-23,GER1,bayern munich,2023-05-27 13:30:00,19642,0.0854,13.0
2022-23,GER1,bochum,2022-08-06 13:30:00,19346,0.0891,9.0
2022-23,GER1,bochum,2022-08-13 13:30:00,19355,0.0404,10.0
2022-23,GER1,bochum,2022-08-21 15:30:00,19368,0.0663,13.0
2022-23,GER1,bochum,2022-08-26 18:30:00,19369,0.0492,12.0
2022-23,GER1,bochum,2022-09-03 13:30:00,19383,0.0524,13.0
2022-23,GER1,bochum,2022-09-10 16:30:00,19393,0.0498,11.0
2022-23,GER1,bochum,2022-09-18 15:30:00,19403,0.0276,12.0
2022-23,GER1,bochum,2022-10-01 13:30:00,19406,-0.0073,14.0
2022-23,GER1,bochum,2022-10-08 13:30:00,19419,0.0005,12.0
2022-23,GER1,bochum,2022-10-15 13:30:00,19429,-0.0006,14.0
2022-23,GER1,bochum,2022-10-23 13:30:00,19438,-0.0552,14.0
2022-23,GER1,bochum,2022-10-29 13:30:00,19446,-0.0533,15.0
2022-23,GER1,bochum,2022-11-05 14:30:00,19457,-0.0602,13.0
2022-23,GER1,bochum,2022-11-08 19:30:00,19465,-0.072,13.0
2022-23,GER1,bochum,2022-11-12 14:30:00,19473,-0.0539,12.0
2022-23,GER1,bochum,2023-01-21 14:30:00,19484,-0.0349,14.0
2022-23,GER1,bochum,2023-01-25 19:30:00,19487,-0.0194,13.0
2022-23,GER1,bochum,2023-01-28 14:30:00,19499,0.0007,15.0
2022-23,GER1,bochum,2023-02-04 14:30:00,19510,-0.009,12.0
2022-23,GER1,bochum,2023-02-11 14:30:00,19513,0.0212,14.0
2022-23,GER1,bochum,2023-02-18 14:30:00,19528,0.0019,12.0
2022-23,GER1,bochum,2023-02-25 14:30:00,19539,0.0713,12.0
2022-23,GER1,bochum,2023-03-04 14:30:00,19546,0.0271,14.0
2022-23,GER1,bochum,2023-03-10 19:30:00,19552,-0.0013,12.0
2022-23,GER1,bochum,2023-03-18 14:30:00,19564,0.0275,14.0
2022-23,GER1,bochum,2023-03-31 19:30:00,19570,0.0067,11.0
2022-23,GER1,bochum,2023-04-09 15:30:00,19582,0.0213,13.0
2022-23,GER1,bochum,2023-04-16 15:30:00,19587,0.0212,13.0
2022-23,GER1,bochum,2023-04-22 13:30:00,19600,0.0227,16.0
2022-23,GER1,bochum,2023-04-28 18:30:00,19609,0.0801,14.0
2022-23,GER1,bochum,2023-05-06 13:30:00,19617,0.0135,14.0
2022-23,GER1,bochum,2023-05-13 13:30:00,19628,0.0328,13.0
2022-23,GER1,bochum,2023-05-20 13:30:00,19636,0.0552,13.0
2022-23,GER1,bochum,2023-05-27 13:30:00,19646,0.0565,13.0
2022-23,GER1,borussia dortmund,2022-08-06 16:30:00,19348,0.0684,12.0
2022-23,GER1,borussia dortmund,2022-08-12 18:30:00,19351,0.054,14.0
2022-23,GER1,borussia dortmund,2022-08-20 13:30:00,19364,-0.0355,13.0
2022-23,GER1,borussia dortmund,2022-08-27 13:30:00,19373,-0.0414,11.0
2022-23,GER1,borussia dortmund,2022-09-02 18:30:00,19378,-0.0231,11.0
2022-23,GER1,borussia dortmund,2022-09-10 13:30:00,19389,0.003,11.0
2022-23,GER1,borussia dortmund,2022-09-17 13:30:00,19397,0.0061,12.0
2022-23,GER1,borussia dortmund,2022-10-01 13:30:00,19408,0.0266,14.0
2022-23,GER1,borussia dortmund,2022-10-08 16:30:00,19414,0.0739,14.0
2022-23,GER1,borussia dortmund,2022-10-16 15:30:00,19425,0.0653,15.0
2022-23,GER1,borussia dortmund,2022-10-22 13:30:00,19432,0.0303,14.0
2022-23,GER1,borussia dortmund,2022-10-29 16:30:00,19445,0.0517,14.0
2022-23,GER1,borussia dortmund,2022-11-05 14:30:00,19457,0.0309,14.0
2022-23,GER1,borussia dortmund,2022-11-08 17:30:00,19464,-0.0386,13.0
2022-23,GER1,borussia dortmund,2022-11-11 19:30:00,19472,-0.0471,14.0
2022-23,GER1,borussia dortmund,2023-01-22 14:30:00,19477,-0.0834,12.0
2022-23,GER1,borussia dortmund,2023-01-25 17:30:00,19489,-0.0073,13.0
2022-23,GER1,borussia dortmund,2023-01-29 16:30:00,19496,-0.0402,12.0
2022-23,GER1,borussia dortmund,2023-02-04 14:30:00,19504,-0.0232,14.0
2022-23,GER1,borussia dortmund,2023-02-11 14:30:00,19521,-0.0468,12.0
2022-23,GER1,borussia dortmund,2023-02-19 16:30:00,19522,-0.0017,13.0
2022-23,GER1,borussia dortmund,2023-02-25 14:30:00,19536,0.0125,12.0
2022-23,GER1,borussia dortmund,2023-03-03 19:30:00,19540,0.011,12.0
2022-23,GER1,borussia dortmund,2023-03-11 17:30:00,19556,0.0073,11.0
2022-23,GER1,borussia dortmund,2023-03-18 17:30:00,19558,0.0491,13.0
2022-23,GER1,borussia dortmund,2023-04-01 16:30:00,19574,0.0324,16.0
2022-23,GER1,borussia dortmund,2023-04-08 13:30:00,19576,0.0332,13.0
2022-23,GER1,borussia dortmund,2023-04-15 13:30:00,19591,0.0361,13.0
2022-23,GER1,borussia dortmund,2023-04-22 16:30:00,19594,0.0412,16.0
2022-23,GER1,borussia dortmund,2023-04-28 18:30:00,19609,0.0214,13.0
2022-23,GER1,borussia dortmund,2023-05-07 15:30:00,19612,0.0454,15.0
2022-23,GER1,borussia dortmund,2023-05-13 16:30:00,19622,0.1201,15.0
2022-23,GER1,borussia dortmund,2023-05-21 15:30:00,19635,0.155,12.0
2022-23,GER1,borussia dortmund,2023-05-27 13:30:00,19639,0.2243,13.0
2022-23,GER1,borussia monchengladbach,2022-08-06 13:30:00,19344,0.0875,9.0
2022-23,GER1,borussia monchengladbach,2022-08-13 16:30:00,19357,0.091,9.0
2022-23,GER1,borussia monchengladbach,2022-08-19 18:30:00,19360,0.0592,10.0
2022-23,GER1,borussia monchengladbach,2022-08-27 16:30:00,19375,0.047,12.0
2022-23,GER1,borussia monchengladbach,2022-09-04 15:30:00,19386,0.0507,12.0
2022-23,GER1,borussia monchengladbach,2022-09-11 15:30:00,19395,0.0302,9.0
2022-23,GER1,borussia monchengladbach,2022-09-17 16:30:00,19401,0.0284,9.0
2022-23,GER1,borussia monchengladbach,2022-10-01 16:30:00,19413,0.0597,12.0
2022-23,GER1,borussia monchengladbach,2022-10-09 13:30:00,19418,0.0836,11.0
2022-23,GER1,borussia monchengladbach,2022-10-15 13:30:00,19428,0.1529,10.0
2022-23,GER1,borussia monchengladbach,2022-10-22 16:30:00,19437,0.0895,11.0
2022-23,GER1,borussia monchengladbach,2022-10-30 14:30:00,19443,0.0899,12.0
2022-23,GER1,borussia monchengladbach,2022-11-04 18:30:00,19453,0.0911,10.0
2022-23,GER1,borussia monchengladbach,2022-11-08 19:30:00,19465,0.0977,9.0
2022-23,GER1,borussia monchengladbach,2022-11-11 19:30:00,19472,0.0957,10.0
2022-23,GER1,borussia monchengladbach,2023-01-22 16:30:00,19481,0.0234,13.0
2022-23,GER1,borussia monchengladbach,2023-01-25 19:30:00,19491,0.0247,10.0
2022-23,GER1,borussia monchengladbach,2023-01-28 14:30:00,19500,0.025,10.0
2022-23,GER1,borussia monchengladbach,2023-02-04 17:30:00,19507,0.0211,11.0
2022-23,GER1,borussia monchengladbach,2023-02-12 14:30:00,19519,0.0286,12.0
2022-23,GER1,borussia monchengladbach,2023-02-18 14:30:00,19525,0.029,13.0
2022-23,GER1,borussia monchengladbach,2023-02-24 19:30:00,19535,0.0631,12.0
2022-23,GER1,borussia monchengladbach,2023-03-04 14:30:00,19544,0.0544,11.0
2022-23,GER1,borussia monchengladbach,2023-03-11 14:30:00,19550,0.0587,12.0
2022-23,GER1,borussia monchengladbach,2023-03-17 19:30:00,19563,0.0135,11.0
2022-23,GER1,borussia monchengladbach,2023-04-02 13:30:00,19569,0.0904,10.0
2022-23,GER1,borussia monchengladbach,2023-04-09 13:30:00,19581,0.0889,13.0
2022-23,GER1,borussia monchengladbach,2023-04-15 16:30:00,19589,0.0432,11.0
2022-23,GER1,borussia monchengladbach,2023-04-23 17:30:00,19599,0.0079,13.0
2022-23,GER1,borussia monchengladbach,2023-04-29 13:30:00,19610,-0.006,10.0
2022-23,GER1,borussia monchengladbach,2023-05-06 13:30:00,19617,0.0023,9.0
2022-23,GER1,borussia monchengladbach,2023-05-13 16:30:00,19622,-0.023,13.0
2022-23,GER1,borussia monchengladbach,2023-05-21 17:30:00,19631,0.031,12.0
2022-23,GER1,borussia monchengladbach,2023-05-27 13:30:00,19643,0.1187,13.0
2022-23,GER1,cologne,2022-08-07 15:30:00,19350,0.128,11.0
2022-23,GER1,cologne,2022-08-13 13:30:00,19353,0.1568,13.0
2022-23,GER1,cologne,2022-08-21 13:30:00,19367,0.1481,14.0
2022-23,GER1,cologne,2022-08-28 13:30:00,19376,0.1771,14.0
2022-23,GER1,cologne,2022-09-03 13:30:00,19382,0.04,13.0
2022-23,GER1,cologne,2022-09-11 13:30:00,19394,0.0739,14.0
2022-23,GER1,cologne,2022-09-18 15:30:00,19403,0.0486,15.0
2022-23,GER1,cologne,2022-10-01 13:30:00,19408,0.0807,14.0
2022-23,GER1,cologne,2022-10-09 13:30:00,19418,0.0391,15.0
2022-23,GER1,cologne,2022-10-16 13:30:00,19426,0.1068,12.0
2022-23,GER1,cologne,2022-10-21 18:30:00,19435,0.0871,13.0
2022-23,GER1,cologne,2022-10-30 18:30:00,19444,0.1884,14.0
2022-23,GER1,cologne,2022-11-06 16:30:00,19450,0.0801,15.0
2022-23,GER1,cologne,2022-11-09 17:30:00,19462,0.1176,14.0
2022-23,GER1,cologne,2022-11-12 14:30:00,19474,0.0724,15.0
2022-23,GER1,cologne,2023-01-21 17:30:00,19480,0.0651,15.0
2022-23,GER1,cologne,2023-01-24 19:30:00,19486,0.0954,16.0
2022-23,GER1,cologne,2023-01-29 14:30:00,19502,0.0626,16.0
2022-23,GER1,cologne,2023-02-04 14:30:00,19506,0.068,14.0
2022-23,GER1,cologne,2023-02-12 16:30:00,19516,0.0545,13.0
2022-23,GER1,cologne,2023-02-18 14:30:00,19530,0.0738,16.0
2022-23,GER1,cologne,2023-02-25 14:30:00,19534,0.0124,13.0
2022-23,GER1,cologne,2023-03-04 14:30:00,19542,-0.0382,11.0
2022-23,GER1,cologne,2023-03-10 19:30:00,19552,-0.0415,16.0
2022-23,GER1,cologne,2023-03-18 17:30:00,19558,-0.0018,15.0
2022-23,GER1,cologne,2023-04-02 13:30:00,19569,-0.0369,15.0
2022-23,GER1,cologne,2023-04-08 13:30:00,19583,-0.0367,13.0
2022-23,GER1,cologne,2023-04-15 13:30:00,19588,-0.0021,13.0
2022-23,GER1,cologne,2023-04-22 13:30:00,19598,0.0003,13.0
2022-23,GER1,cologne,2023-04-29 13:30:00,19606,0.0202,14.0
2022-23,GER1,cologne,2023-05-05 18:30:00,19613,0.0456,14.0
2022-23,GER1,cologne,2023-05-12 18:30:00,19625,0.0602,15.0
2022-23,GER1,cologne,2023-05-20 13:30:00,19638,0.1304,16.0
2022-23,GER1,cologne,2023-05-27 13:30:00,19642,0.1242,14.0
2022-23,GER1,eintracht frankfurt,2022-08-05 18:30:00,19342,-0.0326,10.0
2022-23,GER1,eintracht frankfurt,2022-08-13 13:30:00,19356,-0.0296,10.0
2022-23,GER1,eintracht frankfurt,2022-08-21 13:30:00,19367,-0.0433,11.0
2022-23,GER1,eintracht frankfurt,2022-08-28 15:30:00,19377,-0.072,12.0
2022-23,GER1,eintracht frankfurt,2022-09-03 16:30:00,19384,-0.0407,11.0
2022-23,GER1,eintracht frankfurt,2022-09-10 13:30:00,19391,0.0435,11.0
2022-23,GER1,eintracht frankfurt,2022-09-17 13:30:00,19400,-0.013,11.0
2022-23,GER1,eintracht frankfurt,2022-10-01 13:30:00,19409,0.0129,12.0
2022-23,GER1,eintracht frankfurt,2022-10-08 13:30:00,19419,0.0612,13.0
2022-23,GER1,eintracht frankfurt,2022-10-15 13:30:00,19427,0.0068,9.0
2022-23,GER1,eintracht frankfurt,2022-10-22 16:30:00,19437,0.0552,10.0
2022-23,GER1,eintracht frankfurt,2022-10-29 16:30:00,19445,0.071,11.0
2022-23,GER1,eintracht frankfurt,2022-11-05 14:30:00,19454,0.0352,10.0
2022-23,GER1,eintracht frankfurt,2022-11-09 19:30:00,19463,0.0598,9.0
2022-23,GER1,eintracht frankfurt,2022-11-13 14:30:00,19470,0.0867,12.0
2022-23,GER1,eintracht frankfurt,2023-01-21 14:30:00,19482,0.1027,10.0
2022-23,GER1,eintracht frankfurt,2023-01-25 19:30:00,19488,0.0621,10.0
2022-23,GER1,eintracht frankfurt,2023-01-28 17:30:00,19495,0.0986,11.0
2022-23,GER1,eintracht frankfurt,2023-02-04 14:30:00,19508,0.0615,11.0
2022-23,GER1,eintracht frankfurt,2023-02-12 16:30:00,19516,0.0727,11.0
2022-23,GER1,eintracht frankfurt,2023-02-18 17:30:00,19526,-0.0552,11.0
2022-23,GER1,eintracht frankfurt,2023-02-25 14:30:00,19532,-0.0184,14.0
2022-23,GER1,eintracht frankfurt,2023-03-05 16:30:00,19545,0.0016,12.0
2022-23,GER1,eintracht frankfurt,2023-03-11 14:30:00,19553,-0.0366,11.0
2022-23,GER1,eintracht frankfurt,2023-03-19 14:30:00,19560,-0.037,11.0
2022-23,GER1,eintracht frankfurt,2023-03-31 19:30:00,19570,-0.0381,10.0
2022-23,GER1,eintracht frankfurt,2023-04-08 13:30:00,19577,0.002,12.0
2022-23,GER1,eintracht frankfurt,2023-04-15 16:30:00,19589,0.0132,13.0
2022-23,GER1,eintracht frankfurt,2023-04-22 16:30:00,19594,0.0224,11.0
2022-23,GER1,eintracht frankfurt,2023-04-29 13:30:00,19607,-0.0184,10.0
2022-23,GER1,eintracht frankfurt,2023-05-06 13:30:00,19616,-0.0043,12.0
2022-23,GER1,eintracht frankfurt,2023-05-13 13:30:00,19626,0.0143,11.0
2022-23,GER1,eintracht frankfurt,2023-05-20 13:30:00,19637,0.0326,12.0
2022-23,GER1,eintracht frankfurt,2023-05-27 13:30:00,19644,0.0011,12.0
2022-23,GER1,freiburg,2022-08-06 13:30:00,19347,0.042,12.0
2022-23,GER1,freiburg,2022-08-12 18:30:00,19351,0.0584,12.0
2022-23,GER1,freiburg,2022-08-20 13:30:00,19363,0.0284,12.0
2022-23,GER1,freiburg,2022-08-26 18:30:00,19369,0.0072,13.0
2022-23,GER1,freiburg,2022-09-03 13:30:00,19379,0.0503,12.0
2022-23,GER1,freiburg,2022-09-11 15:30:00,19395,0.1232,11.0
2022-23,GER1,freiburg,2022-09-18 17:30:00,19404,0.1103,12.0
2022-23,GER1,freiburg,2022-10-01 13:30:00,19407,0.101,11.0
2022-23,GER1,freiburg,2022-10-09 15:30:00,19422,0.1123,13.0
2022-23,GER1,freiburg,2022-10-16 17:30:00,19423,0.1029,15.0
2022-23,GER1,freiburg,2022-10-22 13:30:00,19434,0.0235,11.0
2022-23,GER1,freiburg,2022-10-30 16:30:00,19448,0.0309,13.0
2022-23,GER1,freiburg,2022-11-06 16:30:00,19450,0.0328,10.0
2022-23,GER1,freiburg,2022-11-09 19:30:00,19460,0.0314,14.0
2022-23,GER1,freiburg,2022-11-13 16:30:00,19469,0.0117,15.0
2022-23,GER1,freiburg,2023-01-21 14:30:00,19483,-0.0185,13.0
2022-23,GER1,freiburg,2023-01-25 19:30:00,19488,-0.012,11.0
2022-23,GER1,freiburg,2023-01-28 14:30:00,19498,-0.0219,11.0
2022-23,GER1,freiburg,2023-02-04 14:30:00,19504,0.0423,13.0
2022-23,GER1,freiburg,2023-02-11 14:30:00,19515,0.0299,12.0
2022-23,GER1,freiburg,2023-02-18 14:30:00,19528,0.0288,12.0
2022-23,GER1,freiburg,2023-02-26 14:30:00,19533,0.0394,12.0
2022-23,GER1,freiburg,2023-03-04 14:30:00,19544,0.0626,12.0
2022-23,GER1,freiburg,2023-03-12 14:30:00,19551,0.0048,13.0
2022-23,GER1,freiburg,2023-03-19 18:30:00,19561,-0.0407,12.0
2022-23,GER1,freiburg,2023-04-01 13:30:00,19568,0.0198,11.0
2022-23,GER1,freiburg,2023-04-08 13:30:00,19578,0.002,14.0
2022-23,GER1,freiburg,2023-04-16 13:30:00,19593,0.023,12.0
2022-23,GER1,freiburg,2023-04-23 13:30:00,19596,-0.0407,13.0
2022-23,GER1,freiburg,2023-04-29 13:30:00,19606,-0.0109,14.0
2022-23,GER1,freiburg,2023-05-06 13:30:00,19614,0.0881,12.0
2022-23,GER1,freiburg,2023-05-13 13:30:00,19624,-0.0023,14.0
2022-23,GER1,freiburg,2023-05-19 18:30:00,19632,-0.0099,14.0
2022-23,GER1,freiburg,2023-05-27 13:30:00,19644,0.0041,13.0
2022-23,GER1,hertha berlin,2022-08-06 13:30:00,19343,0.077,9.0
2022-23,GER1,hertha berlin,2022-08-13 13:30:00,19356,0.0112,8.0
2022-23,GER1,hertha berlin,2022-08-19 18:30:00,19360,-0.0097,14.0
2022-23,GER1,hertha berlin,2022-08-27 13:30:00,19373,0.0247,14.0
2022-23,GER1,hertha berlin,2022-09-04 13:30:00,19385,-0.0147,13.0
2022-23,GER1,hertha berlin,2022-09-10 13:30:00,19392,0.0257,13.0
2022-23,GER1,hertha berlin,2022-09-16 18:30:00,19396,0.0212,15.0
2022-23,GER1,hertha berlin,2022-10-02 13:30:00,19411,0.0258,13.0
2022-23,GER1,hertha berlin,2022-10-09 15:30:00,19422,0.0462,12.0
2022-23,GER1,hertha berlin,2022-10-15 16:30:00,19424,0.0615,14.0
2022-23,GER1,hertha berlin,2022-10-23 15:30:00,19440,0.1095,13.0
2022-23,GER1,hertha berlin,2022-10-28 18:30:00,19449,0.0515,15.0
2022-23,GER1,hertha berlin,2022-11-05 14:30:00,19455,0.0063,15.0
2022-23,GER1,hertha berlin,2022-11-08 19:30:00,19466,-0.011,14.0
2022-23,GER1,hertha berlin,2022-11-12 14:30:00,19474,-0.0033,13.0
2022-23,GER1,hertha berlin,2023-01-21 14:30:00,19484,0.0057,13.0
2022-23,GER1,hertha berlin,2023-01-24 19:30:00,19492,-0.0099,15.0
2022-23,GER1,hertha berlin,2023-01-28 14:30:00,19501,-0.0147,14.0
2022-23,GER1,hertha berlin,2023-02-04 14:30:00,19508,-0.0035,14.0
2022-23,GER1,hertha berlin,2023-02-12 14:30:00,19519,0.0279,13.0
2022-23,GER1,hertha berlin,2023-02-19 16:30:00,19522,0.0377,15.0
2022-23,GER1,hertha berlin,2023-02-25 14:30:00,19537,0.0479,15.0
2022-23,GER1,hertha berlin,2023-03-05 14:30:00,19541,0.0318,14.0
2022-23,GER1,hertha berlin,2023-03-11 14:30:00,19555,-0.029,15.0
2022-23,GER1,hertha berlin,2023-03-18 14:30:00,19562,0.002,16.0
2022-23,GER1,hertha berlin,2023-04-01 13:30:00,19568,0.0269,14.0
2022-23,GER1,hertha berlin,2023-04-08 16:30:00,19584,0.0092,16.0
2022-23,GER1,hertha berlin,2023-04-14 18:30:00,19592,-0.0352,14.0
2022-23,GER1,hertha berlin,2023-04-22 13:30:00,19602,0.0284,15.0
2022-23,GER1,hertha berlin,2023-04-30 13:30:00,19603,0.0138,13.0
2022-23,GER1,hertha berlin,2023-05-06 13:30:00,19619,-0.0408,16.0
2022-23,GER1,hertha berlin,2023-05-12 18:30:00,19625,-0.0084,15.0
2022-23,GER1,hertha berlin,2023-05-20 13:30:00,19636,-0.0517,13.0
2022-23,GER1,hertha berlin,2023-05-27 13:30:00,19645,0.0209,11.0
2022-23,GER1,leipzig,2022-08-07 13:30:00,19349,0.0194,11.0
2022-23,GER1,leipzig,2022-08-13 13:30:00,19353,0.0307,13.0
2022-23,GER1,leipzig,2022-08-20 16:30:00,19366,-0.0307,14.0
2022-23,GER1,leipzig,2022-08-27 13:30:00,19370,0.009,13.0
2022-23,GER1,leipzig,2022-09-03 16:30:00,19384,0.0143,16.0
2022-23,GER1,leipzig,2022-09-10 13:30:00,19389,-0.0641,13.0
2022-23,GER1,leipzig,2022-09-17 16:30:00,19401,-0.0458,14.0
2022-23,GER1,leipzig,2022-10-01 13:30:00,19406,-0.0831,15.0
2022-23,GER1,leipzig,2022-10-08 13:30:00,19416,0.0479,13.0
2022-23,GER1,leipzig,2022-10-15 16:30:00,19424,-0.0356,15.0
2022-23,GER1,leipzig,2022-10-22 13:30:00,19439,-0.0104,13.0
2022-23,GER1,leipzig,2022-10-29 13:30:00,19442,0.0713,14.0
2022-23,GER1,leipzig,2022-11-05 14:30:00,19452,-0.0055,11.0
2022-23,GER1,leipzig,2022-11-09 19:30:00,19460,0.0089,13.0
2022-23,GER1,leipzig,2022-11-12 14:30:00,19476,0.0647,13.0
2022-23,GER1,leipzig,2023-01-20 19:30:00,19478,0.0391,12.0
2022-23,GER1,leipzig,2023-01-24 17:30:00,19493,-0.003,12.0
2022-23,GER1,leipzig,2023-01-27 19:30:00,19497,0.0695,15.0
2022-23,GER1,leipzig,2023-02-04 14:30:00,19506,0.0419,13.0
2022-23,GER1,leipzig,2023-02-11 17:30:00,19514,0.0309,14.0
2022-23,GER1,leipzig,2023-02-18 14:30:00,19527,-0.0065,14.0
2022-23,GER1,leipzig,2023-02-25 14:30:00,19532,0.0554,15.0
2022-23,GER1,leipzig,2023-03-03 19:30:00,19540,0.0826,14.0
2022-23,GER1,leipzig,2023-03-11 14:30:00,19550,0.0944,13.0
2022-23,GER1,leipzig,2023-03-18 14:30:00,19564,0.0968,14.0
2022-23,GER1,leipzig,2023-04-01 13:30:00,19575,0.0634,15.0
2022-23,GER1,leipzig,2023-04-08 16:30:00,19584,0.0208,13.0
2022-23,GER1,leipzig,2023-04-15 13:30:00,19586,0.0167,12.0
2022-23,GER1,leipzig,2023-04-23 15:30:00,19595,0.0607,14.0
2022-23,GER1,leipzig,2023-04-29 13:30:00,19604,0.1024,15.0
2022-23,GER1,leipzig,2023-05-06 13:30:00,19614,0.1216,14.0
2022-23,GER1,leipzig,2023-05-14 15:30:00,19623,0.0655,15.0
2022-23,GER1,leipzig,2023-05-20 16:30:00,19630,0.0554,14.0
2022-23,GER1,leipzig,2023-05-27 13:30:00,19640,0.1001,15.0
2022-23,GER1,mainz 05,2022-08-06 13:30:00,19346,0.0151,10.0
2022-23,GER1,mainz 05,2022-08-14 13:30:00,19358,0.1168,11.0
2022-23,GER1,mainz 05,2022-08-20 13:30:00,19362,0.0643,13.0
2022-23,GER1,mainz 05,2022-08-27 13:30:00,19371,0.0453,14.0
2022-23,GER1,mainz 05,2022-09-04 15:30:00,19386,0.0129,13.0
2022-23,GER1,mainz 05,2022-09-10 13:30:00,19390,-0.0167,14.0
2022-23,GER1,mainz 05,2022-09-16 18:30:00,19396,-0.0281,12.0
2022-23,GER1,mainz 05,2022-10-01 13:30:00,19407,0.0065,14.0
2022-23,GER1,mainz 05,2022-10-08 13:30:00,19416,-0.0353,13.0
2022-23,GER1,mainz 05,2022-10-15 13:30:00,19431,-0.0325,13.0
2022-23,GER1,mainz 05,2022-10-21 18:30:00,19435,-0.0435,15.0
2022-23,GER1,mainz 05,2022-10-29 13:30:00,19441,0.0119,15.0
2022-23,GER1,mainz 05,2022-11-05 14:30:00,19451,-0.0115,14.0
2022-23,GER1,mainz 05,2022-11-09 19:30:00,19467,0.0236,15.0
2022-23,GER1,mainz 05,2022-11-13 14:30:00,19470,-0.0299,13.0
2022-23,GER1,mainz 05,2023-01-21 14:30:00,19485,-0.025,12.0
2022-23,GER1,mainz 05,2023-01-25 17:30:00,19489,-0.023,11.0
2022-23,GER1,mainz 05,2023-01-28 14:30:00,19499,-0.0697,12.0
2022-23,GER1,mainz 05,2023-02-04 14:30:00,19505,-0.0156,13.0
2022-23,GER1,mainz 05,2023-02-11 14:30:00,19517,-0.0429,11.0
2022-23,GER1,mainz 05,2023-02-19 18:30:00,19523,0.0454,12.0
2022-23,GER1,mainz 05,2023-02-24 19:30:00,19535,0.1606,13.0
2022-23,GER1,mainz 05,2023-03-04 14:30:00,19543,0.1647,13.0
2022-23,GER1,mainz 05,2023-03-11 14:30:00,19555,0.1219,14.0
2022-23,GER1,mainz 05,2023-03-19 18:30:00,19561,0.0936,14.0
2022-23,GER1,mainz 05,2023-04-01 13:30:00,19575,0.0695,13.0
2022-23,GER1,mainz 05,2023-04-08 13:30:00,19579,0.0567,12.0
2022-23,GER1,mainz 05,2023-04-15 13:30:00,19588,-0.0002,13.0
2022-23,GER1,mainz 05,2023-04-22 13:30:00,19597,-0.0144,14.0
2022-23,GER1,mainz 05,2023-04-30 15:30:00,19608,-0.0253,15.0
2022-23,GER1,mainz 05,2023-05-05 18:30:00,19615,0.0054,12.0
2022-23,GER1,mainz 05,2023-05-13 13:30:00,19626,-0.0186,13.0
2022-23,GER1,mainz 05,2023-05-21 13:30:00,19633,-0.0356,12.0
2022-23,GER1,mainz 05,2023-05-27 13:30:00,19639,-0.0443,11.0
2022-23,GER1,schalke,2022-08-07 15:30:00,19350,0.1287,6.0
2022-23,GER1,schalke,2022-08-13 16:30:00,19357,-0.0175,5.0
2022-23,GER1,schalke,2022-08-20 13:30:00,19361,-0.0462,12.0
2022-23,GER1,schalke,2022-08-27 13:30:00,19374,-0.0027,15.0
2022-23,GER1,schalke,2022-09-03 13:30:00,19381,0.0392,14.0
2022-23,GER1,schalke,2022-09-10 16:30:00,19393,0.0689,11.0
2022-23,GER1,schalke,2022-09-17 13:30:00,19397,0.0272,13.0
2022-23,GER1,schalke,2022-10-02 15:30:00,19412,0.0192,12.0
2022-23,GER1,schalke,2022-10-08 13:30:00,19415,0.0052,14.0
2022-23,GER1,schalke,2022-10-14 18:30:00,19430,-0.0174,13.0
2022-23,GER1,schalke,2022-10-23 15:30:00,19440,-0.0354,13.0
2022-23,GER1,schalke,2022-10-30 16:30:00,19448,-0.0756,14.0
2022-23,GER1,schalke,2022-11-05 17:30:00,19456,-0.0451,13.0
2022-23,GER1,schalke,2022-11-09 19:30:00,19467,-0.0196,13.0
2022-23,GER1,schalke,2022-11-12 17:30:00,19475,0.0278,13.0
2022-23,GER1,schalke,2023-01-21 14:30:00,19482,0.0059,10.0
2022-23,GER1,schalke,2023-01-24 17:30:00,19493,0.0191,9.0
2022-23,GER1,schalke,2023-01-29 14:30:00,19502,0.0597,13.0
2022-23,GER1,schalke,2023-02-04 17:30:00,19507,0.0258,13.0
2022-23,GER1,schalke,2023-02-10 19:30:00,19520,0.0904,13.0
2022-23,GER1,schalke,2023-02-19 14:30:00,19524,0.0851,12.0
2022-23,GER1,schalke,2023-02-25 17:30:00,19538,0.0616,13.0
2022-23,GER1,schalke,2023-03-04 14:30:00,19546,0.0343,12.0
2022-23,GER1,schalke,2023-03-11 17:30:00,19556,0.0262,13.0
2022-23,GER1,schalke,2023-03-18 14:30:00,19565,0.0552,13.0
2022-23,GER1,schalke,2023-04-01 13:30:00,19572,0.0411,13.0
2022-23,GER1,schalke,2023-04-09 17:30:00,19580,0.0111,14.0
2022-23,GER1,schalke,2023-04-14 18:30:00,19592,0.0839,15.0
2022-23,GER1,schalke,2023-04-23 13:30:00,19596,0.1406,15.0
2022-23,GER1,schalke,2023-04-29 16:30:00,19611,0.0929,12.0
2022-23,GER1,schalke,2023-05-05 18:30:00,19615,0.0634,15.0
2022-23,GER1,schalke,2023-05-13 13:30:00,19621,0.0842,15.0
2022-23,GER1,schalke,2023-05-20 13:30:00,19637,0.041,15.0
2022-23,GER1,schalke,2023-05-27 13:30:00,19640,0.2021,14.0
2022-23,GER1,stuttgart,2022-08-07 13:30:00,19349,0.0451,12.0
2022-23,GER1,stuttgart,2022-08-13 13:30:00,19354,0.0064,12.0
2022-23,GER1,stuttgart,2022-08-20 13:30:00,19363,0.0192,11.0
2022-23,GER1,stuttgart,2022-08-28 13:30:00,19376,0.0233,10.0
2022-23,GER1,stuttgart,2022-09-03 13:30:00,19381,0.023,12.0
2022-23,GER1,stuttgart,2022-09-10 13:30:00,19388,0.0099,11.0
2022-23,GER1,stuttgart,2022-09-17 13:30:00,19400,-0.0327,12.0
2022-23,GER1,stuttgart,2022-10-01 13:30:00,19410,-0.0199,14.0
2022-23,GER1,stuttgart,2022-10-09 17:30:00,19421,0.0005,13.0
2022-23,GER1,stuttgart,2022-10-15 13:30:00,19429,-0.0107,14.0
2022-23,GER1,stuttgart,2022-10-22 13:30:00,19432,0.0153,15.0
2022-23,GER1,stuttgart,2022-10-29 13:30:00,19447,0.055,12.0
2022-23,GER1,stuttgart,2022-11-04 18:30:00,19453,0.0998,11.0
2022-23,GER1,stuttgart,2022-11-08 19:30:00,19466,0.1341,12.0
2022-23,GER1,stuttgart,2022-11-12 14:30:00,19468,0.0441,12.0
2022-23,GER1,stuttgart,2023-01-21 14:30:00,19485,0.0665,11.0
2022-23,GER1,stuttgart,2023-01-24 19:30:00,19490,0.0443,12.0
2022-23,GER1,stuttgart,2023-01-27 19:30:00,19497,0.0432,11.0
2022-23,GER1,stuttgart,2023-02-05 14:30:00,19512,0.0486,13.0
2022-23,GER1,stuttgart,2023-02-11 14:30:00,19515,0.008,11.0
2022-23,GER1,stuttgart,2023-02-18 14:30:00,19530,0.0153,10.0
2022-23,GER1,stuttgart,2023-02-25 17:30:00,19538,0.0366,13.0
2022-23,GER1,stuttgart,2023-03-04 17:30:00,19548,0.0235,12.0
2022-23,GER1,stuttgart,2023-03-11 14:30:00,19553,-0.017,13.0
2022-23,GER1,stuttgart,2023-03-18 14:30:00,19566,-0.0133,12.0
2022-23,GER1,stuttgart,2023-04-01 13:30:00,19567,-0.014,13.0
2022-23,GER1,stuttgart,2023-04-09 15:30:00,19582,0.0271,12.0
2022-23,GER1,stuttgart,2023-04-15 13:30:00,19591,0.0891,12.0
2022-23,GER1,stuttgart,2023-04-21 18:30:00,19601,0.0823,12.0
2022-23,GER1,stuttgart,2023-04-29 13:30:00,19610,0.0816,12.0
2022-23,GER1,stuttgart,2023-05-06 13:30:00,19619,0.1301,12.0
2022-23,GER1,stuttgart,2023-05-14 13:30:00,19629,0.1035,11.0
2022-23,GER1,stuttgart,2023-05-21 13:30:00,19633,0.0933,11.0
2022-23,GER1,stuttgart,2023-05-27 13:30:00,19647,0.0895,13.0
2022-23,GER1,tsg hoffenheim,2022-08-06 13:30:00,19344,0.1077,13.0
2022-23,GER1,tsg hoffenheim,2022-08-13 13:30:00,19355,0.0744,14.0
2022-23,GER1,tsg hoffenheim,2022-08-20 13:30:00,19365,0.0522,13.0
2022-23,GER1,tsg hoffenheim,2022-08-27 13:30:00,19372,0.0527,13.0
2022-23,GER1,tsg hoffenheim,2022-09-02 18:30:00,19378,0.0673,13.0
2022-23,GER1,tsg hoffenheim,2022-09-10 13:30:00,19390,-0.0129,14.0
2022-23,GER1,tsg hoffenheim,2022-09-18 17:30:00,19404,0.0815,11.0
2022-23,GER1,tsg hoffenheim,2022-10-02 13:30:00,19411,0.1162,12.0
2022-23,GER1,tsg hoffenheim,2022-10-07 18:30:00,19417,0.1131,12.0
2022-23,GER1,tsg hoffenheim,2022-10-14 18:30:00,19430,0.0934,13.0
2022-23,GER1,tsg hoffenheim,2022-10-22 13:30:00,19436,0.1091,12.0
2022-23,GER1,tsg hoffenheim,2022-10-30 18:30:00,19444,0.1769,15.0
2022-23,GER1,tsg hoffenheim,2022-11-05 14:30:00,19452,0.0714,14.0
2022-23,GER1,tsg hoffenheim,2022-11-09 19:30:00,19463,-0.0258,13.0
2022-23,GER1,tsg hoffenheim,2022-11-12 14:30:00,19471,0.0147,12.0
2022-23,GER1,tsg hoffenheim,2023-01-21 14:30:00,19479,-0.0278,14.0
2022-23,GER1,tsg hoffenheim,2023-01-24 19:30:00,19490,-0.0925,12.0
2022-23,GER1,tsg hoffenheim,2023-01-28 14:30:00,19500,-0.047,12.0
2022-23,GER1,tsg hoffenheim,2023-02-04 14:30:00,19510,-0.0417,14.0
2022-23,GER1,tsg hoffenheim,2023-02-11 14:30:00,19518,-0.0165,14.0
2022-23,GER1,tsg hoffenheim,2023-02-17 19:30:00,19529,-0.0645,16.0
2022-23,GER1,tsg hoffenheim,2023-02-25 14:30:00,19536,-0.0573,14.0
2022-23,GER1,tsg hoffenheim,2023-03-04 14:30:00,19543,-0.0782,14.0
2022-23,GER1,tsg hoffenheim,2023-03-12 14:30:00,19551,-0.0734,12.0
2022-23,GER1,tsg hoffenheim,2023-03-18 14:30:00,19562,-0.0818,11.0
2022-23,GER1,tsg hoffenheim,2023-04-02 15:30:00,19573,-0.0233,13.0
2022-23,GER1,tsg hoffenheim,2023-04-09 17:30:00,19580,-0.0262,14.0
2022-23,GER1,tsg hoffenheim,2023-04-15 13:30:00,19585,0.0037,12.0
2022-23,GER1,tsg hoffenheim,2023-04-22 13:30:00,19598,0.0109,13.0
2022-23,GER1,tsg hoffenheim,2023-04-29 13:30:00,19604,-0.0039,14.0
2022-23,GER1,tsg hoffenheim,2023-05-06 13:30:00,19616,-0.0007,11.0
2022-23,GER1,tsg hoffenheim,2023-05-13 13:30:00,19627,-0.0346,12.0
2022-23,GER1,tsg hoffenheim,2023-05-20 13:30:00,19634,-0.0696,12.0
2022-23,GER1,tsg hoffenheim,2023-05-27 13:30:00,19647,-0.0508,15.0
2022-23,GER1,union berlin,2022-08-06 13:30:00,19343,-0.0089,13.0
2022-23,GER1,union berlin,2022-08-14 13:30:00,19358,-0.0165,10.0
2022-23,GER1,union berlin,2022-08-20 16:30:00,19366,0.0144,12.0
2022-23,GER1,union berlin,2022-08-27 13:30:00,19374,-0.0639,12.0
2022-23,GER1,union berlin,2022-09-03 13:30:00,19380,-0.0087,11.0
2022-23,GER1,union berlin,2022-09-11 13:30:00,19394,-0.0011,12.0
2022-23,GER1,union berlin,2022-09-18 13:30:00,19402,-0.0526,12.0
2022-23,GER1,union berlin,2022-10-01 13:30:00,19409,-0.0476,13.0
2022-23,GER1,union berlin,2022-10-09 17:30:00,19421,-0.0839,12.0
2022-23,GER1,union berlin,2022-10-16 15:30:00,19425,-0.0861,12.0
2022-23,GER1,union berlin,2022-10-23 13:30:00,19438,-0.0516,13.0
2022-23,GER1,union berlin,2022-10-30 14:30:00,19443,-0.0751,14.0
2022-23,GER1,union berlin,2022-11-06 14:30:00,19458,-0.0208,15.0
2022-23,GER1,union berlin,2022-11-09 19:30:00,19461,-0.0166,12.0
2022-23,GER1,union berlin,2022-11-13 16:30:00,19469,0.0194,15.0
2022-23,GER1,union berlin,2023-01-21 14:30:00,19479,-0.0379,11.0
2022-23,GER1,union berlin,2023-01-25 19:30:00,19494,-0.0156,11.0
2022-23,GER1,union berlin,2023-01-28 14:30:00,19501,-0.017,13.0
2022-23,GER1,union berlin,2023-02-04 14:30:00,19505,-0.0114,11.0
2022-23,GER1,union berlin,2023-02-11 17:30:00,19514,-0.0314,10.0
2022-23,GER1,union berlin,2023-02-19 14:30:00,19524,-0.0101,13.0
2022-23,GER1,union berlin,2023-02-26 16:30:00,19531,-0.021,15.0
2022-23,GER1,union berlin,2023-03-04 14:30:00,19542,-0.0523,12.0
2022-23,GER1,union berlin,2023-03-12 18:30:00,19554,-0.0248,15.0
2022-23,GER1,union berlin,2023-03-19 14:30:00,19560,-0.0246,13.0
2022-23,GER1,union berlin,2023-04-01 13:30:00,19567,-0.0508,14.0
2022-23,GER1,union berlin,2023-04-08 13:30:00,19576,-0.0283,13.0
2022-23,GER1,union berlin,2023-04-16 15:30:00,19587,-0.0522,11.0
2022-23,GER1,union berlin,2023-04-23 17:30:00,19599,-0.0347,12.0
2022-23,GER1,union berlin,2023-04-29 13:30:00,19605,-0.0282,13.0
2022-23,GER1,union berlin,2023-05-06 13:30:00,19618,-0.0006,14.0
2022-23,GER1,union berlin,2023-05-13 13:30:00,19624,-0.0452,13.0
2022-23,GER1,union berlin,2023-05-20 13:30:00,19634,-0.0101,14.0
2022-23,GER1,union berlin,2023-05-27 13:30:00,19641,0.0075,13.0
2022-23,GER1,werder bremen,2022-08-06 13:30:00,19345,-0.067,9.0
2022-23,GER1,werder bremen,2022-08-13 13:30:00,19354,-0.0325,8.0
2022-23,GER1,werder bremen,2022-08-20 13:30:00,19364,-0.0654,12.0
2022-23,GER1,werder bremen,2022-08-28 15:30:00,19377,-0.0438,14.0
2022-23,GER1,werder bremen,2022-09-03 13:30:00,19383,-0.0014,14.0
2022-23,GER1,werder bremen,2022-09-09 18:30:00,19387,-0.0045,14.0
2022-23,GER1,werder bremen,2022-09-17 13:30:00,19398,-0.0115,13.0
2022-23,GER1,werder bremen,2022-10-01 16:30:00,19413,0.0201,15.0
2022-23,GER1,werder bremen,2022-10-07 18:30:00,19417,0.0862,13.0
2022-23,GER1,werder bremen,2022-10-15 13:30:00,19431,0.102,15.0
2022-23,GER1,werder bremen,2022-10-22 13:30:00,19434,0.084,13.0
2022-23,GER1,werder bremen,2022-10-28 18:30:00,19449,0.05,12.0
2022-23,GER1,werder bremen,2022-11-05 17:30:00,19456,0.0291,15.0
2022-23,GER1,werder bremen,2022-11-08 19:30:00,19459,0.0094,14.0
2022-23,GER1,werder bremen,2022-11-12 14:30:00,19476,0.0288,14.0
2022-23,GER1,werder bremen,2023-01-21 17:30:00,19480,0.0137,14.0
2022-23,GER1,werder bremen,2023-01-25 19:30:00,19494,-0.0014,12.0
2022-23,GER1,werder bremen,2023-01-28 14:30:00,19503,-0.0132,13.0
2022-23,GER1,werder bremen,2023-02-05 14:30:00,19512,-0.02,12.0
2022-23,GER1,werder bremen,2023-02-11 14:30:00,19521,-0.0396,14.0
2022-23,GER1,werder bremen,2023-02-18 17:30:00,19526,-0.0767,14.0
2022-23,GER1,werder bremen,2023-02-25 14:30:00,19539,-0.0938,12.0
2022-23,GER1,werder bremen,2023-03-04 14:30:00,19547,-0.0744,14.0
2022-23,GER1,werder bremen,2023-03-12 16:30:00,19557,-0.0497,12.0
2022-23,GER1,werder bremen,2023-03-17 19:30:00,19563,-0.0444,11.0
2022-23,GER1,werder bremen,2023-04-02 15:30:00,19573,-0.0372,15.0
2022-23,GER1,werder bremen,2023-04-08 13:30:00,19579,-0.0402,15.0
2022-23,GER1,werder bremen,2023-04-16 13:30:00,19593,-0.0424,14.0
2022-23,GER1,werder bremen,2023-04-22 13:30:00,19602,-0.0292,12.0
2022-23,GER1,werder bremen,2023-04-29 16:30:00,19611,0.0064,12.0
2022-23,GER1,werder bremen,2023-05-06 16:30:00,19620,0.0221,15.0
2022-23,GER1,werder bremen,2023-05-14 15:30:00,19623,0.0097,13.0
2022-23,GER1,werder bremen,2023-05-20 13:30:00,19638,0.0187,15.0
2022-23,GER1,werder bremen,2023-05-27 13:30:00,19641,0.0737,13.0
2022-23,GER1,wolfsburg,2022-08-06 13:30:00,19345,0.0172,12.0
2022-23,GER1,wolfsburg,2022-08-14 15:30:00,19359,-0.0113,11.0
2022-23,GER1,wolfsburg,2022-08-20 13:30:00,19361,-0.0315,12.0
2022-23,GER1,wolfsburg,2022-08-27 13:30:00,19370,0.0427,14.0
2022-23,GER1,wolfsburg,2022-09-03 13:30:00,19382,-0.0284,12.0
2022-23,GER1,wolfsburg,2022-09-10 13:30:00,19391,-0.0169,11.0
2022-23,GER1,wolfsburg,2022-09-18 13:30:00,19402,-0.0088,14.0
2022-23,GER1,wolfsburg,2022-10-01 13:30:00,19410,-0.0381,11.0
2022-23,GER1,wolfsburg,2022-10-08 13:30:00,19420,-0.0658,13.0
2022-23,GER1,wolfsburg,2022-10-15 13:30:00,19428,-0.0329,13.0
2022-23,GER1,wolfsburg,2022-10-22 13:30:00,19433,-0.0201,14.0
2022-23,GER1,wolfsburg,2022-10-29 13:30:00,19446,-0.0119,13.0
2022-23,GER1,wolfsburg,2022-11-05 14:30:00,19451,0.0366,12.0
2022-23,GER1,wolfsburg,2022-11-08 17:30:00,19464,0.0259,12.0
2022-23,GER1,wolfsburg,2022-11-12 14:30:00,19471,0.0737,12.0
2022-23,GER1,wolfsburg,2023-01-21 14:30:00,19483,0.0427,14.0
2022-23,GER1,wolfsburg,2023-01-24 19:30:00,19492,0.0066,12.0
2022-23,GER1,wolfsburg,2023-01-28 14:30:00,19503,0.0461,13.0
2022-23,GER1,wolfsburg,2023-02-05 16:30:00,19509,0.0679,15.0
2022-23,GER1,wolfsburg,2023-02-10 19:30:00,19520,0.0839,13.0
2022-23,GER1,wolfsburg,2023-02-18 14:30:00,19527,0.0531,13.0
2022-23,GER1,wolfsburg,2023-02-25 14:30:00,19534,0.0048,11.0
2022-23,GER1,wolfsburg,2023-03-05 16:30:00,19545,-0.0027,12.0
2022-23,GER1,wolfsburg,2023-03-12 18:30:00,19554,-0.0094,12.0
2022-23,GER1,wolfsburg,2023-03-18 14:30:00,19566,0.0108,13.0
2022-23,GER1,wolfsburg,2023-04-01 13:30:00,19571,-0.0037,13.0
2022-23,GER1,wolfsburg,2023-04-09 13:30:00,19581,0.0134,13.0
2022-23,GER1,wolfsburg,2023-04-16 17:30:00,19590,0.0146,14.0
2022-23,GER1,wolfsburg,2023-04-22 13:30:00,19600,-0.0067,13.0
2022-23,GER1,wolfsburg,2023-04-30 15:30:00,19608,0.0751,10.0
2022-23,GER1,wolfsburg,2023-05-07 15:30:00,19612,0.0639,15.0
2022-23,GER1,wolfsburg,2023-05-13 13:30:00,19627,0.0646,12.0
2022-23,GER1,wolfsburg,2023-05-19 18:30:00,19632,0.0631,10.0
2022-23,GER1,wolfsburg,2023-05-27 13:30:00,19645,0.0102,12.0
2023-24,ENG1,arsenal,2023-08-12 11:30:00,22276,-0.0448,12.0
2023-24,ENG1,arsenal,2023-08-21 19:00:00,22294,-0.0425,11.0
2023-24,ENG1,arsenal,2023-08-26 14:00:00,22297,-0.0951,14.0
2023-24,ENG1,arsenal,2023-09-03 15:30:00,21934,-0.027,13.0
2023-24,ENG1,arsenal,2023-09-17 15:30:00,21941,0.0388,12.0
2023-24,ENG1,arsenal,2023-09-24 13:00:00,21952,0.0178,12.0
2023-24,ENG1,arsenal,2023-09-30 14:00:00,21959,0.0144,12.0
2023-24,ENG1,arsenal,2023-10-08 15:30:00,21965,0.0024,14.0
2023-24,ENG1,arsenal,2023-10-21 16:30:00,21978,-0.0248,15.0
2023-24,ENG1,arsenal,2023-10-28 14:00:00,21986,-0.0178,15.0
2023-24,ENG1,arsenal,2023-11-04 17:30:00,22001,-0.0973,11.0
2023-24,ENG1,arsenal,2023-11-11 15:00:00,22006,-0.0379,11.0
2023-24,ENG1,arsenal,2023-11-25 17:30:00,22015,0.0418,11.0
2023-24,ENG1,arsenal,2023-12-02 15:00:00,22026,-0.0351,11.0
2023-24,ENG1,arsenal,2023-12-05 20:15:00,22039,-0.0606,12.0
2023-24,ENG1,arsenal,2023-12-09 17:30:00,22045,-0.0302,11.0
2023-24,ENG1,arsenal,2023-12-17 14:00:00,22056,-0.0674,10.0
2023-24,ENG1,arsenal,2023-12-23 17:30:00,22068,-0.0116,11.0
2023-24,ENG1,arsenal,2023-12-28 20:15:00,22076,-0.0151,12.0
2023-24,ENG1,arsenal,2023-12-31 14:00:00,22087,0.0126,13.0
2023-24,ENG1,arsenal,2024-01-20 12:30:00,22103,-0.0439,13.0
2023-24,ENG1,arsenal,2024-01-30 19:30:00,22108,0.0079,11.0
2023-24,ENG1,arsenal,2024-02-04 16:30:00,22116,0.0092,12.0
2023-24,ENG1,arsenal,2024-02-11 14:00:00,22133,0.041,13.0
2023-24,ENG1,arsenal,2024-02-17 15:00:00,22136,0.1115,13.0
2023-24,ENG1,arsenal,2024-02-24 20:00:00,22146,0.103,14.0
2023-24,ENG1,arsenal,2024-03-04 20:00:00,22163,0.1784,15.0
2023-24,ENG1,arsenal,2024-03-09 17:30:00,22166,0.1014,11.0
2023-24,ENG1,arsenal,2024-03-31 16:30:00,22190,0.0957,14.0
2023-24,ENG1,arsenal,2024-04-03 18:30:00,22196,0.0184,14.0
2023-24,ENG1,arsenal,2024-04-06 16:30:00,22206,0.0103,13.0
2023-24,ENG1,arsenal,2024-04-14 15:30:00,22216,0.0195,12.0
2023-24,ENG1,arsenal,2024-04-20 18:30:00,22234,0.0163,11.0
2023-24,ENG1,arsenal,2024-04-23 19:00:00,22175,-0.0266,14.0
2023-24,ENG1,arsenal,2024-04-28 13:00:00,22241,0.0194,11.0
2023-24,ENG1,arsenal,2024-05-04 11:30:00,22245,0.0331,10.0
2023-24,ENG1,arsenal,2024-05-12 15:30:00,22259,0.1135,11.0
2023-24,ENG1,arsenal,2024-05-19 15:00:00,22265,0.0985,12.0
2023-24,ENG1,aston villa,2023-08-12 16:30:00,22281,-0.0546,12.0
2023-24,ENG1,aston villa,2023-08-20 13:00:00,22292,-0.0555,12.0
2023-24,ENG1,aston villa,2023-08-27 13:00:00,22302,-0.0139,9.0
2023-24,ENG1,aston villa,2023-09-03 13:00:00,21933,0.0393,11.0
2023-24,ENG1,aston villa,2023-09-16 14:00:00,21938,0.0689,11.0
2023-24,ENG1,aston villa,2023-09-24 13:00:00,21947,0.063,11.0
2023-24,ENG1,aston villa,2023-09-30 11:30:00,21955,0.032,10.0
2023-24,ENG1,aston villa,2023-10-08 13:00:00,21974,0.0264,10.0
2023-24,ENG1,aston villa,2023-10-22 15:30:00,21976,0.0297,10.0
2023-24,ENG1,aston villa,2023-10-29 14:00:00,21987,0.0403,12.0
2023-24,ENG1,aston villa,2023-11-05 14:00:00,22002,0.1043,11.0
2023-24,ENG1,aston villa,2023-11-12 14:00:00,22007,0.0228,10.0
2023-24,ENG1,aston villa,2023-11-26 14:00:00,22024,0.0986,11.0
2023-24,ENG1,aston villa,2023-12-03 14:00:00,22025,0.2304,11.0
2023-24,ENG1,aston villa,2023-12-06 20:15:00,22035,0.1469,10.0
2023-24,ENG1,aston villa,2023-12-09 17:30:00,22045,0.0862,14.0
2023-24,ENG1,aston villa,2023-12-17 14:00:00,22057,0.0503,10.0
2023-24,ENG1,aston villa,2023-12-22 20:00:00,22065,0.1151,10.0
2023-24,ENG1,aston villa,2023-12-26 20:00:00,22082,-0.0185,11.0
2023-24,ENG1,aston villa,2023-12-30 15:00:00,22085,0.0165,11.0
2023-24,ENG1,aston villa,2024-01-14 14:00:00,22098,0.0292,11.0
2023-24,ENG1,aston villa,2024-01-30 20:15:00,22105,0.0153,12.0
2023-24,ENG1,aston villa,2024-02-03 17:30:00,22124,-0.0018,13.0
2023-24,ENG1,aston villa,2024-02-11 16:30:00,22125,0.0591,12.0
2023-24,ENG1,aston villa,2024-02-17 15:00:00,22138,0.0885,10.0
2023-24,ENG1,aston villa,2024-02-24 15:00:00,22147,0.0762,12.0
2023-24,ENG1,aston villa,2024-03-02 17:30:00,22159,0.1452,9.0
2023-24,ENG1,aston villa,2024-03-10 13:00:00,22167,0.1513,13.0
2023-24,ENG1,aston villa,2024-03-17 14:00:00,22183,0.1193,11.0
2023-24,ENG1,aston villa,2024-03-30 17:30:00,22186,0.0511,12.0
2023-24,ENG1,aston villa,2024-04-03 19:15:00,22204,0.0627,13.0
2023-24,ENG1,aston villa,2024-04-06 14:00:00,22205,0.023,11.0
2023-24,ENG1,aston villa,2024-04-14 15:30:00,22216,0.0357,11.0
2023-24,ENG1,aston villa,2024-04-21 14:00:00,22225,-0.0479,9.0
2023-24,ENG1,aston villa,2024-04-27 19:00:00,22236,-0.0069,11.0
2023-24,ENG1,aston villa,2024-05-05 13:00:00,22247,-0.0061,10.0
2023-24,ENG1,aston villa,2024-05-13 19:00:00,22256,-0.0367,11.0
2023-24,ENG1,aston villa,2024-05-19 15:00:00,22270,-0.0115,10.0
2023-24,ENG1,bournemouth,2023-08-12 14:00:00,22277,-0.0194,14.0
2023-24,ENG1,bournemouth,2023-08-19 14:00:00,22288,-0.0197,14.0
2023-24,ENG1,bournemouth,2023-08-26 11:30:00,22296,-0.0177,15.0
2023-24,ENG1,bournemouth,2023-09-02 14:00:00,21928,-0.0142,13.0
2023-24,ENG1,bournemouth,2023-09-17 13:00:00,21942,0.0452,14.0
2023-24,ENG1,bournemouth,2023-09-24 13:00:00,21951,0.0425,13.0
2023-24,ENG1,bournemouth,2023-09-30 14:00:00,21959,0.0347,14.0
2023-24,ENG1,bournemouth,2023-10-07 14:00:00,21969,0.0771,15.0
2023-24,ENG1,bournemouth,2023-10-21 14:00:00,21975,0.0666,13.0
2023-24,ENG1,bournemouth,2023-10-28 14:00:00,21985,0.0572,10.0
2023-24,ENG1,bournemouth,2023-11-04 15:00:00,22000,-0.0379,14.0
2023-24,ENG1,bournemouth,2023-11-11 17:30:00,22005,-0.0163,13.0
2023-24,ENG1,bournemouth,2023-11-25 15:00:00,22023,-0.0033,14.0
2023-24,ENG1,bournemouth,2023-12-03 14:00:00,22025,0.0396,13.0
2023-24,ENG1,bournemouth,2023-12-06 19:30:00,22043,0.152,13.0
2023-24,ENG1,bournemouth,2023-12-09 15:00:00,22051,0.0891,13.0
2023-24,ENG1,bournemouth,2023-12-23 15:00:00,22070,0.1881,14.0
2023-24,ENG1,bournemouth,2023-12-26 15:00:00,22075,0.1319,13.0
2023-24,ENG1,bournemouth,2023-12-31 14:00:00,22092,0.1149,15.0
2023-24,ENG1,bournemouth,2024-01-21 16:30:00,22102,0.0786,13.0
2023-24,ENG1,bournemouth,2024-02-01 19:30:00,22110,0.0283,14.0
2023-24,ENG1,bournemouth,2024-02-04 14:00:00,22115,0.0443,15.0
2023-24,ENG1,bournemouth,2024-02-10 15:00:00,22127,-0.0039,15.0
2023-24,ENG1,bournemouth,2024-02-17 15:00:00,22141,0.0473,12.0
2023-24,ENG1,bournemouth,2024-02-24 17:30:00,22145,0.0611,13.0
2023-24,ENG1,bournemouth,2024-03-03 13:00:00,22156,0.0289,14.0
2023-24,ENG1,bournemouth,2024-03-09 15:00:00,22165,0.0531,16.0
2023-24,ENG1,bournemouth,2024-03-13 19:30:00,25861,0.1101,14.0
2023-24,ENG1,bournemouth,2024-03-30 15:00:00,22185,0.085,14.0
2023-24,ENG1,bournemouth,2024-04-02 18:45:00,22195,0.1443,14.0
2023-24,ENG1,bournemouth,2024-04-06 14:00:00,22210,0.1469,14.0
2023-24,ENG1,bournemouth,2024-04-13 16:30:00,22215,0.1219,13.0
2023-24,ENG1,bournemouth,2024-04-21 14:00:00,22225,0.1707,13.0
2023-24,ENG1,bournemouth,2024-04-24 18:45:00,22184,0.1237,12.0
2023-24,ENG1,bournemouth,2024-04-28 13:00:00,22235,0.2023,12.0
2023-24,ENG1,bournemouth,2024-05-04 11:30:00,22245,0.1052,12.0
2023-24,ENG1,bournemouth,2024-05-11 14:00:00,22255,0.1121,13.0
2023-24,ENG1,bournemouth,2024-05-19 15:00:00,22269,0.158,15.0
2023-24,ENG1,brentford,2023-08-13 13:00:00,22282,-0.0259,12.0
2023-24,ENG1,brentford,2023-08-19 14:00:00,22287,-0.0189,13.0
2023-24,ENG1,brentford,2023-08-26 14:00:00,22298,0.0106,12.0
2023-24,ENG1,brentford,2023-09-02 14:00:00,21928,0.0684,13.0
2023-24,ENG1,brentford,2023-09-16 16:30:00,21943,0.0739,15.0
2023-24,ENG1,brentford,2023-09-23 16:30:00,21949,0.0932,14.0
2023-24,ENG1,brentford,2023-10-01 13:00:00,21963,0.0714,14.0
2023-24,ENG1,brentford,2023-10-07 14:00:00,21972,0.017,12.0
2023-24,ENG1,brentford,2023-10-21 14:00:00,21977,0.0625,12.0
2023-24,ENG1,brentford,2023-10-28 11:30:00,21989,0.0288,13.0
2023-24,ENG1,brentford,2023-11-04 15:00:00,21995,0.1102,11.0
2023-24,ENG1,brentford,2023-11-12 14:00:00,22011,0.0727,14.0
2023-24,ENG1,brentford,2023-11-25 17:30:00,22015,0.1094,12.0
2023-24,ENG1,brentford,2023-12-02 15:00:00,22027,0.1694,13.0
2023-24,ENG1,brentford,2023-12-06 19:30:00,22036,0.288,13.0
2023-24,ENG1,brentford,2023-12-09 15:00:00,22052,0.3238,12.0
2023-24,ENG1,brentford,2023-12-17 14:00:00,22057,0.1049,13.0
2023-24,ENG1,brentford,2023-12-27 19:30:00,22077,0.0998,12.0
2023-24,ENG1,brentford,2023-12-30 15:00:00,22086,0.0905,13.0
2023-24,ENG1,brentford,2024-01-20 17:30:00,22104,0.1005,13.0
2023-24,ENG1,brentford,2024-01-31 19:30:00,22109,-0.0396,11.0
2023-24,ENG1,brentford,2024-02-05 20:00:00,22117,-0.0331,13.0
2023-24,ENG1,brentford,2024-02-10 15:00:00,22134,-0.0445,12.0
2023-24,ENG1,brentford,2024-02-17 12:30:00,22135,0.005,14.0
2023-24,ENG1,brentford,2024-02-20 18:30:00,22074,-0.0037,13.0
2023-24,ENG1,brentford,2024-02-26 20:00:00,22153,-0.0304,15.0
2023-24,ENG1,brentford,2024-03-02 15:00:00,22155,-0.0171,11.0
2023-24,ENG1,brentford,2024-03-09 17:30:00,22166,-0.0462,11.0
2023-24,ENG1,brentford,2024-03-16 15:00:00,22177,-0.0388,10.0
2023-24,ENG1,brentford,2024-03-30 20:00:00,22187,-0.0107,11.0
2023-24,ENG1,brentford,2024-04-03 18:30:00,22200,0.0311,12.0
2023-24,ENG1,brentford,2024-04-06 14:00:00,22205,0.0489,11.0
2023-24,ENG1,brentford,2024-04-13 14:00:00,22217,0.0259,11.0
2023-24,ENG1,brentford,2024-04-20 14:00:00,22230,0.0151,14.0
2023-24,ENG1,brentford,2024-04-27 16:30:00,22237,0.0338,14.0
2023-24,ENG1,brentford,2024-05-04 14:00:00,22246,-0.0003,13.0
2023-24,ENG1,brentford,2024-05-11 14:00:00,22255,-0.0237,15.0
2023-24,ENG1,brentford,2024-05-19 15:00:00,22266,-0.0044,14.0
2023-24,ENG1,brighton hove albion,2023-08-12 14:00:00,22278,0.1315,13.0
2023-24,ENG1,brighton hove albion,2023-08-19 14:00:00,22286,0.1162,13.0
2023-24,ENG1,brighton hove albion,2023-08-26 16:30:00,22301,0.2341,12.0
2023-24,ENG1,brighton hove albion,2023-09-02 16:30:00,21931,0.2611,11.0
2023-24,ENG1,brighton hove albion,2023-09-16 14:00:00,21940,0.1928,14.0
2023-24,ENG1,brighton hove albion,2023-09-24 13:00:00,21951,0.211,12.0
2023-24,ENG1,brighton hove albion,2023-09-30 11:30:00,21955,0.2679,12.0
2023-24,ENG1,brighton hove albion,2023-10-08 13:00:00,21966,0.3112,11.0
2023-24,ENG1,brighton hove albion,2023-10-21 14:00:00,21980,0.2041,13.0
2023-24,ENG1,brighton hove albion,2023-10-29 14:00:00,21988,0.0263,14.0
2023-24,ENG1,brighton hove albion,2023-11-04 15:00:00,21997,0.0937,13.0
2023-24,ENG1,brighton hove albion,2023-11-12 14:00:00,22008,0.0463,13.0
2023-24,ENG1,brighton hove albion,2023-11-25 15:00:00,22022,-0.0164,12.0
2023-24,ENG1,brighton hove albion,2023-12-03 14:00:00,22029,-0.0558,14.0
2023-24,ENG1,brighton hove albion,2023-12-06 19:30:00,22036,-0.0036,13.0
2023-24,ENG1,brighton hove albion,2023-12-09 15:00:00,22046,0.013,14.0
2023-24,ENG1,brighton hove albion,2023-12-17 14:00:00,22056,0.0651,14.0
2023-24,ENG1,brighton hove albion,2023-12-21 20:00:00,22066,0.0812,13.0
2023-24,ENG1,brighton hove albion,2023-12-28 19:30:00,22078,0.0997,13.0
2023-24,ENG1,brighton hove albion,2024-01-02 18:30:00,22093,0.1363,13.0
2023-24,ENG1,brighton hove albion,2024-01-22 19:45:00,22095,0.1539,14.0
2023-24,ENG1,brighton hove albion,2024-01-30 19:45:00,22107,0.1289,14.0
2023-24,ENG1,brighton hove albion,2024-02-03 15:00:00,22118,0.0663,11.0
2023-24,ENG1,brighton hove albion,2024-02-10 15:00:00,22132,0.1319,10.0
2023-24,ENG1,brighton hove albion,2024-02-18 14:00:00,22143,0.1024,13.0
2023-24,ENG1,brighton hove albion,2024-02-24 15:00:00,22148,0.1143,13.0
2023-24,ENG1,brighton hove albion,2024-03-02 15:00:00,22158,0.0483,13.0
2023-24,ENG1,brighton hove albion,2024-03-10 14:00:00,22168,0.0824,12.0
2023-24,ENG1,brighton hove albion,2024-03-31 14:00:00,22189,0.0979,11.0
2023-24,ENG1,brighton hove albion,2024-04-03 18:30:00,22200,0.0853,13.0
2023-24,ENG1,brighton hove albion,2024-04-06 16:30:00,22206,0.1373,12.0
2023-24,ENG1,brighton hove albion,2024-04-13 14:00:00,22218,0.0573,12.0
2023-24,ENG1,brighton hove albion,2024-04-25 19:00:00,22176,0.0005,11.0
2023-24,ENG1,brighton hove albion,2024-04-28 13:00:00,22235,-0.0215,12.0
2023-24,ENG1,brighton hove albion,2024-05-05 13:00:00,22247,0.0052,11.0
2023-24,ENG1,brighton hove albion,2024-05-11 14:00:00,22260,0.0274,12.0
2023-24,ENG1,brighton hove albion,2024-05-15 18:45:00,22226,0.072,13.0
2023-24,ENG1,brighton hove albion,2024-05-19 15:00:00,22267,0.0912,11.0
2023-24,ENG1,burnley,2023-08-11 19:00:00,22275,0.0124,4.0
2023-24,ENG1,burnley,2023-08-27 13:00:00,22302,-0.061,6.0
2023-24,ENG1,burnley,2023-09-02 14:00:00,21929,-0.08,14.0
2023-24,ENG1,burnley,2023-09-18 18:45:00,21944,-0.0168,11.0
2023-24,ENG1,burnley,2023-09-23 19:00:00,21950,-0.0302,12.0
2023-24,ENG1,burnley,2023-09-30 14:00:00,21958,-0.0311,12.0
2023-24,ENG1,burnley,2023-10-03 18:30:00,22289,-0.0228,12.0
2023-24,ENG1,burnley,2023-10-07 14:00:00,21967,0.0809,13.0
2023-24,ENG1,burnley,2023-10-21 14:00:00,21977,0.0608,15.0
2023-24,ENG1,burnley,2023-10-28 14:00:00,21985,-0.0287,14.0
2023-24,ENG1,burnley,2023-11-04 15:00:00,21996,0.0051,12.0
2023-24,ENG1,burnley,2023-11-11 15:00:00,22006,0.0208,10.0
2023-24,ENG1,burnley,2023-11-25 15:00:00,22016,-0.0033,11.0
2023-24,ENG1,burnley,2023-12-02 15:00:00,22028,0.0116,11.0
2023-24,ENG1,burnley,2023-12-05 19:30:00,22042,0.0468,12.0
2023-24,ENG1,burnley,2023-12-09 15:00:00,22046,0.0519,13.0
2023-24,ENG1,burnley,2023-12-16 17:30:00,22058,0.0048,12.0
2023-24,ENG1,burnley,2023-12-23 15:00:00,22067,0.0052,12.0
2023-24,ENG1,burnley,2023-12-26 17:30:00,22079,-0.0268,11.0
2023-24,ENG1,burnley,2023-12-30 15:00:00,22085,0.0053,12.0
2023-24,ENG1,burnley,2024-01-12 19:45:00,22096,-0.0144,11.0
2023-24,ENG1,burnley,2024-01-31 19:30:00,22114,-0.0012,15.0
2023-24,ENG1,burnley,2024-02-03 15:00:00,22119,-0.0231,12.0
2023-24,ENG1,burnley,2024-02-10 15:00:00,22128,0.0755,9.0
2023-24,ENG1,burnley,2024-02-17 15:00:00,22136,0.0871,14.0
2023-24,ENG1,burnley,2024-02-24 15:00:00,22150,0.0783,13.0
2023-24,ENG1,burnley,2024-03-03 13:00:00,22156,0.0184,12.0
2023-24,ENG1,burnley,2024-03-10 14:00:00,22173,0.0237,13.0
2023-24,ENG1,burnley,2024-03-16 15:00:00,22177,0.0026,11.0
2023-24,ENG1,burnley,2024-03-30 15:00:00,22188,-0.0368,14.0
2023-24,ENG1,burnley,2024-04-02 18:45:00,22197,0.0238,12.0
2023-24,ENG1,burnley,2024-04-06 14:00:00,22208,0.0215,13.0
2023-24,ENG1,burnley,2024-04-13 14:00:00,22218,0.0441,14.0
2023-24,ENG1,burnley,2024-04-20 14:00:00,22232,0.0282,13.0
2023-24,ENG1,burnley,2024-04-27 14:00:00,22239,0.072,13.0
2023-24,ENG1,burnley,2024-05-04 14:00:00,22248,0.0954,13.0
2023-24,ENG1,burnley,2024-05-11 14:00:00,22262,0.0261,12.0
2023-24,ENG1,burnley,2024-05-19 15:00:00,22268,0.0687,15.0
2023-24,ENG1,chelsea,2023-08-13 15:30:00,22283,0.0757,10.0
2023-24,ENG1,chelsea,2023-08-20 15:30:00,22293,0.08,11.0
2023-24,ENG1,chelsea,2023-08-25 19:00:00,22295,0.0197,10.0
2023-24,ENG1,chelsea,2023-09-02 14:00:00,21930,0.0686,13.0
2023-24,ENG1,chelsea,2023-09-17 13:00:00,21942,0.094,11.0
2023-24,ENG1,chelsea,2023-09-24 13:00:00,21947,0.0532,13.0
2023-24,ENG1,chelsea,2023-10-02 19:00:00,21964,-0.0064,12.0
2023-24,ENG1,chelsea,2023-10-07 14:00:00,21967,0.0196,12.0
2023-24,ENG1,chelsea,2023-10-21 16:30:00,21978,0.0588,12.0
2023-24,ENG1,chelsea,2023-10-28 11:30:00,21989,0.0369,12.0
2023-24,ENG1,chelsea,2023-11-06 20:00:00,22004,0.0495,13.0
2023-24,ENG1,chelsea,2023-11-12 16:30:00,22009,0.0837,13.0
2023-24,ENG1,chelsea,2023-11-25 15:00:00,22021,0.1442,13.0
2023-24,ENG1,chelsea,2023-12-03 14:00:00,22029,0.0061,12.0
2023-24,ENG1,chelsea,2023-12-06 20:15:00,22044,0.0498,12.0
2023-24,ENG1,chelsea,2023-12-10 14:00:00,22048,0.0261,13.0
2023-24,ENG1,chelsea,2023-12-16 15:00:00,22059,0.0313,11.0
2023-24,ENG1,chelsea,2023-12-24 13:00:00,22073,0.1723,12.0
2023-24,ENG1,chelsea,2023-12-27 19:30:00,22080,0.066,14.0
2023-24,ENG1,chelsea,2023-12-30 12:30:00,22089,0.1408,12.0
2023-24,ENG1,chelsea,2024-01-13 12:30:00,22097,0.0935,12.0
2023-24,ENG1,chelsea,2024-01-31 20:15:00,22113,0.1464,14.0
2023-24,ENG1,chelsea,2024-02-04 14:00:00,22120,0.1412,14.0
2023-24,ENG1,chelsea,2024-02-12 20:00:00,22126,0.1202,13.0
2023-24,ENG1,chelsea,2024-02-17 17:30:00,22140,0.0565,13.0
2023-24,ENG1,chelsea,2024-03-02 15:00:00,22155,0.0292,12.0
2023-24,ENG1,chelsea,2024-03-11 20:00:00,22169,0.1118,12.0
2023-24,ENG1,chelsea,2024-03-30 15:00:00,22188,0.1925,12.0
2023-24,ENG1,chelsea,2024-04-04 19:15:00,22201,0.234,13.0
2023-24,ENG1,chelsea,2024-04-07 16:30:00,22212,0.127,12.0
2023-24,ENG1,chelsea,2024-04-15 19:00:00,22219,0.1587,12.0
2023-24,ENG1,chelsea,2024-04-23 19:00:00,22175,0.1113,12.0
2023-24,ENG1,chelsea,2024-04-27 19:00:00,22236,0.1821,10.0
2023-24,ENG1,chelsea,2024-05-02 18:30:00,22149,0.2089,10.0
2023-24,ENG1,chelsea,2024-05-05 13:00:00,22249,0.0998,12.0
2023-24,ENG1,chelsea,2024-05-11 16:30:00,22261,0.1519,13.0
2023-24,ENG1,chelsea,2024-05-15 18:45:00,22226,0.1755,13.0
2023-24,ENG1,chelsea,2024-05-19 15:00:00,22269,0.2404,12.0
2023-24,ENG1,crystal palace,2023-08-12 14:00:00,22280,0.0128,10.0
2023-24,ENG1,crystal palace,2023-08-21 19:00:00,22294,0.04,11.0
2023-24,ENG1,crystal palace,2023-08-26 14:00:00,22298,0.0295,12.0
2023-24,ENG1,crystal palace,2023-09-03 13:00:00,21932,0.0454,11.0
2023-24,ENG1,crystal palace,2023-09-16 14:00:00,21938,0.0719,11.0
2023-24,ENG1,crystal palace,2023-09-23 14:00:00,21948,0.0512,11.0
2023-24,ENG1,crystal palace,2023-09-30 14:00:00,21957,0.0482,10.0
2023-24,ENG1,crystal palace,2023-10-07 16:30:00,21968,0.0128,13.0
2023-24,ENG1,crystal palace,2023-10-21 14:00:00,21981,0.0018,11.0
2023-24,ENG1,crystal palace,2023-10-27 19:00:00,21990,-0.0195,13.0
2023-24,ENG1,crystal palace,2023-11-04 15:00:00,21996,-0.0245,13.0
2023-24,ENG1,crystal palace,2023-11-11 15:00:00,22010,0.0051,12.0
2023-24,ENG1,crystal palace,2023-11-25 15:00:00,22019,0.0096,12.0
2023-24,ENG1,crystal palace,2023-12-03 14:00:00,22034,0.0091,11.0
2023-24,ENG1,crystal palace,2023-12-06 19:30:00,22043,0.0209,14.0
2023-24,ENG1,crystal palace,2023-12-09 12:30:00,22047,0.0274,13.0
2023-24,ENG1,crystal palace,2023-12-16 15:00:00,22061,0.0324,11.0
2023-24,ENG1,crystal palace,2023-12-21 20:00:00,22066,0.0664,12.0
2023-24,ENG1,crystal palace,2023-12-27 19:30:00,22080,0.1336,11.0
2023-24,ENG1,crystal palace,2023-12-30 15:00:00,22086,0.1341,11.0
2023-24,ENG1,crystal palace,2024-01-20 12:30:00,22103,0.0507,13.0
2023-24,ENG1,crystal palace,2024-01-30 20:00:00,22112,0.0884,12.0
2023-24,ENG1,crystal palace,2024-02-03 15:00:00,22118,-0.0192,12.0
2023-24,ENG1,crystal palace,2024-02-12 20:00:00,22126,-0.0451,9.0
2023-24,ENG1,crystal palace,2024-02-19 20:00:00,22137,-0.0839,12.0
2023-24,ENG1,crystal palace,2024-02-24 15:00:00,22150,-0.0749,13.0
2023-24,ENG1,crystal palace,2024-03-02 15:00:00,22164,-0.0101,14.0
2023-24,ENG1,crystal palace,2024-03-09 15:00:00,22170,-0.0128,12.0
2023-24,ENG1,crystal palace,2024-03-30 15:00:00,22192,0.02,12.0
2023-24,ENG1,crystal palace,2024-04-02 18:45:00,22195,0.0186,13.0
2023-24,ENG1,crystal palace,2024-04-06 11:30:00,22207,0.0022,15.0
2023-24,ENG1,crystal palace,2024-04-14 13:00:00,22220,0.036,15.0
2023-24,ENG1,crystal palace,2024-04-21 14:00:00,22227,0.0697,14.0
2023-24,ENG1,crystal palace,2024-04-24 19:00:00,22178,0.1003,12.0
2023-24,ENG1,crystal palace,2024-04-27 14:00:00,22238,0.0614,13.0
2023-24,ENG1,crystal palace,2024-05-06 19:00:00,22250,0.1059,13.0
2023-24,ENG1,crystal palace,2024-05-11 14:00:00,22264,0.15,14.0
2023-24,ENG1,crystal palace,2024-05-19 15:00:00,22270,0.1529,13.0
2023-24,ENG1,everton,2023-08-12 14:00:00,22279,0.0036,11.0
2023-24,ENG1,everton,2023-08-20 13:00:00,22292,0.0456,12.0
2023-24,ENG1,everton,2023-08-26 14:00:00,22299,-0.005,10.0
2023-24,ENG1,everton,2023-09-02 11:30:00,21926,0.0076,10.0
2023-24,ENG1,everton,2023-09-17 15:30:00,21941,0.0807,9.0
2023-24,ENG1,everton,2023-09-23 16:30:00,21949,0.0341,11.0
2023-24,ENG1,everton,2023-09-30 14:00:00,21956,0.0453,12.0
2023-24,ENG1,everton,2023-10-07 14:00:00,21969,0.0998,11.0
2023-24,ENG1,everton,2023-10-21 11:30:00,21979,0.167,13.0
2023-24,ENG1,everton,2023-10-29 13:00:00,21993,0.1273,10.0
2023-24,ENG1,everton,2023-11-04 15:00:00,21997,0.0939,10.0
2023-24,ENG1,everton,2023-11-11 15:00:00,22010,0.0828,11.0
2023-24,ENG1,everton,2023-11-26 16:30:00,22017,0.0542,11.0
2023-24,ENG1,everton,2023-12-02 17:30:00,22033,0.0736,10.0
2023-24,ENG1,everton,2023-12-07 19:30:00,22037,-0.0124,11.0
2023-24,ENG1,everton,2023-12-10 14:00:00,22048,0.027,13.0
2023-24,ENG1,everton,2023-12-16 17:30:00,22058,0.0189,12.0
2023-24,ENG1,everton,2023-12-23 15:00:00,22071,0.0182,11.0
2023-24,ENG1,everton,2023-12-27 20:15:00,22081,0.0365,12.0
2023-24,ENG1,everton,2023-12-30 15:00:00,22094,0.0731,13.0
2023-24,ENG1,everton,2024-01-14 14:00:00,22098,0.0521,11.0
2023-24,ENG1,everton,2024-01-30 19:45:00,22106,0.0313,9.0
2023-24,ENG1,everton,2024-02-03 12:30:00,22121,0.0453,11.0
2023-24,ENG1,everton,2024-02-10 12:30:00,22130,0.0685,11.0
2023-24,ENG1,everton,2024-02-19 20:00:00,22137,0.0276,13.0
2023-24,ENG1,everton,2024-02-24 15:00:00,22148,0.0531,12.0
2023-24,ENG1,everton,2024-03-02 15:00:00,22157,0.0381,11.0
2023-24,ENG1,everton,2024-03-09 12:30:00,22172,0.081,14.0
2023-24,ENG1,everton,2024-03-30 15:00:00,22185,0.0859,13.0
2023-24,ENG1,everton,2024-04-02 18:30:00,22202,0.0269,13.0
2023-24,ENG1,everton,2024-04-06 14:00:00,22208,0.0679,10.0
2023-24,ENG1,everton,2024-04-15 19:00:00,22219,0.0138,14.0
2023-24,ENG1,everton,2024-04-21 12:30:00,22228,0.0025,12.0
2023-24,ENG1,everton,2024-04-24 19:00:00,22179,-0.0041,11.0
2023-24,ENG1,everton,2024-04-27 16:30:00,22237,-0.0361,11.0
2023-24,ENG1,everton,2024-05-03 19:00:00,22252,0.0114,14.0
2023-24,ENG1,everton,2024-05-11 14:00:00,22257,0.004,13.0
2023-24,ENG1,everton,2024-05-19 15:00:00,22265,0.0349,11.0
2023-24,ENG1,fulham,2023-08-12 14:00:00,22279,0.0001,13.0
2023-24,ENG1,fulham,2023-08-19 14:00:00,22287,-0.0363,12.0
2023-24,ENG1,fulham,2023-08-26 14:00:00,22297,-0.066,12.0
2023-24,ENG1,fulham,2023-09-02 14:00:00,21927,-0.0353,12.0
2023-24,ENG1,fulham,2023-09-16 14:00:00,21939,-0.0592,13.0
2023-24,ENG1,fulham,2023-09-23 14:00:00,21948,-0.0567,11.0
2023-24,ENG1,fulham,2023-10-02 19:00:00,21964,-0.0457,15.0
2023-24,ENG1,fulham,2023-10-07 14:00:00,21970,0.0056,10.0
2023-24,ENG1,fulham,2023-10-23 19:00:00,21984,0.035,14.0
2023-24,ENG1,fulham,2023-10-29 14:00:00,21988,-0.0258,12.0
2023-24,ENG1,fulham,2023-11-04 12:30:00,21998,-0.0083,10.0
2023-24,ENG1,fulham,2023-11-12 14:00:00,22007,-0.0093,13.0
2023-24,ENG1,fulham,2023-11-27 20:00:00,22018,-0.0037,13.0
2023-24,ENG1,fulham,2023-12-03 14:00:00,22030,-0.0116,13.0
2023-24,ENG1,fulham,2023-12-06 19:30:00,22038,0.035,12.0
2023-24,ENG1,fulham,2023-12-10 14:00:00,22049,0.0881,13.0
2023-24,ENG1,fulham,2023-12-16 15:00:00,22062,0.0938,13.0
2023-24,ENG1,fulham,2023-12-23 15:00:00,22067,0.0533,12.0
2023-24,ENG1,fulham,2023-12-26 15:00:00,22075,0.0438,12.0
2023-24,ENG1,fulham,2023-12-31 14:00:00,22087,0.0814,11.0
2023-24,ENG1,fulham,2024-01-13 12:30:00,22097,0.0647,12.0
2023-24,ENG1,fulham,2024-01-30 19:45:00,22106,0.0049,12.0
2023-24,ENG1,fulham,2024-02-03 15:00:00,22119,-0.0116,12.0
2023-24,ENG1,fulham,2024-02-10 15:00:00,22127,0.0108,12.0
2023-24,ENG1,fulham,2024-02-17 15:00:00,22138,0.0204,12.0
2023-24,ENG1,fulham,2024-02-24 15:00:00,22152,0.0588,13.0
2023-24,ENG1,fulham,2024-03-02 15:00:00,22158,0.0571,13.0
2023-24,ENG1,fulham,2024-03-09 15:00:00,22174,0.0686,15.0
2023-24,ENG1,fulham,2024-03-16 17:30:00,22180,0.1523,13.0
2023-24,ENG1,fulham,2024-03-30 15:00:00,22193,0.1695,13.0
2023-24,ENG1,fulham,2024-04-02 18:30:00,22198,0.1488,15.0
2023-24,ENG1,fulham,2024-04-06 14:00:00,22209,0.1057,14.0
2023-24,ENG1,fulham,2024-04-14 13:00:00,22224,0.0799,12.0
2023-24,ENG1,fulham,2024-04-21 15:30:00,22229,0.1408,12.0
2023-24,ENG1,fulham,2024-04-27 14:00:00,22238,0.0617,12.0
2023-24,ENG1,fulham,2024-05-04 14:00:00,22246,0.0475,13.0
2023-24,ENG1,fulham,2024-05-11 11:30:00,22258,0.0703,14.0
2023-24,ENG1,fulham,2024-05-19 15:00:00,22272,0.0626,12.0
2023-24,ENG1,liverpool,2023-08-13 15:30:00,22283,0.0614,12.0
2023-24,ENG1,liverpool,2023-08-19 14:00:00,22288,0.0133,12.0
2023-24,ENG1,liverpool,2023-08-27 15:30:00,22304,0.0621,12.0
2023-24,ENG1,liverpool,2023-09-03 13:00:00,21933,-0.0076,12.0
2023-24,ENG1,liverpool,2023-09-16 11:30:00,21935,-0.0027,11.0
2023-24,ENG1,liverpool,2023-09-24 13:00:00,21953,0.0143,9.0
2023-24,ENG1,liverpool,2023-09-30 16:30:00,21962,0.0127,12.0
2023-24,ENG1,liverpool,2023-10-08 13:00:00,21966,0.0269,12.0
2023-24,ENG1,liverpool,2023-10-21 11:30:00,21979,-0.0228,13.0
2023-24,ENG1,liverpool,2023-10-29 14:00:00,21991,0.0359,12.0
2023-24,ENG1,liverpool,2023-11-05 16:30:00,21999,0.0584,12.0
2023-24,ENG1,liverpool,2023-11-12 14:00:00,22011,0.0895,10.0
2023-24,ENG1,liverpool,2023-11-25 12:30:00,22020,0.0054,13.0
2023-24,ENG1,liverpool,2023-12-03 14:00:00,22030,0.009,12.0
2023-24,ENG1,liverpool,2023-12-06 19:30:00,22040,-0.0579,13.0
2023-24,ENG1,liverpool,2023-12-09 12:30:00,22047,0.0215,14.0
2023-24,ENG1,liverpool,2023-12-17 16:30:00,22060,-0.0224,13.0
2023-24,ENG1,liverpool,2023-12-23 17:30:00,22068,-0.0622,13.0
2023-24,ENG1,liverpool,2023-12-26 17:30:00,22079,0.0029,13.0
2023-24,ENG1,liverpool,2024-01-01 19:00:00,22088,-0.0232,14.0
2023-24,ENG1,liverpool,2024-01-21 16:30:00,22102,0.1268,11.0
2023-24,ENG1,liverpool,2024-01-31 20:15:00,22113,0.0321,12.0
2023-24,ENG1,liverpool,2024-02-04 16:30:00,22116,0.0641,12.0
2023-24,ENG1,liverpool,2024-02-10 15:00:00,22128,0.0275,11.0
2023-24,ENG1,liverpool,2024-02-17 12:30:00,22135,0.0747,13.0
2023-24,ENG1,liverpool,2024-02-21 15:00:00,22151,0.0068,10.0
2023-24,ENG1,liverpool,2024-03-02 15:00:00,22162,0.1283,11.0
2023-24,ENG1,liverpool,2024-03-10 15:45:00,22171,0.0751,12.0
2023-24,ENG1,liverpool,2024-03-31 14:00:00,22189,0.1125,10.0
2023-24,ENG1,liverpool,2024-04-04 18:30:00,22203,0.1124,13.0
2023-24,ENG1,liverpool,2024-04-07 14:30:00,22211,0.1355,13.0
2023-24,ENG1,liverpool,2024-04-14 13:00:00,22220,0.1721,14.0
2023-24,ENG1,liverpool,2024-04-21 15:30:00,22229,0.1619,13.0
2023-24,ENG1,liverpool,2024-04-24 19:00:00,22179,0.0302,13.0
2023-24,ENG1,liverpool,2024-04-27 11:30:00,22243,0.0443,10.0
2023-24,ENG1,liverpool,2024-05-05 15:30:00,22251,0.0702,13.0
2023-24,ENG1,liverpool,2024-05-13 19:00:00,22256,0.0797,12.0
2023-24,ENG1,liverpool,2024-05-19 15:00:00,22271,-0.0292,13.0
2023-24,ENG1,luton town,2023-08-12 14:00:00,22278,0.0478,2.0
2023-24,ENG1,luton town,2023-08-25 19:00:00,22295,0.2393,3.0
2023-24,ENG1,luton town,2023-09-01 19:00:00,21925,0.0633,12.0
2023-24,ENG1,luton town,2023-09-16 14:00:00,21939,0.0466,14.0
2023-24,ENG1,luton town,2023-09-23 14:00:00,21945,0.0386,12.0
2023-24,ENG1,luton town,2023-09-30 14:00:00,21956,0.079,11.0
2023-24,ENG1,luton town,2023-10-03 18:30:00,22289,0.0819,13.0
2023-24,ENG1,luton town,2023-10-07 11:30:00,21971,0.0613,12.0
2023-24,ENG1,luton town,2023-10-21 14:00:00,21982,0.0657,15.0
2023-24,ENG1,luton town,2023-10-29 14:00:00,21987,0.1081,14.0
2023-24,ENG1,luton town,2023-11-05 16:30:00,21999,0.0755,12.0
2023-24,ENG1,luton town,2023-11-11 15:00:00,22012,0.0387,12.0
2023-24,ENG1,luton town,2023-11-25 15:00:00,22019,-0.0013,13.0
2023-24,ENG1,luton town,2023-12-02 15:00:00,22027,0.0176,15.0
2023-24,ENG1,luton town,2023-12-05 20:15:00,22039,-0.0109,14.0
2023-24,ENG1,luton town,2023-12-10 14:00:00,22050,-0.0128,12.0
2023-24,ENG1,luton town,2023-12-23 15:00:00,22069,-0.063,11.0
2023-24,ENG1,luton town,2023-12-26 15:00:00,22084,-0.0269,12.0
2023-24,ENG1,luton town,2023-12-30 12:30:00,22089,-0.0229,14.0
2023-24,ENG1,luton town,2024-01-12 19:45:00,22096,0.0273,13.0
2023-24,ENG1,luton town,2024-01-30 19:45:00,22107,0.0687,14.0
2023-24,ENG1,luton town,2024-02-03 15:00:00,22123,0.14,12.0
2023-24,ENG1,luton town,2024-02-10 15:00:00,22129,0.1864,13.0
2023-24,ENG1,luton town,2024-02-18 16:30:00,22139,0.1957,13.0
2023-24,ENG1,luton town,2024-02-21 15:00:00,22151,0.1913,15.0
2023-24,ENG1,luton town,2024-03-02 17:30:00,22159,0.1021,11.0
2023-24,ENG1,luton town,2024-03-09 15:00:00,22170,0.1205,11.0
2023-24,ENG1,luton town,2024-03-13 19:30:00,25861,0.0692,13.0
2023-24,ENG1,luton town,2024-03-16 15:00:00,22181,0.0894,13.0
2023-24,ENG1,luton town,2024-03-30 15:00:00,22194,0.0426,12.0
2023-24,ENG1,luton town,2024-04-03 18:30:00,22196,0.0008,12.0
2023-24,ENG1,luton town,2024-04-06 14:00:00,22210,0.0345,13.0
2023-24,ENG1,luton town,2024-04-13 14:00:00,22221,0.0146,13.0
2023-24,ENG1,luton town,2024-04-20 14:00:00,22230,0.0019,15.0
2023-24,ENG1,luton town,2024-04-27 14:00:00,22244,-0.0377,14.0
2023-24,ENG1,luton town,2024-05-03 19:00:00,22252,-0.0206,12.0
2023-24,ENG1,luton town,2024-05-11 14:00:00,22263,-0.0272,13.0
2023-24,ENG1,luton town,2024-05-19 15:00:00,22272,-0.0043,14.0
2023-24,ENG1,manchester city,2023-08-11 19:00:00,22275,0.0334,11.0
2023-24,ENG1,manchester city,2023-08-19 19:00:00,22291,-0.027,10.0
2023-24,ENG1,manchester city,2023-08-27 13:00:00,22303,-0.0622,10.0
2023-24,ENG1,manchester city,2023-09-02 14:00:00,21927,0.0187,9.0
2023-24,ENG1,manchester city,2023-09-16 14:00:00,21937,0.0072,10.0
2023-24,ENG1,manchester city,2023-09-23 14:00:00,21946,0.0814,12.0
2023-24,ENG1,manchester city,2023-09-30 14:00:00,21961,0.0522,11.0
2023-24,ENG1,manchester city,2023-10-08 15:30:00,21965,0.0285,13.0
2023-24,ENG1,manchester city,2023-10-21 14:00:00,21980,0.0068,12.0
2023-24,ENG1,manchester city,2023-10-29 15:30:00,21992,-0.0602,10.0
2023-24,ENG1,manchester city,2023-11-04 15:00:00,22000,-0.0093,14.0
2023-24,ENG1,manchester city,2023-11-12 16:30:00,22009,-0.0261,11.0
2023-24,ENG1,manchester city,2023-11-25 12:30:00,22020,0.0252,10.0
2023-24,ENG1,manchester city,2023-12-03 16:30:00,22031,-0.0062,12.0
2023-24,ENG1,manchester city,2023-12-06 20:15:00,22035,0.0646,12.0
2023-24,ENG1,manchester city,2023-12-10 14:00:00,22050,0.0054,11.0
2023-24,ENG1,manchester city,2023-12-16 15:00:00,22061,0.0374,10.0
2023-24,ENG1,manchester city,2023-12-27 20:15:00,22081,-0.0188,12.0
2023-24,ENG1,manchester city,2023-12-30 15:00:00,22090,0.0036,13.0
2023-24,ENG1,manchester city,2024-01-13 17:30:00,22100,0.0251,11.0
2023-24,ENG1,manchester city,2024-01-31 19:30:00,22114,0.1604,12.0
2023-24,ENG1,manchester city,2024-02-05 20:00:00,22117,0.1553,11.0
2023-24,ENG1,manchester city,2024-02-10 12:30:00,22130,0.092,13.0
2023-24,ENG1,manchester city,2024-02-17 17:30:00,22140,0.1411,11.0
2023-24,ENG1,manchester city,2024-02-20 18:30:00,22074,0.0227,11.0
2023-24,ENG1,manchester city,2024-02-24 17:30:00,22145,-0.0384,12.0
2023-24,ENG1,manchester city,2024-03-03 15:30:00,22160,0.1023,11.0
2023-24,ENG1,manchester city,2024-03-10 15:45:00,22171,0.1051,12.0
2023-24,ENG1,manchester city,2024-03-31 16:30:00,22190,0.0506,13.0
2023-24,ENG1,manchester city,2024-04-03 19:15:00,22204,0.0009,12.0
2023-24,ENG1,manchester city,2024-04-06 11:30:00,22207,0.0546,13.0
2023-24,ENG1,manchester city,2024-04-13 14:00:00,22221,0.0732,10.0
2023-24,ENG1,manchester city,2024-04-25 19:00:00,22176,0.0965,12.0
2023-24,ENG1,manchester city,2024-04-28 15:30:00,22242,0.0802,12.0
2023-24,ENG1,manchester city,2024-05-04 16:30:00,22253,0.0685,11.0
2023-24,ENG1,manchester city,2024-05-11 11:30:00,22258,0.0668,12.0
2023-24,ENG1,manchester city,2024-05-14 19:00:00,22233,0.0738,11.0
2023-24,ENG1,manchester city,2024-05-19 15:00:00,22273,0.1364,11.0
2023-24,ENG1,manchester united,2023-08-14 19:00:00,22284,0.1407,14.0
2023-24,ENG1,manchester united,2023-08-19 16:30:00,22290,0.1309,13.0
2023-24,ENG1,manchester united,2023-08-26 14:00:00,22300,0.1389,13.0
2023-24,ENG1,manchester united,2023-09-03 15:30:00,21934,0.1662,12.0
2023-24,ENG1,manchester united,2023-09-16 14:00:00,21940,0.0913,11.0
2023-24,ENG1,manchester united,2023-09-23 19:00:00,21950,0.0245,11.0
2023-24,ENG1,manchester united,2023-09-30 14:00:00,21957,0.034,13.0
2023-24,ENG1,manchester united,2023-10-07 14:00:00,21972,0.0291,14.0
2023-24,ENG1,manchester united,2023-10-21 19:00:00,21983,0.005,14.0
2023-24,ENG1,manchester united,2023-10-29 15:30:00,21992,-0.0517,14.0
2023-24,ENG1,manchester united,2023-11-04 12:30:00,21998,-0.0106,12.0
2023-24,ENG1,manchester united,2023-11-11 15:00:00,22012,-0.0563,13.0
2023-24,ENG1,manchester united,2023-11-26 16:30:00,22017,-0.0212,13.0
2023-24,ENG1,manchester united,2023-12-02 20:00:00,22032,0.021,12.0
2023-24,ENG1,manchester united,2023-12-06 20:15:00,22044,-0.0269,12.0
2023-24,ENG1,manchester united,2023-12-09 15:00:00,22051,0.0313,12.0
2023-24,ENG1,manchester united,2023-12-17 16:30:00,22060,0.0189,12.0
2023-24,ENG1,manchester united,2023-12-23 12:30:00,22072,0.0489,12.0
2023-24,ENG1,manchester united,2023-12-26 20:00:00,22082,-0.0079,11.0
2023-24,ENG1,manchester united,2023-12-30 17:30:00,22091,0.0299,12.0
2023-24,ENG1,manchester united,2024-01-14 16:30:00,22099,-0.0451,13.0
2023-24,ENG1,manchester united,2024-02-01 20:15:00,22111,-0.0627,13.0
2023-24,ENG1,manchester united,2024-02-04 14:00:00,22122,-0.0322,13.0
2023-24,ENG1,manchester united,2024-02-11 16:30:00,22125,-0.0403,13.0
2023-24,ENG1,manchester united,2024-02-18 16:30:00,22139,0.0447,14.0
2023-24,ENG1,manchester united,2024-02-24 15:00:00,22152,0.0754,12.0
2023-24,ENG1,manchester united,2024-03-03 15:30:00,22160,0.1545,12.0
2023-24,ENG1,manchester united,2024-03-09 12:30:00,22172,0.1147,11.0
2023-24,ENG1,manchester united,2024-03-30 20:00:00,22187,0.1029,14.0
2023-24,ENG1,manchester united,2024-04-04 19:15:00,22201,0.0724,15.0
2023-24,ENG1,manchester united,2024-04-07 14:30:00,22211,0.0611,12.0
2023-24,ENG1,manchester united,2024-04-13 16:30:00,22215,-0.0053,11.0
2023-24,ENG1,manchester united,2024-04-24 19:00:00,22182,0.0309,12.0
2023-24,ENG1,manchester united,2024-04-27 14:00:00,22239,0.1036,12.0
2023-24,ENG1,manchester united,2024-05-06 19:00:00,22250,-0.0252,12.0
2023-24,ENG1,manchester united,2024-05-12 15:30:00,22259,-0.048,12.0
2023-24,ENG1,manchester united,2024-05-15 19:00:00,22231,0.0176,10.0
2023-24,ENG1,manchester united,2024-05-19 15:00:00,22267,0.0018,15.0
2023-24,ENG1,newcastle united,2023-08-12 16:30:00,22281,0.0425,12.0
2023-24,ENG1,newcastle united,2023-08-19 19:00:00,22291,0.0823,14.0
2023-24,ENG1,newcastle united,2023-08-27 15:30:00,22304,0.0381,14.0
2023-24,ENG1,newcastle united,2023-09-02 16:30:00,21931,0.0366,16.0
2023-24,ENG1,newcastle united,2023-09-16 16:30:00,21943,0.1397,11.0
2023-24,ENG1,newcastle united,2023-09-24 15:30:00,21954,0.0325,14.0
2023-24,ENG1,newcastle united,2023-09-30 14:00:00,21958,0.0613,12.0
2023-24,ENG1,newcastle united,2023-10-08 13:00:00,21973,0.1109,11.0
2023-24,ENG1,newcastle united,2023-10-21 14:00:00,21981,0.209,14.0
2023-24,ENG1,newcastle united,2023-10-28 16:30:00,21994,0.1147,12.0
2023-24,ENG1,newcastle united,2023-11-04 17:30:00,22001,0.1174,13.0
2023-24,ENG1,newcastle united,2023-11-11 17:30:00,22005,0.0729,11.0
2023-24,ENG1,newcastle united,2023-11-25 15:00:00,22021,0.1149,10.0
2023-24,ENG1,newcastle united,2023-12-02 20:00:00,22032,0.1107,10.0
2023-24,ENG1,newcastle united,2023-12-07 19:30:00,22037,0.1506,10.0
2023-24,ENG1,newcastle united,2023-12-10 16:30:00,22053,0.062,14.0
2023-24,ENG1,newcastle united,2023-12-16 15:00:00,22062,0.0497,12.0
2023-24,ENG1,newcastle united,2023-12-23 15:00:00,22069,0.1181,13.0
2023-24,ENG1,newcastle united,2023-12-26 12:30:00,22083,0.0642,13.0
2023-24,ENG1,newcastle united,2024-01-01 19:00:00,22088,0.0406,11.0
2023-24,ENG1,newcastle united,2024-01-13 17:30:00,22100,0.0541,11.0
2023-24,ENG1,newcastle united,2024-01-30 20:15:00,22105,0.0286,12.0
2023-24,ENG1,newcastle united,2024-02-03 15:00:00,22123,0.1003,13.0
2023-24,ENG1,newcastle united,2024-02-10 17:30:00,22131,0.0143,12.0
2023-24,ENG1,newcastle united,2024-02-17 15:00:00,22141,-0.0175,12.0
2023-24,ENG1,newcastle united,2024-02-24 20:00:00,22146,-0.0008,15.0
2023-24,ENG1,newcastle united,2024-03-02 15:00:00,22161,0.0118,14.0
2023-24,ENG1,newcastle united,2024-03-11 20:00:00,22169,0.0766,13.0
2023-24,ENG1,newcastle united,2024-03-30 12:30:00,22191,-0.0124,15.0
2023-24,ENG1,newcastle united,2024-04-02 18:30:00,22202,0.0678,12.0
2023-24,ENG1,newcastle united,2024-04-06 14:00:00,22209,0.0319,13.0
2023-24,ENG1,newcastle united,2024-04-13 11:30:00,22222,0.0746,11.0
2023-24,ENG1,newcastle united,2024-04-24 19:00:00,22178,0.0955,13.0
2023-24,ENG1,newcastle united,2024-04-27 14:00:00,22240,0.0161,13.0
2023-24,ENG1,newcastle united,2024-05-04 14:00:00,22248,0.0742,12.0
2023-24,ENG1,newcastle united,2024-05-11 14:00:00,22260,0.0636,13.0
2023-24,ENG1,newcastle united,2024-05-15 19:00:00,22231,0.081,15.0
2023-24,ENG1,newcastle united,2024-05-19 15:00:00,22266,0.1247,13.0
2023-24,ENG1,nottingham forest,2023-08-12 11:30:00,22276,0.0227,11.0
2023-24,ENG1,nottingham forest,2023-08-18 18:45:00,22285,0.1111,11.0
2023-24,ENG1,nottingham forest,2023-08-26 14:00:00,22300,0.0639,12.0
2023-24,ENG1,nottingham forest,2023-09-02 14:00:00,21930,0.041,15.0
2023-24,ENG1,nottingham forest,2023-09-18 18:45:00,21944,0.0873,13.0
2023-24,ENG1,nottingham forest,2023-09-23 14:00:00,21946,0.0756,14.0
2023-24,ENG1,nottingham forest,2023-10-01 13:00:00,21963,0.0567,12.0
2023-24,ENG1,nottingham forest,2023-10-07 16:30:00,21968,0.0293,14.0
2023-24,ENG1,nottingham forest,2023-10-21 14:00:00,21982,0.0726,11.0
2023-24,ENG1,nottingham forest,2023-10-29 14:00:00,21991,0.0089,14.0
2023-24,ENG1,nottingham forest,2023-11-05 14:00:00,22002,-0.0252,11.0
2023-24,ENG1,nottingham forest,2023-11-12 14:00:00,22013,-0.036,13.0
2023-24,ENG1,nottingham forest,2023-11-25 15:00:00,22022,-0.0131,12.0
2023-24,ENG1,nottingham forest,2023-12-02 17:30:00,22033,0.0692,12.0
2023-24,ENG1,nottingham forest,2023-12-06 19:30:00,22038,0.0325,14.0
2023-24,ENG1,nottingham forest,2023-12-09 15:00:00,22054,0.0097,11.0
2023-24,ENG1,nottingham forest,2023-12-15 20:00:00,22063,0.0288,12.0
2023-24,ENG1,nottingham forest,2023-12-23 15:00:00,22070,0.0858,13.0
2023-24,ENG1,nottingham forest,2023-12-26 12:30:00,22083,-0.0077,12.0
2023-24,ENG1,nottingham forest,2023-12-30 17:30:00,22091,0.0332,12.0
2023-24,ENG1,nottingham forest,2024-01-20 17:30:00,22104,-0.0085,11.0
2023-24,ENG1,nottingham forest,2024-01-30 19:30:00,22108,0.0262,13.0
2023-24,ENG1,nottingham forest,2024-02-04 14:00:00,22115,-0.0197,10.0
2023-24,ENG1,nottingham forest,2024-02-10 17:30:00,22131,-0.0235,11.0
2023-24,ENG1,nottingham forest,2024-02-17 15:00:00,22142,0.007,11.0
2023-24,ENG1,nottingham forest,2024-02-24 15:00:00,22147,0.0538,14.0
2023-24,ENG1,nottingham forest,2024-03-02 15:00:00,22162,0.0966,12.0
2023-24,ENG1,nottingham forest,2024-03-10 14:00:00,22168,0.0773,14.0
2023-24,ENG1,nottingham forest,2024-03-16 15:00:00,22181,0.0801,13.0
2023-24,ENG1,nottingham forest,2024-03-30 15:00:00,22192,0.0986,12.0
2023-24,ENG1,nottingham forest,2024-04-02 18:30:00,22198,0.0649,11.0
2023-24,ENG1,nottingham forest,2024-04-07 19:00:00,22213,0.058,12.0
2023-24,ENG1,nottingham forest,2024-04-13 14:00:00,22223,0.0237,11.0
2023-24,ENG1,nottingham forest,2024-04-21 12:30:00,22228,0.0585,10.0
2023-24,ENG1,nottingham forest,2024-04-28 15:30:00,22242,0.0782,13.0
2023-24,ENG1,nottingham forest,2024-05-04 14:00:00,22254,0.0848,11.0
2023-24,ENG1,nottingham forest,2024-05-11 16:30:00,22261,0.1062,12.0
2023-24,ENG1,nottingham forest,2024-05-19 15:00:00,22268,0.1106,11.0
2023-24,ENG1,sheffield united,2023-08-12 14:00:00,22280,-0.0227,7.0
2023-24,ENG1,sheffield united,2023-08-18 18:45:00,22285,-0.0066,7.0
2023-24,ENG1,sheffield united,2023-08-27 13:00:00,22303,-0.0351,12.0
2023-24,ENG1,sheffield united,2023-09-02 11:30:00,21926,0.0009,13.0
2023-24,ENG1,sheffield united,2023-09-16 14:00:00,21936,0.0279,11.0
2023-24,ENG1,sheffield united,2023-09-24 15:30:00,21954,-0.0089,13.0
2023-24,ENG1,sheffield united,2023-09-30 14:00:00,21960,0.0178,13.0
2023-24,ENG1,sheffield united,2023-10-07 14:00:00,21970,0.016,11.0
2023-24,ENG1,sheffield united,2023-10-21 19:00:00,21983,-0.0187,11.0
2023-24,ENG1,sheffield united,2023-10-28 14:00:00,21986,-0.0403,14.0
2023-24,ENG1,sheffield united,2023-11-04 15:00:00,22003,-0.0883,12.0
2023-24,ENG1,sheffield united,2023-11-12 14:00:00,22008,-0.0676,12.0
2023-24,ENG1,sheffield united,2023-11-25 15:00:00,22023,-0.0275,14.0
2023-24,ENG1,sheffield united,2023-12-02 15:00:00,22028,-0.0506,15.0
2023-24,ENG1,sheffield united,2023-12-06 19:30:00,22040,-0.0656,11.0
2023-24,ENG1,sheffield united,2023-12-09 15:00:00,22052,-0.0773,13.0
2023-24,ENG1,sheffield united,2023-12-16 15:00:00,22059,-0.0469,13.0
2023-24,ENG1,sheffield united,2023-12-22 20:00:00,22065,-0.0208,14.0
2023-24,ENG1,sheffield united,2023-12-26 15:00:00,22084,-0.0128,13.0
2023-24,ENG1,sheffield united,2023-12-30 15:00:00,22090,-0.03,13.0
2023-24,ENG1,sheffield united,2024-01-21 14:00:00,22101,0.0023,12.0
2023-24,ENG1,sheffield united,2024-01-30 20:00:00,22112,0.073,13.0
2023-24,ENG1,sheffield united,2024-02-03 17:30:00,22124,0.0155,14.0
2023-24,ENG1,sheffield united,2024-02-10 15:00:00,22129,0.0709,12.0
2023-24,ENG1,sheffield united,2024-02-18 14:00:00,22143,0.0482,13.0
2023-24,ENG1,sheffield united,2024-02-25 13:30:00,22154,0.0124,12.0
2023-24,ENG1,sheffield united,2024-03-04 20:00:00,22163,0.0298,15.0
2023-24,ENG1,sheffield united,2024-03-09 15:00:00,22165,0.0166,12.0
2023-24,ENG1,sheffield united,2024-03-30 15:00:00,22193,0.0653,10.0
2023-24,ENG1,sheffield united,2024-04-04 18:30:00,22203,0.0242,13.0
2023-24,ENG1,sheffield united,2024-04-07 16:30:00,22212,0.0419,11.0
2023-24,ENG1,sheffield united,2024-04-13 14:00:00,22217,0.0055,12.0
2023-24,ENG1,sheffield united,2024-04-20 14:00:00,22232,-0.006,13.0
2023-24,ENG1,sheffield united,2024-04-24 19:00:00,22182,-0.0147,13.0
2023-24,ENG1,sheffield united,2024-04-27 14:00:00,22240,-0.0225,13.0
2023-24,ENG1,sheffield united,2024-05-04 14:00:00,22254,0.0132,11.0
2023-24,ENG1,sheffield united,2024-05-11 14:00:00,22257,0.0504,12.0
2023-24,ENG1,sheffield united,2024-05-19 15:00:00,22274,0.0243,14.0
2023-24,ENG1,tottenham hotspur,2023-08-13 13:00:00,22282,0.0447,10.0
2023-24,ENG1,tottenham hotspur,2023-08-19 16:30:00,22290,0.0969,10.0
2023-24,ENG1,tottenham hotspur,2023-08-26 11:30:00,22296,0.0648,12.0
2023-24,ENG1,tottenham hotspur,2023-09-02 14:00:00,21929,0.0832,11.0
2023-24,ENG1,tottenham hotspur,2023-09-16 14:00:00,21936,0.1133,9.0
2023-24,ENG1,tottenham hotspur,2023-09-24 13:00:00,21952,0.1011,10.0
2023-24,ENG1,tottenham hotspur,2023-09-30 16:30:00,21962,0.082,10.0
2023-24,ENG1,tottenham hotspur,2023-10-07 11:30:00,21971,0.0116,11.0
2023-24,ENG1,tottenham hotspur,2023-10-23 19:00:00,21984,0.0578,10.0
2023-24,ENG1,tottenham hotspur,2023-10-27 19:00:00,21990,0.0606,12.0
2023-24,ENG1,tottenham hotspur,2023-11-06 20:00:00,22004,0.0098,13.0
2023-24,ENG1,tottenham hotspur,2023-11-11 12:30:00,22014,0.0719,10.0
2023-24,ENG1,tottenham hotspur,2023-11-26 14:00:00,22024,0.0927,10.0
2023-24,ENG1,tottenham hotspur,2023-12-03 16:30:00,22031,0.0675,9.0
2023-24,ENG1,tottenham hotspur,2023-12-07 20:15:00,22041,0.0308,11.0
2023-24,ENG1,tottenham hotspur,2023-12-10 16:30:00,22053,0.0416,10.0
2023-24,ENG1,tottenham hotspur,2023-12-15 20:00:00,22063,0.0316,10.0
2023-24,ENG1,tottenham hotspur,2023-12-23 15:00:00,22071,0.0702,12.0
2023-24,ENG1,tottenham hotspur,2023-12-28 19:30:00,22078,0.0928,9.0
2023-24,ENG1,tottenham hotspur,2023-12-31 14:00:00,22092,0.0921,10.0
2023-24,ENG1,tottenham hotspur,2024-01-14 16:30:00,22099,0.2161,9.0
2023-24,ENG1,tottenham hotspur,2024-01-31 19:30:00,22109,0.1791,11.0
2023-24,ENG1,tottenham hotspur,2024-02-03 12:30:00,22121,0.2209,10.0
2023-24,ENG1,tottenham hotspur,2024-02-10 15:00:00,22132,0.0515,12.0
2023-24,ENG1,tottenham hotspur,2024-02-17 15:00:00,22144,0.0162,13.0
2023-24,ENG1,tottenham hotspur,2024-03-02 15:00:00,22164,-0.0313,11.0
2023-24,ENG1,tottenham hotspur,2024-03-10 13:00:00,22167,0.0893,10.0
2023-24,ENG1,tottenham hotspur,2024-03-16 17:30:00,22180,0.1383,10.0
2023-24,ENG1,tottenham hotspur,2024-03-30 15:00:00,22194,0.1344,12.0
2023-24,ENG1,tottenham hotspur,2024-04-02 19:15:00,22199,0.1959,11.0
2023-24,ENG1,tottenham hotspur,2024-04-07 19:00:00,22213,0.1677,12.0
2023-24,ENG1,tottenham hotspur,2024-04-13 11:30:00,22222,0.1984,12.0
2023-24,ENG1,tottenham hotspur,2024-04-28 13:00:00,22241,0.0508,13.0
2023-24,ENG1,tottenham hotspur,2024-05-02 18:30:00,22149,0.0165,12.0
2023-24,ENG1,tottenham hotspur,2024-05-05 15:30:00,22251,0.0064,14.0
2023-24,ENG1,tottenham hotspur,2024-05-11 14:00:00,22262,-0.0551,12.0
2023-24,ENG1,tottenham hotspur,2024-05-14 19:00:00,22233,0.0369,10.0
2023-24,ENG1,tottenham hotspur,2024-05-19 15:00:00,22274,0.0609,10.0
2023-24,ENG1,west ham united,2023-08-12 14:00:00,22277,0.0591,11.0
2023-24,ENG1,west ham united,2023-08-20 15:30:00,22293,0.0415,11.0
2023-24,ENG1,west ham united,2023-08-26 16:30:00,22301,0.0433,11.0
2023-24,ENG1,west ham united,2023-09-01 19:00:00,21925,0.1072,10.0
2023-24,ENG1,west ham united,2023-09-16 14:00:00,21937,0.0525,11.0
2023-24,ENG1,west ham united,2023-09-24 13:00:00,21953,0.0099,11.0
2023-24,ENG1,west ham united,2023-09-30 14:00:00,21960,0.0247,12.0
2023-24,ENG1,west ham united,2023-10-08 13:00:00,21973,0.0726,12.0
2023-24,ENG1,west ham united,2023-10-22 15:30:00,21976,0.057,11.0
2023-24,ENG1,west ham united,2023-10-29 13:00:00,21993,-0.0082,12.0
2023-24,ENG1,west ham united,2023-11-04 15:00:00,21995,0.0352,12.0
2023-24,ENG1,west ham united,2023-11-12 14:00:00,22013,0.0173,10.0
2023-24,ENG1,west ham united,2023-11-25 15:00:00,22016,0.0096,11.0
2023-24,ENG1,west ham united,2023-12-03 14:00:00,22034,0.0222,10.0
2023-24,ENG1,west ham united,2023-12-07 20:15:00,22041,-0.0077,10.0
2023-24,ENG1,west ham united,2023-12-10 14:00:00,22049,0.0145,15.0
2023-24,ENG1,west ham united,2023-12-17 14:00:00,22064,0.026,11.0
2023-24,ENG1,west ham united,2023-12-23 12:30:00,22072,0.0195,11.0
2023-24,ENG1,west ham united,2023-12-28 20:15:00,22076,0.008,12.0
2023-24,ENG1,west ham united,2024-01-02 18:30:00,22093,-0.0165,12.0
2023-24,ENG1,west ham united,2024-01-21 14:00:00,22101,-0.0042,12.0
2023-24,ENG1,west ham united,2024-02-01 19:30:00,22110,-0.0337,12.0
2023-24,ENG1,west ham united,2024-02-04 14:00:00,22122,-0.0303,13.0
2023-24,ENG1,west ham united,2024-02-11 14:00:00,22133,-0.0166,12.0
2023-24,ENG1,west ham united,2024-02-17 15:00:00,22142,-0.0586,10.0
2023-24,ENG1,west ham united,2024-02-26 20:00:00,22153,-0.0423,12.0
2023-24,ENG1,west ham united,2024-03-02 15:00:00,22157,-0.0131,12.0
2023-24,ENG1,west ham united,2024-03-10 14:00:00,22173,-0.0235,12.0
2023-24,ENG1,west ham united,2024-03-17 14:00:00,22183,-0.0004,12.0
2023-24,ENG1,west ham united,2024-03-30 12:30:00,22191,0.0122,12.0
2023-24,ENG1,west ham united,2024-04-02 19:15:00,22199,0.0187,11.0
2023-24,ENG1,west ham united,2024-04-06 14:00:00,22214,0.0187,14.0
2023-24,ENG1,west ham united,2024-04-14 13:00:00,22224,0.0128,13.0
2023-24,ENG1,west ham united,2024-04-21 14:00:00,22227,0.0067,13.0
2023-24,ENG1,west ham united,2024-04-27 11:30:00,22243,0.0003,12.0
2023-24,ENG1,west ham united,2024-05-05 13:00:00,22249,-0.0228,14.0
2023-24,ENG1,west ham united,2024-05-11 14:00:00,22263,-0.0077,11.0
2023-24,ENG1,west ham united,2024-05-19 15:00:00,22273,0.006,12.0
2023-24,ENG1,wolverhampton wanderers,2023-08-14 19:00:00,22284,-0.0987,13.0
2023-24,ENG1,wolverhampton wanderers,2023-08-19 14:00:00,22286,-0.077,12.0
2023-24,ENG1,wolverhampton wanderers,2023-08-26 14:00:00,22299,-0.0463,12.0
2023-24,ENG1,wolverhampton wanderers,2023-09-03 13:00:00,21932,-0.0167,12.0
2023-24,ENG1,wolverhampton wanderers,2023-09-16 11:30:00,21935,-0.0397,13.0
2023-24,ENG1,wolverhampton wanderers,2023-09-23 14:00:00,21945,-0.0513,11.0
2023-24,ENG1,wolverhampton wanderers,2023-09-30 14:00:00,21961,-0.0448,11.0
2023-24,ENG1,wolverhampton wanderers,2023-10-08 13:00:00,21974,-0.0648,12.0
2023-24,ENG1,wolverhampton wanderers,2023-10-21 14:00:00,21975,-0.0729,10.0
2023-24,ENG1,wolverhampton wanderers,2023-10-28 16:30:00,21994,-0.084,10.0
2023-24,ENG1,wolverhampton wanderers,2023-11-04 15:00:00,22003,-0.0382,11.0
2023-24,ENG1,wolverhampton wanderers,2023-11-11 12:30:00,22014,-0.0836,11.0
2023-24,ENG1,wolverhampton wanderers,2023-11-27 20:00:00,22018,-0.0633,11.0
2023-24,ENG1,wolverhampton wanderers,2023-12-02 15:00:00,22026,-0.0838,12.0
2023-24,ENG1,wolverhampton wanderers,2023-12-05 19:30:00,22042,-0.0087,9.0
2023-24,ENG1,wolverhampton wanderers,2023-12-09 15:00:00,22054,-0.0203,12.0
2023-24,ENG1,wolverhampton wanderers,2023-12-17 14:00:00,22064,-0.0054,10.0
2023-24,ENG1,wolverhampton wanderers,2023-12-24 13:00:00,22073,-0.0395,11.0
2023-24,ENG1,wolverhampton wanderers,2023-12-27 19:30:00,22077,-0.0367,12.0
2023-24,ENG1,wolverhampton wanderers,2023-12-30 15:00:00,22094,-0.07,10.0
2023-24,ENG1,wolverhampton wanderers,2024-01-22 19:45:00,22095,-0.0018,11.0
2023-24,ENG1,wolverhampton wanderers,2024-02-01 20:15:00,22111,-0.004,12.0
2023-24,ENG1,wolverhampton wanderers,2024-02-04 14:00:00,22120,0.0276,12.0
2023-24,ENG1,wolverhampton wanderers,2024-02-10 15:00:00,22134,0.0805,12.0
2023-24,ENG1,wolverhampton wanderers,2024-02-17 15:00:00,22144,0.0532,10.0
2023-24,ENG1,wolverhampton wanderers,2024-02-25 13:30:00,22154,0.0789,10.0
2023-24,ENG1,wolverhampton wanderers,2024-03-02 15:00:00,22161,0.0822,12.0
2023-24,ENG1,wolverhampton wanderers,2024-03-09 15:00:00,22174,-0.0011,12.0
2023-24,ENG1,wolverhampton wanderers,2024-03-30 17:30:00,22186,-0.0364,10.0
2023-24,ENG1,wolverhampton wanderers,2024-04-02 18:45:00,22197,-0.0016,11.0
2023-24,ENG1,wolverhampton wanderers,2024-04-06 14:00:00,22214,-0.0231,13.0
2023-24,ENG1,wolverhampton wanderers,2024-04-13 14:00:00,22223,0.0021,12.0
2023-24,ENG1,wolverhampton wanderers,2024-04-20 18:30:00,22234,-0.063,11.0
2023-24,ENG1,wolverhampton wanderers,2024-04-24 18:45:00,22184,-0.0206,13.0
2023-24,ENG1,wolverhampton wanderers,2024-04-27 14:00:00,22244,-0.0334,10.0
2023-24,ENG1,wolverhampton wanderers,2024-05-04 16:30:00,22253,-0.0408,11.0
2023-24,ENG1,wolverhampton wanderers,2024-05-11 14:00:00,22264,-0.0775,11.0
2023-24,ENG1,wolverhampton wanderers,2024-05-19 15:00:00,22271,-0.0825,11.0
2023-24,ESP1,alaves,2023-08-14 17:30:00,22693,-0.0457,7.0
2023-24,ESP1,alaves,2023-08-21 17:00:00,22703,-0.0277,6.0
2023-24,ESP1,alaves,2023-08-28 17:30:00,22713,0.0008,7.0
2023-24,ESP1,alaves,2023-09-02 16:30:00,22720,0.0009,10.0
2023-24,ESP1,alaves,2023-09-15 19:00:00,22734,0.0476,10.0
2023-24,ESP1,alaves,2023-09-22 19:00:00,22742,0.0605,9.0
2023-24,ESP1,alaves,2023-09-28 17:00:00,22754,0.1969,10.0
2023-24,ESP1,alaves,2023-10-01 14:15:00,22761,0.0733,12.0
2023-24,ESP1,alaves,2023-10-08 16:30:00,22769,0.0724,8.0
2023-24,ESP1,alaves,2023-10-22 16:30:00,22784,0.1798,10.0
2023-24,ESP1,alaves,2023-10-29 20:00:00,22794,0.1804,10.0
2023-24,ESP1,alaves,2023-11-05 13:00:00,22797,0.0484,8.0
2023-24,ESP1,alaves,2023-11-12 15:15:00,22814,0.0857,10.0
2023-24,ESP1,alaves,2023-11-24 20:00:00,22819,0.0702,11.0
2023-24,ESP1,alaves,2023-12-03 13:00:00,22834,0.0395,11.0
2023-24,ESP1,alaves,2023-12-09 13:00:00,22840,0.0615,10.0
2023-24,ESP1,alaves,2023-12-18 20:00:00,22854,0.0174,13.0
2023-24,ESP1,alaves,2023-12-21 20:30:00,22862,0.0264,12.0
2023-24,ESP1,alaves,2024-01-02 18:15:00,22874,-0.0157,10.0
2023-24,ESP1,alaves,2024-01-12 20:00:00,22884,-0.0339,11.0
2023-24,ESP1,alaves,2024-01-19 20:00:00,22887,0.0587,11.0
2023-24,ESP1,alaves,2024-01-26 20:00:00,22904,0.1296,11.0
2023-24,ESP1,alaves,2024-02-03 17:30:00,22910,0.1981,12.0
2023-24,ESP1,alaves,2024-02-10 13:00:00,22919,0.2223,11.0
2023-24,ESP1,alaves,2024-02-18 20:00:00,22934,0.2109,11.0
2023-24,ESP1,alaves,2024-02-24 17:30:00,22943,0.1526,11.0
2023-24,ESP1,alaves,2024-03-04 20:00:00,22954,0.1245,12.0
2023-24,ESP1,alaves,2024-03-10 13:00:00,22960,0.0615,9.0
2023-24,ESP1,alaves,2024-03-16 20:00:00,22974,0.0337,12.0
2023-24,ESP1,alaves,2024-03-31 17:30:00,22980,0.034,11.0
2023-24,ESP1,alaves,2024-04-14 14:15:00,22994,0.0467,13.0
2023-24,ESP1,alaves,2024-04-21 16:30:00,22999,-0.0169,9.0
2023-24,ESP1,alaves,2024-04-27 16:30:00,23010,-0.0099,10.0
2023-24,ESP1,alaves,2024-05-05 16:30:00,23024,0.0383,11.0
2023-24,ESP1,alaves,2024-05-10 19:00:00,23030,0.042,11.0
2023-24,ESP1,alaves,2024-05-14 19:30:00,23044,0.0093,13.0
2023-24,ESP1,alaves,2024-05-18 19:00:00,23050,0.0781,10.0
2023-24,ESP1,alaves,2024-05-26 14:15:00,23064,0.0999,11.0
2023-24,ESP1,almeria,2023-08-11 17:30:00,22685,0.0405,10.0
2023-24,ESP1,almeria,2023-08-19 17:30:00,22698,0.0387,11.0
2023-24,ESP1,almeria,2023-08-26 17:00:00,22707,0.0634,12.0
2023-24,ESP1,almeria,2023-09-01 20:00:00,22715,0.02,12.0
2023-24,ESP1,almeria,2023-09-17 14:15:00,22730,0.0778,11.0
2023-24,ESP1,almeria,2023-09-23 19:00:00,22735,0.1326,14.0
2023-24,ESP1,almeria,2023-09-26 17:00:00,22747,0.118,14.0
2023-24,ESP1,almeria,2023-10-01 12:00:00,22755,0.109,13.0
2023-24,ESP1,almeria,2023-10-06 19:00:00,22770,0.1044,11.0
2023-24,ESP1,almeria,2023-10-22 14:15:00,22776,0.1044,11.0
2023-24,ESP1,almeria,2023-10-28 12:00:00,22785,0.0628,11.0
2023-24,ESP1,almeria,2023-11-05 13:00:00,22797,0.0342,13.0
2023-24,ESP1,almeria,2023-11-11 15:15:00,22805,0.0245,12.0
2023-24,ESP1,almeria,2023-11-25 17:30:00,22820,0.0176,12.0
2023-24,ESP1,almeria,2023-12-03 15:15:00,22825,0.0008,11.0
2023-24,ESP1,almeria,2023-12-10 13:00:00,22841,0.0466,9.0
2023-24,ESP1,almeria,2023-12-17 13:00:00,22845,0.0554,12.0
2023-24,ESP1,almeria,2023-12-20 18:00:00,22863,0.0603,12.0
2023-24,ESP1,almeria,2024-01-04 16:00:00,22867,0.0822,13.0
2023-24,ESP1,almeria,2024-01-14 13:00:00,22875,0.0442,12.0
2023-24,ESP1,almeria,2024-01-21 15:15:00,22888,0.1003,12.0
2023-24,ESP1,almeria,2024-01-26 20:00:00,22904,0.0239,14.0
2023-24,ESP1,almeria,2024-02-03 13:00:00,22911,0.0893,13.0
2023-24,ESP1,almeria,2024-02-12 20:00:00,22915,0.086,12.0
2023-24,ESP1,almeria,2024-02-18 15:15:00,22929,0.1186,10.0
2023-24,ESP1,almeria,2024-02-24 20:00:00,22935,0.0824,13.0
2023-24,ESP1,almeria,2024-03-01 20:00:00,22948,0.0582,15.0
2023-24,ESP1,almeria,2024-03-11 20:00:00,22955,0.0388,12.0
2023-24,ESP1,almeria,2024-03-17 16:15:00,22968,0.1006,13.0
2023-24,ESP1,almeria,2024-03-30 15:15:00,22975,0.0605,13.0
2023-24,ESP1,almeria,2024-04-14 19:00:00,22991,-0.0233,13.0
2023-24,ESP1,almeria,2024-04-21 14:15:00,22995,-0.0019,13.0
2023-24,ESP1,almeria,2024-04-27 14:15:00,23005,0.0366,13.0
2023-24,ESP1,almeria,2024-05-05 19:00:00,23016,0.0677,11.0
2023-24,ESP1,almeria,2024-05-12 19:00:00,23031,0.0501,11.0
2023-24,ESP1,almeria,2024-05-16 19:30:00,23035,0.0607,13.0
2023-24,ESP1,almeria,2024-05-19 17:00:00,23051,0.0966,12.0
2023-24,ESP1,almeria,2024-05-25 16:30:00,23055,0.016,12.0
2023-24,ESP1,athletic club,2023-08-12 19:30:00,22689,0.0737,11.0
2023-24,ESP1,athletic club,2023-08-19 19:30:00,22699,0.0877,11.0
2023-24,ESP1,athletic club,2023-08-27 19:30:00,22706,0.1216,9.0
2023-24,ESP1,athletic club,2023-09-03 14:15:00,22721,0.0624,11.0
2023-24,ESP1,athletic club,2023-09-16 12:00:00,22725,0.1271,10.0
2023-24,ESP1,athletic club,2023-09-22 19:00:00,22742,0.1887,10.0
2023-24,ESP1,athletic club,2023-09-27 17:00:00,22745,0.1673,11.0
2023-24,ESP1,athletic club,2023-09-30 19:00:00,22762,0.1121,11.0
2023-24,ESP1,athletic club,2023-10-06 19:00:00,22770,0.0733,10.0
2023-24,ESP1,athletic club,2023-10-22 19:00:00,22777,0.1144,12.0
2023-24,ESP1,athletic club,2023-10-29 17:30:00,22786,0.1374,12.0
2023-24,ESP1,athletic club,2023-11-05 17:30:00,22798,0.0916,12.0
2023-24,ESP1,athletic club,2023-11-10 20:00:00,22806,0.0513,10.0
2023-24,ESP1,athletic club,2023-11-27 20:00:00,22821,0.1005,10.0
2023-24,ESP1,athletic club,2023-12-02 15:15:00,22826,0.0999,9.0
2023-24,ESP1,athletic club,2023-12-12 15:15:00,22842,0.1284,10.0
2023-24,ESP1,athletic club,2023-12-16 15:15:00,22846,0.1244,10.0
2023-24,ESP1,athletic club,2023-12-20 20:30:00,22855,0.1897,12.0
2023-24,ESP1,athletic club,2024-01-04 18:15:00,22868,0.2813,13.0
2023-24,ESP1,athletic club,2024-01-13 17:30:00,22876,0.2848,12.0
2023-24,ESP1,athletic club,2024-01-20 17:30:00,22889,0.2486,12.0
2023-24,ESP1,athletic club,2024-01-28 15:15:00,22900,0.1366,11.0
2023-24,ESP1,athletic club,2024-02-02 20:00:00,22905,0.062,10.0
2023-24,ESP1,athletic club,2024-02-12 20:00:00,22915,0.173,12.0
2023-24,ESP1,athletic club,2024-02-19 20:00:00,22925,0.1037,11.0
2023-24,ESP1,athletic club,2024-02-25 15:15:00,22944,0.0964,12.0
2023-24,ESP1,athletic club,2024-03-03 20:00:00,22945,0.0538,12.0
2023-24,ESP1,athletic club,2024-03-10 15:15:00,22961,-0.0416,13.0
2023-24,ESP1,athletic club,2024-03-16 20:00:00,22974,-0.0339,10.0
2023-24,ESP1,athletic club,2024-03-31 20:00:00,22981,0.0248,11.0
2023-24,ESP1,athletic club,2024-04-14 16:30:00,22985,0.0139,12.0
2023-24,ESP1,athletic club,2024-04-19 19:00:00,22996,-0.028,12.0
2023-24,ESP1,athletic club,2024-04-27 19:00:00,23011,-0.0294,13.0
2023-24,ESP1,athletic club,2024-05-03 19:00:00,23017,-0.0095,12.0
2023-24,ESP1,athletic club,2024-05-11 19:00:00,23025,0.0075,11.0
2023-24,ESP1,athletic club,2024-05-15 20:00:00,23038,0.0162,14.0
2023-24,ESP1,athletic club,2024-05-19 17:00:00,23045,-0.0239,10.0
2023-24,ESP1,athletic club,2024-05-25 16:30:00,23060,-0.0034,13.0
2023-24,ESP1,atletico madrid,2023-08-14 19:30:00,22694,0.1193,11.0
2023-24,ESP1,atletico madrid,2023-08-20 19:30:00,22702,0.0549,13.0
2023-24,ESP1,atletico madrid,2023-08-28 19:30:00,22714,0.0562,12.0
2023-24,ESP1,atletico madrid,2023-09-16 14:15:00,22731,0.089,14.0
2023-24,ESP1,atletico madrid,2023-09-24 19:00:00,22736,0.0099,12.0
2023-24,ESP1,atletico madrid,2023-09-28 19:30:00,22748,0.0111,12.0
2023-24,ESP1,atletico madrid,2023-10-01 19:00:00,22756,0.0088,13.0
2023-24,ESP1,atletico madrid,2023-10-08 14:15:00,22765,0.0384,13.0
2023-24,ESP1,atletico madrid,2023-10-21 19:00:00,22778,0.0718,15.0
2023-24,ESP1,atletico madrid,2023-10-29 20:00:00,22794,0.0691,13.0
2023-24,ESP1,atletico madrid,2023-11-03 19:00:00,22799,0.0839,14.0
2023-24,ESP1,atletico madrid,2023-11-12 20:00:00,22807,0.1033,13.0
2023-24,ESP1,atletico madrid,2023-11-25 20:00:00,22815,0.1973,13.0
2023-24,ESP1,atletico madrid,2023-12-03 20:00:00,22830,0.1542,14.0
2023-24,ESP1,atletico madrid,2023-12-10 13:00:00,22841,0.1135,14.0
2023-24,ESP1,atletico madrid,2023-12-16 15:15:00,22846,0.0972,14.0
2023-24,ESP1,atletico madrid,2023-12-19 20:30:00,22856,0.068,12.0
2023-24,ESP1,atletico madrid,2023-12-23 14:15:00,22716,0.067,13.0
2023-24,ESP1,atletico madrid,2024-01-03 20:30:00,22869,-0.0028,11.0
2023-24,ESP1,atletico madrid,2024-01-22 20:00:00,22890,0.0096,14.0
2023-24,ESP1,atletico madrid,2024-01-28 20:00:00,22895,-0.0593,11.0
2023-24,ESP1,atletico madrid,2024-01-31 20:00:00,22877,0.0307,12.0
2023-24,ESP1,atletico madrid,2024-02-04 20:00:00,22912,0.0174,14.0
2023-24,ESP1,atletico madrid,2024-02-11 17:30:00,22920,0.0484,11.0
2023-24,ESP1,atletico madrid,2024-02-17 13:00:00,22926,0.0051,11.0
2023-24,ESP1,atletico madrid,2024-02-24 20:00:00,22935,0.0679,11.0
2023-24,ESP1,atletico madrid,2024-03-03 15:15:00,22946,0.0564,10.0
2023-24,ESP1,atletico madrid,2024-03-09 15:15:00,22962,0.0979,13.0
2023-24,ESP1,atletico madrid,2024-03-17 20:00:00,22965,0.0294,13.0
2023-24,ESP1,atletico madrid,2024-04-01 19:00:00,22982,0.0135,11.0
2023-24,ESP1,atletico madrid,2024-04-13 12:00:00,22986,0.0328,14.0
2023-24,ESP1,atletico madrid,2024-04-21 16:30:00,22999,0.0157,11.0
2023-24,ESP1,atletico madrid,2024-04-27 19:00:00,23011,-0.0546,11.0
2023-24,ESP1,atletico madrid,2024-05-04 19:00:00,23018,-0.0354,10.0
2023-24,ESP1,atletico madrid,2024-05-12 14:15:00,23026,-0.0157,13.0
2023-24,ESP1,atletico madrid,2024-05-15 20:00:00,23039,-0.0568,12.0
2023-24,ESP1,atletico madrid,2024-05-19 17:00:00,23046,-0.0251,13.0
2023-24,ESP1,atletico madrid,2024-05-25 14:15:00,23061,-0.0388,14.0
2023-24,ESP1,barcelona,2023-08-13 19:30:00,22692,0.0897,10.0
2023-24,ESP1,barcelona,2023-08-20 17:30:00,22701,0.0436,9.0
2023-24,ESP1,barcelona,2023-08-27 15:30:00,22710,-0.0003,12.0
2023-24,ESP1,barcelona,2023-09-03 19:00:00,22722,0.0237,12.0
2023-24,ESP1,barcelona,2023-09-16 19:00:00,22726,0.0152,15.0
2023-24,ESP1,barcelona,2023-09-23 16:30:00,22737,0.0747,15.0
2023-24,ESP1,barcelona,2023-09-26 19:30:00,22749,0.0559,12.0
2023-24,ESP1,barcelona,2023-09-29 19:00:00,22757,0.084,11.0
2023-24,ESP1,barcelona,2023-10-08 19:00:00,22771,0.1655,12.0
2023-24,ESP1,barcelona,2023-10-22 19:00:00,22777,0.1418,13.0
2023-24,ESP1,barcelona,2023-10-28 14:15:00,22787,0.1122,14.0
2023-24,ESP1,barcelona,2023-11-04 20:00:00,22800,0.0635,14.0
2023-24,ESP1,barcelona,2023-11-12 15:15:00,22814,0.0779,13.0
2023-24,ESP1,barcelona,2023-11-25 13:00:00,22822,0.0093,14.0
2023-24,ESP1,barcelona,2023-12-03 20:00:00,22830,-0.0124,13.0
2023-24,ESP1,barcelona,2023-12-10 20:00:00,22835,0.0163,13.0
2023-24,ESP1,barcelona,2023-12-16 20:00:00,22850,0.0625,11.0
2023-24,ESP1,barcelona,2023-12-20 18:00:00,22863,0.1405,14.0
2023-24,ESP1,barcelona,2024-01-04 20:30:00,22870,0.1671,13.0
2023-24,ESP1,barcelona,2024-01-21 17:30:00,22891,0.1209,10.0
2023-24,ESP1,barcelona,2024-01-27 17:30:00,22896,0.1395,13.0
2023-24,ESP1,barcelona,2024-01-31 18:00:00,22878,0.1099,13.0
2023-24,ESP1,barcelona,2024-02-03 17:30:00,22910,0.0535,13.0
2023-24,ESP1,barcelona,2024-02-11 20:00:00,22916,0.0225,13.0
2023-24,ESP1,barcelona,2024-02-17 17:30:00,22930,0.0577,15.0
2023-24,ESP1,barcelona,2024-02-24 15:15:00,22936,0.0846,14.0
2023-24,ESP1,barcelona,2024-03-03 20:00:00,22945,0.0974,13.0
2023-24,ESP1,barcelona,2024-03-08 20:00:00,22956,0.122,13.0
2023-24,ESP1,barcelona,2024-03-17 20:00:00,22965,0.1334,14.0
2023-24,ESP1,barcelona,2024-03-30 20:00:00,22976,0.0676,13.0
2023-24,ESP1,barcelona,2024-04-13 19:00:00,22992,0.2377,14.0
2023-24,ESP1,barcelona,2024-04-21 19:00:00,23000,-0.016,15.0
2023-24,ESP1,barcelona,2024-04-29 19:00:00,23006,0.0015,14.0
2023-24,ESP1,barcelona,2024-05-04 16:30:00,23019,0.0232,13.0
2023-24,ESP1,barcelona,2024-05-13 19:00:00,23027,-0.0203,14.0
2023-24,ESP1,barcelona,2024-05-16 19:30:00,23035,-0.0189,15.0
2023-24,ESP1,barcelona,2024-05-19 17:00:00,23047,0.0132,16.0
2023-24,ESP1,barcelona,2024-05-26 19:00:00,23062,0.0158,15.0
2023-24,ESP1,cadiz,2023-08-14 17:30:00,22693,-0.0097,12.0
2023-24,ESP1,cadiz,2023-08-20 17:30:00,22701,0.0004,12.0
2023-24,ESP1,cadiz,2023-08-26 17:00:00,22707,0.0156,12.0
2023-24,ESP1,cadiz,2023-09-01 17:30:00,22718,0.0438,11.0
2023-24,ESP1,cadiz,2023-09-16 12:00:00,22725,0.0739,13.0
2023-24,ESP1,cadiz,2023-09-24 16:30:00,22738,0.0457,13.0
2023-24,ESP1,cadiz,2023-09-27 19:30:00,22746,0.0161,13.0
2023-24,ESP1,cadiz,2023-10-01 19:00:00,22756,-0.0344,11.0
2023-24,ESP1,cadiz,2023-10-07 12:00:00,22766,-0.0465,10.0
2023-24,ESP1,cadiz,2023-10-23 19:00:00,22780,-0.0417,13.0
2023-24,ESP1,cadiz,2023-10-28 19:00:00,22789,-0.0384,11.0
2023-24,ESP1,cadiz,2023-11-06 20:00:00,22801,0.006,11.0
2023-24,ESP1,cadiz,2023-11-26 17:30:00,22817,-0.0008,11.0
2023-24,ESP1,cadiz,2023-11-29 20:00:00,22810,-0.0167,11.0
2023-24,ESP1,cadiz,2023-12-04 20:00:00,22831,-0.043,10.0
2023-24,ESP1,cadiz,2023-12-10 17:30:00,22837,-0.0387,12.0
2023-24,ESP1,cadiz,2023-12-17 17:30:00,22852,-0.0248,12.0
2023-24,ESP1,cadiz,2023-12-21 18:00:00,22858,0.012,14.0
2023-24,ESP1,cadiz,2024-01-03 16:00:00,22872,0.0209,13.0
2023-24,ESP1,cadiz,2024-01-14 15:15:00,22880,0.0197,15.0
2023-24,ESP1,cadiz,2024-01-19 20:00:00,22887,0.0581,11.0
2023-24,ESP1,cadiz,2024-01-28 15:15:00,22900,0.0353,12.0
2023-24,ESP1,cadiz,2024-02-04 13:00:00,22913,0.0153,11.0
2023-24,ESP1,cadiz,2024-02-09 20:00:00,22921,-0.0101,13.0
2023-24,ESP1,cadiz,2024-02-17 15:15:00,22931,-0.0359,14.0
2023-24,ESP1,cadiz,2024-02-25 13:00:00,22937,-0.0261,14.0
2023-24,ESP1,cadiz,2024-03-02 15:15:00,22949,-0.0169,11.0
2023-24,ESP1,cadiz,2024-03-09 15:15:00,22962,-0.0207,13.0
2023-24,ESP1,cadiz,2024-03-15 20:00:00,22970,0.0239,11.0
2023-24,ESP1,cadiz,2024-03-29 20:00:00,22977,0.0434,14.0
2023-24,ESP1,cadiz,2024-04-13 19:00:00,22992,0.0331,14.0
2023-24,ESP1,cadiz,2024-04-20 19:00:00,23002,-0.0052,13.0
2023-24,ESP1,cadiz,2024-04-28 12:00:00,23008,0.0554,13.0
2023-24,ESP1,cadiz,2024-05-04 14:15:00,23021,0.0474,13.0
2023-24,ESP1,cadiz,2024-05-12 12:00:00,23028,0.0472,13.0
2023-24,ESP1,cadiz,2024-05-15 17:30:00,23041,0.0623,13.0
2023-24,ESP1,cadiz,2024-05-19 17:00:00,23049,0.1021,12.0
2023-24,ESP1,cadiz,2024-05-25 16:30:00,23055,0.0177,11.0
2023-24,ESP1,celta vigo,2023-08-13 15:00:00,22690,-0.0487,11.0
2023-24,ESP1,celta vigo,2023-08-19 15:00:00,22697,-0.0553,9.0
2023-24,ESP1,celta vigo,2023-08-25 19:30:00,22712,-0.0405,10.0
2023-24,ESP1,celta vigo,2023-09-01 20:00:00,22715,-0.0072,11.0
2023-24,ESP1,celta vigo,2023-09-16 16:30:00,22727,0.008,11.0
2023-24,ESP1,celta vigo,2023-09-23 16:30:00,22737,0.0253,10.0
2023-24,ESP1,celta vigo,2023-09-28 17:00:00,22754,0.0426,13.0
2023-24,ESP1,celta vigo,2023-10-02 19:00:00,22763,0.0296,9.0
2023-24,ESP1,celta vigo,2023-10-08 16:30:00,22767,0.0465,12.0
2023-24,ESP1,celta vigo,2023-10-21 19:00:00,22778,0.0915,11.0
2023-24,ESP1,celta vigo,2023-10-27 19:00:00,22792,0.0704,9.0
2023-24,ESP1,celta vigo,2023-11-04 17:30:00,22796,0.0384,12.0
2023-24,ESP1,celta vigo,2023-11-10 20:00:00,22806,0.0646,10.0
2023-24,ESP1,celta vigo,2023-11-25 15:15:00,22823,0.1175,11.0
2023-24,ESP1,celta vigo,2023-12-04 20:00:00,22831,0.0908,11.0
2023-24,ESP1,celta vigo,2023-12-11 20:00:00,22843,0.0569,11.0
2023-24,ESP1,celta vigo,2023-12-16 13:00:00,22847,0.0072,12.0
2023-24,ESP1,celta vigo,2023-12-20 20:30:00,22864,0.0231,11.0
2023-24,ESP1,celta vigo,2024-01-03 18:15:00,22871,0.0914,12.0
2023-24,ESP1,celta vigo,2024-01-13 15:15:00,22883,0.0649,10.0
2023-24,ESP1,celta vigo,2024-01-20 20:00:00,22885,0.0119,11.0
2023-24,ESP1,celta vigo,2024-01-28 13:00:00,22897,0.0007,12.0
2023-24,ESP1,celta vigo,2024-02-04 15:15:00,22914,-0.0188,10.0
2023-24,ESP1,celta vigo,2024-02-11 13:00:00,22922,-0.0211,11.0
2023-24,ESP1,celta vigo,2024-02-17 17:30:00,22930,0.0811,13.0
2023-24,ESP1,celta vigo,2024-02-25 13:00:00,22937,0.0446,12.0
2023-24,ESP1,celta vigo,2024-03-01 20:00:00,22948,-0.0177,10.0
2023-24,ESP1,celta vigo,2024-03-10 17:30:00,22963,0.0111,14.0
2023-24,ESP1,celta vigo,2024-03-17 13:00:00,22971,-0.0063,13.0
2023-24,ESP1,celta vigo,2024-03-31 13:00:00,22978,0.027,12.0
2023-24,ESP1,celta vigo,2024-04-12 19:00:00,22987,0.0247,12.0
2023-24,ESP1,celta vigo,2024-04-20 12:00:00,22997,0.0666,11.0
2023-24,ESP1,celta vigo,2024-04-27 16:30:00,23010,0.1079,12.0
2023-24,ESP1,celta vigo,2024-05-05 14:15:00,23015,0.1046,13.0
2023-24,ESP1,celta vigo,2024-05-12 14:15:00,23026,0.123,11.0
2023-24,ESP1,celta vigo,2024-05-15 20:00:00,23038,0.1006,14.0
2023-24,ESP1,celta vigo,2024-05-19 17:00:00,23052,0.0569,13.0
2023-24,ESP1,celta vigo,2024-05-26 14:15:00,23056,0.062,12.0
2023-24,ESP1,getafe,2023-08-13 19:30:00,22692,0.0215,11.0
2023-24,ESP1,getafe,2023-08-20 15:30:00,22700,0.0247,10.0
2023-24,ESP1,getafe,2023-08-28 17:30:00,22713,0.03,11.0
2023-24,ESP1,getafe,2023-09-02 14:15:00,22723,0.0422,10.0
2023-24,ESP1,getafe,2023-09-17 12:00:00,22728,0.0443,11.0
2023-24,ESP1,getafe,2023-09-24 12:00:00,22743,0.0535,11.0
2023-24,ESP1,getafe,2023-09-27 17:00:00,22745,0.0458,10.0
2023-24,ESP1,getafe,2023-09-30 12:00:00,22759,0.0323,10.0
2023-24,ESP1,getafe,2023-10-08 16:30:00,22767,0.0568,12.0
2023-24,ESP1,getafe,2023-10-21 14:15:00,22779,0.0334,12.0
2023-24,ESP1,getafe,2023-10-28 16:30:00,22793,0.0921,9.0
2023-24,ESP1,getafe,2023-11-06 20:00:00,22801,0.0587,10.0
2023-24,ESP1,getafe,2023-11-11 17:30:00,22811,0.0198,10.0
2023-24,ESP1,getafe,2023-11-25 17:30:00,22820,0.0574,10.0
2023-24,ESP1,getafe,2023-12-01 19:00:00,22832,0.0605,10.0
2023-24,ESP1,getafe,2023-12-08 20:00:00,22838,0.0391,9.0
2023-24,ESP1,getafe,2023-12-16 17:30:00,22853,0.0074,8.0
2023-24,ESP1,getafe,2023-12-19 20:30:00,22856,0.0421,10.0
2023-24,ESP1,getafe,2024-01-02 16:00:00,22865,0.0622,13.0
2023-24,ESP1,getafe,2024-01-21 13:00:00,22892,0.0129,10.0
2023-24,ESP1,getafe,2024-01-29 20:00:00,22898,0.0134,10.0
2023-24,ESP1,getafe,2024-02-01 20:00:00,22881,0.0162,10.0
2023-24,ESP1,getafe,2024-02-04 17:30:00,22906,0.0267,9.0
2023-24,ESP1,getafe,2024-02-11 13:00:00,22922,-0.0085,8.0
2023-24,ESP1,getafe,2024-02-16 20:00:00,22932,0.001,11.0
2023-24,ESP1,getafe,2024-02-24 15:15:00,22936,0.016,11.0
2023-24,ESP1,getafe,2024-03-02 17:30:00,22947,-0.016,10.0
2023-24,ESP1,getafe,2024-03-09 13:00:00,22964,0.0217,9.0
2023-24,ESP1,getafe,2024-03-16 17:30:00,22966,0.0281,10.0
2023-24,ESP1,getafe,2024-03-30 13:00:00,22979,0.0518,10.0
2023-24,ESP1,getafe,2024-04-13 14:15:00,22993,0.0804,9.0
2023-24,ESP1,getafe,2024-04-21 12:00:00,22998,0.031,8.0
2023-24,ESP1,getafe,2024-04-27 14:15:00,23005,0.0463,8.0
2023-24,ESP1,getafe,2024-05-03 19:00:00,23017,0.091,9.0
2023-24,ESP1,getafe,2024-05-12 12:00:00,23028,0.1517,10.0
2023-24,ESP1,getafe,2024-05-15 20:00:00,23039,0.0957,10.0
2023-24,ESP1,getafe,2024-05-18 19:00:00,23050,0.0791,10.0
2023-24,ESP1,getafe,2024-05-26 12:00:00,23057,0.0698,9.0
2023-24,ESP1,girona,2023-08-12 15:00:00,22687,0.0973,11.0
2023-24,ESP1,girona,2023-08-20 15:30:00,22700,0.1145,10.0
2023-24,ESP1,girona,2023-08-26 19:30:00,22709,0.0815,12.0
2023-24,ESP1,girona,2023-09-03 12:00:00,22719,0.0855,15.0
2023-24,ESP1,girona,2023-09-18 19:00:00,22732,0.115,13.0
2023-24,ESP1,girona,2023-09-23 12:00:00,22739,0.0716,13.0
2023-24,ESP1,girona,2023-09-27 17:00:00,22751,0.1716,13.0
2023-24,ESP1,girona,2023-09-30 16:30:00,22760,0.1671,13.0
2023-24,ESP1,girona,2023-10-07 12:00:00,22766,0.118,12.0
2023-24,ESP1,girona,2023-10-22 14:15:00,22776,0.1146,13.0
2023-24,ESP1,girona,2023-10-27 19:00:00,22792,0.1174,14.0
2023-24,ESP1,girona,2023-11-04 13:00:00,22802,0.0985,11.0
2023-24,ESP1,girona,2023-11-11 13:00:00,22812,0.0775,10.0
2023-24,ESP1,girona,2023-11-27 20:00:00,22821,0.2375,13.0
2023-24,ESP1,girona,2023-12-02 13:00:00,22827,0.1225,12.0
2023-24,ESP1,girona,2023-12-10 20:00:00,22835,0.0721,11.0
2023-24,ESP1,girona,2023-12-18 20:00:00,22854,0.0586,15.0
2023-24,ESP1,girona,2023-12-21 18:00:00,22857,0.1369,14.0
2023-24,ESP1,girona,2024-01-03 20:30:00,22869,0.1361,13.0
2023-24,ESP1,girona,2024-01-14 13:00:00,22875,0.1007,14.0
2023-24,ESP1,girona,2024-01-21 20:00:00,22886,0.034,14.0
2023-24,ESP1,girona,2024-01-28 13:00:00,22897,0.0408,11.0
2023-24,ESP1,girona,2024-02-03 20:00:00,22907,0.0406,12.0
2023-24,ESP1,girona,2024-02-10 17:30:00,22923,0.0286,14.0
2023-24,ESP1,girona,2024-02-19 20:00:00,22925,-0.0143,12.0
2023-24,ESP1,girona,2024-02-26 20:00:00,22938,-0.0186,13.0
2023-24,ESP1,girona,2024-03-03 17:30:00,22950,-0.0187,11.0
2023-24,ESP1,girona,2024-03-09 20:00:00,22958,0.0033,11.0
2023-24,ESP1,girona,2024-03-16 17:30:00,22966,-0.0024,12.0
2023-24,ESP1,girona,2024-03-31 15:15:00,22983,0.0344,10.0
2023-24,ESP1,girona,2024-04-13 12:00:00,22986,0.0484,14.0
2023-24,ESP1,girona,2024-04-20 19:00:00,23002,0.0802,14.0
2023-24,ESP1,girona,2024-04-27 12:00:00,23012,0.1071,12.0
2023-24,ESP1,girona,2024-05-04 16:30:00,23019,0.1273,12.0
2023-24,ESP1,girona,2024-05-10 19:00:00,23030,0.2324,14.0
2023-24,ESP1,girona,2024-05-14 20:00:00,23036,0.1318,12.0
2023-24,ESP1,girona,2024-05-19 17:00:00,23053,0.1185,14.0
2023-24,ESP1,girona,2024-05-24 19:00:00,23058,0.2203,15.0
2023-24,ESP1,granada,2023-08-14 19:30:00,22694,0.1723,8.0
2023-24,ESP1,granada,2023-08-21 19:30:00,22704,0.0901,7.0
2023-24,ESP1,granada,2023-08-26 17:30:00,22708,0.0384,11.0
2023-24,ESP1,granada,2023-09-02 12:00:00,22724,0.1205,13.0
2023-24,ESP1,granada,2023-09-18 19:00:00,22732,0.0664,14.0
2023-24,ESP1,granada,2023-09-24 16:30:00,22744,0.0504,14.0
2023-24,ESP1,granada,2023-09-28 17:00:00,22750,0.0056,16.0
2023-24,ESP1,granada,2023-10-01 12:00:00,22755,0.0276,13.0
2023-24,ESP1,granada,2023-10-08 19:00:00,22771,0.0968,14.0
2023-24,ESP1,granada,2023-10-20 19:00:00,22783,0.0744,12.0
2023-24,ESP1,granada,2023-10-30 20:00:00,22791,0.0347,13.0
2023-24,ESP1,granada,2023-11-05 15:15:00,22804,0.0573,13.0
2023-24,ESP1,granada,2023-11-11 17:30:00,22811,0.036,11.0
2023-24,ESP1,granada,2023-11-24 20:00:00,22819,0.0417,11.0
2023-24,ESP1,granada,2023-12-02 17:30:00,22833,0.0276,14.0
2023-24,ESP1,granada,2023-12-12 15:15:00,22842,-0.0023,11.0
2023-24,ESP1,granada,2023-12-16 13:00:00,22847,-0.0143,12.0
2023-24,ESP1,granada,2023-12-19 20:30:00,22861,-0.0028,14.0
2023-24,ESP1,granada,2024-01-03 16:00:00,22872,-0.0264,8.0
2023-24,ESP1,granada,2024-01-13 20:00:00,22879,0.0703,10.0
2023-24,ESP1,granada,2024-01-22 20:00:00,22890,0.0217,14.0
2023-24,ESP1,granada,2024-01-29 20:00:00,22898,0.0357,12.0
2023-24,ESP1,granada,2024-02-03 15:15:00,22909,0.0303,12.0
2023-24,ESP1,granada,2024-02-11 20:00:00,22916,0.0369,11.0
2023-24,ESP1,granada,2024-02-18 15:15:00,22929,0.0384,14.0
2023-24,ESP1,granada,2024-03-03 13:00:00,22953,0.0306,12.0
2023-24,ESP1,granada,2024-03-09 17:30:00,22959,0.0673,12.0
2023-24,ESP1,granada,2024-03-16 13:00:00,22973,0.0937,12.0
2023-24,ESP1,granada,2024-03-29 20:00:00,22977,0.0016,15.0
2023-24,ESP1,granada,2024-04-04 18:00:00,22941,0.0344,15.0
2023-24,ESP1,granada,2024-04-14 14:15:00,22994,0.0186,13.0
2023-24,ESP1,granada,2024-04-19 19:00:00,22996,0.0627,13.0
2023-24,ESP1,granada,2024-04-28 14:15:00,23009,-0.0227,13.0
2023-24,ESP1,granada,2024-05-05 19:00:00,23022,0.0152,15.0
2023-24,ESP1,granada,2024-05-11 16:30:00,23029,-0.0078,15.0
2023-24,ESP1,granada,2024-05-15 17:30:00,23043,0.0022,13.0
2023-24,ESP1,granada,2024-05-19 17:00:00,23052,-0.0249,12.0
2023-24,ESP1,granada,2024-05-24 19:00:00,23058,0.0822,14.0
2023-24,ESP1,las palmas,2023-08-12 17:30:00,22688,0.0971,3.0
2023-24,ESP1,las palmas,2023-08-18 19:30:00,22696,-0.0423,2.0
2023-24,ESP1,las palmas,2023-08-25 17:30:00,22705,-0.0256,8.0
2023-24,ESP1,las palmas,2023-09-03 12:00:00,22719,0.0397,10.0
2023-24,ESP1,las palmas,2023-09-17 16:30:00,22733,-0.008,12.0
2023-24,ESP1,las palmas,2023-09-24 16:30:00,22744,0.0184,12.0
2023-24,ESP1,las palmas,2023-09-27 17:00:00,22753,0.0938,11.0
2023-24,ESP1,las palmas,2023-10-02 19:00:00,22763,0.0192,11.0
2023-24,ESP1,las palmas,2023-10-08 12:00:00,22774,0.0161,12.0
2023-24,ESP1,las palmas,2023-10-22 12:00:00,22775,0.023,11.0
2023-24,ESP1,las palmas,2023-10-28 12:00:00,22785,0.0225,10.0
2023-24,ESP1,las palmas,2023-11-03 19:00:00,22799,0.0063,11.0
2023-24,ESP1,las palmas,2023-11-11 17:30:00,22813,0.0171,12.0
2023-24,ESP1,las palmas,2023-11-26 20:00:00,22816,-0.0214,11.0
2023-24,ESP1,las palmas,2023-12-01 19:00:00,22832,-0.041,10.0
2023-24,ESP1,las palmas,2023-12-09 13:00:00,22840,-0.0212,10.0
2023-24,ESP1,las palmas,2023-12-17 17:30:00,22852,-0.031,10.0
2023-24,ESP1,las palmas,2023-12-20 20:30:00,22855,0.0009,9.0
2023-24,ESP1,las palmas,2024-01-04 20:30:00,22870,-0.0276,12.0
2023-24,ESP1,las palmas,2024-01-13 13:00:00,22882,-0.02,10.0
2023-24,ESP1,las palmas,2024-01-20 13:00:00,22894,-0.0253,9.0
2023-24,ESP1,las palmas,2024-01-27 15:15:00,22899,-0.0168,11.0
2023-24,ESP1,las palmas,2024-02-03 15:15:00,22909,-0.0212,11.0
2023-24,ESP1,las palmas,2024-02-10 20:00:00,22918,-0.0092,10.0
2023-24,ESP1,las palmas,2024-02-17 13:00:00,22926,-0.0145,12.0
2023-24,ESP1,las palmas,2024-02-25 17:30:00,22942,-0.0223,12.0
2023-24,ESP1,las palmas,2024-03-02 17:30:00,22947,-0.0372,11.0
2023-24,ESP1,las palmas,2024-03-10 15:15:00,22961,-0.0235,10.0
2023-24,ESP1,las palmas,2024-03-17 16:15:00,22968,-0.0172,12.0
2023-24,ESP1,las palmas,2024-03-30 20:00:00,22976,-0.0026,10.0
2023-24,ESP1,las palmas,2024-04-14 12:00:00,22990,-0.0208,7.0
2023-24,ESP1,las palmas,2024-04-20 12:00:00,22997,-0.0124,11.0
2023-24,ESP1,las palmas,2024-04-27 12:00:00,23012,-0.038,11.0
2023-24,ESP1,las palmas,2024-05-04 12:00:00,23023,-0.0119,12.0
2023-24,ESP1,las palmas,2024-05-11 12:00:00,23034,-0.0334,13.0
2023-24,ESP1,las palmas,2024-05-16 17:30:00,23040,-0.0328,10.0
2023-24,ESP1,las palmas,2024-05-19 17:00:00,23049,-0.0066,12.0
2023-24,ESP1,las palmas,2024-05-26 14:15:00,23064,0.001,12.0
2023-24,ESP1,mallorca,2023-08-12 17:30:00,22688,0.0244,12.0
2023-24,ESP1,mallorca,2023-08-18 17:30:00,22695,0.0299,12.0
2023-24,ESP1,mallorca,2023-08-26 17:30:00,22708,0.0306,13.0
2023-24,ESP1,mallorca,2023-09-03 14:15:00,22721,0.1187,11.0
2023-24,ESP1,mallorca,2023-09-16 16:30:00,22727,0.1099,11.0
2023-24,ESP1,mallorca,2023-09-23 12:00:00,22739,0.0897,12.0
2023-24,ESP1,mallorca,2023-09-26 19:30:00,22749,0.0455,14.0
2023-24,ESP1,mallorca,2023-09-30 14:15:00,22764,0.0621,13.0
2023-24,ESP1,mallorca,2023-10-07 16:30:00,22768,0.1094,14.0
2023-24,ESP1,mallorca,2023-10-21 12:00:00,22781,0.0862,13.0
2023-24,ESP1,mallorca,2023-10-28 16:30:00,22793,0.038,12.0
2023-24,ESP1,mallorca,2023-11-04 15:15:00,22795,0.058,13.0
2023-24,ESP1,mallorca,2023-11-25 20:00:00,22815,0.0104,13.0
2023-24,ESP1,mallorca,2023-11-29 20:00:00,22810,0.0357,12.0
2023-24,ESP1,mallorca,2023-12-03 13:00:00,22834,-0.0114,12.0
2023-24,ESP1,mallorca,2023-12-09 20:00:00,22839,0.0167,13.0
2023-24,ESP1,mallorca,2023-12-17 13:00:00,22845,-0.0046,11.0
2023-24,ESP1,mallorca,2023-12-21 20:30:00,22859,-0.008,11.0
2023-24,ESP1,mallorca,2024-01-03 18:15:00,22873,0.0087,13.0
2023-24,ESP1,mallorca,2024-01-13 15:15:00,22883,0.0144,12.0
2023-24,ESP1,mallorca,2024-01-20 15:15:00,22893,0.0743,10.0
2023-24,ESP1,mallorca,2024-01-27 20:00:00,22901,0.0631,12.0
2023-24,ESP1,mallorca,2024-02-02 20:00:00,22905,0.0819,13.0
2023-24,ESP1,mallorca,2024-02-11 15:15:00,22917,0.1006,13.0
2023-24,ESP1,mallorca,2024-02-18 17:30:00,22927,0.0876,11.0
2023-24,ESP1,mallorca,2024-02-24 17:30:00,22943,0.0412,12.0
2023-24,ESP1,mallorca,2024-03-03 17:30:00,22950,0.0596,13.0
2023-24,ESP1,mallorca,2024-03-08 20:00:00,22956,0.0115,12.0
2023-24,ESP1,mallorca,2024-03-16 13:00:00,22973,-0.0035,12.0
2023-24,ESP1,mallorca,2024-03-30 17:30:00,22984,0.0295,14.0
2023-24,ESP1,mallorca,2024-04-13 16:30:00,22988,0.0013,13.0
2023-24,ESP1,mallorca,2024-04-22 19:00:00,23003,0.0003,13.0
2023-24,ESP1,mallorca,2024-04-28 12:00:00,23008,0.0098,12.0
2023-24,ESP1,mallorca,2024-05-04 19:00:00,23018,0.0569,13.0
2023-24,ESP1,mallorca,2024-05-11 12:00:00,23034,-0.0146,12.0
2023-24,ESP1,mallorca,2024-05-14 17:30:00,23042,0.0504,12.0
2023-24,ESP1,mallorca,2024-05-19 17:00:00,23051,0.0064,14.0
2023-24,ESP1,mallorca,2024-05-26 12:00:00,23057,0.0833,12.0
2023-24,ESP1,osasuna,2023-08-13 15:00:00,22690,0.0436,11.0
2023-24,ESP1,osasuna,2023-08-19 19:30:00,22699,0.0347,12.0
2023-24,ESP1,osasuna,2023-08-27 17:30:00,22711,-0.0161,13.0
2023-24,ESP1,osasuna,2023-09-03 19:00:00,22722,0.0251,13.0
2023-24,ESP1,osasuna,2023-09-17 12:00:00,22728,0.0226,13.0
2023-24,ESP1,osasuna,2023-09-23 14:15:00,22740,0.0329,12.0
2023-24,ESP1,osasuna,2023-09-28 19:30:00,22748,0.0416,12.0
2023-24,ESP1,osasuna,2023-10-01 14:15:00,22761,-0.0247,13.0
2023-24,ESP1,osasuna,2023-10-07 14:15:00,22772,0.0758,12.0
2023-24,ESP1,osasuna,2023-10-20 19:00:00,22783,0.0912,11.0
2023-24,ESP1,osasuna,2023-10-29 13:00:00,22788,0.0975,14.0
2023-24,ESP1,osasuna,2023-11-04 13:00:00,22802,0.0898,12.0
2023-24,ESP1,osasuna,2023-11-11 17:30:00,22813,0.1088,12.0
2023-24,ESP1,osasuna,2023-11-26 13:00:00,22824,0.0951,15.0
2023-24,ESP1,osasuna,2023-12-02 20:00:00,22828,0.0198,15.0
2023-24,ESP1,osasuna,2023-12-10 17:30:00,22837,0.0191,12.0
2023-24,ESP1,osasuna,2023-12-15 20:00:00,22848,0.0216,13.0
2023-24,ESP1,osasuna,2023-12-21 20:30:00,22859,0.0986,15.0
2023-24,ESP1,osasuna,2024-01-04 16:00:00,22867,0.0984,13.0
2023-24,ESP1,osasuna,2024-01-21 13:00:00,22892,0.0717,14.0
2023-24,ESP1,osasuna,2024-01-28 17:30:00,22902,0.0785,13.0
2023-24,ESP1,osasuna,2024-01-31 18:00:00,22878,0.1033,14.0
2023-24,ESP1,osasuna,2024-02-04 15:15:00,22914,0.0955,15.0
2023-24,ESP1,osasuna,2024-02-10 15:15:00,22924,0.0349,15.0
2023-24,ESP1,osasuna,2024-02-17 15:15:00,22931,0.0508,16.0
2023-24,ESP1,osasuna,2024-02-25 17:30:00,22942,0.0418,13.0
2023-24,ESP1,osasuna,2024-03-04 20:00:00,22954,0.0178,13.0
2023-24,ESP1,osasuna,2024-03-09 20:00:00,22958,0.0381,12.0
2023-24,ESP1,osasuna,2024-03-16 15:15:00,22967,0.0785,14.0
2023-24,ESP1,osasuna,2024-03-30 15:15:00,22975,0.017,12.0
2023-24,ESP1,osasuna,2024-04-15 19:00:00,22989,0.034,15.0
2023-24,ESP1,osasuna,2024-04-20 14:15:00,23004,0.0077,13.0
2023-24,ESP1,osasuna,2024-04-28 14:15:00,23009,0.0285,14.0
2023-24,ESP1,osasuna,2024-05-05 12:00:00,23020,0.0389,12.0
2023-24,ESP1,osasuna,2024-05-11 19:00:00,23025,0.0183,13.0
2023-24,ESP1,osasuna,2024-05-14 17:30:00,23042,0.0018,14.0
2023-24,ESP1,osasuna,2024-05-19 17:00:00,23046,0.0088,12.0
2023-24,ESP1,osasuna,2024-05-25 12:00:00,23059,0.0168,14.0
2023-24,ESP1,rayo vallecano,2023-08-11 17:30:00,22685,0.0203,11.0
2023-24,ESP1,rayo vallecano,2023-08-21 19:30:00,22704,0.0253,13.0
2023-24,ESP1,rayo vallecano,2023-08-28 19:30:00,22714,0.1103,14.0
2023-24,ESP1,rayo vallecano,2023-09-02 19:00:00,22717,0.117,14.0
2023-24,ESP1,rayo vallecano,2023-09-15 19:00:00,22734,0.0381,11.0
2023-24,ESP1,rayo vallecano,2023-09-24 14:15:00,22741,0.0724,14.0
2023-24,ESP1,rayo vallecano,2023-09-27 19:30:00,22746,0.1055,11.0
2023-24,ESP1,rayo vallecano,2023-09-30 14:15:00,22764,0.1281,14.0
2023-24,ESP1,rayo vallecano,2023-10-07 19:00:00,22773,0.0202,12.0
2023-24,ESP1,rayo vallecano,2023-10-22 12:00:00,22775,0.0354,14.0
2023-24,ESP1,rayo vallecano,2023-10-29 15:15:00,22790,-0.0188,12.0
2023-24,ESP1,rayo vallecano,2023-11-05 20:00:00,22803,-0.0238,12.0
2023-24,ESP1,rayo vallecano,2023-11-11 13:00:00,22812,-0.0318,11.0
2023-24,ESP1,rayo vallecano,2023-11-25 13:00:00,22822,-0.0126,14.0
2023-24,ESP1,rayo vallecano,2023-12-02 15:15:00,22826,0.0025,13.0
2023-24,ESP1,rayo vallecano,2023-12-11 20:00:00,22843,-0.0248,12.0
2023-24,ESP1,rayo vallecano,2023-12-15 20:00:00,22848,-0.0197,13.0
2023-24,ESP1,rayo vallecano,2023-12-19 18:00:00,22860,0.0142,13.0
2023-24,ESP1,rayo vallecano,2024-01-02 16:00:00,22865,-0.0007,13.0
2023-24,ESP1,rayo vallecano,2024-01-20 13:00:00,22894,0.0097,12.0
2023-24,ESP1,rayo vallecano,2024-01-27 13:00:00,22903,0.0448,13.0
2023-24,ESP1,rayo vallecano,2024-01-31 20:00:00,22877,0.0313,13.0
2023-24,ESP1,rayo vallecano,2024-02-05 20:00:00,22908,0.0355,12.0
2023-24,ESP1,rayo vallecano,2024-02-11 15:15:00,22917,0.0366,14.0
2023-24,ESP1,rayo vallecano,2024-02-18 13:00:00,22928,0.0421,12.0
2023-24,ESP1,rayo vallecano,2024-02-26 20:00:00,22938,0.0824,15.0
2023-24,ESP1,rayo vallecano,2024-03-02 15:15:00,22949,0.0173,11.0
2023-24,ESP1,rayo vallecano,2024-03-10 13:00:00,22960,0.0141,12.0
2023-24,ESP1,rayo vallecano,2024-03-17 17:30:00,22969,-0.0032,13.0
2023-24,ESP1,rayo vallecano,2024-03-31 13:00:00,22978,-0.0225,13.0
2023-24,ESP1,rayo vallecano,2024-04-13 14:15:00,22993,-0.0243,12.0
2023-24,ESP1,rayo vallecano,2024-04-20 14:15:00,23004,-0.0391,13.0
2023-24,ESP1,rayo vallecano,2024-04-28 16:30:00,23013,-0.0034,11.0
2023-24,ESP1,rayo vallecano,2024-05-05 19:00:00,23016,-0.0355,12.0
2023-24,ESP1,rayo vallecano,2024-05-12 16:30:00,23032,0.0066,13.0
2023-24,ESP1,rayo vallecano,2024-05-15 17:30:00,23043,0.0156,10.0
2023-24,ESP1,rayo vallecano,2024-05-19 17:00:00,23047,0.0616,13.0
2023-24,ESP1,rayo vallecano,2024-05-25 16:30:00,23060,0.1276,12.0
2023-24,ESP1,real betis,2023-08-13 17:30:00,22691,0.0577,13.0
2023-24,ESP1,real betis,2023-08-20 19:30:00,22702,0.0674,13.0
2023-24,ESP1,real betis,2023-08-27 19:30:00,22706,0.0478,13.0
2023-24,ESP1,real betis,2023-09-02 19:00:00,22717,0.0129,14.0
2023-24,ESP1,real betis,2023-09-16 19:00:00,22726,0.0264,11.0
2023-24,ESP1,real betis,2023-09-24 16:30:00,22738,-0.012,13.0
2023-24,ESP1,real betis,2023-09-28 17:00:00,22750,0.0463,10.0
2023-24,ESP1,real betis,2023-10-01 19:00:00,22758,0.0114,12.0
2023-24,ESP1,real betis,2023-10-08 16:30:00,22769,0.0754,11.0
2023-24,ESP1,real betis,2023-10-21 14:15:00,22779,0.0166,12.0
2023-24,ESP1,real betis,2023-10-29 13:00:00,22788,0.051,12.0
2023-24,ESP1,real betis,2023-11-04 15:15:00,22795,0.0557,13.0
2023-24,ESP1,real betis,2023-11-12 17:30:00,22809,0.1023,12.0
2023-24,ESP1,real betis,2023-11-26 20:00:00,22816,0.1302,13.0
2023-24,ESP1,real betis,2023-12-03 15:15:00,22825,0.1078,13.0
2023-24,ESP1,real betis,2023-12-09 15:15:00,22836,0.1279,11.0
2023-24,ESP1,real betis,2023-12-17 15:15:00,22851,0.1124,12.0
2023-24,ESP1,real betis,2023-12-21 18:00:00,22857,0.085,14.0
2023-24,ESP1,real betis,2024-01-03 18:15:00,22871,0.0964,13.0
2023-24,ESP1,real betis,2024-01-13 20:00:00,22879,0.0752,12.0
2023-24,ESP1,real betis,2024-01-21 17:30:00,22891,0.0887,12.0
2023-24,ESP1,real betis,2024-01-27 20:00:00,22901,0.1129,10.0
2023-24,ESP1,real betis,2024-02-04 17:30:00,22906,0.0853,12.0
2023-24,ESP1,real betis,2024-02-09 20:00:00,22921,0.0071,9.0
2023-24,ESP1,real betis,2024-02-18 20:00:00,22934,0.0639,10.0
2023-24,ESP1,real betis,2024-02-25 15:15:00,22944,-0.0035,13.0
2023-24,ESP1,real betis,2024-03-03 15:15:00,22946,-0.0174,14.0
2023-24,ESP1,real betis,2024-03-10 20:00:00,22957,0.0131,11.0
2023-24,ESP1,real betis,2024-03-17 17:30:00,22969,0.04,14.0
2023-24,ESP1,real betis,2024-03-31 15:15:00,22983,0.0537,13.0
2023-24,ESP1,real betis,2024-04-12 19:00:00,22987,0.0209,14.0
2023-24,ESP1,real betis,2024-04-20 16:30:00,23001,-0.0124,13.0
2023-24,ESP1,real betis,2024-04-28 19:00:00,23007,0.0046,13.0
2023-24,ESP1,real betis,2024-05-05 12:00:00,23020,-0.0213,12.0
2023-24,ESP1,real betis,2024-05-12 19:00:00,23031,0.0261,12.0
2023-24,ESP1,real betis,2024-05-16 17:30:00,23040,0.0316,12.0
2023-24,ESP1,real betis,2024-05-19 17:00:00,23048,0.03,12.0
2023-24,ESP1,real betis,2024-05-25 19:00:00,23063,-0.012,9.0
2023-24,ESP1,real madrid,2023-08-12 19:30:00,22689,-0.0887,12.0
2023-24,ESP1,real madrid,2023-08-19 17:30:00,22698,-0.0867,12.0
2023-24,ESP1,real madrid,2023-08-25 19:30:00,22712,-0.024,12.0
2023-24,ESP1,real madrid,2023-09-02 14:15:00,22723,0.0271,11.0
2023-24,ESP1,real madrid,2023-09-17 19:00:00,22729,0.0152,12.0
2023-24,ESP1,real madrid,2023-09-24 19:00:00,22736,0.0222,14.0
2023-24,ESP1,real madrid,2023-09-27 17:00:00,22753,-0.1186,14.0
2023-24,ESP1,real madrid,2023-09-30 16:30:00,22760,-0.0715,11.0
2023-24,ESP1,real madrid,2023-10-07 14:15:00,22772,0.0635,14.0
2023-24,ESP1,real madrid,2023-10-21 16:30:00,22782,0.0706,11.0
2023-24,ESP1,real madrid,2023-10-28 14:15:00,22787,0.0536,12.0
2023-24,ESP1,real madrid,2023-11-05 20:00:00,22803,0.0657,11.0
2023-24,ESP1,real madrid,2023-11-11 20:00:00,22808,0.1145,13.0
2023-24,ESP1,real madrid,2023-11-26 17:30:00,22817,0.1861,11.0
2023-24,ESP1,real madrid,2023-12-02 17:30:00,22833,0.2242,12.0
2023-24,ESP1,real madrid,2023-12-09 15:15:00,22836,0.1464,13.0
2023-24,ESP1,real madrid,2023-12-17 20:00:00,22849,0.1379,13.0
2023-24,ESP1,real madrid,2023-12-21 20:30:00,22862,0.2138,12.0
2023-24,ESP1,real madrid,2024-01-03 18:15:00,22873,-0.0192,12.0
2023-24,ESP1,real madrid,2024-01-21 15:15:00,22888,-0.0438,13.0
2023-24,ESP1,real madrid,2024-01-27 15:15:00,22899,-0.0278,12.0
2023-24,ESP1,real madrid,2024-02-01 20:00:00,22881,0.0199,13.0
2023-24,ESP1,real madrid,2024-02-04 20:00:00,22912,-0.0219,12.0
2023-24,ESP1,real madrid,2024-02-10 17:30:00,22923,-0.05,13.0
2023-24,ESP1,real madrid,2024-02-18 13:00:00,22928,0.1156,13.0
2023-24,ESP1,real madrid,2024-02-25 20:00:00,22939,0.0068,12.0
2023-24,ESP1,real madrid,2024-03-02 20:00:00,22951,-0.0433,14.0
2023-24,ESP1,real madrid,2024-03-10 17:30:00,22963,0.0044,12.0
2023-24,ESP1,real madrid,2024-03-16 15:15:00,22967,-0.0147,13.0
2023-24,ESP1,real madrid,2024-03-31 20:00:00,22981,0.0319,11.0
2023-24,ESP1,real madrid,2024-04-13 16:30:00,22988,0.1237,13.0
2023-24,ESP1,real madrid,2024-04-21 19:00:00,23000,-0.0245,13.0
2023-24,ESP1,real madrid,2024-04-26 19:00:00,23014,0.1692,12.0
2023-24,ESP1,real madrid,2024-05-04 14:15:00,23021,0.0145,11.0
2023-24,ESP1,real madrid,2024-05-11 16:30:00,23029,0.0469,13.0
2023-24,ESP1,real madrid,2024-05-14 19:30:00,23044,0.0454,13.0
2023-24,ESP1,real madrid,2024-05-19 17:00:00,23054,0.0908,14.0
2023-24,ESP1,real madrid,2024-05-25 19:00:00,23063,0.0213,13.0
2023-24,ESP1,real sociedad,2023-08-12 15:00:00,22687,0.0448,13.0
2023-24,ESP1,real sociedad,2023-08-19 15:00:00,22697,0.0476,11.0
2023-24,ESP1,real sociedad,2023-08-25 17:30:00,22705,0.0256,13.0
2023-24,ESP1,real sociedad,2023-09-02 12:00:00,22724,-0.012,11.0
2023-24,ESP1,real sociedad,2023-09-17 19:00:00,22729,-0.014,11.0
2023-24,ESP1,real sociedad,2023-09-24 12:00:00,22743,0.0636,13.0
2023-24,ESP1,real sociedad,2023-09-27 19:30:00,22752,0.0852,14.0
2023-24,ESP1,real sociedad,2023-09-30 19:00:00,22762,0.0368,13.0
2023-24,ESP1,real sociedad,2023-10-08 14:15:00,22765,0.11,11.0
2023-24,ESP1,real sociedad,2023-10-21 12:00:00,22781,0.101,13.0
2023-24,ESP1,real sociedad,2023-10-29 15:15:00,22790,0.1367,10.0
2023-24,ESP1,real sociedad,2023-11-04 20:00:00,22800,0.1382,12.0
2023-24,ESP1,real sociedad,2023-11-11 15:15:00,22805,-0.0056,14.0
2023-24,ESP1,real sociedad,2023-11-26 15:15:00,22818,-0.0233,13.0
2023-24,ESP1,real sociedad,2023-12-02 20:00:00,22828,-0.0365,13.0
2023-24,ESP1,real sociedad,2023-12-09 17:30:00,22844,-0.0173,11.0
2023-24,ESP1,real sociedad,2023-12-17 15:15:00,22851,-0.011,12.0
2023-24,ESP1,real sociedad,2023-12-21 18:00:00,22858,-0.0013,14.0
2023-24,ESP1,real sociedad,2024-01-02 18:15:00,22874,-0.0569,10.0
2023-24,ESP1,real sociedad,2024-01-13 17:30:00,22876,-0.0234,11.0
2023-24,ESP1,real sociedad,2024-01-20 20:00:00,22885,-0.0248,10.0
2023-24,ESP1,real sociedad,2024-01-27 13:00:00,22903,-0.0577,12.0
2023-24,ESP1,real sociedad,2024-02-03 20:00:00,22907,-0.1115,11.0
2023-24,ESP1,real sociedad,2024-02-10 15:15:00,22924,-0.1077,13.0
2023-24,ESP1,real sociedad,2024-02-18 17:30:00,22927,-0.0434,13.0
2023-24,ESP1,real sociedad,2024-02-23 20:00:00,22940,-0.0489,12.0
2023-24,ESP1,real sociedad,2024-03-02 13:00:00,22952,-0.0869,11.0
2023-24,ESP1,real sociedad,2024-03-09 17:30:00,22959,-0.0487,13.0
2023-24,ESP1,real sociedad,2024-03-15 20:00:00,22970,0.0486,14.0
2023-24,ESP1,real sociedad,2024-03-31 17:30:00,22980,0.0896,12.0
2023-24,ESP1,real sociedad,2024-04-14 19:00:00,22991,0.0932,13.0
2023-24,ESP1,real sociedad,2024-04-21 12:00:00,22998,0.0966,13.0
2023-24,ESP1,real sociedad,2024-04-26 19:00:00,23014,-0.0335,13.0
2023-24,ESP1,real sociedad,2024-05-04 12:00:00,23023,0.0688,11.0
2023-24,ESP1,real sociedad,2024-05-13 19:00:00,23027,-0.0102,14.0
2023-24,ESP1,real sociedad,2024-05-16 20:00:00,23037,-0.0061,13.0
2023-24,ESP1,real sociedad,2024-05-19 17:00:00,23048,-0.037,11.0
2023-24,ESP1,real sociedad,2024-05-25 14:15:00,23061,-0.0268,10.0
2023-24,ESP1,sevilla,2023-08-11 19:30:00,22686,0.0864,12.0
2023-24,ESP1,sevilla,2023-08-21 17:00:00,22703,0.0848,14.0
2023-24,ESP1,sevilla,2023-08-26 19:30:00,22709,0.0246,13.0
2023-24,ESP1,sevilla,2023-09-17 16:30:00,22733,0.0297,14.0
2023-24,ESP1,sevilla,2023-09-23 14:15:00,22740,0.0827,12.0
2023-24,ESP1,sevilla,2023-09-26 17:00:00,22747,0.053,14.0
2023-24,ESP1,sevilla,2023-09-29 19:00:00,22757,0.0932,14.0
2023-24,ESP1,sevilla,2023-10-07 19:00:00,22773,0.0962,14.0
2023-24,ESP1,sevilla,2023-10-21 16:30:00,22782,0.0439,13.0
2023-24,ESP1,sevilla,2023-10-28 19:00:00,22789,0.1112,14.0
2023-24,ESP1,sevilla,2023-11-04 17:30:00,22796,0.0147,15.0
2023-24,ESP1,sevilla,2023-11-12 17:30:00,22809,0.0405,13.0
2023-24,ESP1,sevilla,2023-11-26 15:15:00,22818,0.0175,13.0
2023-24,ESP1,sevilla,2023-12-03 17:30:00,22829,0.011,12.0
2023-24,ESP1,sevilla,2023-12-09 20:00:00,22839,0.0557,12.0
2023-24,ESP1,sevilla,2023-12-16 17:30:00,22853,0.0561,14.0
2023-24,ESP1,sevilla,2023-12-19 20:30:00,22861,0.0677,13.0
2023-24,ESP1,sevilla,2023-12-23 14:15:00,22716,0.0165,14.0
2023-24,ESP1,sevilla,2024-01-04 18:15:00,22868,-0.0078,14.0
2023-24,ESP1,sevilla,2024-01-12 20:00:00,22884,-0.0387,15.0
2023-24,ESP1,sevilla,2024-01-21 20:00:00,22886,-0.0284,12.0
2023-24,ESP1,sevilla,2024-01-28 17:30:00,22902,-0.0249,14.0
2023-24,ESP1,sevilla,2024-02-05 20:00:00,22908,-0.012,13.0
2023-24,ESP1,sevilla,2024-02-11 17:30:00,22920,0.0111,13.0
2023-24,ESP1,sevilla,2024-02-17 20:00:00,22933,0.0089,13.0
2023-24,ESP1,sevilla,2024-02-25 20:00:00,22939,0.0139,13.0
2023-24,ESP1,sevilla,2024-03-02 13:00:00,22952,0.0108,13.0
2023-24,ESP1,sevilla,2024-03-11 20:00:00,22955,0.0642,15.0
2023-24,ESP1,sevilla,2024-03-17 13:00:00,22971,0.0932,15.0
2023-24,ESP1,sevilla,2024-03-30 13:00:00,22979,0.0808,12.0
2023-24,ESP1,sevilla,2024-04-14 12:00:00,22990,0.0223,13.0
2023-24,ESP1,sevilla,2024-04-22 19:00:00,23003,0.045,12.0
2023-24,ESP1,sevilla,2024-04-28 19:00:00,23007,0.0428,13.0
2023-24,ESP1,sevilla,2024-05-05 19:00:00,23022,0.0227,12.0
2023-24,ESP1,sevilla,2024-05-11 14:15:00,23033,0.0387,13.0
2023-24,ESP1,sevilla,2024-05-15 17:30:00,23041,0.0555,12.0
2023-24,ESP1,sevilla,2024-05-19 17:00:00,23045,0.0784,13.0
2023-24,ESP1,sevilla,2024-05-26 19:00:00,23062,0.0698,12.0
2023-24,ESP1,valencia,2023-08-11 19:30:00,22686,0.0754,9.0
2023-24,ESP1,valencia,2023-08-18 19:30:00,22696,0.0886,9.0
2023-24,ESP1,valencia,2023-08-27 17:30:00,22711,0.1105,11.0
2023-24,ESP1,valencia,2023-09-02 16:30:00,22720,0.0893,12.0
2023-24,ESP1,valencia,2023-09-16 14:15:00,22731,0.0499,11.0
2023-24,ESP1,valencia,2023-09-23 19:00:00,22735,0.0374,10.0
2023-24,ESP1,valencia,2023-09-27 19:30:00,22752,0.066,10.0
2023-24,ESP1,valencia,2023-10-01 19:00:00,22758,-0.0098,10.0
2023-24,ESP1,valencia,2023-10-07 16:30:00,22768,-0.0092,11.0
2023-24,ESP1,valencia,2023-10-23 19:00:00,22780,-0.0423,10.0
2023-24,ESP1,valencia,2023-10-29 17:30:00,22786,-0.007,10.0
2023-24,ESP1,valencia,2023-11-05 15:15:00,22804,0.0189,10.0
2023-24,ESP1,valencia,2023-11-11 20:00:00,22808,-0.005,10.0
2023-24,ESP1,valencia,2023-11-25 15:15:00,22823,0.053,8.0
2023-24,ESP1,valencia,2023-12-02 13:00:00,22827,0.0345,9.0
2023-24,ESP1,valencia,2023-12-08 20:00:00,22838,0.0537,9.0
2023-24,ESP1,valencia,2023-12-16 20:00:00,22850,0.0072,11.0
2023-24,ESP1,valencia,2023-12-19 18:00:00,22860,-0.0245,11.0
2023-24,ESP1,valencia,2024-01-02 20:30:00,22866,-0.0408,9.0
2023-24,ESP1,valencia,2024-01-14 15:15:00,22880,-0.0623,9.0
2023-24,ESP1,valencia,2024-01-20 17:30:00,22889,-0.0424,9.0
2023-24,ESP1,valencia,2024-01-28 20:00:00,22895,-0.0469,8.0
2023-24,ESP1,valencia,2024-02-03 13:00:00,22911,-0.0554,11.0
2023-24,ESP1,valencia,2024-02-10 20:00:00,22918,-0.0655,10.0
2023-24,ESP1,valencia,2024-02-17 20:00:00,22933,-0.0388,10.0
2023-24,ESP1,valencia,2024-03-02 20:00:00,22951,-0.0359,11.0
2023-24,ESP1,valencia,2024-03-09 13:00:00,22964,-0.0264,10.0
2023-24,ESP1,valencia,2024-03-17 15:15:00,22972,0.0331,11.0
2023-24,ESP1,valencia,2024-03-30 17:30:00,22984,0.0055,11.0
2023-24,ESP1,valencia,2024-04-04 18:00:00,22941,0.046,11.0
2023-24,ESP1,valencia,2024-04-15 19:00:00,22989,0.0305,11.0
2023-24,ESP1,valencia,2024-04-20 16:30:00,23001,0.0293,12.0
2023-24,ESP1,valencia,2024-04-29 19:00:00,23006,-0.0164,11.0
2023-24,ESP1,valencia,2024-05-05 16:30:00,23024,-0.0668,12.0
2023-24,ESP1,valencia,2024-05-12 16:30:00,23032,-0.0354,12.0
2023-24,ESP1,valencia,2024-05-16 20:00:00,23037,-0.0352,12.0
2023-24,ESP1,valencia,2024-05-19 17:00:00,23053,0.0045,13.0
2023-24,ESP1,valencia,2024-05-26 14:15:00,23056,0.0698,11.0
2023-24,ESP1,villarreal,2023-08-13 17:30:00,22691,0.1314,11.0
2023-24,ESP1,villarreal,2023-08-18 17:30:00,22695,0.0953,10.0
2023-24,ESP1,villarreal,2023-08-27 15:30:00,22710,0.1393,11.0
2023-24,ESP1,villarreal,2023-09-01 17:30:00,22718,0.045,9.0
2023-24,ESP1,villarreal,2023-09-17 14:15:00,22730,0.0527,11.0
2023-24,ESP1,villarreal,2023-09-24 14:15:00,22741,0.0604,11.0
2023-24,ESP1,villarreal,2023-09-27 17:00:00,22751,0.0213,11.0
2023-24,ESP1,villarreal,2023-09-30 12:00:00,22759,0.0539,11.0
2023-24,ESP1,villarreal,2023-10-08 12:00:00,22774,0.0341,12.0
2023-24,ESP1,villarreal,2023-10-22 16:30:00,22784,-0.0144,12.0
2023-24,ESP1,villarreal,2023-10-30 20:00:00,22791,-0.0135,10.0
2023-24,ESP1,villarreal,2023-11-05 17:30:00,22798,-0.0231,14.0
2023-24,ESP1,villarreal,2023-11-12 20:00:00,22807,0.009,12.0
2023-24,ESP1,villarreal,2023-11-26 13:00:00,22824,-0.0173,10.0
2023-24,ESP1,villarreal,2023-12-03 17:30:00,22829,0.0394,9.0
2023-24,ESP1,villarreal,2023-12-09 17:30:00,22844,0.0185,10.0
2023-24,ESP1,villarreal,2023-12-17 20:00:00,22849,0.0175,12.0
2023-24,ESP1,villarreal,2023-12-20 20:30:00,22864,0.0335,10.0
2023-24,ESP1,villarreal,2024-01-02 20:30:00,22866,-0.0042,11.0
2023-24,ESP1,villarreal,2024-01-13 13:00:00,22882,0.0359,12.0
2023-24,ESP1,villarreal,2024-01-20 15:15:00,22893,0.0767,11.0
2023-24,ESP1,villarreal,2024-01-27 17:30:00,22896,0.0592,13.0
2023-24,ESP1,villarreal,2024-02-04 13:00:00,22913,0.0441,12.0
2023-24,ESP1,villarreal,2024-02-10 13:00:00,22919,0.0304,10.0
2023-24,ESP1,villarreal,2024-02-16 20:00:00,22932,0.0309,13.0
2023-24,ESP1,villarreal,2024-02-23 20:00:00,22940,0.0232,12.0
2023-24,ESP1,villarreal,2024-03-03 13:00:00,22953,0.0873,13.0
2023-24,ESP1,villarreal,2024-03-10 20:00:00,22957,0.0855,13.0
2023-24,ESP1,villarreal,2024-03-17 15:15:00,22972,0.0897,14.0
2023-24,ESP1,villarreal,2024-04-01 19:00:00,22982,0.1015,12.0
2023-24,ESP1,villarreal,2024-04-14 16:30:00,22985,0.0606,12.0
2023-24,ESP1,villarreal,2024-04-21 14:15:00,22995,0.075,14.0
2023-24,ESP1,villarreal,2024-04-28 16:30:00,23013,0.0775,11.0
2023-24,ESP1,villarreal,2024-05-05 14:15:00,23015,0.0499,12.0
2023-24,ESP1,villarreal,2024-05-11 14:15:00,23033,-0.0117,13.0
2023-24,ESP1,villarreal,2024-05-14 20:00:00,23036,0.0505,12.0
2023-24,ESP1,villarreal,2024-05-19 17:00:00,23054,0.057,14.0
2023-24,ESP1,villarreal,2024-05-25 12:00:00,23059,0.0576,12.0
2023-24,GER1,augsburg,2023-08-19 13:30:00,23069,-0.0823,11.0
2023-24,GER1,augsburg,2023-08-27 15:30:00,23082,-0.0317,11.0
2023-24,GER1,augsburg,2023-09-02 13:30:00,23087,-0.0008,10.0
2023-24,GER1,augsburg,2023-09-16 13:30:00,23093,0.0367,12.0
2023-24,GER1,augsburg,2023-09-23 13:30:00,23102,0.051,11.0
2023-24,GER1,augsburg,2023-10-01 15:30:00,23118,0.0646,13.0
2023-24,GER1,augsburg,2023-10-07 13:30:00,23122,0.0305,14.0
2023-24,GER1,augsburg,2023-10-22 15:30:00,23136,0.0741,12.0
2023-24,GER1,augsburg,2023-10-28 13:30:00,23144,0.0355,13.0
2023-24,GER1,augsburg,2023-11-04 14:30:00,23151,0.021,16.0
2023-24,GER1,augsburg,2023-11-11 14:30:00,23161,0.0548,12.0
2023-24,GER1,augsburg,2023-11-25 14:30:00,23165,0.0776,12.0
2023-24,GER1,augsburg,2023-12-03 18:30:00,23179,0.0933,11.0
2023-24,GER1,augsburg,2023-12-09 14:30:00,23188,0.0678,12.0
2023-24,GER1,augsburg,2023-12-16 14:30:00,23198,0.0766,11.0
2023-24,GER1,augsburg,2023-12-20 19:30:00,23207,0.0733,13.0
2023-24,GER1,augsburg,2024-01-13 14:30:00,23216,0.0292,11.0
2023-24,GER1,augsburg,2024-01-21 16:30:00,23222,0.0393,11.0
2023-24,GER1,augsburg,2024-01-27 14:30:00,23234,-0.0268,13.0
2023-24,GER1,augsburg,2024-02-03 14:30:00,23242,-0.0479,12.0
2023-24,GER1,augsburg,2024-02-10 14:30:00,23251,-0.0448,11.0
2023-24,GER1,augsburg,2024-02-17 14:30:00,23257,-0.0592,13.0
2023-24,GER1,augsburg,2024-02-25 18:30:00,23264,-0.0227,12.0
2023-24,GER1,augsburg,2024-03-02 14:30:00,23280,-0.0257,14.0
2023-24,GER1,augsburg,2024-03-09 14:30:00,23288,0.0408,12.0
2023-24,GER1,augsburg,2024-03-16 14:30:00,23293,0.0228,13.0
2023-24,GER1,augsburg,2024-03-31 14:30:00,23306,0.0025,11.0
2023-24,GER1,augsburg,2024-04-07 13:30:00,23314,0.0061,13.0
2023-24,GER1,augsburg,2024-04-12 18:30:00,23323,-0.0072,13.0
2023-24,GER1,augsburg,2024-04-19 18:30:00,23329,0.0021,12.0
2023-24,GER1,augsburg,2024-04-27 13:30:00,23342,-0.0183,14.0
2023-24,GER1,augsburg,2024-05-04 13:30:00,23344,-0.0514,13.0
2023-24,GER1,augsburg,2024-05-10 18:30:00,23360,-0.0074,13.0
2023-24,GER1,augsburg,2024-05-18 13:30:00,23364,-0.023,13.0
2023-24,GER1,bayer leverkusen,2023-08-19 13:30:00,23066,-0.0814,10.0
2023-24,GER1,bayer leverkusen,2023-08-26 16:30:00,23080,-0.0483,10.0
2023-24,GER1,bayer leverkusen,2023-09-02 13:30:00,23084,0.0384,14.0
2023-24,GER1,bayer leverkusen,2023-09-15 18:30:00,23092,0.0637,12.0
2023-24,GER1,bayer leverkusen,2023-09-24 13:30:00,23108,0.0787,14.0
2023-24,GER1,bayer leverkusen,2023-09-30 13:30:00,23114,0.1251,12.0
2023-24,GER1,bayer leverkusen,2023-10-08 13:30:00,23125,0.0678,13.0
2023-24,GER1,bayer leverkusen,2023-10-21 13:30:00,23131,0.1317,12.0
2023-24,GER1,bayer leverkusen,2023-10-29 16:30:00,23139,0.0952,11.0
2023-24,GER1,bayer leverkusen,2023-11-04 14:30:00,23152,0.0692,12.0
2023-24,GER1,bayer leverkusen,2023-11-12 14:30:00,23157,0.0231,11.0
2023-24,GER1,bayer leverkusen,2023-11-25 14:30:00,23171,-0.0092,12.0
2023-24,GER1,bayer leverkusen,2023-12-03 16:30:00,23175,0.0282,12.0
2023-24,GER1,bayer leverkusen,2023-12-10 14:30:00,23189,-0.0211,13.0
2023-24,GER1,bayer leverkusen,2023-12-17 16:30:00,23194,-0.0712,12.0
2023-24,GER1,bayer leverkusen,2023-12-20 19:30:00,23202,-0.077,14.0
2023-24,GER1,bayer leverkusen,2024-01-13 14:30:00,23216,-0.0412,12.0
2023-24,GER1,bayer leverkusen,2024-01-20 17:30:00,23219,-0.0449,12.0
2023-24,GER1,bayer leverkusen,2024-01-27 17:30:00,23229,0.018,11.0
2023-24,GER1,bayer leverkusen,2024-02-03 14:30:00,23244,0.0291,12.0
2023-24,GER1,bayer leverkusen,2024-02-10 17:30:00,23250,0.0479,12.0
2023-24,GER1,bayer leverkusen,2024-02-17 14:30:00,23261,0.0164,12.0
2023-24,GER1,bayer leverkusen,2024-02-23 19:30:00,23268,0.0124,12.0
2023-24,GER1,bayer leverkusen,2024-03-03 14:30:00,23276,0.0369,14.0
2023-24,GER1,bayer leverkusen,2024-03-10 18:30:00,23283,-0.0036,14.0
2023-24,GER1,bayer leverkusen,2024-03-17 14:30:00,23292,-0.0394,12.0
2023-24,GER1,bayer leverkusen,2024-03-30 14:30:00,23301,-0.0292,13.0
2023-24,GER1,bayer leverkusen,2024-04-06 13:30:00,23309,0.0777,13.0
2023-24,GER1,bayer leverkusen,2024-04-14 15:30:00,23319,0.0709,16.0
2023-24,GER1,bayer leverkusen,2024-04-21 15:30:00,23326,0.0788,12.0
2023-24,GER1,bayer leverkusen,2024-04-27 16:30:00,23338,0.1165,14.0
2023-24,GER1,bayer leverkusen,2024-05-05 15:30:00,23346,0.089,14.0
2023-24,GER1,bayer leverkusen,2024-05-12 17:30:00,23359,-0.0058,14.0
2023-24,GER1,bayer leverkusen,2024-05-18 13:30:00,23364,0.278,15.0
2023-24,GER1,bayern munich,2023-08-18 18:30:00,23065,-0.0101,10.0
2023-24,GER1,bayern munich,2023-08-27 15:30:00,23082,0.0364,12.0
2023-24,GER1,bayern munich,2023-09-02 16:30:00,23089,0.0353,13.0
2023-24,GER1,bayern munich,2023-09-15 18:30:00,23092,0.0728,13.0
2023-24,GER1,bayern munich,2023-09-23 13:30:00,23104,0.0927,14.0
2023-24,GER1,bayern munich,2023-09-30 16:30:00,23116,0.1143,12.0
2023-24,GER1,bayern munich,2023-10-08 15:30:00,23126,0.0223,13.0
2023-24,GER1,bayern munich,2023-10-21 16:30:00,23134,0.0277,14.0
2023-24,GER1,bayern munich,2023-10-28 13:30:00,23137,0.0084,11.0
2023-24,GER1,bayern munich,2023-11-04 17:30:00,23146,0.0688,10.0
2023-24,GER1,bayern munich,2023-11-11 14:30:00,23155,0.2352,13.0
2023-24,GER1,bayern munich,2023-11-24 19:30:00,23169,0.1736,10.0
2023-24,GER1,bayern munich,2023-12-09 14:30:00,23184,0.173,14.0
2023-24,GER1,bayern munich,2023-12-17 18:30:00,23191,0.1307,10.0
2023-24,GER1,bayern munich,2023-12-20 19:30:00,23204,0.1359,11.0
2023-24,GER1,bayern munich,2024-01-12 19:30:00,23209,0.116,14.0
2023-24,GER1,bayern munich,2024-01-21 14:30:00,23218,0.0843,13.0
2023-24,GER1,bayern munich,2024-01-24 18:30:00,23173,0.052,11.0
2023-24,GER1,bayern munich,2024-01-27 14:30:00,23234,0.0078,12.0
2023-24,GER1,bayern munich,2024-02-03 14:30:00,23236,0.0649,12.0
2023-24,GER1,bayern munich,2024-02-10 17:30:00,23250,0.0069,12.0
2023-24,GER1,bayern munich,2024-02-18 16:30:00,23260,0.0713,11.0
2023-24,GER1,bayern munich,2024-02-24 17:30:00,23271,-0.103,13.0
2023-24,GER1,bayern munich,2024-03-01 19:30:00,23273,-0.0486,14.0
2023-24,GER1,bayern munich,2024-03-09 14:30:00,23281,-0.1053,14.0
2023-24,GER1,bayern munich,2024-03-16 14:30:00,23298,0.0235,15.0
2023-24,GER1,bayern munich,2024-03-30 17:30:00,23299,0.1066,15.0
2023-24,GER1,bayern munich,2024-04-06 13:30:00,23315,0.2662,12.0
2023-24,GER1,bayern munich,2024-04-13 13:30:00,23317,0.1107,15.0
2023-24,GER1,bayern munich,2024-04-20 16:30:00,23327,0.182,14.0
2023-24,GER1,bayern munich,2024-04-27 13:30:00,23335,0.0906,15.0
2023-24,GER1,bayern munich,2024-05-04 13:30:00,23351,0.113,15.0
2023-24,GER1,bayern munich,2024-05-12 15:30:00,23353,0.0054,11.0
2023-24,GER1,bayern munich,2024-05-18 13:30:00,23367,-0.065,10.0
2023-24,GER1,bochum,2023-08-19 13:30:00,23070,0.076,13.0
2023-24,GER1,bochum,2023-08-26 13:30:00,23077,0.0378,12.0
2023-24,GER1,bochum,2023-09-02 13:30:00,23087,0.0496,11.0
2023-24,GER1,bochum,2023-09-16 16:30:00,23098,0.0651,14.0
2023-24,GER1,bochum,2023-09-23 13:30:00,23104,0.0479,15.0
2023-24,GER1,bochum,2023-09-30 13:30:00,23111,0.0284,15.0
2023-24,GER1,bochum,2023-10-07 13:30:00,23121,-0.0113,11.0
2023-24,GER1,bochum,2023-10-21 13:30:00,23130,0.0066,15.0
2023-24,GER1,bochum,2023-10-27 18:30:00,23143,0.0157,14.0
2023-24,GER1,bochum,2023-11-03 19:30:00,23154,0.0305,12.0
2023-24,GER1,bochum,2023-11-11 17:30:00,23160,0.0617,12.0
2023-24,GER1,bochum,2023-11-26 14:30:00,23172,0.1295,13.0
2023-24,GER1,bochum,2023-12-02 14:30:00,23178,0.0723,15.0
2023-24,GER1,bochum,2023-12-08 19:30:00,23187,0.1116,15.0
2023-24,GER1,bochum,2023-12-16 14:30:00,23197,0.1008,14.0
2023-24,GER1,bochum,2023-12-20 19:30:00,23202,0.1385,15.0
2023-24,GER1,bochum,2024-01-14 14:30:00,23215,0.1189,12.0
2023-24,GER1,bochum,2024-01-20 14:30:00,23224,0.0829,13.0
2023-24,GER1,bochum,2024-01-28 16:30:00,23227,0.1354,12.0
2023-24,GER1,bochum,2024-02-03 14:30:00,23242,0.0872,13.0
2023-24,GER1,bochum,2024-02-10 14:30:00,23252,0.1075,12.0
2023-24,GER1,bochum,2024-02-18 16:30:00,23260,0.0236,12.0
2023-24,GER1,bochum,2024-02-24 14:30:00,23266,0.0936,15.0
2023-24,GER1,bochum,2024-03-02 14:30:00,23278,0.0266,13.0
2023-24,GER1,bochum,2024-03-10 14:30:00,23287,0.041,14.0
2023-24,GER1,bochum,2024-03-16 14:30:00,23294,0.0423,13.0
2023-24,GER1,bochum,2024-03-31 18:30:00,23305,0.0224,13.0
2023-24,GER1,bochum,2024-04-06 13:30:00,23316,0.079,14.0
2023-24,GER1,bochum,2024-04-13 13:30:00,23322,0.0455,13.0
2023-24,GER1,bochum,2024-04-20 13:30:00,23330,0.004,14.0
2023-24,GER1,bochum,2024-04-26 18:30:00,23341,0.015,11.0
2023-24,GER1,bochum,2024-05-05 13:30:00,23345,0.0329,13.0
2023-24,GER1,bochum,2024-05-12 17:30:00,23359,0.0638,15.0
2023-24,GER1,bochum,2024-05-18 13:30:00,23368,0.0523,16.0
2023-24,GER1,borussia dortmund,2023-08-19 16:30:00,23071,0.2379,14.0
2023-24,GER1,borussia dortmund,2023-08-26 13:30:00,23077,0.205,13.0
2023-24,GER1,borussia dortmund,2023-09-01 18:30:00,23083,0.1489,13.0
2023-24,GER1,borussia dortmund,2023-09-16 13:30:00,23094,0.0998,15.0
2023-24,GER1,borussia dortmund,2023-09-23 13:30:00,23105,0.1992,12.0
2023-24,GER1,borussia dortmund,2023-09-29 18:30:00,23110,0.1703,13.0
2023-24,GER1,borussia dortmund,2023-10-07 13:30:00,23120,0.1538,12.0
2023-24,GER1,borussia dortmund,2023-10-20 18:30:00,23128,0.1327,14.0
2023-24,GER1,borussia dortmund,2023-10-29 14:30:00,23140,0.1631,15.0
2023-24,GER1,borussia dortmund,2023-11-04 17:30:00,23146,0.2036,15.0
2023-24,GER1,borussia dortmund,2023-11-11 14:30:00,23162,0.078,14.0
2023-24,GER1,borussia dortmund,2023-11-25 14:30:00,23164,0.0936,13.0
2023-24,GER1,borussia dortmund,2023-12-03 16:30:00,23175,0.1165,12.0
2023-24,GER1,borussia dortmund,2023-12-09 17:30:00,23182,0.0296,12.0
2023-24,GER1,borussia dortmund,2023-12-16 14:30:00,23198,0.1125,10.0
2023-24,GER1,borussia dortmund,2023-12-19 19:30:00,23200,0.0545,12.0
2023-24,GER1,borussia dortmund,2024-01-13 17:30:00,23217,0.0566,12.0
2023-24,GER1,borussia dortmund,2024-01-20 14:30:00,23223,0.1011,12.0
2023-24,GER1,borussia dortmund,2024-01-28 16:30:00,23227,0.0766,11.0
2023-24,GER1,borussia dortmund,2024-02-02 19:30:00,23243,0.1208,13.0
2023-24,GER1,borussia dortmund,2024-02-09 19:30:00,23246,0.1019,11.0
2023-24,GER1,borussia dortmund,2024-02-17 14:30:00,23256,0.1466,11.0
2023-24,GER1,borussia dortmund,2024-02-25 16:30:00,23270,0.1474,13.0
2023-24,GER1,borussia dortmund,2024-03-02 14:30:00,23272,0.0773,12.0
2023-24,GER1,borussia dortmund,2024-03-09 17:30:00,23286,0.0542,15.0
2023-24,GER1,borussia dortmund,2024-03-17 16:30:00,23290,0.0872,13.0
2023-24,GER1,borussia dortmund,2024-03-30 17:30:00,23299,0.0505,14.0
2023-24,GER1,borussia dortmund,2024-04-06 16:30:00,23308,0.0009,12.0
2023-24,GER1,borussia dortmund,2024-04-13 13:30:00,23321,0.0051,14.0
2023-24,GER1,borussia dortmund,2024-04-21 15:30:00,23326,0.0291,13.0
2023-24,GER1,borussia dortmund,2024-04-27 13:30:00,23336,0.0073,14.0
2023-24,GER1,borussia dortmund,2024-05-04 13:30:00,23344,-0.0074,14.0
2023-24,GER1,borussia dortmund,2024-05-11 16:30:00,23356,0.0494,13.0
2023-24,GER1,borussia dortmund,2024-05-18 13:30:00,23362,0.0376,14.0
2023-24,GER1,borussia monchengladbach,2023-08-19 13:30:00,23069,-0.0394,8.0
2023-24,GER1,borussia monchengladbach,2023-08-26 16:30:00,23080,-0.0723,9.0
2023-24,GER1,borussia monchengladbach,2023-09-02 16:30:00,23089,-0.0303,10.0
2023-24,GER1,borussia monchengladbach,2023-09-17 15:30:00,23100,-0.0192,13.0
2023-24,GER1,borussia monchengladbach,2023-09-23 13:30:00,23103,0.0194,12.0
2023-24,GER1,borussia monchengladbach,2023-09-30 13:30:00,23111,0.0387,14.0
2023-24,GER1,borussia monchengladbach,2023-10-06 18:30:00,23119,0.054,12.0
2023-24,GER1,borussia monchengladbach,2023-10-22 13:30:00,23135,0.1727,12.0
2023-24,GER1,borussia monchengladbach,2023-10-28 13:30:00,23141,0.028,12.0
2023-24,GER1,borussia monchengladbach,2023-11-04 14:30:00,23148,0.0626,12.0
2023-24,GER1,borussia monchengladbach,2023-11-10 19:30:00,23158,0.1092,12.0
2023-24,GER1,borussia monchengladbach,2023-11-25 14:30:00,23164,0.0991,12.0
2023-24,GER1,borussia monchengladbach,2023-12-02 14:30:00,23177,0.0196,10.0
2023-24,GER1,borussia monchengladbach,2023-12-09 14:30:00,23183,0.0433,14.0
2023-24,GER1,borussia monchengladbach,2023-12-15 19:30:00,23196,0.0353,10.0
2023-24,GER1,borussia monchengladbach,2023-12-20 19:30:00,23203,0.0315,12.0
2023-24,GER1,borussia monchengladbach,2024-01-14 16:30:00,23213,0.0261,10.0
2023-24,GER1,borussia monchengladbach,2024-01-21 16:30:00,23222,-0.0218,10.0
2023-24,GER1,borussia monchengladbach,2024-01-27 17:30:00,23229,-0.0703,12.0
2023-24,GER1,borussia monchengladbach,2024-02-03 14:30:00,23236,-0.0675,11.0
2023-24,GER1,borussia monchengladbach,2024-02-10 14:30:00,23245,-0.0504,10.0
2023-24,GER1,borussia monchengladbach,2024-02-17 17:30:00,23254,-0.0581,12.0
2023-24,GER1,borussia monchengladbach,2024-02-24 14:30:00,23266,-0.0511,10.0
2023-24,GER1,borussia monchengladbach,2024-03-02 14:30:00,23275,0.0674,10.0
2023-24,GER1,borussia monchengladbach,2024-03-09 14:30:00,23285,0.0642,12.0
2023-24,GER1,borussia monchengladbach,2024-03-16 14:30:00,23297,0.0991,13.0
2023-24,GER1,borussia monchengladbach,2024-03-30 14:30:00,23303,0.1063,14.0
2023-24,GER1,borussia monchengladbach,2024-04-07 15:30:00,23312,0.0402,12.0
2023-24,GER1,borussia monchengladbach,2024-04-13 13:30:00,23321,0.0338,13.0
2023-24,GER1,borussia monchengladbach,2024-04-20 13:30:00,23332,0.0469,13.0
2023-24,GER1,borussia monchengladbach,2024-04-28 13:30:00,23340,0.0732,13.0
2023-24,GER1,borussia monchengladbach,2024-05-04 13:30:00,23350,0.1177,13.0
2023-24,GER1,borussia monchengladbach,2024-05-11 13:30:00,23357,0.111,12.0
2023-24,GER1,borussia monchengladbach,2024-05-18 13:30:00,23369,-0.0116,10.0
2023-24,GER1,cologne,2023-08-19 16:30:00,23071,0.1122,10.0
2023-24,GER1,cologne,2023-08-26 13:30:00,23076,0.1235,12.0
2023-24,GER1,cologne,2023-09-03 13:30:00,23090,0.0891,14.0
2023-24,GER1,cologne,2023-09-16 13:30:00,23097,0.1315,15.0
2023-24,GER1,cologne,2023-09-23 16:30:00,23107,0.0973,12.0
2023-24,GER1,cologne,2023-09-30 13:30:00,23115,0.1274,12.0
2023-24,GER1,cologne,2023-10-08 13:30:00,23125,0.012,14.0
2023-24,GER1,cologne,2023-10-22 13:30:00,23135,0.0188,11.0
2023-24,GER1,cologne,2023-10-28 16:30:00,23138,0.0373,14.0
2023-24,GER1,cologne,2023-11-04 14:30:00,23151,0.0492,14.0
2023-24,GER1,cologne,2023-11-11 17:30:00,23160,0.0558,13.0
2023-24,GER1,cologne,2023-11-24 19:30:00,23169,0.0811,14.0
2023-24,GER1,cologne,2023-12-01 18:30:00,23181,0.0912,13.0
2023-24,GER1,cologne,2023-12-10 16:30:00,23186,-0.0013,15.0
2023-24,GER1,cologne,2023-12-17 14:30:00,23193,0.0575,15.0
2023-24,GER1,cologne,2023-12-20 17:30:00,23201,0.053,14.0
2023-24,GER1,cologne,2024-01-13 14:30:00,23214,-0.0218,13.0
2023-24,GER1,cologne,2024-01-20 14:30:00,23223,-0.0084,12.0
2023-24,GER1,cologne,2024-01-27 14:30:00,23231,-0.0185,13.0
2023-24,GER1,cologne,2024-02-03 17:30:00,23241,-0.0159,13.0
2023-24,GER1,cologne,2024-02-11 16:30:00,23247,0.0264,13.0
2023-24,GER1,cologne,2024-02-16 19:30:00,23258,0.0433,13.0
2023-24,GER1,cologne,2024-02-24 14:30:00,23263,0.0015,14.0
2023-24,GER1,cologne,2024-03-03 14:30:00,23276,0.1335,12.0
2023-24,GER1,cologne,2024-03-09 14:30:00,23285,0.0959,13.0
2023-24,GER1,cologne,2024-03-15 19:30:00,23295,0.0523,13.0
2023-24,GER1,cologne,2024-03-31 14:30:00,23306,0.0216,15.0
2023-24,GER1,cologne,2024-04-06 13:30:00,23316,0.0183,13.0
2023-24,GER1,cologne,2024-04-13 13:30:00,23317,0.0326,14.0
2023-24,GER1,cologne,2024-04-20 13:30:00,23331,-0.0047,14.0
2023-24,GER1,cologne,2024-04-28 15:30:00,23339,-0.0402,14.0
2023-24,GER1,cologne,2024-05-04 16:30:00,23348,-0.0256,13.0
2023-24,GER1,cologne,2024-05-11 13:30:00,23358,0.0982,15.0
2023-24,GER1,cologne,2024-05-18 13:30:00,23370,0.1305,16.0
2023-24,GER1,darmstadt,2024-01-20 14:30:00,23226,-0.2592,1.0
2023-24,GER1,darmstadt,2024-01-28 14:30:00,23228,-0.1691,1.0
2023-24,GER1,darmstadt,2024-02-17 14:30:00,23262,-0.1548,1.0
2023-24,GER1,darmstadt,2024-02-24 14:30:00,23265,-0.0837,1.0
2023-24,GER1,darmstadt,2024-03-02 14:30:00,23280,-0.0936,1.0
2023-24,GER1,darmstadt,2024-03-09 14:30:00,23282,-0.0866,1.0
2023-24,GER1,darmstadt,2024-03-16 14:30:00,23298,-0.068,1.0
2023-24,GER1,darmstadt,2024-03-31 18:30:00,23305,-0.1199,1.0
2023-24,GER1,darmstadt,2024-04-06 13:30:00,23313,-0.0757,1.0
2023-24,GER1,darmstadt,2024-04-28 17:30:00,23343,-0.1484,1.0
2023-24,GER1,darmstadt,2024-05-04 13:30:00,23347,-0.1678,1.0
2023-24,GER1,darmstadt,2024-05-12 13:30:00,23361,-0.1626,1.0
2023-24,GER1,darmstadt,2024-05-18 13:30:00,23362,-0.1769,1.0
2023-24,GER1,eintracht frankfurt,2023-08-20 15:30:00,23073,-0.0473,10.0
2023-24,GER1,eintracht frankfurt,2023-08-27 13:30:00,23081,-0.0479,11.0
2023-24,GER1,eintracht frankfurt,2023-09-03 13:30:00,23090,-0.0161,12.0
2023-24,GER1,eintracht frankfurt,2023-09-16 16:30:00,23098,-0.0074,9.0
2023-24,GER1,eintracht frankfurt,2023-09-24 15:30:00,23109,-0.0567,11.0
2023-24,GER1,eintracht frankfurt,2023-09-30 13:30:00,23113,-0.0712,11.0
2023-24,GER1,eintracht frankfurt,2023-10-08 17:30:00,23127,-0.0248,11.0
2023-24,GER1,eintracht frankfurt,2023-10-21 13:30:00,23132,-0.0294,11.0
2023-24,GER1,eintracht frankfurt,2023-10-29 14:30:00,23140,-0.0027,10.0
2023-24,GER1,eintracht frankfurt,2023-11-04 14:30:00,23147,0.0519,12.0
2023-24,GER1,eintracht frankfurt,2023-11-12 16:30:00,23159,0.0635,13.0
2023-24,GER1,eintracht frankfurt,2023-11-25 17:30:00,23167,0.099,11.0
2023-24,GER1,eintracht frankfurt,2023-12-03 18:30:00,23179,0.0416,13.0
2023-24,GER1,eintracht frankfurt,2023-12-09 14:30:00,23184,0.0766,10.0
2023-24,GER1,eintracht frankfurt,2023-12-17 16:30:00,23194,0.0262,12.0
2023-24,GER1,eintracht frankfurt,2023-12-20 19:30:00,23203,0.0144,12.0
2023-24,GER1,eintracht frankfurt,2024-01-13 14:30:00,23210,0.0258,12.0
2023-24,GER1,eintracht frankfurt,2024-01-20 14:30:00,23226,0.0504,10.0
2023-24,GER1,eintracht frankfurt,2024-01-26 19:30:00,23230,0.0515,11.0
2023-24,GER1,eintracht frankfurt,2024-02-03 17:30:00,23241,-0.0125,13.0
2023-24,GER1,eintracht frankfurt,2024-02-10 14:30:00,23252,-0.0308,11.0
2023-24,GER1,eintracht frankfurt,2024-02-18 14:30:00,23255,-0.0141,11.0
2023-24,GER1,eintracht frankfurt,2024-02-25 14:30:00,23267,0.0231,11.0
2023-24,GER1,eintracht frankfurt,2024-03-02 14:30:00,23279,0.0397,12.0
2023-24,GER1,eintracht frankfurt,2024-03-10 16:30:00,23284,0.0342,12.0
2023-24,GER1,eintracht frankfurt,2024-03-17 16:30:00,23290,0.055,12.0
2023-24,GER1,eintracht frankfurt,2024-03-30 14:30:00,23302,0.0897,11.0
2023-24,GER1,eintracht frankfurt,2024-04-05 18:30:00,23311,0.0952,10.0
2023-24,GER1,eintracht frankfurt,2024-04-13 16:30:00,23324,0.0361,12.0
2023-24,GER1,eintracht frankfurt,2024-04-19 18:30:00,23329,-0.0005,12.0
2023-24,GER1,eintracht frankfurt,2024-04-27 13:30:00,23335,-0.0006,12.0
2023-24,GER1,eintracht frankfurt,2024-05-05 15:30:00,23346,0.0163,11.0
2023-24,GER1,eintracht frankfurt,2024-05-11 13:30:00,23357,-0.0122,12.0
2023-24,GER1,eintracht frankfurt,2024-05-18 13:30:00,23365,0.0098,10.0
2023-24,GER1,freiburg,2023-08-19 13:30:00,23068,0.1249,11.0
2023-24,GER1,freiburg,2023-08-26 13:30:00,23075,-0.0095,12.0
2023-24,GER1,freiburg,2023-09-02 13:30:00,23088,0.0156,16.0
2023-24,GER1,freiburg,2023-09-16 13:30:00,23094,0.0227,12.0
2023-24,GER1,freiburg,2023-09-24 15:30:00,23109,0.0157,13.0
2023-24,GER1,freiburg,2023-10-01 15:30:00,23118,0.073,13.0
2023-24,GER1,freiburg,2023-10-08 15:30:00,23126,0.0551,13.0
2023-24,GER1,freiburg,2023-10-21 13:30:00,23130,-0.0483,13.0
2023-24,GER1,freiburg,2023-10-29 16:30:00,23139,0.051,13.0
2023-24,GER1,freiburg,2023-11-04 14:30:00,23148,-0.0376,13.0
2023-24,GER1,freiburg,2023-11-12 19:30:00,23156,0.0567,11.0
2023-24,GER1,freiburg,2023-11-25 14:30:00,23166,0.0661,11.0
2023-24,GER1,freiburg,2023-12-03 14:30:00,23176,0.0253,12.0
2023-24,GER1,freiburg,2023-12-09 14:30:00,23185,0.0117,13.0
2023-24,GER1,freiburg,2023-12-17 14:30:00,23193,0.0399,13.0
2023-24,GER1,freiburg,2023-12-20 19:30:00,23208,0.1156,12.0
2023-24,GER1,freiburg,2024-01-13 14:30:00,23211,0.228,11.0
2023-24,GER1,freiburg,2024-01-20 14:30:00,23220,0.1726,12.0
2023-24,GER1,freiburg,2024-01-27 14:30:00,23233,0.1036,13.0
2023-24,GER1,freiburg,2024-02-03 14:30:00,23238,0.1263,11.0
2023-24,GER1,freiburg,2024-02-09 19:30:00,23246,0.1425,14.0
2023-24,GER1,freiburg,2024-02-18 14:30:00,23255,0.089,11.0
2023-24,GER1,freiburg,2024-02-25 18:30:00,23264,0.0515,16.0
2023-24,GER1,freiburg,2024-03-01 19:30:00,23273,-0.0071,14.0
2023-24,GER1,freiburg,2024-03-10 14:30:00,23287,-0.008,14.0
2023-24,GER1,freiburg,2024-03-17 14:30:00,23292,-0.045,15.0
2023-24,GER1,freiburg,2024-03-30 14:30:00,23303,-0.0283,13.0
2023-24,GER1,freiburg,2024-04-06 13:30:00,23310,0.0269,13.0
2023-24,GER1,freiburg,2024-04-14 13:30:00,23325,0.0501,14.0
2023-24,GER1,freiburg,2024-04-21 17:30:00,23328,0.0437,13.0
2023-24,GER1,freiburg,2024-04-27 13:30:00,23337,0.0578,13.0
2023-24,GER1,freiburg,2024-05-04 16:30:00,23348,0.0598,13.0
2023-24,GER1,freiburg,2024-05-11 13:30:00,23355,0.0134,14.0
2023-24,GER1,freiburg,2024-05-18 13:30:00,23363,-0.0177,14.0
2023-24,GER1,heidenheim,2023-08-26 13:30:00,23078,0.0648,1.0
2023-24,GER1,heidenheim,2023-09-01 18:30:00,23083,0.0445,8.0
2023-24,GER1,heidenheim,2023-09-17 13:30:00,23099,0.1047,11.0
2023-24,GER1,heidenheim,2023-09-24 13:30:00,23108,0.0784,11.0
2023-24,GER1,heidenheim,2023-09-30 13:30:00,23112,0.0437,10.0
2023-24,GER1,heidenheim,2023-10-08 17:30:00,23127,0.0135,12.0
2023-24,GER1,heidenheim,2023-10-22 15:30:00,23136,0.0213,11.0
2023-24,GER1,heidenheim,2023-10-28 13:30:00,23141,0.0232,14.0
2023-24,GER1,heidenheim,2023-11-05 16:30:00,23153,0.0185,8.0
2023-24,GER1,heidenheim,2023-11-11 14:30:00,23155,0.0117,10.0
2023-24,GER1,heidenheim,2023-11-26 14:30:00,23172,-0.022,14.0
2023-24,GER1,heidenheim,2023-12-02 14:30:00,23174,-0.0316,14.0
2023-24,GER1,heidenheim,2023-12-09 14:30:00,23190,-0.0162,13.0
2023-24,GER1,heidenheim,2023-12-16 14:30:00,23195,-0.016,13.0
2023-24,GER1,heidenheim,2023-12-20 19:30:00,23208,-0.0026,14.0
2023-24,GER1,heidenheim,2024-01-13 14:30:00,23214,0.0077,12.0
2023-24,GER1,heidenheim,2024-01-20 14:30:00,23225,0.0002,11.0
2023-24,GER1,heidenheim,2024-01-27 14:30:00,23232,0.0058,13.0
2023-24,GER1,heidenheim,2024-02-02 19:30:00,23243,0.0348,14.0
2023-24,GER1,heidenheim,2024-02-10 14:30:00,23249,-0.0159,11.0
2023-24,GER1,heidenheim,2024-02-17 14:30:00,23261,0.0233,14.0
2023-24,GER1,heidenheim,2024-02-24 14:30:00,23269,0.0198,14.0
2023-24,GER1,heidenheim,2024-03-02 14:30:00,23279,0.0148,14.0
2023-24,GER1,heidenheim,2024-03-09 14:30:00,23288,0.0258,15.0
2023-24,GER1,heidenheim,2024-03-16 14:30:00,23297,0.0102,13.0
2023-24,GER1,heidenheim,2024-03-31 16:30:00,23307,0.0058,12.0
2023-24,GER1,heidenheim,2024-04-06 13:30:00,23315,-0.006,14.0
2023-24,GER1,heidenheim,2024-04-13 13:30:00,23322,0.0101,11.0
2023-24,GER1,heidenheim,2024-04-20 13:30:00,23334,0.0513,14.0
2023-24,GER1,heidenheim,2024-04-28 17:30:00,23343,0.045,12.0
2023-24,GER1,heidenheim,2024-05-05 17:30:00,23352,0.0736,11.0
2023-24,GER1,heidenheim,2024-05-11 13:30:00,23355,0.0221,14.0
2023-24,GER1,heidenheim,2024-05-18 13:30:00,23370,0.0324,11.0
2023-24,GER1,leipzig,2023-08-19 13:30:00,23066,0.0286,11.0
2023-24,GER1,leipzig,2023-08-25 18:30:00,23074,0.1147,9.0
2023-24,GER1,leipzig,2023-09-03 15:30:00,23091,0.053,13.0
2023-24,GER1,leipzig,2023-09-16 13:30:00,23093,0.0289,11.0
2023-24,GER1,leipzig,2023-09-23 13:30:00,23103,0.0829,14.0
2023-24,GER1,leipzig,2023-09-30 16:30:00,23116,-0.0244,13.0
2023-24,GER1,leipzig,2023-10-07 13:30:00,23121,-0.0309,16.0
2023-24,GER1,leipzig,2023-10-21 13:30:00,23133,-0.0617,14.0
2023-24,GER1,leipzig,2023-10-28 16:30:00,23138,-0.0375,15.0
2023-24,GER1,leipzig,2023-11-04 14:30:00,23150,0.0154,13.0
2023-24,GER1,leipzig,2023-11-12 19:30:00,23156,-0.0293,15.0
2023-24,GER1,leipzig,2023-11-25 14:30:00,23168,-0.0218,12.0
2023-24,GER1,leipzig,2023-12-02 14:30:00,23174,0.0323,13.0
2023-24,GER1,leipzig,2023-12-09 17:30:00,23182,0.0667,11.0
2023-24,GER1,leipzig,2023-12-16 17:30:00,23192,0.138,13.0
2023-24,GER1,leipzig,2023-12-19 17:30:00,23206,0.119,15.0
2023-24,GER1,leipzig,2024-01-13 14:30:00,23210,0.1187,13.0
2023-24,GER1,leipzig,2024-01-20 17:30:00,23219,0.1256,15.0
2023-24,GER1,leipzig,2024-01-27 14:30:00,23235,0.0857,13.0
2023-24,GER1,leipzig,2024-02-04 16:30:00,23237,-0.0106,12.0
2023-24,GER1,leipzig,2024-02-10 14:30:00,23251,-0.0024,14.0
2023-24,GER1,leipzig,2024-02-17 17:30:00,23254,0.0319,14.0
2023-24,GER1,leipzig,2024-02-24 17:30:00,23271,0.0062,13.0
2023-24,GER1,leipzig,2024-03-02 14:30:00,23278,-0.0546,13.0
2023-24,GER1,leipzig,2024-03-09 14:30:00,23282,-0.0238,14.0
2023-24,GER1,leipzig,2024-03-15 19:30:00,23295,0.02,13.0
2023-24,GER1,leipzig,2024-03-30 14:30:00,23300,0.0951,13.0
2023-24,GER1,leipzig,2024-04-06 13:30:00,23310,0.1414,11.0
2023-24,GER1,leipzig,2024-04-13 13:30:00,23318,0.1677,13.0
2023-24,GER1,leipzig,2024-04-20 13:30:00,23334,0.1886,12.0
2023-24,GER1,leipzig,2024-04-27 13:30:00,23336,0.1823,13.0
2023-24,GER1,leipzig,2024-05-03 18:30:00,23349,0.1415,16.0
2023-24,GER1,leipzig,2024-05-11 13:30:00,23354,0.1684,13.0
2023-24,GER1,leipzig,2024-05-18 13:30:00,23365,-0.0265,11.0
2023-24,GER1,mainz 05,2023-08-20 13:30:00,23072,-0.0429,12.0
2023-24,GER1,mainz 05,2023-08-27 13:30:00,23081,0.053,10.0
2023-24,GER1,mainz 05,2023-09-02 13:30:00,23086,0.03,13.0
2023-24,GER1,mainz 05,2023-09-16 13:30:00,23096,-0.0048,13.0
2023-24,GER1,mainz 05,2023-09-23 13:30:00,23102,-0.0085,13.0
2023-24,GER1,mainz 05,2023-09-30 13:30:00,23114,-0.0169,14.0
2023-24,GER1,mainz 05,2023-10-06 18:30:00,23119,-0.0137,13.0
2023-24,GER1,mainz 05,2023-10-21 16:30:00,23134,0.0158,14.0
2023-24,GER1,mainz 05,2023-10-27 18:30:00,23143,-0.0016,14.0
2023-24,GER1,mainz 05,2023-11-04 14:30:00,23150,-0.0331,13.0
2023-24,GER1,mainz 05,2023-11-11 14:30:00,23163,-0.075,11.0
2023-24,GER1,mainz 05,2023-11-26 16:30:00,23170,0.0259,11.0
2023-24,GER1,mainz 05,2023-12-03 14:30:00,23176,-0.0498,9.0
2023-24,GER1,mainz 05,2023-12-10 16:30:00,23186,-0.0056,11.0
2023-24,GER1,mainz 05,2023-12-16 14:30:00,23195,0.0006,11.0
2023-24,GER1,mainz 05,2023-12-19 19:30:00,23200,-0.0,11.0
2023-24,GER1,mainz 05,2024-01-13 14:30:00,23212,0.0149,13.0
2023-24,GER1,mainz 05,2024-01-26 19:30:00,23230,-0.003,11.0
2023-24,GER1,mainz 05,2024-02-03 14:30:00,23240,0.0303,12.0
2023-24,GER1,mainz 05,2024-02-07 17:30:00,23221,0.0142,12.0
2023-24,GER1,mainz 05,2024-02-11 14:30:00,23253,0.0368,13.0
2023-24,GER1,mainz 05,2024-02-17 14:30:00,23257,-0.0229,9.0
2023-24,GER1,mainz 05,2024-02-23 19:30:00,23268,0.0043,11.0
2023-24,GER1,mainz 05,2024-03-02 14:30:00,23275,0.0035,12.0
2023-24,GER1,mainz 05,2024-03-09 14:30:00,23281,-0.011,12.0
2023-24,GER1,mainz 05,2024-03-16 14:30:00,23294,-0.0067,13.0
2023-24,GER1,mainz 05,2024-03-30 14:30:00,23300,0.0064,12.0
2023-24,GER1,mainz 05,2024-04-06 13:30:00,23313,0.0315,12.0
2023-24,GER1,mainz 05,2024-04-13 13:30:00,23320,0.0445,11.0
2023-24,GER1,mainz 05,2024-04-21 17:30:00,23328,0.0837,11.0
2023-24,GER1,mainz 05,2024-04-28 15:30:00,23339,0.1276,12.0
2023-24,GER1,mainz 05,2024-05-05 17:30:00,23352,0.1075,13.0
2023-24,GER1,mainz 05,2024-05-11 16:30:00,23356,0.1501,12.0
2023-24,GER1,mainz 05,2024-05-18 13:30:00,23366,0.1699,11.0
2023-24,GER1,stuttgart,2023-08-19 13:30:00,23070,0.012,8.0
2023-24,GER1,stuttgart,2023-08-25 18:30:00,23074,0.1233,12.0
2023-24,GER1,stuttgart,2023-09-02 13:30:00,23088,0.0329,12.0
2023-24,GER1,stuttgart,2023-09-16 13:30:00,23096,0.0785,11.0
2023-24,GER1,stuttgart,2023-09-22 18:30:00,23101,0.0791,11.0
2023-24,GER1,stuttgart,2023-09-30 13:30:00,23115,0.0933,11.0
2023-24,GER1,stuttgart,2023-10-07 13:30:00,23123,0.1043,11.0
2023-24,GER1,stuttgart,2023-10-21 13:30:00,23129,0.064,13.0
2023-24,GER1,stuttgart,2023-10-28 13:30:00,23145,0.08,12.0
2023-24,GER1,stuttgart,2023-11-05 16:30:00,23153,0.0827,11.0
2023-24,GER1,stuttgart,2023-11-11 14:30:00,23162,0.143,12.0
2023-24,GER1,stuttgart,2023-11-25 17:30:00,23167,0.2073,12.0
2023-24,GER1,stuttgart,2023-12-02 17:30:00,23180,0.2523,12.0
2023-24,GER1,stuttgart,2023-12-10 14:30:00,23189,0.2417,10.0
2023-24,GER1,stuttgart,2023-12-17 18:30:00,23191,0.2737,12.0
2023-24,GER1,stuttgart,2023-12-20 19:30:00,23207,0.2051,13.0
2023-24,GER1,stuttgart,2024-01-14 16:30:00,23213,0.0936,12.0
2023-24,GER1,stuttgart,2024-01-20 14:30:00,23224,0.0157,11.0
2023-24,GER1,stuttgart,2024-01-27 14:30:00,23235,0.0278,10.0
2023-24,GER1,stuttgart,2024-02-03 14:30:00,23238,0.0274,9.0
2023-24,GER1,stuttgart,2024-02-11 14:30:00,23253,0.0596,13.0
2023-24,GER1,stuttgart,2024-02-17 14:30:00,23262,0.13,11.0
2023-24,GER1,stuttgart,2024-02-24 14:30:00,23263,0.0529,11.0
2023-24,GER1,stuttgart,2024-03-02 17:30:00,23274,0.0637,12.0
2023-24,GER1,stuttgart,2024-03-08 19:30:00,23289,0.0453,13.0
2023-24,GER1,stuttgart,2024-03-16 17:30:00,23296,0.0199,11.0
2023-24,GER1,stuttgart,2024-03-31 16:30:00,23307,0.0287,12.0
2023-24,GER1,stuttgart,2024-04-06 16:30:00,23308,0.0682,11.0
2023-24,GER1,stuttgart,2024-04-13 16:30:00,23324,0.0411,12.0
2023-24,GER1,stuttgart,2024-04-21 13:30:00,23333,0.0322,14.0
2023-24,GER1,stuttgart,2024-04-27 16:30:00,23338,0.0715,12.0
2023-24,GER1,stuttgart,2024-05-04 13:30:00,23351,0.1088,12.0
2023-24,GER1,stuttgart,2024-05-10 18:30:00,23360,0.0847,11.0
2023-24,GER1,stuttgart,2024-05-18 13:30:00,23369,0.0358,12.0
2023-24,GER1,tsg hoffenheim,2023-08-19 13:30:00,23068,0.0149,11.0
2023-24,GER1,tsg hoffenheim,2023-08-26 13:30:00,23078,0.1043,14.0
2023-24,GER1,tsg hoffenheim,2023-09-02 13:30:00,23085,0.1351,11.0
2023-24,GER1,tsg hoffenheim,2023-09-16 13:30:00,23097,0.1839,14.0
2023-24,GER1,tsg hoffenheim,2023-09-23 13:30:00,23106,0.1065,14.0
2023-24,GER1,tsg hoffenheim,2023-09-29 18:30:00,23110,0.0652,13.0
2023-24,GER1,tsg hoffenheim,2023-10-07 16:30:00,23124,0.068,13.0
2023-24,GER1,tsg hoffenheim,2023-10-21 13:30:00,23132,0.0627,13.0
2023-24,GER1,tsg hoffenheim,2023-10-28 13:30:00,23145,0.0284,13.0
2023-24,GER1,tsg hoffenheim,2023-11-04 14:30:00,23152,-0.0043,11.0
2023-24,GER1,tsg hoffenheim,2023-11-11 14:30:00,23161,-0.0155,11.0
2023-24,GER1,tsg hoffenheim,2023-11-26 16:30:00,23170,0.0149,15.0
2023-24,GER1,tsg hoffenheim,2023-12-02 14:30:00,23177,-0.0285,13.0
2023-24,GER1,tsg hoffenheim,2023-12-08 19:30:00,23187,-0.0108,12.0
2023-24,GER1,tsg hoffenheim,2023-12-16 17:30:00,23192,-0.0041,15.0
2023-24,GER1,tsg hoffenheim,2023-12-19 19:30:00,23205,-0.0332,14.0
2023-24,GER1,tsg hoffenheim,2024-01-12 19:30:00,23209,0.0049,14.0
2023-24,GER1,tsg hoffenheim,2024-01-20 14:30:00,23220,0.0147,13.0
2023-24,GER1,tsg hoffenheim,2024-01-27 14:30:00,23232,0.0229,14.0
2023-24,GER1,tsg hoffenheim,2024-02-04 14:30:00,23239,0.0647,13.0
2023-24,GER1,tsg hoffenheim,2024-02-11 16:30:00,23247,0.0555,14.0
2023-24,GER1,tsg hoffenheim,2024-02-17 14:30:00,23259,0.0844,13.0
2023-24,GER1,tsg hoffenheim,2024-02-25 16:30:00,23270,0.0388,12.0
2023-24,GER1,tsg hoffenheim,2024-03-03 16:30:00,23277,0.0121,13.0
2023-24,GER1,tsg hoffenheim,2024-03-10 16:30:00,23284,0.0858,10.0
2023-24,GER1,tsg hoffenheim,2024-03-16 17:30:00,23296,-0.0159,13.0
2023-24,GER1,tsg hoffenheim,2024-03-30 14:30:00,23301,-0.0684,14.0
2023-24,GER1,tsg hoffenheim,2024-04-07 13:30:00,23314,-0.0637,14.0
2023-24,GER1,tsg hoffenheim,2024-04-13 13:30:00,23320,-0.0346,15.0
2023-24,GER1,tsg hoffenheim,2024-04-20 13:30:00,23332,-0.0408,12.0
2023-24,GER1,tsg hoffenheim,2024-04-26 18:30:00,23341,-0.0468,15.0
2023-24,GER1,tsg hoffenheim,2024-05-03 18:30:00,23349,-0.033,12.0
2023-24,GER1,tsg hoffenheim,2024-05-12 13:30:00,23361,-0.0214,14.0
2023-24,GER1,tsg hoffenheim,2024-05-18 13:30:00,23367,0.0656,13.0
2023-24,GER1,union berlin,2023-08-20 13:30:00,23072,0.0833,12.0
2023-24,GER1,union berlin,2023-08-26 13:30:00,23079,0.0484,11.0
2023-24,GER1,union berlin,2023-09-03 15:30:00,23091,0.0438,12.0
2023-24,GER1,union berlin,2023-09-16 13:30:00,23095,0.0247,15.0
2023-24,GER1,union berlin,2023-09-23 13:30:00,23106,0.0691,11.0
2023-24,GER1,union berlin,2023-09-30 13:30:00,23112,0.0481,13.0
2023-24,GER1,union berlin,2023-10-07 13:30:00,23120,0.0254,16.0
2023-24,GER1,union berlin,2023-10-21 13:30:00,23129,-0.0038,15.0
2023-24,GER1,union berlin,2023-10-28 13:30:00,23142,-0.0153,15.0
2023-24,GER1,union berlin,2023-11-04 14:30:00,23147,-0.0093,13.0
2023-24,GER1,union berlin,2023-11-12 14:30:00,23157,0.0081,14.0
2023-24,GER1,union berlin,2023-11-25 14:30:00,23165,-0.0548,11.0
2023-24,GER1,union berlin,2023-12-09 14:30:00,23183,-0.0709,14.0
2023-24,GER1,union berlin,2023-12-16 14:30:00,23197,-0.0459,16.0
2023-24,GER1,union berlin,2023-12-20 17:30:00,23201,-0.0403,15.0
2023-24,GER1,union berlin,2024-01-13 14:30:00,23211,-0.0042,14.0
2023-24,GER1,union berlin,2024-01-24 18:30:00,23173,-0.0166,14.0
2023-24,GER1,union berlin,2024-01-28 14:30:00,23228,-0.0258,11.0
2023-24,GER1,union berlin,2024-02-04 16:30:00,23237,-0.0321,14.0
2023-24,GER1,union berlin,2024-02-07 17:30:00,23221,-0.0324,12.0
2023-24,GER1,union berlin,2024-02-10 14:30:00,23248,-0.0298,11.0
2023-24,GER1,union berlin,2024-02-17 14:30:00,23259,-0.0202,13.0
2023-24,GER1,union berlin,2024-02-24 14:30:00,23269,0.02,13.0
2023-24,GER1,union berlin,2024-03-02 14:30:00,23272,0.0511,15.0
2023-24,GER1,union berlin,2024-03-08 19:30:00,23289,0.122,14.0
2023-24,GER1,union berlin,2024-03-16 14:30:00,23291,0.1343,14.0
2023-24,GER1,union berlin,2024-03-30 14:30:00,23302,0.114,14.0
2023-24,GER1,union berlin,2024-04-06 13:30:00,23309,0.1305,15.0
2023-24,GER1,union berlin,2024-04-12 18:30:00,23323,-0.0671,14.0
2023-24,GER1,union berlin,2024-04-20 16:30:00,23327,-0.0141,16.0
2023-24,GER1,union berlin,2024-04-28 13:30:00,23340,-0.0398,14.0
2023-24,GER1,union berlin,2024-05-05 13:30:00,23345,-0.0567,15.0
2023-24,GER1,union berlin,2024-05-11 13:30:00,23358,-0.0204,16.0
2023-24,GER1,union berlin,2024-05-18 13:30:00,23363,-0.018,14.0
2023-24,GER1,werder bremen,2023-08-18 18:30:00,23065,0.0506,13.0
2023-24,GER1,werder bremen,2023-08-26 13:30:00,23075,0.0213,12.0
2023-24,GER1,werder bremen,2023-09-02 13:30:00,23086,-0.0033,13.0
2023-24,GER1,werder bremen,2023-09-17 13:30:00,23099,0.0446,12.0
2023-24,GER1,werder bremen,2023-09-23 16:30:00,23107,0.1901,10.0
2023-24,GER1,werder bremen,2023-10-01 13:30:00,23117,0.218,13.0
2023-24,GER1,werder bremen,2023-10-07 16:30:00,23124,0.2104,14.0
2023-24,GER1,werder bremen,2023-10-20 18:30:00,23128,0.2157,13.0
2023-24,GER1,werder bremen,2023-10-28 13:30:00,23142,0.2128,11.0
2023-24,GER1,werder bremen,2023-11-05 14:30:00,23149,0.1378,11.0
2023-24,GER1,werder bremen,2023-11-12 16:30:00,23159,0.068,11.0
2023-24,GER1,werder bremen,2023-11-25 14:30:00,23171,0.093,13.0
2023-24,GER1,werder bremen,2023-12-02 17:30:00,23180,0.1022,13.0
2023-24,GER1,werder bremen,2023-12-09 14:30:00,23188,-0.0487,12.0
2023-24,GER1,werder bremen,2023-12-15 19:30:00,23196,-0.0161,12.0
2023-24,GER1,werder bremen,2023-12-19 17:30:00,23206,0.0556,11.0
2023-24,GER1,werder bremen,2024-01-14 14:30:00,23215,0.0423,12.0
2023-24,GER1,werder bremen,2024-01-21 14:30:00,23218,-0.0131,11.0
2023-24,GER1,werder bremen,2024-01-27 14:30:00,23233,-0.0214,13.0
2023-24,GER1,werder bremen,2024-02-03 14:30:00,23240,-0.0265,13.0
2023-24,GER1,werder bremen,2024-02-10 14:30:00,23249,-0.04,12.0
2023-24,GER1,werder bremen,2024-02-16 19:30:00,23258,-0.0399,11.0
2023-24,GER1,werder bremen,2024-02-24 14:30:00,23265,-0.0075,15.0
2023-24,GER1,werder bremen,2024-03-03 16:30:00,23277,0.0001,14.0
2023-24,GER1,werder bremen,2024-03-09 17:30:00,23286,0.0332,13.0
2023-24,GER1,werder bremen,2024-03-16 14:30:00,23291,0.0266,14.0
2023-24,GER1,werder bremen,2024-03-30 14:30:00,23304,0.0455,13.0
2023-24,GER1,werder bremen,2024-04-05 18:30:00,23311,0.0255,12.0
2023-24,GER1,werder bremen,2024-04-14 15:30:00,23319,0.0115,13.0
2023-24,GER1,werder bremen,2024-04-21 13:30:00,23333,-0.0105,11.0
2023-24,GER1,werder bremen,2024-04-27 13:30:00,23342,-0.021,11.0
2023-24,GER1,werder bremen,2024-05-04 13:30:00,23350,0.0016,13.0
2023-24,GER1,werder bremen,2024-05-11 13:30:00,23354,0.0093,13.0
2023-24,GER1,werder bremen,2024-05-18 13:30:00,23368,0.0244,14.0
2023-24,GER1,wolfsburg,2023-08-19 13:30:00,23067,0.1617,9.0
2023-24,GER1,wolfsburg,2023-08-26 13:30:00,23076,0.1112,8.0
2023-24,GER1,wolfsburg,2023-09-02 13:30:00,23085,0.0987,11.0
2023-24,GER1,wolfsburg,2023-09-16 13:30:00,23095,0.0727,11.0
2023-24,GER1,wolfsburg,2023-09-23 13:30:00,23105,0.1067,13.0
2023-24,GER1,wolfsburg,2023-09-30 13:30:00,23113,0.071,10.0
2023-24,GER1,wolfsburg,2023-10-07 13:30:00,23123,0.0884,11.0
2023-24,GER1,wolfsburg,2023-10-21 13:30:00,23131,0.0253,14.0
2023-24,GER1,wolfsburg,2023-10-28 13:30:00,23144,-0.0057,14.0
2023-24,GER1,wolfsburg,2023-11-05 14:30:00,23149,0.023,14.0
2023-24,GER1,wolfsburg,2023-11-10 19:30:00,23158,0.0434,14.0
2023-24,GER1,wolfsburg,2023-11-25 14:30:00,23168,0.0119,12.0
2023-24,GER1,wolfsburg,2023-12-02 14:30:00,23178,-0.0301,14.0
2023-24,GER1,wolfsburg,2023-12-09 14:30:00,23185,-0.0142,13.0
2023-24,GER1,wolfsburg,2023-12-16 14:30:00,23199,-0.0171,10.0
2023-24,GER1,wolfsburg,2023-12-20 19:30:00,23204,-0.0268,13.0
2023-24,GER1,wolfsburg,2024-01-13 14:30:00,23212,-0.015,14.0
2023-24,GER1,wolfsburg,2024-01-20 14:30:00,23225,-0.0307,14.0
2023-24,GER1,wolfsburg,2024-01-27 14:30:00,23231,-0.0631,11.0
2023-24,GER1,wolfsburg,2024-02-04 14:30:00,23239,-0.036,13.0
2023-24,GER1,wolfsburg,2024-02-10 14:30:00,23248,-0.0131,12.0
2023-24,GER1,wolfsburg,2024-02-17 14:30:00,23256,-0.0108,11.0
2023-24,GER1,wolfsburg,2024-02-25 14:30:00,23267,0.0434,12.0
2023-24,GER1,wolfsburg,2024-03-02 17:30:00,23274,0.0578,13.0
2023-24,GER1,wolfsburg,2024-03-10 18:30:00,23283,0.0478,13.0
2023-24,GER1,wolfsburg,2024-03-16 14:30:00,23293,-0.026,11.0
2023-24,GER1,wolfsburg,2024-03-30 14:30:00,23304,0.0056,11.0
2023-24,GER1,wolfsburg,2024-04-07 15:30:00,23312,0.01,14.0
2023-24,GER1,wolfsburg,2024-04-13 13:30:00,23318,0.0299,13.0
2023-24,GER1,wolfsburg,2024-04-20 13:30:00,23330,-0.0764,14.0
2023-24,GER1,wolfsburg,2024-04-27 13:30:00,23337,-0.0556,14.0
2023-24,GER1,wolfsburg,2024-05-04 13:30:00,23347,0.0891,12.0
2023-24,GER1,wolfsburg,2024-05-12 15:30:00,23353,0.1365,14.0
2023-24,GER1,wolfsburg,2024-05-18 13:30:00,23366,0.1696,13.0
2024-25,ENG1,arsenal,2024-08-17 14:00:00,26604,0.1297,11.0
2024-25,ENG1,arsenal,2024-08-24 16:30:00,26618,0.1154,11.0
2024-25,ENG1,arsenal,2024-08-31 11:30:00,26622,0.0324,11.0
2024-25,ENG1,arsenal,2024-09-15 13:00:00,26640,-0.0025,10.0
2024-25,ENG1,arsenal,2024-09-22 15:30:00,26651,-0.0226,10.0
2024-25,ENG1,arsenal,2024-09-28 14:00:00,26655,-0.0447,11.0
2024-25,ENG1,arsenal,2024-10-05 14:00:00,26666,-0.0124,13.0
2024-25,ENG1,arsenal,2024-10-19 16:30:00,26680,0.0058,12.0
2024-25,ENG1,arsenal,2024-10-27 16:30:00,26691,0.0492,11.0
2024-25,ENG1,arsenal,2024-11-02 12:30:00,26694,0.0214,13.0
2024-25,ENG1,arsenal,2024-11-10 16:30:00,26705,0.0419,12.0
2024-25,ENG1,arsenal,2024-11-23 15:00:00,26714,0.0715,12.0
2024-25,ENG1,arsenal,2024-11-30 17:30:00,26730,0.0427,12.0
2024-25,ENG1,arsenal,2024-12-04 20:15:00,26733,0.0431,13.0
2024-25,ENG1,arsenal,2024-12-08 14:00:00,26749,0.0097,14.0
2024-25,ENG1,arsenal,2024-12-14 15:00:00,26755,0.0523,14.0
2024-25,ENG1,arsenal,2024-12-21 17:30:00,26765,0.0115,13.0
2024-25,ENG1,arsenal,2024-12-27 20:15:00,26773,0.0459,11.0
2024-25,ENG1,arsenal,2025-01-01 17:30:00,26783,0.0009,10.0
2024-25,ENG1,arsenal,2025-01-04 17:30:00,26794,0.0129,12.0
2024-25,ENG1,arsenal,2025-01-15 20:00:00,26802,0.0617,11.0
2024-25,ENG1,arsenal,2025-01-18 17:30:00,26812,0.058,10.0
2024-25,ENG1,arsenal,2025-01-25 15:00:00,26831,-0.0136,11.0
2024-25,ENG1,arsenal,2025-02-02 16:30:00,26833,-0.0272,10.0
2024-25,ENG1,arsenal,2025-02-15 12:30:00,26846,-0.0849,13.0
2024-25,ENG1,arsenal,2025-02-22 15:00:00,26853,0.0362,12.0
2024-25,ENG1,arsenal,2025-02-26 19:30:00,26864,0.0372,13.0
2024-25,ENG1,arsenal,2025-03-09 16:30:00,26877,0.0444,13.0
2024-25,ENG1,arsenal,2025-03-16 13:30:00,26883,0.032,10.0
2024-25,ENG1,arsenal,2025-04-01 19:45:00,26892,0.0212,12.0
2024-25,ENG1,arsenal,2025-04-05 11:30:00,26905,0.0083,15.0
2024-25,ENG1,arsenal,2025-04-12 16:30:00,26913,-0.039,16.0
2024-25,ENG1,arsenal,2025-04-20 13:00:00,26927,-0.0122,15.0
2024-25,ENG1,arsenal,2025-04-23 19:00:00,26933,-0.0267,12.0
2024-25,ENG1,arsenal,2025-05-03 16:30:00,26945,0.0277,12.0
2024-25,ENG1,arsenal,2025-05-11 15:30:00,26952,0.0509,11.0
2024-25,ENG1,arsenal,2025-05-18 15:30:00,26962,-0.013,13.0
2024-25,ENG1,arsenal,2025-05-25 15:00:00,26977,-0.0282,16.0
2024-25,ENG1,aston villa,2024-08-17 16:30:00,26608,-0.0447,11.0
2024-25,ENG1,aston villa,2024-08-24 16:30:00,26618,-0.0025,10.0
2024-25,ENG1,aston villa,2024-08-31 14:00:00,26626,-0.0161,11.0
2024-25,ENG1,aston villa,2024-09-14 16:30:00,26638,0.0212,11.0
2024-25,ENG1,aston villa,2024-09-21 14:00:00,26647,0.1036,13.0
2024-25,ENG1,aston villa,2024-09-29 13:00:00,26659,0.146,10.0
2024-25,ENG1,aston villa,2024-10-06 13:00:00,26670,0.1401,10.0
2024-25,ENG1,aston villa,2024-10-19 14:00:00,26673,0.0988,12.0
2024-25,ENG1,aston villa,2024-10-26 14:00:00,26684,0.0541,12.0
2024-25,ENG1,aston villa,2024-11-03 14:00:00,26700,0.0343,10.0
2024-25,ENG1,aston villa,2024-11-09 20:00:00,26707,0.0624,14.0
2024-25,ENG1,aston villa,2024-11-23 15:00:00,26716,0.1277,12.0
2024-25,ENG1,aston villa,2024-12-01 13:30:00,26724,0.0806,12.0
2024-25,ENG1,aston villa,2024-12-04 20:15:00,26734,0.0961,11.0
2024-25,ENG1,aston villa,2024-12-07 15:00:00,26742,0.1243,13.0
2024-25,ENG1,aston villa,2024-12-14 17:30:00,26761,0.1044,10.0
2024-25,ENG1,aston villa,2024-12-21 12:30:00,26762,0.0,8.0
2024-25,ENG1,aston villa,2024-12-26 15:00:00,26778,0.0687,11.0
2024-25,ENG1,aston villa,2024-12-30 19:45:00,26782,0.0337,11.0
2024-25,ENG1,aston villa,2025-01-04 15:00:00,26793,0.0691,11.0
2024-25,ENG1,aston villa,2025-01-15 19:30:00,26804,0.0007,9.0
2024-25,ENG1,aston villa,2025-01-18 17:30:00,26812,0.013,11.0
2024-25,ENG1,aston villa,2025-01-26 16:30:00,26823,0.0096,11.0
2024-25,ENG1,aston villa,2025-02-01 17:30:00,26841,-0.0024,13.0
2024-25,ENG1,aston villa,2025-02-15 15:00:00,26842,0.0183,14.0
2024-25,ENG1,aston villa,2025-02-19 15:00:00,26884,-0.0161,13.0
2024-25,ENG1,aston villa,2025-02-22 17:30:00,26854,0.041,12.0
2024-25,ENG1,aston villa,2025-02-25 19:30:00,26868,-0.0223,14.0
2024-25,ENG1,aston villa,2025-03-08 17:30:00,26872,-0.0343,12.0
2024-25,ENG1,aston villa,2025-04-02 19:45:00,26893,-0.0453,12.0
2024-25,ENG1,aston villa,2025-04-05 16:30:00,26902,0.103,15.0
2024-25,ENG1,aston villa,2025-04-12 14:00:00,26921,0.0793,11.0
2024-25,ENG1,aston villa,2025-04-19 16:30:00,26922,0.0642,11.0
2024-25,ENG1,aston villa,2025-04-22 19:00:00,26937,0.0342,13.0
2024-25,ENG1,aston villa,2025-05-03 11:30:00,26946,0.0858,13.0
2024-25,ENG1,aston villa,2025-05-10 16:30:00,26955,0.056,11.0
2024-25,ENG1,aston villa,2025-05-16 18:30:00,26963,0.0568,9.0
2024-25,ENG1,aston villa,2025-05-25 15:00:00,26974,0.0522,12.0
2024-25,ENG1,bournemouth,2024-08-17 14:00:00,26607,0.0395,14.0
2024-25,ENG1,bournemouth,2024-08-25 13:00:00,26620,0.035,13.0
2024-25,ENG1,bournemouth,2024-08-31 14:00:00,26624,0.0542,13.0
2024-25,ENG1,bournemouth,2024-09-14 19:00:00,26639,0.084,15.0
2024-25,ENG1,bournemouth,2024-09-21 14:00:00,26645,0.1245,15.0
2024-25,ENG1,bournemouth,2024-09-30 19:00:00,26661,0.1316,13.0
2024-25,ENG1,bournemouth,2024-10-05 14:00:00,26663,0.151,14.0
2024-25,ENG1,bournemouth,2024-10-19 16:30:00,26680,0.1622,14.0
2024-25,ENG1,bournemouth,2024-10-26 14:00:00,26684,0.154,14.0
2024-25,ENG1,bournemouth,2024-11-02 15:00:00,26692,0.0369,14.0
2024-25,ENG1,bournemouth,2024-11-09 15:00:00,26702,0.055,14.0
2024-25,ENG1,bournemouth,2024-11-23 15:00:00,26712,0.1119,14.0
2024-25,ENG1,bournemouth,2024-11-30 15:00:00,26731,0.1184,11.0
2024-25,ENG1,bournemouth,2024-12-05 20:15:00,26732,0.1188,12.0
2024-25,ENG1,bournemouth,2024-12-08 14:00:00,26750,0.1353,14.0
2024-25,ENG1,bournemouth,2024-12-16 20:00:00,26754,0.2652,12.0
2024-25,ENG1,bournemouth,2024-12-22 14:00:00,26769,0.2499,13.0
2024-25,ENG1,bournemouth,2024-12-26 15:00:00,26772,0.2473,13.0
2024-25,ENG1,bournemouth,2024-12-29 15:00:00,26786,0.1746,12.0
2024-25,ENG1,bournemouth,2025-01-04 15:00:00,26792,0.2002,14.0
2024-25,ENG1,bournemouth,2025-01-14 19:30:00,26809,0.2795,12.0
2024-25,ENG1,bournemouth,2025-01-18 12:30:00,26819,0.1882,10.0
2024-25,ENG1,bournemouth,2025-01-25 15:00:00,26822,0.1873,10.0
2024-25,ENG1,bournemouth,2025-02-01 15:00:00,26832,0.1572,11.0
2024-25,ENG1,bournemouth,2025-02-15 15:00:00,26849,0.149,12.0
2024-25,ENG1,bournemouth,2025-02-22 15:00:00,26852,0.1843,13.0
2024-25,ENG1,bournemouth,2025-02-25 19:30:00,26863,0.0973,12.0
2024-25,ENG1,bournemouth,2025-03-09 14:00:00,26879,0.0661,12.0
2024-25,ENG1,bournemouth,2025-03-15 17:30:00,26882,0.0601,13.0
2024-25,ENG1,bournemouth,2025-04-02 19:45:00,26896,0.0798,13.0
2024-25,ENG1,bournemouth,2025-04-05 14:00:00,26911,0.0498,13.0
2024-25,ENG1,bournemouth,2025-04-14 19:00:00,26912,0.051,12.0
2024-25,ENG1,bournemouth,2025-04-19 14:00:00,26924,0.1036,13.0
2024-25,ENG1,bournemouth,2025-04-27 13:00:00,26932,0.0834,12.0
2024-25,ENG1,bournemouth,2025-05-03 16:30:00,26945,0.039,13.0
2024-25,ENG1,bournemouth,2025-05-10 16:30:00,26955,0.0304,12.0
2024-25,ENG1,bournemouth,2025-05-20 19:00:00,26970,0.0193,12.0
2024-25,ENG1,bournemouth,2025-05-25 15:00:00,26979,-0.0303,11.0
2024-25,ENG1,brentford,2024-08-18 13:00:00,26609,0.049,13.0
2024-25,ENG1,brentford,2024-08-25 15:30:00,26621,0.0666,15.0
2024-25,ENG1,brentford,2024-08-31 14:00:00,26623,0.0127,14.0
2024-25,ENG1,brentford,2024-09-14 14:00:00,26637,0.0462,14.0
2024-25,ENG1,brentford,2024-09-21 14:00:00,26648,0.0213,11.0
2024-25,ENG1,brentford,2024-09-28 14:00:00,26656,0.0,11.0
2024-25,ENG1,brentford,2024-10-05 14:00:00,26667,-0.015,11.0
2024-25,ENG1,brentford,2024-10-19 14:00:00,26675,0.0526,12.0
2024-25,ENG1,brentford,2024-10-26 14:00:00,26685,0.0613,11.0
2024-25,ENG1,brentford,2024-11-04 20:00:00,26693,0.1033,14.0
2024-25,ENG1,brentford,2024-11-09 15:00:00,26702,0.0746,11.0
2024-25,ENG1,brentford,2024-11-23 15:00:00,26715,0.0864,12.0
2024-25,ENG1,brentford,2024-11-30 15:00:00,26722,0.0911,13.0
2024-25,ENG1,brentford,2024-12-04 20:15:00,26734,0.0667,11.0
2024-25,ENG1,brentford,2024-12-07 15:00:00,26743,0.0627,11.0
2024-25,ENG1,brentford,2024-12-15 19:00:00,26757,0.0166,14.0
2024-25,ENG1,brentford,2024-12-21 15:00:00,26766,0.1196,12.0
2024-25,ENG1,brentford,2024-12-27 19:30:00,26774,0.098,11.0
2024-25,ENG1,brentford,2025-01-01 17:30:00,26783,0.0061,12.0
2024-25,ENG1,brentford,2025-01-04 15:00:00,26799,0.0179,12.0
2024-25,ENG1,brentford,2025-01-14 19:30:00,26803,0.067,12.0
2024-25,ENG1,brentford,2025-01-18 15:00:00,26813,0.0957,11.0
2024-25,ENG1,brentford,2025-01-26 14:00:00,26825,0.0788,12.0
2024-25,ENG1,brentford,2025-02-02 14:00:00,26834,0.1516,11.0
2024-25,ENG1,brentford,2025-02-15 15:00:00,26851,0.1488,13.0
2024-25,ENG1,brentford,2025-02-21 20:00:00,26858,0.2128,12.0
2024-25,ENG1,brentford,2025-02-26 19:30:00,26862,0.1169,10.0
2024-25,ENG1,brentford,2025-03-08 17:30:00,26872,0.0829,12.0
2024-25,ENG1,brentford,2025-03-15 17:30:00,26882,0.0378,12.0
2024-25,ENG1,brentford,2025-04-02 19:45:00,26899,0.0218,11.0
2024-25,ENG1,brentford,2025-04-06 13:00:00,26903,0.0417,11.0
2024-25,ENG1,brentford,2025-04-12 16:30:00,26913,0.0207,11.0
2024-25,ENG1,brentford,2025-04-19 14:00:00,26923,0.0245,13.0
2024-25,ENG1,brentford,2025-05-01 18:30:00,26939,0.044,12.0
2024-25,ENG1,brentford,2025-05-04 13:00:00,26947,0.0646,12.0
2024-25,ENG1,brentford,2025-05-10 14:00:00,26954,0.1299,11.0
2024-25,ENG1,brentford,2025-05-18 14:00:00,26964,0.1178,13.0
2024-25,ENG1,brentford,2025-05-25 15:00:00,26978,0.1305,10.0
2024-25,ENG1,brighton hove albion,2024-08-17 14:00:00,26605,0.0721,11.0
2024-25,ENG1,brighton hove albion,2024-08-24 11:30:00,26612,0.0603,12.0
2024-25,ENG1,brighton hove albion,2024-08-31 11:30:00,26622,0.1287,12.0
2024-25,ENG1,brighton hove albion,2024-09-14 14:00:00,26633,0.1112,13.0
2024-25,ENG1,brighton hove albion,2024-09-22 13:00:00,26650,0.1169,12.0
2024-25,ENG1,brighton hove albion,2024-09-28 14:00:00,26657,0.0495,12.0
2024-25,ENG1,brighton hove albion,2024-10-06 15:30:00,26671,0.1094,12.0
2024-25,ENG1,brighton hove albion,2024-10-19 14:00:00,26676,0.0218,12.0
2024-25,ENG1,brighton hove albion,2024-10-26 14:00:00,26686,0.0797,11.0
2024-25,ENG1,brighton hove albion,2024-11-02 15:00:00,26696,0.0773,11.0
2024-25,ENG1,brighton hove albion,2024-11-09 17:30:00,26703,0.0422,12.0
2024-25,ENG1,brighton hove albion,2024-11-23 15:00:00,26712,0.104,11.0
2024-25,ENG1,brighton hove albion,2024-11-29 20:00:00,26723,0.1334,11.0
2024-25,ENG1,brighton hove albion,2024-12-05 19:30:00,26736,0.1903,10.0
2024-25,ENG1,brighton hove albion,2024-12-08 14:00:00,26751,0.0962,14.0
2024-25,ENG1,brighton hove albion,2024-12-15 14:00:00,26756,0.0817,14.0
2024-25,ENG1,brighton hove albion,2024-12-21 15:00:00,26767,0.1145,14.0
2024-25,ENG1,brighton hove albion,2024-12-27 19:30:00,26774,0.0353,13.0
2024-25,ENG1,brighton hove albion,2024-12-30 19:45:00,26782,-0.0057,13.0
2024-25,ENG1,brighton hove albion,2025-01-04 17:30:00,26794,-0.0175,13.0
2024-25,ENG1,brighton hove albion,2025-01-16 19:30:00,26805,0.0011,14.0
2024-25,ENG1,brighton hove albion,2025-01-19 14:00:00,26818,-0.0277,12.0
2024-25,ENG1,brighton hove albion,2025-01-25 15:00:00,26824,-0.0252,12.0
2024-25,ENG1,brighton hove albion,2025-02-01 12:30:00,26840,0.0542,14.0
2024-25,ENG1,brighton hove albion,2025-02-14 20:00:00,26843,0.0323,12.0
2024-25,ENG1,brighton hove albion,2025-02-22 15:00:00,26861,0.0304,12.0
2024-25,ENG1,brighton hove albion,2025-02-25 19:30:00,26863,0.2006,13.0
2024-25,ENG1,brighton hove albion,2025-03-08 15:00:00,26873,0.1315,13.0
2024-25,ENG1,brighton hove albion,2025-03-15 15:00:00,26889,0.1422,12.0
2024-25,ENG1,brighton hove albion,2025-04-02 19:45:00,26893,0.0742,13.0
2024-25,ENG1,brighton hove albion,2025-04-05 14:00:00,26904,0.1591,14.0
2024-25,ENG1,brighton hove albion,2025-04-12 14:00:00,26914,0.1442,12.0
2024-25,ENG1,brighton hove albion,2025-04-19 14:00:00,26923,0.1286,12.0
2024-25,ENG1,brighton hove albion,2025-04-26 14:00:00,26934,0.0685,12.0
2024-25,ENG1,brighton hove albion,2025-05-04 13:00:00,26944,-0.025,13.0
2024-25,ENG1,brighton hove albion,2025-05-10 14:00:00,26961,-0.0421,12.0
2024-25,ENG1,brighton hove albion,2025-05-19 19:00:00,26965,0.0088,13.0
2024-25,ENG1,brighton hove albion,2025-05-25 15:00:00,26976,0.0189,14.0
2024-25,ENG1,chelsea,2024-08-18 15:30:00,26610,0.0631,14.0
2024-25,ENG1,chelsea,2024-08-25 13:00:00,26619,0.0378,13.0
2024-25,ENG1,chelsea,2024-09-01 12:30:00,26630,0.0601,13.0
2024-25,ENG1,chelsea,2024-09-14 19:00:00,26639,0.0496,15.0
2024-25,ENG1,chelsea,2024-09-21 11:30:00,26642,0.0048,15.0
2024-25,ENG1,chelsea,2024-09-28 14:00:00,26657,0.0237,14.0
2024-25,ENG1,chelsea,2024-10-06 13:00:00,26668,0.0698,11.0
2024-25,ENG1,chelsea,2024-10-20 15:30:00,26679,0.0926,14.0
2024-25,ENG1,chelsea,2024-10-27 14:00:00,26688,0.0654,13.0
2024-25,ENG1,chelsea,2024-11-03 16:30:00,26697,0.0227,14.0
2024-25,ENG1,chelsea,2024-11-10 16:30:00,26705,0.0348,13.0
2024-25,ENG1,chelsea,2024-11-23 12:30:00,26719,0.0361,10.0
2024-25,ENG1,chelsea,2024-12-01 13:30:00,26724,-0.0224,13.0
2024-25,ENG1,chelsea,2024-12-04 19:30:00,26741,0.1401,12.0
2024-25,ENG1,chelsea,2024-12-08 16:30:00,26745,0.0151,12.0
2024-25,ENG1,chelsea,2024-12-15 19:00:00,26757,0.0669,11.0
2024-25,ENG1,chelsea,2024-12-22 14:00:00,26764,0.0662,13.0
2024-25,ENG1,chelsea,2024-12-26 15:00:00,26775,0.0648,12.0
2024-25,ENG1,chelsea,2024-12-30 19:45:00,26787,0.1529,13.0
2024-25,ENG1,chelsea,2025-01-04 15:00:00,26795,0.0307,10.0
2024-25,ENG1,chelsea,2025-01-14 19:30:00,26809,0.0307,12.0
2024-25,ENG1,chelsea,2025-01-20 20:00:00,26814,0.0571,12.0
2024-25,ENG1,chelsea,2025-01-25 17:30:00,26828,0.0863,14.0
2024-25,ENG1,chelsea,2025-02-03 20:00:00,26835,0.0308,15.0
2024-25,ENG1,chelsea,2025-02-14 20:00:00,26843,0.0183,14.0
2024-25,ENG1,chelsea,2025-02-22 17:30:00,26854,-0.0276,11.0
2024-25,ENG1,chelsea,2025-02-25 20:15:00,26869,-0.006,12.0
2024-25,ENG1,chelsea,2025-03-09 14:00:00,26874,0.0263,13.0
2024-25,ENG1,chelsea,2025-03-16 13:30:00,26883,0.0209,12.0
2024-25,ENG1,chelsea,2025-04-03 19:00:00,26897,0.0247,12.0
2024-25,ENG1,chelsea,2025-04-06 13:00:00,26903,0.0207,15.0
2024-25,ENG1,chelsea,2025-04-13 13:00:00,26915,0.049,13.0
2024-25,ENG1,chelsea,2025-04-20 13:00:00,26926,0.0297,14.0
2024-25,ENG1,chelsea,2025-04-26 11:30:00,26935,-0.0286,12.0
2024-25,ENG1,chelsea,2025-05-04 15:30:00,26948,-0.0709,13.0
2024-25,ENG1,chelsea,2025-05-11 11:00:00,26957,-0.0187,12.0
2024-25,ENG1,chelsea,2025-05-16 19:15:00,26966,0.0777,11.0
2024-25,ENG1,chelsea,2025-05-25 15:00:00,26972,0.0331,13.0
2024-25,ENG1,crystal palace,2024-08-18 13:00:00,26609,0.1295,14.0
2024-25,ENG1,crystal palace,2024-08-24 14:00:00,26613,0.0458,13.0
2024-25,ENG1,crystal palace,2024-09-01 12:30:00,26630,0.0568,12.0
2024-25,ENG1,crystal palace,2024-09-14 14:00:00,26636,0.0171,12.0
2024-25,ENG1,crystal palace,2024-09-21 16:30:00,26649,0.0499,14.0
2024-25,ENG1,crystal palace,2024-09-28 14:00:00,26654,0.0387,13.0
2024-25,ENG1,crystal palace,2024-10-05 11:30:00,26662,0.0533,14.0
2024-25,ENG1,crystal palace,2024-10-21 19:00:00,26677,0.0007,14.0
2024-25,ENG1,crystal palace,2024-10-27 14:00:00,26689,0.0016,13.0
2024-25,ENG1,crystal palace,2024-11-02 17:30:00,26701,-0.0251,11.0
2024-25,ENG1,crystal palace,2024-11-09 15:00:00,26706,0.0168,11.0
2024-25,ENG1,crystal palace,2024-11-23 15:00:00,26716,0.0045,11.0
2024-25,ENG1,crystal palace,2024-11-30 15:00:00,26725,0.0141,12.0
2024-25,ENG1,crystal palace,2024-12-03 19:30:00,26737,0.0521,12.0
2024-25,ENG1,crystal palace,2024-12-07 15:00:00,26747,0.0532,13.0
2024-25,ENG1,crystal palace,2024-12-15 14:00:00,26756,0.0495,13.0
2024-25,ENG1,crystal palace,2024-12-21 17:30:00,26765,0.0357,13.0
2024-25,ENG1,crystal palace,2024-12-26 15:00:00,26772,0.0722,11.0
2024-25,ENG1,crystal palace,2024-12-29 15:00:00,26784,0.0375,11.0
2024-25,ENG1,crystal palace,2025-01-04 15:00:00,26795,0.057,11.0
2024-25,ENG1,crystal palace,2025-01-15 19:30:00,26806,0.0526,12.0
2024-25,ENG1,crystal palace,2025-01-18 15:00:00,26821,0.0683,13.0
2024-25,ENG1,crystal palace,2025-01-26 14:00:00,26825,0.0427,12.0
2024-25,ENG1,crystal palace,2025-02-02 14:00:00,26838,0.0004,12.0
2024-25,ENG1,crystal palace,2025-02-15 17:30:00,26844,0.0507,14.0
2024-25,ENG1,crystal palace,2025-02-22 15:00:00,26856,0.0523,12.0
2024-25,ENG1,crystal palace,2025-02-25 19:30:00,26868,0.0476,12.0
2024-25,ENG1,crystal palace,2025-03-08 15:00:00,26875,0.0716,13.0
2024-25,ENG1,crystal palace,2025-04-02 19:45:00,26900,0.12,15.0
2024-25,ENG1,crystal palace,2025-04-05 14:00:00,26904,0.0841,13.0
2024-25,ENG1,crystal palace,2025-04-12 11:30:00,26917,0.0376,14.0
2024-25,ENG1,crystal palace,2025-04-16 18:30:00,26890,0.0457,14.0
2024-25,ENG1,crystal palace,2025-04-19 14:00:00,26924,0.0475,14.0
2024-25,ENG1,crystal palace,2025-04-23 19:00:00,26933,-0.0225,13.0
2024-25,ENG1,crystal palace,2025-05-05 19:00:00,26949,0.0233,13.0
2024-25,ENG1,crystal palace,2025-05-11 13:15:00,26960,0.0434,14.0
2024-25,ENG1,crystal palace,2025-05-20 19:00:00,26967,0.1505,13.0
2024-25,ENG1,crystal palace,2025-05-25 15:00:00,26975,0.1234,13.0
2024-25,ENG1,everton,2024-08-17 14:00:00,26605,0.0023,11.0
2024-25,ENG1,everton,2024-08-24 14:00:00,26617,-0.0078,12.0
2024-25,ENG1,everton,2024-08-31 14:00:00,26624,-0.0167,10.0
2024-25,ENG1,everton,2024-09-14 16:30:00,26638,-0.019,12.0
2024-25,ENG1,everton,2024-09-21 14:00:00,26644,-0.0031,12.0
2024-25,ENG1,everton,2024-09-28 14:00:00,26654,0.0274,11.0
2024-25,ENG1,everton,2024-10-05 16:30:00,26669,0.014,13.0
2024-25,ENG1,everton,2024-10-19 14:00:00,26674,0.0244,10.0
2024-25,ENG1,everton,2024-10-26 16:30:00,26687,0.0434,11.0
2024-25,ENG1,everton,2024-11-02 15:00:00,26699,0.0194,12.0
2024-25,ENG1,everton,2024-11-09 15:00:00,26710,0.0137,11.0
2024-25,ENG1,everton,2024-11-23 15:00:00,26715,0.0028,12.0
2024-25,ENG1,everton,2024-12-01 13:30:00,26727,0.0481,14.0
2024-25,ENG1,everton,2024-12-04 19:30:00,26735,-0.0374,11.0
2024-25,ENG1,everton,2024-12-14 15:00:00,26755,0.0296,12.0
2024-25,ENG1,everton,2024-12-22 14:00:00,26764,0.0474,13.0
2024-25,ENG1,everton,2024-12-26 12:30:00,26777,0.065,11.0
2024-25,ENG1,everton,2024-12-29 15:00:00,26785,-0.0079,14.0
2024-25,ENG1,everton,2025-01-04 15:00:00,26792,-0.0618,12.0
2024-25,ENG1,everton,2025-01-15 19:30:00,26804,-0.0294,11.0
2024-25,ENG1,everton,2025-01-19 14:00:00,26815,-0.0682,10.0
2024-25,ENG1,everton,2025-01-25 15:00:00,26824,0.047,12.0
2024-25,ENG1,everton,2025-02-01 15:00:00,26836,0.0118,10.0
2024-25,ENG1,everton,2025-02-12 19:30:00,26748,0.1329,11.0
2024-25,ENG1,everton,2025-02-15 17:30:00,26844,0.0016,10.0
2024-25,ENG1,everton,2025-02-22 12:30:00,26855,0.0011,11.0
2024-25,ENG1,everton,2025-02-26 19:30:00,26862,0.0255,12.0
2024-25,ENG1,everton,2025-03-08 20:00:00,26881,0.0138,12.0
2024-25,ENG1,everton,2025-03-15 15:00:00,26885,0.0692,11.0
2024-25,ENG1,everton,2025-04-02 20:00:00,26901,0.0664,11.0
2024-25,ENG1,everton,2025-04-05 11:30:00,26905,0.0497,13.0
2024-25,ENG1,everton,2025-04-12 14:00:00,26920,0.0077,12.0
2024-25,ENG1,everton,2025-04-19 14:00:00,26925,0.0071,15.0
2024-25,ENG1,everton,2025-04-26 11:30:00,26935,0.0136,14.0
2024-25,ENG1,everton,2025-05-03 14:00:00,26950,0.0241,11.0
2024-25,ENG1,everton,2025-05-10 14:00:00,26953,-0.0258,12.0
2024-25,ENG1,everton,2025-05-18 11:00:00,26968,-0.0091,15.0
2024-25,ENG1,everton,2025-05-25 15:00:00,26973,0.0047,12.0
2024-25,ENG1,fulham,2024-08-16 19:00:00,26602,0.0612,14.0
2024-25,ENG1,fulham,2024-08-24 14:00:00,26614,0.0147,13.0
2024-25,ENG1,fulham,2024-08-31 14:00:00,26625,0.0123,12.0
2024-25,ENG1,fulham,2024-09-14 14:00:00,26634,0.0596,15.0
2024-25,ENG1,fulham,2024-09-21 14:00:00,26646,0.0743,15.0
2024-25,ENG1,fulham,2024-09-28 14:00:00,26653,0.1295,13.0
2024-25,ENG1,fulham,2024-10-05 14:00:00,26664,0.1099,16.0
2024-25,ENG1,fulham,2024-10-19 14:00:00,26673,0.1495,13.0
2024-25,ENG1,fulham,2024-10-26 16:30:00,26687,0.1467,14.0
2024-25,ENG1,fulham,2024-11-04 20:00:00,26693,0.1737,14.0
2024-25,ENG1,fulham,2024-11-09 15:00:00,26706,0.1345,12.0
2024-25,ENG1,fulham,2024-11-23 15:00:00,26717,0.0982,16.0
2024-25,ENG1,fulham,2024-12-01 13:30:00,26729,0.0365,13.0
2024-25,ENG1,fulham,2024-12-05 19:30:00,26736,0.0387,13.0
2024-25,ENG1,fulham,2024-12-08 14:00:00,26749,0.0402,13.0
2024-25,ENG1,fulham,2024-12-14 15:00:00,26752,-0.0149,14.0
2024-25,ENG1,fulham,2024-12-22 14:00:00,26763,0.0183,14.0
2024-25,ENG1,fulham,2024-12-26 15:00:00,26775,0.0101,14.0
2024-25,ENG1,fulham,2024-12-29 15:00:00,26786,0.0189,13.0
2024-25,ENG1,fulham,2025-01-05 14:00:00,26796,0.0095,15.0
2024-25,ENG1,fulham,2025-01-14 19:30:00,26808,0.0221,13.0
2024-25,ENG1,fulham,2025-01-18 15:00:00,26817,0.0807,13.0
2024-25,ENG1,fulham,2025-01-26 19:00:00,26826,0.115,13.0
2024-25,ENG1,fulham,2025-02-01 15:00:00,26839,0.1252,13.0
2024-25,ENG1,fulham,2025-02-15 15:00:00,26845,0.1072,12.0
2024-25,ENG1,fulham,2025-02-22 15:00:00,26856,0.1328,13.0
2024-25,ENG1,fulham,2025-02-25 19:30:00,26867,0.1392,16.0
2024-25,ENG1,fulham,2025-03-08 15:00:00,26873,0.0772,12.0
2024-25,ENG1,fulham,2025-03-16 13:30:00,26886,0.0919,14.0
2024-25,ENG1,fulham,2025-04-01 19:45:00,26892,0.0313,14.0
2024-25,ENG1,fulham,2025-04-06 13:00:00,26906,0.127,14.0
2024-25,ENG1,fulham,2025-04-14 19:00:00,26912,0.0858,15.0
2024-25,ENG1,fulham,2025-04-20 13:00:00,26926,0.0593,14.0
2024-25,ENG1,fulham,2025-04-26 14:00:00,26940,-0.0032,14.0
2024-25,ENG1,fulham,2025-05-03 11:30:00,26946,-0.0233,16.0
2024-25,ENG1,fulham,2025-05-10 14:00:00,26953,0.0115,14.0
2024-25,ENG1,fulham,2025-05-18 14:00:00,26964,-0.0405,14.0
2024-25,ENG1,fulham,2025-05-25 15:00:00,26981,-0.0053,15.0
2024-25,ENG1,ipswich town,2024-08-17 11:30:00,26603,-0.0564,3.0
2024-25,ENG1,ipswich town,2024-08-24 14:00:00,26615,-0.0886,6.0
2024-25,ENG1,ipswich town,2024-08-31 14:00:00,26625,-0.0434,11.0
2024-25,ENG1,ipswich town,2024-09-14 14:00:00,26633,-0.0535,11.0
2024-25,ENG1,ipswich town,2024-09-21 14:00:00,26643,-0.047,11.0
2024-25,ENG1,ipswich town,2024-09-29 13:00:00,26659,-0.0023,13.0
2024-25,ENG1,ipswich town,2024-10-05 14:00:00,26665,0.0205,14.0
2024-25,ENG1,ipswich town,2024-10-19 14:00:00,26674,0.0264,13.0
2024-25,ENG1,ipswich town,2024-10-26 14:00:00,26685,0.1622,10.0
2024-25,ENG1,ipswich town,2024-11-02 15:00:00,26695,0.0435,13.0
2024-25,ENG1,ipswich town,2024-11-10 14:00:00,26709,0.0605,13.0
2024-25,ENG1,ipswich town,2024-11-24 16:30:00,26718,0.1027,13.0
2024-25,ENG1,ipswich town,2024-11-30 15:00:00,26728,0.0906,14.0
2024-25,ENG1,ipswich town,2024-12-03 19:30:00,26737,0.0504,13.0
2024-25,ENG1,ipswich town,2024-12-08 14:00:00,26750,0.0581,11.0
2024-25,ENG1,ipswich town,2024-12-14 15:00:00,26758,0.0334,13.0
2024-25,ENG1,ipswich town,2024-12-21 15:00:00,26771,0.0224,13.0
2024-25,ENG1,ipswich town,2024-12-27 20:15:00,26773,0.0507,12.0
2024-25,ENG1,ipswich town,2024-12-30 19:45:00,26787,0.0043,9.0
2024-25,ENG1,ipswich town,2025-01-05 14:00:00,26796,0.0053,15.0
2024-25,ENG1,ipswich town,2025-01-16 19:30:00,26805,0.0068,13.0
2024-25,ENG1,ipswich town,2025-01-19 16:30:00,26816,0.0305,16.0
2024-25,ENG1,ipswich town,2025-01-25 15:00:00,26827,0.0072,13.0
2024-25,ENG1,ipswich town,2025-02-01 15:00:00,26837,-0.0162,13.0
2024-25,ENG1,ipswich town,2025-02-15 15:00:00,26842,0.0019,12.0
2024-25,ENG1,ipswich town,2025-02-22 15:00:00,26857,-0.043,13.0
2024-25,ENG1,ipswich town,2025-02-26 19:30:00,26871,-0.0262,13.0
2024-25,ENG1,ipswich town,2025-03-08 15:00:00,26875,-0.0192,14.0
2024-25,ENG1,ipswich town,2025-03-15 15:00:00,26887,-0.0034,12.0
2024-25,ENG1,ipswich town,2025-04-02 19:45:00,26896,0.0177,14.0
2024-25,ENG1,ipswich town,2025-04-05 14:00:00,26907,0.0104,12.0
2024-25,ENG1,ipswich town,2025-04-13 13:00:00,26915,0.0313,15.0
2024-25,ENG1,ipswich town,2025-04-20 13:00:00,26927,0.0009,13.0
2024-25,ENG1,ipswich town,2025-04-26 14:00:00,26938,0.005,14.0
2024-25,ENG1,ipswich town,2025-05-03 14:00:00,26950,-0.0178,14.0
2024-25,ENG1,ipswich town,2025-05-10 14:00:00,26954,-0.004,14.0
2024-25,ENG1,ipswich town,2025-05-18 14:00:00,26969,0.0039,15.0
2024-25,ENG1,ipswich town,2025-05-25 15:00:00,26980,0.0069,15.0
2024-25,ENG1,leicester city,2024-08-19 19:00:00,26611,-0.0055,8.0
2024-25,ENG1,leicester city,2024-08-24 14:00:00,26614,-0.0227,9.0
2024-25,ENG1,leicester city,2024-08-31 14:00:00,26626,-0.0304,10.0
2024-25,ENG1,leicester city,2024-09-14 14:00:00,26636,-0.046,10.0
2024-25,ENG1,leicester city,2024-09-21 14:00:00,26644,0.0243,10.0
2024-25,ENG1,leicester city,2024-09-28 14:00:00,26655,0.0318,10.0
2024-25,ENG1,leicester city,2024-10-05 14:00:00,26663,0.0539,11.0
2024-25,ENG1,leicester city,2024-10-19 14:00:00,26678,0.0396,12.0
2024-25,ENG1,leicester city,2024-10-25 19:00:00,26682,0.0616,13.0
2024-25,ENG1,leicester city,2024-11-02 15:00:00,26695,0.0751,10.0
2024-25,ENG1,leicester city,2024-11-10 14:00:00,26708,-0.0195,10.0
2024-25,ENG1,leicester city,2024-11-23 12:30:00,26719,-0.0403,12.0
2024-25,ENG1,leicester city,2024-11-30 15:00:00,26722,0.0489,15.0
2024-25,ENG1,leicester city,2024-12-03 20:15:00,26738,0.0203,13.0
2024-25,ENG1,leicester city,2024-12-08 14:00:00,26751,0.0563,12.0
2024-25,ENG1,leicester city,2024-12-14 15:00:00,26760,0.0298,14.0
2024-25,ENG1,leicester city,2024-12-22 14:00:00,26770,0.0216,13.0
2024-25,ENG1,leicester city,2024-12-26 20:00:00,26776,0.0547,11.0
2024-25,ENG1,leicester city,2024-12-29 14:30:00,26788,-0.0043,10.0
2024-25,ENG1,leicester city,2025-01-04 15:00:00,26793,0.0489,12.0
2024-25,ENG1,leicester city,2025-01-15 19:30:00,26806,0.0111,13.0
2024-25,ENG1,leicester city,2025-01-18 15:00:00,26817,0.0646,14.0
2024-25,ENG1,leicester city,2025-01-26 14:00:00,26830,-0.0359,11.0
2024-25,ENG1,leicester city,2025-02-01 15:00:00,26836,-0.0202,11.0
2024-25,ENG1,leicester city,2025-02-15 12:30:00,26846,-0.0135,10.0
2024-25,ENG1,leicester city,2025-02-21 20:00:00,26858,-0.0446,11.0
2024-25,ENG1,leicester city,2025-02-27 20:00:00,26866,-0.0407,11.0
2024-25,ENG1,leicester city,2025-03-09 14:00:00,26874,-0.0661,12.0
2024-25,ENG1,leicester city,2025-03-16 19:00:00,26888,-0.0709,12.0
2024-25,ENG1,leicester city,2025-04-02 19:45:00,26898,-0.0676,14.0
2024-25,ENG1,leicester city,2025-04-07 19:00:00,26908,-0.0728,13.0
2024-25,ENG1,leicester city,2025-04-12 14:00:00,26914,-0.0398,14.0
2024-25,ENG1,leicester city,2025-04-20 15:30:00,26928,-0.0477,12.0
2024-25,ENG1,leicester city,2025-04-26 14:00:00,26941,-0.0593,14.0
2024-25,ENG1,leicester city,2025-05-03 14:00:00,26951,-0.0582,11.0
2024-25,ENG1,leicester city,2025-05-11 13:15:00,26958,-0.0443,13.0
2024-25,ENG1,leicester city,2025-05-18 14:00:00,26969,-0.0331,13.0
2024-25,ENG1,leicester city,2025-05-25 15:00:00,26979,-0.0112,13.0
2024-25,ENG1,liverpool,2024-08-17 11:30:00,26603,0.1088,13.0
2024-25,ENG1,liverpool,2024-08-25 15:30:00,26621,0.1518,13.0
2024-25,ENG1,liverpool,2024-09-01 15:00:00,26631,0.1973,11.0
2024-25,ENG1,liverpool,2024-09-14 14:00:00,26635,0.206,14.0
2024-25,ENG1,liverpool,2024-09-21 14:00:00,26645,0.0755,12.0
2024-25,ENG1,liverpool,2024-09-28 16:30:00,26658,0.1539,12.0
2024-25,ENG1,liverpool,2024-10-05 11:30:00,26662,0.0926,12.0
2024-25,ENG1,liverpool,2024-10-20 15:30:00,26679,0.063,12.0
2024-25,ENG1,liverpool,2024-10-27 16:30:00,26691,-0.0161,12.0
2024-25,ENG1,liverpool,2024-11-02 15:00:00,26696,-0.0285,13.0
2024-25,ENG1,liverpool,2024-11-09 20:00:00,26707,0.0351,13.0
2024-25,ENG1,liverpool,2024-11-24 14:00:00,26721,0.0825,12.0
2024-25,ENG1,liverpool,2024-12-01 16:00:00,26726,-0.0212,11.0
2024-25,ENG1,liverpool,2024-12-04 19:30:00,26740,0.0823,12.0
2024-25,ENG1,liverpool,2024-12-14 15:00:00,26752,0.0867,11.0
2024-25,ENG1,liverpool,2024-12-22 16:30:00,26768,0.0598,11.0
2024-25,ENG1,liverpool,2024-12-26 20:00:00,26776,0.2219,11.0
2024-25,ENG1,liverpool,2024-12-29 17:15:00,26791,0.1463,13.0
2024-25,ENG1,liverpool,2025-01-05 16:30:00,26797,0.2045,12.0
2024-25,ENG1,liverpool,2025-01-14 20:00:00,26807,0.1663,12.0
2024-25,ENG1,liverpool,2025-01-18 15:00:00,26813,0.1452,11.0
2024-25,ENG1,liverpool,2025-01-25 15:00:00,26827,0.1947,13.0
2024-25,ENG1,liverpool,2025-02-01 15:00:00,26832,0.1471,13.0
2024-25,ENG1,liverpool,2025-02-12 19:30:00,26748,0.1866,13.0
2024-25,ENG1,liverpool,2025-02-16 14:00:00,26847,0.0606,14.0
2024-25,ENG1,liverpool,2025-02-19 15:00:00,26884,0.0962,12.0
2024-25,ENG1,liverpool,2025-02-23 16:30:00,26859,-0.0169,11.0
2024-25,ENG1,liverpool,2025-02-26 20:15:00,26870,0.0063,13.0
2024-25,ENG1,liverpool,2025-03-08 15:00:00,26876,0.0091,13.0
2024-25,ENG1,liverpool,2025-04-02 20:00:00,26901,0.0757,11.0
2024-25,ENG1,liverpool,2025-04-06 13:00:00,26906,0.1038,14.0
2024-25,ENG1,liverpool,2025-04-13 13:00:00,26916,-0.0147,13.0
2024-25,ENG1,liverpool,2025-04-20 15:30:00,26928,-0.0195,13.0
2024-25,ENG1,liverpool,2025-04-27 15:30:00,26936,0.0278,14.0
2024-25,ENG1,liverpool,2025-05-04 15:30:00,26948,0.1237,14.0
2024-25,ENG1,liverpool,2025-05-11 15:30:00,26952,0.0613,13.0
2024-25,ENG1,liverpool,2025-05-19 19:00:00,26965,0.0825,13.0
2024-25,ENG1,liverpool,2025-05-25 15:00:00,26975,0.1004,14.0
2024-25,ENG1,manchester city,2024-08-18 15:30:00,26610,0.161,11.0
2024-25,ENG1,manchester city,2024-08-24 14:00:00,26615,0.1364,13.0
2024-25,ENG1,manchester city,2024-08-31 16:30:00,26628,0.1242,12.0
2024-25,ENG1,manchester city,2024-09-14 14:00:00,26637,0.124,12.0
2024-25,ENG1,manchester city,2024-09-22 15:30:00,26651,0.0538,12.0
2024-25,ENG1,manchester city,2024-09-28 11:30:00,26652,0.0303,11.0
2024-25,ENG1,manchester city,2024-10-05 14:00:00,26664,0.0372,13.0
2024-25,ENG1,manchester city,2024-10-20 13:00:00,26681,0.0602,12.0
2024-25,ENG1,manchester city,2024-10-26 14:00:00,26683,0.0708,10.0
2024-25,ENG1,manchester city,2024-11-02 15:00:00,26692,0.1088,11.0
2024-25,ENG1,manchester city,2024-11-09 17:30:00,26703,0.1169,11.0
2024-25,ENG1,manchester city,2024-11-23 17:30:00,26720,0.0699,13.0
2024-25,ENG1,manchester city,2024-12-01 16:00:00,26726,0.0741,12.0
2024-25,ENG1,manchester city,2024-12-04 19:30:00,26739,0.0719,12.0
2024-25,ENG1,manchester city,2024-12-07 15:00:00,26747,0.1643,10.0
2024-25,ENG1,manchester city,2024-12-15 16:30:00,26753,0.1081,11.0
2024-25,ENG1,manchester city,2024-12-21 12:30:00,26762,0.0225,12.0
2024-25,ENG1,manchester city,2024-12-26 12:30:00,26777,0.0053,11.0
2024-25,ENG1,manchester city,2024-12-29 14:30:00,26788,0.0497,12.0
2024-25,ENG1,manchester city,2025-01-04 15:00:00,26798,0.0353,12.0
2024-25,ENG1,manchester city,2025-01-14 19:30:00,26803,-0.0113,11.0
2024-25,ENG1,manchester city,2025-01-19 16:30:00,26816,-0.0277,14.0
2024-25,ENG1,manchester city,2025-01-25 17:30:00,26828,0.0668,11.0
2024-25,ENG1,manchester city,2025-02-02 16:30:00,26833,0.0932,12.0
2024-25,ENG1,manchester city,2025-02-15 15:00:00,26848,0.0917,10.0
2024-25,ENG1,manchester city,2025-02-23 16:30:00,26859,0.1391,12.0
2024-25,ENG1,manchester city,2025-02-26 19:30:00,26865,0.0689,10.0
2024-25,ENG1,manchester city,2025-03-08 12:30:00,26878,0.0095,12.0
2024-25,ENG1,manchester city,2025-03-15 15:00:00,26889,-0.0227,10.0
2024-25,ENG1,manchester city,2025-04-02 19:45:00,26898,0.0219,9.0
2024-25,ENG1,manchester city,2025-04-06 15:30:00,26909,-0.0502,13.0
2024-25,ENG1,manchester city,2025-04-12 11:30:00,26917,0.0242,9.0
2024-25,ENG1,manchester city,2025-04-19 14:00:00,26925,0.0215,11.0
2024-25,ENG1,manchester city,2025-04-22 19:00:00,26937,0.1169,11.0
2024-25,ENG1,manchester city,2025-05-02 19:00:00,26942,0.0285,11.0
2024-25,ENG1,manchester city,2025-05-10 14:00:00,26959,-0.0018,13.0
2024-25,ENG1,manchester city,2025-05-20 19:00:00,26970,0.0131,10.0
2024-25,ENG1,manchester city,2025-05-25 15:00:00,26981,-0.0002,10.0
2024-25,ENG1,manchester united,2024-08-16 19:00:00,26602,-0.0596,12.0
2024-25,ENG1,manchester united,2024-08-24 11:30:00,26612,-0.0446,14.0
2024-25,ENG1,manchester united,2024-09-01 15:00:00,26631,-0.0403,12.0
2024-25,ENG1,manchester united,2024-09-14 11:30:00,26632,-0.0455,12.0
2024-25,ENG1,manchester united,2024-09-21 16:30:00,26649,0.117,12.0
2024-25,ENG1,manchester united,2024-09-29 15:30:00,26660,0.0676,15.0
2024-25,ENG1,manchester united,2024-10-06 13:00:00,26670,0.0562,15.0
2024-25,ENG1,manchester united,2024-10-19 14:00:00,26675,0.022,11.0
2024-25,ENG1,manchester united,2024-10-27 14:00:00,26690,0.0242,11.0
2024-25,ENG1,manchester united,2024-11-03 16:30:00,26697,0.0324,11.0
2024-25,ENG1,manchester united,2024-11-10 14:00:00,26708,-0.0459,13.0
2024-25,ENG1,manchester united,2024-11-24 16:30:00,26718,-0.0173,14.0
2024-25,ENG1,manchester united,2024-12-01 13:30:00,26727,-0.0293,14.0
2024-25,ENG1,manchester united,2024-12-04 20:15:00,26733,-0.0285,14.0
2024-25,ENG1,manchester united,2024-12-07 17:30:00,26744,-0.0571,14.0
2024-25,ENG1,manchester united,2024-12-15 16:30:00,26753,-0.0623,11.0
2024-25,ENG1,manchester united,2024-12-22 14:00:00,26769,-0.0626,13.0
2024-25,ENG1,manchester united,2024-12-26 17:30:00,26781,-0.0139,15.0
2024-25,ENG1,manchester united,2024-12-30 20:00:00,26789,-0.0659,13.0
2024-25,ENG1,manchester united,2025-01-05 16:30:00,26797,-0.0417,11.0
2024-25,ENG1,manchester united,2025-01-16 20:00:00,26811,0.0439,12.0
2024-25,ENG1,manchester united,2025-01-19 14:00:00,26818,-0.0194,12.0
2024-25,ENG1,manchester united,2025-01-26 19:00:00,26826,0.0254,13.0
2024-25,ENG1,manchester united,2025-02-02 14:00:00,26838,-0.0041,12.0
2024-25,ENG1,manchester united,2025-02-16 16:30:00,26850,-0.0716,10.0
2024-25,ENG1,manchester united,2025-02-22 12:30:00,26855,-0.0746,12.0
2024-25,ENG1,manchester united,2025-02-26 19:30:00,26871,-0.0645,13.0
2024-25,ENG1,manchester united,2025-03-09 16:30:00,26877,-0.0459,13.0
2024-25,ENG1,manchester united,2025-03-16 19:00:00,26888,-0.0464,13.0
2024-25,ENG1,manchester united,2025-04-01 20:00:00,26894,-0.0437,13.0
2024-25,ENG1,manchester united,2025-04-06 15:30:00,26909,-0.0452,14.0
2024-25,ENG1,manchester united,2025-04-13 15:30:00,26918,-0.0538,13.0
2024-25,ENG1,manchester united,2025-04-20 13:00:00,26929,-0.0626,14.0
2024-25,ENG1,manchester united,2025-04-27 13:00:00,26932,-0.0001,14.0
2024-25,ENG1,manchester united,2025-05-04 13:00:00,26947,0.024,12.0
2024-25,ENG1,manchester united,2025-05-11 13:15:00,26956,0.0046,14.0
2024-25,ENG1,manchester united,2025-05-16 19:15:00,26966,0.0604,12.0
2024-25,ENG1,manchester united,2025-05-25 15:00:00,26974,-0.0024,14.0
2024-25,ENG1,newcastle united,2024-08-17 14:00:00,26606,0.1388,13.0
2024-25,ENG1,newcastle united,2024-08-25 13:00:00,26620,0.1162,14.0
2024-25,ENG1,newcastle united,2024-09-01 12:30:00,26629,0.1334,13.0
2024-25,ENG1,newcastle united,2024-09-15 15:30:00,26641,0.0612,14.0
2024-25,ENG1,newcastle united,2024-09-21 14:00:00,26646,0.0603,14.0
2024-25,ENG1,newcastle united,2024-09-28 11:30:00,26652,0.0203,13.0
2024-25,ENG1,newcastle united,2024-10-05 16:30:00,26669,-0.0229,14.0
2024-25,ENG1,newcastle united,2024-10-19 14:00:00,26676,-0.0114,12.0
2024-25,ENG1,newcastle united,2024-10-27 14:00:00,26688,-0.034,13.0
2024-25,ENG1,newcastle united,2024-11-02 12:30:00,26694,-0.0156,11.0
2024-25,ENG1,newcastle united,2024-11-10 14:00:00,26704,-0.0255,11.0
2024-25,ENG1,newcastle united,2024-11-25 20:00:00,26713,-0.01,14.0
2024-25,ENG1,newcastle united,2024-11-30 15:00:00,26725,-0.0243,13.0
2024-25,ENG1,newcastle united,2024-12-04 19:30:00,26740,-0.0736,11.0
2024-25,ENG1,newcastle united,2024-12-07 15:00:00,26743,-0.0984,14.0
2024-25,ENG1,newcastle united,2024-12-14 15:00:00,26760,-0.0736,14.0
2024-25,ENG1,newcastle united,2024-12-21 15:00:00,26771,0.0233,14.0
2024-25,ENG1,newcastle united,2024-12-26 15:00:00,26778,0.0636,11.0
2024-25,ENG1,newcastle united,2024-12-30 20:00:00,26789,0.0988,11.0
2024-25,ENG1,newcastle united,2025-01-04 12:30:00,26800,0.1654,10.0
2024-25,ENG1,newcastle united,2025-01-15 19:30:00,26810,0.1751,10.0
2024-25,ENG1,newcastle united,2025-01-18 12:30:00,26819,0.1686,13.0
2024-25,ENG1,newcastle united,2025-01-25 15:00:00,26829,0.09,10.0
2024-25,ENG1,newcastle united,2025-02-01 15:00:00,26839,0.0539,12.0
2024-25,ENG1,newcastle united,2025-02-15 15:00:00,26848,0.0134,14.0
2024-25,ENG1,newcastle united,2025-02-23 14:00:00,26860,-0.0329,12.0
2024-25,ENG1,newcastle united,2025-02-26 20:15:00,26870,-0.0189,14.0
2024-25,ENG1,newcastle united,2025-03-10 20:00:00,26880,-0.0454,10.0
2024-25,ENG1,newcastle united,2025-04-02 19:45:00,26899,-0.0354,12.0
2024-25,ENG1,newcastle united,2025-04-07 19:00:00,26908,-0.0342,14.0
2024-25,ENG1,newcastle united,2025-04-13 15:30:00,26918,-0.0355,13.0
2024-25,ENG1,newcastle united,2025-04-16 18:30:00,26890,0.0148,14.0
2024-25,ENG1,newcastle united,2025-04-19 16:30:00,26922,0.0265,14.0
2024-25,ENG1,newcastle united,2025-04-26 14:00:00,26938,0.0916,12.0
2024-25,ENG1,newcastle united,2025-05-04 13:00:00,26944,0.1564,12.0
2024-25,ENG1,newcastle united,2025-05-11 11:00:00,26957,0.0515,12.0
2024-25,ENG1,newcastle united,2025-05-18 15:30:00,26962,-0.0266,14.0
2024-25,ENG1,newcastle united,2025-05-25 15:00:00,26973,0.0962,13.0
2024-25,ENG1,nottingham forest,2024-08-17 14:00:00,26607,0.0452,13.0
2024-25,ENG1,nottingham forest,2024-08-24 14:00:00,26616,0.0406,13.0
2024-25,ENG1,nottingham forest,2024-08-31 14:00:00,26627,0.0838,11.0
2024-25,ENG1,nottingham forest,2024-09-14 14:00:00,26635,0.0969,13.0
2024-25,ENG1,nottingham forest,2024-09-22 13:00:00,26650,0.0716,13.0
2024-25,ENG1,nottingham forest,2024-09-28 14:00:00,26653,0.0076,13.0
2024-25,ENG1,nottingham forest,2024-10-06 13:00:00,26668,-0.0087,13.0
2024-25,ENG1,nottingham forest,2024-10-21 19:00:00,26677,0.0026,13.0
2024-25,ENG1,nottingham forest,2024-10-25 19:00:00,26682,-0.0038,15.0
2024-25,ENG1,nottingham forest,2024-11-02 15:00:00,26698,0.0089,13.0
2024-25,ENG1,nottingham forest,2024-11-10 14:00:00,26704,0.0592,14.0
2024-25,ENG1,nottingham forest,2024-11-23 15:00:00,26714,0.019,15.0
2024-25,ENG1,nottingham forest,2024-11-30 15:00:00,26728,0.0646,15.0
2024-25,ENG1,nottingham forest,2024-12-04 19:30:00,26739,0.03,15.0
2024-25,ENG1,nottingham forest,2024-12-07 17:30:00,26744,0.045,14.0
2024-25,ENG1,nottingham forest,2024-12-14 17:30:00,26761,-0.0077,13.0
2024-25,ENG1,nottingham forest,2024-12-21 15:00:00,26766,-0.005,14.0
2024-25,ENG1,nottingham forest,2024-12-26 15:00:00,26779,-0.0414,12.0
2024-25,ENG1,nottingham forest,2024-12-29 15:00:00,26785,0.0143,14.0
2024-25,ENG1,nottingham forest,2025-01-06 20:00:00,26801,0.0012,14.0
2024-25,ENG1,nottingham forest,2025-01-14 20:00:00,26807,-0.0032,12.0
2024-25,ENG1,nottingham forest,2025-01-19 14:00:00,26820,0.0273,13.0
2024-25,ENG1,nottingham forest,2025-01-25 15:00:00,26822,0.0642,14.0
2024-25,ENG1,nottingham forest,2025-02-01 12:30:00,26840,0.0273,13.0
2024-25,ENG1,nottingham forest,2025-02-15 15:00:00,26845,0.0678,12.0
2024-25,ENG1,nottingham forest,2025-02-23 14:00:00,26860,0.0412,11.0
2024-25,ENG1,nottingham forest,2025-02-26 19:30:00,26864,0.044,12.0
2024-25,ENG1,nottingham forest,2025-03-08 12:30:00,26878,0.0515,12.0
2024-25,ENG1,nottingham forest,2025-03-15 15:00:00,26887,0.0022,13.0
2024-25,ENG1,nottingham forest,2025-04-01 20:00:00,26894,-0.0053,13.0
2024-25,ENG1,nottingham forest,2025-04-05 16:30:00,26902,0.0207,14.0
2024-25,ENG1,nottingham forest,2025-04-12 14:00:00,26920,0.0672,13.0
2024-25,ENG1,nottingham forest,2025-04-21 19:00:00,26930,-0.0715,14.0
2024-25,ENG1,nottingham forest,2025-05-01 18:30:00,26939,-0.0649,15.0
2024-25,ENG1,nottingham forest,2025-05-05 19:00:00,26949,-0.0732,13.0
2024-25,ENG1,nottingham forest,2025-05-11 13:15:00,26958,-0.0958,12.0
2024-25,ENG1,nottingham forest,2025-05-18 13:15:00,26971,-0.0735,11.0
2024-25,ENG1,nottingham forest,2025-05-25 15:00:00,26972,-0.0496,13.0
2024-25,ENG1,southampton,2024-08-17 14:00:00,26606,-0.0105,9.0
2024-25,ENG1,southampton,2024-08-24 14:00:00,26616,0.0103,10.0
2024-25,ENG1,southampton,2024-08-31 14:00:00,26623,0.0153,10.0
2024-25,ENG1,southampton,2024-09-14 11:30:00,26632,0.0221,12.0
2024-25,ENG1,southampton,2024-09-21 14:00:00,26643,0.0086,11.0
2024-25,ENG1,southampton,2024-09-30 19:00:00,26661,0.0399,13.0
2024-25,ENG1,southampton,2024-10-05 14:00:00,26666,0.0627,12.0
2024-25,ENG1,southampton,2024-10-19 14:00:00,26678,0.0575,14.0
2024-25,ENG1,southampton,2024-10-26 14:00:00,26683,0.1118,13.0
2024-25,ENG1,southampton,2024-11-02 15:00:00,26699,0.0742,12.0
2024-25,ENG1,southampton,2024-11-09 15:00:00,26711,0.0496,13.0
2024-25,ENG1,southampton,2024-11-24 14:00:00,26721,0.006,11.0
2024-25,ENG1,southampton,2024-11-29 20:00:00,26723,0.0058,11.0
2024-25,ENG1,southampton,2024-12-04 19:30:00,26741,-0.0037,10.0
2024-25,ENG1,southampton,2024-12-07 15:00:00,26742,0.0106,10.0
2024-25,ENG1,southampton,2024-12-15 19:00:00,26759,-0.0187,11.0
2024-25,ENG1,southampton,2024-12-22 14:00:00,26763,-0.0122,10.0
2024-25,ENG1,southampton,2024-12-26 15:00:00,26780,0.0416,10.0
2024-25,ENG1,southampton,2024-12-29 15:00:00,26784,-0.0306,11.0
2024-25,ENG1,southampton,2025-01-04 15:00:00,26799,-0.0276,12.0
2024-25,ENG1,southampton,2025-01-16 20:00:00,26811,-0.0217,12.0
2024-25,ENG1,southampton,2025-01-19 14:00:00,26820,-0.0171,13.0
2024-25,ENG1,southampton,2025-01-25 15:00:00,26829,0.0425,11.0
2024-25,ENG1,southampton,2025-02-01 15:00:00,26837,0.0668,10.0
2024-25,ENG1,southampton,2025-02-15 15:00:00,26849,0.0321,10.0
2024-25,ENG1,southampton,2025-02-22 15:00:00,26861,-0.0414,13.0
2024-25,ENG1,southampton,2025-02-25 20:15:00,26869,-0.0406,13.0
2024-25,ENG1,southampton,2025-03-08 15:00:00,26876,-0.0259,13.0
2024-25,ENG1,southampton,2025-03-15 15:00:00,26891,-0.0409,11.0
2024-25,ENG1,southampton,2025-04-02 19:45:00,26900,-0.027,10.0
2024-25,ENG1,southampton,2025-04-06 13:00:00,26910,-0.0798,13.0
2024-25,ENG1,southampton,2025-04-12 14:00:00,26921,-0.0658,13.0
2024-25,ENG1,southampton,2025-04-19 14:00:00,26931,-0.0581,12.0
2024-25,ENG1,southampton,2025-04-26 14:00:00,26940,-0.0889,12.0
2024-25,ENG1,southampton,2025-05-03 14:00:00,26951,-0.0496,13.0
2024-25,ENG1,southampton,2025-05-10 14:00:00,26959,-0.0464,11.0
2024-25,ENG1,southampton,2025-05-18 11:00:00,26968,-0.0567,12.0
2024-25,ENG1,southampton,2025-05-25 15:00:00,26977,-0.0085,12.0
2024-25,ENG1,tottenham hotspur,2024-08-19 19:00:00,26611,0.1465,11.0
2024-25,ENG1,tottenham hotspur,2024-08-24 14:00:00,26617,0.0481,11.0
2024-25,ENG1,tottenham hotspur,2024-09-01 12:30:00,26629,0.0638,11.0
2024-25,ENG1,tottenham hotspur,2024-09-15 13:00:00,26640,0.1473,11.0
2024-25,ENG1,tottenham hotspur,2024-09-21 14:00:00,26648,0.0833,11.0
2024-25,ENG1,tottenham hotspur,2024-09-29 15:30:00,26660,0.0979,10.0
2024-25,ENG1,tottenham hotspur,2024-10-06 15:30:00,26671,0.1327,10.0
2024-25,ENG1,tottenham hotspur,2024-10-19 11:30:00,26672,0.1162,11.0
2024-25,ENG1,tottenham hotspur,2024-10-27 14:00:00,26689,0.0685,11.0
2024-25,ENG1,tottenham hotspur,2024-11-03 14:00:00,26700,0.0302,12.0
2024-25,ENG1,tottenham hotspur,2024-11-10 14:00:00,26709,0.0431,10.0
2024-25,ENG1,tottenham hotspur,2024-11-23 17:30:00,26720,0.038,10.0
2024-25,ENG1,tottenham hotspur,2024-12-01 13:30:00,26729,0.1042,10.0
2024-25,ENG1,tottenham hotspur,2024-12-05 20:15:00,26732,0.0619,11.0
2024-25,ENG1,tottenham hotspur,2024-12-08 16:30:00,26745,0.0075,11.0
2024-25,ENG1,tottenham hotspur,2024-12-15 19:00:00,26759,0.0438,10.0
2024-25,ENG1,tottenham hotspur,2024-12-22 16:30:00,26768,0.1167,12.0
2024-25,ENG1,tottenham hotspur,2024-12-26 15:00:00,26779,0.1617,11.0
2024-25,ENG1,tottenham hotspur,2024-12-29 15:00:00,26790,0.0,13.0
2024-25,ENG1,tottenham hotspur,2025-01-04 12:30:00,26800,0.0636,13.0
2024-25,ENG1,tottenham hotspur,2025-01-15 20:00:00,26802,0.0849,11.0
2024-25,ENG1,tottenham hotspur,2025-01-19 14:00:00,26815,0.0637,10.0
2024-25,ENG1,tottenham hotspur,2025-01-26 14:00:00,26830,-0.0498,11.0
2024-25,ENG1,tottenham hotspur,2025-02-02 14:00:00,26834,-0.0196,12.0
2024-25,ENG1,tottenham hotspur,2025-02-16 16:30:00,26850,-0.0267,13.0
2024-25,ENG1,tottenham hotspur,2025-02-22 15:00:00,26857,-0.0486,12.0
2024-25,ENG1,tottenham hotspur,2025-02-26 19:30:00,26865,-0.0392,13.0
2024-25,ENG1,tottenham hotspur,2025-03-09 14:00:00,26879,-0.0562,14.0
2024-25,ENG1,tottenham hotspur,2025-03-16 13:30:00,26886,-0.0805,14.0
2024-25,ENG1,tottenham hotspur,2025-04-03 19:00:00,26897,-0.0034,11.0
2024-25,ENG1,tottenham hotspur,2025-04-06 13:00:00,26910,0.0064,12.0
2024-25,ENG1,tottenham hotspur,2025-04-13 13:00:00,26919,-0.016,14.0
2024-25,ENG1,tottenham hotspur,2025-04-21 19:00:00,26930,0.0601,14.0
2024-25,ENG1,tottenham hotspur,2025-04-27 15:30:00,26936,-0.0305,13.0
2024-25,ENG1,tottenham hotspur,2025-05-04 13:00:00,26943,-0.0121,11.0
2024-25,ENG1,tottenham hotspur,2025-05-11 13:15:00,26960,-0.0724,13.0
2024-25,ENG1,tottenham hotspur,2025-05-16 18:30:00,26963,-0.0722,13.0
2024-25,ENG1,tottenham hotspur,2025-05-25 15:00:00,26976,-0.0455,13.0
2024-25,ENG1,west ham united,2024-08-17 16:30:00,26608,-0.0026,13.0
2024-25,ENG1,west ham united,2024-08-24 14:00:00,26613,0.0175,13.0
2024-25,ENG1,west ham united,2024-08-31 16:30:00,26628,-0.029,14.0
2024-25,ENG1,west ham united,2024-09-14 14:00:00,26634,0.0179,14.0
2024-25,ENG1,west ham united,2024-09-21 11:30:00,26642,0.0337,14.0
2024-25,ENG1,west ham united,2024-09-28 14:00:00,26656,0.0135,13.0
2024-25,ENG1,west ham united,2024-10-05 14:00:00,26665,-0.0169,11.0
2024-25,ENG1,west ham united,2024-10-19 11:30:00,26672,0.0218,14.0
2024-25,ENG1,west ham united,2024-10-27 14:00:00,26690,-0.0292,14.0
2024-25,ENG1,west ham united,2024-11-02 15:00:00,26698,0.0144,12.0
2024-25,ENG1,west ham united,2024-11-09 15:00:00,26710,0.0145,13.0
2024-25,ENG1,west ham united,2024-11-25 20:00:00,26713,0.0313,13.0
2024-25,ENG1,west ham united,2024-11-30 17:30:00,26730,0.0223,13.0
2024-25,ENG1,west ham united,2024-12-03 20:15:00,26738,0.0379,14.0
2024-25,ENG1,west ham united,2024-12-09 20:00:00,26746,0.0708,12.0
2024-25,ENG1,west ham united,2024-12-16 20:00:00,26754,-0.0115,13.0
2024-25,ENG1,west ham united,2024-12-21 15:00:00,26767,0.0176,13.0
2024-25,ENG1,west ham united,2024-12-26 15:00:00,26780,-0.0036,15.0
2024-25,ENG1,west ham united,2024-12-29 17:15:00,26791,0.0422,13.0
2024-25,ENG1,west ham united,2025-01-04 15:00:00,26798,0.0183,12.0
2024-25,ENG1,west ham united,2025-01-14 19:30:00,26808,-0.0014,12.0
2024-25,ENG1,west ham united,2025-01-18 15:00:00,26821,-0.0053,13.0
2024-25,ENG1,west ham united,2025-01-26 16:30:00,26823,-0.0258,10.0
2024-25,ENG1,west ham united,2025-02-03 20:00:00,26835,0.0029,13.0
2024-25,ENG1,west ham united,2025-02-15 15:00:00,26851,-0.0491,13.0
2024-25,ENG1,west ham united,2025-02-22 15:00:00,26853,-0.0676,12.0
2024-25,ENG1,west ham united,2025-02-27 20:00:00,26866,-0.0611,14.0
2024-25,ENG1,west ham united,2025-03-10 20:00:00,26880,-0.0424,15.0
2024-25,ENG1,west ham united,2025-03-15 15:00:00,26885,-0.0018,10.0
2024-25,ENG1,west ham united,2025-04-01 19:45:00,26895,-0.0329,14.0
2024-25,ENG1,west ham united,2025-04-05 14:00:00,26911,-0.0243,13.0
2024-25,ENG1,west ham united,2025-04-13 13:00:00,26916,-0.0383,14.0
2024-25,ENG1,west ham united,2025-04-19 14:00:00,26931,-0.0473,11.0
2024-25,ENG1,west ham united,2025-04-26 14:00:00,26934,0.0605,11.0
2024-25,ENG1,west ham united,2025-05-04 13:00:00,26943,0.0562,10.0
2024-25,ENG1,west ham united,2025-05-11 13:15:00,26956,0.034,14.0
2024-25,ENG1,west ham united,2025-05-18 13:15:00,26971,0.0352,15.0
2024-25,ENG1,west ham united,2025-05-25 15:00:00,26980,0.052,13.0
2024-25,ENG1,wolverhampton wanderers,2024-08-17 14:00:00,26604,0.0174,10.0
2024-25,ENG1,wolverhampton wanderers,2024-08-25 13:00:00,26619,-0.0152,12.0
2024-25,ENG1,wolverhampton wanderers,2024-08-31 14:00:00,26627,-0.014,13.0
2024-25,ENG1,wolverhampton wanderers,2024-09-15 15:30:00,26641,-0.0153,12.0
2024-25,ENG1,wolverhampton wanderers,2024-09-21 14:00:00,26647,0.0059,12.0
2024-25,ENG1,wolverhampton wanderers,2024-09-28 16:30:00,26658,-0.0457,10.0
2024-25,ENG1,wolverhampton wanderers,2024-10-05 14:00:00,26667,-0.0384,10.0
2024-25,ENG1,wolverhampton wanderers,2024-10-20 13:00:00,26681,-0.0401,12.0
2024-25,ENG1,wolverhampton wanderers,2024-10-26 14:00:00,26686,-0.0733,12.0
2024-25,ENG1,wolverhampton wanderers,2024-11-02 17:30:00,26701,-0.0773,13.0
2024-25,ENG1,wolverhampton wanderers,2024-11-09 15:00:00,26711,-0.0602,12.0
2024-25,ENG1,wolverhampton wanderers,2024-11-23 15:00:00,26717,-0.0929,10.0
2024-25,ENG1,wolverhampton wanderers,2024-11-30 15:00:00,26731,-0.0695,13.0
2024-25,ENG1,wolverhampton wanderers,2024-12-04 19:30:00,26735,-0.0373,11.0
2024-25,ENG1,wolverhampton wanderers,2024-12-09 20:00:00,26746,-0.0422,13.0
2024-25,ENG1,wolverhampton wanderers,2024-12-14 15:00:00,26758,-0.0373,12.0
2024-25,ENG1,wolverhampton wanderers,2024-12-22 14:00:00,26770,-0.0249,10.0
2024-25,ENG1,wolverhampton wanderers,2024-12-26 17:30:00,26781,-0.0341,11.0
2024-25,ENG1,wolverhampton wanderers,2024-12-29 15:00:00,26790,-0.0395,13.0
2024-25,ENG1,wolverhampton wanderers,2025-01-06 20:00:00,26801,-0.029,13.0
2024-25,ENG1,wolverhampton wanderers,2025-01-15 19:30:00,26810,-0.0415,12.0
2024-25,ENG1,wolverhampton wanderers,2025-01-20 20:00:00,26814,0.0026,10.0
2024-25,ENG1,wolverhampton wanderers,2025-01-25 15:00:00,26831,-0.0116,11.0
2024-25,ENG1,wolverhampton wanderers,2025-02-01 17:30:00,26841,0.0127,12.0
2024-25,ENG1,wolverhampton wanderers,2025-02-16 14:00:00,26847,-0.0063,12.0
2024-25,ENG1,wolverhampton wanderers,2025-02-22 15:00:00,26852,-0.0006,10.0
2024-25,ENG1,wolverhampton wanderers,2025-02-25 19:30:00,26867,0.0737,13.0
2024-25,ENG1,wolverhampton wanderers,2025-03-08 20:00:00,26881,-0.0213,11.0
2024-25,ENG1,wolverhampton wanderers,2025-03-15 15:00:00,26891,-0.0354,12.0
2024-25,ENG1,wolverhampton wanderers,2025-04-01 19:45:00,26895,-0.0353,11.0
2024-25,ENG1,wolverhampton wanderers,2025-04-05 14:00:00,26907,-0.0389,12.0
2024-25,ENG1,wolverhampton wanderers,2025-04-13 13:00:00,26919,0.007,14.0
2024-25,ENG1,wolverhampton wanderers,2025-04-20 13:00:00,26929,0.0497,12.0
2024-25,ENG1,wolverhampton wanderers,2025-04-26 14:00:00,26941,0.0333,10.0
2024-25,ENG1,wolverhampton wanderers,2025-05-02 19:00:00,26942,0.0377,12.0
2024-25,ENG1,wolverhampton wanderers,2025-05-10 14:00:00,26961,0.0463,14.0
2024-25,ENG1,wolverhampton wanderers,2025-05-20 19:00:00,26967,0.079,13.0
2024-25,ENG1,wolverhampton wanderers,2025-05-25 15:00:00,26978,0.0291,12.0
2024-25,ESP1,alaves,2024-08-16 17:00:00,26984,0.1257,8.0
2024-25,ESP1,alaves,2024-08-25 17:15:00,27000,0.087,8.0
2024-25,ESP1,alaves,2024-08-28 19:30:00,27008,0.1296,7.0
2024-25,ESP1,alaves,2024-09-01 15:00:00,27017,0.0991,8.0
2024-25,ESP1,alaves,2024-09-14 14:15:00,27022,0.1114,10.0
2024-25,ESP1,alaves,2024-09-20 19:00:00,27035,0.1052,9.0
2024-25,ESP1,alaves,2024-09-24 19:00:00,27051,0.0974,9.0
2024-25,ESP1,alaves,2024-09-28 12:00:00,27059,0.0985,11.0
2024-25,ESP1,alaves,2024-10-06 14:15:00,27064,0.0328,9.0
2024-25,ESP1,alaves,2024-10-18 19:00:00,27078,0.0465,11.0
2024-25,ESP1,alaves,2024-10-26 14:15:00,27090,0.0385,11.0
2024-25,ESP1,alaves,2024-11-01 20:00:00,27097,-0.02,7.0
2024-25,ESP1,alaves,2024-11-09 15:15:00,27111,-0.0108,9.0
2024-25,ESP1,alaves,2024-11-23 15:15:00,27120,-0.0076,9.0
2024-25,ESP1,alaves,2024-11-30 15:15:00,27124,-0.0044,12.0
2024-25,ESP1,alaves,2024-12-08 17:30:00,27141,0.0171,9.0
2024-25,ESP1,alaves,2024-12-15 15:15:00,27149,0.0113,11.0
2024-25,ESP1,alaves,2024-12-22 13:00:00,27161,-0.0188,9.0
2024-25,ESP1,alaves,2025-01-11 13:00:00,27166,0.0032,10.0
2024-25,ESP1,alaves,2025-01-18 17:30:00,27181,0.051,8.0
2024-25,ESP1,alaves,2025-01-27 20:00:00,27186,0.0299,10.0
2024-25,ESP1,alaves,2025-02-02 13:00:00,27200,-0.0112,10.0
2024-25,ESP1,alaves,2025-02-09 13:00:00,27204,-0.0399,9.0
2024-25,ESP1,alaves,2025-02-15 13:00:00,27219,-0.0164,10.0
2024-25,ESP1,alaves,2025-02-22 13:00:00,27231,0.0659,9.0
2024-25,ESP1,alaves,2025-03-02 17:30:00,27240,0.096,8.0
2024-25,ESP1,alaves,2025-03-08 15:15:00,27249,0.0996,8.0
2024-25,ESP1,alaves,2025-03-14 20:00:00,27260,0.064,10.0
2024-25,ESP1,alaves,2025-03-29 17:30:00,27266,0.0933,9.0
2024-25,ESP1,alaves,2025-04-05 12:00:00,27280,0.0922,10.0
2024-25,ESP1,alaves,2025-04-13 14:15:00,27287,0.022,8.0
2024-25,ESP1,alaves,2025-04-20 16:30:00,27299,0.0182,12.0
2024-25,ESP1,alaves,2025-04-23 19:30:00,27310,0.0553,12.0
2024-25,ESP1,alaves,2025-05-03 12:00:00,27314,0.0467,11.0
2024-25,ESP1,alaves,2025-05-11 16:30:00,27331,0.0551,12.0
2024-25,ESP1,alaves,2025-05-14 17:00:00,27333,0.0145,10.0
2024-25,ESP1,alaves,2025-05-18 17:00:00,27349,0.034,11.0
2024-25,ESP1,alaves,2025-05-24 19:00:00,27356,0.0078,9.0
2024-25,ESP1,athletic club,2024-08-15 17:00:00,26982,0.0547,12.0
2024-25,ESP1,athletic club,2024-08-24 17:00:00,26995,0.0142,10.0
2024-25,ESP1,athletic club,2024-08-28 17:00:00,27006,0.006,10.0
2024-25,ESP1,athletic club,2024-08-31 17:00:00,27013,0.0366,12.0
2024-25,ESP1,athletic club,2024-09-15 16:30:00,27027,-0.0076,13.0
2024-25,ESP1,athletic club,2024-09-19 17:00:00,27047,0.0191,14.0
2024-25,ESP1,athletic club,2024-09-22 14:15:00,27032,0.0393,13.0
2024-25,ESP1,athletic club,2024-09-29 14:15:00,27052,0.0354,12.0
2024-25,ESP1,athletic club,2024-10-06 12:00:00,27066,0.0829,12.0
2024-25,ESP1,athletic club,2024-10-19 12:00:00,27072,0.0634,12.0
2024-25,ESP1,athletic club,2024-10-28 20:00:00,27083,0.0917,13.0
2024-25,ESP1,athletic club,2024-11-03 20:00:00,27092,0.0888,12.0
2024-25,ESP1,athletic club,2024-11-10 17:30:00,27106,0.0455,14.0
2024-25,ESP1,athletic club,2024-11-24 20:00:00,27112,0.1543,13.0
2024-25,ESP1,athletic club,2024-12-01 17:30:00,27125,0.1276,14.0
2024-25,ESP1,athletic club,2024-12-04 20:00:00,27162,0.1346,12.0
2024-25,ESP1,athletic club,2024-12-08 15:15:00,27134,0.1793,11.0
2024-25,ESP1,athletic club,2024-12-15 15:15:00,27149,0.1157,13.0
2024-25,ESP1,athletic club,2024-12-21 17:30:00,27159,0.1548,11.0
2024-25,ESP1,athletic club,2025-01-19 13:00:00,27175,0.0379,11.0
2024-25,ESP1,athletic club,2025-01-26 17:30:00,27182,0.07,12.0
2024-25,ESP1,athletic club,2025-02-02 20:00:00,27198,0.1213,12.0
2024-25,ESP1,athletic club,2025-02-08 15:15:00,27209,0.0517,10.0
2024-25,ESP1,athletic club,2025-02-16 13:00:00,27221,0.1333,11.0
2024-25,ESP1,athletic club,2025-02-23 13:00:00,27222,0.0649,12.0
2024-25,ESP1,athletic club,2025-03-01 20:00:00,27236,0.1412,12.0
2024-25,ESP1,athletic club,2025-03-09 17:30:00,27243,0.1085,16.0
2024-25,ESP1,athletic club,2025-03-16 15:15:00,27255,0.1514,15.0
2024-25,ESP1,athletic club,2025-03-30 17:30:00,27269,0.1318,12.0
2024-25,ESP1,athletic club,2025-04-06 19:00:00,27276,0.1141,14.0
2024-25,ESP1,athletic club,2025-04-13 19:00:00,27283,0.0922,15.0
2024-25,ESP1,athletic club,2025-04-20 19:00:00,27294,0.0489,15.0
2024-25,ESP1,athletic club,2025-04-23 17:00:00,27303,0.0342,10.0
2024-25,ESP1,athletic club,2025-05-04 19:00:00,27315,0.0559,14.0
2024-25,ESP1,athletic club,2025-05-11 16:30:00,27331,-0.0296,10.0
2024-25,ESP1,athletic club,2025-05-15 19:30:00,27334,0.0165,11.0
2024-25,ESP1,athletic club,2025-05-18 17:00:00,27345,0.058,13.0
2024-25,ESP1,athletic club,2025-05-25 19:00:00,27353,0.0042,11.0
2024-25,ESP1,atletico madrid,2024-08-19 19:30:00,26991,0.0198,12.0
2024-25,ESP1,atletico madrid,2024-08-25 19:30:00,27001,0.0305,11.0
2024-25,ESP1,atletico madrid,2024-08-28 19:30:00,27009,0.0469,14.0
2024-25,ESP1,atletico madrid,2024-08-31 17:00:00,27013,0.1416,10.0
2024-25,ESP1,atletico madrid,2024-09-15 19:00:00,27023,0.1329,14.0
2024-25,ESP1,atletico madrid,2024-09-22 19:00:00,27036,0.172,12.0
2024-25,ESP1,atletico madrid,2024-09-26 19:00:00,27048,0.0983,12.0
2024-25,ESP1,atletico madrid,2024-09-29 19:00:00,27053,0.0953,14.0
2024-25,ESP1,atletico madrid,2024-10-06 19:00:00,27067,-0.0281,11.0
2024-25,ESP1,atletico madrid,2024-10-20 14:15:00,27073,0.0691,14.0
2024-25,ESP1,atletico madrid,2024-10-27 17:30:00,27084,0.0914,13.0
2024-25,ESP1,atletico madrid,2024-11-03 13:00:00,27093,0.0286,13.0
2024-25,ESP1,atletico madrid,2024-11-10 15:15:00,27107,0.0299,12.0
2024-25,ESP1,atletico madrid,2024-11-23 15:15:00,27120,0.0425,15.0
2024-25,ESP1,atletico madrid,2024-11-30 20:00:00,27126,0.0297,12.0
2024-25,ESP1,atletico madrid,2024-12-08 20:00:00,27135,0.1206,13.0
2024-25,ESP1,atletico madrid,2024-12-15 13:00:00,27142,0.1363,13.0
2024-25,ESP1,atletico madrid,2024-12-21 20:00:00,27160,0.0821,14.0
2024-25,ESP1,atletico madrid,2025-01-12 15:15:00,27163,0.088,13.0
2024-25,ESP1,atletico madrid,2025-01-18 15:15:00,27176,0.1053,14.0
2024-25,ESP1,atletico madrid,2025-01-25 15:15:00,27183,0.1511,14.0
2024-25,ESP1,atletico madrid,2025-02-01 17:30:00,27192,0.2375,12.0
2024-25,ESP1,atletico madrid,2025-02-08 20:00:00,27205,0.1255,11.0
2024-25,ESP1,atletico madrid,2025-02-15 17:30:00,27212,0.0501,9.0
2024-25,ESP1,atletico madrid,2025-02-22 17:30:00,27225,0.1111,15.0
2024-25,ESP1,atletico madrid,2025-03-01 20:00:00,27236,0.1578,14.0
2024-25,ESP1,atletico madrid,2025-03-09 13:00:00,27250,0.1503,14.0
2024-25,ESP1,atletico madrid,2025-03-16 20:00:00,27252,0.0494,11.0
2024-25,ESP1,atletico madrid,2025-03-29 15:15:00,27262,0.0356,13.0
2024-25,ESP1,atletico madrid,2025-04-06 14:15:00,27277,0.0058,14.0
2024-25,ESP1,atletico madrid,2025-04-14 19:00:00,27284,0.0158,14.0
2024-25,ESP1,atletico madrid,2025-04-19 19:00:00,27295,0.1047,14.0
2024-25,ESP1,atletico madrid,2025-04-24 19:30:00,27304,0.034,12.0
2024-25,ESP1,atletico madrid,2025-05-03 12:00:00,27314,0.0564,15.0
2024-25,ESP1,atletico madrid,2025-05-10 19:00:00,27323,0.0399,14.0
2024-25,ESP1,atletico madrid,2025-05-15 17:00:00,27335,0.0454,15.0
2024-25,ESP1,atletico madrid,2025-05-18 17:00:00,27342,0.0693,13.0
2024-25,ESP1,atletico madrid,2025-05-25 12:00:00,27358,0.1069,14.0
2024-25,ESP1,barcelona,2024-08-17 19:30:00,26987,-0.0402,11.0
2024-25,ESP1,barcelona,2024-08-24 17:00:00,26995,0.0267,10.0
2024-25,ESP1,barcelona,2024-08-27 19:30:00,27004,0.047,11.0
2024-25,ESP1,barcelona,2024-08-31 15:00:00,27012,0.1063,12.0
2024-25,ESP1,barcelona,2024-09-15 14:15:00,27028,0.1842,13.0
2024-25,ESP1,barcelona,2024-09-22 16:30:00,27037,0.1947,13.0
2024-25,ESP1,barcelona,2024-09-25 19:00:00,27043,0.215,12.0
2024-25,ESP1,barcelona,2024-09-28 19:00:00,27056,0.1975,14.0
2024-25,ESP1,barcelona,2024-10-06 14:15:00,27064,0.1392,11.0
2024-25,ESP1,barcelona,2024-10-20 19:00:00,27074,0.1456,13.0
2024-25,ESP1,barcelona,2024-10-26 19:00:00,27085,0.1704,12.0
2024-25,ESP1,barcelona,2024-11-03 15:15:00,27101,0.1837,12.0
2024-25,ESP1,barcelona,2024-11-10 20:00:00,27108,0.1114,11.0
2024-25,ESP1,barcelona,2024-11-23 20:00:00,27117,0.1021,14.0
2024-25,ESP1,barcelona,2024-11-30 13:00:00,27122,0.1248,15.0
2024-25,ESP1,barcelona,2024-12-03 18:00:00,27167,0.1042,12.0
2024-25,ESP1,barcelona,2024-12-07 15:15:00,27139,0.1393,14.0
2024-25,ESP1,barcelona,2024-12-15 20:00:00,27143,0.0715,14.0
2024-25,ESP1,barcelona,2024-12-21 20:00:00,27160,0.0582,12.0
2024-25,ESP1,barcelona,2025-01-18 20:00:00,27177,0.1676,12.0
2024-25,ESP1,barcelona,2025-01-26 20:00:00,27184,0.3249,13.0
2024-25,ESP1,barcelona,2025-02-02 13:00:00,27200,0.3048,13.0
2024-25,ESP1,barcelona,2025-02-09 20:00:00,27206,0.213,14.0
2024-25,ESP1,barcelona,2025-02-17 20:00:00,27214,0.1629,12.0
2024-25,ESP1,barcelona,2025-02-22 20:00:00,27226,0.1787,11.0
2024-25,ESP1,barcelona,2025-03-02 15:15:00,27232,0.1452,16.0
2024-25,ESP1,barcelona,2025-03-16 20:00:00,27252,0.0928,12.0
2024-25,ESP1,barcelona,2025-03-27 20:00:00,27244,0.1623,13.0
2024-25,ESP1,barcelona,2025-03-30 15:15:00,27270,0.2264,13.0
2024-25,ESP1,barcelona,2025-04-05 19:00:00,27272,0.2087,14.0
2024-25,ESP1,barcelona,2025-04-12 19:00:00,27288,0.1408,14.0
2024-25,ESP1,barcelona,2025-04-19 14:15:00,27292,0.1716,14.0
2024-25,ESP1,barcelona,2025-04-22 19:30:00,27305,0.1596,14.0
2024-25,ESP1,barcelona,2025-05-03 19:00:00,27316,0.2069,13.0
2024-25,ESP1,barcelona,2025-05-11 14:15:00,27324,0.1498,12.0
2024-25,ESP1,barcelona,2025-05-15 19:30:00,27332,0.2128,15.0
2024-25,ESP1,barcelona,2025-05-18 17:00:00,27343,0.1548,14.0
2024-25,ESP1,barcelona,2025-05-25 19:00:00,27353,0.1143,12.0
2024-25,ESP1,celta vigo,2024-08-16 17:00:00,26984,0.0187,12.0
2024-25,ESP1,celta vigo,2024-08-23 17:00:00,26992,0.0365,12.0
2024-25,ESP1,celta vigo,2024-08-26 19:30:00,27002,-0.0026,14.0
2024-25,ESP1,celta vigo,2024-09-01 15:00:00,27018,0.0996,13.0
2024-25,ESP1,celta vigo,2024-09-15 12:00:00,27025,0.0661,10.0
2024-25,ESP1,celta vigo,2024-09-22 14:15:00,27032,0.1151,12.0
2024-25,ESP1,celta vigo,2024-09-26 19:00:00,27048,0.1423,12.0
2024-25,ESP1,celta vigo,2024-09-29 12:00:00,27054,0.0915,14.0
2024-25,ESP1,celta vigo,2024-10-05 16:30:00,27069,0.0926,12.0
2024-25,ESP1,celta vigo,2024-10-19 19:00:00,27075,0.1127,13.0
2024-25,ESP1,celta vigo,2024-10-27 13:00:00,27086,0.0137,14.0
2024-25,ESP1,celta vigo,2024-11-04 20:00:00,27094,-0.0064,13.0
2024-25,ESP1,celta vigo,2024-11-10 13:00:00,27103,-0.0113,13.0
2024-25,ESP1,celta vigo,2024-11-23 20:00:00,27117,0.0064,12.0
2024-25,ESP1,celta vigo,2024-11-30 17:30:00,27131,0.026,12.0
2024-25,ESP1,celta vigo,2024-12-06 20:00:00,27136,0.0847,11.0
2024-25,ESP1,celta vigo,2024-12-14 17:30:00,27145,0.0234,15.0
2024-25,ESP1,celta vigo,2024-12-21 15:15:00,27154,0.1216,12.0
2024-25,ESP1,celta vigo,2025-01-10 20:00:00,27169,0.1015,13.0
2024-25,ESP1,celta vigo,2025-01-19 13:00:00,27175,0.0825,13.0
2024-25,ESP1,celta vigo,2025-01-27 20:00:00,27186,-0.0098,13.0
2024-25,ESP1,celta vigo,2025-02-02 15:15:00,27199,0.0242,13.0
2024-25,ESP1,celta vigo,2025-02-08 13:00:00,27207,0.0366,11.0
2024-25,ESP1,celta vigo,2025-02-15 17:30:00,27212,-0.0089,14.0
2024-25,ESP1,celta vigo,2025-02-21 20:00:00,27223,-0.0512,12.0
2024-25,ESP1,celta vigo,2025-03-01 13:00:00,27237,-0.0216,12.0
2024-25,ESP1,celta vigo,2025-03-08 13:00:00,27246,0.0807,13.0
2024-25,ESP1,celta vigo,2025-03-15 13:00:00,27257,0.0846,11.0
2024-25,ESP1,celta vigo,2025-03-31 20:00:00,27263,0.0154,12.0
2024-25,ESP1,celta vigo,2025-04-05 16:30:00,27278,0.0778,10.0
2024-25,ESP1,celta vigo,2025-04-12 16:30:00,27282,0.0654,13.0
2024-25,ESP1,celta vigo,2025-04-19 14:15:00,27292,-0.0005,13.0
2024-25,ESP1,celta vigo,2025-04-23 17:00:00,27307,0.0209,14.0
2024-25,ESP1,celta vigo,2025-05-04 12:00:00,27317,0.0547,14.0
2024-25,ESP1,celta vigo,2025-05-10 14:15:00,27326,0.0687,13.0
2024-25,ESP1,celta vigo,2025-05-13 18:00:00,27337,0.0557,13.0
2024-25,ESP1,celta vigo,2025-05-18 17:00:00,27344,0.0164,10.0
2024-25,ESP1,celta vigo,2025-05-24 19:00:00,27359,0.1626,12.0
2024-25,ESP1,espanyol,2024-08-19 17:00:00,26990,0.0845,11.0
2024-25,ESP1,espanyol,2024-08-24 19:30:00,26997,0.0594,10.0
2024-25,ESP1,espanyol,2024-08-28 19:30:00,27009,0.0449,11.0
2024-25,ESP1,espanyol,2024-08-31 17:15:00,27014,0.0179,12.0
2024-25,ESP1,espanyol,2024-09-14 14:15:00,27022,0.0729,13.0
2024-25,ESP1,espanyol,2024-09-21 19:00:00,27041,0.0602,13.0
2024-25,ESP1,espanyol,2024-09-26 17:00:00,27042,0.0204,11.0
2024-25,ESP1,espanyol,2024-09-29 16:30:00,27061,0.0315,12.0
2024-25,ESP1,espanyol,2024-10-05 12:00:00,27071,-0.0157,12.0
2024-25,ESP1,espanyol,2024-10-19 12:00:00,27072,-0.0225,14.0
2024-25,ESP1,espanyol,2024-10-25 19:00:00,27091,0.005,12.0
2024-25,ESP1,espanyol,2024-11-03 15:15:00,27101,-0.0199,10.0
2024-25,ESP1,espanyol,2024-11-23 17:30:00,27121,-0.0086,12.0
2024-25,ESP1,espanyol,2024-11-30 17:30:00,27131,-0.0379,12.0
2024-25,ESP1,espanyol,2024-12-09 20:00:00,27132,-0.0422,12.0
2024-25,ESP1,espanyol,2024-12-14 13:00:00,27150,0.0087,11.0
2024-25,ESP1,espanyol,2024-12-18 20:30:00,27102,-0.0037,12.0
2024-25,ESP1,espanyol,2024-12-22 17:30:00,27152,0.04,11.0
2024-25,ESP1,espanyol,2025-01-11 17:30:00,27171,0.0123,10.0
2024-25,ESP1,espanyol,2025-01-17 20:00:00,27172,0.0172,10.0
2024-25,ESP1,espanyol,2025-01-25 17:30:00,27191,0.0257,13.0
2024-25,ESP1,espanyol,2025-02-01 20:00:00,27201,0.0698,11.0
2024-25,ESP1,espanyol,2025-02-09 17:30:00,27202,0.1276,11.0
2024-25,ESP1,espanyol,2025-02-16 13:00:00,27221,0.0299,11.0
2024-25,ESP1,espanyol,2025-02-22 13:00:00,27231,0.0369,12.0
2024-25,ESP1,espanyol,2025-03-10 20:00:00,27242,-0.0011,10.0
2024-25,ESP1,espanyol,2025-03-15 15:15:00,27261,0.0082,12.0
2024-25,ESP1,espanyol,2025-03-29 15:15:00,27262,-0.0501,12.0
2024-25,ESP1,espanyol,2025-04-04 19:00:00,27281,0.0166,12.0
2024-25,ESP1,espanyol,2025-04-12 16:30:00,27282,0.0373,12.0
2024-25,ESP1,espanyol,2025-04-18 19:00:00,27301,0.0162,10.0
2024-25,ESP1,espanyol,2025-04-22 19:00:00,27302,0.0139,11.0
2024-25,ESP1,espanyol,2025-04-27 14:15:00,27241,0.016,12.0
2024-25,ESP1,espanyol,2025-05-04 16:30:00,27321,0.0453,12.0
2024-25,ESP1,espanyol,2025-05-11 12:00:00,27322,0.0639,13.0
2024-25,ESP1,espanyol,2025-05-15 19:30:00,27332,0.0355,11.0
2024-25,ESP1,espanyol,2025-05-18 17:00:00,27351,0.031,12.0
2024-25,ESP1,espanyol,2025-05-24 16:30:00,27352,0.0112,13.0
2024-25,ESP1,getafe,2024-08-15 17:00:00,26982,-0.0129,9.0
2024-25,ESP1,getafe,2024-08-24 19:30:00,26996,0.0195,9.0
2024-25,ESP1,getafe,2024-09-01 17:15:00,27020,-0.0566,10.0
2024-25,ESP1,getafe,2024-09-14 16:30:00,27029,-0.0544,8.0
2024-25,ESP1,getafe,2024-09-18 17:00:00,27007,-0.0353,10.0
2024-25,ESP1,getafe,2024-09-22 12:00:00,27034,-0.0067,11.0
2024-25,ESP1,getafe,2024-09-25 19:00:00,27043,-0.0144,10.0
2024-25,ESP1,getafe,2024-09-28 12:00:00,27059,-0.0097,10.0
2024-25,ESP1,getafe,2024-10-05 14:15:00,27062,0.0707,13.0
2024-25,ESP1,getafe,2024-10-20 16:30:00,27080,0.0824,10.0
2024-25,ESP1,getafe,2024-10-27 15:15:00,27082,0.116,10.0
2024-25,ESP1,getafe,2024-11-04 20:00:00,27094,0.1032,11.0
2024-25,ESP1,getafe,2024-11-10 17:30:00,27104,0.0604,11.0
2024-25,ESP1,getafe,2024-11-22 20:00:00,27113,0.0708,10.0
2024-25,ESP1,getafe,2024-12-01 15:15:00,27127,0.0187,11.0
2024-25,ESP1,getafe,2024-12-09 20:00:00,27132,0.0181,8.0
2024-25,ESP1,getafe,2024-12-15 13:00:00,27142,-0.0297,10.0
2024-25,ESP1,getafe,2024-12-21 13:00:00,27155,-0.0218,11.0
2024-25,ESP1,getafe,2025-01-12 13:00:00,27170,-0.0428,10.0
2024-25,ESP1,getafe,2025-01-18 20:00:00,27177,-0.0228,11.0
2024-25,ESP1,getafe,2025-01-26 15:15:00,27188,-0.0168,11.0
2024-25,ESP1,getafe,2025-02-01 13:00:00,27193,0.1197,12.0
2024-25,ESP1,getafe,2025-02-09 13:00:00,27204,0.1064,10.0
2024-25,ESP1,getafe,2025-02-14 20:00:00,27213,0.0747,11.0
2024-25,ESP1,getafe,2025-02-23 17:30:00,27227,0.0928,11.0
2024-25,ESP1,getafe,2025-03-02 13:00:00,27238,0.0861,10.0
2024-25,ESP1,getafe,2025-03-09 13:00:00,27250,-0.0019,12.0
2024-25,ESP1,getafe,2025-03-16 17:30:00,27258,0.0029,11.0
2024-25,ESP1,getafe,2025-03-30 13:00:00,27264,0.0664,12.0
2024-25,ESP1,getafe,2025-04-06 16:30:00,27279,-0.021,14.0
2024-25,ESP1,getafe,2025-04-12 14:15:00,27286,0.0399,13.0
2024-25,ESP1,getafe,2025-04-18 19:00:00,27301,0.0662,11.0
2024-25,ESP1,getafe,2025-04-23 19:30:00,27308,0.0578,11.0
2024-25,ESP1,getafe,2025-05-02 19:00:00,27318,0.0385,10.0
2024-25,ESP1,getafe,2025-05-10 12:00:00,27330,0.0589,12.0
2024-25,ESP1,getafe,2025-05-15 19:30:00,27334,0.0863,11.0
2024-25,ESP1,getafe,2025-05-18 17:00:00,27346,0.0239,10.0
2024-25,ESP1,getafe,2025-05-24 19:00:00,27359,0.0036,9.0
2024-25,ESP1,girona,2024-08-15 19:30:00,26983,0.1135,10.0
2024-25,ESP1,girona,2024-08-25 19:30:00,27001,0.0799,10.0
2024-25,ESP1,girona,2024-08-29 17:00:00,27010,0.1096,9.0
2024-25,ESP1,girona,2024-09-01 17:00:00,27019,0.0467,9.0
2024-25,ESP1,girona,2024-09-15 14:15:00,27028,0.0744,12.0
2024-25,ESP1,girona,2024-09-21 16:30:00,27038,0.0092,12.0
2024-25,ESP1,girona,2024-09-25 17:00:00,27044,0.0531,10.0
2024-25,ESP1,girona,2024-09-29 12:00:00,27054,0.057,12.0
2024-25,ESP1,girona,2024-10-06 12:00:00,27066,0.0528,10.0
2024-25,ESP1,girona,2024-10-19 16:30:00,27076,0.0803,11.0
2024-25,ESP1,girona,2024-10-26 16:30:00,27087,-0.0017,9.0
2024-25,ESP1,girona,2024-11-02 15:15:00,27095,0.0767,11.0
2024-25,ESP1,girona,2024-11-10 17:30:00,27104,0.071,12.0
2024-25,ESP1,girona,2024-11-23 17:30:00,27121,0.0425,12.0
2024-25,ESP1,girona,2024-12-01 13:00:00,27128,0.0869,14.0
2024-25,ESP1,girona,2024-12-07 20:00:00,27137,0.0589,12.0
2024-25,ESP1,girona,2024-12-14 15:15:00,27146,0.0733,13.0
2024-25,ESP1,girona,2024-12-20 20:00:00,27156,0.0259,11.0
2024-25,ESP1,girona,2025-01-11 13:00:00,27166,0.057,12.0
2024-25,ESP1,girona,2025-01-18 13:00:00,27173,-0.0048,12.0
2024-25,ESP1,girona,2025-01-26 13:00:00,27189,0.0091,12.0
2024-25,ESP1,girona,2025-02-03 20:00:00,27194,0.0374,12.0
2024-25,ESP1,girona,2025-02-08 15:15:00,27209,0.0255,13.0
2024-25,ESP1,girona,2025-02-14 20:00:00,27213,0.0245,12.0
2024-25,ESP1,girona,2025-02-23 15:15:00,27228,0.0107,12.0
2024-25,ESP1,girona,2025-03-01 13:00:00,27237,0.0293,11.0
2024-25,ESP1,girona,2025-03-10 20:00:00,27242,0.0073,10.0
2024-25,ESP1,girona,2025-03-15 20:00:00,27253,0.0346,11.0
2024-25,ESP1,girona,2025-03-30 15:15:00,27270,0.0296,11.0
2024-25,ESP1,girona,2025-04-05 12:00:00,27280,0.0415,11.0
2024-25,ESP1,girona,2025-04-13 12:00:00,27289,0.0371,11.0
2024-25,ESP1,girona,2025-04-21 19:00:00,27296,-0.0223,13.0
2024-25,ESP1,girona,2025-04-24 17:00:00,27311,0.0694,11.0
2024-25,ESP1,girona,2025-05-05 19:00:00,27312,-0.02,9.0
2024-25,ESP1,girona,2025-05-10 16:30:00,27327,-0.0097,12.0
2024-25,ESP1,girona,2025-05-13 17:00:00,27338,-0.0211,12.0
2024-25,ESP1,girona,2025-05-18 17:00:00,27347,0.0515,11.0
2024-25,ESP1,girona,2025-05-25 12:00:00,27358,0.151,12.0
2024-25,ESP1,las palmas,2024-08-16 19:30:00,26985,0.0815,10.0
2024-25,ESP1,las palmas,2024-08-25 17:00:00,26999,0.0701,9.0
2024-25,ESP1,las palmas,2024-08-29 19:30:00,27011,0.0662,11.0
2024-25,ESP1,las palmas,2024-09-01 15:00:00,27017,0.057,12.0
2024-25,ESP1,las palmas,2024-09-15 16:30:00,27027,0.0345,14.0
2024-25,ESP1,las palmas,2024-09-21 14:15:00,27040,0.1142,9.0
2024-25,ESP1,las palmas,2024-09-26 17:00:00,27049,0.0752,11.0
2024-25,ESP1,las palmas,2024-09-30 19:00:00,27058,0.0393,10.0
2024-25,ESP1,las palmas,2024-10-05 16:30:00,27069,0.0365,11.0
2024-25,ESP1,las palmas,2024-10-21 19:00:00,27081,0.0332,13.0
2024-25,ESP1,las palmas,2024-10-26 16:30:00,27087,0.0436,11.0
2024-25,ESP1,las palmas,2024-11-03 13:00:00,27093,0.0618,12.0
2024-25,ESP1,las palmas,2024-11-08 20:00:00,27110,0.0131,10.0
2024-25,ESP1,las palmas,2024-11-23 17:30:00,27115,0.0068,12.0
2024-25,ESP1,las palmas,2024-11-30 13:00:00,27122,0.0129,11.0
2024-25,ESP1,las palmas,2024-12-07 13:00:00,27138,-0.0001,10.0
2024-25,ESP1,las palmas,2024-12-15 17:30:00,27151,-0.0122,11.0
2024-25,ESP1,las palmas,2024-12-22 17:30:00,27152,-0.0129,11.0
2024-25,ESP1,las palmas,2025-01-12 13:00:00,27170,-0.0103,9.0
2024-25,ESP1,las palmas,2025-01-19 15:15:00,27180,0.0091,12.0
2024-25,ESP1,las palmas,2025-01-24 20:00:00,27185,0.0268,10.0
2024-25,ESP1,las palmas,2025-02-03 20:00:00,27194,-0.0171,9.0
2024-25,ESP1,las palmas,2025-02-08 17:30:00,27203,-0.0109,9.0
2024-25,ESP1,las palmas,2025-02-16 17:30:00,27217,-0.0046,12.0
2024-25,ESP1,las palmas,2025-02-22 20:00:00,27226,0.0035,11.0
2024-25,ESP1,las palmas,2025-02-28 20:00:00,27239,0.0068,11.0
2024-25,ESP1,las palmas,2025-03-09 17:30:00,27245,-0.0062,9.0
2024-25,ESP1,las palmas,2025-03-14 20:00:00,27260,0.0127,12.0
2024-25,ESP1,las palmas,2025-03-31 20:00:00,27263,0.0465,11.0
2024-25,ESP1,las palmas,2025-04-06 12:00:00,27274,0.0103,10.0
2024-25,ESP1,las palmas,2025-04-12 14:15:00,27286,0.0117,10.0
2024-25,ESP1,las palmas,2025-04-19 19:00:00,27295,0.0112,10.0
2024-25,ESP1,las palmas,2025-04-23 17:00:00,27303,0.0003,11.0
2024-25,ESP1,las palmas,2025-05-03 16:30:00,27313,0.0325,10.0
2024-25,ESP1,las palmas,2025-05-09 19:00:00,27329,0.0139,11.0
2024-25,ESP1,las palmas,2025-05-13 19:30:00,27340,0.0411,11.0
2024-25,ESP1,las palmas,2025-05-18 17:00:00,27350,-0.0236,9.0
2024-25,ESP1,las palmas,2025-05-24 16:30:00,27352,-0.0342,8.0
2024-25,ESP1,leganes,2024-08-17 17:00:00,26986,-0.0461,4.0
2024-25,ESP1,leganes,2024-08-25 17:00:00,26999,0.0423,5.0
2024-25,ESP1,leganes,2024-08-28 17:00:00,27005,-0.0057,9.0
2024-25,ESP1,leganes,2024-08-31 19:30:00,27016,0.0001,9.0
2024-25,ESP1,leganes,2024-09-13 19:00:00,27024,-0.023,13.0
2024-25,ESP1,leganes,2024-09-19 17:00:00,27047,-0.022,11.0
2024-25,ESP1,leganes,2024-09-22 12:00:00,27034,-0.0345,11.0
2024-25,ESP1,leganes,2024-09-28 14:15:00,27060,0.0028,10.0
2024-25,ESP1,leganes,2024-10-04 19:00:00,27065,0.0055,10.0
2024-25,ESP1,leganes,2024-10-20 14:15:00,27073,-0.0394,10.0
2024-25,ESP1,leganes,2024-10-27 13:00:00,27086,-0.0862,10.0
2024-25,ESP1,leganes,2024-11-02 15:15:00,27095,-0.0118,8.0
2024-25,ESP1,leganes,2024-11-09 21:00:00,27105,-0.0107,9.0
2024-25,ESP1,leganes,2024-11-24 17:30:00,27116,-0.0109,10.0
2024-25,ESP1,leganes,2024-11-30 15:15:00,27124,-0.065,8.0
2024-25,ESP1,leganes,2024-12-08 13:00:00,27133,-0.0573,8.0
2024-25,ESP1,leganes,2024-12-15 20:00:00,27143,-0.0429,8.0
2024-25,ESP1,leganes,2024-12-22 17:30:00,27158,-0.0458,9.0
2024-25,ESP1,leganes,2025-01-11 17:30:00,27171,-0.0489,9.0
2024-25,ESP1,leganes,2025-01-18 15:15:00,27176,-0.0573,10.0
2024-25,ESP1,leganes,2025-01-26 17:30:00,27182,-0.0505,7.0
2024-25,ESP1,leganes,2025-01-31 20:00:00,27197,-0.0437,9.0
2024-25,ESP1,leganes,2025-02-09 15:15:00,27208,-0.054,8.0
2024-25,ESP1,leganes,2025-02-15 13:00:00,27219,-0.0542,8.0
2024-25,ESP1,leganes,2025-02-23 20:00:00,27230,-0.0627,9.0
2024-25,ESP1,leganes,2025-03-02 13:00:00,27238,-0.0387,8.0
2024-25,ESP1,leganes,2025-03-08 13:00:00,27246,-0.0769,9.0
2024-25,ESP1,leganes,2025-03-16 13:00:00,27256,-0.0518,9.0
2024-25,ESP1,leganes,2025-03-29 20:00:00,27268,-0.0351,8.0
2024-25,ESP1,leganes,2025-04-07 19:00:00,27275,-0.0389,8.0
2024-25,ESP1,leganes,2025-04-12 19:00:00,27288,-0.0281,8.0
2024-25,ESP1,leganes,2025-04-19 16:30:00,27300,-0.0427,7.0
2024-25,ESP1,leganes,2025-04-24 17:00:00,27311,0.0024,9.0
2024-25,ESP1,leganes,2025-05-04 14:15:00,27320,-0.0648,9.0
2024-25,ESP1,leganes,2025-05-11 12:00:00,27322,-0.0438,7.0
2024-25,ESP1,leganes,2025-05-14 17:00:00,27341,0.0032,9.0
2024-25,ESP1,leganes,2025-05-18 17:00:00,27350,0.0154,8.0
2024-25,ESP1,leganes,2025-05-24 16:30:00,27357,0.0194,9.0
2024-25,ESP1,mallorca,2024-08-18 19:30:00,26989,0.0669,12.0
2024-25,ESP1,mallorca,2024-08-24 15:00:00,26994,0.0399,11.0
2024-25,ESP1,mallorca,2024-08-27 17:00:00,27003,0.0425,12.0
2024-25,ESP1,mallorca,2024-08-31 19:30:00,27016,0.049,12.0
2024-25,ESP1,mallorca,2024-09-14 12:00:00,27026,0.053,12.0
2024-25,ESP1,mallorca,2024-09-17 19:00:00,27045,0.011,13.0
2024-25,ESP1,mallorca,2024-09-23 19:00:00,27033,0.0155,14.0
2024-25,ESP1,mallorca,2024-09-27 19:00:00,27057,0.0406,13.0
2024-25,ESP1,mallorca,2024-10-05 12:00:00,27071,0.1016,14.0
2024-25,ESP1,mallorca,2024-10-20 12:00:00,27077,0.0774,12.0
2024-25,ESP1,mallorca,2024-10-28 20:00:00,27083,0.1132,12.0
2024-25,ESP1,mallorca,2024-11-01 20:00:00,27097,0.1181,12.0
2024-25,ESP1,mallorca,2024-11-10 15:15:00,27107,0.1045,13.0
2024-25,ESP1,mallorca,2024-11-23 17:30:00,27115,0.0913,12.0
2024-25,ESP1,mallorca,2024-11-29 20:00:00,27123,0.0993,11.0
2024-25,ESP1,mallorca,2024-12-03 18:00:00,27167,0.1724,13.0
2024-25,ESP1,mallorca,2024-12-06 20:00:00,27136,-0.0162,11.0
2024-25,ESP1,mallorca,2024-12-14 15:15:00,27146,-0.0067,12.0
2024-25,ESP1,mallorca,2024-12-21 13:00:00,27155,0.0201,12.0
2024-25,ESP1,mallorca,2025-01-20 20:00:00,27178,0.0387,15.0
2024-25,ESP1,mallorca,2025-01-25 13:00:00,27187,0.0134,13.0
2024-25,ESP1,mallorca,2025-02-01 17:30:00,27192,0.0069,12.0
2024-25,ESP1,mallorca,2025-02-10 20:00:00,27210,-0.0038,11.0
2024-25,ESP1,mallorca,2025-02-16 17:30:00,27217,-0.0001,12.0
2024-25,ESP1,mallorca,2025-02-24 20:00:00,27229,0.0387,14.0
2024-25,ESP1,mallorca,2025-03-02 17:30:00,27240,0.0666,12.0
2024-25,ESP1,mallorca,2025-03-09 17:30:00,27243,0.037,12.0
2024-25,ESP1,mallorca,2025-03-15 15:15:00,27261,0.099,10.0
2024-25,ESP1,mallorca,2025-03-30 17:30:00,27267,0.0425,11.0
2024-25,ESP1,mallorca,2025-04-05 16:30:00,27278,0.1327,14.0
2024-25,ESP1,mallorca,2025-04-12 12:00:00,27290,0.0896,11.0
2024-25,ESP1,mallorca,2025-04-19 16:30:00,27300,0.1121,12.0
2024-25,ESP1,mallorca,2025-04-22 19:30:00,27305,0.0847,11.0
2024-25,ESP1,mallorca,2025-05-05 19:00:00,27312,0.07,14.0
2024-25,ESP1,mallorca,2025-05-10 16:30:00,27328,0.0112,13.0
2024-25,ESP1,mallorca,2025-05-14 19:30:00,27339,0.0002,14.0
2024-25,ESP1,mallorca,2025-05-18 17:00:00,27346,-0.0247,13.0
2024-25,ESP1,mallorca,2025-05-24 19:00:00,27360,-0.0315,12.0
2024-25,ESP1,osasuna,2024-08-17 17:00:00,26986,0.0339,12.0
2024-25,ESP1,osasuna,2024-08-24 15:00:00,26994,0.087,10.0
2024-25,ESP1,osasuna,2024-08-29 17:00:00,27010,0.0776,13.0
2024-25,ESP1,osasuna,2024-09-01 15:00:00,27018,0.0532,12.0
2024-25,ESP1,osasuna,2024-09-16 19:00:00,27030,0.0342,13.0
2024-25,ESP1,osasuna,2024-09-21 14:15:00,27040,-0.0223,12.0
2024-25,ESP1,osasuna,2024-09-24 17:00:00,27050,-0.0081,14.0
2024-25,ESP1,osasuna,2024-09-28 19:00:00,27056,-0.0546,12.0
2024-25,ESP1,osasuna,2024-10-05 14:15:00,27062,-0.0123,11.0
2024-25,ESP1,osasuna,2024-10-19 14:15:00,27079,-0.0156,11.0
2024-25,ESP1,osasuna,2024-10-27 20:00:00,27088,0.0791,12.0
2024-25,ESP1,osasuna,2024-11-02 13:00:00,27096,0.0917,11.0
2024-25,ESP1,osasuna,2024-11-09 13:00:00,27109,0.1075,12.0
2024-25,ESP1,osasuna,2024-11-24 13:00:00,27114,0.0855,12.0
2024-25,ESP1,osasuna,2024-12-02 20:00:00,27129,0.0365,12.0
2024-25,ESP1,osasuna,2024-12-08 17:30:00,27141,0.0388,10.0
2024-25,ESP1,osasuna,2024-12-14 13:00:00,27150,0.042,11.0
2024-25,ESP1,osasuna,2024-12-21 17:30:00,27159,-0.0039,14.0
2024-25,ESP1,osasuna,2025-01-12 15:15:00,27163,-0.0507,13.0
2024-25,ESP1,osasuna,2025-01-19 17:30:00,27174,-0.0467,12.0
2024-25,ESP1,osasuna,2025-01-24 20:00:00,27185,-0.08,12.0
2024-25,ESP1,osasuna,2025-02-02 17:30:00,27195,-0.0487,13.0
2024-25,ESP1,osasuna,2025-02-10 20:00:00,27210,-0.0225,13.0
2024-25,ESP1,osasuna,2025-02-15 15:15:00,27220,-0.0261,14.0
2024-25,ESP1,osasuna,2025-02-21 20:00:00,27223,0.0212,11.0
2024-25,ESP1,osasuna,2025-03-02 20:00:00,27234,0.0187,14.0
2024-25,ESP1,osasuna,2025-03-16 17:30:00,27258,0.0511,12.0
2024-25,ESP1,osasuna,2025-03-27 20:00:00,27244,0.0373,13.0
2024-25,ESP1,osasuna,2025-03-30 17:30:00,27269,0.0286,13.0
2024-25,ESP1,osasuna,2025-04-07 19:00:00,27275,0.0264,12.0
2024-25,ESP1,osasuna,2025-04-13 12:00:00,27289,0.0235,13.0
2024-25,ESP1,osasuna,2025-04-20 12:00:00,27297,0.0407,11.0
2024-25,ESP1,osasuna,2025-04-24 17:00:00,27309,0.0646,13.0
2024-25,ESP1,osasuna,2025-05-03 14:15:00,27319,0.0258,14.0
2024-25,ESP1,osasuna,2025-05-11 19:00:00,27325,0.0198,12.0
2024-25,ESP1,osasuna,2025-05-15 17:00:00,27335,0.0429,13.0
2024-25,ESP1,osasuna,2025-05-18 17:00:00,27351,0.0528,13.0
2024-25,ESP1,osasuna,2025-05-24 19:00:00,27356,0.083,12.0
2024-25,ESP1,rayo vallecano,2024-08-18 17:00:00,26988,0.1012,12.0
2024-25,ESP1,rayo vallecano,2024-08-24 19:30:00,26996,0.1083,12.0
2024-25,ESP1,rayo vallecano,2024-08-27 19:30:00,27004,0.1106,13.0
2024-25,ESP1,rayo vallecano,2024-08-31 17:15:00,27014,0.1287,13.0
2024-25,ESP1,rayo vallecano,2024-09-16 19:00:00,27030,0.0678,12.0
2024-25,ESP1,rayo vallecano,2024-09-22 19:00:00,27036,0.017,12.0
2024-25,ESP1,rayo vallecano,2024-09-25 17:00:00,27044,0.0385,13.0
2024-25,ESP1,rayo vallecano,2024-09-28 14:15:00,27060,0.0156,13.0
2024-25,ESP1,rayo vallecano,2024-10-05 16:30:00,27070,0.02,13.0
2024-25,ESP1,rayo vallecano,2024-10-20 12:00:00,27077,0.0892,15.0
2024-25,ESP1,rayo vallecano,2024-10-26 14:15:00,27090,0.0413,12.0
2024-25,ESP1,rayo vallecano,2024-11-08 20:00:00,27110,0.1031,12.0
2024-25,ESP1,rayo vallecano,2024-11-24 15:15:00,27119,0.0697,13.0
2024-25,ESP1,rayo vallecano,2024-12-01 17:30:00,27125,0.0272,13.0
2024-25,ESP1,rayo vallecano,2024-12-07 17:30:00,27140,0.0463,12.0
2024-25,ESP1,rayo vallecano,2024-12-14 20:00:00,27144,0.0375,14.0
2024-25,ESP1,rayo vallecano,2024-12-18 20:30:00,27098,0.0713,14.0
2024-25,ESP1,rayo vallecano,2024-12-22 20:00:00,27153,0.079,12.0
2024-25,ESP1,rayo vallecano,2025-01-10 20:00:00,27169,0.0508,11.0
2024-25,ESP1,rayo vallecano,2025-01-19 17:30:00,27174,0.0188,12.0
2024-25,ESP1,rayo vallecano,2025-01-26 13:00:00,27189,0.0481,13.0
2024-25,ESP1,rayo vallecano,2025-01-31 20:00:00,27197,0.1798,12.0
2024-25,ESP1,rayo vallecano,2025-02-07 20:00:00,27211,0.2265,13.0
2024-25,ESP1,rayo vallecano,2025-02-17 20:00:00,27214,0.2575,13.0
2024-25,ESP1,rayo vallecano,2025-02-22 15:15:00,27224,0.2443,12.0
2024-25,ESP1,rayo vallecano,2025-03-01 15:15:00,27235,0.2116,15.0
2024-25,ESP1,rayo vallecano,2025-03-09 15:15:00,27251,0.1799,13.0
2024-25,ESP1,rayo vallecano,2025-03-16 17:30:00,27254,0.1864,14.0
2024-25,ESP1,rayo vallecano,2025-03-29 17:30:00,27266,0.1628,13.0
2024-25,ESP1,rayo vallecano,2025-04-04 19:00:00,27281,0.1065,13.0
2024-25,ESP1,rayo vallecano,2025-04-13 19:00:00,27283,0.0472,13.0
2024-25,ESP1,rayo vallecano,2025-04-19 12:00:00,27293,0.0787,12.0
2024-25,ESP1,rayo vallecano,2025-04-24 19:30:00,27304,0.0636,14.0
2024-25,ESP1,rayo vallecano,2025-05-02 19:00:00,27318,0.0227,11.0
2024-25,ESP1,rayo vallecano,2025-05-09 19:00:00,27329,0.0261,13.0
2024-25,ESP1,rayo vallecano,2025-05-15 17:00:00,27336,0.0423,13.0
2024-25,ESP1,rayo vallecano,2025-05-18 17:00:00,27344,0.019,13.0
2024-25,ESP1,rayo vallecano,2025-05-24 19:00:00,27360,0.0248,12.0
2024-25,ESP1,real betis,2024-08-15 19:30:00,26983,0.0164,14.0
2024-25,ESP1,real betis,2024-08-25 17:15:00,27000,0.0512,12.0
2024-25,ESP1,real betis,2024-09-01 19:30:00,27021,0.0013,11.0
2024-25,ESP1,real betis,2024-09-13 19:00:00,27024,-0.0078,13.0
2024-25,ESP1,real betis,2024-09-18 17:00:00,27007,0.0563,10.0
2024-25,ESP1,real betis,2024-09-23 19:00:00,27033,0.1116,13.0
2024-25,ESP1,real betis,2024-09-26 17:00:00,27049,0.0512,13.0
2024-25,ESP1,real betis,2024-09-29 16:30:00,27061,0.1007,11.0
2024-25,ESP1,real betis,2024-10-06 16:30:00,27068,0.117,12.0
2024-25,ESP1,real betis,2024-10-19 14:15:00,27079,0.0882,12.0
2024-25,ESP1,real betis,2024-10-27 17:30:00,27084,0.149,11.0
2024-25,ESP1,real betis,2024-11-03 20:00:00,27092,0.1253,14.0
2024-25,ESP1,real betis,2024-11-10 13:00:00,27103,0.0969,13.0
2024-25,ESP1,real betis,2024-11-23 13:00:00,27118,0.1216,13.0
2024-25,ESP1,real betis,2024-12-01 20:00:00,27130,0.1059,11.0
2024-25,ESP1,real betis,2024-12-07 15:15:00,27139,0.1284,11.0
2024-25,ESP1,real betis,2024-12-15 17:30:00,27148,0.0756,12.0
2024-25,ESP1,real betis,2024-12-22 20:00:00,27153,0.074,12.0
2024-25,ESP1,real betis,2025-01-11 15:15:00,27168,0.1121,13.0
2024-25,ESP1,real betis,2025-01-18 17:30:00,27181,0.0352,15.0
2024-25,ESP1,real betis,2025-01-25 13:00:00,27187,0.0926,12.0
2024-25,ESP1,real betis,2025-02-02 20:00:00,27198,0.0815,12.0
2024-25,ESP1,real betis,2025-02-08 13:00:00,27207,0.0718,15.0
2024-25,ESP1,real betis,2025-02-16 20:00:00,27218,0.0444,14.0
2024-25,ESP1,real betis,2025-02-23 17:30:00,27227,0.0036,11.0
2024-25,ESP1,real betis,2025-03-01 17:30:00,27233,0.0333,11.0
2024-25,ESP1,real betis,2025-03-09 17:30:00,27245,0.0883,12.0
2024-25,ESP1,real betis,2025-03-16 13:00:00,27256,0.1014,13.0
2024-25,ESP1,real betis,2025-03-30 20:00:00,27271,0.1082,12.0
2024-25,ESP1,real betis,2025-04-05 19:00:00,27272,0.0167,14.0
2024-25,ESP1,real betis,2025-04-13 16:30:00,27285,0.1051,15.0
2024-25,ESP1,real betis,2025-04-21 19:00:00,27296,0.0801,11.0
2024-25,ESP1,real betis,2025-04-24 19:30:00,27306,0.1197,13.0
2024-25,ESP1,real betis,2025-05-04 16:30:00,27321,0.0959,13.0
2024-25,ESP1,real betis,2025-05-11 19:00:00,27325,0.0831,12.0
2024-25,ESP1,real betis,2025-05-15 17:00:00,27336,0.0422,12.0
2024-25,ESP1,real betis,2025-05-18 17:00:00,27342,0.0858,11.0
2024-25,ESP1,real betis,2025-05-23 19:00:00,27354,0.0521,13.0
2024-25,ESP1,real madrid,2024-08-18 19:30:00,26989,0.0223,10.0
2024-25,ESP1,real madrid,2024-08-25 15:00:00,26998,0.0016,11.0
2024-25,ESP1,real madrid,2024-08-29 19:30:00,27011,-0.0125,13.0
2024-25,ESP1,real madrid,2024-09-01 19:30:00,27021,-0.0154,11.0
2024-25,ESP1,real madrid,2024-09-14 19:00:00,27031,0.0365,11.0
2024-25,ESP1,real madrid,2024-09-21 19:00:00,27041,0.0253,11.0
2024-25,ESP1,real madrid,2024-09-24 19:00:00,27051,0.0275,11.0
2024-25,ESP1,real madrid,2024-09-29 19:00:00,27053,0.0117,10.0
2024-25,ESP1,real madrid,2024-10-05 19:00:00,27063,-0.0406,11.0
2024-25,ESP1,real madrid,2024-10-19 19:00:00,27075,-0.0471,13.0
2024-25,ESP1,real madrid,2024-10-26 19:00:00,27085,-0.0748,12.0
2024-25,ESP1,real madrid,2024-11-09 13:00:00,27109,-0.0452,12.0
2024-25,ESP1,real madrid,2024-11-24 17:30:00,27116,-0.0328,10.0
2024-25,ESP1,real madrid,2024-12-01 15:15:00,27127,0.0261,12.0
2024-25,ESP1,real madrid,2024-12-04 20:00:00,27162,-0.0436,13.0
2024-25,ESP1,real madrid,2024-12-07 20:00:00,27137,0.1343,11.0
2024-25,ESP1,real madrid,2024-12-14 20:00:00,27144,0.0791,13.0
2024-25,ESP1,real madrid,2024-12-22 15:15:00,27157,-0.0202,13.0
2024-25,ESP1,real madrid,2025-01-03 20:00:00,27099,-0.0265,12.0
2024-25,ESP1,real madrid,2025-01-19 15:15:00,27180,-0.0264,10.0
2024-25,ESP1,real madrid,2025-01-25 20:00:00,27190,0.0287,13.0
2024-25,ESP1,real madrid,2025-02-01 20:00:00,27201,0.0625,11.0
2024-25,ESP1,real madrid,2025-02-08 20:00:00,27205,0.0519,10.0
2024-25,ESP1,real madrid,2025-02-15 15:15:00,27220,0.003,11.0
2024-25,ESP1,real madrid,2025-02-23 15:15:00,27228,0.0269,12.0
2024-25,ESP1,real madrid,2025-03-01 17:30:00,27233,0.0642,12.0
2024-25,ESP1,real madrid,2025-03-09 15:15:00,27251,0.0228,11.0
2024-25,ESP1,real madrid,2025-03-15 17:30:00,27259,-0.01,13.0
2024-25,ESP1,real madrid,2025-03-29 20:00:00,27268,0.0119,13.0
2024-25,ESP1,real madrid,2025-04-05 14:15:00,27273,-0.0635,13.0
2024-25,ESP1,real madrid,2025-04-13 14:15:00,27287,-0.0511,12.0
2024-25,ESP1,real madrid,2025-04-20 19:00:00,27294,-0.0561,14.0
2024-25,ESP1,real madrid,2025-04-23 19:30:00,27308,0.019,15.0
2024-25,ESP1,real madrid,2025-05-04 12:00:00,27317,0.0093,11.0
2024-25,ESP1,real madrid,2025-05-11 14:15:00,27324,0.0214,12.0
2024-25,ESP1,real madrid,2025-05-14 19:30:00,27339,0.0872,10.0
2024-25,ESP1,real madrid,2025-05-18 17:00:00,27348,0.149,10.0
2024-25,ESP1,real madrid,2025-05-24 14:15:00,27355,0.0501,13.0
2024-25,ESP1,real sociedad,2024-08-18 17:00:00,26988,-0.0636,12.0
2024-25,ESP1,real sociedad,2024-08-24 19:30:00,26997,-0.0573,10.0
2024-25,ESP1,real sociedad,2024-08-28 19:30:00,27008,-0.0352,9.0
2024-25,ESP1,real sociedad,2024-09-01 17:15:00,27020,-0.0356,13.0
2024-25,ESP1,real sociedad,2024-09-14 19:00:00,27031,-0.0593,10.0
2024-25,ESP1,real sociedad,2024-09-17 19:00:00,27045,-0.0654,12.0
2024-25,ESP1,real sociedad,2024-09-21 12:00:00,27039,-0.025,9.0
2024-25,ESP1,real sociedad,2024-09-28 16:30:00,27055,-0.0454,10.0
2024-25,ESP1,real sociedad,2024-10-06 19:00:00,27067,0.0313,10.0
2024-25,ESP1,real sociedad,2024-10-19 16:30:00,27076,0.0687,9.0
2024-25,ESP1,real sociedad,2024-10-27 20:00:00,27088,0.099,12.0
2024-25,ESP1,real sociedad,2024-11-03 17:30:00,27100,0.098,8.0
2024-25,ESP1,real sociedad,2024-11-10 20:00:00,27108,0.1096,12.0
2024-25,ESP1,real sociedad,2024-11-24 20:00:00,27112,0.0756,11.0
2024-25,ESP1,real sociedad,2024-12-01 20:00:00,27130,0.0243,12.0
2024-25,ESP1,real sociedad,2024-12-08 13:00:00,27133,0.0002,11.0
2024-25,ESP1,real sociedad,2024-12-15 17:30:00,27151,0.0172,9.0
2024-25,ESP1,real sociedad,2024-12-21 15:15:00,27154,0.0294,12.0
2024-25,ESP1,real sociedad,2025-01-13 20:00:00,27164,-0.0203,10.0
2024-25,ESP1,real sociedad,2025-01-19 20:00:00,27179,-0.0165,10.0
2024-25,ESP1,real sociedad,2025-01-26 15:15:00,27188,-0.0759,10.0
2024-25,ESP1,real sociedad,2025-02-02 17:30:00,27195,-0.0166,11.0
2024-25,ESP1,real sociedad,2025-02-09 17:30:00,27202,0.0881,10.0
2024-25,ESP1,real sociedad,2025-02-16 20:00:00,27218,0.0452,13.0
2024-25,ESP1,real sociedad,2025-02-23 20:00:00,27230,-0.0232,10.0
2024-25,ESP1,real sociedad,2025-03-02 15:15:00,27232,-0.0296,11.0
2024-25,ESP1,real sociedad,2025-03-09 20:00:00,27247,0.0401,12.0
2024-25,ESP1,real sociedad,2025-03-16 17:30:00,27254,-0.0045,10.0
2024-25,ESP1,real sociedad,2025-03-29 13:00:00,27265,-0.0012,11.0
2024-25,ESP1,real sociedad,2025-04-06 12:00:00,27274,-0.0355,11.0
2024-25,ESP1,real sociedad,2025-04-12 12:00:00,27290,0.048,12.0
2024-25,ESP1,real sociedad,2025-04-20 14:15:00,27298,0.0556,11.0
2024-25,ESP1,real sociedad,2025-04-23 19:30:00,27310,0.0498,12.0
2024-25,ESP1,real sociedad,2025-05-04 19:00:00,27315,0.0287,12.0
2024-25,ESP1,real sociedad,2025-05-10 19:00:00,27323,0.0422,13.0
2024-25,ESP1,real sociedad,2025-05-13 18:00:00,27337,0.0019,13.0
2024-25,ESP1,real sociedad,2025-05-18 17:00:00,27347,-0.0002,13.0
2024-25,ESP1,real sociedad,2025-05-24 14:15:00,27355,0.0653,13.0
2024-25,ESP1,real valladolid,2024-08-19 17:00:00,26990,0.0072,7.0
2024-25,ESP1,real valladolid,2024-08-25 15:00:00,26998,-0.0055,7.0
2024-25,ESP1,real valladolid,2024-08-28 17:00:00,27005,0.0063,10.0
2024-25,ESP1,real valladolid,2024-08-31 15:00:00,27012,-0.0032,8.0
2024-25,ESP1,real valladolid,2024-09-15 12:00:00,27025,-0.0185,10.0
2024-25,ESP1,real valladolid,2024-09-21 12:00:00,27039,-0.0114,12.0
2024-25,ESP1,real valladolid,2024-09-24 17:00:00,27046,-0.017,10.0
2024-25,ESP1,real valladolid,2024-09-27 19:00:00,27057,0.0315,10.0
2024-25,ESP1,real valladolid,2024-10-05 16:30:00,27070,-0.007,8.0
2024-25,ESP1,real valladolid,2024-10-18 19:00:00,27078,0.074,10.0
2024-25,ESP1,real valladolid,2024-10-26 12:00:00,27089,0.0731,10.0
2024-25,ESP1,real valladolid,2024-11-02 13:00:00,27096,0.0732,11.0
2024-25,ESP1,real valladolid,2024-11-10 17:30:00,27106,0.0278,9.0
2024-25,ESP1,real valladolid,2024-11-22 20:00:00,27113,0.0497,9.0
2024-25,ESP1,real valladolid,2024-11-30 20:00:00,27126,0.0489,10.0
2024-25,ESP1,real valladolid,2024-12-07 13:00:00,27138,0.0183,10.0
2024-25,ESP1,real valladolid,2024-12-13 20:00:00,27147,0.0121,9.0
2024-25,ESP1,real valladolid,2024-12-20 20:00:00,27156,-0.0316,8.0
2024-25,ESP1,real valladolid,2025-01-11 15:15:00,27168,-0.036,7.0
2024-25,ESP1,real valladolid,2025-01-17 20:00:00,27172,0.0003,7.0
2024-25,ESP1,real valladolid,2025-01-25 20:00:00,27190,0.0115,8.0
2024-25,ESP1,real valladolid,2025-02-01 15:15:00,27196,-0.0596,7.0
2024-25,ESP1,real valladolid,2025-02-07 20:00:00,27211,-0.022,6.0
2024-25,ESP1,real valladolid,2025-02-16 15:15:00,27215,-0.0355,10.0
2024-25,ESP1,real valladolid,2025-02-23 13:00:00,27222,-0.0342,13.0
2024-25,ESP1,real valladolid,2025-02-28 20:00:00,27239,-0.0376,11.0
2024-25,ESP1,real valladolid,2025-03-08 17:30:00,27248,-0.0143,11.0
2024-25,ESP1,real valladolid,2025-03-15 13:00:00,27257,0.0183,10.0
2024-25,ESP1,real valladolid,2025-03-29 13:00:00,27265,0.0224,12.0
2024-25,ESP1,real valladolid,2025-04-06 16:30:00,27279,0.0143,12.0
2024-25,ESP1,real valladolid,2025-04-14 19:00:00,27284,0.0209,11.0
2024-25,ESP1,real valladolid,2025-04-20 12:00:00,27297,0.1012,13.0
2024-25,ESP1,real valladolid,2025-04-24 19:30:00,27306,0.0586,12.0
2024-25,ESP1,real valladolid,2025-05-03 19:00:00,27316,0.0875,11.0
2024-25,ESP1,real valladolid,2025-05-10 16:30:00,27328,0.051,12.0
2024-25,ESP1,real valladolid,2025-05-13 17:00:00,27338,0.1827,10.0
2024-25,ESP1,real valladolid,2025-05-18 17:00:00,27349,0.1412,9.0
2024-25,ESP1,real valladolid,2025-05-24 16:30:00,27357,0.0112,10.0
2024-25,ESP1,sevilla,2024-08-16 19:30:00,26985,0.1137,10.0
2024-25,ESP1,sevilla,2024-08-23 19:30:00,26993,0.1132,12.0
2024-25,ESP1,sevilla,2024-08-27 17:00:00,27003,0.072,14.0
2024-25,ESP1,sevilla,2024-09-01 17:00:00,27019,0.0347,11.0
2024-25,ESP1,sevilla,2024-09-14 16:30:00,27029,0.0454,11.0
2024-25,ESP1,sevilla,2024-09-20 19:00:00,27035,0.1281,14.0
2024-25,ESP1,sevilla,2024-09-24 17:00:00,27046,0.0601,13.0
2024-25,ESP1,sevilla,2024-09-29 14:15:00,27052,0.0683,11.0
2024-25,ESP1,sevilla,2024-10-06 16:30:00,27068,0.0862,11.0
2024-25,ESP1,sevilla,2024-10-20 19:00:00,27074,0.067,13.0
2024-25,ESP1,sevilla,2024-10-25 19:00:00,27091,0.0487,10.0
2024-25,ESP1,sevilla,2024-11-03 17:30:00,27100,0.0015,11.0
2024-25,ESP1,sevilla,2024-11-09 21:00:00,27105,-0.0458,11.0
2024-25,ESP1,sevilla,2024-11-24 15:15:00,27119,-0.0196,12.0
2024-25,ESP1,sevilla,2024-12-02 20:00:00,27129,0.0065,13.0
2024-25,ESP1,sevilla,2024-12-08 20:00:00,27135,-0.0262,11.0
2024-25,ESP1,sevilla,2024-12-14 17:30:00,27145,-0.0164,12.0
2024-25,ESP1,sevilla,2024-12-22 15:15:00,27157,-0.0404,11.0
2024-25,ESP1,sevilla,2025-01-11 20:00:00,27165,0.008,13.0
2024-25,ESP1,sevilla,2025-01-18 13:00:00,27173,0.0336,11.0
2024-25,ESP1,sevilla,2025-01-25 17:30:00,27191,0.0671,11.0
2024-25,ESP1,sevilla,2025-02-01 13:00:00,27193,0.0669,12.0
2024-25,ESP1,sevilla,2025-02-09 20:00:00,27206,0.0561,15.0
2024-25,ESP1,sevilla,2025-02-16 15:15:00,27215,0.0197,11.0
2024-25,ESP1,sevilla,2025-02-24 20:00:00,27229,0.0897,10.0
2024-25,ESP1,sevilla,2025-03-01 15:15:00,27235,0.0856,12.0
2024-25,ESP1,sevilla,2025-03-09 20:00:00,27247,0.0215,12.0
2024-25,ESP1,sevilla,2025-03-16 15:15:00,27255,-0.0004,13.0
2024-25,ESP1,sevilla,2025-03-30 20:00:00,27271,0.0041,13.0
2024-25,ESP1,sevilla,2025-04-06 14:15:00,27277,-0.0092,13.0
2024-25,ESP1,sevilla,2025-04-11 19:00:00,27291,-0.0343,12.0
2024-25,ESP1,sevilla,2025-04-20 16:30:00,27299,-0.0349,12.0
2024-25,ESP1,sevilla,2025-04-24 17:00:00,27309,0.0229,9.0
2024-25,ESP1,sevilla,2025-05-04 14:15:00,27320,0.0196,12.0
2024-25,ESP1,sevilla,2025-05-10 14:15:00,27326,0.065,12.0
2024-25,ESP1,sevilla,2025-05-13 19:30:00,27340,0.0952,12.0
2024-25,ESP1,sevilla,2025-05-18 17:00:00,27348,0.1,10.0
2024-25,ESP1,sevilla,2025-05-25 14:15:00,27361,0.0679,13.0
2024-25,ESP1,valencia,2024-08-17 19:30:00,26987,0.0398,12.0
2024-25,ESP1,valencia,2024-08-23 17:00:00,26992,0.0772,11.0
2024-25,ESP1,valencia,2024-08-28 17:00:00,27006,-0.0021,10.0
2024-25,ESP1,valencia,2024-08-31 19:30:00,27015,0.0194,11.0
2024-25,ESP1,valencia,2024-09-15 19:00:00,27023,0.0218,13.0
2024-25,ESP1,valencia,2024-09-21 16:30:00,27038,-0.0018,12.0
2024-25,ESP1,valencia,2024-09-24 17:00:00,27050,-0.0606,13.0
2024-25,ESP1,valencia,2024-09-28 16:30:00,27055,-0.0488,15.0
2024-25,ESP1,valencia,2024-10-04 19:00:00,27065,-0.0112,13.0
2024-25,ESP1,valencia,2024-10-21 19:00:00,27081,-0.0241,13.0
2024-25,ESP1,valencia,2024-10-27 15:15:00,27082,-0.0627,12.0
2024-25,ESP1,valencia,2024-11-23 13:00:00,27118,-0.0413,12.0
2024-25,ESP1,valencia,2024-11-29 20:00:00,27123,-0.0097,10.0
2024-25,ESP1,valencia,2024-12-07 17:30:00,27140,-0.008,12.0
2024-25,ESP1,valencia,2024-12-13 20:00:00,27147,0.0034,13.0
2024-25,ESP1,valencia,2024-12-18 20:30:00,27102,0.0096,12.0
2024-25,ESP1,valencia,2024-12-22 13:00:00,27161,-0.0114,11.0
2024-25,ESP1,valencia,2025-01-03 20:00:00,27099,-0.0211,13.0
2024-25,ESP1,valencia,2025-01-11 20:00:00,27165,-0.008,13.0
2024-25,ESP1,valencia,2025-01-19 20:00:00,27179,-0.03,11.0
2024-25,ESP1,valencia,2025-01-26 20:00:00,27184,0.0137,11.0
2024-25,ESP1,valencia,2025-02-02 15:15:00,27199,0.0059,11.0
2024-25,ESP1,valencia,2025-02-09 15:15:00,27208,0.0114,12.0
2024-25,ESP1,valencia,2025-02-15 20:00:00,27216,0.0419,11.0
2024-25,ESP1,valencia,2025-02-22 17:30:00,27225,-0.0101,11.0
2024-25,ESP1,valencia,2025-03-02 20:00:00,27234,0.0128,11.0
2024-25,ESP1,valencia,2025-03-08 17:30:00,27248,0.0123,10.0
2024-25,ESP1,valencia,2025-03-15 20:00:00,27253,0.0729,12.0
2024-25,ESP1,valencia,2025-03-30 17:30:00,27267,0.0396,12.0
2024-25,ESP1,valencia,2025-04-05 14:15:00,27273,0.0465,13.0
2024-25,ESP1,valencia,2025-04-11 19:00:00,27291,0.0261,12.0
2024-25,ESP1,valencia,2025-04-19 12:00:00,27293,0.0711,13.0
2024-25,ESP1,valencia,2025-04-22 19:00:00,27302,0.0722,11.0
2024-25,ESP1,valencia,2025-05-03 16:30:00,27313,0.119,12.0
2024-25,ESP1,valencia,2025-05-10 12:00:00,27330,0.1048,11.0
2024-25,ESP1,valencia,2025-05-14 17:00:00,27333,0.1095,10.0
2024-25,ESP1,valencia,2025-05-18 17:00:00,27345,0.0264,12.0
2024-25,ESP1,valencia,2025-05-23 19:00:00,27354,0.0219,13.0
2024-25,ESP1,villarreal,2024-08-19 19:30:00,26991,0.0823,9.0
2024-25,ESP1,villarreal,2024-08-23 19:30:00,26993,0.0792,8.0
2024-25,ESP1,villarreal,2024-08-26 19:30:00,27002,0.0808,10.0
2024-25,ESP1,villarreal,2024-08-31 19:30:00,27015,0.2207,9.0
2024-25,ESP1,villarreal,2024-09-14 12:00:00,27026,0.1637,11.0
2024-25,ESP1,villarreal,2024-09-22 16:30:00,27037,0.1013,10.0
2024-25,ESP1,villarreal,2024-09-26 17:00:00,27042,0.1554,12.0
2024-25,ESP1,villarreal,2024-09-30 19:00:00,27058,0.1057,11.0
2024-25,ESP1,villarreal,2024-10-05 19:00:00,27063,0.2307,11.0
2024-25,ESP1,villarreal,2024-10-20 16:30:00,27080,0.139,10.0
2024-25,ESP1,villarreal,2024-10-26 12:00:00,27089,0.1356,11.0
2024-25,ESP1,villarreal,2024-11-09 15:15:00,27111,0.1915,11.0
2024-25,ESP1,villarreal,2024-11-24 13:00:00,27114,0.1315,11.0
2024-25,ESP1,villarreal,2024-12-01 13:00:00,27128,0.1476,10.0
2024-25,ESP1,villarreal,2024-12-08 15:15:00,27134,0.1068,11.0
2024-25,ESP1,villarreal,2024-12-15 17:30:00,27148,0.2023,10.0
2024-25,ESP1,villarreal,2024-12-18 20:30:00,27098,0.2752,10.0
2024-25,ESP1,villarreal,2024-12-22 17:30:00,27158,0.2173,9.0
2024-25,ESP1,villarreal,2025-01-13 20:00:00,27164,0.2302,9.0
2024-25,ESP1,villarreal,2025-01-20 20:00:00,27178,0.196,12.0
2024-25,ESP1,villarreal,2025-01-25 15:15:00,27183,0.1813,10.0
2024-25,ESP1,villarreal,2025-02-01 15:15:00,27196,0.1161,13.0
2024-25,ESP1,villarreal,2025-02-08 17:30:00,27203,0.1617,12.0
2024-25,ESP1,villarreal,2025-02-15 20:00:00,27216,0.1051,10.0
2024-25,ESP1,villarreal,2025-02-22 15:15:00,27224,0.1544,10.0
2024-25,ESP1,villarreal,2025-03-08 15:15:00,27249,0.103,10.0
2024-25,ESP1,villarreal,2025-03-15 17:30:00,27259,0.0934,10.0
2024-25,ESP1,villarreal,2025-03-30 13:00:00,27264,0.0803,11.0
2024-25,ESP1,villarreal,2025-04-06 19:00:00,27276,0.0267,10.0
2024-25,ESP1,villarreal,2025-04-13 16:30:00,27285,0.0233,9.0
2024-25,ESP1,villarreal,2025-04-20 14:15:00,27298,0.0632,9.0
2024-25,ESP1,villarreal,2025-04-23 17:00:00,27307,0.0522,11.0
2024-25,ESP1,villarreal,2025-04-27 14:15:00,27241,0.0361,9.0
2024-25,ESP1,villarreal,2025-05-03 14:15:00,27319,0.0359,12.0
2024-25,ESP1,villarreal,2025-05-10 16:30:00,27327,0.0937,10.0
2024-25,ESP1,villarreal,2025-05-14 17:00:00,27341,0.1086,10.0
2024-25,ESP1,villarreal,2025-05-18 17:00:00,27343,0.1049,11.0
2024-25,ESP1,villarreal,2025-05-25 14:15:00,27361,0.1444,11.0
2024-25,GER1,augsburg,2024-08-24 13:30:00,27746,-0.0561,12.0
2024-25,GER1,augsburg,2024-09-01 13:30:00,27758,-0.0048,13.0
2024-25,GER1,augsburg,2024-09-15 13:30:00,27767,-0.0248,13.0
2024-25,GER1,augsburg,2024-09-20 18:30:00,27769,0.0101,13.0
2024-25,GER1,augsburg,2024-09-28 13:30:00,27783,0.0278,13.0
2024-25,GER1,augsburg,2024-10-04 18:30:00,27790,0.0279,11.0
2024-25,GER1,augsburg,2024-10-19 13:30:00,27800,0.0363,14.0
2024-25,GER1,augsburg,2024-10-26 13:30:00,27809,0.0401,13.0
2024-25,GER1,augsburg,2024-11-02 14:30:00,27820,0.0301,14.0
2024-25,GER1,augsburg,2024-11-10 14:30:00,27827,-0.005,14.0
2024-25,GER1,augsburg,2024-11-22 19:30:00,27834,-0.0182,14.0
2024-25,GER1,augsburg,2024-11-30 14:30:00,27846,-0.0775,12.0
2024-25,GER1,augsburg,2024-12-07 14:30:00,27858,-0.0632,13.0
2024-25,GER1,augsburg,2024-12-14 14:30:00,27863,-0.037,15.0
2024-25,GER1,augsburg,2024-12-21 14:30:00,27876,-0.0598,16.0
2024-25,GER1,augsburg,2025-01-12 16:30:00,27882,-0.0875,14.0
2024-25,GER1,augsburg,2025-01-15 19:30:00,27892,-0.0745,15.0
2024-25,GER1,augsburg,2025-01-19 16:30:00,27900,-0.0454,14.0
2024-25,GER1,augsburg,2025-01-25 14:30:00,27911,-0.0344,16.0
2024-25,GER1,augsburg,2025-02-01 14:30:00,27915,-0.0279,16.0
2024-25,GER1,augsburg,2025-02-08 14:30:00,27928,0.0235,13.0
2024-25,GER1,augsburg,2025-02-14 19:30:00,27936,-0.0407,13.0
2024-25,GER1,augsburg,2025-02-22 14:30:00,27947,-0.0138,15.0
2024-25,GER1,augsburg,2025-03-02 16:30:00,27954,-0.0117,14.0
2024-25,GER1,augsburg,2025-03-08 14:30:00,27960,0.009,15.0
2024-25,GER1,augsburg,2025-03-15 14:30:00,27971,-0.0304,13.0
2024-25,GER1,augsburg,2025-03-29 14:30:00,27983,-0.0362,14.0
2024-25,GER1,augsburg,2025-04-04 18:30:00,27989,-0.0304,14.0
2024-25,GER1,augsburg,2025-04-12 13:30:00,28001,-0.0052,14.0
2024-25,GER1,augsburg,2025-04-20 13:30:00,28008,-0.0457,14.0
2024-25,GER1,augsburg,2025-04-26 13:30:00,28012,-0.0595,15.0
2024-25,GER1,augsburg,2025-05-04 13:30:00,28025,-0.0189,15.0
2024-25,GER1,augsburg,2025-05-11 17:30:00,28031,0.0252,13.0
2024-25,GER1,augsburg,2025-05-17 13:30:00,28044,0.0606,14.0
2024-25,GER1,bayer leverkusen,2024-08-23 18:30:00,27742,0.1381,11.0
2024-25,GER1,bayer leverkusen,2024-08-31 16:30:00,27757,0.1362,10.0
2024-25,GER1,bayer leverkusen,2024-09-14 13:30:00,27761,0.1242,12.0
2024-25,GER1,bayer leverkusen,2024-09-22 13:30:00,27775,0.1576,14.0
2024-25,GER1,bayer leverkusen,2024-09-28 16:30:00,27784,0.1503,13.0
2024-25,GER1,bayer leverkusen,2024-10-05 13:30:00,27794,0.1224,15.0
2024-25,GER1,bayer leverkusen,2024-10-19 13:30:00,27796,0.165,13.0
2024-25,GER1,bayer leverkusen,2024-10-26 16:30:00,27808,0.0812,12.0
2024-25,GER1,bayer leverkusen,2024-11-01 19:30:00,27814,0.0732,12.0
2024-25,GER1,bayer leverkusen,2024-11-09 14:30:00,27830,0.0524,13.0
2024-25,GER1,bayer leverkusen,2024-11-23 14:30:00,27832,0.063,13.0
2024-25,GER1,bayer leverkusen,2024-11-30 14:30:00,27848,0.0945,15.0
2024-25,GER1,bayer leverkusen,2024-12-07 14:30:00,27850,-0.0149,12.0
2024-25,GER1,bayer leverkusen,2024-12-14 14:30:00,27863,-0.076,12.0
2024-25,GER1,bayer leverkusen,2024-12-21 17:30:00,27868,-0.0781,12.0
2024-25,GER1,bayer leverkusen,2025-01-10 19:30:00,27878,-0.0459,13.0
2024-25,GER1,bayer leverkusen,2025-01-14 19:30:00,27886,-0.0004,12.0
2024-25,GER1,bayer leverkusen,2025-01-18 17:30:00,27895,0.0185,12.0
2024-25,GER1,bayer leverkusen,2025-01-25 14:30:00,27904,0.0405,14.0
2024-25,GER1,bayer leverkusen,2025-02-02 16:30:00,27916,-0.0047,13.0
2024-25,GER1,bayer leverkusen,2025-02-08 14:30:00,27927,0.0175,14.0
2024-25,GER1,bayer leverkusen,2025-02-15 17:30:00,27931,-0.0002,11.0
2024-25,GER1,bayer leverkusen,2025-02-22 14:30:00,27948,0.0723,11.0
2024-25,GER1,bayer leverkusen,2025-03-01 17:30:00,27951,-0.0144,14.0
2024-25,GER1,bayer leverkusen,2025-03-08 14:30:00,27958,-0.0171,15.0
2024-25,GER1,bayer leverkusen,2025-03-16 18:30:00,27967,-0.0085,14.0
2024-25,GER1,bayer leverkusen,2025-03-28 19:30:00,27976,0.0178,12.0
2024-25,GER1,bayer leverkusen,2025-04-05 13:30:00,27986,-0.008,13.0
2024-25,GER1,bayer leverkusen,2025-04-12 13:30:00,27994,-0.0158,15.0
2024-25,GER1,bayer leverkusen,2025-04-20 17:30:00,28011,-0.1007,12.0
2024-25,GER1,bayer leverkusen,2025-04-26 13:30:00,28012,-0.1063,13.0
2024-25,GER1,bayer leverkusen,2025-05-04 15:30:00,28024,-0.115,14.0
2024-25,GER1,bayer leverkusen,2025-05-11 13:30:00,28030,-0.1512,14.0
2024-25,GER1,bayer leverkusen,2025-05-17 13:30:00,28045,-0.144,14.0
2024-25,GER1,bayern munich,2024-08-25 13:30:00,27749,0.0889,12.0
2024-25,GER1,bayern munich,2024-09-01 15:30:00,27759,0.0812,14.0
2024-25,GER1,bayern munich,2024-09-14 16:30:00,27766,-0.0269,15.0
2024-25,GER1,bayern munich,2024-09-21 13:30:00,27773,-0.0522,15.0
2024-25,GER1,bayern munich,2024-09-28 16:30:00,27784,0.0359,13.0
2024-25,GER1,bayern munich,2024-10-06 15:30:00,27787,0.0175,12.0
2024-25,GER1,bayern munich,2024-10-19 16:30:00,27797,-0.0003,13.0
2024-25,GER1,bayern munich,2024-10-27 14:30:00,27812,-0.0358,15.0
2024-25,GER1,bayern munich,2024-11-02 14:30:00,27815,0.0144,14.0
2024-25,GER1,bayern munich,2024-11-09 14:30:00,27831,0.0795,12.0
2024-25,GER1,bayern munich,2024-11-22 19:30:00,27834,0.0511,13.0
2024-25,GER1,bayern munich,2024-11-30 17:30:00,27842,0.1012,13.0
2024-25,GER1,bayern munich,2024-12-07 14:30:00,27857,0.0008,12.0
2024-25,GER1,bayern munich,2024-12-14 14:30:00,27864,0.0669,14.0
2024-25,GER1,bayern munich,2024-12-20 19:30:00,27870,-0.0077,11.0
2024-25,GER1,bayern munich,2025-01-11 17:30:00,27884,0.0123,13.0
2024-25,GER1,bayern munich,2025-01-15 19:30:00,27888,0.1014,14.0
2024-25,GER1,bayern munich,2025-01-18 14:30:00,27897,0.1032,12.0
2024-25,GER1,bayern munich,2025-01-25 14:30:00,27912,0.1284,14.0
2024-25,GER1,bayern munich,2025-02-01 14:30:00,27918,0.0689,14.0
2024-25,GER1,bayern munich,2025-02-07 19:30:00,27922,0.0964,11.0
2024-25,GER1,bayern munich,2025-02-15 17:30:00,27931,0.2157,14.0
2024-25,GER1,bayern munich,2025-02-23 16:30:00,27940,0.1021,14.0
2024-25,GER1,bayern munich,2025-02-28 19:30:00,27949,0.0704,12.0
2024-25,GER1,bayern munich,2025-03-08 14:30:00,27959,0.1621,15.0
2024-25,GER1,bayern munich,2025-03-15 14:30:00,27973,0.1331,10.0
2024-25,GER1,bayern munich,2025-03-29 14:30:00,27977,0.0785,13.0
2024-25,GER1,bayern munich,2025-04-04 18:30:00,27989,0.0945,13.0
2024-25,GER1,bayern munich,2025-04-12 16:30:00,27996,0.0862,14.0
2024-25,GER1,bayern munich,2025-04-19 13:30:00,28005,0.1397,15.0
2024-25,GER1,bayern munich,2025-04-26 13:30:00,28014,0.0969,13.0
2024-25,GER1,bayern munich,2025-05-03 13:30:00,28021,0.1078,13.0
2024-25,GER1,bayern munich,2025-05-10 16:30:00,28032,0.0829,13.0
2024-25,GER1,bayern munich,2025-05-17 13:30:00,28041,0.0767,15.0
2024-25,GER1,bochum,2024-08-24 13:30:00,27743,0.0595,8.0
2024-25,GER1,bochum,2024-08-31 13:30:00,27752,0.0385,8.0
2024-25,GER1,bochum,2024-09-14 13:30:00,27762,0.0057,12.0
2024-25,GER1,bochum,2024-09-21 13:30:00,27771,0.0028,14.0
2024-25,GER1,bochum,2024-09-27 18:30:00,27778,-0.022,12.0
2024-25,GER1,bochum,2024-10-05 13:30:00,27792,-0.0155,13.0
2024-25,GER1,bochum,2024-10-19 13:30:00,27799,0.0217,15.0
2024-25,GER1,bochum,2024-10-27 14:30:00,27812,0.0126,15.0
2024-25,GER1,bochum,2024-11-02 14:30:00,27817,-0.0085,15.0
2024-25,GER1,bochum,2024-11-09 14:30:00,27830,0.0295,15.0
2024-25,GER1,bochum,2024-11-23 14:30:00,27833,0.0185,15.0
2024-25,GER1,bochum,2024-11-30 14:30:00,27846,0.0244,16.0
2024-25,GER1,bochum,2024-12-07 14:30:00,27855,-0.0342,15.0
2024-25,GER1,bochum,2024-12-14 14:30:00,27866,-0.0476,13.0
2024-25,GER1,bochum,2024-12-22 14:30:00,27875,-0.0358,12.0
2024-25,GER1,bochum,2025-01-11 14:30:00,27883,-0.0181,16.0
2024-25,GER1,bochum,2025-01-15 17:30:00,27893,-0.0204,12.0
2024-25,GER1,bochum,2025-01-18 14:30:00,27902,0.0853,12.0
2024-25,GER1,bochum,2025-01-25 17:30:00,27908,0.0883,14.0
2024-25,GER1,bochum,2025-02-01 14:30:00,27914,0.093,14.0
2024-25,GER1,bochum,2025-02-15 14:30:00,27938,0.038,11.0
2024-25,GER1,bochum,2025-02-22 14:30:00,27945,0.0651,11.0
2024-25,GER1,bochum,2025-03-01 14:30:00,27957,0.1218,13.0
2024-25,GER1,bochum,2025-03-08 14:30:00,27959,0.0738,12.0
2024-25,GER1,bochum,2025-03-16 15:30:00,27974,0.0659,14.0
2024-25,GER1,bochum,2025-03-28 19:30:00,27976,0.0869,13.0
2024-25,GER1,bochum,2025-04-05 13:30:00,27992,0.0594,15.0
2024-25,GER1,bochum,2025-04-12 13:30:00,28001,-0.0418,11.0
2024-25,GER1,bochum,2025-04-19 13:30:00,28006,-0.0087,15.0
2024-25,GER1,bochum,2025-04-27 13:30:00,28019,0.0018,14.0
2024-25,GER1,bochum,2025-05-02 18:30:00,28023,-0.0063,11.0
2024-25,GER1,bochum,2025-05-10 13:30:00,28037,0.0042,16.0
2024-25,GER1,bochum,2025-05-17 13:30:00,28047,-0.014,15.0
2024-25,GER1,borussia dortmund,2024-08-24 16:30:00,27748,0.1011,12.0
2024-25,GER1,borussia dortmund,2024-08-31 13:30:00,27753,0.0758,14.0
2024-25,GER1,borussia dortmund,2024-09-13 18:30:00,27760,0.0925,14.0
2024-25,GER1,borussia dortmund,2024-09-22 15:30:00,27776,0.0846,15.0
2024-25,GER1,borussia dortmund,2024-09-27 18:30:00,27778,0.0695,13.0
2024-25,GER1,borussia dortmund,2024-10-05 13:30:00,27791,0.0823,13.0
2024-25,GER1,borussia dortmund,2024-10-18 18:30:00,27798,0.0784,13.0
2024-25,GER1,borussia dortmund,2024-10-26 13:30:00,27809,0.0679,13.0
2024-25,GER1,borussia dortmund,2024-11-02 17:30:00,27816,0.0374,10.0
2024-25,GER1,borussia dortmund,2024-11-09 14:30:00,27828,0.029,12.0
2024-25,GER1,borussia dortmund,2024-11-23 14:30:00,27835,0.0195,13.0
2024-25,GER1,borussia dortmund,2024-11-30 17:30:00,27842,-0.0031,13.0
2024-25,GER1,borussia dortmund,2024-12-07 17:30:00,27854,-0.037,11.0
2024-25,GER1,borussia dortmund,2024-12-15 16:30:00,27860,0.0038,13.0
2024-25,GER1,borussia dortmund,2024-12-22 16:30:00,27874,-0.0531,12.0
2024-25,GER1,borussia dortmund,2025-01-10 19:30:00,27878,-0.0236,12.0
2024-25,GER1,borussia dortmund,2025-01-14 17:30:00,27894,-0.058,13.0
2024-25,GER1,borussia dortmund,2025-01-17 19:30:00,27898,-0.098,13.0
2024-25,GER1,borussia dortmund,2025-01-25 14:30:00,27905,-0.0844,13.0
2024-25,GER1,borussia dortmund,2025-02-01 14:30:00,27920,-0.0703,13.0
2024-25,GER1,borussia dortmund,2025-02-08 14:30:00,27924,-0.0309,11.0
2024-25,GER1,borussia dortmund,2025-02-15 14:30:00,27938,-0.0771,13.0
2024-25,GER1,borussia dortmund,2025-02-22 17:30:00,27942,-0.0207,11.0
2024-25,GER1,borussia dortmund,2025-03-01 14:30:00,27956,0.1052,12.0
2024-25,GER1,borussia dortmund,2025-03-08 14:30:00,27960,0.1226,14.0
2024-25,GER1,borussia dortmund,2025-03-15 17:30:00,27968,0.1477,13.0
2024-25,GER1,borussia dortmund,2025-03-30 16:30:00,27979,0.1148,12.0
2024-25,GER1,borussia dortmund,2025-04-05 13:30:00,27988,0.1577,14.0
2024-25,GER1,borussia dortmund,2025-04-12 16:30:00,27996,0.231,13.0
2024-25,GER1,borussia dortmund,2025-04-20 15:30:00,28004,0.1976,16.0
2024-25,GER1,borussia dortmund,2025-04-26 13:30:00,28016,0.0584,12.0
2024-25,GER1,borussia dortmund,2025-05-03 16:30:00,28022,0.0693,13.0
2024-25,GER1,borussia dortmund,2025-05-11 13:30:00,28030,0.1697,13.0
2024-25,GER1,borussia dortmund,2025-05-17 13:30:00,28040,0.1316,12.0
2024-25,GER1,borussia monchengladbach,2024-08-23 18:30:00,27742,0.1127,12.0
2024-25,GER1,borussia monchengladbach,2024-08-31 13:30:00,27752,0.1131,12.0
2024-25,GER1,borussia monchengladbach,2024-09-14 13:30:00,27765,0.1233,15.0
2024-25,GER1,borussia monchengladbach,2024-09-21 16:30:00,27774,0.0737,14.0
2024-25,GER1,borussia monchengladbach,2024-09-28 13:30:00,27782,0.0762,13.0
2024-25,GER1,borussia monchengladbach,2024-10-04 18:30:00,27790,0.1102,15.0
2024-25,GER1,borussia monchengladbach,2024-10-19 13:30:00,27803,0.1054,11.0
2024-25,GER1,borussia monchengladbach,2024-10-25 18:30:00,27810,0.1095,14.0
2024-25,GER1,borussia monchengladbach,2024-11-03 16:30:00,27821,0.0844,15.0
2024-25,GER1,borussia monchengladbach,2024-11-09 17:30:00,27824,0.0816,13.0
2024-25,GER1,borussia monchengladbach,2024-11-24 16:30:00,27839,0.1118,15.0
2024-25,GER1,borussia monchengladbach,2024-11-30 14:30:00,27845,0.1233,15.0
2024-25,GER1,borussia monchengladbach,2024-12-07 17:30:00,27854,0.1864,13.0
2024-25,GER1,borussia monchengladbach,2024-12-14 14:30:00,27865,0.0572,11.0
2024-25,GER1,borussia monchengladbach,2024-12-21 14:30:00,27872,0.0815,12.0
2024-25,GER1,borussia monchengladbach,2025-01-11 17:30:00,27884,0.0365,13.0
2024-25,GER1,borussia monchengladbach,2025-01-14 19:30:00,27891,0.1501,12.0
2024-25,GER1,borussia monchengladbach,2025-01-18 17:30:00,27895,0.0277,14.0
2024-25,GER1,borussia monchengladbach,2025-01-25 17:30:00,27908,0.027,11.0
2024-25,GER1,borussia monchengladbach,2025-02-01 14:30:00,27917,0.0018,11.0
2024-25,GER1,borussia monchengladbach,2025-02-08 17:30:00,27929,0.1411,12.0
2024-25,GER1,borussia monchengladbach,2025-02-15 14:30:00,27937,-0.0122,13.0
2024-25,GER1,borussia monchengladbach,2025-02-22 14:30:00,27947,0.0244,13.0
2024-25,GER1,borussia monchengladbach,2025-03-01 14:30:00,27952,0.039,14.0
2024-25,GER1,borussia monchengladbach,2025-03-07 19:30:00,27965,0.1066,14.0
2024-25,GER1,borussia monchengladbach,2025-03-15 14:30:00,27970,0.0206,12.0
2024-25,GER1,borussia monchengladbach,2025-03-29 14:30:00,27980,0.1071,13.0
2024-25,GER1,borussia monchengladbach,2025-04-06 13:30:00,27993,0.0337,13.0
2024-25,GER1,borussia monchengladbach,2025-04-12 13:30:00,28000,0.0655,15.0
2024-25,GER1,borussia monchengladbach,2025-04-20 15:30:00,28004,0.0461,14.0
2024-25,GER1,borussia monchengladbach,2025-04-26 13:30:00,28020,0.0576,14.0
2024-25,GER1,borussia monchengladbach,2025-05-03 13:30:00,28027,0.018,13.0
2024-25,GER1,borussia monchengladbach,2025-05-10 16:30:00,28032,0.0526,15.0
2024-25,GER1,borussia monchengladbach,2025-05-17 13:30:00,28046,0.066,14.0
2024-25,GER1,eintracht frankfurt,2024-08-24 16:30:00,27748,-0.0566,12.0
2024-25,GER1,eintracht frankfurt,2024-08-31 13:30:00,27756,-0.0664,10.0
2024-25,GER1,eintracht frankfurt,2024-09-14 13:30:00,27764,-0.0093,14.0
2024-25,GER1,eintracht frankfurt,2024-09-21 16:30:00,27774,0.0637,11.0
2024-25,GER1,eintracht frankfurt,2024-09-29 13:30:00,27785,0.054,11.0
2024-25,GER1,eintracht frankfurt,2024-10-06 15:30:00,27787,0.1239,13.0
2024-25,GER1,eintracht frankfurt,2024-10-19 13:30:00,27796,0.1067,11.0
2024-25,GER1,eintracht frankfurt,2024-10-27 16:30:00,27811,0.0526,13.0
2024-25,GER1,eintracht frankfurt,2024-11-02 14:30:00,27817,0.0406,13.0
2024-25,GER1,eintracht frankfurt,2024-11-10 16:30:00,27823,0.0091,12.0
2024-25,GER1,eintracht frankfurt,2024-11-23 17:30:00,27836,0.0575,11.0
2024-25,GER1,eintracht frankfurt,2024-12-01 16:30:00,27843,-0.0257,15.0
2024-25,GER1,eintracht frankfurt,2024-12-07 14:30:00,27858,0.1723,14.0
2024-25,GER1,eintracht frankfurt,2024-12-15 18:30:00,27859,0.2163,13.0
2024-25,GER1,eintracht frankfurt,2024-12-21 14:30:00,27871,0.1453,15.0
2024-25,GER1,eintracht frankfurt,2025-01-11 14:30:00,27885,0.062,13.0
2024-25,GER1,eintracht frankfurt,2025-01-14 19:30:00,27889,0.0715,12.0
2024-25,GER1,eintracht frankfurt,2025-01-17 19:30:00,27898,0.1505,13.0
2024-25,GER1,eintracht frankfurt,2025-01-26 14:30:00,27906,0.0592,13.0
2024-25,GER1,eintracht frankfurt,2025-02-02 14:30:00,27919,0.1168,15.0
2024-25,GER1,eintracht frankfurt,2025-02-08 17:30:00,27929,0.0512,14.0
2024-25,GER1,eintracht frankfurt,2025-02-16 16:30:00,27933,0.13,13.0
2024-25,GER1,eintracht frankfurt,2025-02-23 16:30:00,27940,0.1047,12.0
2024-25,GER1,eintracht frankfurt,2025-03-01 17:30:00,27951,0.0248,13.0
2024-25,GER1,eintracht frankfurt,2025-03-09 14:30:00,27961,0.0398,13.0
2024-25,GER1,eintracht frankfurt,2025-03-16 15:30:00,27974,-0.0064,12.0
2024-25,GER1,eintracht frankfurt,2025-03-29 17:30:00,27978,0.067,11.0
2024-25,GER1,eintracht frankfurt,2025-04-05 16:30:00,27987,0.045,14.0
2024-25,GER1,eintracht frankfurt,2025-04-13 15:30:00,27997,0.0517,14.0
2024-25,GER1,eintracht frankfurt,2025-04-20 13:30:00,28008,0.0729,13.0
2024-25,GER1,eintracht frankfurt,2025-04-26 16:30:00,28015,0.1238,11.0
2024-25,GER1,eintracht frankfurt,2025-05-04 17:30:00,28026,0.1395,10.0
2024-25,GER1,eintracht frankfurt,2025-05-11 15:30:00,28033,0.1363,13.0
2024-25,GER1,eintracht frankfurt,2025-05-17 13:30:00,28043,0.1302,12.0
2024-25,GER1,freiburg,2024-08-24 13:30:00,27745,-0.0316,13.0
2024-25,GER1,freiburg,2024-09-01 15:30:00,27759,0.0216,12.0
2024-25,GER1,freiburg,2024-09-14 13:30:00,27762,-0.0115,13.0
2024-25,GER1,freiburg,2024-09-21 13:30:00,27772,0.0755,12.0
2024-25,GER1,freiburg,2024-09-28 13:30:00,27779,0.0668,14.0
2024-25,GER1,freiburg,2024-10-05 13:30:00,27789,0.0496,13.0
2024-25,GER1,freiburg,2024-10-19 13:30:00,27800,0.0485,14.0
2024-25,GER1,freiburg,2024-10-26 13:30:00,27806,0.0296,13.0
2024-25,GER1,freiburg,2024-11-03 14:30:00,27819,0.0294,14.0
2024-25,GER1,freiburg,2024-11-08 19:30:00,27829,-0.009,13.0
2024-25,GER1,freiburg,2024-11-23 14:30:00,27835,0.1132,15.0
2024-25,GER1,freiburg,2024-11-30 14:30:00,27845,0.1014,13.0
2024-25,GER1,freiburg,2024-12-08 16:30:00,27852,0.1035,14.0
2024-25,GER1,freiburg,2024-12-13 19:30:00,27862,0.0963,14.0
2024-25,GER1,freiburg,2024-12-21 17:30:00,27868,0.1305,15.0
2024-25,GER1,freiburg,2025-01-11 14:30:00,27881,0.1405,13.0
2024-25,GER1,freiburg,2025-01-14 19:30:00,27889,0.0799,11.0
2024-25,GER1,freiburg,2025-01-18 14:30:00,27896,0.0397,13.0
2024-25,GER1,freiburg,2025-01-25 14:30:00,27912,0.0187,13.0
2024-25,GER1,freiburg,2025-02-01 14:30:00,27914,-0.0481,12.0
2024-25,GER1,freiburg,2025-02-08 14:30:00,27926,-0.0192,12.0
2024-25,GER1,freiburg,2025-02-15 14:30:00,27939,-0.0282,12.0
2024-25,GER1,freiburg,2025-02-21 19:30:00,27944,-0.0262,13.0
2024-25,GER1,freiburg,2025-03-02 16:30:00,27954,0.017,12.0
2024-25,GER1,freiburg,2025-03-08 17:30:00,27963,0.0081,12.0
2024-25,GER1,freiburg,2025-03-15 14:30:00,27972,0.0048,14.0
2024-25,GER1,freiburg,2025-03-30 14:30:00,27982,0.0505,14.0
2024-25,GER1,freiburg,2025-04-05 13:30:00,27988,0.0765,12.0
2024-25,GER1,freiburg,2025-04-12 13:30:00,28000,0.0771,14.0
2024-25,GER1,freiburg,2025-04-19 13:30:00,28007,0.2349,13.0
2024-25,GER1,freiburg,2025-04-26 13:30:00,28018,0.0507,15.0
2024-25,GER1,freiburg,2025-05-04 15:30:00,28024,0.1077,13.0
2024-25,GER1,freiburg,2025-05-10 13:30:00,28038,0.0533,12.0
2024-25,GER1,freiburg,2025-05-17 13:30:00,28043,0.126,14.0
2024-25,GER1,heidenheim,2024-08-25 15:30:00,27750,-0.0505,10.0
2024-25,GER1,heidenheim,2024-09-01 13:30:00,27758,-0.0467,10.0
2024-25,GER1,heidenheim,2024-09-13 18:30:00,27760,0.1547,15.0
2024-25,GER1,heidenheim,2024-09-21 13:30:00,27772,0.2328,16.0
2024-25,GER1,heidenheim,2024-09-28 13:30:00,27781,0.0243,13.0
2024-25,GER1,heidenheim,2024-10-06 13:30:00,27788,0.0202,14.0
2024-25,GER1,heidenheim,2024-10-19 13:30:00,27803,0.0603,14.0
2024-25,GER1,heidenheim,2024-10-27 18:30:00,27807,0.0616,13.0
2024-25,GER1,heidenheim,2024-11-02 14:30:00,27822,0.0571,14.0
2024-25,GER1,heidenheim,2024-11-10 18:30:00,27825,0.0595,14.0
2024-25,GER1,heidenheim,2024-11-23 14:30:00,27832,0.0429,15.0
2024-25,GER1,heidenheim,2024-12-01 16:30:00,27843,0.0419,15.0
2024-25,GER1,heidenheim,2024-12-07 14:30:00,27857,0.043,16.0
2024-25,GER1,heidenheim,2024-12-15 14:30:00,27861,0.0803,15.0
2024-25,GER1,heidenheim,2024-12-22 14:30:00,27875,0.0724,15.0
2024-25,GER1,heidenheim,2025-01-11 14:30:00,27880,0.0146,14.0
2024-25,GER1,heidenheim,2025-01-15 19:30:00,27890,0.0299,12.0
2024-25,GER1,heidenheim,2025-01-18 14:30:00,27899,0.0943,16.0
2024-25,GER1,heidenheim,2025-01-25 14:30:00,27911,0.038,15.0
2024-25,GER1,heidenheim,2025-02-01 14:30:00,27920,0.0572,15.0
2024-25,GER1,heidenheim,2025-02-08 14:30:00,27926,0.0542,15.0
2024-25,GER1,heidenheim,2025-02-16 18:30:00,27934,0.0206,14.0
2024-25,GER1,heidenheim,2025-02-23 14:30:00,27941,-0.0084,13.0
2024-25,GER1,heidenheim,2025-03-01 14:30:00,27952,0.0109,16.0
2024-25,GER1,heidenheim,2025-03-09 16:30:00,27962,0.0119,13.0
2024-25,GER1,heidenheim,2025-03-16 16:30:00,27969,0.0197,12.0
2024-25,GER1,heidenheim,2025-03-29 14:30:00,27981,0.0282,12.0
2024-25,GER1,heidenheim,2025-04-05 13:30:00,27986,0.0313,14.0
2024-25,GER1,heidenheim,2025-04-13 15:30:00,27997,0.0593,16.0
2024-25,GER1,heidenheim,2025-04-19 13:30:00,28005,0.0574,15.0
2024-25,GER1,heidenheim,2025-04-25 18:30:00,28013,0.0236,13.0
2024-25,GER1,heidenheim,2025-05-02 18:30:00,28023,0.0144,12.0
2024-25,GER1,heidenheim,2025-05-10 13:30:00,28036,0.0153,10.0
2024-25,GER1,heidenheim,2025-05-17 13:30:00,28042,0.0234,16.0
2024-25,GER1,holstein kiel,2024-08-24 13:30:00,27744,-0.0746,1.0
2024-25,GER1,holstein kiel,2024-08-31 13:30:00,27754,-0.0026,2.0
2024-25,GER1,holstein kiel,2024-09-14 16:30:00,27766,0.0315,10.0
2024-25,GER1,holstein kiel,2024-09-21 13:30:00,27771,-0.013,12.0
2024-25,GER1,holstein kiel,2024-09-29 13:30:00,27785,0.0085,13.0
2024-25,GER1,holstein kiel,2024-10-05 13:30:00,27794,0.0028,12.0
2024-25,GER1,holstein kiel,2024-10-20 13:30:00,27804,-0.0071,14.0
2024-25,GER1,holstein kiel,2024-10-26 13:30:00,27805,0.0272,14.0
2024-25,GER1,holstein kiel,2024-11-02 14:30:00,27822,-0.0258,12.0
2024-25,GER1,holstein kiel,2024-11-09 14:30:00,27826,-0.0093,13.0
2024-25,GER1,holstein kiel,2024-11-24 14:30:00,27840,0.0423,15.0
2024-25,GER1,holstein kiel,2024-11-30 14:30:00,27849,0.0468,14.0
2024-25,GER1,holstein kiel,2024-12-07 14:30:00,27856,-0.019,14.0
2024-25,GER1,holstein kiel,2024-12-14 14:30:00,27865,-0.0095,15.0
2024-25,GER1,holstein kiel,2024-12-21 14:30:00,27876,-0.0416,13.0
2024-25,GER1,holstein kiel,2025-01-11 14:30:00,27881,-0.0522,13.0
2024-25,GER1,holstein kiel,2025-01-14 17:30:00,27894,-0.0661,14.0
2024-25,GER1,holstein kiel,2025-01-18 14:30:00,27903,0.0081,15.0
2024-25,GER1,holstein kiel,2025-01-24 19:30:00,27910,0.0414,15.0
2024-25,GER1,holstein kiel,2025-02-01 14:30:00,27918,0.0191,13.0
2024-25,GER1,holstein kiel,2025-02-16 16:30:00,27933,0.0933,13.0
2024-25,GER1,holstein kiel,2025-02-22 14:30:00,27948,0.0105,16.0
2024-25,GER1,holstein kiel,2025-03-02 14:30:00,27955,-0.028,14.0
2024-25,GER1,holstein kiel,2025-03-08 14:30:00,27966,-0.0107,15.0
2024-25,GER1,holstein kiel,2025-03-16 16:30:00,27969,0.0231,15.0
2024-25,GER1,holstein kiel,2025-03-29 14:30:00,27984,-0.0098,15.0
2024-25,GER1,holstein kiel,2025-04-05 13:30:00,27990,-0.0265,14.0
2024-25,GER1,holstein kiel,2025-04-12 13:30:00,28002,-0.0225,15.0
2024-25,GER1,holstein kiel,2025-04-19 13:30:00,28003,-0.0199,15.0
2024-25,GER1,holstein kiel,2025-04-26 13:30:00,28020,-0.0293,13.0
2024-25,GER1,holstein kiel,2025-05-04 13:30:00,28025,0.0292,15.0
2024-25,GER1,holstein kiel,2025-05-10 13:30:00,28038,0.041,13.0
2024-25,GER1,holstein kiel,2025-05-17 13:30:00,28040,0.0364,13.0
2024-25,GER1,leipzig,2024-08-24 13:30:00,27743,-0.0224,14.0
2024-25,GER1,leipzig,2024-08-31 16:30:00,27757,-0.0789,11.0
2024-25,GER1,leipzig,2024-09-14 13:30:00,27763,-0.0738,13.0
2024-25,GER1,leipzig,2024-09-22 17:30:00,27777,-0.0227,15.0
2024-25,GER1,leipzig,2024-09-28 13:30:00,27783,-0.1261,14.0
2024-25,GER1,leipzig,2024-10-06 13:30:00,27788,-0.0885,15.0
2024-25,GER1,leipzig,2024-10-19 13:30:00,27802,-0.0548,14.0
2024-25,GER1,leipzig,2024-10-26 13:30:00,27806,0.0321,13.0
2024-25,GER1,leipzig,2024-11-02 17:30:00,27816,0.0384,14.0
2024-25,GER1,leipzig,2024-11-09 17:30:00,27824,0.0164,13.0
2024-25,GER1,leipzig,2024-11-23 14:30:00,27837,0.0321,14.0
2024-25,GER1,leipzig,2024-11-30 14:30:00,27841,0.0225,15.0
2024-25,GER1,leipzig,2024-12-07 14:30:00,27856,-0.0548,14.0
2024-25,GER1,leipzig,2024-12-15 18:30:00,27859,-0.0578,11.0
2024-25,GER1,leipzig,2024-12-20 19:30:00,27870,-0.0657,13.0
2024-25,GER1,leipzig,2025-01-12 14:30:00,27877,-0.0875,13.0
2024-25,GER1,leipzig,2025-01-15 19:30:00,27887,-0.0467,14.0
2024-25,GER1,leipzig,2025-01-18 14:30:00,27902,-0.018,12.0
2024-25,GER1,leipzig,2025-01-25 14:30:00,27904,-0.0247,15.0
2024-25,GER1,leipzig,2025-02-01 17:30:00,27913,-0.0144,15.0
2024-25,GER1,leipzig,2025-02-09 16:30:00,27923,-0.0785,14.0
2024-25,GER1,leipzig,2025-02-14 19:30:00,27936,-0.054,13.0
2024-25,GER1,leipzig,2025-02-23 14:30:00,27941,-0.0565,11.0
2024-25,GER1,leipzig,2025-03-01 14:30:00,27950,-0.0702,14.0
2024-25,GER1,leipzig,2025-03-08 17:30:00,27963,-0.0615,14.0
2024-25,GER1,leipzig,2025-03-15 17:30:00,27968,-0.0321,12.0
2024-25,GER1,leipzig,2025-03-29 14:30:00,27980,0.0132,13.0
2024-25,GER1,leipzig,2025-04-05 13:30:00,27985,0.0018,13.0
2024-25,GER1,leipzig,2025-04-11 18:30:00,27999,-0.0177,14.0
2024-25,GER1,leipzig,2025-04-19 13:30:00,28003,0.0359,13.0
2024-25,GER1,leipzig,2025-04-26 16:30:00,28015,0.0678,13.0
2024-25,GER1,leipzig,2025-05-03 13:30:00,28021,-0.0148,13.0
2024-25,GER1,leipzig,2025-05-10 13:30:00,28034,-0.029,13.0
2024-25,GER1,leipzig,2025-05-17 13:30:00,28039,-0.0234,13.0
2024-25,GER1,mainz 05,2024-08-24 13:30:00,27747,0.0862,9.0
2024-25,GER1,mainz 05,2024-08-31 13:30:00,27755,0.0239,9.0
2024-25,GER1,mainz 05,2024-09-15 15:30:00,27768,0.0033,9.0
2024-25,GER1,mainz 05,2024-09-20 18:30:00,27769,0.0212,11.0
2024-25,GER1,mainz 05,2024-09-28 13:30:00,27781,0.0129,13.0
2024-25,GER1,mainz 05,2024-10-05 16:30:00,27793,-0.0028,10.0
2024-25,GER1,mainz 05,2024-10-19 13:30:00,27802,0.0608,11.0
2024-25,GER1,mainz 05,2024-10-25 18:30:00,27810,-0.0189,10.0
2024-25,GER1,mainz 05,2024-11-03 14:30:00,27819,-0.0062,10.0
2024-25,GER1,mainz 05,2024-11-09 14:30:00,27828,-0.0224,9.0
2024-25,GER1,mainz 05,2024-11-24 14:30:00,27840,0.023,9.0
2024-25,GER1,mainz 05,2024-12-01 16:30:00,27847,0.0676,10.0
2024-25,GER1,mainz 05,2024-12-08 14:30:00,27853,0.0364,9.0
2024-25,GER1,mainz 05,2024-12-14 14:30:00,27864,0.0838,11.0
2024-25,GER1,mainz 05,2024-12-21 14:30:00,27871,0.0828,10.0
2024-25,GER1,mainz 05,2025-01-11 14:30:00,27883,0.0656,10.0
2024-25,GER1,mainz 05,2025-01-14 19:30:00,27886,0.025,10.0
2024-25,GER1,mainz 05,2025-01-19 14:30:00,27901,0.0411,13.0
2024-25,GER1,mainz 05,2025-01-25 14:30:00,27909,0.0402,12.0
2024-25,GER1,mainz 05,2025-01-31 19:30:00,27921,0.0376,10.0
2024-25,GER1,mainz 05,2025-02-08 14:30:00,27928,-0.0023,11.0
2024-25,GER1,mainz 05,2025-02-16 18:30:00,27934,0.083,14.0
2024-25,GER1,mainz 05,2025-02-22 14:30:00,27946,0.1227,12.0
2024-25,GER1,mainz 05,2025-03-01 14:30:00,27950,0.108,10.0
2024-25,GER1,mainz 05,2025-03-07 19:30:00,27965,0.0775,11.0
2024-25,GER1,mainz 05,2025-03-15 14:30:00,27972,0.0869,10.0
2024-25,GER1,mainz 05,2025-03-30 16:30:00,27979,0.0532,12.0
2024-25,GER1,mainz 05,2025-04-05 13:30:00,27990,0.0229,11.0
2024-25,GER1,mainz 05,2025-04-12 13:30:00,27998,0.0657,10.0
2024-25,GER1,mainz 05,2025-04-19 13:30:00,28009,0.0241,10.0
2024-25,GER1,mainz 05,2025-04-26 13:30:00,28014,0.033,11.0
2024-25,GER1,mainz 05,2025-05-04 17:30:00,28026,0.0088,9.0
2024-25,GER1,mainz 05,2025-05-10 13:30:00,28037,-0.0064,9.0
2024-25,GER1,mainz 05,2025-05-17 13:30:00,28045,0.0112,10.0
2024-25,GER1,st pauli,2024-08-30 18:30:00,27751,-0.2298,2.0
2024-25,GER1,st pauli,2024-09-15 13:30:00,27767,-0.0602,10.0
2024-25,GER1,st pauli,2024-09-22 17:30:00,27777,-0.0854,11.0
2024-25,GER1,st pauli,2024-09-28 13:30:00,27779,-0.0413,12.0
2024-25,GER1,st pauli,2024-10-05 16:30:00,27793,-0.0398,11.0
2024-25,GER1,st pauli,2024-10-18 18:30:00,27798,-0.0552,10.0
2024-25,GER1,st pauli,2024-10-26 13:30:00,27813,-0.049,10.0
2024-25,GER1,st pauli,2024-11-02 14:30:00,27818,-0.0632,11.0
2024-25,GER1,st pauli,2024-11-09 14:30:00,27831,-0.0507,11.0
2024-25,GER1,st pauli,2024-11-24 16:30:00,27839,-0.0863,10.0
2024-25,GER1,st pauli,2024-11-30 14:30:00,27849,-0.0757,12.0
2024-25,GER1,st pauli,2024-12-07 14:30:00,27850,-0.0302,10.0
2024-25,GER1,st pauli,2024-12-14 17:30:00,27867,-0.0662,11.0
2024-25,GER1,st pauli,2024-12-21 14:30:00,27869,-0.0154,12.0
2024-25,GER1,st pauli,2025-01-11 14:30:00,27885,0.0144,12.0
2024-25,GER1,st pauli,2025-01-15 17:30:00,27893,0.0572,11.0
2024-25,GER1,st pauli,2025-01-18 14:30:00,27899,0.0876,11.0
2024-25,GER1,st pauli,2025-01-26 16:30:00,27907,0.075,12.0
2024-25,GER1,st pauli,2025-02-01 14:30:00,27915,0.0768,11.0
2024-25,GER1,st pauli,2025-02-09 16:30:00,27923,0.0268,13.0
2024-25,GER1,st pauli,2025-02-15 14:30:00,27939,0.0266,11.0
2024-25,GER1,st pauli,2025-02-22 14:30:00,27946,0.0004,12.0
2024-25,GER1,st pauli,2025-03-01 14:30:00,27956,-0.043,11.0
2024-25,GER1,st pauli,2025-03-08 14:30:00,27964,-0.0441,13.0
2024-25,GER1,st pauli,2025-03-14 19:30:00,27975,-0.0449,13.0
2024-25,GER1,st pauli,2025-03-29 14:30:00,27977,-0.0158,12.0
2024-25,GER1,st pauli,2025-04-06 13:30:00,27993,-0.0283,13.0
2024-25,GER1,st pauli,2025-04-12 13:30:00,28002,-0.0104,13.0
2024-25,GER1,st pauli,2025-04-20 17:30:00,28011,0.0162,12.0
2024-25,GER1,st pauli,2025-04-27 15:30:00,28017,0.022,14.0
2024-25,GER1,st pauli,2025-05-03 13:30:00,28029,0.0079,12.0
2024-25,GER1,st pauli,2025-05-11 15:30:00,28033,-0.0337,11.0
2024-25,GER1,st pauli,2025-05-17 13:30:00,28047,-0.0299,15.0
2024-25,GER1,stuttgart,2024-08-24 13:30:00,27745,-0.0185,13.0
2024-25,GER1,stuttgart,2024-08-31 13:30:00,27755,-0.0534,12.0
2024-25,GER1,stuttgart,2024-09-14 13:30:00,27765,0.0072,14.0
2024-25,GER1,stuttgart,2024-09-22 15:30:00,27776,0.036,13.0
2024-25,GER1,stuttgart,2024-09-28 13:30:00,27780,0.0516,13.0
2024-25,GER1,stuttgart,2024-10-06 17:30:00,27795,0.1036,15.0
2024-25,GER1,stuttgart,2024-10-19 16:30:00,27797,0.1204,13.0
2024-25,GER1,stuttgart,2024-10-26 13:30:00,27805,0.1355,14.0
2024-25,GER1,stuttgart,2024-11-01 19:30:00,27814,0.0694,11.0
2024-25,GER1,stuttgart,2024-11-10 16:30:00,27823,0.1088,14.0
2024-25,GER1,stuttgart,2024-11-23 14:30:00,27833,0.1448,13.0
2024-25,GER1,stuttgart,2024-11-30 14:30:00,27844,0.1011,12.0
2024-25,GER1,stuttgart,2024-12-06 19:30:00,27851,0.0637,13.0
2024-25,GER1,stuttgart,2024-12-15 14:30:00,27861,0.0585,12.0
2024-25,GER1,stuttgart,2024-12-21 14:30:00,27869,0.1166,13.0
2024-25,GER1,stuttgart,2025-01-12 16:30:00,27882,0.1548,14.0
2024-25,GER1,stuttgart,2025-01-15 19:30:00,27887,0.1549,14.0
2024-25,GER1,stuttgart,2025-01-18 14:30:00,27896,0.1438,14.0
2024-25,GER1,stuttgart,2025-01-25 14:30:00,27909,0.2351,14.0
2024-25,GER1,stuttgart,2025-02-01 14:30:00,27917,0.1593,14.0
2024-25,GER1,stuttgart,2025-02-08 14:30:00,27924,0.1465,13.0
2024-25,GER1,stuttgart,2025-02-15 14:30:00,27932,0.1478,12.0
2024-25,GER1,stuttgart,2025-02-23 18:30:00,27943,0.0399,11.0
2024-25,GER1,stuttgart,2025-02-28 19:30:00,27949,0.0836,11.0
2024-25,GER1,stuttgart,2025-03-08 14:30:00,27966,0.0606,13.0
2024-25,GER1,stuttgart,2025-03-16 18:30:00,27967,0.0153,14.0
2024-25,GER1,stuttgart,2025-03-29 17:30:00,27978,0.018,13.0
2024-25,GER1,stuttgart,2025-04-05 13:30:00,27992,0.0691,13.0
2024-25,GER1,stuttgart,2025-04-13 13:30:00,27995,0.059,13.0
2024-25,GER1,stuttgart,2025-04-19 16:30:00,28010,0.0135,12.0
2024-25,GER1,stuttgart,2025-04-25 18:30:00,28013,0.0137,13.0
2024-25,GER1,stuttgart,2025-05-03 13:30:00,28029,0.0087,14.0
2024-25,GER1,stuttgart,2025-05-11 17:30:00,28031,0.0463,14.0
2024-25,GER1,stuttgart,2025-05-17 13:30:00,28039,0.1098,13.0
2024-25,GER1,tsg hoffenheim,2024-08-24 13:30:00,27744,0.0871,13.0
2024-25,GER1,tsg hoffenheim,2024-08-31 13:30:00,27756,0.1393,12.0
2024-25,GER1,tsg hoffenheim,2024-09-14 13:30:00,27761,0.1018,13.0
2024-25,GER1,tsg hoffenheim,2024-09-21 13:30:00,27770,0.1887,11.0
2024-25,GER1,tsg hoffenheim,2024-09-29 15:30:00,27786,0.051,15.0
2024-25,GER1,tsg hoffenheim,2024-10-06 17:30:00,27795,0.1138,14.0
2024-25,GER1,tsg hoffenheim,2024-10-19 13:30:00,27799,0.0846,12.0
2024-25,GER1,tsg hoffenheim,2024-10-27 18:30:00,27807,0.0473,14.0
2024-25,GER1,tsg hoffenheim,2024-11-02 14:30:00,27818,0.0158,14.0
2024-25,GER1,tsg hoffenheim,2024-11-10 14:30:00,27827,-0.0198,15.0
2024-25,GER1,tsg hoffenheim,2024-11-23 14:30:00,27837,-0.0412,12.0
2024-25,GER1,tsg hoffenheim,2024-12-01 16:30:00,27847,0.018,14.0
2024-25,GER1,tsg hoffenheim,2024-12-08 16:30:00,27852,0.0041,14.0
2024-25,GER1,tsg hoffenheim,2024-12-15 16:30:00,27860,-0.0339,15.0
2024-25,GER1,tsg hoffenheim,2024-12-21 14:30:00,27872,0.0137,13.0
2024-25,GER1,tsg hoffenheim,2025-01-11 14:30:00,27879,-0.015,13.0
2024-25,GER1,tsg hoffenheim,2025-01-15 19:30:00,27888,0.0277,12.0
2024-25,GER1,tsg hoffenheim,2025-01-18 14:30:00,27903,-0.0507,11.0
2024-25,GER1,tsg hoffenheim,2025-01-26 14:30:00,27906,-0.0278,10.0
2024-25,GER1,tsg hoffenheim,2025-02-02 16:30:00,27916,-0.0298,11.0
2024-25,GER1,tsg hoffenheim,2025-02-08 14:30:00,27925,0.0587,14.0
2024-25,GER1,tsg hoffenheim,2025-02-16 14:30:00,27935,0.093,11.0
2024-25,GER1,tsg hoffenheim,2025-02-23 18:30:00,27943,0.108,12.0
2024-25,GER1,tsg hoffenheim,2025-03-01 14:30:00,27957,0.1145,12.0
2024-25,GER1,tsg hoffenheim,2025-03-09 16:30:00,27962,0.1612,11.0
2024-25,GER1,tsg hoffenheim,2025-03-14 19:30:00,27975,0.0785,13.0
2024-25,GER1,tsg hoffenheim,2025-03-29 14:30:00,27983,0.0082,14.0
2024-25,GER1,tsg hoffenheim,2025-04-05 13:30:00,27985,0.0264,13.0
2024-25,GER1,tsg hoffenheim,2025-04-12 13:30:00,27998,0.0052,13.0
2024-25,GER1,tsg hoffenheim,2025-04-19 13:30:00,28007,0.0003,15.0
2024-25,GER1,tsg hoffenheim,2025-04-26 13:30:00,28016,0.0396,14.0
2024-25,GER1,tsg hoffenheim,2025-05-03 13:30:00,28027,0.0285,12.0
2024-25,GER1,tsg hoffenheim,2025-05-09 18:30:00,28035,0.0287,12.0
2024-25,GER1,tsg hoffenheim,2025-05-17 13:30:00,28041,-0.0109,14.0
2024-25,GER1,union berlin,2024-08-24 13:30:00,27747,-0.0257,14.0
2024-25,GER1,union berlin,2024-08-30 18:30:00,27751,-0.0055,13.0
2024-25,GER1,union berlin,2024-09-14 13:30:00,27763,-0.0193,12.0
2024-25,GER1,union berlin,2024-09-21 13:30:00,27770,-0.0334,13.0
2024-25,GER1,union berlin,2024-09-28 13:30:00,27782,-0.0349,13.0
2024-25,GER1,union berlin,2024-10-05 13:30:00,27791,-0.033,13.0
2024-25,GER1,union berlin,2024-10-20 13:30:00,27804,-0.0289,12.0
2024-25,GER1,union berlin,2024-10-27 16:30:00,27811,-0.0145,13.0
2024-25,GER1,union berlin,2024-11-02 14:30:00,27815,-0.032,13.0
2024-25,GER1,union berlin,2024-11-08 19:30:00,27829,-0.0104,12.0
2024-25,GER1,union berlin,2024-11-23 14:30:00,27838,-0.013,12.0
2024-25,GER1,union berlin,2024-11-30 14:30:00,27848,-0.0087,14.0
2024-25,GER1,union berlin,2024-12-06 19:30:00,27851,-0.0248,11.0
2024-25,GER1,union berlin,2024-12-14 14:30:00,27866,-0.0157,12.0
2024-25,GER1,union berlin,2024-12-21 14:30:00,27873,0.0338,15.0
2024-25,GER1,union berlin,2025-01-11 14:30:00,27880,0.0204,13.0
2024-25,GER1,union berlin,2025-01-15 19:30:00,27892,0.0258,13.0
2024-25,GER1,union berlin,2025-01-19 14:30:00,27901,0.0359,13.0
2024-25,GER1,union berlin,2025-01-26 16:30:00,27907,0.0712,15.0
2024-25,GER1,union berlin,2025-02-01 17:30:00,27913,0.0302,12.0
2024-25,GER1,union berlin,2025-02-08 14:30:00,27925,-0.0269,12.0
2024-25,GER1,union berlin,2025-02-15 14:30:00,27937,0.0173,14.0
2024-25,GER1,union berlin,2025-02-22 17:30:00,27942,0.0327,13.0
2024-25,GER1,union berlin,2025-03-02 14:30:00,27955,0.054,15.0
2024-25,GER1,union berlin,2025-03-09 14:30:00,27961,-0.0118,14.0
2024-25,GER1,union berlin,2025-03-15 14:30:00,27973,0.0014,13.0
2024-25,GER1,union berlin,2025-03-30 14:30:00,27982,-0.0084,12.0
2024-25,GER1,union berlin,2025-04-06 15:30:00,27991,-0.0315,12.0
2024-25,GER1,union berlin,2025-04-12 13:30:00,27994,-0.0538,13.0
2024-25,GER1,union berlin,2025-04-19 16:30:00,28010,-0.0284,12.0
2024-25,GER1,union berlin,2025-04-27 13:30:00,28019,-0.0107,12.0
2024-25,GER1,union berlin,2025-05-03 13:30:00,28028,-0.0225,13.0
2024-25,GER1,union berlin,2025-05-10 13:30:00,28036,0.02,15.0
2024-25,GER1,union berlin,2025-05-17 13:30:00,28044,-0.049,14.0
2024-25,GER1,werder bremen,2024-08-24 13:30:00,27746,0.0818,12.0
2024-25,GER1,werder bremen,2024-08-31 13:30:00,27753,0.1249,11.0
2024-25,GER1,werder bremen,2024-09-15 15:30:00,27768,0.0611,12.0
2024-25,GER1,werder bremen,2024-09-21 13:30:00,27773,0.0344,12.0
2024-25,GER1,werder bremen,2024-09-29 15:30:00,27786,0.0374,14.0
2024-25,GER1,werder bremen,2024-10-05 13:30:00,27789,0.0837,14.0
2024-25,GER1,werder bremen,2024-10-20 15:30:00,27801,-0.0402,12.0
2024-25,GER1,werder bremen,2024-10-26 16:30:00,27808,-0.0147,12.0
2024-25,GER1,werder bremen,2024-11-03 16:30:00,27821,0.0169,14.0
2024-25,GER1,werder bremen,2024-11-09 14:30:00,27826,0.0049,12.0
2024-25,GER1,werder bremen,2024-11-23 17:30:00,27836,0.041,13.0
2024-25,GER1,werder bremen,2024-11-30 14:30:00,27844,-0.006,12.0
2024-25,GER1,werder bremen,2024-12-07 14:30:00,27855,0.0621,14.0
2024-25,GER1,werder bremen,2024-12-14 17:30:00,27867,0.0683,12.0
2024-25,GER1,werder bremen,2024-12-21 14:30:00,27873,0.0593,12.0
2024-25,GER1,werder bremen,2025-01-12 14:30:00,27877,0.0665,14.0
2024-25,GER1,werder bremen,2025-01-15 19:30:00,27890,0.055,14.0
2024-25,GER1,werder bremen,2025-01-19 16:30:00,27900,0.0756,15.0
2024-25,GER1,werder bremen,2025-01-25 14:30:00,27905,0.0114,14.0
2024-25,GER1,werder bremen,2025-01-31 19:30:00,27921,-0.0392,14.0
2024-25,GER1,werder bremen,2025-02-07 19:30:00,27922,0.0478,13.0
2024-25,GER1,werder bremen,2025-02-16 14:30:00,27935,0.0354,15.0
2024-25,GER1,werder bremen,2025-02-21 19:30:00,27944,0.0204,15.0
2024-25,GER1,werder bremen,2025-03-01 14:30:00,27953,0.0257,14.0
2024-25,GER1,werder bremen,2025-03-08 14:30:00,27958,0.0327,12.0
2024-25,GER1,werder bremen,2025-03-15 14:30:00,27970,0.0212,13.0
2024-25,GER1,werder bremen,2025-03-29 14:30:00,27984,-0.0227,12.0
2024-25,GER1,werder bremen,2025-04-05 16:30:00,27987,-0.0019,14.0
2024-25,GER1,werder bremen,2025-04-13 13:30:00,27995,-0.0266,12.0
2024-25,GER1,werder bremen,2025-04-19 13:30:00,28006,0.0118,14.0
2024-25,GER1,werder bremen,2025-04-27 15:30:00,28017,0.0864,12.0
2024-25,GER1,werder bremen,2025-05-03 13:30:00,28028,0.0153,13.0
2024-25,GER1,werder bremen,2025-05-10 13:30:00,28034,-0.0045,11.0
2024-25,GER1,werder bremen,2025-05-17 13:30:00,28042,0.0448,14.0
2024-25,GER1,wolfsburg,2024-08-25 13:30:00,27749,0.1895,10.0
2024-25,GER1,wolfsburg,2024-08-31 13:30:00,27754,0.1056,11.0
2024-25,GER1,wolfsburg,2024-09-14 13:30:00,27764,0.0857,13.0
2024-25,GER1,wolfsburg,2024-09-22 13:30:00,27775,0.027,12.0
2024-25,GER1,wolfsburg,2024-09-28 13:30:00,27780,0.0039,9.0
2024-25,GER1,wolfsburg,2024-10-05 13:30:00,27792,-0.0302,11.0
2024-25,GER1,wolfsburg,2024-10-20 15:30:00,27801,-0.0021,11.0
2024-25,GER1,wolfsburg,2024-10-26 13:30:00,27813,0.0066,11.0
2024-25,GER1,wolfsburg,2024-11-02 14:30:00,27820,-0.0088,11.0
2024-25,GER1,wolfsburg,2024-11-10 18:30:00,27825,-0.0313,11.0
2024-25,GER1,wolfsburg,2024-11-23 14:30:00,27838,0.0504,11.0
2024-25,GER1,wolfsburg,2024-11-30 14:30:00,27841,0.0475,12.0
2024-25,GER1,wolfsburg,2024-12-08 14:30:00,27853,0.0436,12.0
2024-25,GER1,wolfsburg,2024-12-13 19:30:00,27862,0.0177,12.0
2024-25,GER1,wolfsburg,2024-12-22 16:30:00,27874,0.0479,12.0
2024-25,GER1,wolfsburg,2025-01-11 14:30:00,27879,0.0274,11.0
2024-25,GER1,wolfsburg,2025-01-14 19:30:00,27891,0.0177,13.0
2024-25,GER1,wolfsburg,2025-01-18 14:30:00,27897,0.131,14.0
2024-25,GER1,wolfsburg,2025-01-24 19:30:00,27910,0.1393,12.0
2024-25,GER1,wolfsburg,2025-02-02 14:30:00,27919,0.1434,12.0
2024-25,GER1,wolfsburg,2025-02-08 14:30:00,27927,0.1623,9.0
2024-25,GER1,wolfsburg,2025-02-15 14:30:00,27932,0.0493,12.0
2024-25,GER1,wolfsburg,2025-02-22 14:30:00,27945,0.0522,14.0
2024-25,GER1,wolfsburg,2025-03-01 14:30:00,27953,0.1007,13.0
2024-25,GER1,wolfsburg,2025-03-08 14:30:00,27964,0.0497,14.0
2024-25,GER1,wolfsburg,2025-03-15 14:30:00,27971,-0.0012,12.0
2024-25,GER1,wolfsburg,2025-03-29 14:30:00,27981,0.1219,15.0
2024-25,GER1,wolfsburg,2025-04-06 15:30:00,27991,0.0001,10.0
2024-25,GER1,wolfsburg,2025-04-11 18:30:00,27999,0.0007,11.0
2024-25,GER1,wolfsburg,2025-04-19 13:30:00,28009,0.044,14.0
2024-25,GER1,wolfsburg,2025-04-26 13:30:00,28018,0.0469,15.0
2024-25,GER1,wolfsburg,2025-05-03 16:30:00,28022,0.1171,15.0
2024-25,GER1,wolfsburg,2025-05-09 18:30:00,28035,0.0446,14.0
2024-25,GER1,wolfsburg,2025-05-17 13:30:00,28046,0.0637,13.0
2025-26,ENG1,arsenal,2025-08-17 15:30:00,28786,0.0162,13.0
2025-26,ENG1,arsenal,2025-08-23 16:30:00,28793,-0.0241,13.0
2025-26,ENG1,arsenal,2025-08-31 15:30:00,28806,0.0607,12.0
2025-26,ENG1,arsenal,2025-09-13 11:30:00,28808,0.0364,13.0
2025-26,ENG1,arsenal,2025-09-21 15:30:00,28827,0.0215,12.0
2025-26,ENG1,arsenal,2025-09-28 15:30:00,28836,-0.028,13.0
2025-26,ENG1,arsenal,2025-10-04 14:00:00,28839,-0.0461,13.0
2025-26,ENG1,arsenal,2025-10-18 16:30:00,28851,-0.0275,11.0
2025-26,ENG1,arsenal,2025-10-26 13:00:00,28859,-0.0831,12.0
2025-26,ENG1,arsenal,2025-11-01 15:00:00,28869,-0.087,14.0
2025-26,ENG1,arsenal,2025-11-08 17:30:00,28885,-0.0963,10.0
2025-26,ENG1,arsenal,2025-11-23 16:30:00,28889,-0.0462,11.0
2025-26,ENG1,arsenal,2025-11-30 16:30:00,28900,-0.054,15.0
2025-26,ENG1,arsenal,2025-12-03 19:30:00,28909,-0.0756,14.0
2025-26,ENG1,arsenal,2025-12-06 12:30:00,28919,-0.0007,14.0
2025-26,ENG1,arsenal,2025-12-13 20:00:00,28928,-0.0043,15.0
2025-26,ENG1,arsenal,2025-12-20 20:00:00,28941,0.0001,12.0
2025-26,ENG1,arsenal,2025-12-27 15:00:00,28948,0.0092,12.0
2025-26,ENG1,arsenal,2025-12-30 20:15:00,28958,0.0419,13.0
2025-26,ENG1,arsenal,2026-01-03 17:30:00,28971,-0.0352,13.0
2025-26,ENG1,arsenal,2026-01-08 20:00:00,28980,-0.0034,15.0
2025-26,ENG1,arsenal,2026-01-17 17:30:00,28994,-0.0163,14.0
2025-26,ENG1,arsenal,2026-01-25 16:30:00,28999,0.0308,15.0
2025-26,ENG1,arsenal,2026-01-31 15:00:00,29015,-0.0661,14.0
2025-26,ENG1,arsenal,2026-02-07 15:00:00,29019,0.0467,14.0
2025-26,ENG1,arsenal,2026-02-12 20:00:00,29029,-0.0533,12.0
2025-26,ENG1,arsenal,2026-02-18 20:00:00,29087,0.0134,13.0
2025-26,ENG1,arsenal,2026-02-22 16:30:00,29046,-0.0651,11.0
2025-26,ENG1,arsenal,2026-03-01 16:30:00,29049,-0.0095,13.0
2025-26,ENG1,arsenal,2026-03-04 19:30:00,29060,0.0172,13.0
2025-26,ENG1,arsenal,2026-03-14 17:30:00,29068,-0.0938,14.0
2025-26,ENG1,arsenal,2026-04-11 11:30:00,29092,0.0218,15.0
2025-26,ENG1,arsenal,2026-04-19 15:30:00,29104,0.0256,13.0
2025-26,ENG1,arsenal,2026-04-25 16:30:00,29109,0.0506,12.0
2025-26,ENG1,arsenal,2026-05-02 17:30:00,29119,-0.0215,13.0
2025-26,ENG1,arsenal,2026-05-10 16:30:00,29137,0.0268,14.0
2025-26,ENG1,arsenal,2026-05-18 20:00:00,29139,0.0233,13.0
2025-26,ENG1,arsenal,2026-05-24 15:00:00,29150,0.1704,13.0
2025-26,ENG1,aston villa,2025-08-16 11:30:00,28779,-0.0246,8.0
2025-26,ENG1,aston villa,2025-08-23 14:00:00,28790,-0.0483,12.0
2025-26,ENG1,aston villa,2025-08-31 18:00:00,28807,0.0437,8.0
2025-26,ENG1,aston villa,2025-09-13 14:00:00,28812,-0.069,9.0
2025-26,ENG1,aston villa,2025-09-21 13:00:00,28826,-0.0664,11.0
2025-26,ENG1,aston villa,2025-09-28 13:00:00,28831,-0.0805,11.0
2025-26,ENG1,aston villa,2025-10-05 13:00:00,28840,-0.0321,10.0
2025-26,ENG1,aston villa,2025-10-19 13:00:00,28856,-0.022,10.0
2025-26,ENG1,aston villa,2025-10-26 13:00:00,28860,-0.0658,11.0
2025-26,ENG1,aston villa,2025-11-01 20:00:00,28872,-0.0689,14.0
2025-26,ENG1,aston villa,2025-11-09 14:00:00,28878,-0.1024,11.0
2025-26,ENG1,aston villa,2025-11-23 14:00:00,28893,-0.0373,12.0
2025-26,ENG1,aston villa,2025-11-30 14:05:00,28898,-0.0677,11.0
2025-26,ENG1,aston villa,2025-12-03 19:30:00,28910,-0.1135,11.0
2025-26,ENG1,aston villa,2025-12-06 12:30:00,28919,-0.0622,12.0
2025-26,ENG1,aston villa,2025-12-14 14:00:00,28937,-0.0433,11.0
2025-26,ENG1,aston villa,2025-12-21 16:30:00,28939,-0.0444,11.0
2025-26,ENG1,aston villa,2025-12-27 17:30:00,28951,0.0112,11.0
2025-26,ENG1,aston villa,2025-12-30 20:15:00,28958,0.0768,12.0
2025-26,ENG1,aston villa,2026-01-03 12:30:00,28972,0.136,10.0
2025-26,ENG1,aston villa,2026-01-07 19:30:00,28983,0.1493,12.0
2025-26,ENG1,aston villa,2026-01-18 16:30:00,28988,0.1145,10.0
2025-26,ENG1,aston villa,2026-01-25 14:00:00,29006,0.1338,12.0
2025-26,ENG1,aston villa,2026-02-01 14:00:00,29008,-0.038,9.0
2025-26,ENG1,aston villa,2026-02-07 15:00:00,29018,0.0865,11.0
2025-26,ENG1,aston villa,2026-02-11 19:30:00,29028,-0.0525,12.0
2025-26,ENG1,aston villa,2026-02-21 15:00:00,29038,-0.0595,11.0
2025-26,ENG1,aston villa,2026-02-27 20:00:00,29057,-0.0263,12.0
2025-26,ENG1,aston villa,2026-03-04 19:30:00,29059,-0.0674,11.0
2025-26,ENG1,aston villa,2026-03-15 14:00:00,29074,0.0093,11.0
2025-26,ENG1,aston villa,2026-03-22 14:15:00,29079,0.0038,12.0
2025-26,ENG1,aston villa,2026-04-12 13:00:00,29089,0.0543,11.0
2025-26,ENG1,aston villa,2026-04-19 13:00:00,29098,0.0397,10.0
2025-26,ENG1,aston villa,2026-04-25 11:30:00,29112,0.0583,12.0
2025-26,ENG1,aston villa,2026-05-03 19:00:00,29120,0.0224,11.0
2025-26,ENG1,aston villa,2026-05-10 14:00:00,29129,0.0785,10.0
2025-26,ENG1,aston villa,2026-05-15 20:00:00,29140,0.1201,9.0
2025-26,ENG1,aston villa,2026-05-24 15:00:00,29153,0.0678,13.0
2025-26,ENG1,bournemouth,2025-08-15 19:00:00,28778,-0.0222,10.0
2025-26,ENG1,bournemouth,2025-08-23 14:00:00,28792,0.0082,11.0
2025-26,ENG1,bournemouth,2025-08-30 14:00:00,28799,0.0285,14.0
2025-26,ENG1,bournemouth,2025-09-13 14:00:00,28810,0.0495,12.0
2025-26,ENG1,bournemouth,2025-09-21 13:00:00,28823,0.0455,14.0
2025-26,ENG1,bournemouth,2025-09-27 14:00:00,28832,0.0327,13.0
2025-26,ENG1,bournemouth,2025-10-03 19:00:00,28838,0.0035,12.0
2025-26,ENG1,bournemouth,2025-10-18 14:00:00,28850,-0.0077,12.0
2025-26,ENG1,bournemouth,2025-10-26 13:00:00,28858,-0.0208,10.0
2025-26,ENG1,bournemouth,2025-11-02 16:30:00,28873,0.0011,14.0
2025-26,ENG1,bournemouth,2025-11-09 14:00:00,28878,-0.0656,14.0
2025-26,ENG1,bournemouth,2025-11-22 15:00:00,28888,-0.0347,13.0
2025-26,ENG1,bournemouth,2025-11-29 15:00:00,28905,-0.0179,14.0
2025-26,ENG1,bournemouth,2025-12-02 19:30:00,28908,0.0029,12.0
2025-26,ENG1,bournemouth,2025-12-06 15:00:00,28918,-0.0062,13.0
2025-26,ENG1,bournemouth,2025-12-15 20:00:00,28934,-0.0008,10.0
2025-26,ENG1,bournemouth,2025-12-20 15:00:00,28938,0.0476,13.0
2025-26,ENG1,bournemouth,2025-12-27 15:00:00,28949,0.0367,13.0
2025-26,ENG1,bournemouth,2025-12-30 19:30:00,28961,0.0897,10.0
2025-26,ENG1,bournemouth,2026-01-03 17:30:00,28971,0.1023,14.0
2025-26,ENG1,bournemouth,2026-01-07 19:30:00,28979,0.0066,12.0
2025-26,ENG1,bournemouth,2026-01-19 20:00:00,28989,-0.0049,12.0
2025-26,ENG1,bournemouth,2026-01-24 17:30:00,28998,-0.0104,11.0
2025-26,ENG1,bournemouth,2026-01-31 15:00:00,29017,0.0028,11.0
2025-26,ENG1,bournemouth,2026-02-07 15:00:00,29018,0.015,10.0
2025-26,ENG1,bournemouth,2026-02-10 19:30:00,29032,0.1975,11.0
2025-26,ENG1,bournemouth,2026-02-21 17:30:00,29047,0.1706,12.0
2025-26,ENG1,bournemouth,2026-02-28 12:30:00,29048,0.1385,12.0
2025-26,ENG1,bournemouth,2026-03-03 19:30:00,29058,0.097,12.0
2025-26,ENG1,bournemouth,2026-03-14 15:00:00,29070,0.1175,12.0
2025-26,ENG1,bournemouth,2026-03-20 20:00:00,29078,0.0838,13.0
2025-26,ENG1,bournemouth,2026-04-11 11:30:00,29092,0.1493,12.0
2025-26,ENG1,bournemouth,2026-04-18 14:00:00,29105,0.1171,12.0
2025-26,ENG1,bournemouth,2026-04-22 19:00:00,29108,0.1841,13.0
2025-26,ENG1,bournemouth,2026-05-03 14:00:00,29118,0.2176,12.0
2025-26,ENG1,bournemouth,2026-05-09 15:00:00,29131,0.1819,12.0
2025-26,ENG1,bournemouth,2026-05-19 19:30:00,29138,0.1609,12.0
2025-26,ENG1,bournemouth,2026-05-24 15:00:00,29154,0.1268,13.0
2025-26,ENG1,brentford,2025-08-17 13:00:00,28785,0.218,11.0
2025-26,ENG1,brentford,2025-08-23 14:00:00,28790,0.0686,10.0
2025-26,ENG1,brentford,2025-08-30 14:00:00,28801,0.0486,11.0
2025-26,ENG1,brentford,2025-09-13 19:00:00,28815,0.0198,11.0
2025-26,ENG1,brentford,2025-09-20 19:00:00,28825,-0.0223,13.0
2025-26,ENG1,brentford,2025-09-27 11:30:00,28828,-0.0154,11.0
2025-26,ENG1,brentford,2025-10-05 15:30:00,28841,0.0142,13.0
2025-26,ENG1,brentford,2025-10-20 19:00:00,28857,0.0073,9.0
2025-26,ENG1,brentford,2025-10-25 19:00:00,28861,0.0379,10.0
2025-26,ENG1,brentford,2025-11-01 15:00:00,28870,0.0608,13.0
2025-26,ENG1,brentford,2025-11-09 14:00:00,28879,0.0781,10.0
2025-26,ENG1,brentford,2025-11-22 15:00:00,28890,0.0937,10.0
2025-26,ENG1,brentford,2025-11-29 15:00:00,28899,0.0323,12.0
2025-26,ENG1,brentford,2025-12-03 19:30:00,28909,0.061,14.0
2025-26,ENG1,brentford,2025-12-06 15:00:00,28926,0.0489,13.0
2025-26,ENG1,brentford,2025-12-14 16:30:00,28929,0.0221,12.0
2025-26,ENG1,brentford,2025-12-20 15:00:00,28947,0.0223,10.0
2025-26,ENG1,brentford,2025-12-27 15:00:00,28949,0.033,11.0
2025-26,ENG1,brentford,2026-01-01 20:00:00,28959,0.0813,9.0
2025-26,ENG1,brentford,2026-01-04 15:00:00,28974,0.1299,11.0
2025-26,ENG1,brentford,2026-01-07 19:30:00,28981,0.1128,11.0
2025-26,ENG1,brentford,2026-01-17 15:00:00,28990,0.1659,10.0
2025-26,ENG1,brentford,2026-01-25 14:00:00,29000,0.143,12.0
2025-26,ENG1,brentford,2026-02-01 14:00:00,29008,0.0623,12.0
2025-26,ENG1,brentford,2026-02-07 17:30:00,29026,0.027,10.0
2025-26,ENG1,brentford,2026-02-12 20:00:00,29029,0.0531,11.0
2025-26,ENG1,brentford,2026-02-21 15:00:00,29039,0.0666,13.0
2025-26,ENG1,brentford,2026-02-28 15:00:00,29051,0.1181,11.0
2025-26,ENG1,brentford,2026-03-03 19:30:00,29058,0.1493,11.0
2025-26,ENG1,brentford,2026-03-16 20:00:00,29069,0.0659,11.0
2025-26,ENG1,brentford,2026-03-21 20:00:00,29083,0.0423,9.0
2025-26,ENG1,brentford,2026-04-11 14:00:00,29093,0.0774,10.0
2025-26,ENG1,brentford,2026-04-18 11:30:00,29099,0.1018,9.0
2025-26,ENG1,brentford,2026-04-27 19:00:00,29114,0.1257,10.0
2025-26,ENG1,brentford,2026-05-02 15:00:00,29121,0.0849,9.0
2025-26,ENG1,brentford,2026-05-09 17:30:00,29133,0.0316,11.0
2025-26,ENG1,brentford,2026-05-17 15:00:00,29141,0.0718,11.0
2025-26,ENG1,brentford,2026-05-24 15:00:00,29152,0.0698,11.0
2025-26,ENG1,brighton hove albion,2025-08-16 14:00:00,28780,0.1575,13.0
2025-26,ENG1,brighton hove albion,2025-08-24 13:00:00,28795,0.1527,13.0
2025-26,ENG1,brighton hove albion,2025-08-31 13:00:00,28805,0.0625,15.0
2025-26,ENG1,brighton hove albion,2025-09-13 14:00:00,28810,0.0818,14.0
2025-26,ENG1,brighton hove albion,2025-09-20 14:00:00,28821,0.0504,14.0
2025-26,ENG1,brighton hove albion,2025-09-27 14:00:00,28829,0.0038,14.0
2025-26,ENG1,brighton hove albion,2025-10-05 13:00:00,28847,0.1456,14.0
2025-26,ENG1,brighton hove albion,2025-10-18 14:00:00,28848,0.102,14.0
2025-26,ENG1,brighton hove albion,2025-10-25 16:30:00,28865,0.0964,13.0
2025-26,ENG1,brighton hove albion,2025-11-01 15:00:00,28868,0.0449,11.0
2025-26,ENG1,brighton hove albion,2025-11-09 14:00:00,28881,0.0966,12.0
2025-26,ENG1,brighton hove albion,2025-11-22 15:00:00,28890,0.0766,13.0
2025-26,ENG1,brighton hove albion,2025-11-30 14:05:00,28904,-0.0047,13.0
2025-26,ENG1,brighton hove albion,2025-12-03 19:30:00,28910,0.0774,13.0
2025-26,ENG1,brighton hove albion,2025-12-07 14:00:00,28920,0.0798,14.0
2025-26,ENG1,brighton hove albion,2025-12-13 15:00:00,28933,0.0533,13.0
2025-26,ENG1,brighton hove albion,2025-12-20 15:00:00,28940,0.0977,13.0
2025-26,ENG1,brighton hove albion,2025-12-27 15:00:00,28948,0.0486,14.0
2025-26,ENG1,brighton hove albion,2025-12-30 19:30:00,28967,0.0072,15.0
2025-26,ENG1,brighton hove albion,2026-01-03 15:00:00,28973,0.1674,14.0
2025-26,ENG1,brighton hove albion,2026-01-07 19:30:00,28985,0.0522,11.0
2025-26,ENG1,brighton hove albion,2026-01-19 20:00:00,28989,0.0236,14.0
2025-26,ENG1,brighton hove albion,2026-01-24 15:00:00,29004,0.0171,11.0
2025-26,ENG1,brighton hove albion,2026-01-31 15:00:00,29010,0.0494,14.0
2025-26,ENG1,brighton hove albion,2026-02-08 14:00:00,29020,0.1343,13.0
2025-26,ENG1,brighton hove albion,2026-02-11 19:30:00,29028,0.0272,13.0
2025-26,ENG1,brighton hove albion,2026-02-21 15:00:00,29039,0.0185,12.0
2025-26,ENG1,brighton hove albion,2026-03-01 14:00:00,29050,0.0211,12.0
2025-26,ENG1,brighton hove albion,2026-03-04 19:30:00,29060,-0.0114,14.0
2025-26,ENG1,brighton hove albion,2026-03-14 15:00:00,29076,-0.0323,12.0
2025-26,ENG1,brighton hove albion,2026-03-21 12:30:00,29080,-0.052,11.0
2025-26,ENG1,brighton hove albion,2026-04-11 14:00:00,29094,0.0054,13.0
2025-26,ENG1,brighton hove albion,2026-04-18 16:30:00,29107,0.0412,15.0
2025-26,ENG1,brighton hove albion,2026-04-21 19:00:00,29110,-0.0071,13.0
2025-26,ENG1,brighton hove albion,2026-05-02 15:00:00,29126,0.0357,12.0
2025-26,ENG1,brighton hove albion,2026-05-09 15:00:00,29128,0.0995,14.0
2025-26,ENG1,brighton hove albion,2026-05-17 15:00:00,29144,0.1048,13.0
2025-26,ENG1,brighton hove albion,2026-05-24 15:00:00,29148,0.1206,16.0
2025-26,ENG1,burnley,2025-08-16 14:00:00,28782,-0.0365,9.0
2025-26,ENG1,burnley,2025-08-23 14:00:00,28791,-0.0219,9.0
2025-26,ENG1,burnley,2025-08-30 14:00:00,28802,-0.0163,10.0
2025-26,ENG1,burnley,2025-09-14 13:00:00,28816,-0.0069,12.0
2025-26,ENG1,burnley,2025-09-20 14:00:00,28822,-0.0294,11.0
2025-26,ENG1,burnley,2025-09-27 14:00:00,28833,-0.0123,12.0
2025-26,ENG1,burnley,2025-10-05 13:00:00,28840,-0.0309,13.0
2025-26,ENG1,burnley,2025-10-18 14:00:00,28849,-0.0189,11.0
2025-26,ENG1,burnley,2025-10-26 13:00:00,28867,-0.0775,11.0
2025-26,ENG1,burnley,2025-11-01 15:00:00,28869,-0.0449,14.0
2025-26,ENG1,burnley,2025-11-08 15:00:00,28887,-0.0424,13.0
2025-26,ENG1,burnley,2025-11-22 12:30:00,28891,-0.0291,14.0
2025-26,ENG1,burnley,2025-11-29 15:00:00,28899,-0.023,14.0
2025-26,ENG1,burnley,2025-12-03 19:30:00,28911,-0.0243,13.0
2025-26,ENG1,burnley,2025-12-06 15:00:00,28925,-0.0479,11.0
2025-26,ENG1,burnley,2025-12-13 17:30:00,28930,-0.0258,13.0
2025-26,ENG1,burnley,2025-12-20 15:00:00,28938,0.0119,13.0
2025-26,ENG1,burnley,2025-12-27 15:00:00,28950,0.1385,10.0
2025-26,ENG1,burnley,2025-12-30 19:30:00,28960,0.092,10.0
2025-26,ENG1,burnley,2026-01-03 15:00:00,28973,0.0481,12.0
2025-26,ENG1,burnley,2026-01-07 20:15:00,28982,0.0645,11.0
2025-26,ENG1,burnley,2026-01-17 15:00:00,28992,0.0219,11.0
2025-26,ENG1,burnley,2026-01-24 15:00:00,29001,0.0173,11.0
2025-26,ENG1,burnley,2026-02-02 20:00:00,29011,0.0278,13.0
2025-26,ENG1,burnley,2026-02-07 15:00:00,29021,-0.0023,13.0
2025-26,ENG1,burnley,2026-02-11 19:30:00,29031,0.0233,12.0
2025-26,ENG1,burnley,2026-02-21 15:00:00,29040,0.0165,12.0
2025-26,ENG1,burnley,2026-02-28 15:00:00,29051,0.0399,12.0
2025-26,ENG1,burnley,2026-03-03 19:30:00,29061,0.0354,12.0
2025-26,ENG1,burnley,2026-03-14 15:00:00,29070,0.0341,13.0
2025-26,ENG1,burnley,2026-03-21 15:00:00,29082,0.0233,11.0
2025-26,ENG1,burnley,2026-04-11 14:00:00,29094,0.0526,12.0
2025-26,ENG1,burnley,2026-04-19 13:00:00,29106,0.0289,12.0
2025-26,ENG1,burnley,2026-04-22 19:00:00,29111,0.0361,12.0
2025-26,ENG1,burnley,2026-05-01 20:00:00,29124,0.0337,15.0
2025-26,ENG1,burnley,2026-05-10 14:00:00,29129,0.0106,9.0
2025-26,ENG1,burnley,2026-05-18 20:00:00,29139,0.031,11.0
2025-26,ENG1,burnley,2026-05-24 15:00:00,29149,-0.0035,10.0
2025-26,ENG1,chelsea,2025-08-17 13:00:00,28784,0.004,10.0
2025-26,ENG1,chelsea,2025-08-22 19:00:00,28788,-0.0673,12.0
2025-26,ENG1,chelsea,2025-08-30 11:30:00,28798,0.0557,11.0
2025-26,ENG1,chelsea,2025-09-13 19:00:00,28815,0.0728,14.0
2025-26,ENG1,chelsea,2025-09-20 16:30:00,28824,0.0568,12.0
2025-26,ENG1,chelsea,2025-09-27 14:00:00,28829,0.0076,11.0
2025-26,ENG1,chelsea,2025-10-04 16:30:00,28842,0.0667,12.0
2025-26,ENG1,chelsea,2025-10-18 11:30:00,28854,0.0282,12.0
2025-26,ENG1,chelsea,2025-10-25 14:00:00,28862,0.0839,11.0
2025-26,ENG1,chelsea,2025-11-01 17:30:00,28876,-0.0431,11.0
2025-26,ENG1,chelsea,2025-11-08 20:00:00,28880,-0.0393,11.0
2025-26,ENG1,chelsea,2025-11-22 12:30:00,28891,0.0257,12.0
2025-26,ENG1,chelsea,2025-11-30 16:30:00,28900,0.0789,12.0
2025-26,ENG1,chelsea,2025-12-03 20:15:00,28913,0.0171,13.0
2025-26,ENG1,chelsea,2025-12-06 15:00:00,28918,0.0985,13.0
2025-26,ENG1,chelsea,2025-12-13 15:00:00,28931,0.0484,12.0
2025-26,ENG1,chelsea,2025-12-20 12:30:00,28945,-0.0026,12.0
2025-26,ENG1,chelsea,2025-12-27 17:30:00,28951,-0.037,12.0
2025-26,ENG1,chelsea,2025-12-30 19:30:00,28961,-0.0829,12.0
2025-26,ENG1,chelsea,2026-01-04 17:30:00,28977,0.0045,11.0
2025-26,ENG1,chelsea,2026-01-07 19:30:00,28984,-0.0145,13.0
2025-26,ENG1,chelsea,2026-01-17 15:00:00,28990,0.0246,14.0
2025-26,ENG1,chelsea,2026-01-25 14:00:00,29002,0.033,11.0
2025-26,ENG1,chelsea,2026-01-31 17:30:00,29009,0.026,13.0
2025-26,ENG1,chelsea,2026-02-07 15:00:00,29027,0.0927,12.0
2025-26,ENG1,chelsea,2026-02-10 19:30:00,29030,0.1249,11.0
2025-26,ENG1,chelsea,2026-02-21 15:00:00,29040,0.087,12.0
2025-26,ENG1,chelsea,2026-03-01 16:30:00,29049,0.1329,12.0
2025-26,ENG1,chelsea,2026-03-04 19:30:00,29059,0.1185,11.0
2025-26,ENG1,chelsea,2026-03-14 17:30:00,29071,0.1576,13.0
2025-26,ENG1,chelsea,2026-03-21 17:30:00,29081,0.1354,15.0
2025-26,ENG1,chelsea,2026-04-12 15:30:00,29095,0.0975,12.0
2025-26,ENG1,chelsea,2026-04-18 19:00:00,29100,0.0264,11.0
2025-26,ENG1,chelsea,2026-04-21 19:00:00,29110,0.0111,14.0
2025-26,ENG1,chelsea,2026-05-04 15:00:00,29122,-0.0105,14.0
2025-26,ENG1,chelsea,2026-05-09 12:30:00,29132,-0.0212,12.0
2025-26,ENG1,chelsea,2026-05-19 20:15:00,29142,-0.0526,11.0
2025-26,ENG1,chelsea,2026-05-24 15:00:00,29155,-0.0351,13.0
2025-26,ENG1,crystal palace,2025-08-17 13:00:00,28784,0.1209,12.0
2025-26,ENG1,crystal palace,2025-08-24 13:00:00,28794,0.0891,12.0
2025-26,ENG1,crystal palace,2025-08-31 18:00:00,28807,0.0255,12.0
2025-26,ENG1,crystal palace,2025-09-13 14:00:00,28811,0.0129,11.0
2025-26,ENG1,crystal palace,2025-09-20 14:00:00,28819,0.0112,13.0
2025-26,ENG1,crystal palace,2025-09-27 14:00:00,28830,0.0661,11.0
2025-26,ENG1,crystal palace,2025-10-05 13:00:00,28843,0.0901,11.0
2025-26,ENG1,crystal palace,2025-10-18 14:00:00,28850,0.1029,11.0
2025-26,ENG1,crystal palace,2025-10-26 13:00:00,28859,0.1678,12.0
2025-26,ENG1,crystal palace,2025-11-01 15:00:00,28870,0.1269,12.0
2025-26,ENG1,crystal palace,2025-11-09 14:00:00,28881,0.0948,10.0
2025-26,ENG1,crystal palace,2025-11-22 15:00:00,28897,0.0544,11.0
2025-26,ENG1,crystal palace,2025-11-30 12:00:00,28901,0.0476,11.0
2025-26,ENG1,crystal palace,2025-12-03 19:30:00,28911,0.0102,13.0
2025-26,ENG1,crystal palace,2025-12-07 16:30:00,28922,-0.0356,12.0
2025-26,ENG1,crystal palace,2025-12-14 14:00:00,28932,-0.0371,13.0
2025-26,ENG1,crystal palace,2025-12-20 20:00:00,28943,-0.0238,12.0
2025-26,ENG1,crystal palace,2025-12-28 16:30:00,28952,-0.0315,11.0
2025-26,ENG1,crystal palace,2026-01-01 17:30:00,28962,-0.0427,11.0
2025-26,ENG1,crystal palace,2026-01-04 15:00:00,28968,-0.0355,13.0
2025-26,ENG1,crystal palace,2026-01-07 19:30:00,28983,-0.0506,10.0
2025-26,ENG1,crystal palace,2026-01-17 15:00:00,28995,-0.0622,10.0
2025-26,ENG1,crystal palace,2026-01-25 14:00:00,29002,-0.0497,14.0
2025-26,ENG1,crystal palace,2026-02-01 14:00:00,29013,0.0933,11.0
2025-26,ENG1,crystal palace,2026-02-08 14:00:00,29020,0.0658,11.0
2025-26,ENG1,crystal palace,2026-02-11 19:30:00,29031,0.0512,14.0
2025-26,ENG1,crystal palace,2026-02-22 14:00:00,29041,0.085,13.0
2025-26,ENG1,crystal palace,2026-03-01 14:00:00,29055,0.0797,14.0
2025-26,ENG1,crystal palace,2026-03-05 20:00:00,29066,0.1057,13.0
2025-26,ENG1,crystal palace,2026-03-15 14:00:00,29072,0.0909,12.0
2025-26,ENG1,crystal palace,2026-04-12 13:00:00,29096,-0.0089,14.0
2025-26,ENG1,crystal palace,2026-04-20 19:00:00,29101,0.0316,13.0
2025-26,ENG1,crystal palace,2026-04-25 14:00:00,29113,0.0595,13.0
2025-26,ENG1,crystal palace,2026-05-03 14:00:00,29118,0.0629,15.0
2025-26,ENG1,crystal palace,2026-05-10 14:00:00,29130,0.0169,12.0
2025-26,ENG1,crystal palace,2026-05-13 20:00:00,29084,0.0973,14.0
2025-26,ENG1,crystal palace,2026-05-17 15:00:00,29141,0.0601,14.0
2025-26,ENG1,crystal palace,2026-05-24 15:00:00,29150,0.0217,14.0
2025-26,ENG1,everton,2025-08-18 19:00:00,28787,-0.0409,12.0
2025-26,ENG1,everton,2025-08-24 13:00:00,28795,-0.0363,14.0
2025-26,ENG1,everton,2025-08-30 14:00:00,28800,-0.0048,12.0
2025-26,ENG1,everton,2025-09-13 14:00:00,28812,0.0182,13.0
2025-26,ENG1,everton,2025-09-20 11:30:00,28818,0.0656,11.0
2025-26,ENG1,everton,2025-09-29 19:00:00,28837,0.0274,11.0
2025-26,ENG1,everton,2025-10-05 13:00:00,28843,0.0263,13.0
2025-26,ENG1,everton,2025-10-18 14:00:00,28853,0.039,13.0
2025-26,ENG1,everton,2025-10-26 15:30:00,28863,0.0661,12.0
2025-26,ENG1,everton,2025-11-03 20:00:00,28875,0.0473,12.0
2025-26,ENG1,everton,2025-11-08 15:00:00,28882,-0.0369,11.0
2025-26,ENG1,everton,2025-11-24 20:00:00,28895,-0.0026,10.0
2025-26,ENG1,everton,2025-11-29 17:30:00,28902,-0.0266,11.0
2025-26,ENG1,everton,2025-12-02 19:30:00,28908,-0.0416,10.0
2025-26,ENG1,everton,2025-12-06 15:00:00,28921,-0.0127,12.0
2025-26,ENG1,everton,2025-12-13 15:00:00,28931,-0.0141,12.0
2025-26,ENG1,everton,2025-12-20 20:00:00,28941,0.0541,11.0
2025-26,ENG1,everton,2025-12-27 15:00:00,28950,0.0471,12.0
2025-26,ENG1,everton,2025-12-30 19:30:00,28965,-0.01,11.0
2025-26,ENG1,everton,2026-01-04 15:00:00,28974,0.005,12.0
2025-26,ENG1,everton,2026-01-07 19:30:00,28978,-0.0084,9.0
2025-26,ENG1,everton,2026-01-18 16:30:00,28988,0.0154,10.0
2025-26,ENG1,everton,2026-01-26 20:00:00,29003,-0.0256,13.0
2025-26,ENG1,everton,2026-01-31 15:00:00,29010,0.0117,12.0
2025-26,ENG1,everton,2026-02-07 15:00:00,29022,0.0102,12.0
2025-26,ENG1,everton,2026-02-10 19:30:00,29032,-0.0213,12.0
2025-26,ENG1,everton,2026-02-23 20:00:00,29042,0.0262,12.0
2025-26,ENG1,everton,2026-02-28 15:00:00,29056,-0.035,11.0
2025-26,ENG1,everton,2026-03-03 19:30:00,29061,-0.0014,10.0
2025-26,ENG1,everton,2026-03-14 17:30:00,29068,0.0378,11.0
2025-26,ENG1,everton,2026-03-21 17:30:00,29081,0.0242,11.0
2025-26,ENG1,everton,2026-04-11 14:00:00,29093,0.0107,13.0
2025-26,ENG1,everton,2026-04-19 13:00:00,29102,0.014,11.0
2025-26,ENG1,everton,2026-04-25 14:00:00,29116,0.0852,12.0
2025-26,ENG1,everton,2026-05-04 20:00:00,29123,0.0226,11.0
2025-26,ENG1,everton,2026-05-10 14:00:00,29130,0.0063,11.0
2025-26,ENG1,everton,2026-05-17 15:00:00,29143,0.0144,12.0
2025-26,ENG1,everton,2026-05-24 15:00:00,29156,0.0355,12.0
2025-26,ENG1,fulham,2025-08-16 14:00:00,28780,-0.0175,15.0
2025-26,ENG1,fulham,2025-08-24 15:30:00,28796,0.0353,15.0
2025-26,ENG1,fulham,2025-08-30 11:30:00,28798,0.0463,15.0
2025-26,ENG1,fulham,2025-09-13 14:00:00,28813,0.0722,14.0
2025-26,ENG1,fulham,2025-09-20 19:00:00,28825,0.0372,12.0
2025-26,ENG1,fulham,2025-09-28 13:00:00,28831,0.0372,14.0
2025-26,ENG1,fulham,2025-10-03 19:00:00,28838,0.0127,14.0
2025-26,ENG1,fulham,2025-10-18 16:30:00,28851,-0.0003,14.0
2025-26,ENG1,fulham,2025-10-25 14:00:00,28866,-0.0278,13.0
2025-26,ENG1,fulham,2025-11-01 15:00:00,28871,-0.0232,14.0
2025-26,ENG1,fulham,2025-11-08 15:00:00,28882,-0.0143,14.0
2025-26,ENG1,fulham,2025-11-22 15:00:00,28892,-0.0299,13.0
2025-26,ENG1,fulham,2025-11-29 20:00:00,28906,0.0511,13.0
2025-26,ENG1,fulham,2025-12-02 19:30:00,28912,0.0249,14.0
2025-26,ENG1,fulham,2025-12-07 16:30:00,28922,0.051,14.0
2025-26,ENG1,fulham,2025-12-13 17:30:00,28930,0.0471,11.0
2025-26,ENG1,fulham,2025-12-22 20:00:00,28942,0.0191,12.0
2025-26,ENG1,fulham,2025-12-27 15:00:00,28957,0.022,12.0
2025-26,ENG1,fulham,2026-01-01 17:30:00,28962,-0.0176,13.0
2025-26,ENG1,fulham,2026-01-04 15:00:00,28975,0.0226,13.0
2025-26,ENG1,fulham,2026-01-07 19:30:00,28984,0.0272,14.0
2025-26,ENG1,fulham,2026-01-17 15:00:00,28991,0.0345,14.0
2025-26,ENG1,fulham,2026-01-24 15:00:00,29004,0.0017,14.0
2025-26,ENG1,fulham,2026-02-01 14:00:00,29012,0.0206,13.0
2025-26,ENG1,fulham,2026-02-07 15:00:00,29022,-0.0052,13.0
2025-26,ENG1,fulham,2026-02-11 19:30:00,29033,0.0247,15.0
2025-26,ENG1,fulham,2026-02-22 14:00:00,29045,0.0193,13.0
2025-26,ENG1,fulham,2026-03-01 14:00:00,29052,0.0399,15.0
2025-26,ENG1,fulham,2026-03-04 19:30:00,29062,0.0846,14.0
2025-26,ENG1,fulham,2026-03-15 14:00:00,29075,0.0529,14.0
2025-26,ENG1,fulham,2026-03-21 15:00:00,29082,0.0201,13.0
2025-26,ENG1,fulham,2026-04-11 16:30:00,29097,0.0039,14.0
2025-26,ENG1,fulham,2026-04-18 11:30:00,29099,0.0636,14.0
2025-26,ENG1,fulham,2026-04-25 11:30:00,29112,0.0356,14.0
2025-26,ENG1,fulham,2026-05-02 17:30:00,29119,0.04,15.0
2025-26,ENG1,fulham,2026-05-09 15:00:00,29131,0.0037,14.0
2025-26,ENG1,fulham,2026-05-17 15:00:00,29147,-0.0234,14.0
2025-26,ENG1,fulham,2026-05-24 15:00:00,29151,-0.0304,15.0
2025-26,ENG1,leeds united,2025-08-18 19:00:00,28787,-0.0947,11.0
2025-26,ENG1,leeds united,2025-08-23 16:30:00,28793,-0.0246,10.0
2025-26,ENG1,leeds united,2025-08-30 16:30:00,28803,0.0024,14.0
2025-26,ENG1,leeds united,2025-09-13 14:00:00,28813,-0.0084,13.0
2025-26,ENG1,leeds united,2025-09-20 14:00:00,28820,-0.0633,12.0
2025-26,ENG1,leeds united,2025-09-27 14:00:00,28832,-0.0885,12.0
2025-26,ENG1,leeds united,2025-10-04 11:30:00,28844,-0.0541,13.0
2025-26,ENG1,leeds united,2025-10-18 14:00:00,28849,-0.057,14.0
2025-26,ENG1,leeds united,2025-10-24 19:00:00,28864,-0.0284,12.0
2025-26,ENG1,leeds united,2025-11-01 15:00:00,28868,0.0521,15.0
2025-26,ENG1,leeds united,2025-11-09 14:00:00,28884,0.1199,14.0
2025-26,ENG1,leeds united,2025-11-23 14:00:00,28893,0.0388,14.0
2025-26,ENG1,leeds united,2025-11-29 15:00:00,28903,-0.0212,14.0
2025-26,ENG1,leeds united,2025-12-03 20:15:00,28913,0.0569,13.0
2025-26,ENG1,leeds united,2025-12-06 17:30:00,28923,0.0263,14.0
2025-26,ENG1,leeds united,2025-12-14 16:30:00,28929,0.0464,13.0
2025-26,ENG1,leeds united,2025-12-20 20:00:00,28943,0.0485,11.0
2025-26,ENG1,leeds united,2025-12-28 14:00:00,28956,0.0991,13.0
2025-26,ENG1,leeds united,2026-01-01 17:30:00,28963,0.1217,13.0
2025-26,ENG1,leeds united,2026-01-04 12:30:00,28976,0.115,12.0
2025-26,ENG1,leeds united,2026-01-07 20:15:00,28986,0.027,11.0
2025-26,ENG1,leeds united,2026-01-17 15:00:00,28991,0.0285,12.0
2025-26,ENG1,leeds united,2026-01-26 20:00:00,29003,0.1393,12.0
2025-26,ENG1,leeds united,2026-01-31 15:00:00,29015,0.0597,14.0
2025-26,ENG1,leeds united,2026-02-06 20:00:00,29023,-0.0152,12.0
2025-26,ENG1,leeds united,2026-02-10 19:30:00,29030,0.088,12.0
2025-26,ENG1,leeds united,2026-02-21 15:00:00,29038,0.0635,13.0
2025-26,ENG1,leeds united,2026-02-28 17:30:00,29053,0.0539,14.0
2025-26,ENG1,leeds united,2026-03-03 19:30:00,29063,0.0286,14.0
2025-26,ENG1,leeds united,2026-03-15 14:00:00,29072,0.0248,13.0
2025-26,ENG1,leeds united,2026-03-21 20:00:00,29083,0.0313,13.0
2025-26,ENG1,leeds united,2026-04-13 19:00:00,29088,0.0325,13.0
2025-26,ENG1,leeds united,2026-04-18 14:00:00,29103,0.0776,12.0
2025-26,ENG1,leeds united,2026-04-22 19:00:00,29108,0.1063,14.0
2025-26,ENG1,leeds united,2026-05-01 20:00:00,29124,0.0659,14.0
2025-26,ENG1,leeds united,2026-05-11 20:00:00,29136,0.0542,14.0
2025-26,ENG1,leeds united,2026-05-17 15:00:00,29144,0.0327,15.0
2025-26,ENG1,leeds united,2026-05-24 15:00:00,29157,0.06,15.0
2025-26,ENG1,liverpool,2025-08-15 19:00:00,28778,0.111,13.0
2025-26,ENG1,liverpool,2025-08-25 19:00:00,28797,0.0305,11.0
2025-26,ENG1,liverpool,2025-08-31 15:30:00,28806,-0.0006,13.0
2025-26,ENG1,liverpool,2025-09-14 13:00:00,28816,-0.0137,13.0
2025-26,ENG1,liverpool,2025-09-20 11:30:00,28818,-0.0192,14.0
2025-26,ENG1,liverpool,2025-09-27 14:00:00,28830,-0.0666,13.0
2025-26,ENG1,liverpool,2025-10-04 16:30:00,28842,-0.04,14.0
2025-26,ENG1,liverpool,2025-10-19 15:30:00,28852,-0.0172,15.0
2025-26,ENG1,liverpool,2025-10-25 19:00:00,28861,0.0294,13.0
2025-26,ENG1,liverpool,2025-11-01 20:00:00,28872,-0.0229,10.0
2025-26,ENG1,liverpool,2025-11-09 16:30:00,28883,-0.0516,12.0
2025-26,ENG1,liverpool,2025-11-22 15:00:00,28894,0.0404,13.0
2025-26,ENG1,liverpool,2025-11-30 14:05:00,28907,-0.0216,12.0
2025-26,ENG1,liverpool,2025-12-03 20:15:00,28914,-0.0629,12.0
2025-26,ENG1,liverpool,2025-12-06 17:30:00,28923,-0.0696,12.0
2025-26,ENG1,liverpool,2025-12-13 15:00:00,28933,-0.0672,11.0
2025-26,ENG1,liverpool,2025-12-20 17:30:00,28946,-0.07,13.0
2025-26,ENG1,liverpool,2025-12-27 15:00:00,28953,0.0122,12.0
2025-26,ENG1,liverpool,2026-01-01 17:30:00,28963,-0.0454,13.0
2025-26,ENG1,liverpool,2026-01-04 15:00:00,28975,-0.0718,12.0
2025-26,ENG1,liverpool,2026-01-08 20:00:00,28980,-0.0534,11.0
2025-26,ENG1,liverpool,2026-01-17 15:00:00,28992,-0.0369,12.0
2025-26,ENG1,liverpool,2026-01-24 17:30:00,28998,0.0071,14.0
2025-26,ENG1,liverpool,2026-01-31 20:00:00,29014,0.0006,11.0
2025-26,ENG1,liverpool,2026-02-08 16:30:00,29024,0.0225,11.0
2025-26,ENG1,liverpool,2026-02-11 20:15:00,29035,0.0171,11.0
2025-26,ENG1,liverpool,2026-02-22 14:00:00,29044,0.0481,13.0
2025-26,ENG1,liverpool,2026-02-28 15:00:00,29054,0.0492,11.0
2025-26,ENG1,liverpool,2026-03-03 20:15:00,29067,0.0471,13.0
2025-26,ENG1,liverpool,2026-03-15 16:30:00,29073,0.0684,12.0
2025-26,ENG1,liverpool,2026-03-21 12:30:00,29080,0.0166,12.0
2025-26,ENG1,liverpool,2026-04-11 16:30:00,29097,0.0918,13.0
2025-26,ENG1,liverpool,2026-04-19 13:00:00,29102,0.0314,12.0
2025-26,ENG1,liverpool,2026-04-25 14:00:00,29113,0.0066,11.0
2025-26,ENG1,liverpool,2026-05-03 15:30:00,29125,-0.0657,12.0
2025-26,ENG1,liverpool,2026-05-09 12:30:00,29132,-0.0534,13.0
2025-26,ENG1,liverpool,2026-05-15 20:00:00,29140,-0.052,13.0
2025-26,ENG1,liverpool,2026-05-24 15:00:00,29152,-0.0542,12.0
2025-26,ENG1,manchester city,2025-08-16 16:30:00,28783,-0.0036,12.0
2025-26,ENG1,manchester city,2025-08-23 11:30:00,28789,-0.0332,11.0
2025-26,ENG1,manchester city,2025-08-31 13:00:00,28805,-0.0238,12.0
2025-26,ENG1,manchester city,2025-09-14 15:30:00,28817,-0.0506,10.0
2025-26,ENG1,manchester city,2025-09-21 15:30:00,28827,-0.0308,11.0
2025-26,ENG1,manchester city,2025-09-27 14:00:00,28833,0.029,12.0
2025-26,ENG1,manchester city,2025-10-05 15:30:00,28841,0.0361,13.0
2025-26,ENG1,manchester city,2025-10-18 14:00:00,28853,0.0294,12.0
2025-26,ENG1,manchester city,2025-10-26 13:00:00,28860,0.0104,13.0
2025-26,ENG1,manchester city,2025-11-02 16:30:00,28873,0.0235,11.0
2025-26,ENG1,manchester city,2025-11-09 16:30:00,28883,0.0374,10.0
2025-26,ENG1,manchester city,2025-11-22 17:30:00,28896,0.0425,12.0
2025-26,ENG1,manchester city,2025-11-29 15:00:00,28903,0.0335,10.0
2025-26,ENG1,manchester city,2025-12-02 19:30:00,28912,0.0909,12.0
2025-26,ENG1,manchester city,2025-12-06 15:00:00,28924,0.0754,12.0
2025-26,ENG1,manchester city,2025-12-14 14:00:00,28932,0.091,9.0
2025-26,ENG1,manchester city,2025-12-20 15:00:00,28944,0.0788,11.0
2025-26,ENG1,manchester city,2025-12-27 12:30:00,28955,0.1176,10.0
2025-26,ENG1,manchester city,2026-01-01 20:00:00,28966,0.0774,12.0
2025-26,ENG1,manchester city,2026-01-04 17:30:00,28977,0.0409,11.0
2025-26,ENG1,manchester city,2026-01-07 19:30:00,28985,0.0688,11.0
2025-26,ENG1,manchester city,2026-01-17 12:30:00,28993,0.0871,10.0
2025-26,ENG1,manchester city,2026-01-24 15:00:00,29005,-0.0106,12.0
2025-26,ENG1,manchester city,2026-02-01 16:30:00,29016,-0.0453,10.0
2025-26,ENG1,manchester city,2026-02-08 16:30:00,29024,-0.038,11.0
2025-26,ENG1,manchester city,2026-02-11 19:30:00,29033,-0.0112,13.0
2025-26,ENG1,manchester city,2026-02-21 20:00:00,29043,-0.0349,11.0
2025-26,ENG1,manchester city,2026-02-28 17:30:00,29053,-0.012,12.0
2025-26,ENG1,manchester city,2026-03-04 19:30:00,29064,0.0003,10.0
2025-26,ENG1,manchester city,2026-03-14 20:00:00,29077,0.0503,13.0
2025-26,ENG1,manchester city,2026-04-12 15:30:00,29095,0.0749,12.0
2025-26,ENG1,manchester city,2026-04-19 15:30:00,29104,0.0817,9.0
2025-26,ENG1,manchester city,2026-04-22 19:00:00,29111,0.0929,10.0
2025-26,ENG1,manchester city,2026-05-04 20:00:00,29123,0.1116,10.0
2025-26,ENG1,manchester city,2026-05-09 17:30:00,29133,0.1001,12.0
2025-26,ENG1,manchester city,2026-05-13 20:00:00,29084,0.1087,13.0
2025-26,ENG1,manchester city,2026-05-19 19:30:00,29138,0.1033,13.0
2025-26,ENG1,manchester city,2026-05-24 15:00:00,29153,0.0986,13.0
2025-26,ENG1,manchester united,2025-08-17 15:30:00,28786,0.0647,13.0
2025-26,ENG1,manchester united,2025-08-24 15:30:00,28796,0.0519,13.0
2025-26,ENG1,manchester united,2025-08-30 14:00:00,28802,-0.0084,13.0
2025-26,ENG1,manchester united,2025-09-14 15:30:00,28817,0.0241,12.0
2025-26,ENG1,manchester united,2025-09-20 16:30:00,28824,0.0375,14.0
2025-26,ENG1,manchester united,2025-09-27 11:30:00,28828,0.0273,13.0
2025-26,ENG1,manchester united,2025-10-04 14:00:00,28845,0.0553,11.0
2025-26,ENG1,manchester united,2025-10-19 15:30:00,28852,0.0739,12.0
2025-26,ENG1,manchester united,2025-10-25 16:30:00,28865,0.0679,13.0
2025-26,ENG1,manchester united,2025-11-01 15:00:00,28874,0.0358,12.0
2025-26,ENG1,manchester united,2025-11-08 12:30:00,28886,0.0205,14.0
2025-26,ENG1,manchester united,2025-11-24 20:00:00,28895,0.0161,13.0
2025-26,ENG1,manchester united,2025-11-30 12:00:00,28901,0.0534,11.0
2025-26,ENG1,manchester united,2025-12-04 20:00:00,28915,0.0503,14.0
2025-26,ENG1,manchester united,2025-12-08 20:00:00,28927,0.0438,13.0
2025-26,ENG1,manchester united,2025-12-15 20:00:00,28934,0.0753,13.0
2025-26,ENG1,manchester united,2025-12-21 16:30:00,28939,0.0205,13.0
2025-26,ENG1,manchester united,2025-12-26 20:00:00,28954,0.0121,13.0
2025-26,ENG1,manchester united,2025-12-30 20:15:00,28964,-0.002,13.0
2025-26,ENG1,manchester united,2026-01-04 12:30:00,28976,-0.0205,12.0
2025-26,ENG1,manchester united,2026-01-07 20:15:00,28982,0.0151,15.0
2025-26,ENG1,manchester united,2026-01-17 12:30:00,28993,0.0611,11.0
2025-26,ENG1,manchester united,2026-01-25 16:30:00,28999,0.1168,11.0
2025-26,ENG1,manchester united,2026-02-01 14:00:00,29012,0.0868,12.0
2025-26,ENG1,manchester united,2026-02-07 12:30:00,29025,0.0621,11.0
2025-26,ENG1,manchester united,2026-02-10 20:15:00,29037,0.1087,12.0
2025-26,ENG1,manchester united,2026-02-23 20:00:00,29042,0.0965,11.0
2025-26,ENG1,manchester united,2026-03-01 14:00:00,29055,0.1567,12.0
2025-26,ENG1,manchester united,2026-03-04 20:15:00,29065,0.1168,13.0
2025-26,ENG1,manchester united,2026-03-15 14:00:00,29074,0.0293,11.0
2025-26,ENG1,manchester united,2026-03-20 20:00:00,29078,0.0201,11.0
2025-26,ENG1,manchester united,2026-04-13 19:00:00,29088,0.0555,12.0
2025-26,ENG1,manchester united,2026-04-18 19:00:00,29100,0.0393,11.0
2025-26,ENG1,manchester united,2026-04-27 19:00:00,29114,0.0154,13.0
2025-26,ENG1,manchester united,2026-05-03 15:30:00,29125,-0.005,12.0
2025-26,ENG1,manchester united,2026-05-09 15:00:00,29135,-0.0155,12.0
2025-26,ENG1,manchester united,2026-05-17 12:30:00,29145,-0.0225,10.0
2025-26,ENG1,manchester united,2026-05-24 15:00:00,29148,0.0075,12.0
2025-26,ENG1,newcastle united,2025-08-16 11:30:00,28779,-0.0452,11.0
2025-26,ENG1,newcastle united,2025-08-25 19:00:00,28797,-0.0187,11.0
2025-26,ENG1,newcastle united,2025-08-30 16:30:00,28803,-0.0372,14.0
2025-26,ENG1,newcastle united,2025-09-13 14:00:00,28809,0.0086,12.0
2025-26,ENG1,newcastle united,2025-09-21 13:00:00,28823,0.0879,12.0
2025-26,ENG1,newcastle united,2025-09-28 15:30:00,28836,-0.0459,13.0
2025-26,ENG1,newcastle united,2025-10-05 13:00:00,28846,-0.073,13.0
2025-26,ENG1,newcastle united,2025-10-18 14:00:00,28848,-0.0168,15.0
2025-26,ENG1,newcastle united,2025-10-25 14:00:00,28866,0.0011,15.0
2025-26,ENG1,newcastle united,2025-11-02 14:00:00,28877,0.0204,15.0
2025-26,ENG1,newcastle united,2025-11-09 14:00:00,28879,0.027,12.0
2025-26,ENG1,newcastle united,2025-11-22 17:30:00,28896,0.0284,11.0
2025-26,ENG1,newcastle united,2025-11-29 17:30:00,28902,0.0129,12.0
2025-26,ENG1,newcastle united,2025-12-02 20:15:00,28916,0.0183,13.0
2025-26,ENG1,newcastle united,2025-12-06 15:00:00,28925,0.0323,12.0
2025-26,ENG1,newcastle united,2025-12-14 14:00:00,28936,0.0165,15.0
2025-26,ENG1,newcastle united,2025-12-20 12:30:00,28945,0.0042,14.0
2025-26,ENG1,newcastle united,2025-12-26 20:00:00,28954,0.0608,15.0
2025-26,ENG1,newcastle united,2025-12-30 19:30:00,28960,0.0478,12.0
2025-26,ENG1,newcastle united,2026-01-04 15:00:00,28968,0.0666,13.0
2025-26,ENG1,newcastle united,2026-01-07 20:15:00,28986,0.0463,12.0
2025-26,ENG1,newcastle united,2026-01-18 14:00:00,28997,0.0189,14.0
2025-26,ENG1,newcastle united,2026-01-25 14:00:00,29006,-0.004,14.0
2025-26,ENG1,newcastle united,2026-01-31 20:00:00,29014,-0.03,14.0
2025-26,ENG1,newcastle united,2026-02-07 17:30:00,29026,0.0001,14.0
2025-26,ENG1,newcastle united,2026-02-10 19:30:00,29036,-0.0016,11.0
2025-26,ENG1,newcastle united,2026-02-21 20:00:00,29043,-0.0772,13.0
2025-26,ENG1,newcastle united,2026-02-28 15:00:00,29056,-0.0657,15.0
2025-26,ENG1,newcastle united,2026-03-04 20:15:00,29065,-0.0623,12.0
2025-26,ENG1,newcastle united,2026-03-14 17:30:00,29071,-0.0373,11.0
2025-26,ENG1,newcastle united,2026-03-22 12:00:00,29085,-0.0858,15.0
2025-26,ENG1,newcastle united,2026-04-12 13:00:00,29096,-0.0534,11.0
2025-26,ENG1,newcastle united,2026-04-18 14:00:00,29105,-0.0611,14.0
2025-26,ENG1,newcastle united,2026-04-25 16:30:00,29109,0.0288,14.0
2025-26,ENG1,newcastle united,2026-05-02 15:00:00,29126,0.0023,14.0
2025-26,ENG1,newcastle united,2026-05-10 14:00:00,29134,0.0567,14.0
2025-26,ENG1,newcastle united,2026-05-17 17:30:00,29146,0.0901,14.0
2025-26,ENG1,newcastle united,2026-05-24 15:00:00,29151,0.1553,14.0
2025-26,ENG1,nottingham forest,2025-08-17 13:00:00,28785,-0.0303,10.0
2025-26,ENG1,nottingham forest,2025-08-24 13:00:00,28794,0.0213,11.0
2025-26,ENG1,nottingham forest,2025-08-31 13:00:00,28804,0.0178,12.0
2025-26,ENG1,nottingham forest,2025-09-13 11:30:00,28808,0.0088,13.0
2025-26,ENG1,nottingham forest,2025-09-20 14:00:00,28822,-0.0074,12.0
2025-26,ENG1,nottingham forest,2025-09-27 16:30:00,28834,-0.0059,15.0
2025-26,ENG1,nottingham forest,2025-10-05 13:00:00,28846,-0.0254,13.0
2025-26,ENG1,nottingham forest,2025-10-18 11:30:00,28854,-0.0985,15.0
2025-26,ENG1,nottingham forest,2025-10-26 13:00:00,28858,-0.0326,14.0
2025-26,ENG1,nottingham forest,2025-11-01 15:00:00,28874,-0.0591,12.0
2025-26,ENG1,nottingham forest,2025-11-09 14:00:00,28884,-0.0417,14.0
2025-26,ENG1,nottingham forest,2025-11-22 15:00:00,28894,-0.0136,12.0
2025-26,ENG1,nottingham forest,2025-11-30 14:05:00,28904,0.0156,14.0
2025-26,ENG1,nottingham forest,2025-12-03 19:30:00,28917,0.0643,13.0
2025-26,ENG1,nottingham forest,2025-12-06 15:00:00,28921,0.0066,14.0
2025-26,ENG1,nottingham forest,2025-12-14 14:00:00,28935,0.023,10.0
2025-26,ENG1,nottingham forest,2025-12-22 20:00:00,28942,0.0102,13.0
2025-26,ENG1,nottingham forest,2025-12-27 12:30:00,28955,-0.0272,10.0
2025-26,ENG1,nottingham forest,2025-12-30 19:30:00,28965,-0.0604,13.0
2025-26,ENG1,nottingham forest,2026-01-03 12:30:00,28972,-0.0389,13.0
2025-26,ENG1,nottingham forest,2026-01-06 20:00:00,28987,-0.0433,12.0
2025-26,ENG1,nottingham forest,2026-01-17 17:30:00,28994,-0.0321,12.0
2025-26,ENG1,nottingham forest,2026-01-25 14:00:00,29000,-0.0687,13.0
2025-26,ENG1,nottingham forest,2026-02-01 14:00:00,29013,-0.0791,15.0
2025-26,ENG1,nottingham forest,2026-02-06 20:00:00,29023,-0.0799,13.0
2025-26,ENG1,nottingham forest,2026-02-11 19:30:00,29034,-0.0199,11.0
2025-26,ENG1,nottingham forest,2026-02-22 14:00:00,29044,0.0439,14.0
2025-26,ENG1,nottingham forest,2026-03-01 14:00:00,29050,0.0173,13.0
2025-26,ENG1,nottingham forest,2026-03-04 19:30:00,29064,0.0062,11.0
2025-26,ENG1,nottingham forest,2026-03-15 14:00:00,29075,0.0381,15.0
2025-26,ENG1,nottingham forest,2026-03-22 14:15:00,29086,0.0295,13.0
2025-26,ENG1,nottingham forest,2026-04-12 13:00:00,29089,0.0358,12.0
2025-26,ENG1,nottingham forest,2026-04-19 13:00:00,29106,-0.0532,13.0
2025-26,ENG1,nottingham forest,2026-04-24 19:00:00,29115,-0.0381,14.0
2025-26,ENG1,nottingham forest,2026-05-04 15:00:00,29122,0.1899,15.0
2025-26,ENG1,nottingham forest,2026-05-10 14:00:00,29134,0.1794,13.0
2025-26,ENG1,nottingham forest,2026-05-17 12:30:00,29145,0.0711,14.0
2025-26,ENG1,nottingham forest,2026-05-24 15:00:00,29154,0.1015,14.0
2025-26,ENG1,sunderland,2025-08-16 14:00:00,28781,0.0195,3.0
2025-26,ENG1,sunderland,2025-08-23 14:00:00,28791,-0.0388,3.0
2025-26,ENG1,sunderland,2025-08-30 14:00:00,28801,-0.0002,12.0
2025-26,ENG1,sunderland,2025-09-13 14:00:00,28811,0.0187,11.0
2025-26,ENG1,sunderland,2025-09-21 13:00:00,28826,0.0078,9.0
2025-26,ENG1,sunderland,2025-09-27 16:30:00,28834,-0.0075,12.0
2025-26,ENG1,sunderland,2025-10-04 14:00:00,28845,0.0029,14.0
2025-26,ENG1,sunderland,2025-10-18 14:00:00,28855,0.0033,13.0
2025-26,ENG1,sunderland,2025-10-25 14:00:00,28862,0.0336,12.0
2025-26,ENG1,sunderland,2025-11-03 20:00:00,28875,0.0257,9.0
2025-26,ENG1,sunderland,2025-11-08 17:30:00,28885,0.027,12.0
2025-26,ENG1,sunderland,2025-11-22 15:00:00,28892,0.0295,11.0
2025-26,ENG1,sunderland,2025-11-29 15:00:00,28905,-0.0144,11.0
2025-26,ENG1,sunderland,2025-12-03 20:15:00,28914,0.0237,10.0
2025-26,ENG1,sunderland,2025-12-06 15:00:00,28924,0.0228,13.0
2025-26,ENG1,sunderland,2025-12-14 14:00:00,28936,-0.0049,11.0
2025-26,ENG1,sunderland,2025-12-20 15:00:00,28940,-0.0318,13.0
2025-26,ENG1,sunderland,2025-12-28 14:00:00,28956,-0.0582,12.0
2025-26,ENG1,sunderland,2026-01-01 20:00:00,28966,-0.0257,12.0
2025-26,ENG1,sunderland,2026-01-04 15:00:00,28969,-0.0442,12.0
2025-26,ENG1,sunderland,2026-01-07 19:30:00,28981,-0.0528,13.0
2025-26,ENG1,sunderland,2026-01-17 15:00:00,28995,-0.0226,9.0
2025-26,ENG1,sunderland,2026-01-24 12:30:00,29007,-0.0066,13.0
2025-26,ENG1,sunderland,2026-02-02 20:00:00,29011,-0.0021,9.0
2025-26,ENG1,sunderland,2026-02-07 15:00:00,29019,0.0167,11.0
2025-26,ENG1,sunderland,2026-02-11 20:15:00,29035,0.0091,8.0
2025-26,ENG1,sunderland,2026-02-22 14:00:00,29045,-0.0276,13.0
2025-26,ENG1,sunderland,2026-02-28 12:30:00,29048,-0.0384,12.0
2025-26,ENG1,sunderland,2026-03-03 19:30:00,29063,-0.0308,10.0
2025-26,ENG1,sunderland,2026-03-14 15:00:00,29076,-0.0738,10.0
2025-26,ENG1,sunderland,2026-03-22 12:00:00,29085,-0.0791,11.0
2025-26,ENG1,sunderland,2026-04-12 13:00:00,29090,-0.0335,10.0
2025-26,ENG1,sunderland,2026-04-19 13:00:00,29098,0.0046,12.0
2025-26,ENG1,sunderland,2026-04-24 19:00:00,29115,0.0353,11.0
2025-26,ENG1,sunderland,2026-05-02 15:00:00,29127,0.0256,12.0
2025-26,ENG1,sunderland,2026-05-09 15:00:00,29135,0.0195,11.0
2025-26,ENG1,sunderland,2026-05-17 15:00:00,29143,0.0292,15.0
2025-26,ENG1,sunderland,2026-05-24 15:00:00,29155,0.0492,12.0
2025-26,ENG1,tottenham hotspur,2025-08-16 14:00:00,28782,0.0948,12.0
2025-26,ENG1,tottenham hotspur,2025-08-23 11:30:00,28789,0.0986,10.0
2025-26,ENG1,tottenham hotspur,2025-08-30 14:00:00,28799,0.0134,13.0
2025-26,ENG1,tottenham hotspur,2025-09-13 16:30:00,28814,0.0183,11.0
2025-26,ENG1,tottenham hotspur,2025-09-20 14:00:00,28821,-0.0321,12.0
2025-26,ENG1,tottenham hotspur,2025-09-27 19:00:00,28835,-0.0191,12.0
2025-26,ENG1,tottenham hotspur,2025-10-04 11:30:00,28844,-0.0022,11.0
2025-26,ENG1,tottenham hotspur,2025-10-19 13:00:00,28856,-0.0332,12.0
2025-26,ENG1,tottenham hotspur,2025-10-26 15:30:00,28863,-0.0114,13.0
2025-26,ENG1,tottenham hotspur,2025-11-01 17:30:00,28876,0.0245,14.0
2025-26,ENG1,tottenham hotspur,2025-11-08 12:30:00,28886,0.0001,13.0
2025-26,ENG1,tottenham hotspur,2025-11-23 16:30:00,28889,0.0253,12.0
2025-26,ENG1,tottenham hotspur,2025-11-29 20:00:00,28906,-0.0438,13.0
2025-26,ENG1,tottenham hotspur,2025-12-02 20:15:00,28916,-0.0836,12.0
2025-26,ENG1,tottenham hotspur,2025-12-06 15:00:00,28926,-0.0454,13.0
2025-26,ENG1,tottenham hotspur,2025-12-14 14:00:00,28935,-0.0707,14.0
2025-26,ENG1,tottenham hotspur,2025-12-20 17:30:00,28946,-0.0762,14.0
2025-26,ENG1,tottenham hotspur,2025-12-28 16:30:00,28952,-0.0859,13.0
2025-26,ENG1,tottenham hotspur,2026-01-01 20:00:00,28959,-0.044,12.0
2025-26,ENG1,tottenham hotspur,2026-01-04 15:00:00,28969,-0.0724,14.0
2025-26,ENG1,tottenham hotspur,2026-01-07 19:30:00,28979,-0.0219,13.0
2025-26,ENG1,tottenham hotspur,2026-01-17 15:00:00,28996,-0.0129,14.0
2025-26,ENG1,tottenham hotspur,2026-01-24 15:00:00,29001,-0.018,13.0
2025-26,ENG1,tottenham hotspur,2026-02-01 16:30:00,29016,-0.0078,12.0
2025-26,ENG1,tottenham hotspur,2026-02-07 12:30:00,29025,0.0388,10.0
2025-26,ENG1,tottenham hotspur,2026-02-10 19:30:00,29036,0.0639,13.0
2025-26,ENG1,tottenham hotspur,2026-02-22 16:30:00,29046,-0.0164,12.0
2025-26,ENG1,tottenham hotspur,2026-03-01 14:00:00,29052,-0.0293,13.0
2025-26,ENG1,tottenham hotspur,2026-03-05 20:00:00,29066,0.0198,11.0
2025-26,ENG1,tottenham hotspur,2026-03-15 16:30:00,29073,0.1207,12.0
2025-26,ENG1,tottenham hotspur,2026-03-22 14:15:00,29086,0.1131,13.0
2025-26,ENG1,tottenham hotspur,2026-04-12 13:00:00,29090,0.0351,13.0
2025-26,ENG1,tottenham hotspur,2026-04-18 16:30:00,29107,-0.0774,13.0
2025-26,ENG1,tottenham hotspur,2026-04-25 14:00:00,29117,-0.0106,15.0
2025-26,ENG1,tottenham hotspur,2026-05-03 19:00:00,29120,0.0307,12.0
2025-26,ENG1,tottenham hotspur,2026-05-11 20:00:00,29136,0.0344,10.0
2025-26,ENG1,tottenham hotspur,2026-05-19 20:15:00,29142,0.0012,12.0
2025-26,ENG1,tottenham hotspur,2026-05-24 15:00:00,29156,0.016,11.0
2025-26,ENG1,west ham united,2025-08-16 14:00:00,28781,-0.0274,11.0
2025-26,ENG1,west ham united,2025-08-22 19:00:00,28788,-0.002,11.0
2025-26,ENG1,west ham united,2025-08-31 13:00:00,28804,-0.0135,13.0
2025-26,ENG1,west ham united,2025-09-13 16:30:00,28814,0.0357,13.0
2025-26,ENG1,west ham united,2025-09-20 14:00:00,28819,0.0225,13.0
2025-26,ENG1,west ham united,2025-09-29 19:00:00,28837,-0.03,12.0
2025-26,ENG1,west ham united,2025-10-04 14:00:00,28839,-0.0348,12.0
2025-26,ENG1,west ham united,2025-10-20 19:00:00,28857,-0.0331,15.0
2025-26,ENG1,west ham united,2025-10-24 19:00:00,28864,-0.0244,14.0
2025-26,ENG1,west ham united,2025-11-02 14:00:00,28877,-0.0472,12.0
2025-26,ENG1,west ham united,2025-11-08 15:00:00,28887,-0.0299,13.0
2025-26,ENG1,west ham united,2025-11-22 15:00:00,28888,-0.0001,13.0
2025-26,ENG1,west ham united,2025-11-30 14:05:00,28907,-0.0707,13.0
2025-26,ENG1,west ham united,2025-12-04 20:00:00,28915,0.0103,11.0
2025-26,ENG1,west ham united,2025-12-07 14:00:00,28920,-0.0516,13.0
2025-26,ENG1,west ham united,2025-12-14 14:00:00,28937,-0.0287,11.0
2025-26,ENG1,west ham united,2025-12-20 15:00:00,28944,-0.0115,12.0
2025-26,ENG1,west ham united,2025-12-27 15:00:00,28957,-0.0102,12.0
2025-26,ENG1,west ham united,2025-12-30 19:30:00,28967,0.0092,13.0
2025-26,ENG1,west ham united,2026-01-03 15:00:00,28970,0.0688,12.0
2025-26,ENG1,west ham united,2026-01-06 20:00:00,28987,0.1125,12.0
2025-26,ENG1,west ham united,2026-01-17 15:00:00,28996,0.0829,10.0
2025-26,ENG1,west ham united,2026-01-24 12:30:00,29007,0.0247,14.0
2025-26,ENG1,west ham united,2026-01-31 17:30:00,29009,0.0288,12.0
2025-26,ENG1,west ham united,2026-02-07 15:00:00,29021,0.0402,12.0
2025-26,ENG1,west ham united,2026-02-10 20:15:00,29037,0.0156,14.0
2025-26,ENG1,west ham united,2026-02-21 17:30:00,29047,0.0432,12.0
2025-26,ENG1,west ham united,2026-02-28 15:00:00,29054,0.0471,12.0
2025-26,ENG1,west ham united,2026-03-04 19:30:00,29062,0.1004,12.0
2025-26,ENG1,west ham united,2026-03-14 20:00:00,29077,0.0184,13.0
2025-26,ENG1,west ham united,2026-03-22 14:15:00,29079,0.0373,13.0
2025-26,ENG1,west ham united,2026-04-10 19:00:00,29091,0.0082,13.0
2025-26,ENG1,west ham united,2026-04-20 19:00:00,29101,0.0487,12.0
2025-26,ENG1,west ham united,2026-04-25 14:00:00,29116,0.0063,12.0
2025-26,ENG1,west ham united,2026-05-02 15:00:00,29121,0.0359,14.0
2025-26,ENG1,west ham united,2026-05-10 16:30:00,29137,0.0092,12.0
2025-26,ENG1,west ham united,2026-05-17 17:30:00,29146,0.1119,13.0
2025-26,ENG1,west ham united,2026-05-24 15:00:00,29157,0.0522,12.0
2025-26,ENG1,wolverhampton wanderers,2025-08-16 16:30:00,28783,-0.0266,11.0
2025-26,ENG1,wolverhampton wanderers,2025-08-23 14:00:00,28792,-0.0345,11.0
2025-26,ENG1,wolverhampton wanderers,2025-08-30 14:00:00,28800,-0.0919,12.0
2025-26,ENG1,wolverhampton wanderers,2025-09-13 14:00:00,28809,-0.0203,12.0
2025-26,ENG1,wolverhampton wanderers,2025-09-20 14:00:00,28820,-0.0228,14.0
2025-26,ENG1,wolverhampton wanderers,2025-09-27 19:00:00,28835,-0.067,13.0
2025-26,ENG1,wolverhampton wanderers,2025-10-05 13:00:00,28847,-0.0633,13.0
2025-26,ENG1,wolverhampton wanderers,2025-10-18 14:00:00,28855,-0.0599,12.0
2025-26,ENG1,wolverhampton wanderers,2025-10-26 13:00:00,28867,-0.0508,12.0
2025-26,ENG1,wolverhampton wanderers,2025-11-01 15:00:00,28871,-0.0094,14.0
2025-26,ENG1,wolverhampton wanderers,2025-11-08 20:00:00,28880,-0.0779,10.0
2025-26,ENG1,wolverhampton wanderers,2025-11-22 15:00:00,28897,-0.0507,12.0
2025-26,ENG1,wolverhampton wanderers,2025-11-30 14:05:00,28898,-0.0063,12.0
2025-26,ENG1,wolverhampton wanderers,2025-12-03 19:30:00,28917,-0.0012,10.0
2025-26,ENG1,wolverhampton wanderers,2025-12-08 20:00:00,28927,0.0325,13.0
2025-26,ENG1,wolverhampton wanderers,2025-12-13 20:00:00,28928,-0.0518,11.0
2025-26,ENG1,wolverhampton wanderers,2025-12-20 15:00:00,28947,-0.0851,10.0
2025-26,ENG1,wolverhampton wanderers,2025-12-27 15:00:00,28953,-0.0807,13.0
2025-26,ENG1,wolverhampton wanderers,2025-12-30 20:15:00,28964,0.0156,11.0
2025-26,ENG1,wolverhampton wanderers,2026-01-03 15:00:00,28970,0.011,12.0
2025-26,ENG1,wolverhampton wanderers,2026-01-07 19:30:00,28978,-0.0179,12.0
2025-26,ENG1,wolverhampton wanderers,2026-01-18 14:00:00,28997,-0.0483,12.0
2025-26,ENG1,wolverhampton wanderers,2026-01-24 15:00:00,29005,-0.0387,13.0
2025-26,ENG1,wolverhampton wanderers,2026-01-31 15:00:00,29017,-0.0246,12.0
2025-26,ENG1,wolverhampton wanderers,2026-02-07 15:00:00,29027,-0.0023,11.0
2025-26,ENG1,wolverhampton wanderers,2026-02-11 19:30:00,29034,-0.01,13.0
2025-26,ENG1,wolverhampton wanderers,2026-02-18 20:00:00,29087,-0.0245,13.0
2025-26,ENG1,wolverhampton wanderers,2026-02-22 14:00:00,29041,-0.0475,12.0
2025-26,ENG1,wolverhampton wanderers,2026-02-27 20:00:00,29057,-0.0693,10.0
2025-26,ENG1,wolverhampton wanderers,2026-03-03 20:15:00,29067,-0.0782,15.0
2025-26,ENG1,wolverhampton wanderers,2026-03-16 20:00:00,29069,-0.0681,13.0
2025-26,ENG1,wolverhampton wanderers,2026-04-10 19:00:00,29091,-0.0379,14.0
2025-26,ENG1,wolverhampton wanderers,2026-04-18 14:00:00,29103,-0.085,12.0
2025-26,ENG1,wolverhampton wanderers,2026-04-25 14:00:00,29117,-0.0375,11.0
2025-26,ENG1,wolverhampton wanderers,2026-05-02 15:00:00,29127,0.0725,11.0
2025-26,ENG1,wolverhampton wanderers,2026-05-09 15:00:00,29128,-0.036,12.0
2025-26,ENG1,wolverhampton wanderers,2026-05-17 15:00:00,29147,-0.0005,11.0
2025-26,ENG1,wolverhampton wanderers,2026-05-24 15:00:00,29149,-0.018,11.0
2025-26,ESP1,alaves,2025-08-16 19:30:00,29161,0.0101,8.0
2025-26,ESP1,alaves,2025-08-22 19:30:00,29168,0.0134,10.0
2025-26,ESP1,alaves,2025-08-30 15:00:00,29181,0.0283,11.0
2025-26,ESP1,alaves,2025-09-13 16:30:00,29196,0.0231,12.0
2025-26,ESP1,alaves,2025-09-20 16:30:00,29208,0.0209,12.0
2025-26,ESP1,alaves,2025-09-24 17:00:00,29212,-0.0058,9.0
2025-26,ESP1,alaves,2025-09-27 16:30:00,29224,0.0113,10.0
2025-26,ESP1,alaves,2025-10-05 12:00:00,29228,-0.0413,11.0
2025-26,ESP1,alaves,2025-10-20 19:00:00,29238,-0.0079,11.0
2025-26,ESP1,alaves,2025-10-26 20:00:00,29252,0.0485,12.0
2025-26,ESP1,alaves,2025-11-02 15:15:00,29258,0.0331,12.0
2025-26,ESP1,alaves,2025-11-08 13:00:00,29273,0.0601,11.0
2025-26,ESP1,alaves,2025-11-22 13:00:00,29278,0.1298,9.0
2025-26,ESP1,alaves,2025-11-29 15:15:00,29294,0.06,12.0
2025-26,ESP1,alaves,2025-12-06 15:15:00,29298,0.0844,11.0
2025-26,ESP1,alaves,2025-12-14 20:00:00,29308,0.0755,10.0
2025-26,ESP1,alaves,2025-12-20 17:30:00,29323,0.0852,9.0
2025-26,ESP1,alaves,2026-01-04 17:30:00,29328,0.0417,11.0
2025-26,ESP1,alaves,2026-01-10 15:15:00,29341,0.0738,10.0
2025-26,ESP1,alaves,2026-01-18 15:15:00,29348,0.0936,11.0
2025-26,ESP1,alaves,2026-01-25 20:00:00,29359,0.1242,9.0
2025-26,ESP1,alaves,2026-01-30 20:00:00,29371,0.0825,12.0
2025-26,ESP1,alaves,2026-02-08 13:00:00,29378,0.0315,10.0
2025-26,ESP1,alaves,2026-02-14 17:30:00,29392,0.0747,11.0
2025-26,ESP1,alaves,2026-02-23 20:00:00,29398,0.077,10.0
2025-26,ESP1,alaves,2026-02-27 20:00:00,29412,0.0561,10.0
2025-26,ESP1,alaves,2026-03-08 20:00:00,29422,0.0425,11.0
2025-26,ESP1,alaves,2026-03-13 20:00:00,29428,0.0726,10.0
2025-26,ESP1,alaves,2026-03-22 15:15:00,29445,0.0244,10.0
2025-26,ESP1,alaves,2026-04-05 19:00:00,29448,0.0037,10.0
2025-26,ESP1,alaves,2026-04-11 12:00:00,29464,-0.015,11.0
2025-26,ESP1,alaves,2026-04-21 19:30:00,29483,0.0747,13.0
2025-26,ESP1,alaves,2026-04-25 12:00:00,29473,0.0148,9.0
2025-26,ESP1,alaves,2026-05-02 16:30:00,29491,0.017,11.0
2025-26,ESP1,alaves,2026-05-09 12:00:00,29503,0.0299,10.0
2025-26,ESP1,alaves,2026-05-13 19:30:00,29508,0.0502,10.0
2025-26,ESP1,alaves,2026-05-17 17:00:00,29522,0.0398,12.0
2025-26,ESP1,alaves,2026-05-23 19:00:00,29528,0.0092,11.0
2025-26,ESP1,athletic club,2025-08-17 17:30:00,29164,0.0424,12.0
2025-26,ESP1,athletic club,2025-08-25 17:30:00,29176,0.0655,12.0
2025-26,ESP1,athletic club,2025-08-31 17:00:00,29186,0.0646,12.0
2025-26,ESP1,athletic club,2025-09-13 16:30:00,29196,0.077,12.0
2025-26,ESP1,athletic club,2025-09-20 19:00:00,29203,0.0755,13.0
2025-26,ESP1,athletic club,2025-09-23 17:00:00,29217,0.0291,14.0
2025-26,ESP1,athletic club,2025-09-27 19:00:00,29225,0.0539,12.0
2025-26,ESP1,athletic club,2025-10-04 16:30:00,29229,0.0167,11.0
2025-26,ESP1,athletic club,2025-10-19 12:00:00,29244,0.0656,13.0
2025-26,ESP1,athletic club,2025-10-25 16:30:00,29248,0.0082,13.0
2025-26,ESP1,athletic club,2025-11-01 17:30:00,29264,0.0032,11.0
2025-26,ESP1,athletic club,2025-11-09 13:00:00,29268,-0.0094,11.0
2025-26,ESP1,athletic club,2025-11-22 15:15:00,29284,0.0423,14.0
2025-26,ESP1,athletic club,2025-11-29 17:30:00,29295,0.0447,10.0
2025-26,ESP1,athletic club,2025-12-03 18:00:00,29338,0.0375,14.0
2025-26,ESP1,athletic club,2025-12-06 20:00:00,29299,0.0632,12.0
2025-26,ESP1,athletic club,2025-12-14 15:15:00,29312,0.0708,13.0
2025-26,ESP1,athletic club,2025-12-22 20:00:00,29318,0.0609,15.0
2025-26,ESP1,athletic club,2026-01-03 15:15:00,29331,0.0612,14.0
2025-26,ESP1,athletic club,2026-01-17 15:15:00,29349,0.0835,12.0
2025-26,ESP1,athletic club,2026-01-24 17:30:00,29358,0.1781,13.0
2025-26,ESP1,athletic club,2026-02-01 20:00:00,29376,0.079,14.0
2025-26,ESP1,athletic club,2026-02-08 15:15:00,29379,0.0203,15.0
2025-26,ESP1,athletic club,2026-02-15 13:00:00,29393,0.0829,14.0
2025-26,ESP1,athletic club,2026-02-20 20:00:00,29399,0.1008,11.0
2025-26,ESP1,athletic club,2026-02-28 13:00:00,29413,0.1365,12.0
2025-26,ESP1,athletic club,2026-03-07 20:00:00,29418,0.0812,14.0
2025-26,ESP1,athletic club,2026-03-14 13:00:00,29433,0.1027,14.0
2025-26,ESP1,athletic club,2026-03-22 17:30:00,29439,0.1319,12.0
2025-26,ESP1,athletic club,2026-04-05 12:00:00,29455,0.0965,14.0
2025-26,ESP1,athletic club,2026-04-12 19:00:00,29458,0.0804,13.0
2025-26,ESP1,athletic club,2026-04-21 18:00:00,29478,0.0267,13.0
2025-26,ESP1,athletic club,2026-04-25 19:00:00,29468,0.0166,14.0
2025-26,ESP1,athletic club,2026-05-02 16:30:00,29491,-0.0017,14.0
2025-26,ESP1,athletic club,2026-05-10 14:15:00,29498,-0.0261,14.0
2025-26,ESP1,athletic club,2026-05-13 17:00:00,29513,-0.0144,15.0
2025-26,ESP1,athletic club,2026-05-17 17:00:00,29518,-0.0211,12.0
2025-26,ESP1,athletic club,2026-05-23 19:00:00,29532,0.0327,14.0
2025-26,ESP1,atletico madrid,2025-08-17 19:30:00,29165,0.0918,10.0
2025-26,ESP1,atletico madrid,2025-08-23 17:30:00,29170,0.2294,9.0
2025-26,ESP1,atletico madrid,2025-08-30 15:00:00,29181,0.177,13.0
2025-26,ESP1,atletico madrid,2025-09-13 19:00:00,29193,0.181,13.0
2025-26,ESP1,atletico madrid,2025-09-21 14:15:00,29204,0.1034,14.0
2025-26,ESP1,atletico madrid,2025-09-24 19:30:00,29216,0.0712,15.0
2025-26,ESP1,atletico madrid,2025-09-27 14:15:00,29219,0.2664,11.0
2025-26,ESP1,atletico madrid,2025-10-05 19:00:00,29232,0.2076,13.0
2025-26,ESP1,atletico madrid,2025-10-18 19:00:00,29239,0.1971,13.0
2025-26,ESP1,atletico madrid,2025-10-27 20:00:00,29253,0.2157,12.0
2025-26,ESP1,atletico madrid,2025-11-01 15:15:00,29259,0.1774,13.0
2025-26,ESP1,atletico madrid,2025-11-08 17:30:00,29269,0.1851,12.0
2025-26,ESP1,atletico madrid,2025-11-23 17:30:00,29285,0.2142,14.0
2025-26,ESP1,atletico madrid,2025-11-29 20:00:00,29288,0.1193,14.0
2025-26,ESP1,atletico madrid,2025-12-02 20:00:00,29342,0.0834,14.0
2025-26,ESP1,atletico madrid,2025-12-06 20:00:00,29299,0.1821,15.0
2025-26,ESP1,atletico madrid,2025-12-13 13:00:00,29309,0.149,14.0
2025-26,ESP1,atletico madrid,2025-12-21 13:00:00,29324,0.1036,13.0
2025-26,ESP1,atletico madrid,2026-01-04 20:00:00,29332,0.1361,15.0
2025-26,ESP1,atletico madrid,2026-01-18 15:15:00,29348,0.1594,14.0
2025-26,ESP1,atletico madrid,2026-01-25 13:00:00,29360,0.0313,13.0
2025-26,ESP1,atletico madrid,2026-01-31 17:30:00,29372,0.0448,15.0
2025-26,ESP1,atletico madrid,2026-02-08 17:30:00,29380,0.0603,14.0
2025-26,ESP1,atletico madrid,2026-02-15 15:15:00,29394,-0.0216,14.0
2025-26,ESP1,atletico madrid,2026-02-21 20:00:00,29400,0.018,15.0
2025-26,ESP1,atletico madrid,2026-02-28 20:00:00,29414,0.0317,14.0
2025-26,ESP1,atletico madrid,2026-03-07 17:30:00,29419,0.0433,15.0
2025-26,ESP1,atletico madrid,2026-03-14 15:15:00,29429,0.0921,15.0
2025-26,ESP1,atletico madrid,2026-03-22 20:00:00,29446,0.1415,15.0
2025-26,ESP1,atletico madrid,2026-04-04 19:00:00,29449,0.1396,13.0
2025-26,ESP1,atletico madrid,2026-04-11 19:00:00,29463,0.0604,8.0
2025-26,ESP1,atletico madrid,2026-04-22 17:00:00,29484,0.0705,14.0
2025-26,ESP1,atletico madrid,2026-04-25 19:00:00,29468,0.081,15.0
2025-26,ESP1,atletico madrid,2026-05-02 14:15:00,29495,0.009,11.0
2025-26,ESP1,atletico madrid,2026-05-09 16:30:00,29499,0.135,14.0
2025-26,ESP1,atletico madrid,2026-05-12 19:30:00,29514,0.0898,13.0
2025-26,ESP1,atletico madrid,2026-05-17 17:00:00,29520,0.0758,14.0
2025-26,ESP1,atletico madrid,2026-05-24 19:00:00,29533,0.1249,14.0
2025-26,ESP1,barcelona,2025-08-16 17:30:00,29160,0.0699,13.0
2025-26,ESP1,barcelona,2025-08-23 19:30:00,29171,0.0826,12.0
2025-26,ESP1,barcelona,2025-08-31 19:30:00,29188,0.0513,12.0
2025-26,ESP1,barcelona,2025-09-14 19:00:00,29194,0.0069,13.0
2025-26,ESP1,barcelona,2025-09-21 19:00:00,29199,0.1624,14.0
2025-26,ESP1,barcelona,2025-09-25 19:30:00,29213,0.1949,14.0
2025-26,ESP1,barcelona,2025-09-28 16:30:00,29220,0.0753,14.0
2025-26,ESP1,barcelona,2025-10-05 14:15:00,29233,0.2016,13.0
2025-26,ESP1,barcelona,2025-10-18 14:15:00,29240,0.0393,13.0
2025-26,ESP1,barcelona,2025-10-26 15:15:00,29254,0.0941,12.0
2025-26,ESP1,barcelona,2025-11-02 17:30:00,29260,0.132,13.0
2025-26,ESP1,barcelona,2025-11-09 20:00:00,29274,0.203,10.0
2025-26,ESP1,barcelona,2025-11-22 15:15:00,29284,0.1474,13.0
2025-26,ESP1,barcelona,2025-11-29 15:15:00,29294,0.0785,14.0
2025-26,ESP1,barcelona,2025-12-02 20:00:00,29342,0.086,14.0
2025-26,ESP1,barcelona,2025-12-06 17:30:00,29302,0.1623,14.0
2025-26,ESP1,barcelona,2025-12-13 17:30:00,29310,0.1207,12.0
2025-26,ESP1,barcelona,2025-12-21 15:15:00,29325,0.1635,13.0
2025-26,ESP1,barcelona,2026-01-03 20:00:00,29333,0.1536,14.0
2025-26,ESP1,barcelona,2026-01-18 20:00:00,29350,0.1649,13.0
2025-26,ESP1,barcelona,2026-01-25 15:15:00,29361,0.1903,14.0
2025-26,ESP1,barcelona,2026-01-31 20:00:00,29373,0.2375,13.0
2025-26,ESP1,barcelona,2026-02-07 15:15:00,29381,0.3287,12.0
2025-26,ESP1,barcelona,2026-02-16 20:00:00,29395,0.2757,14.0
2025-26,ESP1,barcelona,2026-02-22 15:15:00,29401,0.2533,14.0
2025-26,ESP1,barcelona,2026-02-28 15:15:00,29408,0.3159,15.0
2025-26,ESP1,barcelona,2026-03-07 20:00:00,29418,0.254,15.0
2025-26,ESP1,barcelona,2026-03-15 15:15:00,29430,0.3082,14.0
2025-26,ESP1,barcelona,2026-03-22 13:00:00,29441,0.2555,14.0
2025-26,ESP1,barcelona,2026-04-04 19:00:00,29449,0.165,14.0
2025-26,ESP1,barcelona,2026-04-11 16:30:00,29459,0.0899,14.0
2025-26,ESP1,barcelona,2026-04-22 19:30:00,29479,0.0741,13.0
2025-26,ESP1,barcelona,2026-04-25 14:15:00,29469,0.0987,14.0
2025-26,ESP1,barcelona,2026-05-02 19:00:00,29488,0.0447,14.0
2025-26,ESP1,barcelona,2026-05-10 19:00:00,29500,0.0138,15.0
2025-26,ESP1,barcelona,2026-05-13 19:30:00,29508,0.061,12.0
2025-26,ESP1,barcelona,2026-05-17 17:00:00,29519,0.002,14.0
2025-26,ESP1,barcelona,2026-05-23 19:00:00,29534,0.0428,13.0
2025-26,ESP1,celta vigo,2025-08-17 15:00:00,29163,0.1408,13.0
2025-26,ESP1,celta vigo,2025-08-23 15:00:00,29169,0.1225,12.0
2025-26,ESP1,celta vigo,2025-08-27 19:00:00,29178,0.0249,14.0
2025-26,ESP1,celta vigo,2025-08-31 15:00:00,29185,-0.02,12.0
2025-26,ESP1,celta vigo,2025-09-14 12:00:00,29192,-0.0144,13.0
2025-26,ESP1,celta vigo,2025-09-21 12:00:00,29205,0.0188,12.0
2025-26,ESP1,celta vigo,2025-09-28 14:15:00,29226,0.033,12.0
2025-26,ESP1,celta vigo,2025-10-05 19:00:00,29232,0.0636,13.0
2025-26,ESP1,celta vigo,2025-10-19 14:15:00,29241,0.0527,12.0
2025-26,ESP1,celta vigo,2025-10-26 17:30:00,29255,0.0567,14.0
2025-26,ESP1,celta vigo,2025-11-02 13:00:00,29265,0.0695,13.0
2025-26,ESP1,celta vigo,2025-11-09 20:00:00,29274,0.0957,12.0
2025-26,ESP1,celta vigo,2025-11-22 13:00:00,29278,0.0513,13.0
2025-26,ESP1,celta vigo,2025-11-30 17:30:00,29289,0.0811,11.0
2025-26,ESP1,celta vigo,2025-12-07 20:00:00,29303,0.0072,12.0
2025-26,ESP1,celta vigo,2025-12-14 15:15:00,29312,0.0717,14.0
2025-26,ESP1,celta vigo,2025-12-20 13:00:00,29326,0.035,12.0
2025-26,ESP1,celta vigo,2026-01-03 13:00:00,29329,0.0245,13.0
2025-26,ESP1,celta vigo,2026-01-12 20:00:00,29344,0.0729,13.0
2025-26,ESP1,celta vigo,2026-01-18 17:30:00,29353,0.034,12.0
2025-26,ESP1,celta vigo,2026-01-25 17:30:00,29362,0.0635,15.0
2025-26,ESP1,celta vigo,2026-02-01 17:30:00,29374,0.1424,12.0
2025-26,ESP1,celta vigo,2026-02-06 20:00:00,29382,0.0535,11.0
2025-26,ESP1,celta vigo,2026-02-14 13:00:00,29397,0.1121,11.0
2025-26,ESP1,celta vigo,2026-02-22 17:30:00,29403,0.1315,12.0
2025-26,ESP1,celta vigo,2026-03-01 20:00:00,29415,-0.0052,11.0
2025-26,ESP1,celta vigo,2026-03-06 20:00:00,29420,0.0977,12.0
2025-26,ESP1,celta vigo,2026-03-15 17:30:00,29431,0.0732,13.0
2025-26,ESP1,celta vigo,2026-03-22 15:15:00,29445,0.0836,12.0
2025-26,ESP1,celta vigo,2026-04-05 14:15:00,29454,0.064,13.0
2025-26,ESP1,celta vigo,2026-04-12 16:30:00,29467,0.1537,12.0
2025-26,ESP1,celta vigo,2026-04-22 19:30:00,29479,0.1122,8.0
2025-26,ESP1,celta vigo,2026-04-26 19:00:00,29470,-0.0061,13.0
2025-26,ESP1,celta vigo,2026-05-03 12:00:00,29493,0.1237,12.0
2025-26,ESP1,celta vigo,2026-05-09 16:30:00,29499,0.0708,13.0
2025-26,ESP1,celta vigo,2026-05-12 17:00:00,29510,0.1193,13.0
2025-26,ESP1,celta vigo,2026-05-17 17:00:00,29518,0.1268,12.0
2025-26,ESP1,celta vigo,2026-05-23 19:00:00,29530,0.0365,12.0
2025-26,ESP1,elche,2025-08-18 19:00:00,29166,0.0201,7.0
2025-26,ESP1,elche,2025-08-23 17:30:00,29170,0.0147,9.0
2025-26,ESP1,elche,2025-08-29 17:30:00,29179,-0.0171,13.0
2025-26,ESP1,elche,2025-09-12 19:00:00,29189,0.0986,11.0
2025-26,ESP1,elche,2025-09-21 16:30:00,29201,0.0761,12.0
2025-26,ESP1,elche,2025-09-25 17:30:00,29214,0.005,14.0
2025-26,ESP1,elche,2025-09-28 14:15:00,29226,0.0646,14.0
2025-26,ESP1,elche,2025-10-05 12:00:00,29228,0.0812,14.0
2025-26,ESP1,elche,2025-10-19 12:00:00,29244,0.098,13.0
2025-26,ESP1,elche,2025-10-25 14:15:00,29256,0.0782,16.0
2025-26,ESP1,elche,2025-11-02 17:30:00,29260,0.094,14.0
2025-26,ESP1,elche,2025-11-07 20:00:00,29270,0.0974,13.0
2025-26,ESP1,elche,2025-11-23 20:00:00,29280,0.0504,14.0
2025-26,ESP1,elche,2025-11-28 20:00:00,29297,0.1254,15.0
2025-26,ESP1,elche,2025-12-07 13:00:00,29300,-0.0093,15.0
2025-26,ESP1,elche,2025-12-13 15:15:00,29314,-0.0045,13.0
2025-26,ESP1,elche,2025-12-21 17:30:00,29320,0.0015,12.0
2025-26,ESP1,elche,2026-01-03 17:30:00,29330,0.0636,12.0
2025-26,ESP1,elche,2026-01-10 20:00:00,29345,0.0671,13.0
2025-26,ESP1,elche,2026-01-19 20:00:00,29354,0.0429,13.0
2025-26,ESP1,elche,2026-01-23 20:00:00,29363,0.0793,13.0
2025-26,ESP1,elche,2026-01-31 20:00:00,29373,0.0453,13.0
2025-26,ESP1,elche,2026-02-07 20:00:00,29383,0.0527,14.0
2025-26,ESP1,elche,2026-02-13 20:00:00,29388,0.0821,13.0
2025-26,ESP1,elche,2026-02-20 20:00:00,29399,0.0997,13.0
2025-26,ESP1,elche,2026-03-01 13:00:00,29410,0.0478,16.0
2025-26,ESP1,elche,2026-03-08 13:00:00,29424,0.0097,14.0
2025-26,ESP1,elche,2026-03-14 20:00:00,29434,0.1009,17.0
2025-26,ESP1,elche,2026-03-21 13:00:00,29440,0.0582,14.0
2025-26,ESP1,elche,2026-04-03 19:00:00,29456,0.0342,15.0
2025-26,ESP1,elche,2026-04-11 14:15:00,29465,0.1067,15.0
2025-26,ESP1,elche,2026-04-22 17:00:00,29484,0.1085,15.0
2025-26,ESP1,elche,2026-04-26 14:15:00,29471,0.1623,14.0
2025-26,ESP1,elche,2026-05-03 12:00:00,29493,0.168,16.0
2025-26,ESP1,elche,2026-05-09 12:00:00,29503,0.0968,13.0
2025-26,ESP1,elche,2026-05-12 18:00:00,29509,0.0976,14.0
2025-26,ESP1,elche,2026-05-17 17:00:00,29527,0.1387,12.0
2025-26,ESP1,elche,2026-05-23 19:00:00,29535,0.0658,14.0
2025-26,ESP1,espanyol,2025-08-17 19:30:00,29165,0.0446,12.0
2025-26,ESP1,espanyol,2025-08-24 17:30:00,29174,0.1592,12.0
2025-26,ESP1,espanyol,2025-08-31 17:30:00,29187,0.1594,12.0
2025-26,ESP1,espanyol,2025-09-15 19:00:00,29198,0.0805,11.0
2025-26,ESP1,espanyol,2025-09-20 14:15:00,29206,0.0576,12.0
2025-26,ESP1,espanyol,2025-09-23 17:00:00,29209,0.0584,12.0
2025-26,ESP1,espanyol,2025-09-26 19:00:00,29227,0.2098,13.0
2025-26,ESP1,espanyol,2025-10-05 16:30:00,29234,0.2306,13.0
2025-26,ESP1,espanyol,2025-10-17 19:00:00,29246,0.2256,12.0
2025-26,ESP1,espanyol,2025-10-25 14:15:00,29256,0.1888,12.0
2025-26,ESP1,espanyol,2025-11-02 15:15:00,29258,0.1838,11.0
2025-26,ESP1,espanyol,2025-11-08 20:00:00,29271,0.2256,11.0
2025-26,ESP1,espanyol,2025-11-24 20:00:00,29281,0.1351,13.0
2025-26,ESP1,espanyol,2025-11-30 17:30:00,29289,0.1501,13.0
2025-26,ESP1,espanyol,2025-12-07 17:30:00,29301,0.1344,12.0
2025-26,ESP1,espanyol,2025-12-13 20:00:00,29315,0.1107,11.0
2025-26,ESP1,espanyol,2025-12-22 20:00:00,29318,0.0514,11.0
2025-26,ESP1,espanyol,2026-01-03 20:00:00,29333,0.0207,11.0
2025-26,ESP1,espanyol,2026-01-11 15:15:00,29346,0.0692,12.0
2025-26,ESP1,espanyol,2026-01-16 20:00:00,29355,0.0658,12.0
2025-26,ESP1,espanyol,2026-01-24 15:15:00,29364,0.1021,13.0
2025-26,ESP1,espanyol,2026-01-30 20:00:00,29371,0.0762,11.0
2025-26,ESP1,espanyol,2026-02-09 20:00:00,29384,0.0304,13.0
2025-26,ESP1,espanyol,2026-02-14 13:00:00,29397,0.0367,12.0
2025-26,ESP1,espanyol,2026-02-21 20:00:00,29400,0.0482,14.0
2025-26,ESP1,espanyol,2026-03-01 13:00:00,29410,0.0375,13.0
2025-26,ESP1,espanyol,2026-03-09 20:00:00,29421,0.0401,12.0
2025-26,ESP1,espanyol,2026-03-15 13:00:00,29435,0.0726,13.0
2025-26,ESP1,espanyol,2026-03-21 15:15:00,29442,0.0676,12.0
2025-26,ESP1,espanyol,2026-04-04 16:30:00,29450,0.0512,11.0
2025-26,ESP1,espanyol,2026-04-11 16:30:00,29459,0.015,13.0
2025-26,ESP1,espanyol,2026-04-23 18:00:00,29486,0.0584,12.0
2025-26,ESP1,espanyol,2026-04-27 19:00:00,29477,0.0537,12.0
2025-26,ESP1,espanyol,2026-05-03 19:00:00,29494,0.0383,12.0
2025-26,ESP1,espanyol,2026-05-09 14:15:00,29505,0.0568,12.0
2025-26,ESP1,espanyol,2026-05-13 17:00:00,29513,0.0232,10.0
2025-26,ESP1,espanyol,2026-05-17 17:00:00,29523,0.0107,13.0
2025-26,ESP1,espanyol,2026-05-23 19:00:00,29531,0.0298,9.0
2025-26,ESP1,getafe,2025-08-17 15:00:00,29163,0.0127,8.0
2025-26,ESP1,getafe,2025-08-25 19:30:00,29177,0.0117,7.0
2025-26,ESP1,getafe,2025-08-29 19:30:00,29180,0.0411,11.0
2025-26,ESP1,getafe,2025-09-13 12:00:00,29190,0.0126,10.0
2025-26,ESP1,getafe,2025-09-21 19:00:00,29199,0.0118,11.0
2025-26,ESP1,getafe,2025-09-24 17:00:00,29212,-0.0249,9.0
2025-26,ESP1,getafe,2025-09-27 12:00:00,29222,0.0058,9.0
2025-26,ESP1,getafe,2025-10-03 19:00:00,29235,-0.0203,11.0
2025-26,ESP1,getafe,2025-10-19 19:00:00,29242,-0.0282,9.0
2025-26,ESP1,getafe,2025-10-25 16:30:00,29248,-0.0112,10.0
2025-26,ESP1,getafe,2025-10-31 20:00:00,29262,-0.0355,11.0
2025-26,ESP1,getafe,2025-11-09 17:30:00,29276,-0.0078,12.0
2025-26,ESP1,getafe,2025-11-23 17:30:00,29285,-0.0163,10.0
2025-26,ESP1,getafe,2025-11-28 20:00:00,29297,-0.0299,9.0
2025-26,ESP1,getafe,2025-12-06 13:00:00,29304,0.0042,10.0
2025-26,ESP1,getafe,2025-12-13 20:00:00,29315,-0.0043,12.0
2025-26,ESP1,getafe,2025-12-21 20:00:00,29319,-0.0266,11.0
2025-26,ESP1,getafe,2026-01-02 20:00:00,29335,-0.01,11.0
2025-26,ESP1,getafe,2026-01-09 20:00:00,29339,-0.0198,10.0
2025-26,ESP1,getafe,2026-01-18 13:00:00,29356,-0.0462,8.0
2025-26,ESP1,getafe,2026-01-26 20:00:00,29365,-0.0253,6.0
2025-26,ESP1,getafe,2026-02-01 17:30:00,29374,-0.0584,8.0
2025-26,ESP1,getafe,2026-02-08 13:00:00,29378,-0.0381,10.0
2025-26,ESP1,getafe,2026-02-14 15:15:00,29389,-0.006,8.0
2025-26,ESP1,getafe,2026-02-22 13:00:00,29404,-0.0039,11.0
2025-26,ESP1,getafe,2026-03-02 20:00:00,29416,-0.0114,11.0
2025-26,ESP1,getafe,2026-03-08 15:15:00,29423,-0.0149,9.0
2025-26,ESP1,getafe,2026-03-14 15:15:00,29429,-0.0259,10.0
2025-26,ESP1,getafe,2026-03-21 15:15:00,29442,-0.0019,10.0
2025-26,ESP1,getafe,2026-04-05 12:00:00,29455,0.0161,10.0
2025-26,ESP1,getafe,2026-04-13 19:00:00,29461,0.063,11.0
2025-26,ESP1,getafe,2026-04-22 18:00:00,29487,0.0883,8.0
2025-26,ESP1,getafe,2026-04-25 14:15:00,29469,0.0707,12.0
2025-26,ESP1,getafe,2026-05-03 14:15:00,29496,0.036,12.0
2025-26,ESP1,getafe,2026-05-10 16:30:00,29506,0.0544,10.0
2025-26,ESP1,getafe,2026-05-13 19:30:00,29511,0.1011,9.0
2025-26,ESP1,getafe,2026-05-17 17:00:00,29527,0.053,9.0
2025-26,ESP1,getafe,2026-05-23 19:00:00,29536,-0.0168,8.0
2025-26,ESP1,girona,2025-08-15 17:00:00,29158,-0.0052,13.0
2025-26,ESP1,girona,2025-08-24 17:30:00,29173,0.0705,11.0
2025-26,ESP1,girona,2025-08-30 17:30:00,29183,0.044,13.0
2025-26,ESP1,girona,2025-09-14 12:00:00,29192,-0.009,11.0
2025-26,ESP1,girona,2025-09-20 12:00:00,29202,0.0496,13.0
2025-26,ESP1,girona,2025-09-23 17:00:00,29217,0.0799,12.0
2025-26,ESP1,girona,2025-09-26 19:00:00,29227,0.0123,13.0
2025-26,ESP1,girona,2025-10-04 14:15:00,29230,-0.0067,13.0
2025-26,ESP1,girona,2025-10-18 14:15:00,29240,0.0453,13.0
2025-26,ESP1,girona,2025-10-25 12:00:00,29249,0.0167,13.0
2025-26,ESP1,girona,2025-10-31 20:00:00,29262,0.0254,12.0
2025-26,ESP1,girona,2025-11-08 13:00:00,29273,0.0186,11.0
2025-26,ESP1,girona,2025-11-23 15:15:00,29279,-0.0183,10.0
2025-26,ESP1,girona,2025-11-30 20:00:00,29290,-0.0081,11.0
2025-26,ESP1,girona,2025-12-07 13:00:00,29300,0.0055,13.0
2025-26,ESP1,girona,2025-12-12 20:00:00,29316,-0.0237,11.0
2025-26,ESP1,girona,2025-12-21 13:00:00,29324,-0.0117,14.0
2025-26,ESP1,girona,2026-01-04 17:30:00,29336,0.0024,11.0
2025-26,ESP1,girona,2026-01-10 17:30:00,29340,0.0273,11.0
2025-26,ESP1,girona,2026-01-16 20:00:00,29355,0.0227,11.0
2025-26,ESP1,girona,2026-01-26 20:00:00,29365,-0.0057,11.0
2025-26,ESP1,girona,2026-01-31 13:00:00,29375,0.0049,12.0
2025-26,ESP1,girona,2026-02-08 15:15:00,29386,-0.0161,13.0
2025-26,ESP1,girona,2026-02-16 20:00:00,29395,0.0324,12.0
2025-26,ESP1,girona,2026-02-23 20:00:00,29398,0.0635,11.0
2025-26,ESP1,girona,2026-03-01 20:00:00,29415,0.0896,12.0
2025-26,ESP1,girona,2026-03-07 15:15:00,29425,0.1088,14.0
2025-26,ESP1,girona,2026-03-14 13:00:00,29433,0.172,11.0
2025-26,ESP1,girona,2026-03-21 17:30:00,29447,0.1751,12.0
2025-26,ESP1,girona,2026-04-06 19:00:00,29451,0.0597,12.0
2025-26,ESP1,girona,2026-04-10 19:00:00,29462,0.1399,11.0
2025-26,ESP1,girona,2026-04-21 19:30:00,29485,0.1375,11.0
2025-26,ESP1,girona,2026-04-25 16:30:00,29472,0.1403,13.0
2025-26,ESP1,girona,2026-05-01 19:00:00,29497,0.2018,12.0
2025-26,ESP1,girona,2026-05-11 19:00:00,29507,0.0682,12.0
2025-26,ESP1,girona,2026-05-14 18:00:00,29512,0.181,11.0
2025-26,ESP1,girona,2026-05-17 17:00:00,29520,0.1283,12.0
2025-26,ESP1,girona,2026-05-23 19:00:00,29535,0.09,12.0
2025-26,ESP1,levante,2025-08-16 19:30:00,29161,-0.214,2.0
2025-26,ESP1,levante,2025-08-23 19:30:00,29171,-0.1691,3.0
2025-26,ESP1,levante,2025-08-29 17:30:00,29179,0.0063,7.0
2025-26,ESP1,levante,2025-09-14 14:15:00,29191,0.0156,7.0
2025-26,ESP1,levante,2025-09-20 12:00:00,29202,0.0153,6.0
2025-26,ESP1,levante,2025-09-23 19:30:00,29210,0.1563,8.0
2025-26,ESP1,levante,2025-09-27 12:00:00,29222,0.1598,9.0
2025-26,ESP1,levante,2025-10-04 12:00:00,29236,0.1105,8.0
2025-26,ESP1,levante,2025-10-19 16:30:00,29243,0.1096,8.0
2025-26,ESP1,levante,2025-10-26 13:00:00,29257,0.213,9.0
2025-26,ESP1,levante,2025-11-02 13:00:00,29265,0.0122,6.0
2025-26,ESP1,levante,2025-11-08 17:30:00,29269,-0.0043,7.0
2025-26,ESP1,levante,2025-11-21 20:00:00,29286,0.0475,9.0
2025-26,ESP1,levante,2025-11-29 17:30:00,29295,0.0054,9.0
2025-26,ESP1,levante,2025-12-08 20:00:00,29305,0.0227,7.0
2025-26,ESP1,levante,2025-12-20 15:15:00,29321,0.0971,10.0
2025-26,ESP1,levante,2026-01-04 13:00:00,29337,0.1092,10.0
2025-26,ESP1,levante,2026-01-11 15:15:00,29346,0.083,11.0
2025-26,ESP1,levante,2026-01-17 13:00:00,29351,0.0891,8.0
2025-26,ESP1,levante,2026-01-23 20:00:00,29363,0.0922,8.0
2025-26,ESP1,levante,2026-01-31 17:30:00,29372,0.0837,10.0
2025-26,ESP1,levante,2026-02-08 15:15:00,29379,0.0309,11.0
2025-26,ESP1,levante,2026-02-15 17:30:00,29390,0.0658,10.0
2025-26,ESP1,levante,2026-02-18 19:00:00,29311,0.0519,11.0
2025-26,ESP1,levante,2026-02-22 15:15:00,29401,0.0225,9.0
2025-26,ESP1,levante,2026-02-27 20:00:00,29412,0.0046,11.0
2025-26,ESP1,levante,2026-03-07 15:15:00,29425,0.071,10.0
2025-26,ESP1,levante,2026-03-16 20:00:00,29436,0.0599,12.0
2025-26,ESP1,levante,2026-03-21 17:30:00,29443,0.0786,9.0
2025-26,ESP1,levante,2026-04-04 12:00:00,29457,0.1349,12.0
2025-26,ESP1,levante,2026-04-13 19:00:00,29461,0.096,10.0
2025-26,ESP1,levante,2026-04-23 17:00:00,29480,0.1442,11.0
2025-26,ESP1,levante,2026-04-27 19:00:00,29477,0.0902,11.0
2025-26,ESP1,levante,2026-05-02 12:00:00,29489,0.0671,12.0
2025-26,ESP1,levante,2026-05-08 19:00:00,29501,0.0408,8.0
2025-26,ESP1,levante,2026-05-12 17:00:00,29510,0.0939,11.0
2025-26,ESP1,levante,2026-05-17 17:00:00,29525,0.121,8.0
2025-26,ESP1,levante,2026-05-23 19:00:00,29529,0.1002,9.0
2025-26,ESP1,mallorca,2025-08-16 17:30:00,29160,0.0032,11.0
2025-26,ESP1,mallorca,2025-08-23 15:00:00,29169,0.0436,14.0
2025-26,ESP1,mallorca,2025-08-30 19:30:00,29184,0.0274,10.0
2025-26,ESP1,mallorca,2025-09-15 19:00:00,29198,0.0173,12.0
2025-26,ESP1,mallorca,2025-09-21 14:15:00,29204,0.0402,12.0
2025-26,ESP1,mallorca,2025-09-24 19:30:00,29215,0.0207,13.0
2025-26,ESP1,mallorca,2025-09-27 16:30:00,29224,0.0261,12.0
2025-26,ESP1,mallorca,2025-10-04 16:30:00,29229,0.0233,10.0
2025-26,ESP1,mallorca,2025-10-18 12:00:00,29247,0.0031,9.0
2025-26,ESP1,mallorca,2025-10-26 13:00:00,29257,0.1388,10.0
2025-26,ESP1,mallorca,2025-11-02 20:00:00,29261,0.1205,11.0
2025-26,ESP1,mallorca,2025-11-09 17:30:00,29276,0.0959,10.0
2025-26,ESP1,mallorca,2025-11-22 20:00:00,29287,0.0992,12.0
2025-26,ESP1,mallorca,2025-11-29 13:00:00,29291,0.1291,11.0
2025-26,ESP1,mallorca,2025-12-05 20:00:00,29306,0.1625,11.0
2025-26,ESP1,mallorca,2025-12-13 15:15:00,29314,0.0761,11.0
2025-26,ESP1,mallorca,2025-12-19 20:00:00,29327,0.0683,11.0
2025-26,ESP1,mallorca,2026-01-04 17:30:00,29336,0.1019,13.0
2025-26,ESP1,mallorca,2026-01-11 13:00:00,29347,0.0345,14.0
2025-26,ESP1,mallorca,2026-01-17 15:15:00,29349,0.0317,11.0
2025-26,ESP1,mallorca,2026-01-25 13:00:00,29360,0.1078,15.0
2025-26,ESP1,mallorca,2026-02-02 20:00:00,29369,0.119,12.0
2025-26,ESP1,mallorca,2026-02-07 15:15:00,29381,0.0777,14.0
2025-26,ESP1,mallorca,2026-02-15 20:00:00,29396,0.1219,11.0
2025-26,ESP1,mallorca,2026-02-22 17:30:00,29403,0.098,13.0
2025-26,ESP1,mallorca,2026-02-28 17:30:00,29411,0.0513,11.0
2025-26,ESP1,mallorca,2026-03-07 13:00:00,29426,0.0061,12.0
2025-26,ESP1,mallorca,2026-03-15 13:00:00,29435,0.0023,10.0
2025-26,ESP1,mallorca,2026-03-21 13:00:00,29440,0.006,10.0
2025-26,ESP1,mallorca,2026-04-04 14:15:00,29452,0.0313,12.0
2025-26,ESP1,mallorca,2026-04-12 14:15:00,29466,0.0284,12.0
2025-26,ESP1,mallorca,2026-04-21 18:00:00,29481,0.1071,13.0
2025-26,ESP1,mallorca,2026-04-25 12:00:00,29473,0.122,11.0
2025-26,ESP1,mallorca,2026-05-01 19:00:00,29497,0.08,11.0
2025-26,ESP1,mallorca,2026-05-10 12:00:00,29502,0.0647,11.0
2025-26,ESP1,mallorca,2026-05-13 19:30:00,29511,0.037,11.0
2025-26,ESP1,mallorca,2026-05-17 17:00:00,29525,0.0773,11.0
2025-26,ESP1,mallorca,2026-05-23 19:00:00,29537,-0.0054,12.0
2025-26,ESP1,osasuna,2025-08-19 19:00:00,29167,0.0603,10.0
2025-26,ESP1,osasuna,2025-08-24 15:00:00,29172,0.0323,10.0
2025-26,ESP1,osasuna,2025-08-31 17:30:00,29187,0.0229,10.0
2025-26,ESP1,osasuna,2025-09-14 16:30:00,29197,-0.007,11.0
2025-26,ESP1,osasuna,2025-09-20 16:30:00,29207,-0.0081,10.0
2025-26,ESP1,osasuna,2025-09-25 17:30:00,29214,0.013,11.0
2025-26,ESP1,osasuna,2025-09-28 19:00:00,29221,0.021,12.0
2025-26,ESP1,osasuna,2025-10-03 19:00:00,29235,-0.0028,10.0
2025-26,ESP1,osasuna,2025-10-18 19:00:00,29239,0.0149,13.0
2025-26,ESP1,osasuna,2025-10-26 17:30:00,29255,0.0222,9.0
2025-26,ESP1,osasuna,2025-11-03 20:00:00,29266,0.0731,11.0
2025-26,ESP1,osasuna,2025-11-08 15:15:00,29277,0.0472,11.0
2025-26,ESP1,osasuna,2025-11-22 17:30:00,29282,-0.0106,12.0
2025-26,ESP1,osasuna,2025-11-29 13:00:00,29291,-0.0089,13.0
2025-26,ESP1,osasuna,2025-12-08 20:00:00,29305,-0.0006,14.0
2025-26,ESP1,osasuna,2025-12-13 17:30:00,29310,0.0129,14.0
2025-26,ESP1,osasuna,2025-12-20 17:30:00,29323,0.0083,12.0
2025-26,ESP1,osasuna,2026-01-03 15:15:00,29331,0.0181,11.0
2025-26,ESP1,osasuna,2026-01-10 17:30:00,29340,0.0244,12.0
2025-26,ESP1,osasuna,2026-01-17 17:30:00,29357,0.0182,13.0
2025-26,ESP1,osasuna,2026-01-24 13:00:00,29366,0.0892,12.0
2025-26,ESP1,osasuna,2026-01-31 15:15:00,29370,0.1202,12.0
2025-26,ESP1,osasuna,2026-02-06 20:00:00,29382,0.0935,12.0
2025-26,ESP1,osasuna,2026-02-13 20:00:00,29388,0.048,13.0
2025-26,ESP1,osasuna,2026-02-21 17:30:00,29405,0.0571,12.0
2025-26,ESP1,osasuna,2026-03-01 15:15:00,29417,0.0979,10.0
2025-26,ESP1,osasuna,2026-03-07 13:00:00,29426,0.0474,13.0
2025-26,ESP1,osasuna,2026-03-15 20:00:00,29437,0.1241,14.0
2025-26,ESP1,osasuna,2026-03-21 17:30:00,29447,0.1048,11.0
2025-26,ESP1,osasuna,2026-04-05 19:00:00,29448,0.101,13.0
2025-26,ESP1,osasuna,2026-04-12 12:00:00,29460,0.0761,11.0
2025-26,ESP1,osasuna,2026-04-21 18:00:00,29478,0.0425,13.0
2025-26,ESP1,osasuna,2026-04-26 16:30:00,29476,0.0826,12.0
2025-26,ESP1,osasuna,2026-05-02 19:00:00,29488,0.0792,11.0
2025-26,ESP1,osasuna,2026-05-08 19:00:00,29501,0.0427,12.0
2025-26,ESP1,osasuna,2026-05-12 19:30:00,29514,0.1466,12.0
2025-26,ESP1,osasuna,2026-05-17 17:00:00,29523,0.0992,14.0
2025-26,ESP1,osasuna,2026-05-23 19:00:00,29536,0.0798,11.0
2025-26,ESP1,rayo vallecano,2025-08-15 17:00:00,29158,0.0461,11.0
2025-26,ESP1,rayo vallecano,2025-08-25 17:30:00,29176,0.0791,13.0
2025-26,ESP1,rayo vallecano,2025-08-31 19:30:00,29188,0.0732,12.0
2025-26,ESP1,rayo vallecano,2025-09-14 16:30:00,29197,0.1073,10.0
2025-26,ESP1,rayo vallecano,2025-09-21 12:00:00,29205,0.127,12.0
2025-26,ESP1,rayo vallecano,2025-09-24 19:30:00,29216,0.0047,11.0
2025-26,ESP1,rayo vallecano,2025-09-28 12:00:00,29223,0.082,12.0
2025-26,ESP1,rayo vallecano,2025-10-05 16:30:00,29237,0.0306,13.0
2025-26,ESP1,rayo vallecano,2025-10-19 16:30:00,29243,0.0031,12.0
2025-26,ESP1,rayo vallecano,2025-10-26 20:00:00,29252,0.038,10.0
2025-26,ESP1,rayo vallecano,2025-11-01 13:00:00,29267,0.1359,13.0
2025-26,ESP1,rayo vallecano,2025-11-09 15:15:00,29272,0.2413,12.0
2025-26,ESP1,rayo vallecano,2025-11-23 13:00:00,29283,0.2256,11.0
2025-26,ESP1,rayo vallecano,2025-12-01 20:00:00,29292,0.1427,11.0
2025-26,ESP1,rayo vallecano,2025-12-07 17:30:00,29301,0.1241,12.0
2025-26,ESP1,rayo vallecano,2025-12-15 20:00:00,29313,0.1925,12.0
2025-26,ESP1,rayo vallecano,2025-12-21 17:30:00,29320,0.247,14.0
2025-26,ESP1,rayo vallecano,2026-01-02 20:00:00,29335,0.1429,12.0
2025-26,ESP1,rayo vallecano,2026-01-11 13:00:00,29347,0.0605,13.0
2025-26,ESP1,rayo vallecano,2026-01-18 17:30:00,29353,0.0264,12.0
2025-26,ESP1,rayo vallecano,2026-01-24 13:00:00,29366,0.0262,13.0
2025-26,ESP1,rayo vallecano,2026-02-01 13:00:00,29377,0.0533,13.0
2025-26,ESP1,rayo vallecano,2026-02-15 15:15:00,29394,0.0559,13.0
2025-26,ESP1,rayo vallecano,2026-02-21 15:15:00,29402,0.083,12.0
2025-26,ESP1,rayo vallecano,2026-02-28 13:00:00,29413,0.0724,13.0
2025-26,ESP1,rayo vallecano,2026-03-04 18:00:00,29385,0.05,12.0
2025-26,ESP1,rayo vallecano,2026-03-08 17:30:00,29427,0.0586,12.0
2025-26,ESP1,rayo vallecano,2026-03-16 20:00:00,29436,0.0837,13.0
2025-26,ESP1,rayo vallecano,2026-03-22 13:00:00,29441,0.1559,13.0
2025-26,ESP1,rayo vallecano,2026-04-03 19:00:00,29456,0.0949,11.0
2025-26,ESP1,rayo vallecano,2026-04-12 14:15:00,29466,0.1375,14.0
2025-26,ESP1,rayo vallecano,2026-04-23 18:00:00,29486,0.2116,11.0
2025-26,ESP1,rayo vallecano,2026-04-26 12:00:00,29475,0.2031,12.0
2025-26,ESP1,rayo vallecano,2026-05-03 14:15:00,29496,0.2467,14.0
2025-26,ESP1,rayo vallecano,2026-05-11 19:00:00,29507,0.2324,13.0
2025-26,ESP1,rayo vallecano,2026-05-14 17:00:00,29515,0.2071,14.0
2025-26,ESP1,rayo vallecano,2026-05-17 17:00:00,29526,0.1103,12.0
2025-26,ESP1,rayo vallecano,2026-05-23 19:00:00,29528,0.3214,13.0
2025-26,ESP1,real betis,2025-08-18 19:00:00,29166,0.0146,11.0
2025-26,ESP1,real betis,2025-08-22 19:30:00,29168,0.0388,12.0
2025-26,ESP1,real betis,2025-08-27 19:00:00,29178,0.0276,13.0
2025-26,ESP1,real betis,2025-08-31 17:00:00,29186,-0.0076,11.0
2025-26,ESP1,real betis,2025-09-14 14:15:00,29191,-0.0085,10.0
2025-26,ESP1,real betis,2025-09-19 19:00:00,29200,0.0388,13.0
2025-26,ESP1,real betis,2025-09-28 19:00:00,29221,0.0799,11.0
2025-26,ESP1,real betis,2025-10-05 16:30:00,29234,0.1206,10.0
2025-26,ESP1,real betis,2025-10-18 16:30:00,29245,0.099,11.0
2025-26,ESP1,real betis,2025-10-27 20:00:00,29253,0.0582,14.0
2025-26,ESP1,real betis,2025-11-02 20:00:00,29261,0.0611,13.0
2025-26,ESP1,real betis,2025-11-09 17:30:00,29275,0.0802,11.0
2025-26,ESP1,real betis,2025-11-23 15:15:00,29279,0.0396,14.0
2025-26,ESP1,real betis,2025-11-30 15:15:00,29296,0.047,11.0
2025-26,ESP1,real betis,2025-12-06 17:30:00,29302,0.0231,12.0
2025-26,ESP1,real betis,2025-12-15 20:00:00,29313,0.0357,13.0
2025-26,ESP1,real betis,2025-12-21 20:00:00,29319,0.0194,13.0
2025-26,ESP1,real betis,2026-01-04 15:15:00,29334,0.0903,14.0
2025-26,ESP1,real betis,2026-01-10 13:00:00,29343,0.0983,12.0
2025-26,ESP1,real betis,2026-01-17 20:00:00,29352,0.0741,13.0
2025-26,ESP1,real betis,2026-01-25 20:00:00,29359,0.138,14.0
2025-26,ESP1,real betis,2026-02-01 15:15:00,29368,0.1195,12.0
2025-26,ESP1,real betis,2026-02-08 17:30:00,29380,0.209,11.0
2025-26,ESP1,real betis,2026-02-15 20:00:00,29396,0.1471,12.0
2025-26,ESP1,real betis,2026-02-21 15:15:00,29402,0.1506,14.0
2025-26,ESP1,real betis,2026-03-01 17:30:00,29409,0.0954,11.0
2025-26,ESP1,real betis,2026-03-08 15:15:00,29423,0.0778,13.0
2025-26,ESP1,real betis,2026-03-15 17:30:00,29431,0.0507,11.0
2025-26,ESP1,real betis,2026-03-22 17:30:00,29439,0.0681,14.0
2025-26,ESP1,real betis,2026-04-04 16:30:00,29450,0.0734,12.0
2025-26,ESP1,real betis,2026-04-12 12:00:00,29460,0.0796,13.0
2025-26,ESP1,real betis,2026-04-21 19:30:00,29485,0.0674,13.0
2025-26,ESP1,real betis,2026-04-24 19:00:00,29474,0.0602,14.0
2025-26,ESP1,real betis,2026-05-03 16:30:00,29492,0.0532,13.0
2025-26,ESP1,real betis,2026-05-09 19:00:00,29504,0.0457,14.0
2025-26,ESP1,real betis,2026-05-12 18:00:00,29509,0.0668,11.0
2025-26,ESP1,real betis,2026-05-17 17:00:00,29519,0.0637,13.0
2025-26,ESP1,real betis,2026-05-23 19:00:00,29529,0.0307,10.0
2025-26,ESP1,real madrid,2025-08-19 19:00:00,29167,-0.0363,10.0
2025-26,ESP1,real madrid,2025-08-24 19:30:00,29175,-0.0678,10.0
2025-26,ESP1,real madrid,2025-08-30 19:30:00,29184,-0.0569,12.0
2025-26,ESP1,real madrid,2025-09-13 14:15:00,29195,-0.1039,11.0
2025-26,ESP1,real madrid,2025-09-20 14:15:00,29206,-0.0185,11.0
2025-26,ESP1,real madrid,2025-09-23 19:30:00,29210,-0.0529,11.0
2025-26,ESP1,real madrid,2025-09-27 14:15:00,29219,-0.0585,12.0
2025-26,ESP1,real madrid,2025-10-04 19:00:00,29231,-0.0281,12.0
2025-26,ESP1,real madrid,2025-10-19 19:00:00,29242,-0.0161,12.0
2025-26,ESP1,real madrid,2025-10-26 15:15:00,29254,0.0746,11.0
2025-26,ESP1,real madrid,2025-11-01 20:00:00,29263,0.1223,12.0
2025-26,ESP1,real madrid,2025-11-09 15:15:00,29272,0.0975,11.0
2025-26,ESP1,real madrid,2025-11-23 20:00:00,29280,0.0313,13.0
2025-26,ESP1,real madrid,2025-11-30 20:00:00,29290,0.0482,12.0
2025-26,ESP1,real madrid,2025-12-03 18:00:00,29338,-0.0254,14.0
2025-26,ESP1,real madrid,2025-12-07 20:00:00,29303,-0.0642,12.0
2025-26,ESP1,real madrid,2025-12-14 20:00:00,29308,-0.0896,9.0
2025-26,ESP1,real madrid,2025-12-20 20:00:00,29322,-0.0659,11.0
2025-26,ESP1,real madrid,2026-01-04 15:15:00,29334,0.0194,12.0
2025-26,ESP1,real madrid,2026-01-17 13:00:00,29351,0.0088,12.0
2025-26,ESP1,real madrid,2026-01-24 20:00:00,29367,0.0686,10.0
2025-26,ESP1,real madrid,2026-02-01 13:00:00,29377,0.0436,14.0
2025-26,ESP1,real madrid,2026-02-08 20:00:00,29387,0.0508,10.0
2025-26,ESP1,real madrid,2026-02-14 20:00:00,29391,0.0091,13.0
2025-26,ESP1,real madrid,2026-02-21 17:30:00,29405,-0.0383,11.0
2025-26,ESP1,real madrid,2026-03-02 20:00:00,29416,-0.0125,12.0
2025-26,ESP1,real madrid,2026-03-06 20:00:00,29420,-0.0701,11.0
2025-26,ESP1,real madrid,2026-03-14 20:00:00,29434,-0.0817,11.0
2025-26,ESP1,real madrid,2026-03-22 20:00:00,29446,-0.05,12.0
2025-26,ESP1,real madrid,2026-04-04 14:15:00,29452,-0.005,12.0
2025-26,ESP1,real madrid,2026-04-10 19:00:00,29462,-0.111,13.0
2025-26,ESP1,real madrid,2026-04-21 19:30:00,29483,-0.031,13.0
2025-26,ESP1,real madrid,2026-04-24 19:00:00,29474,-0.0651,11.0
2025-26,ESP1,real madrid,2026-05-03 19:00:00,29494,-0.0489,13.0
2025-26,ESP1,real madrid,2026-05-10 19:00:00,29500,-0.0504,11.0
2025-26,ESP1,real madrid,2026-05-14 19:30:00,29517,-0.039,12.0
2025-26,ESP1,real madrid,2026-05-17 17:00:00,29524,-0.1034,12.0
2025-26,ESP1,real madrid,2026-05-23 19:00:00,29532,-0.0098,11.0
2025-26,ESP1,real oviedo,2025-08-15 19:30:00,29159,0.1492,4.0
2025-26,ESP1,real oviedo,2025-08-24 19:30:00,29175,0.1134,5.0
2025-26,ESP1,real oviedo,2025-08-30 17:00:00,29182,0.0156,10.0
2025-26,ESP1,real oviedo,2025-09-13 12:00:00,29190,-0.0259,9.0
2025-26,ESP1,real oviedo,2025-09-21 16:30:00,29201,0.0283,10.0
2025-26,ESP1,real oviedo,2025-09-25 19:30:00,29213,0.0725,11.0
2025-26,ESP1,real oviedo,2025-09-29 19:00:00,29218,0.034,11.0
2025-26,ESP1,real oviedo,2025-10-04 12:00:00,29236,0.0372,12.0
2025-26,ESP1,real oviedo,2025-10-17 19:00:00,29246,0.0078,14.0
2025-26,ESP1,real oviedo,2025-10-25 12:00:00,29249,0.0168,13.0
2025-26,ESP1,real oviedo,2025-11-03 20:00:00,29266,0.0446,10.0
2025-26,ESP1,real oviedo,2025-11-09 13:00:00,29268,0.0485,11.0
2025-26,ESP1,real oviedo,2025-11-23 13:00:00,29283,0.0141,9.0
2025-26,ESP1,real oviedo,2025-11-29 20:00:00,29288,0.004,11.0
2025-26,ESP1,real oviedo,2025-12-05 20:00:00,29306,-0.004,9.0
2025-26,ESP1,real oviedo,2025-12-14 13:00:00,29317,0.0113,12.0
2025-26,ESP1,real oviedo,2025-12-20 13:00:00,29326,0.0437,10.0
2025-26,ESP1,real oviedo,2026-01-04 17:30:00,29328,0.0052,11.0
2025-26,ESP1,real oviedo,2026-01-10 13:00:00,29343,0.0525,10.0
2025-26,ESP1,real oviedo,2026-01-17 17:30:00,29357,0.0483,11.0
2025-26,ESP1,real oviedo,2026-01-25 15:15:00,29361,0.0751,11.0
2025-26,ESP1,real oviedo,2026-01-31 13:00:00,29375,0.0703,11.0
2025-26,ESP1,real oviedo,2026-02-15 13:00:00,29393,0.0882,10.0
2025-26,ESP1,real oviedo,2026-02-21 13:00:00,29407,0.0949,11.0
2025-26,ESP1,real oviedo,2026-02-28 20:00:00,29414,0.0933,12.0
2025-26,ESP1,real oviedo,2026-03-04 18:00:00,29385,0.0849,12.0
2025-26,ESP1,real oviedo,2026-03-09 20:00:00,29421,0.0802,12.0
2025-26,ESP1,real oviedo,2026-03-14 17:30:00,29432,0.0623,12.0
2025-26,ESP1,real oviedo,2026-03-21 17:30:00,29443,0.0621,11.0
2025-26,ESP1,real oviedo,2026-04-05 16:30:00,29453,0.0898,12.0
2025-26,ESP1,real oviedo,2026-04-12 16:30:00,29467,0.0411,12.0
2025-26,ESP1,real oviedo,2026-04-23 19:30:00,29482,0.0577,11.0
2025-26,ESP1,real oviedo,2026-04-26 14:15:00,29471,0.1127,12.0
2025-26,ESP1,real oviedo,2026-05-03 16:30:00,29492,0.0762,11.0
2025-26,ESP1,real oviedo,2026-05-10 16:30:00,29506,0.0799,10.0
2025-26,ESP1,real oviedo,2026-05-14 19:30:00,29517,0.0344,12.0
2025-26,ESP1,real oviedo,2026-05-17 17:00:00,29522,0.0387,12.0
2025-26,ESP1,real oviedo,2026-05-23 19:00:00,29537,0.0354,12.0
2025-26,ESP1,real sociedad,2025-08-16 19:30:00,29162,-0.0104,11.0
2025-26,ESP1,real sociedad,2025-08-24 17:30:00,29174,0.0391,12.0
2025-26,ESP1,real sociedad,2025-08-30 17:00:00,29182,0.022,12.0
2025-26,ESP1,real sociedad,2025-09-13 14:15:00,29195,0.0375,13.0
2025-26,ESP1,real sociedad,2025-09-19 19:00:00,29200,0.1264,15.0
2025-26,ESP1,real sociedad,2025-09-24 19:30:00,29215,0.0893,13.0
2025-26,ESP1,real sociedad,2025-09-28 16:30:00,29220,0.0679,14.0
2025-26,ESP1,real sociedad,2025-10-05 16:30:00,29237,0.1185,12.0
2025-26,ESP1,real sociedad,2025-10-19 14:15:00,29241,0.0678,15.0
2025-26,ESP1,real sociedad,2025-10-24 19:00:00,29250,0.0762,14.0
2025-26,ESP1,real sociedad,2025-11-01 17:30:00,29264,0.0379,13.0
2025-26,ESP1,real sociedad,2025-11-07 20:00:00,29270,0.086,14.0
2025-26,ESP1,real sociedad,2025-11-22 17:30:00,29282,0.0684,14.0
2025-26,ESP1,real sociedad,2025-11-30 13:00:00,29293,0.1121,11.0
2025-26,ESP1,real sociedad,2025-12-06 15:15:00,29298,0.0718,12.0
2025-26,ESP1,real sociedad,2025-12-12 20:00:00,29316,0.0292,14.0
2025-26,ESP1,real sociedad,2025-12-20 15:15:00,29321,0.0595,12.0
2025-26,ESP1,real sociedad,2026-01-04 20:00:00,29332,0.044,12.0
2025-26,ESP1,real sociedad,2026-01-09 20:00:00,29339,0.0691,13.0
2025-26,ESP1,real sociedad,2026-01-18 20:00:00,29350,0.0533,14.0
2025-26,ESP1,real sociedad,2026-01-25 17:30:00,29362,0.0617,13.0
2025-26,ESP1,real sociedad,2026-02-01 20:00:00,29376,0.0303,12.0
2025-26,ESP1,real sociedad,2026-02-07 20:00:00,29383,0.0586,12.0
2025-26,ESP1,real sociedad,2026-02-14 20:00:00,29391,0.003,12.0
2025-26,ESP1,real sociedad,2026-02-21 13:00:00,29407,0.024,13.0
2025-26,ESP1,real sociedad,2026-02-28 17:30:00,29411,0.089,12.0
2025-26,ESP1,real sociedad,2026-03-07 17:30:00,29419,0.048,14.0
2025-26,ESP1,real sociedad,2026-03-15 20:00:00,29437,0.0293,12.0
2025-26,ESP1,real sociedad,2026-03-20 20:00:00,29438,0.0449,13.0
2025-26,ESP1,real sociedad,2026-04-04 12:00:00,29457,0.0377,13.0
2025-26,ESP1,real sociedad,2026-04-11 12:00:00,29464,0.0914,12.0
2025-26,ESP1,real sociedad,2026-04-22 18:00:00,29487,0.157,12.0
2025-26,ESP1,real sociedad,2026-04-26 12:00:00,29475,0.0696,13.0
2025-26,ESP1,real sociedad,2026-05-04 19:00:00,29490,0.1111,12.0
2025-26,ESP1,real sociedad,2026-05-09 19:00:00,29504,0.085,11.0
2025-26,ESP1,real sociedad,2026-05-14 18:00:00,29512,0.0392,12.0
2025-26,ESP1,real sociedad,2026-05-17 17:00:00,29521,0.1397,12.0
2025-26,ESP1,real sociedad,2026-05-23 19:00:00,29531,-0.0371,12.0
2025-26,ESP1,sevilla,2025-08-17 17:30:00,29164,0.0805,10.0
2025-26,ESP1,sevilla,2025-08-25 19:30:00,29177,0.0616,11.0
2025-26,ESP1,sevilla,2025-08-30 17:30:00,29183,0.0744,9.0
2025-26,ESP1,sevilla,2025-09-12 19:00:00,29189,0.0648,9.0
2025-26,ESP1,sevilla,2025-09-20 16:30:00,29208,0.0513,9.0
2025-26,ESP1,sevilla,2025-09-23 19:30:00,29211,0.004,12.0
2025-26,ESP1,sevilla,2025-09-28 12:00:00,29223,0.0195,12.0
2025-26,ESP1,sevilla,2025-10-05 14:15:00,29233,-0.0237,11.0
2025-26,ESP1,sevilla,2025-10-18 12:00:00,29247,0.058,12.0
2025-26,ESP1,sevilla,2025-10-24 19:00:00,29250,0.0661,12.0
2025-26,ESP1,sevilla,2025-11-01 15:15:00,29259,0.0324,11.0
2025-26,ESP1,sevilla,2025-11-08 15:15:00,29277,0.0599,10.0
2025-26,ESP1,sevilla,2025-11-24 20:00:00,29281,0.0475,14.0
2025-26,ESP1,sevilla,2025-11-30 15:15:00,29296,0.0294,13.0
2025-26,ESP1,sevilla,2025-12-07 15:15:00,29307,-0.065,7.0
2025-26,ESP1,sevilla,2025-12-14 13:00:00,29317,-0.0634,8.0
2025-26,ESP1,sevilla,2025-12-20 20:00:00,29322,0.0006,10.0
2025-26,ESP1,sevilla,2026-01-04 13:00:00,29337,-0.0117,10.0
2025-26,ESP1,sevilla,2026-01-12 20:00:00,29344,0.0242,10.0
2025-26,ESP1,sevilla,2026-01-19 20:00:00,29354,0.0471,11.0
2025-26,ESP1,sevilla,2026-01-24 17:30:00,29358,0.1489,10.0
2025-26,ESP1,sevilla,2026-02-02 20:00:00,29369,0.1018,11.0
2025-26,ESP1,sevilla,2026-02-08 15:15:00,29386,0.0833,13.0
2025-26,ESP1,sevilla,2026-02-14 17:30:00,29392,0.1016,12.0
2025-26,ESP1,sevilla,2026-02-22 13:00:00,29404,0.0611,11.0
2025-26,ESP1,sevilla,2026-03-01 17:30:00,29409,0.0605,12.0
2025-26,ESP1,sevilla,2026-03-08 17:30:00,29427,-0.0086,10.0
2025-26,ESP1,sevilla,2026-03-15 15:15:00,29430,-0.0261,10.0
2025-26,ESP1,sevilla,2026-03-21 20:00:00,29444,-0.032,13.0
2025-26,ESP1,sevilla,2026-04-05 16:30:00,29453,-0.045,10.0
2025-26,ESP1,sevilla,2026-04-11 19:00:00,29463,-0.0583,10.0
2025-26,ESP1,sevilla,2026-04-23 17:00:00,29480,-0.0149,11.0
2025-26,ESP1,sevilla,2026-04-26 16:30:00,29476,-0.0658,9.0
2025-26,ESP1,sevilla,2026-05-04 19:00:00,29490,-0.0582,10.0
2025-26,ESP1,sevilla,2026-05-09 14:15:00,29505,-0.0408,12.0
2025-26,ESP1,sevilla,2026-05-13 17:00:00,29516,-0.0251,10.0
2025-26,ESP1,sevilla,2026-05-17 17:00:00,29524,-0.0089,12.0
2025-26,ESP1,sevilla,2026-05-23 19:00:00,29530,-0.0299,13.0
2025-26,ESP1,valencia,2025-08-16 19:30:00,29162,0.0107,9.0
2025-26,ESP1,valencia,2025-08-24 15:00:00,29172,0.0194,9.0
2025-26,ESP1,valencia,2025-08-29 19:30:00,29180,0.0161,10.0
2025-26,ESP1,valencia,2025-09-14 19:00:00,29194,0.0094,12.0
2025-26,ESP1,valencia,2025-09-20 19:00:00,29203,-0.0069,11.0
2025-26,ESP1,valencia,2025-09-23 17:00:00,29209,0.0722,13.0
2025-26,ESP1,valencia,2025-09-29 19:00:00,29218,0.0564,11.0
2025-26,ESP1,valencia,2025-10-04 14:15:00,29230,0.0391,12.0
2025-26,ESP1,valencia,2025-10-20 19:00:00,29238,0.1036,11.0
2025-26,ESP1,valencia,2025-10-25 19:00:00,29251,0.0587,11.0
2025-26,ESP1,valencia,2025-11-01 20:00:00,29263,0.048,12.0
2025-26,ESP1,valencia,2025-11-09 17:30:00,29275,-0.0258,12.0
2025-26,ESP1,valencia,2025-11-21 20:00:00,29286,-0.0098,10.0
2025-26,ESP1,valencia,2025-12-01 20:00:00,29292,0.025,11.0
2025-26,ESP1,valencia,2025-12-07 15:15:00,29307,0.0001,13.0
2025-26,ESP1,valencia,2025-12-13 13:00:00,29309,0.0259,13.0
2025-26,ESP1,valencia,2025-12-19 20:00:00,29327,0.0564,12.0
2025-26,ESP1,valencia,2026-01-03 13:00:00,29329,0.0573,13.0
2025-26,ESP1,valencia,2026-01-10 20:00:00,29345,0.0732,11.0
2025-26,ESP1,valencia,2026-01-18 13:00:00,29356,0.0628,11.0
2025-26,ESP1,valencia,2026-01-24 15:15:00,29364,0.0475,11.0
2025-26,ESP1,valencia,2026-02-01 15:15:00,29368,0.0578,12.0
2025-26,ESP1,valencia,2026-02-08 20:00:00,29387,0.0429,10.0
2025-26,ESP1,valencia,2026-02-15 17:30:00,29390,-0.0003,12.0
2025-26,ESP1,valencia,2026-02-22 20:00:00,29406,-0.0001,11.0
2025-26,ESP1,valencia,2026-03-01 15:15:00,29417,0.0351,12.0
2025-26,ESP1,valencia,2026-03-08 20:00:00,29422,0.0376,11.0
2025-26,ESP1,valencia,2026-03-14 17:30:00,29432,0.0755,13.0
2025-26,ESP1,valencia,2026-03-21 20:00:00,29444,0.0869,13.0
2025-26,ESP1,valencia,2026-04-05 14:15:00,29454,0.1107,14.0
2025-26,ESP1,valencia,2026-04-11 14:15:00,29465,0.0691,13.0
2025-26,ESP1,valencia,2026-04-21 18:00:00,29481,0.0601,11.0
2025-26,ESP1,valencia,2026-04-25 16:30:00,29472,0.0894,12.0
2025-26,ESP1,valencia,2026-05-02 14:15:00,29495,0.1663,12.0
2025-26,ESP1,valencia,2026-05-10 14:15:00,29498,0.0829,12.0
2025-26,ESP1,valencia,2026-05-14 17:00:00,29515,0.1037,14.0
2025-26,ESP1,valencia,2026-05-17 17:00:00,29521,0.1418,14.0
2025-26,ESP1,valencia,2026-05-23 19:00:00,29534,0.1923,11.0
2025-26,ESP1,villarreal,2025-08-15 19:30:00,29159,0.123,9.0
2025-26,ESP1,villarreal,2025-08-24 17:30:00,29173,0.1562,11.0
2025-26,ESP1,villarreal,2025-08-31 15:00:00,29185,0.104,10.0
2025-26,ESP1,villarreal,2025-09-13 19:00:00,29193,0.0741,10.0
2025-26,ESP1,villarreal,2025-09-20 16:30:00,29207,0.0733,11.0
2025-26,ESP1,villarreal,2025-09-23 19:30:00,29211,0.0545,10.0
2025-26,ESP1,villarreal,2025-09-27 19:00:00,29225,0.2245,13.0
2025-26,ESP1,villarreal,2025-10-04 19:00:00,29231,0.1496,10.0
2025-26,ESP1,villarreal,2025-10-18 16:30:00,29245,0.0786,12.0
2025-26,ESP1,villarreal,2025-10-25 19:00:00,29251,0.1698,10.0
2025-26,ESP1,villarreal,2025-11-01 13:00:00,29267,0.1127,13.0
2025-26,ESP1,villarreal,2025-11-08 20:00:00,29271,0.108,10.0
2025-26,ESP1,villarreal,2025-11-22 20:00:00,29287,0.1616,11.0
2025-26,ESP1,villarreal,2025-11-30 13:00:00,29293,0.1224,9.0
2025-26,ESP1,villarreal,2025-12-06 13:00:00,29304,0.0993,11.0
2025-26,ESP1,villarreal,2025-12-21 15:15:00,29325,0.1046,11.0
2025-26,ESP1,villarreal,2026-01-03 17:30:00,29330,0.1766,12.0
2025-26,ESP1,villarreal,2026-01-10 15:15:00,29341,0.1567,12.0
2025-26,ESP1,villarreal,2026-01-17 20:00:00,29352,0.1585,12.0
2025-26,ESP1,villarreal,2026-01-24 20:00:00,29367,0.1114,13.0
2025-26,ESP1,villarreal,2026-01-31 15:15:00,29370,0.1563,10.0
2025-26,ESP1,villarreal,2026-02-09 20:00:00,29384,0.1115,11.0
2025-26,ESP1,villarreal,2026-02-14 15:15:00,29389,0.0715,9.0
2025-26,ESP1,villarreal,2026-02-18 19:00:00,29311,0.1228,10.0
2025-26,ESP1,villarreal,2026-02-22 20:00:00,29406,0.0993,10.0
2025-26,ESP1,villarreal,2026-02-28 15:15:00,29408,0.0652,9.0
2025-26,ESP1,villarreal,2026-03-08 13:00:00,29424,0.1072,13.0
2025-26,ESP1,villarreal,2026-03-13 20:00:00,29428,0.1503,10.0
2025-26,ESP1,villarreal,2026-03-20 20:00:00,29438,0.1524,9.0
2025-26,ESP1,villarreal,2026-04-06 19:00:00,29451,0.1031,9.0
2025-26,ESP1,villarreal,2026-04-12 19:00:00,29458,0.0577,11.0
2025-26,ESP1,villarreal,2026-04-23 19:30:00,29482,0.0112,13.0
2025-26,ESP1,villarreal,2026-04-26 19:00:00,29470,0.0538,7.0
2025-26,ESP1,villarreal,2026-05-02 12:00:00,29489,0.028,11.0
2025-26,ESP1,villarreal,2026-05-10 12:00:00,29502,0.0249,15.0
2025-26,ESP1,villarreal,2026-05-13 17:00:00,29516,0.0186,11.0
2025-26,ESP1,villarreal,2026-05-17 17:00:00,29526,0.0207,14.0
2025-26,ESP1,villarreal,2026-05-24 19:00:00,29533,0.0809,11.0
2025-26,GER1,augsburg,2025-08-23 13:30:00,30229,0.0685,11.0
2025-26,GER1,augsburg,2025-08-30 16:30:00,30238,0.0963,12.0
2025-26,GER1,augsburg,2025-09-14 13:30:00,30249,0.0583,14.0
2025-26,GER1,augsburg,2025-09-20 13:30:00,30253,0.0512,16.0
2025-26,GER1,augsburg,2025-09-27 13:30:00,30261,0.0171,15.0
2025-26,GER1,augsburg,2025-10-04 13:30:00,30276,-0.0377,12.0
2025-26,GER1,augsburg,2025-10-18 13:30:00,30279,-0.0026,13.0
2025-26,GER1,augsburg,2025-10-25 13:30:00,30287,-0.0242,14.0
2025-26,GER1,augsburg,2025-10-31 19:30:00,30296,-0.0205,13.0
2025-26,GER1,augsburg,2025-11-09 16:30:00,30311,-0.0333,13.0
2025-26,GER1,augsburg,2025-11-22 14:30:00,30314,0.0189,14.0
2025-26,GER1,augsburg,2025-11-29 14:30:00,30329,0.0653,15.0
2025-26,GER1,augsburg,2025-12-06 14:30:00,30334,-0.0057,14.0
2025-26,GER1,augsburg,2025-12-13 14:30:00,30344,0.0431,12.0
2025-26,GER1,augsburg,2025-12-20 14:30:00,30350,-0.004,14.0
2025-26,GER1,augsburg,2026-01-11 14:30:00,30361,0.0577,15.0
2025-26,GER1,augsburg,2026-01-15 19:30:00,30368,-0.0023,12.0
2025-26,GER1,augsburg,2026-01-18 16:30:00,30377,-0.0383,14.0
2025-26,GER1,augsburg,2026-01-24 14:30:00,30387,0.0133,14.0
2025-26,GER1,augsburg,2026-01-31 14:30:00,30395,-0.0318,15.0
2025-26,GER1,augsburg,2026-02-07 14:30:00,30409,0.0423,14.0
2025-26,GER1,augsburg,2026-02-15 14:30:00,30413,0.0555,14.0
2025-26,GER1,augsburg,2026-02-21 14:30:00,30430,0.0808,14.0
2025-26,GER1,augsburg,2026-02-27 19:30:00,30431,0.0423,13.0
2025-26,GER1,augsburg,2026-03-07 14:30:00,30445,0.0245,13.0
2025-26,GER1,augsburg,2026-03-14 14:30:00,30451,0.0686,14.0
2025-26,GER1,augsburg,2026-03-22 18:30:00,30458,0.0567,15.0
2025-26,GER1,augsburg,2026-04-04 13:30:00,30471,0.146,11.0
2025-26,GER1,augsburg,2026-04-10 18:30:00,30476,0.1625,13.0
2025-26,GER1,augsburg,2026-04-18 13:30:00,30485,0.0966,12.0
2025-26,GER1,augsburg,2026-04-25 13:30:00,30494,0.115,14.0
2025-26,GER1,augsburg,2026-05-02 13:30:00,30511,0.0797,16.0
2025-26,GER1,augsburg,2026-05-09 13:30:00,30512,0.1869,14.0
2025-26,GER1,augsburg,2026-05-16 13:30:00,30528,0.1987,15.0
2025-26,GER1,bayer leverkusen,2025-08-23 13:30:00,30226,-0.0539,11.0
2025-26,GER1,bayer leverkusen,2025-08-30 13:30:00,30236,0.0258,11.0
2025-26,GER1,bayer leverkusen,2025-09-12 18:30:00,30242,-0.0358,12.0
2025-26,GER1,bayer leverkusen,2025-09-21 15:30:00,30258,-0.0029,11.0
2025-26,GER1,bayer leverkusen,2025-09-27 13:30:00,30263,-0.0142,13.0
2025-26,GER1,bayer leverkusen,2025-10-04 13:30:00,30269,-0.0452,14.0
2025-26,GER1,bayer leverkusen,2025-10-18 13:30:00,30282,-0.0547,12.0
2025-26,GER1,bayer leverkusen,2025-10-26 13:30:00,30288,0.023,15.0
2025-26,GER1,bayer leverkusen,2025-11-01 17:30:00,30297,0.0374,15.0
2025-26,GER1,bayer leverkusen,2025-11-08 14:30:00,30305,0.0728,14.0
2025-26,GER1,bayer leverkusen,2025-11-22 14:30:00,30322,0.1007,15.0
2025-26,GER1,bayer leverkusen,2025-11-29 17:30:00,30323,0.113,14.0
2025-26,GER1,bayer leverkusen,2025-12-06 14:30:00,30334,0.0573,14.0
2025-26,GER1,bayer leverkusen,2025-12-13 17:30:00,30341,0.0304,14.0
2025-26,GER1,bayer leverkusen,2025-12-20 17:30:00,30356,0.0296,14.0
2025-26,GER1,bayer leverkusen,2026-01-10 17:30:00,30359,0.0429,15.0
2025-26,GER1,bayer leverkusen,2026-01-17 14:30:00,30381,0.0685,14.0
2025-26,GER1,bayer leverkusen,2026-01-24 14:30:00,30386,0.0162,15.0
2025-26,GER1,bayer leverkusen,2026-01-31 14:30:00,30397,0.0048,14.0
2025-26,GER1,bayer leverkusen,2026-02-07 17:30:00,30405,-0.0081,13.0
2025-26,GER1,bayer leverkusen,2026-02-14 14:30:00,30414,-0.0162,15.0
2025-26,GER1,bayer leverkusen,2026-02-21 14:30:00,30429,0.0085,15.0
2025-26,GER1,bayer leverkusen,2026-02-28 14:30:00,30432,-0.0179,15.0
2025-26,GER1,bayer leverkusen,2026-03-04 19:30:00,30371,0.1066,11.0
2025-26,GER1,bayer leverkusen,2026-03-07 14:30:00,30442,0.1006,13.0
2025-26,GER1,bayer leverkusen,2026-03-14 14:30:00,30449,0.2242,13.0
2025-26,GER1,bayer leverkusen,2026-03-21 14:30:00,30462,0.2028,12.0
2025-26,GER1,bayer leverkusen,2026-04-04 13:30:00,30467,0.188,12.0
2025-26,GER1,bayer leverkusen,2026-04-11 13:30:00,30477,0.161,14.0
2025-26,GER1,bayer leverkusen,2026-04-18 13:30:00,30485,0.1438,13.0
2025-26,GER1,bayer leverkusen,2026-04-25 13:30:00,30496,0.1223,14.0
2025-26,GER1,bayer leverkusen,2026-05-02 16:30:00,30503,0.0825,13.0
2025-26,GER1,bayer leverkusen,2026-05-09 13:30:00,30519,0.2176,13.0
2025-26,GER1,bayer leverkusen,2026-05-16 13:30:00,30521,0.1415,13.0
2025-26,GER1,bayern munich,2025-08-22 18:30:00,30224,0.0515,13.0
2025-26,GER1,bayern munich,2025-08-30 16:30:00,30238,0.0552,12.0
2025-26,GER1,bayern munich,2025-09-13 16:30:00,30248,0.0028,13.0
2025-26,GER1,bayern munich,2025-09-20 13:30:00,30255,0.0985,14.0
2025-26,GER1,bayern munich,2025-09-26 18:30:00,30260,0.1065,12.0
2025-26,GER1,bayern munich,2025-10-04 16:30:00,30272,0.109,12.0
2025-26,GER1,bayern munich,2025-10-18 16:30:00,30278,-0.0037,11.0
2025-26,GER1,bayern munich,2025-10-25 13:30:00,30289,0.0462,13.0
2025-26,GER1,bayern munich,2025-11-01 17:30:00,30297,0.0733,15.0
2025-26,GER1,bayern munich,2025-11-08 14:30:00,30312,-0.0087,11.0
2025-26,GER1,bayern munich,2025-11-22 14:30:00,30315,0.0016,13.0
2025-26,GER1,bayern munich,2025-11-29 14:30:00,30324,-0.0003,15.0
2025-26,GER1,bayern munich,2025-12-06 14:30:00,30332,0.0387,14.0
2025-26,GER1,bayern munich,2025-12-14 16:30:00,30342,0.031,15.0
2025-26,GER1,bayern munich,2025-12-21 16:30:00,30354,0.1239,12.0
2025-26,GER1,bayern munich,2026-01-11 16:30:00,30360,0.1119,12.0
2025-26,GER1,bayern munich,2026-01-14 19:30:00,30370,0.1118,12.0
2025-26,GER1,bayern munich,2026-01-17 17:30:00,30382,0.1355,12.0
2025-26,GER1,bayern munich,2026-01-24 14:30:00,30387,0.1895,13.0
2025-26,GER1,bayern munich,2026-01-31 17:30:00,30399,0.1503,13.0
2025-26,GER1,bayern munich,2026-02-08 16:30:00,30404,0.1608,14.0
2025-26,GER1,bayern munich,2026-02-14 14:30:00,30421,0.1751,15.0
2025-26,GER1,bayern munich,2026-02-21 14:30:00,30422,0.2058,12.0
2025-26,GER1,bayern munich,2026-02-28 17:30:00,30434,0.2064,11.0
2025-26,GER1,bayern munich,2026-03-06 19:30:00,30440,0.1484,13.0
2025-26,GER1,bayern munich,2026-03-14 14:30:00,30449,0.1594,12.0
2025-26,GER1,bayern munich,2026-03-21 14:30:00,30459,0.0289,13.0
2025-26,GER1,bayern munich,2026-04-04 13:30:00,30470,0.0403,15.0
2025-26,GER1,bayern munich,2026-04-11 16:30:00,30482,0.1388,15.0
2025-26,GER1,bayern munich,2026-04-19 15:30:00,30486,0.1353,14.0
2025-26,GER1,bayern munich,2026-04-25 13:30:00,30499,0.2046,14.0
2025-26,GER1,bayern munich,2026-05-02 13:30:00,30504,0.0974,16.0
2025-26,GER1,bayern munich,2026-05-09 16:30:00,30520,0.1586,14.0
2025-26,GER1,bayern munich,2026-05-16 13:30:00,30522,0.0895,14.0
2025-26,GER1,borussia dortmund,2025-08-23 16:30:00,30230,0.0498,11.0
2025-26,GER1,borussia dortmund,2025-08-31 15:30:00,30240,0.0548,11.0
2025-26,GER1,borussia dortmund,2025-09-13 13:30:00,30244,0.1098,14.0
2025-26,GER1,borussia dortmund,2025-09-21 17:30:00,30259,0.1292,12.0
2025-26,GER1,borussia dortmund,2025-09-27 13:30:00,30262,0.0422,15.0
2025-26,GER1,borussia dortmund,2025-10-04 13:30:00,30271,0.0143,14.0
2025-26,GER1,borussia dortmund,2025-10-18 16:30:00,30278,-0.0116,14.0
2025-26,GER1,borussia dortmund,2025-10-25 16:30:00,30290,-0.0169,14.0
2025-26,GER1,borussia dortmund,2025-10-31 19:30:00,30296,-0.016,14.0
2025-26,GER1,borussia dortmund,2025-11-08 14:30:00,30309,-0.0555,12.0
2025-26,GER1,borussia dortmund,2025-11-22 14:30:00,30316,-0.0823,13.0
2025-26,GER1,borussia dortmund,2025-11-29 17:30:00,30323,-0.0059,12.0
2025-26,GER1,borussia dortmund,2025-12-07 16:30:00,30335,-0.0272,11.0
2025-26,GER1,borussia dortmund,2025-12-14 14:30:00,30345,-0.0542,14.0
2025-26,GER1,borussia dortmund,2025-12-19 19:30:00,30351,-0.0191,14.0
2025-26,GER1,borussia dortmund,2026-01-09 19:30:00,30362,-0.0251,14.0
2025-26,GER1,borussia dortmund,2026-01-13 19:30:00,30369,-0.0145,15.0
2025-26,GER1,borussia dortmund,2026-01-17 14:30:00,30378,0.0027,14.0
2025-26,GER1,borussia dortmund,2026-01-24 17:30:00,30394,-0.011,12.0
2025-26,GER1,borussia dortmund,2026-02-01 16:30:00,30396,0.0458,14.0
2025-26,GER1,borussia dortmund,2026-02-07 14:30:00,30412,0.0344,12.0
2025-26,GER1,borussia dortmund,2026-02-13 19:30:00,30415,-0.0062,15.0
2025-26,GER1,borussia dortmund,2026-02-21 17:30:00,30427,0.0166,15.0
2025-26,GER1,borussia dortmund,2026-02-28 17:30:00,30434,0.0845,13.0
2025-26,GER1,borussia dortmund,2026-03-07 17:30:00,30441,0.0645,13.0
2025-26,GER1,borussia dortmund,2026-03-14 14:30:00,30451,-0.0043,12.0
2025-26,GER1,borussia dortmund,2026-03-21 17:30:00,30460,0.0223,15.0
2025-26,GER1,borussia dortmund,2026-04-04 16:30:00,30473,0.1053,14.0
2025-26,GER1,borussia dortmund,2026-04-11 13:30:00,30477,0.1006,15.0
2025-26,GER1,borussia dortmund,2026-04-18 13:30:00,30490,-0.0037,14.0
2025-26,GER1,borussia dortmund,2026-04-26 15:30:00,30495,0.0271,12.0
2025-26,GER1,borussia dortmund,2026-05-03 15:30:00,30505,0.0116,14.0
2025-26,GER1,borussia dortmund,2026-05-08 18:30:00,30513,-0.0237,13.0
2025-26,GER1,borussia dortmund,2026-05-16 13:30:00,30529,-0.0732,13.0
2025-26,GER1,borussia monchengladbach,2025-08-24 15:30:00,30232,0.1315,13.0
2025-26,GER1,borussia monchengladbach,2025-08-30 13:30:00,30237,0.1323,10.0
2025-26,GER1,borussia monchengladbach,2025-09-14 15:30:00,30250,0.1754,13.0
2025-26,GER1,borussia monchengladbach,2025-09-21 15:30:00,30258,0.145,10.0
2025-26,GER1,borussia monchengladbach,2025-09-27 16:30:00,30265,0.1323,13.0
2025-26,GER1,borussia monchengladbach,2025-10-05 17:30:00,30270,0.1244,10.0
2025-26,GER1,borussia monchengladbach,2025-10-17 18:30:00,30285,0.0804,13.0
2025-26,GER1,borussia monchengladbach,2025-10-25 13:30:00,30289,0.049,12.0
2025-26,GER1,borussia monchengladbach,2025-11-01 14:30:00,30302,0.0028,11.0
2025-26,GER1,borussia monchengladbach,2025-11-08 17:30:00,30306,0.0528,12.0
2025-26,GER1,borussia monchengladbach,2025-11-22 14:30:00,30318,0.0604,11.0
2025-26,GER1,borussia monchengladbach,2025-11-28 19:30:00,30325,0.097,11.0
2025-26,GER1,borussia monchengladbach,2025-12-05 19:30:00,30339,0.1399,10.0
2025-26,GER1,borussia monchengladbach,2025-12-13 14:30:00,30343,0.1578,11.0
2025-26,GER1,borussia monchengladbach,2025-12-19 19:30:00,30351,0.0491,9.0
2025-26,GER1,borussia monchengladbach,2026-01-11 14:30:00,30361,0.0281,12.0
2025-26,GER1,borussia monchengladbach,2026-01-14 19:30:00,30372,0.0812,13.0
2025-26,GER1,borussia monchengladbach,2026-01-17 14:30:00,30380,0.0283,11.0
2025-26,GER1,borussia monchengladbach,2026-01-25 14:30:00,30388,0.0979,14.0
2025-26,GER1,borussia monchengladbach,2026-01-31 14:30:00,30403,0.0069,12.0
2025-26,GER1,borussia monchengladbach,2026-02-07 17:30:00,30405,0.0407,11.0
2025-26,GER1,borussia monchengladbach,2026-02-14 14:30:00,30416,0.0417,12.0
2025-26,GER1,borussia monchengladbach,2026-02-22 14:30:00,30424,0.0193,12.0
2025-26,GER1,borussia monchengladbach,2026-02-28 14:30:00,30433,-0.0292,11.0
2025-26,GER1,borussia monchengladbach,2026-03-06 19:30:00,30440,0.0264,14.0
2025-26,GER1,borussia monchengladbach,2026-03-13 19:30:00,30450,0.0023,14.0
2025-26,GER1,borussia monchengladbach,2026-03-21 14:30:00,30461,-0.0146,10.0
2025-26,GER1,borussia monchengladbach,2026-04-04 13:30:00,30468,0.0142,14.0
2025-26,GER1,borussia monchengladbach,2026-04-11 13:30:00,30481,0.0273,12.0
2025-26,GER1,borussia monchengladbach,2026-04-19 17:30:00,30487,0.0298,13.0
2025-26,GER1,borussia monchengladbach,2026-04-25 13:30:00,30502,0.0308,11.0
2025-26,GER1,borussia monchengladbach,2026-05-03 15:30:00,30505,-0.0055,12.0
2025-26,GER1,borussia monchengladbach,2026-05-09 13:30:00,30512,0.04,13.0
2025-26,GER1,borussia monchengladbach,2026-05-16 13:30:00,30523,0.03,13.0
2025-26,GER1,cologne,2025-08-24 13:30:00,30231,-0.0814,9.0
2025-26,GER1,cologne,2025-08-31 17:30:00,30241,-0.047,8.0
2025-26,GER1,cologne,2025-09-13 13:30:00,30246,0.0246,12.0
2025-26,GER1,cologne,2025-09-20 16:30:00,30256,0.0189,14.0
2025-26,GER1,cologne,2025-09-28 15:30:00,30267,0.0513,14.0
2025-26,GER1,cologne,2025-10-03 18:30:00,30274,0.048,13.0
2025-26,GER1,cologne,2025-10-18 13:30:00,30279,0.04,14.0
2025-26,GER1,cologne,2025-10-25 16:30:00,30290,0.0377,15.0
2025-26,GER1,cologne,2025-11-02 14:30:00,30298,0.0433,15.0
2025-26,GER1,cologne,2025-11-08 17:30:00,30306,0.1508,13.0
2025-26,GER1,cologne,2025-11-22 17:30:00,30317,0.0503,12.0
2025-26,GER1,cologne,2025-11-29 14:30:00,30331,0.2033,12.0
2025-26,GER1,cologne,2025-12-06 14:30:00,30336,0.1379,11.0
2025-26,GER1,cologne,2025-12-13 17:30:00,30341,0.1199,14.0
2025-26,GER1,cologne,2025-12-20 14:30:00,30352,0.0351,13.0
2025-26,GER1,cologne,2026-01-10 14:30:00,30364,-0.0312,13.0
2025-26,GER1,cologne,2026-01-14 19:30:00,30370,0.0247,11.0
2025-26,GER1,cologne,2026-01-17 14:30:00,30379,0.0377,13.0
2025-26,GER1,cologne,2026-01-25 16:30:00,30390,0.0745,13.0
2025-26,GER1,cologne,2026-01-30 19:30:00,30398,0.0717,13.0
2025-26,GER1,cologne,2026-02-08 14:30:00,30406,0.0609,11.0
2025-26,GER1,cologne,2026-02-14 17:30:00,30420,0.0933,12.0
2025-26,GER1,cologne,2026-02-21 14:30:00,30423,0.033,12.0
2025-26,GER1,cologne,2026-02-27 19:30:00,30431,0.0909,11.0
2025-26,GER1,cologne,2026-03-07 17:30:00,30441,0.0003,10.0
2025-26,GER1,cologne,2026-03-14 17:30:00,30454,-0.0016,13.0
2025-26,GER1,cologne,2026-03-21 14:30:00,30461,-0.018,12.0
2025-26,GER1,cologne,2026-04-05 15:30:00,30469,-0.0366,12.0
2025-26,GER1,cologne,2026-04-12 13:30:00,30478,0.0027,13.0
2025-26,GER1,cologne,2026-04-17 18:30:00,30491,0.07,14.0
2025-26,GER1,cologne,2026-04-25 13:30:00,30496,0.0519,13.0
2025-26,GER1,cologne,2026-05-02 13:30:00,30510,0.0202,14.0
2025-26,GER1,cologne,2026-05-10 15:30:00,30514,0.1469,12.0
2025-26,GER1,cologne,2026-05-16 13:30:00,30522,0.1319,12.0
2025-26,GER1,eintracht frankfurt,2025-08-23 13:30:00,30228,0.1357,12.0
2025-26,GER1,eintracht frankfurt,2025-08-30 13:30:00,30234,0.1008,11.0
2025-26,GER1,eintracht frankfurt,2025-09-12 18:30:00,30242,0.0835,11.0
2025-26,GER1,eintracht frankfurt,2025-09-21 13:30:00,30257,0.0408,13.0
2025-26,GER1,eintracht frankfurt,2025-09-27 16:30:00,30265,0.1242,14.0
2025-26,GER1,eintracht frankfurt,2025-10-04 16:30:00,30272,0.1451,12.0
2025-26,GER1,eintracht frankfurt,2025-10-19 13:30:00,30280,0.1505,13.0
2025-26,GER1,eintracht frankfurt,2025-10-25 13:30:00,30291,0.1432,12.0
2025-26,GER1,eintracht frankfurt,2025-11-01 14:30:00,30299,0.0224,14.0
2025-26,GER1,eintracht frankfurt,2025-11-09 18:30:00,30307,0.0822,14.0
2025-26,GER1,eintracht frankfurt,2025-11-22 17:30:00,30317,0.0767,11.0
2025-26,GER1,eintracht frankfurt,2025-11-30 16:30:00,30326,0.0184,13.0
2025-26,GER1,eintracht frankfurt,2025-12-06 17:30:00,30340,0.0078,15.0
2025-26,GER1,eintracht frankfurt,2025-12-13 14:30:00,30344,0.0201,15.0
2025-26,GER1,eintracht frankfurt,2025-12-20 14:30:00,30353,0.0093,12.0
2025-26,GER1,eintracht frankfurt,2026-01-09 19:30:00,30362,-0.0282,12.0
2025-26,GER1,eintracht frankfurt,2026-01-13 17:30:00,30375,-0.0297,11.0
2025-26,GER1,eintracht frankfurt,2026-01-16 19:30:00,30384,-0.0128,12.0
2025-26,GER1,eintracht frankfurt,2026-01-24 14:30:00,30389,-0.0436,12.0
2025-26,GER1,eintracht frankfurt,2026-01-31 14:30:00,30397,-0.0722,12.0
2025-26,GER1,eintracht frankfurt,2026-02-06 19:30:00,30411,-0.0729,10.0
2025-26,GER1,eintracht frankfurt,2026-02-14 14:30:00,30416,-0.0743,11.0
2025-26,GER1,eintracht frankfurt,2026-02-21 14:30:00,30422,-0.0597,13.0
2025-26,GER1,eintracht frankfurt,2026-03-01 16:30:00,30435,0.0564,11.0
2025-26,GER1,eintracht frankfurt,2026-03-08 14:30:00,30446,0.0525,10.0
2025-26,GER1,eintracht frankfurt,2026-03-14 14:30:00,30452,-0.0579,11.0
2025-26,GER1,eintracht frankfurt,2026-03-22 14:30:00,30463,0.0079,11.0
2025-26,GER1,eintracht frankfurt,2026-04-05 15:30:00,30469,0.0735,12.0
2025-26,GER1,eintracht frankfurt,2026-04-11 13:30:00,30484,0.0549,10.0
2025-26,GER1,eintracht frankfurt,2026-04-18 16:30:00,30488,-0.0104,12.0
2025-26,GER1,eintracht frankfurt,2026-04-25 13:30:00,30494,-0.0075,10.0
2025-26,GER1,eintracht frankfurt,2026-05-02 13:30:00,30506,0.036,12.0
2025-26,GER1,eintracht frankfurt,2026-05-08 18:30:00,30513,0.0264,12.0
2025-26,GER1,eintracht frankfurt,2026-05-16 13:30:00,30524,-0.0367,13.0
2025-26,GER1,freiburg,2025-08-23 13:30:00,30229,0.1402,10.0
2025-26,GER1,freiburg,2025-08-31 17:30:00,30241,0.0601,12.0
2025-26,GER1,freiburg,2025-09-13 13:30:00,30243,0.0492,13.0
2025-26,GER1,freiburg,2025-09-20 13:30:00,30252,0.011,13.0
2025-26,GER1,freiburg,2025-09-28 13:30:00,30266,0.0536,13.0
2025-26,GER1,freiburg,2025-10-05 17:30:00,30270,0.0496,14.0
2025-26,GER1,freiburg,2025-10-19 13:30:00,30280,0.0426,15.0
2025-26,GER1,freiburg,2025-10-26 13:30:00,30288,0.0267,15.0
2025-26,GER1,freiburg,2025-11-01 14:30:00,30303,0.0294,14.0
2025-26,GER1,freiburg,2025-11-09 14:30:00,30308,0.0247,15.0
2025-26,GER1,freiburg,2025-11-22 14:30:00,30315,-0.015,15.0
2025-26,GER1,freiburg,2025-11-30 18:30:00,30327,-0.0086,13.0
2025-26,GER1,freiburg,2025-12-06 14:30:00,30338,0.0426,15.0
2025-26,GER1,freiburg,2025-12-14 14:30:00,30345,0.0237,13.0
2025-26,GER1,freiburg,2025-12-20 14:30:00,30358,0.018,13.0
2025-26,GER1,freiburg,2026-01-10 14:30:00,30363,0.0836,14.0
2025-26,GER1,freiburg,2026-01-14 19:30:00,30374,0.0704,13.0
2025-26,GER1,freiburg,2026-01-18 16:30:00,30377,0.1556,14.0
2025-26,GER1,freiburg,2026-01-25 16:30:00,30390,0.1354,15.0
2025-26,GER1,freiburg,2026-02-01 14:30:00,30402,0.1511,14.0
2025-26,GER1,freiburg,2026-02-07 14:30:00,30407,0.11,13.0
2025-26,GER1,freiburg,2026-02-14 14:30:00,30418,0.0241,14.0
2025-26,GER1,freiburg,2026-02-22 14:30:00,30424,0.0261,12.0
2025-26,GER1,freiburg,2026-03-01 16:30:00,30435,0.009,12.0
2025-26,GER1,freiburg,2026-03-07 14:30:00,30442,-0.0043,14.0
2025-26,GER1,freiburg,2026-03-15 16:30:00,30453,-0.0218,13.0
2025-26,GER1,freiburg,2026-03-22 16:30:00,30465,-0.0087,13.0
2025-26,GER1,freiburg,2026-04-04 13:30:00,30470,0.0117,14.0
2025-26,GER1,freiburg,2026-04-12 17:30:00,30480,0.024,14.0
2025-26,GER1,freiburg,2026-04-19 13:30:00,30489,0.0386,13.0
2025-26,GER1,freiburg,2026-04-26 15:30:00,30495,0.0298,14.0
2025-26,GER1,freiburg,2026-05-03 17:30:00,30507,0.059,14.0
2025-26,GER1,freiburg,2026-05-10 13:30:00,30515,0.0246,15.0
2025-26,GER1,freiburg,2026-05-16 13:30:00,30525,-0.0224,14.0
2025-26,GER1,hamburger,2025-08-24 15:30:00,30232,0.0389,3.0
2025-26,GER1,hamburger,2025-08-29 18:30:00,30233,0.1398,3.0
2025-26,GER1,hamburger,2025-09-13 16:30:00,30248,0.0729,10.0
2025-26,GER1,hamburger,2025-09-20 13:30:00,30254,-0.0343,11.0
2025-26,GER1,hamburger,2025-09-28 17:30:00,30268,0.0498,14.0
2025-26,GER1,hamburger,2025-10-05 15:30:00,30273,-0.0091,12.0
2025-26,GER1,hamburger,2025-10-18 13:30:00,30283,0.0184,11.0
2025-26,GER1,hamburger,2025-10-25 13:30:00,30292,0.05,14.0
2025-26,GER1,hamburger,2025-11-02 14:30:00,30298,0.0559,13.0
2025-26,GER1,hamburger,2025-11-08 14:30:00,30309,0.0685,14.0
2025-26,GER1,hamburger,2025-11-22 14:30:00,30314,0.0687,12.0
2025-26,GER1,hamburger,2025-11-30 14:30:00,30328,-0.0246,15.0
2025-26,GER1,hamburger,2025-12-07 14:30:00,30337,0.0299,11.0
2025-26,GER1,hamburger,2025-12-13 14:30:00,30346,0.0722,14.0
2025-26,GER1,hamburger,2025-12-20 14:30:00,30353,0.0141,14.0
2025-26,GER1,hamburger,2026-01-10 14:30:00,30363,0.0547,13.0
2025-26,GER1,hamburger,2026-01-17 14:30:00,30380,0.0855,15.0
2025-26,GER1,hamburger,2026-01-23 19:30:00,30393,0.0753,15.0
2025-26,GER1,hamburger,2026-01-31 17:30:00,30399,-0.0285,14.0
2025-26,GER1,hamburger,2026-02-07 14:30:00,30408,-0.0101,14.0
2025-26,GER1,hamburger,2026-02-14 14:30:00,30417,-0.0153,13.0
2025-26,GER1,hamburger,2026-02-20 19:30:00,30426,0.0143,14.0
2025-26,GER1,hamburger,2026-03-01 18:30:00,30436,0.0781,15.0
2025-26,GER1,hamburger,2026-03-04 19:30:00,30371,0.0675,14.0
2025-26,GER1,hamburger,2026-03-07 14:30:00,30448,0.006,14.0
2025-26,GER1,hamburger,2026-03-14 17:30:00,30454,-0.0044,13.0
2025-26,GER1,hamburger,2026-03-21 17:30:00,30460,-0.032,13.0
2025-26,GER1,hamburger,2026-04-04 13:30:00,30471,-0.0022,14.0
2025-26,GER1,hamburger,2026-04-12 15:30:00,30483,-0.0061,15.0
2025-26,GER1,hamburger,2026-04-18 13:30:00,30493,-0.0719,14.0
2025-26,GER1,hamburger,2026-04-25 16:30:00,30497,-0.0587,14.0
2025-26,GER1,hamburger,2026-05-02 13:30:00,30506,-0.0531,14.0
2025-26,GER1,hamburger,2026-05-10 13:30:00,30515,-0.0238,13.0
2025-26,GER1,hamburger,2026-05-16 13:30:00,30521,0.0046,13.0
2025-26,GER1,heidenheim,2025-08-23 13:30:00,30225,-0.0122,15.0
2025-26,GER1,heidenheim,2025-08-30 13:30:00,30235,0.1155,16.0
2025-26,GER1,heidenheim,2025-09-13 13:30:00,30244,0.1424,14.0
2025-26,GER1,heidenheim,2025-09-20 13:30:00,30254,0.0776,14.0
2025-26,GER1,heidenheim,2025-09-27 13:30:00,30261,0.068,13.0
2025-26,GER1,heidenheim,2025-10-05 13:30:00,30275,0.0626,12.0
2025-26,GER1,heidenheim,2025-10-18 13:30:00,30281,-0.0046,13.0
2025-26,GER1,heidenheim,2025-10-25 13:30:00,30293,0.0256,16.0
2025-26,GER1,heidenheim,2025-11-01 14:30:00,30299,0.0787,15.0
2025-26,GER1,heidenheim,2025-11-08 14:30:00,30305,0.0544,14.0
2025-26,GER1,heidenheim,2025-11-22 14:30:00,30318,-0.0012,14.0
2025-26,GER1,heidenheim,2025-11-29 14:30:00,30330,0.001,14.0
2025-26,GER1,heidenheim,2025-12-06 14:30:00,30338,-0.0189,14.0
2025-26,GER1,heidenheim,2025-12-13 14:30:00,30347,0.0301,15.0
2025-26,GER1,heidenheim,2025-12-21 16:30:00,30354,0.0384,16.0
2025-26,GER1,heidenheim,2026-01-10 14:30:00,30364,0.0108,13.0
2025-26,GER1,heidenheim,2026-01-13 19:30:00,30373,0.076,15.0
2025-26,GER1,heidenheim,2026-01-17 14:30:00,30385,0.0588,13.0
2025-26,GER1,heidenheim,2026-01-24 14:30:00,30391,0.0996,14.0
2025-26,GER1,heidenheim,2026-02-01 16:30:00,30396,-0.0009,11.0
2025-26,GER1,heidenheim,2026-02-07 14:30:00,30408,0.1457,13.0
2025-26,GER1,heidenheim,2026-02-15 14:30:00,30413,0.1588,10.0
2025-26,GER1,heidenheim,2026-02-22 18:30:00,30425,0.053,11.0
2025-26,GER1,heidenheim,2026-02-28 14:30:00,30439,0.0536,14.0
2025-26,GER1,heidenheim,2026-03-07 14:30:00,30443,0.022,14.0
2025-26,GER1,heidenheim,2026-03-14 14:30:00,30452,0.0451,13.0
2025-26,GER1,heidenheim,2026-03-21 14:30:00,30462,-0.0081,13.0
2025-26,GER1,heidenheim,2026-04-04 13:30:00,30468,0.0668,12.0
2025-26,GER1,heidenheim,2026-04-11 13:30:00,30479,0.0349,12.0
2025-26,GER1,heidenheim,2026-04-19 13:30:00,30489,0.0953,14.0
2025-26,GER1,heidenheim,2026-04-25 13:30:00,30498,0.0928,10.0
2025-26,GER1,heidenheim,2026-05-02 13:30:00,30504,0.1157,9.0
2025-26,GER1,heidenheim,2026-05-10 15:30:00,30514,0.1221,11.0
2025-26,GER1,heidenheim,2026-05-16 13:30:00,30526,0.1272,14.0
2025-26,GER1,leipzig,2025-08-22 18:30:00,30224,-0.0911,11.0
2025-26,GER1,leipzig,2025-08-30 13:30:00,30235,0.007,9.0
2025-26,GER1,leipzig,2025-09-13 13:30:00,30245,-0.0783,12.0
2025-26,GER1,leipzig,2025-09-20 16:30:00,30256,-0.0572,10.0
2025-26,GER1,leipzig,2025-09-27 13:30:00,30264,0.0615,11.0
2025-26,GER1,leipzig,2025-10-04 13:30:00,30271,0.0364,12.0
2025-26,GER1,leipzig,2025-10-18 13:30:00,30283,0.0188,13.0
2025-26,GER1,leipzig,2025-10-25 13:30:00,30287,0.012,13.0
2025-26,GER1,leipzig,2025-11-01 14:30:00,30301,0.0018,12.0
2025-26,GER1,leipzig,2025-11-08 14:30:00,30310,0.0255,13.0
2025-26,GER1,leipzig,2025-11-23 14:30:00,30320,-0.0425,12.0
2025-26,GER1,leipzig,2025-11-28 19:30:00,30325,-0.0671,12.0
2025-26,GER1,leipzig,2025-12-06 17:30:00,30340,-0.0663,14.0
2025-26,GER1,leipzig,2025-12-12 19:30:00,30348,0.0151,12.0
2025-26,GER1,leipzig,2025-12-20 17:30:00,30356,0.0099,12.0
2025-26,GER1,leipzig,2026-01-14 19:30:00,30374,0.0299,13.0
2025-26,GER1,leipzig,2026-01-17 17:30:00,30382,0.0508,10.0
2025-26,GER1,leipzig,2026-01-24 14:30:00,30391,0.0558,14.0
2025-26,GER1,leipzig,2026-01-27 19:30:00,30365,0.0704,11.0
2025-26,GER1,leipzig,2026-01-31 14:30:00,30401,0.0385,13.0
2025-26,GER1,leipzig,2026-02-08 14:30:00,30406,0.0372,12.0
2025-26,GER1,leipzig,2026-02-15 16:30:00,30419,0.0393,13.0
2025-26,GER1,leipzig,2026-02-21 17:30:00,30427,0.0944,11.0
2025-26,GER1,leipzig,2026-03-01 18:30:00,30436,0.1166,12.0
2025-26,GER1,leipzig,2026-03-07 14:30:00,30445,0.1325,14.0
2025-26,GER1,leipzig,2026-03-15 18:30:00,30456,0.1475,14.0
2025-26,GER1,leipzig,2026-03-20 19:30:00,30464,0.1371,12.0
2025-26,GER1,leipzig,2026-04-04 13:30:00,30475,0.0879,13.0
2025-26,GER1,leipzig,2026-04-11 13:30:00,30481,0.0365,14.0
2025-26,GER1,leipzig,2026-04-18 16:30:00,30488,-0.0096,13.0
2025-26,GER1,leipzig,2026-04-24 18:30:00,30500,-0.0054,12.0
2025-26,GER1,leipzig,2026-05-02 16:30:00,30503,0.0622,14.0
2025-26,GER1,leipzig,2026-05-09 13:30:00,30518,0.0878,13.0
2025-26,GER1,leipzig,2026-05-16 13:30:00,30525,0.1568,14.0
2025-26,GER1,mainz 05,2025-08-24 13:30:00,30231,0.0847,13.0
2025-26,GER1,mainz 05,2025-08-31 13:30:00,30239,0.0786,11.0
2025-26,GER1,mainz 05,2025-09-13 13:30:00,30245,0.0722,13.0
2025-26,GER1,mainz 05,2025-09-20 13:30:00,30253,0.0964,11.0
2025-26,GER1,mainz 05,2025-09-27 13:30:00,30262,0.1148,12.0
2025-26,GER1,mainz 05,2025-10-05 15:30:00,30273,0.0557,13.0
2025-26,GER1,mainz 05,2025-10-18 13:30:00,30282,0.0191,11.0
2025-26,GER1,mainz 05,2025-10-26 15:30:00,30294,0.0433,11.0
2025-26,GER1,mainz 05,2025-11-01 14:30:00,30300,0.0127,12.0
2025-26,GER1,mainz 05,2025-11-09 18:30:00,30307,0.0368,10.0
2025-26,GER1,mainz 05,2025-11-21 19:30:00,30319,-0.0358,11.0
2025-26,GER1,mainz 05,2025-11-30 18:30:00,30327,-0.0035,11.0
2025-26,GER1,mainz 05,2025-12-05 19:30:00,30339,0.0518,11.0
2025-26,GER1,mainz 05,2025-12-14 16:30:00,30342,-0.0301,10.0
2025-26,GER1,mainz 05,2025-12-21 14:30:00,30355,0.0337,12.0
2025-26,GER1,mainz 05,2026-01-10 14:30:00,30366,0.0498,12.0
2025-26,GER1,mainz 05,2026-01-13 19:30:00,30373,0.0713,12.0
2025-26,GER1,mainz 05,2026-01-17 14:30:00,30379,0.0189,12.0
2025-26,GER1,mainz 05,2026-01-24 14:30:00,30392,-0.0003,11.0
2025-26,GER1,mainz 05,2026-01-31 14:30:00,30401,0.0932,11.0
2025-26,GER1,mainz 05,2026-02-07 14:30:00,30409,0.1226,10.0
2025-26,GER1,mainz 05,2026-02-13 19:30:00,30415,0.1355,13.0
2025-26,GER1,mainz 05,2026-02-20 19:30:00,30426,0.1254,10.0
2025-26,GER1,mainz 05,2026-02-28 14:30:00,30432,-0.0211,9.0
2025-26,GER1,mainz 05,2026-03-07 14:30:00,30444,-0.029,9.0
2025-26,GER1,mainz 05,2026-03-15 14:30:00,30457,0.0285,11.0
2025-26,GER1,mainz 05,2026-03-22 14:30:00,30463,0.0491,11.0
2025-26,GER1,mainz 05,2026-04-04 13:30:00,30472,0.0677,13.0
2025-26,GER1,mainz 05,2026-04-12 17:30:00,30480,0.0908,14.0
2025-26,GER1,mainz 05,2026-04-19 17:30:00,30487,0.1255,14.0
2025-26,GER1,mainz 05,2026-04-25 13:30:00,30499,0.1102,11.0
2025-26,GER1,mainz 05,2026-05-03 13:30:00,30509,0.101,13.0
2025-26,GER1,mainz 05,2026-05-10 17:30:00,30517,0.0817,11.0
2025-26,GER1,mainz 05,2026-05-16 13:30:00,30526,0.1018,13.0
2025-26,GER1,st pauli,2025-08-23 16:30:00,30230,-0.0263,6.0
2025-26,GER1,st pauli,2025-08-29 18:30:00,30233,-0.0156,7.0
2025-26,GER1,st pauli,2025-09-14 13:30:00,30249,-0.0176,11.0
2025-26,GER1,st pauli,2025-09-19 18:30:00,30251,0.044,11.0
2025-26,GER1,st pauli,2025-09-27 13:30:00,30263,0.0193,11.0
2025-26,GER1,st pauli,2025-10-04 13:30:00,30277,-0.022,12.0
2025-26,GER1,st pauli,2025-10-19 15:30:00,30284,-0.023,12.0
2025-26,GER1,st pauli,2025-10-25 13:30:00,30291,0.0152,11.0
2025-26,GER1,st pauli,2025-11-01 14:30:00,30302,-0.0238,12.0
2025-26,GER1,st pauli,2025-11-09 14:30:00,30308,-0.0205,11.0
2025-26,GER1,st pauli,2025-11-23 16:30:00,30321,-0.0522,12.0
2025-26,GER1,st pauli,2025-11-29 14:30:00,30324,-0.0577,12.0
2025-26,GER1,st pauli,2025-12-06 14:30:00,30336,-0.05,12.0
2025-26,GER1,st pauli,2025-12-13 14:30:00,30347,-0.0627,10.0
2025-26,GER1,st pauli,2025-12-21 14:30:00,30355,-0.056,11.0
2025-26,GER1,st pauli,2026-01-14 17:30:00,30376,-0.0971,11.0
2025-26,GER1,st pauli,2026-01-17 14:30:00,30378,-0.0868,11.0
2025-26,GER1,st pauli,2026-01-23 19:30:00,30393,-0.0666,12.0
2025-26,GER1,st pauli,2026-01-27 19:30:00,30365,-0.0501,11.0
2025-26,GER1,st pauli,2026-01-31 14:30:00,30395,-0.0296,11.0
2025-26,GER1,st pauli,2026-02-07 14:30:00,30410,0.0109,11.0
2025-26,GER1,st pauli,2026-02-14 14:30:00,30414,0.0227,11.0
2025-26,GER1,st pauli,2026-02-22 16:30:00,30428,0.0312,10.0
2025-26,GER1,st pauli,2026-02-28 14:30:00,30437,0.0042,11.0
2025-26,GER1,st pauli,2026-03-08 14:30:00,30446,0.0064,11.0
2025-26,GER1,st pauli,2026-03-13 19:30:00,30450,0.0169,12.0
2025-26,GER1,st pauli,2026-03-22 16:30:00,30465,-0.0503,10.0
2025-26,GER1,st pauli,2026-04-05 13:30:00,30474,-0.0193,11.0
2025-26,GER1,st pauli,2026-04-11 16:30:00,30482,-0.0355,12.0
2025-26,GER1,st pauli,2026-04-17 18:30:00,30491,-0.0448,12.0
2025-26,GER1,st pauli,2026-04-25 13:30:00,30498,-0.0131,14.0
2025-26,GER1,st pauli,2026-05-03 13:30:00,30509,-0.0145,14.0
2025-26,GER1,st pauli,2026-05-09 13:30:00,30518,-0.0002,12.0
2025-26,GER1,st pauli,2026-05-16 13:30:00,30527,0.0264,12.0
2025-26,GER1,stuttgart,2025-08-23 13:30:00,30227,0.1883,12.0
2025-26,GER1,stuttgart,2025-08-30 13:30:00,30237,0.1051,13.0
2025-26,GER1,stuttgart,2025-09-13 13:30:00,30243,0.0707,11.0
2025-26,GER1,stuttgart,2025-09-19 18:30:00,30251,0.0579,11.0
2025-26,GER1,stuttgart,2025-09-28 15:30:00,30267,0.1165,12.0
2025-26,GER1,stuttgart,2025-10-05 13:30:00,30275,0.0499,13.0
2025-26,GER1,stuttgart,2025-10-18 13:30:00,30286,-0.0205,12.0
2025-26,GER1,stuttgart,2025-10-26 15:30:00,30294,0.002,14.0
2025-26,GER1,stuttgart,2025-11-01 14:30:00,30301,-0.0047,13.0
2025-26,GER1,stuttgart,2025-11-09 16:30:00,30311,0.0055,14.0
2025-26,GER1,stuttgart,2025-11-22 14:30:00,30316,0.0408,11.0
2025-26,GER1,stuttgart,2025-11-30 14:30:00,30328,0.0158,12.0
2025-26,GER1,stuttgart,2025-12-06 14:30:00,30332,0.0586,10.0
2025-26,GER1,stuttgart,2025-12-14 18:30:00,30349,-0.0094,12.0
2025-26,GER1,stuttgart,2025-12-20 14:30:00,30357,0.1079,12.0
2025-26,GER1,stuttgart,2026-01-10 17:30:00,30359,0.079,11.0
2025-26,GER1,stuttgart,2026-01-13 17:30:00,30375,0.0526,13.0
2025-26,GER1,stuttgart,2026-01-18 14:30:00,30383,0.0849,12.0
2025-26,GER1,stuttgart,2026-01-25 14:30:00,30388,0.011,13.0
2025-26,GER1,stuttgart,2026-02-01 14:30:00,30402,0.0595,13.0
2025-26,GER1,stuttgart,2026-02-07 14:30:00,30410,0.0479,13.0
2025-26,GER1,stuttgart,2026-02-14 17:30:00,30420,0.0572,12.0
2025-26,GER1,stuttgart,2026-02-22 18:30:00,30425,0.1175,13.0
2025-26,GER1,stuttgart,2026-03-01 14:30:00,30438,0.046,14.0
2025-26,GER1,stuttgart,2026-03-07 14:30:00,30444,0.1366,14.0
2025-26,GER1,stuttgart,2026-03-15 18:30:00,30456,0.0964,14.0
2025-26,GER1,stuttgart,2026-03-22 18:30:00,30458,0.1963,12.0
2025-26,GER1,stuttgart,2026-04-04 16:30:00,30473,0.168,14.0
2025-26,GER1,stuttgart,2026-04-12 15:30:00,30483,0.1333,13.0
2025-26,GER1,stuttgart,2026-04-19 15:30:00,30486,0.0369,13.0
2025-26,GER1,stuttgart,2026-04-26 13:30:00,30501,0.088,14.0
2025-26,GER1,stuttgart,2026-05-02 13:30:00,30508,0.0747,13.0
2025-26,GER1,stuttgart,2026-05-09 13:30:00,30519,0.099,11.0
2025-26,GER1,stuttgart,2026-05-16 13:30:00,30524,0.0833,11.0
2025-26,GER1,tsg hoffenheim,2025-08-23 13:30:00,30226,0.1079,12.0
2025-26,GER1,tsg hoffenheim,2025-08-30 13:30:00,30234,0.0331,13.0
2025-26,GER1,tsg hoffenheim,2025-09-13 13:30:00,30247,0.036,12.0
2025-26,GER1,tsg hoffenheim,2025-09-20 13:30:00,30255,0.0319,12.0
2025-26,GER1,tsg hoffenheim,2025-09-28 13:30:00,30266,0.0247,14.0
2025-26,GER1,tsg hoffenheim,2025-10-03 18:30:00,30274,0.078,15.0
2025-26,GER1,tsg hoffenheim,2025-10-19 15:30:00,30284,0.0739,14.0
2025-26,GER1,tsg hoffenheim,2025-10-25 13:30:00,30293,0.0967,15.0
2025-26,GER1,tsg hoffenheim,2025-11-02 16:30:00,30304,0.1568,15.0
2025-26,GER1,tsg hoffenheim,2025-11-08 14:30:00,30310,0.1648,14.0
2025-26,GER1,tsg hoffenheim,2025-11-21 19:30:00,30319,0.1314,12.0
2025-26,GER1,tsg hoffenheim,2025-11-29 14:30:00,30329,0.1031,15.0
2025-26,GER1,tsg hoffenheim,2025-12-07 16:30:00,30335,0.1224,14.0
2025-26,GER1,tsg hoffenheim,2025-12-13 14:30:00,30346,0.1191,13.0
2025-26,GER1,tsg hoffenheim,2025-12-20 14:30:00,30357,0.1134,13.0
2025-26,GER1,tsg hoffenheim,2026-01-14 19:30:00,30372,0.084,13.0
2025-26,GER1,tsg hoffenheim,2026-01-17 14:30:00,30381,0.1088,12.0
2025-26,GER1,tsg hoffenheim,2026-01-24 14:30:00,30389,0.0715,13.0
2025-26,GER1,tsg hoffenheim,2026-01-27 19:30:00,30367,0.0365,13.0
2025-26,GER1,tsg hoffenheim,2026-01-31 14:30:00,30400,0.0548,12.0
2025-26,GER1,tsg hoffenheim,2026-02-08 16:30:00,30404,0.0936,14.0
2025-26,GER1,tsg hoffenheim,2026-02-14 14:30:00,30418,0.079,13.0
2025-26,GER1,tsg hoffenheim,2026-02-21 14:30:00,30423,0.0492,12.0
2025-26,GER1,tsg hoffenheim,2026-02-28 14:30:00,30437,0.0708,14.0
2025-26,GER1,tsg hoffenheim,2026-03-07 14:30:00,30443,0.0963,12.0
2025-26,GER1,tsg hoffenheim,2026-03-14 14:30:00,30455,0.0997,13.0
2025-26,GER1,tsg hoffenheim,2026-03-20 19:30:00,30464,0.1282,15.0
2025-26,GER1,tsg hoffenheim,2026-04-04 13:30:00,30472,0.0592,13.0
2025-26,GER1,tsg hoffenheim,2026-04-10 18:30:00,30476,0.0543,13.0
2025-26,GER1,tsg hoffenheim,2026-04-18 13:30:00,30490,-0.0034,14.0
2025-26,GER1,tsg hoffenheim,2026-04-25 16:30:00,30497,-0.0064,14.0
2025-26,GER1,tsg hoffenheim,2026-05-02 13:30:00,30508,0.0119,11.0
2025-26,GER1,tsg hoffenheim,2026-05-09 13:30:00,30516,0.0326,14.0
2025-26,GER1,tsg hoffenheim,2026-05-16 13:30:00,30523,0.0286,16.0
2025-26,GER1,union berlin,2025-08-23 13:30:00,30227,0.011,12.0
2025-26,GER1,union berlin,2025-08-31 15:30:00,30240,0.0179,13.0
2025-26,GER1,union berlin,2025-09-13 13:30:00,30247,-0.0012,14.0
2025-26,GER1,union berlin,2025-09-21 13:30:00,30257,0.0549,13.0
2025-26,GER1,union berlin,2025-09-28 17:30:00,30268,0.0648,13.0
2025-26,GER1,union berlin,2025-10-04 13:30:00,30269,0.073,15.0
2025-26,GER1,union berlin,2025-10-17 18:30:00,30285,0.0346,14.0
2025-26,GER1,union berlin,2025-10-24 18:30:00,30295,0.0638,14.0
2025-26,GER1,union berlin,2025-11-01 14:30:00,30303,0.0264,13.0
2025-26,GER1,union berlin,2025-11-08 14:30:00,30312,0.0147,13.0
2025-26,GER1,union berlin,2025-11-23 16:30:00,30321,0.0632,14.0
2025-26,GER1,union berlin,2025-11-29 14:30:00,30330,0.0305,13.0
2025-26,GER1,union berlin,2025-12-06 14:30:00,30333,-0.0082,14.0
2025-26,GER1,union berlin,2025-12-12 19:30:00,30348,-0.0019,13.0
2025-26,GER1,union berlin,2025-12-20 14:30:00,30352,0.0132,13.0
2025-26,GER1,union berlin,2026-01-10 14:30:00,30366,-0.0455,14.0
2025-26,GER1,union berlin,2026-01-15 19:30:00,30368,0.0418,13.0
2025-26,GER1,union berlin,2026-01-18 14:30:00,30383,0.072,13.0
2025-26,GER1,union berlin,2026-01-24 17:30:00,30394,0.0582,14.0
2025-26,GER1,union berlin,2026-01-31 14:30:00,30400,0.0536,14.0
2025-26,GER1,union berlin,2026-02-06 19:30:00,30411,0.0327,12.0
2025-26,GER1,union berlin,2026-02-14 14:30:00,30417,0.0813,13.0
2025-26,GER1,union berlin,2026-02-21 14:30:00,30429,0.0935,12.0
2025-26,GER1,union berlin,2026-02-28 14:30:00,30433,0.0093,13.0
2025-26,GER1,union berlin,2026-03-08 16:30:00,30447,0.0032,12.0
2025-26,GER1,union berlin,2026-03-15 16:30:00,30453,0.0026,13.0
2025-26,GER1,union berlin,2026-03-21 14:30:00,30459,-0.0051,15.0
2025-26,GER1,union berlin,2026-04-05 13:30:00,30474,-0.008,11.0
2025-26,GER1,union berlin,2026-04-11 13:30:00,30479,-0.018,15.0
2025-26,GER1,union berlin,2026-04-18 13:30:00,30492,-0.0551,14.0
2025-26,GER1,union berlin,2026-04-24 18:30:00,30500,-0.0233,14.0
2025-26,GER1,union berlin,2026-05-02 13:30:00,30510,-0.0307,14.0
2025-26,GER1,union berlin,2026-05-10 17:30:00,30517,-0.0257,13.0
2025-26,GER1,union berlin,2026-05-16 13:30:00,30528,0.0096,13.0
2025-26,GER1,werder bremen,2025-08-23 13:30:00,30228,0.2261,9.0
2025-26,GER1,werder bremen,2025-08-30 13:30:00,30236,0.1437,9.0
2025-26,GER1,werder bremen,2025-09-14 15:30:00,30250,0.0832,12.0
2025-26,GER1,werder bremen,2025-09-20 13:30:00,30252,0.1827,12.0
2025-26,GER1,werder bremen,2025-09-26 18:30:00,30260,0.1439,11.0
2025-26,GER1,werder bremen,2025-10-04 13:30:00,30277,0.154,11.0
2025-26,GER1,werder bremen,2025-10-18 13:30:00,30281,0.0376,13.0
2025-26,GER1,werder bremen,2025-10-24 18:30:00,30295,0.0496,10.0
2025-26,GER1,werder bremen,2025-11-01 14:30:00,30300,0.0365,12.0
2025-26,GER1,werder bremen,2025-11-07 19:30:00,30313,0.053,11.0
2025-26,GER1,werder bremen,2025-11-23 14:30:00,30320,0.0251,12.0
2025-26,GER1,werder bremen,2025-11-29 14:30:00,30331,0.0313,11.0
2025-26,GER1,werder bremen,2025-12-07 14:30:00,30337,0.032,10.0
2025-26,GER1,werder bremen,2025-12-14 18:30:00,30349,0.0562,14.0
2025-26,GER1,werder bremen,2025-12-20 14:30:00,30350,0.0657,13.0
2025-26,GER1,werder bremen,2026-01-13 19:30:00,30369,0.0682,10.0
2025-26,GER1,werder bremen,2026-01-16 19:30:00,30384,0.0158,10.0
2025-26,GER1,werder bremen,2026-01-24 14:30:00,30386,0.0646,13.0
2025-26,GER1,werder bremen,2026-01-27 19:30:00,30367,0.088,13.0
2025-26,GER1,werder bremen,2026-01-31 14:30:00,30403,0.0556,13.0
2025-26,GER1,werder bremen,2026-02-07 14:30:00,30407,0.0097,11.0
2025-26,GER1,werder bremen,2026-02-14 14:30:00,30421,0.0166,14.0
2025-26,GER1,werder bremen,2026-02-22 16:30:00,30428,0.0189,13.0
2025-26,GER1,werder bremen,2026-02-28 14:30:00,30439,0.0134,11.0
2025-26,GER1,werder bremen,2026-03-08 16:30:00,30447,0.0253,12.0
2025-26,GER1,werder bremen,2026-03-15 14:30:00,30457,0.0614,13.0
2025-26,GER1,werder bremen,2026-03-21 14:30:00,30466,0.0487,12.0
2025-26,GER1,werder bremen,2026-04-04 13:30:00,30475,0.0385,15.0
2025-26,GER1,werder bremen,2026-04-12 13:30:00,30478,-0.0059,11.0
2025-26,GER1,werder bremen,2026-04-18 13:30:00,30493,0.0501,12.0
2025-26,GER1,werder bremen,2026-04-26 13:30:00,30501,0.0577,12.0
2025-26,GER1,werder bremen,2026-05-02 13:30:00,30511,0.0665,13.0
2025-26,GER1,werder bremen,2026-05-09 13:30:00,30516,-0.0108,13.0
2025-26,GER1,werder bremen,2026-05-16 13:30:00,30529,0.04,14.0
2025-26,GER1,wolfsburg,2025-08-23 13:30:00,30225,0.0211,10.0
2025-26,GER1,wolfsburg,2025-08-31 13:30:00,30239,0.1018,12.0
2025-26,GER1,wolfsburg,2025-09-13 13:30:00,30246,0.0596,11.0
2025-26,GER1,wolfsburg,2025-09-21 17:30:00,30259,0.0669,13.0
2025-26,GER1,wolfsburg,2025-09-27 13:30:00,30264,0.049,12.0
2025-26,GER1,wolfsburg,2025-10-04 13:30:00,30276,0.1085,12.0
2025-26,GER1,wolfsburg,2025-10-18 13:30:00,30286,0.1306,13.0
2025-26,GER1,wolfsburg,2025-10-25 13:30:00,30292,0.1056,13.0
2025-26,GER1,wolfsburg,2025-11-02 16:30:00,30304,0.0713,12.0
2025-26,GER1,wolfsburg,2025-11-07 19:30:00,30313,-0.0053,11.0
2025-26,GER1,wolfsburg,2025-11-22 14:30:00,30322,0.0251,14.0
2025-26,GER1,wolfsburg,2025-11-30 16:30:00,30326,0.0043,12.0
2025-26,GER1,wolfsburg,2025-12-06 14:30:00,30333,-0.0034,12.0
2025-26,GER1,wolfsburg,2025-12-13 14:30:00,30343,-0.0024,11.0
2025-26,GER1,wolfsburg,2025-12-20 14:30:00,30358,0.0305,12.0
2025-26,GER1,wolfsburg,2026-01-11 16:30:00,30360,0.045,14.0
2025-26,GER1,wolfsburg,2026-01-14 17:30:00,30376,0.0358,13.0
2025-26,GER1,wolfsburg,2026-01-17 14:30:00,30385,0.0422,13.0
2025-26,GER1,wolfsburg,2026-01-24 14:30:00,30392,0.0483,13.0
2025-26,GER1,wolfsburg,2026-01-30 19:30:00,30398,0.0312,14.0
2025-26,GER1,wolfsburg,2026-02-07 14:30:00,30412,0.0387,12.0
2025-26,GER1,wolfsburg,2026-02-15 16:30:00,30419,0.0838,11.0
2025-26,GER1,wolfsburg,2026-02-21 14:30:00,30430,0.0749,12.0
2025-26,GER1,wolfsburg,2026-03-01 14:30:00,30438,0.0749,12.0
2025-26,GER1,wolfsburg,2026-03-07 14:30:00,30448,-0.0024,13.0
2025-26,GER1,wolfsburg,2026-03-14 14:30:00,30455,0.0179,12.0
2025-26,GER1,wolfsburg,2026-03-21 14:30:00,30466,0.0014,15.0
2025-26,GER1,wolfsburg,2026-04-04 13:30:00,30467,-0.0306,11.0
2025-26,GER1,wolfsburg,2026-04-11 13:30:00,30484,-0.0026,14.0
2025-26,GER1,wolfsburg,2026-04-18 13:30:00,30492,0.0302,12.0
2025-26,GER1,wolfsburg,2026-04-25 13:30:00,30502,0.0195,12.0
2025-26,GER1,wolfsburg,2026-05-03 17:30:00,30507,0.0521,13.0
2025-26,GER1,wolfsburg,2026-05-09 16:30:00,30520,0.0683,15.0
2025-26,GER1,wolfsburg,2026-05-16 13:30:00,30527,0.0916,12.0
2026-27,ENG1,arsenal,2026-08-21 19:00:00,31180,0.0608,14.0
2026-27,ENG1,arsenal,2026-08-31 19:00:00,31199,0.0546,13.0
2026-27,ENG1,arsenal,2026-09-06 15:30:00,31209,0.0252,11.0
2026-27,ENG1,aston villa,2026-08-23 13:00:00,31186,0.0963,10.0
2026-27,ENG1,aston villa,2026-08-31 19:00:00,31199,0.0846,11.0
2026-27,ENG1,aston villa,2026-09-05 16:30:00,31207,0.0334,10.0
2026-27,ENG1,bournemouth,2026-08-23 13:00:00,31187,0.1044,13.0
2026-27,ENG1,bournemouth,2026-08-29 14:00:00,31193,0.0449,11.0
2026-27,ENG1,bournemouth,2026-09-05 11:30:00,31201,0.018,13.0
2026-27,ENG1,brentford,2026-08-22 16:30:00,31185,0.0585,12.0
2026-27,ENG1,brentford,2026-08-30 13:00:00,31197,0.0711,10.0
2026-27,ENG1,brentford,2026-09-05 14:00:00,31205,0.0803,12.0
2026-27,ENG1,brighton hove albion,2026-08-23 13:00:00,31186,0.0916,12.0
2026-27,ENG1,brighton hove albion,2026-08-30 13:00:00,31196,0.1713,10.0
2026-27,ENG1,brighton hove albion,2026-09-05 14:00:00,31206,0.1321,10.0
2026-27,ENG1,chelsea,2026-08-24 19:00:00,31189,-0.0799,13.0
2026-27,ENG1,chelsea,2026-08-30 13:00:00,31196,-0.0255,14.0
2026-27,ENG1,chelsea,2026-09-06 15:30:00,31209,0.0366,12.0
2026-27,ENG1,coventry,2026-08-21 19:00:00,31180,0.0217,5.0
2026-27,ENG1,coventry,2026-08-29 14:00:00,31192,0.2205,5.0
2026-27,ENG1,coventry,2026-09-05 14:00:00,31202,0.0332,6.0
2026-27,ENG1,crystal palace,2026-08-22 14:00:00,31182,0.0584,14.0
2026-27,ENG1,crystal palace,2026-08-28 19:00:00,31190,0.0048,13.0
2026-27,ENG1,crystal palace,2026-09-05 14:00:00,31204,-0.0159,12.0
2026-27,ENG1,everton,2026-08-22 14:00:00,31182,0.0984,9.0
2026-27,ENG1,everton,2026-08-29 14:00:00,31193,0.065,12.0
2026-27,ENG1,everton,2026-09-06 13:00:00,31208,0.0727,13.0
2026-27,ENG1,fulham,2026-08-24 19:00:00,31189,0.0118,13.0
2026-27,ENG1,fulham,2026-08-30 13:00:00,31195,0.0168,14.0
2026-27,ENG1,fulham,2026-09-05 14:00:00,31204,0.0065,12.0
2026-27,ENG1,hull city,2026-08-22 11:30:00,31181,-0.0295,5.0
2026-27,ENG1,hull city,2026-08-29 14:00:00,31192,0.0558,5.0
2026-27,ENG1,hull city,2026-09-05 16:30:00,31207,0.0332,4.0
2026-27,ENG1,ipswich town,2026-08-22 14:00:00,31183,0.0206,9.0
2026-27,ENG1,ipswich town,2026-08-30 15:30:00,31198,0.0316,9.0
2026-27,ENG1,ipswich town,2026-09-04 19:00:00,31200,0.0832,13.0
2026-27,ENG1,leeds united,2026-08-22 14:00:00,31184,0.031,11.0
2026-27,ENG1,leeds united,2026-08-30 13:00:00,31197,-0.0096,15.0
2026-27,ENG1,leeds united,2026-09-05 14:00:00,31206,-0.0141,15.0
2026-27,ENG1,liverpool,2026-08-23 15:30:00,31188,0.0687,13.0
2026-27,ENG1,liverpool,2026-08-29 11:30:00,31191,0.0776,13.0
2026-27,ENG1,liverpool,2026-09-04 19:00:00,31200,0.0312,12.0
2026-27,ENG1,manchester city,2026-08-23 13:00:00,31187,0.1011,12.0
2026-27,ENG1,manchester city,2026-08-28 19:00:00,31190,0.0932,10.0
2026-27,ENG1,manchester city,2026-09-05 14:00:00,31202,0.0506,10.0
2026-27,ENG1,manchester united,2026-08-22 11:30:00,31181,0.061,14.0
2026-27,ENG1,manchester united,2026-08-30 15:30:00,31198,0.0527,13.0
2026-27,ENG1,manchester united,2026-09-06 13:00:00,31208,0.1057,13.0
2026-27,ENG1,newcastle united,2026-08-23 15:30:00,31188,0.1341,11.0
2026-27,ENG1,newcastle united,2026-08-29 16:30:00,31194,0.1538,9.0
2026-27,ENG1,newcastle united,2026-09-05 11:30:00,31201,0.1326,12.0
2026-27,ENG1,nottingham forest,2026-08-22 14:00:00,31184,0.0187,13.0
2026-27,ENG1,nottingham forest,2026-08-29 11:30:00,31191,0.0171,11.0
2026-27,ENG1,nottingham forest,2026-09-05 14:00:00,31203,0.0315,13.0
2026-27,ENG1,sunderland,2026-08-22 14:00:00,31183,0.0284,12.0
2026-27,ENG1,sunderland,2026-08-30 13:00:00,31195,0.038,11.0
2026-27,ENG1,sunderland,2026-09-05 14:00:00,31205,0.0433,11.0
2026-27,ENG1,tottenham hotspur,2026-08-22 16:30:00,31185,-0.0109,14.0
2026-27,ENG1,tottenham hotspur,2026-08-29 16:30:00,31194,-0.0228,13.0
2026-27,ENG1,tottenham hotspur,2026-09-05 14:00:00,31203,-0.0522,12.0
2026-27,ESP1,alaves,2026-08-15 17:30:00,30770,0.0044,10.0
2026-27,ESP1,alaves,2026-08-20 19:00:00,30776,0.021,10.0
2026-27,ESP1,alaves,2026-08-28 19:30:00,30791,0.0872,12.0
2026-27,ESP1,alaves,2026-09-06 16:30:00,30807,0.0575,12.0
2026-27,ESP1,athletic club,2026-08-22 15:00:00,30778,0.031,13.0
2026-27,ESP1,athletic club,2026-08-27 19:00:00,30789,0.0457,13.0
2026-27,ESP1,athletic club,2026-08-30 19:30:00,30797,0.0289,14.0
2026-27,ESP1,athletic club,2026-09-05 14:15:00,30802,0.1109,13.0
2026-27,ESP1,atletico madrid,2026-08-19 19:00:00,30775,0.1059,11.0
2026-27,ESP1,atletico madrid,2026-08-23 15:00:00,30781,0.0959,13.0
2026-27,ESP1,atletico madrid,2026-08-29 19:30:00,30794,0.0822,10.0
2026-27,ESP1,atletico madrid,2026-09-05 14:15:00,30802,0.0583,14.0
2026-27,ESP1,barcelona,2026-08-23 19:30:00,30783,0.0392,14.0
2026-27,ESP1,barcelona,2026-08-27 19:00:00,30789,0.0881,13.0
2026-27,ESP1,barcelona,2026-08-31 19:30:00,30799,0.1721,13.0
2026-27,ESP1,barcelona,2026-09-06 14:15:00,30805,0.1701,15.0
2026-27,ESP1,celta vigo,2026-08-22 17:30:00,30779,-0.0356,14.0
2026-27,ESP1,celta vigo,2026-08-27 18:30:00,30788,-0.0555,13.0
2026-27,ESP1,celta vigo,2026-08-30 19:30:00,30797,-0.0642,13.0
2026-27,ESP1,celta vigo,2026-09-03 19:00:00,30800,-0.0702,12.0
2026-27,ESP1,deportivo a coruna,2026-08-17 19:00:00,30774,0.1562,3.0
2026-27,ESP1,deportivo a coruna,2026-08-24 19:30:00,30785,0.0434,3.0
2026-27,ESP1,deportivo a coruna,2026-08-30 17:30:00,30796,0.1048,3.0
2026-27,ESP1,deportivo a coruna,2026-09-05 19:00:00,30804,0.0494,5.0
2026-27,ESP1,elche,2026-08-17 19:00:00,30774,0.0302,13.0
2026-27,ESP1,elche,2026-08-23 19:30:00,30783,0.0685,15.0
2026-27,ESP1,elche,2026-08-28 17:00:00,30790,0.0952,14.0
2026-27,ESP1,espanyol,2026-08-16 17:00:00,30773,0.0023,12.0
2026-27,ESP1,espanyol,2026-08-22 19:30:00,30780,0.0105,13.0
2026-27,ESP1,espanyol,2026-08-29 17:00:00,30793,0.0333,11.0
2026-27,ESP1,espanyol,2026-09-06 19:00:00,30808,0.051,12.0
2026-27,ESP1,getafe,2026-08-15 17:30:00,30770,-0.0224,11.0
2026-27,ESP1,getafe,2026-08-23 17:30:00,30782,-0.0201,8.0
2026-27,ESP1,getafe,2026-08-31 17:30:00,30798,-0.0202,10.0
2026-27,ESP1,levante,2026-08-16 17:00:00,30773,0.1094,9.0
2026-27,ESP1,levante,2026-08-24 17:30:00,30784,-0.0056,8.0
2026-27,ESP1,levante,2026-08-29 15:00:00,30792,-0.0031,11.0
2026-27,ESP1,levante,2026-09-06 16:30:00,30806,0.0013,7.0
2026-27,ESP1,malaga,2026-08-19 19:00:00,30775,-0.088,3.0
2026-27,ESP1,malaga,2026-08-24 19:30:00,30785,-0.1946,3.0
2026-27,ESP1,malaga,2026-08-30 15:00:00,30795,-0.0951,5.0
2026-27,ESP1,malaga,2026-09-06 16:30:00,30806,-0.0216,5.0
2026-27,ESP1,osasuna,2026-08-24 17:30:00,30784,0.062,12.0
2026-27,ESP1,osasuna,2026-08-27 18:30:00,30788,0.1225,13.0
2026-27,ESP1,osasuna,2026-08-31 17:30:00,30798,0.057,14.0
2026-27,ESP1,osasuna,2026-09-06 16:30:00,30807,0.1389,12.0
2026-27,ESP1,rayo vallecano,2026-08-15 19:30:00,30771,0.2227,11.0
2026-27,ESP1,rayo vallecano,2026-08-20 19:00:00,30776,0.1673,12.0
2026-27,ESP1,rayo vallecano,2026-08-31 19:30:00,30799,0.1061,12.0
2026-27,ESP1,rayo vallecano,2026-09-05 16:30:00,30803,0.1027,10.0
2026-27,ESP1,real betis,2026-08-21 19:00:00,30777,0.0478,11.0
2026-27,ESP1,real betis,2026-08-25 19:00:00,30786,0.0762,12.0
2026-27,ESP1,real betis,2026-08-29 15:00:00,30792,0.0849,13.0
2026-27,ESP1,real betis,2026-09-04 19:00:00,30801,0.0874,14.0
2026-27,ESP1,real madrid,2026-08-22 19:30:00,30780,-0.0751,11.0
2026-27,ESP1,real madrid,2026-08-26 19:00:00,30787,-0.0979,12.0
2026-27,ESP1,real madrid,2026-08-30 15:00:00,30795,-0.0246,12.0
2026-27,ESP1,real madrid,2026-09-04 19:00:00,30801,-0.0556,13.0
2026-27,ESP1,real racing,2026-08-16 15:00:00,30772,0.0755,5.0
2026-27,ESP1,real racing,2026-08-23 17:30:00,30782,0.1051,7.0
2026-27,ESP1,real racing,2026-08-28 17:00:00,30790,0.0473,7.0
2026-27,ESP1,real racing,2026-09-05 16:30:00,30803,0.0597,7.0
2026-27,ESP1,real sociedad,2026-08-21 19:00:00,30777,0.0326,13.0
2026-27,ESP1,real sociedad,2026-08-26 19:00:00,30787,-0.0177,14.0
2026-27,ESP1,real sociedad,2026-08-29 17:00:00,30793,-0.0233,13.0
2026-27,ESP1,real sociedad,2026-09-03 19:00:00,30800,0.0223,14.0
2026-27,ESP1,sevilla,2026-08-15 19:30:00,30771,-0.025,8.0
2026-27,ESP1,sevilla,2026-08-22 15:00:00,30778,-0.0122,7.0
2026-27,ESP1,sevilla,2026-08-29 19:30:00,30794,-0.0227,10.0
2026-27,ESP1,sevilla,2026-09-06 19:00:00,30808,-0.0311,10.0
2026-27,ESP1,valencia,2026-08-22 17:30:00,30779,0.1459,10.0
2026-27,ESP1,valencia,2026-08-25 19:00:00,30786,0.1529,11.0
2026-27,ESP1,valencia,2026-08-30 17:30:00,30796,0.1641,11.0
2026-27,ESP1,valencia,2026-09-06 14:15:00,30805,0.0579,12.0
2026-27,ESP1,villarreal,2026-08-16 15:00:00,30772,0.0594,12.0
2026-27,ESP1,villarreal,2026-08-23 15:00:00,30781,0.0538,11.0
2026-27,ESP1,villarreal,2026-08-28 19:30:00,30791,0.1092,12.0
2026-27,ESP1,villarreal,2026-09-05 19:00:00,30804,0.0831,11.0
2026-27,GER1,augsburg,2026-08-30 15:30:00,32254,0.1315,10.0
2026-27,GER1,augsburg,2026-09-06 15:30:00,32262,0.1971,12.0
2026-27,GER1,bayer leverkusen,2026-08-29 13:30:00,32758,0.1224,13.0
2026-27,GER1,bayer leverkusen,2026-09-05 13:30:00,32257,0.0854,13.0
2026-27,GER1,bayern munich,2026-08-28 18:30:00,32247,-0.034,11.0
2026-27,GER1,bayern munich,2026-09-05 16:30:00,32260,-0.0017,13.0
2026-27,GER1,borussia dortmund,2026-08-29 16:30:00,32252,-0.0841,10.0
2026-27,GER1,borussia dortmund,2026-09-05 13:30:00,32258,-0.059,12.0
2026-27,GER1,borussia monchengladbach,2026-08-29 13:30:00,32250,0.0185,13.0
2026-27,GER1,borussia monchengladbach,2026-09-05 13:30:00,32759,-0.0046,11.0
2026-27,GER1,cologne,2026-08-29 13:30:00,32249,0.079,9.0
2026-27,GER1,cologne,2026-09-04 18:30:00,32255,0.0719,9.0
2026-27,GER1,eintracht frankfurt,2026-08-29 13:30:00,32248,0.1081,7.0
2026-27,GER1,eintracht frankfurt,2026-09-06 15:30:00,32262,0.1408,10.0
2026-27,GER1,elversberg,2026-08-29 13:30:00,32758,-0.1244,3.0
2026-27,GER1,elversberg,2026-09-05 13:30:00,32759,0.0836,4.0
2026-27,GER1,freiburg,2026-08-30 13:30:00,32253,-0.0188,14.0
2026-27,GER1,freiburg,2026-09-05 13:30:00,32259,0.0206,12.0
2026-27,GER1,hamburger,2026-08-29 16:30:00,32252,0.0197,10.0
2026-27,GER1,hamburger,2026-09-06 13:30:00,32261,0.004,10.0
2026-27,GER1,leipzig,2026-08-29 13:30:00,32250,-0.0528,13.0
2026-27,GER1,leipzig,2026-09-05 13:30:00,32256,-0.0216,11.0
2026-27,GER1,mainz 05,2026-08-29 13:30:00,32251,0.1163,10.0
2026-27,GER1,mainz 05,2026-09-06 13:30:00,32261,0.1467,9.0
2026-27,GER1,paderborn,2026-08-29 13:30:00,32251,0.2493,3.0
2026-27,GER1,paderborn,2026-09-05 13:30:00,32259,0.1826,4.0
2026-27,GER1,schalke,2026-08-30 15:30:00,32254,0.0235,6.0
2026-27,GER1,schalke,2026-09-05 16:30:00,32260,-0.0046,5.0
2026-27,GER1,stuttgart,2026-08-28 18:30:00,32247,0.0309,14.0
2026-27,GER1,stuttgart,2026-09-04 18:30:00,32255,0.0726,13.0
2026-27,GER1,tsg hoffenheim,2026-08-29 13:30:00,32249,0.06,12.0
2026-27,GER1,tsg hoffenheim,2026-09-05 13:30:00,32258,0.0894,12.0
2026-27,GER1,union berlin,2026-08-29 13:30:00,32248,0.1027,9.0
2026-27,GER1,union berlin,2026-09-05 13:30:00,32257,0.0922,12.0
2026-27,GER1,werder bremen,2026-08-30 13:30:00,32253,0.0012,10.0
2026-27,GER1,werder bremen,2026-09-05 13:30:00,32256,0.0246,9.0
