player_name,season,joined,market_value_eur
Junior Mwanga,2026-27,Le Havre AC,6000000.0
Junior Mwanga,2025-26,R. Strasbourg,7000000.0
Junior Mwanga,2025-26,FC Nantes,6000000.0
Junior Mwanga,2024-25,R. Strasbourg,6000000.0
Junior Mwanga,2024-25,Le Havre AC,6000000.0
Junior Mwanga,2023-24,R. Strasbourg,4000000.0
Junior Mwanga,2022-23,G. Bordeaux,200000.0
Édgar Badía,2026-27,CD Mirandés,400000.0
Édgar Badía,2025-26,CyD Leonesa,600000.0
Édgar Badía,2024-25,CD Tenerife,1000000.0
Édgar Badía,2024-25,Without Club,1400000.0
Édgar Badía,2023-24,Elche CF,1400000.0
Édgar Badía,2023-24,Real Zaragoza,2000000.0
Édgar Badía,2018-19,Elche CF,800000.0
Joël Veltman,2026-27,West Ham,1500000.0
Joël Veltman,2020-21,Brighton,8000000.0
Joël Veltman,2012-13,Ajax,50000.0
Anthony Losilla,2025-26,Retired,500000.0
Anthony Losilla,2014-15,VfL Bochum,650000.0
Anthony Losilla,2012-13,Dynamo Dresden,600000.0
Fransergio,2024-25,Operário-PR,200000.0
Fransergio,2024-25,Marítimo,700000.0
Fransergio,2023-24,Coritiba FC,1200000.0
Fransergio,2021-22,G. Bordeaux,5000000.0
Fransergio,2017-18,Braga,2000000.0
Fransergio,2011-12,Criciúma,250000.0
Fransergio,2011-12,Internacional,250000.0
Romaine Sawyers,2025-26,Without Club,150000.0
Romaine Sawyers,2024-25,Bristol Rovers,200000.0
Romaine Sawyers,2024-25,AFC Wimbledon,400000.0
Romaine Sawyers,2024-25,Without Club,500000.0
Romaine Sawyers,2022-23,Cardiff,1200000.0
Romaine Sawyers,2021-22,West Brom,1200000.0
Romaine Sawyers,2021-22,Stoke City,2000000.0
Romaine Sawyers,2019-20,West Brom,3000000.0
Romaine Sawyers,2016-17,Brentford,500000.0
Romaine Sawyers,2013-14,Walsall,50000.0
Romaine Sawyers,2012-13,West Brom U21,50000.0
Romaine Sawyers,2012-13,Walsall,50000.0
Romaine Sawyers,2011-12,West Brom Res.,50000.0
Romaine Sawyers,2011-12,Shrewsbury,50000.0
Romaine Sawyers,2010-11,West Brom Res.,50000.0
Romaine Sawyers,2010-11,Port Vale,50000.0
Kevin Behrens,2025-26,FC Lugano,1000000.0
Kevin Behrens,2023-24,Wolfsburg,4000000.0
Kevin Behrens,2021-22,Union Berlin,900000.0
Kevin Behrens,2018-19,SV Sandhausen,200000.0
Kevin Behrens,2015-16,Saarbrücken,125000.0
Kevin Behrens,2015-16,RW Essen,150000.0
Kevin Behrens,2014-15,Alem. Aachen,100000.0
Kevin Behrens,2012-13,Hannover 96 II,100000.0
Cimo Röcker,2021-22,Hertha BSC II,125000.0
Cimo Röcker,2018-19,Viktoria Berlin,100000.0
Cimo Röcker,2015-16,Fortuna Köln,75000.0
Cimo Röcker,2015-16,Without Club,75000.0
Cimo Röcker,2014-15,Hannover 96 II,150000.0
Cimo Röcker,2012-13,Werder Bremen,150000.0
Ivan Ordets,2025-26,Aktobe,750000.0
Ivan Ordets,2025-26,Without Club,1000000.0
Ivan Ordets,2024-25,VfL Bochum,2500000.0
Ivan Ordets,2023-24,Dynamo Moscow,2500000.0
Ivan Ordets,2022-23,VfL Bochum,5000000.0
Ivan Ordets,2019-20,Dinamo Moscow,1500000.0
Ivan Ordets,2014-15,Shakhtar D.,1000000.0
Ivan Ordets,2013-14,Shakhtar U21,1000000.0
Ivan Ordets,2012-13,Illichivets,100000.0
Ivan Ordets,2010-11,Shakhtar U21,100000.0
Philipp Hofmann,2022-23,VfL Bochum,2000000.0
Philipp Hofmann,2019-20,Karlsruher SC,500000.0
Philipp Hofmann,2017-18,E. Braunschweig,750000.0
Philipp Hofmann,2017-18,Greuther Fürth,1000000.0
Philipp Hofmann,2015-16,Brentford,1000000.0
Philipp Hofmann,2014-15,1.FC K'lautern,1000000.0
Philipp Hofmann,2013-14,FC Schalke 04,1000000.0
Philipp Hofmann,2013-14,FC Ingolstadt,600000.0
Philipp Hofmann,2012-13,FC Schalke 04,600000.0
Philipp Hofmann,2012-13,SC Paderborn,200000.0
Philipp Hofmann,2012-13,FC Schalke 04,100000.0
Riad Nouri,2020-21,AC Ajaccio,275000.0
Riad Nouri,2019-20,Ümraniyespor,600000.0
Riad Nouri,2015-16,AC Ajaccio,600000.0
Riad Nouri,2013-14,Nîmes Olympique,500000.0
Riad Nouri,2012-13,Le Havre AC,500000.0
Riad Nouri,2012-13,Nîmes Olympique,700000.0
Riad Nouri,2012-13,Le Havre AC,700000.0
Jóan Símun Edmundsson,2024-25,KA Akureyri,125000.0
Jóan Símun Edmundsson,2023-24,FC Shkupi,150000.0
Jóan Símun Edmundsson,2023-24,KA Akureyri,200000.0
Jóan Símun Edmundsson,2021-22,Waasland-Beveren,500000.0
Jóan Símun Edmundsson,2018-19,Arm. Bielefeld,500000.0
Jóan Símun Edmundsson,2015-16,Odense BK,200000.0
Jóan Símun Edmundsson,2014-15,Vejle BK,100000.0
Jóan Símun Edmundsson,2013-14,HB Tórshavn,100000.0
Jóan Símun Edmundsson,2013-14,AB Argir,100000.0
Jóan Símun Edmundsson,2012-13,Viking FK,100000.0
Jóan Símun Edmundsson,2012-13,FC Fredericia,100000.0
Ismaily,2025-26,Retired,1200000.0
Ismaily,2022-23,Lille,3500000.0
Ismaily,2012-13,Shakhtar D.,1300000.0
Ismaily,2012-13,Braga,600000.0
Ismaily,2010-11,Olhanense,100000.0
Ismaily,2009-10,Desp. Brasil,100000.0
Marco Bizot,2025-26,Aston Villa,3000000.0
Marco Bizot,2021-22,Stade Brestois,5000000.0
Marco Bizot,2017-18,AZ Alkmaar,1200000.0
Marco Bizot,2014-15,Genk,1500000.0
Marco Bizot,2012-13,FC Groningen,150000.0
Marco Bizot,2011-12,Ajax U21,150000.0
Iñigo Ruiz de Galarreta,2023-24,Athletic Club,3000000.0
Iñigo Ruiz de Galarreta,2019-20,RCD Mallorca,1600000.0
Iñigo Ruiz de Galarreta,2019-20,UD Las Palmas,2000000.0
Iñigo Ruiz de Galarreta,2019-20,RCD Mallorca,2000000.0
Iñigo Ruiz de Galarreta,2018-19,UD Las Palmas,800000.0
Iñigo Ruiz de Galarreta,2017-18,Barcelona B,800000.0
Iñigo Ruiz de Galarreta,2015-16,CD Numancia,500000.0
Iñigo Ruiz de Galarreta,2015-16,Athletic Club,500000.0
Iñigo Ruiz de Galarreta,2015-16,CD Leganés,800000.0
Iñigo Ruiz de Galarreta,2014-15,Athletic Club,800000.0
Iñigo Ruiz de Galarreta,2014-15,Real Zaragoza,800000.0
Iñigo Ruiz de Galarreta,2013-14,Athletic Club,800000.0
Iñigo Ruiz de Galarreta,2013-14,CD Mirandés,1000000.0
Iñigo Ruiz de Galarreta,2012-13,Athletic Club,1000000.0
Ezgjan Alioski,2025-26,FC Lugano,1200000.0
Ezgjan Alioski,2022-23,Al-Ahli,4000000.0
Ezgjan Alioski,2022-23,Fenerbahçe,7500000.0
Ezgjan Alioski,2021-22,Al-Ahli,5000000.0
Ezgjan Alioski,2017-18,Leeds,3000000.0
Ezgjan Alioski,2016-17,FC Lugano,500000.0
Ezgjan Alioski,2015-16,FC Schaffhausen,500000.0
Ezgjan Alioski,2015-16,FC Lugano,500000.0
Ezgjan Alioski,2013-14,FC Schaffhausen,200000.0
Ezgjan Alioski,2012-13,BSC YB U21,200000.0
Ezgjan Alioski,2012-13,FC Schaffhausen,50000.0
Nicolas Tagliafico,2022-23,Lyon,11000000.0
Nicolas Tagliafico,2017-18,Ajax,6000000.0
Nicolas Tagliafico,2014-15,Independiente,1000000.0
Nicolas Tagliafico,2012-13,Banfield,500000.0
Nicolas Tagliafico,2012-13,Real Murcia,100000.0
Nicolas Tagliafico,2011-12,Banfield,100000.0
Jere Uronen,2026-27,Atromitos,700000.0
Jere Uronen,2026-27,AIK,700000.0
Jere Uronen,2025-26,Atromitos,800000.0
Jere Uronen,2024-25,AIK,1000000.0
Jere Uronen,2023-24,Charlotte,1000000.0
Jere Uronen,2022-23,Stade Brestois,1000000.0
Jere Uronen,2022-23,FC Schalke 04,1000000.0
Jere Uronen,2021-22,Stade Brestois,2500000.0
Jere Uronen,2015-16,Genk,900000.0
Andrea Schiavone,2025-26,Pro Patria,50000.0
Andrea Schiavone,2024-25,Without Club,100000.0
Andrea Schiavone,2023-24,Olbia,300000.0
Andrea Schiavone,2023-24,Without Club,300000.0
Andrea Schiavone,2022-23,Südtirol,400000.0
Andrea Schiavone,2021-22,Salernitana,300000.0
Andrea Schiavone,2020-21,Bari,300000.0
Andrea Schiavone,2020-21,Salernitana,450000.0
Andrea Schiavone,2019-20,Bari,700000.0
Andrea Schiavone,2018-19,Venezia,900000.0
Andrea Schiavone,2016-17,Cesena,900000.0
Andrea Schiavone,2015-16,Juventus,900000.0
Andrea Schiavone,2015-16,AS Livorno,900000.0
Andrea Schiavone,2014-15,Juventus,900000.0
Andrea Schiavone,2014-15,Modena,500000.0
Andrea Schiavone,2014-15,Juventus,500000.0
Andrea Schiavone,2013-14,AC Siena,200000.0
Andrea Schiavone,2010-11,Juventus U19,50000.0
Nicolo Manfredini,2025-26,Formigine,100000.0
Nicolo Manfredini,2025-26,Without Club,100000.0
Nicolo Manfredini,2019-20,Benevento,200000.0
Nicolo Manfredini,2017-18,Spezia Calcio,200000.0
Nicolo Manfredini,2012-13,Modena,150000.0
Nicolo Manfredini,2011-12,Fiorentina,350000.0
Danilo Pereira,2024-25,Al-Ittihad,8000000.0
Danilo Pereira,2021-22,PSG,20000000.0
Danilo Pereira,2020-21,Porto,20000000.0
Danilo Pereira,2020-21,PSG,24000000.0
Danilo Pereira,2015-16,Porto,5000000.0
Danilo Pereira,2013-14,Marítimo,650000.0
Danilo Pereira,2012-13,Parma,650000.0
Danilo Pereira,2012-13,Roda JC,500000.0
Danilo Pereira,2010-11,Parma,400000.0
Danilo Pereira,2010-11,Aris Saloniki,150000.0
Matías Dituro,2023-24,Elche CF,550000.0
Matías Dituro,2023-24,Karagümrük,800000.0
Matías Dituro,2021-22,U. Católica,1000000.0
Matías Dituro,2021-22,Celta de Vigo,1000000.0
Matías Dituro,2018-19,U. Católica,525000.0
Matías Dituro,2018-19,Bolívar,525000.0
Matías Dituro,2017-18,U. Católica,400000.0
Matías Dituro,2016-17,Bolívar,400000.0
Wataru Endo,2023-24,Liverpool,6500000.0
Wataru Endo,2020-21,Stuttgart,1600000.0
Wataru Endo,2019-20,Sint-Truiden,1600000.0
Wataru Endo,2019-20,Stuttgart,2000000.0
Wataru Endo,2018-19,Sint-Truiden,1450000.0
Wataru Endo,2015-16,Urawa Reds,850000.0
Conor Townsend,2026-27,West Brom,350000.0
Conor Townsend,2024-25,Ipswich,1500000.0
Conor Townsend,2018-19,West Brom,200000.0
Conor Townsend,2015-16,Scunthorpe Utd.,200000.0
Conor Townsend,2015-16,Hull City,200000.0
Conor Townsend,2015-16,Grimsby Town,200000.0
Conor Townsend,2014-15,Hull City,200000.0
Conor Townsend,2014-15,Scunthorpe Utd.,200000.0
Cédric Brunner,2024-25,FC Wollishofen,500000.0
Cédric Brunner,2024-25,Without Club,600000.0
Cédric Brunner,2022-23,FC Schalke 04,3200000.0
Cédric Brunner,2018-19,Arm. Bielefeld,700000.0
Cédric Brunner,2014-15,FC Zürich,100000.0
Jens Jønsson,2026-27,Aarhus GF,800000.0
Jens Jønsson,2022-23,AEK Athens,4000000.0
Jens Jønsson,2020-21,Cádiz CF,1500000.0
Jens Jønsson,2016-17,Konyaspor,500000.0
Jens Jønsson,2011-12,Aarhus GF,50000.0
Abdoulay Diaby,2026-27,Palm City,175000.0
Abdoulay Diaby,2025-26,Al-Batin,200000.0
Abdoulay Diaby,2024-25,Boavista,400000.0
Abdoulay Diaby,2024-25,Without Club,600000.0
Abdoulay Diaby,2023-24,Pendikspor,1500000.0
Abdoulay Diaby,2022-23,Kalba FC,1500000.0
Abdoulay Diaby,2021-22,Al-Jazira,2000000.0
Abdoulay Diaby,2021-22,Sporting B,2000000.0
Abdoulay Diaby,2020-21,Sporting,2000000.0
Abdoulay Diaby,2020-21,RSC Anderlecht,2800000.0
Abdoulay Diaby,2020-21,Sporting,2800000.0
Abdoulay Diaby,2020-21,Getafe,4000000.0
Abdoulay Diaby,2019-20,Sporting,4000000.0
Abdoulay Diaby,2019-20,Besiktas,5500000.0
Abdoulay Diaby,2018-19,Sporting,5000000.0
Abdoulay Diaby,2015-16,Club Brugge,2000000.0
Abdoulay Diaby,2014-15,Lille,2000000.0
Abdoulay Diaby,2014-15,Mouscron,900000.0
Abdoulay Diaby,2013-14,Lille,900000.0
Abdoulay Diaby,2013-14,Mouscron,900000.0
Soma Novothny,2025-26,Kisvárda,200000.0
Soma Novothny,2023-24,Ruch Chorzow,300000.0
Soma Novothny,2022-23,Vasas FC,400000.0
Soma Novothny,2021-22,Anorthosis,400000.0
Soma Novothny,2020-21,VfL Bochum,450000.0
Soma Novothny,2019-20,Újpest FC,550000.0
Soma Novothny,2018-19,Busan IPark,400000.0
Soma Novothny,2017-18,Újpest FC,300000.0
Soma Novothny,2016-17,Sint-Truiden,300000.0
Soma Novothny,2016-17,Diósgyőr,300000.0
Soma Novothny,2015-16,Napoli,300000.0
Soma Novothny,2015-16,Diósgyőr,200000.0
Soma Novothny,2014-15,Napoli,200000.0
Soma Novothny,2014-15,Südtirol,200000.0
Soma Novothny,2014-15,Mantova,200000.0
Soma Novothny,2013-14,Napoli,250000.0
Soma Novothny,2013-14,Paganese,250000.0
Soma Novothny,2012-13,Napoli U19,200000.0
Soma Novothny,2011-12,VLS Veszprém,200000.0
Soma Novothny,2011-12,Napoli U19,50000.0
Fidel,2025-26,Eldense,350000.0
Fidel,2023-24,Albacete,800000.0
Fidel,2019-20,Elche CF,500000.0
Fidel,2018-19,UD Las Palmas,900000.0
Fidel,2016-17,UD Almería,1500000.0
Fidel,2015-16,Córdoba CF,2000000.0
Fidel,2014-15,Elche CF,2500000.0
Fidel,2014-15,Córdoba CF,3000000.0
Fidel,2012-13,Elche CF,500000.0
Elbasan Rashani,2026-27,Vålerenga,400000.0
Elbasan Rashani,2025-26,Melbourne City,600000.0
Elbasan Rashani,2024-25,Elche CF,1500000.0
Elbasan Rashani,2021-22,Clermont Foot,500000.0
Elbasan Rashani,2020-21,BB Erzurumspor,500000.0
Elbasan Rashani,2017-18,Odd,500000.0
Elbasan Rashani,2016-17,Rosenborg BK,500000.0
Elbasan Rashani,2016-17,Bröndby IF,500000.0
Elbasan Rashani,2015-16,Rosenborg BK,500000.0
Elbasan Rashani,2014-15,Bröndby IF,500000.0
Elbasan Rashani,2010-11,Odd Grenland,50000.0
Jubal,2025-26,Krasnodar,2500000.0
Jubal,2020-21,AJ Auxerre,600000.0
Jubal,2019-20,Vitória Setúbal,700000.0
Jubal,2018-19,Arouca,700000.0
Jubal,2018-19,Boavista,700000.0
Jubal,2018-19,Portimonense,1250000.0
Jubal,2017-18,Arouca,1250000.0
Jubal,2017-18,Vit. Guimarães,1000000.0
Jubal,2015-16,Arouca,250000.0
Jubal,2015-16,Santos,250000.0
Jubal,2014-15,Avaí FC,250000.0
Jubal,2013-14,Santos,100000.0
Jubal,2013-14,Vila Nova FC,100000.0
Manuel Prietl,2024-25,Retired,200000.0
Manuel Prietl,2023-24,SCR Altach,450000.0
Manuel Prietl,2023-24,Without Club,450000.0
Manuel Prietl,2016-17,Arm. Bielefeld,400000.0
Manuel Prietl,2012-13,SV Mattersburg,150000.0
Sebastian Griesbeck,2024-25,IK Start,450000.0
Sebastian Griesbeck,2023-24,E. Braunschweig,600000.0
Sebastian Griesbeck,2021-22,Greuther Fürth,1000000.0
Sebastian Griesbeck,2020-21,Union Berlin,1000000.0
Sebastian Griesbeck,2013-14,Heidenheim,75000.0
Tobias Mohr,2025-26,Standard Liège,500000.0
Tobias Mohr,2022-23,FC Schalke 04,1300000.0
Tobias Mohr,2019-20,Heidenheim,600000.0
Tobias Mohr,2018-19,Greuther Fürth,150000.0
Saulo Decarli,2026-27,Retired,100000.0
Saulo Decarli,2024-25,Grasshoppers,300000.0
Saulo Decarli,2022-23,E. Braunschweig,300000.0
Saulo Decarli,2019-20,VfL Bochum,1300000.0
Saulo Decarli,2017-18,Club Brugge,1750000.0
Saulo Decarli,2014-15,E. Braunschweig,400000.0
Saulo Decarli,2013-14,AS Livorno,400000.0
Saulo Decarli,2013-14,AS Avellino,600000.0
Saulo Decarli,2013-14,AS Livorno,700000.0
Saulo Decarli,2012-13,FC Chiasso,700000.0
Saulo Decarli,2012-13,AS Livorno,350000.0
Saulo Decarli,2012-13,FC Chiasso,350000.0
Saulo Decarli,2010-11,FC Locarno,50000.0
Varazdat Haroyan,2026-27,Ararat Yerevan,300000.0
Varazdat Haroyan,2025-26,Without Club,400000.0
Varazdat Haroyan,2025-26,Kazincbarcika,500000.0
Varazdat Haroyan,2024-25,Pyunik Yerevan,600000.0
Varazdat Haroyan,2023-24,QD West Coast,800000.0
Varazdat Haroyan,2022-23,FC Astana,1000000.0
Varazdat Haroyan,2022-23,Anorthosis,1200000.0
Varazdat Haroyan,2021-22,Cádiz CF,900000.0
Varazdat Haroyan,2020-21,FC Astana,800000.0
Varazdat Haroyan,2020-21,Tambov,800000.0
Varazdat Haroyan,2017-18,Ural,500000.0
Varazdat Haroyan,2016-17,Padideh,400000.0
Dyego Sousa,2024-25,Without Club,100000.0
Dyego Sousa,2024-25,Nacional,400000.0
Dyego Sousa,2023-24,AD Alcorcón,800000.0
Dyego Sousa,2021-22,UD Almería,1800000.0
Dyego Sousa,2020-21,SZ FC,2500000.0
Dyego Sousa,2020-21,Famalicão,3000000.0
Dyego Sousa,2020-21,SZ FC,3000000.0
Dyego Sousa,2019-20,Benfica,4000000.0
Dyego Sousa,2019-20,SZ FC,12000000.0
Dyego Sousa,2017-18,Braga,1000000.0
Dyego Sousa,2014-15,Marítimo,300000.0
Dyego Sousa,2013-14,Portimonense,250000.0
Dyego Sousa,2012-13,Tondela,150000.0
Vladimír Coufal,2025-26,Hoffenheim,5000000.0
Vladimír Coufal,2020-21,West Ham,2000000.0
Vladimír Coufal,2018-19,Slavia Prague,900000.0
Jon Ander Garrido,2023-24,Retired,300000.0
Jon Ander Garrido,2021-22,Cádiz CF,400000.0
Jon Ander Garrido,2021-22,CD Mirandés,400000.0
Jon Ander Garrido,2014-15,Cádiz CF,200000.0
Stuart Dallas,2023-24,Retired,900000.0
Stuart Dallas,2015-16,Leeds,350000.0
Stuart Dallas,2013-14,Brentford,50000.0
Stuart Dallas,2013-14,Northampton,50000.0
Brecht Dejaegere,2024-25,KV Kortrijk,1000000.0
Brecht Dejaegere,2023-24,Charlotte,1800000.0
Brecht Dejaegere,2021-22,Toulouse,2200000.0
Brecht Dejaegere,2020-21,KAA Gent,2200000.0
Brecht Dejaegere,2020-21,Toulouse,2000000.0
Brecht Dejaegere,2013-14,KAA Gent,1200000.0
Jonathan Iglesias,2024-25,Without Club,150000.0
Jonathan Iglesias,2023-24,Guingamp,350000.0
Jonathan Iglesias,2021-22,Paris FC,500000.0
Jonathan Iglesias,2016-17,Clermont Foot,500000.0
Jonathan Iglesias,2016-17,Without Club,500000.0
Jonathan Iglesias,2015-16,Tanque Sisley,500000.0
Jonathan Iglesias,2014-15,AS Nancy,300000.0
Jonathan Iglesias,2012-13,Tanque Sisley,300000.0
Jonathan Iglesias,2010-11,Rentistas,75000.0
Jonathan Iglesias,2010-11,Without Club,75000.0
Marvin Schwäbe,2021-22,1.FC Köln,1000000.0
Marvin Schwäbe,2018-19,Bröndby IF,700000.0
Marvin Schwäbe,2017-18,Hoffenheim,700000.0
Marvin Schwäbe,2016-17,Dynamo Dresden,450000.0
Marvin Schwäbe,2015-16,Hoffenheim,450000.0
Marvin Schwäbe,2015-16,VfL Osnabrück,250000.0
Marvin Schwäbe,2014-15,Hoffenheim,100000.0
David Gil,2017-18,Cádiz CF B,200000.0
Filip Malbašić,2025-26,Without Club,100000.0
Filip Malbašić,2025-26,Newroz SC,150000.0
Filip Malbašić,2024-25,IMT Belgrad,200000.0
Filip Malbašić,2024-25,Without Club,200000.0
Filip Malbašić,2022-23,Vojvodina,400000.0
Filip Malbašić,2021-22,Burgos CF,900000.0
Filip Malbašić,2021-22,Without Club,1200000.0
Filip Malbašić,2020-21,Cádiz CF,650000.0
Filip Malbašić,2019-20,CD Tenerife,650000.0
Filip Malbašić,2019-20,Cádiz CF,800000.0
Filip Malbašić,2017-18,CD Tenerife,1500000.0
Filip Malbašić,2015-16,Vojvodina,250000.0
Filip Malbašić,2014-15,Hoffenheim,350000.0
Filip Malbašić,2014-15,Lechia Gdansk,650000.0
Filip Malbašić,2013-14,Hoffenheim,650000.0
Filip Malbašić,2013-14,Partizan,700000.0
Filip Malbašić,2012-13,Hoffenheim,500000.0
Alberto Paleari,2026-27,AEK Larnaca,1200000.0
Alberto Paleari,2024-25,Torino,500000.0
Alberto Paleari,2022-23,Benevento,1000000.0
Alberto Paleari,2021-22,Genoa,1000000.0
Alberto Paleari,2021-22,Benevento,1000000.0
Alberto Paleari,2020-21,Cittadella,1000000.0
Alberto Paleari,2020-21,Genoa,1000000.0
Alberto Paleari,2016-17,Cittadella,200000.0
Alberto Paleari,2014-15,Giana Erminio,300000.0
Alberto Paleari,2014-15,Mantova,75000.0
Alberto Paleari,2013-14,Virtus Verona,75000.0
Alberto Paleari,2012-13,Tritium,50000.0
Alberto Paleari,2011-12,Pontisola,50000.0
Riccardo Improta,2025-26,Giugliano,400000.0
Riccardo Improta,2025-26,Without Club,500000.0
Riccardo Improta,2024-25,Latina Calcio,850000.0
Riccardo Improta,2024-25,Without Club,850000.0
Riccardo Improta,2018-19,Benevento,1100000.0
Riccardo Improta,2017-18,Genoa,1100000.0
Riccardo Improta,2017-18,Bari,850000.0
Riccardo Improta,2016-17,Genoa,850000.0
Riccardo Improta,2016-17,Salernitana,900000.0
Riccardo Improta,2015-16,Genoa,900000.0
Riccardo Improta,2015-16,Cesena,1100000.0
Riccardo Improta,2014-15,Genoa,1100000.0
Riccardo Improta,2014-15,Bologna,1500000.0
Riccardo Improta,2014-15,Genoa,1000000.0
Riccardo Improta,2013-14,Chievo Verona,1000000.0
Riccardo Improta,2013-14,Padova,1000000.0
Riccardo Improta,2013-14,Genoa,1000000.0
Riccardo Improta,2013-14,Chievo Verona,600000.0
Riccardo Improta,2012-13,Genoa,600000.0
Riccardo Improta,2012-13,Stabia,200000.0
Riccardo Improta,2012-13,Genoa U19,200000.0
Riccardo Improta,2011-12,Virtus Lanciano,200000.0
Riccardo Improta,2011-12,Genoa U19,150000.0
Riccardo Improta,2010-11,Virtus Lanciano,50000.0
Mory Diaw,2026-27,Al-Shabab,900000.0
Mory Diaw,2025-26,Le Havre AC,800000.0
Mory Diaw,2024-25,Clermont Foot,800000.0
Mory Diaw,2024-25,Rodez AF,1000000.0
Mory Diaw,2022-23,Clermont Foot,300000.0
Mory Diaw,2018-19,United Zürich,250000.0
Mory Diaw,2017-18,Without Club,250000.0
Mory Diaw,2017-18,Loko Plovdiv,200000.0
Mory Diaw,2015-16,Mafra,150000.0
Manuel Perez,2024-25,Retired,100000.0
Manuel Perez,2020-21,Grenoble,650000.0
Manuel Perez,2019-20,Lens,800000.0
Manuel Perez,2017-18,Clermont Foot,400000.0
Brian Oliván,2026-27,AEK Larnaca,600000.0
Brian Oliván,2025-26,Sporting Gijón,1500000.0
Brian Oliván,2025-26,Without Club,1800000.0
Brian Oliván,2022-23,Espanyol,2500000.0
Brian Oliván,2020-21,RCD Mallorca,400000.0
Brian Oliván,2019-20,Cádiz CF,400000.0
Brian Oliván,2019-20,Girona,500000.0
Brian Oliván,2017-18,Cádiz CF,600000.0
Brian Oliván,2016-17,Granada B,600000.0
Brian Oliván,2016-17,Cádiz CF,300000.0
Brian Oliván,2014-15,R. Valladolid B,100000.0
Brian Oliván,2013-14,CSKA Sofia,50000.0
Adrian Grbic,2024-25,FC Luzern,1200000.0
Adrian Grbic,2023-24,FC Lorient,1200000.0
Adrian Grbic,2023-24,FC Luzern,1200000.0
Adrian Grbic,2022-23,FC Lorient,1500000.0
Adrian Grbic,2022-23,Valenciennes FC,1200000.0
Adrian Grbic,2021-22,FC Lorient,2500000.0
Adrian Grbic,2021-22,Vitesse,4000000.0
Adrian Grbic,2020-21,FC Lorient,2000000.0
Adrian Grbic,2019-20,Clermont Foot,600000.0
Adrian Grbic,2017-18,SCR Altach,250000.0
Adrian Grbic,2016-17,FAC,175000.0
Adrian Grbic,2015-16,Stuttgart II,150000.0
Youssouf M'Changama,2026-27,Without Club,150000.0
Youssouf M'Changama,2025-26,Al-Batin,200000.0
Youssouf M'Changama,2023-24,Troyes,900000.0
Youssouf M'Changama,2022-23,AJ Auxerre,1500000.0
Youssouf M'Changama,2019-20,Guingamp,900000.0
Youssouf M'Changama,2018-19,Grenoble,500000.0
Youssouf M'Changama,2016-17,G. Ajaccio,200000.0
Youssouf M'Changama,2014-15,GS Consolat M.,200000.0
Youssouf M'Changama,2013-14,ES Uzès PdG,50000.0
Youssouf M'Changama,2013-14,RC Arbaa,50000.0
Youssouf M'Changama,2012-13,Without Club,50000.0
Claudio Terzi,2021-22,Siena,300000.0
Claudio Terzi,2015-16,Spezia Calcio,400000.0
Claudio Terzi,2013-14,US Palermo,500000.0
Claudio Terzi,2009-10,AC Siena,1300000.0
Claudio Terzi,2004-05,Bologna,50000.0
Juan Sánchez Miño,2024-25,Retired,100000.0
Juan Sánchez Miño,2023-24,Without Club,200000.0
Juan Sánchez Miño,2023-24,Tigre,200000.0
Juan Sánchez Miño,2022-23,Lanús,350000.0
Juan Sánchez Miño,2021-22,Colon,1800000.0
Juan Sánchez Miño,2020-21,Estudiantes LP,2500000.0
Juan Sánchez Miño,2020-21,Elche CF,3500000.0
Juan Sánchez Miño,2016-17,Independiente,2500000.0
Juan Sánchez Miño,2015-16,Torino,2500000.0
Juan Sánchez Miño,2015-16,Cruzeiro,2800000.0
Juan Sánchez Miño,2015-16,Torino,2800000.0
Juan Sánchez Miño,2014-15,Estudiantes LP,2800000.0
Juan Sánchez Miño,2014-15,Torino,3000000.0
Vladimir Golemic,2026-27,Without Club,100000.0
Vladimir Golemic,2025-26,Salernitana,100000.0
Vladimir Golemic,2024-25,Mladost,200000.0
Vladimir Golemic,2023-24,LR Vicenza,450000.0
Vladimir Golemic,2021-22,Crotone,700000.0
Vladimir Golemic,2021-22,PAS Lamia,900000.0
Vladimir Golemic,2021-22,Without Club,900000.0
Vladimir Golemic,2018-19,Crotone,1000000.0
Vladimir Golemic,2016-17,FC Lugano,400000.0
Vladimir Golemic,2015-16,FC Chiasso,400000.0
Vladimir Golemic,2012-13,Mladost,50000.0
Vladimir Golemic,2011-12,Sampion Celje,25000.0
Jerome Phojo,2017-18,Clermont Foot,300000.0
Jerome Phojo,2016-17,Les Herbiers,300000.0
Jerome Phojo,2015-16,Without Club,300000.0
Jerome Phojo,2014-15,AC Arles-Avignon,250000.0
Jerome Phojo,2013-14,Monaco,250000.0
Jerome Phojo,2013-14,CA Bastia,250000.0
Josue Albert,2023-24,Wasquehal,300000.0
Josue Albert,2022-23,Without Club,300000.0
Josue Albert,2018-19,Clermont Foot,150000.0
Remy Dugimont,2018-19,AJ Auxerre,800000.0
Jonathan Clauss,2024-25,Nice,12000000.0
Jonathan Clauss,2022-23,Marseille,15000000.0
Jonathan Clauss,2020-21,Lens,1200000.0
Jonathan Clauss,2018-19,Arm. Bielefeld,300000.0
Jonathan Clauss,2017-18,Quevilly Rouen,175000.0
Philipp Förster,2026-27,F. Düsseldorf,600000.0
Philipp Förster,2025-26,Karlsruher SC,1000000.0
Philipp Förster,2024-25,Darmstadt 98,1800000.0
Philipp Förster,2024-25,Without Club,1800000.0
Philipp Förster,2022-23,VfL Bochum,2500000.0
Philipp Förster,2019-20,Stuttgart,1500000.0
Philipp Förster,2017-18,SV Sandhausen,200000.0
Philipp Förster,2016-17,1.FC Nuremberg,250000.0
Miha Blazic,2026-27,NK Maribor,350000.0
Miha Blazic,2024-25,Kalba FC,600000.0
Miha Blazic,2023-24,Lech Poznan,1800000.0
Miha Blazic,2022-23,Angers SCO,2000000.0
Miha Blazic,2017-18,Ferencváros,450000.0
Miha Blazic,2015-16,NK Domzale,400000.0
Sardar Azmoun,2024-25,Shabab Al-Ahli,8000000.0
Sardar Azmoun,2023-24,Leverkusen,8000000.0
Sardar Azmoun,2023-24,Roma,12000000.0
Sardar Azmoun,2021-22,Leverkusen,25000000.0
Sardar Azmoun,2018-19,Zenit S-Pb,9500000.0
Sardar Azmoun,2017-18,Rubin Kazan,11000000.0
Sardar Azmoun,2016-17,Rostov,7000000.0
Sardar Azmoun,2015-16,Rubin Kazan,7000000.0
Sardar Azmoun,2015-16,Rostov,2500000.0
Sardar Azmoun,2014-15,Rubin Kazan,2500000.0
Sardar Azmoun,2014-15,Rostov,2500000.0
Sardar Azmoun,2013-14,Rubin Kazan,75000.0
Sardar Azmoun,2012-13,Rubin Kazan II,75000.0
Sardar Azmoun,2011-12,Sepahan FC U19,75000.0
Tonny Vilhena,2026-27,Willem II,500000.0
Tonny Vilhena,2024-25,Panathinaikos,1300000.0
Tonny Vilhena,2024-25,Alanyaspor,2000000.0
Tonny Vilhena,2023-24,Panathinaikos,3800000.0
Tonny Vilhena,2022-23,Espanyol,3800000.0
Tonny Vilhena,2022-23,Salernitana,5000000.0
Tonny Vilhena,2022-23,Espanyol,5000000.0
Tonny Vilhena,2021-22,Krasnodar,5000000.0
Tonny Vilhena,2021-22,Espanyol,7500000.0
Tonny Vilhena,2019-20,Krasnodar,14000000.0
Tonny Vilhena,2012-13,Feyenoord,350000.0
Ben Pearson,2023-24,Stoke City,2200000.0
Ben Pearson,2022-23,Bournemouth,2500000.0
Ben Pearson,2022-23,Stoke City,2500000.0
Ben Pearson,2020-21,Bournemouth,1600000.0
Ben Pearson,2015-16,Preston,100000.0
Ben Pearson,2015-16,Man Utd U21,100000.0
Petar Stojanovic,2026-27,Legia Warszawa,350000.0
Petar Stojanovic,2026-27,NK Maribor,350000.0
Petar Stojanovic,2025-26,Legia Warszawa,750000.0
Petar Stojanovic,2024-25,FC Empoli,750000.0
Petar Stojanovic,2024-25,Salernitana,1300000.0
Petar Stojanovic,2023-24,FC Empoli,1300000.0
Petar Stojanovic,2023-24,Sampdoria,2300000.0
Petar Stojanovic,2022-23,FC Empoli,3000000.0
Petar Stojanovic,2021-22,Dinamo Zagreb,3000000.0
Petar Stojanovic,2021-22,FC Empoli,850000.0
Petar Stojanovic,2015-16,Dinamo Zagreb,2000000.0
Petar Stojanovic,2013-14,NK Maribor,100000.0
Gonzalo Verdú,2024-25,Without Club,100000.0
Gonzalo Verdú,2023-24,FC Cartagena,700000.0
Gonzalo Verdú,2017-18,Elche CF,300000.0
Jacob Barrett Laursen,2025-26,Retired,225000.0
Jacob Barrett Laursen,2023-24,Häcken,1200000.0
Jacob Barrett Laursen,2022-23,Standard Liège,1700000.0
Jacob Barrett Laursen,2020-21,Arm. Bielefeld,550000.0
Jacob Barrett Laursen,2014-15,Odense BK,500000.0
Jacob Barrett Laursen,2013-14,Juventus U19,500000.0
Jacob Barrett Laursen,2013-14,Odense BK,500000.0
Thiago Galhardo,2024-25,Santa Cruz-PE,500000.0
Thiago Galhardo,2024-25,Fortaleza,500000.0
Thiago Galhardo,2023-24,Goiás,800000.0
Thiago Galhardo,2022-23,Fortaleza,1500000.0
Thiago Galhardo,2022-23,Internacional,1500000.0
Thiago Galhardo,2022-23,Fortaleza,2000000.0
Thiago Galhardo,2021-22,Internacional,2000000.0
Thiago Galhardo,2021-22,Celta de Vigo,2500000.0
Thiago Galhardo,2019-20,Internacional,1300000.0
Thiago Galhardo,2018-19,Ceará SC,1250000.0
Thiago Galhardo,2017-18,Vasco da Gama,750000.0
Thiago Galhardo,2017-18,Coritiba FC,750000.0
Thiago Galhardo,2016-17,Albirex Niigata,750000.0
Thiago Galhardo,2016-17,Coritiba FC,750000.0
Thiago Galhardo,2015-16,Ponte Preta,750000.0
Thiago Galhardo,2015-16,Coritiba FC,750000.0
Thiago Galhardo,2015-16,Red Bull,750000.0
Thiago Galhardo,2011-12,América-RN,300000.0
Thiago Galhardo,2011-12,Bangu-RJ,300000.0
Thiago Galhardo,2011-12,Comercial-SP,300000.0
Herbert Bockhorn,2022-23,1.FC Magdeburg,800000.0
Herbert Bockhorn,2022-23,Without Club,800000.0
Herbert Bockhorn,2020-21,VfL Bochum,250000.0
Herbert Bockhorn,2019-20,Huddersfield,150000.0
Herbert Bockhorn,2016-17,B. Dortmund II,75000.0
Herbert Bockhorn,2015-16,SC Wiedenbrück,50000.0
Marek Rodák,2024-25,Al-Ettifaq,3000000.0
Marek Rodák,2019-20,Fulham,250000.0
Marek Rodák,2018-19,Fulham U23,250000.0
Marek Rodák,2018-19,Rotherham,100000.0
Marek Rodák,2017-18,Fulham U23,100000.0
Cristian Buonaiuto,2024-25,Padova,400000.0
Cristian Buonaiuto,2020-21,Cremonese,600000.0
Cristian Buonaiuto,2018-19,Perugia,700000.0
Cristian Buonaiuto,2018-19,Benevento,1000000.0
Cristian Buonaiuto,2016-17,Perugia,400000.0
Cristian Buonaiuto,2016-17,Latina Calcio,400000.0
Cristian Buonaiuto,2016-17,Perugia,300000.0
Cristian Buonaiuto,2015-16,Pescara,300000.0
Cristian Buonaiuto,2015-16,Maceratese,175000.0
Cristian Buonaiuto,2015-16,Pescara,175000.0
Cristian Buonaiuto,2014-15,Benevento,175000.0
Cristian Buonaiuto,2014-15,Torres,200000.0
Cristian Buonaiuto,2014-15,Benevento,200000.0
Cristian Buonaiuto,2014-15,Teramo,200000.0
Cristian Buonaiuto,2013-14,Benevento,250000.0
Cristian Buonaiuto,2013-14,Padova,150000.0
Ryan Christie,2021-22,Bournemouth,7000000.0
Ryan Christie,2017-18,Celtic,700000.0
Ryan Christie,2017-18,Aberdeen FC,600000.0
Ryan Christie,2016-17,Celtic,600000.0
Ryan Christie,2016-17,Aberdeen FC,600000.0
Ryan Christie,2015-16,Celtic,600000.0
Ryan Christie,2015-16,Inverness CT,250000.0
Ryan Christie,2015-16,Celtic,250000.0
Naomichi Ueda,2022-23,Kashima Antlers,500000.0
Naomichi Ueda,2021-22,Nîmes Olympique,800000.0
Naomichi Ueda,2020-21,Cercle Brugge,800000.0
Naomichi Ueda,2020-21,Nîmes Olympique,800000.0
Naomichi Ueda,2018-19,Cercle Brugge,1100000.0
Gauthier Gallon,2026-27,Le Havre AC,600000.0
Gauthier Gallon,2025-26,FCV Dender EH,600000.0
Gauthier Gallon,2023-24,Stade Rennais,2000000.0
Gauthier Gallon,2019-20,Troyes,700000.0
Gauthier Gallon,2017-18,US Orléans,300000.0
Gauthier Gallon,2014-15,Nîmes Olympique,50000.0
Hamadi Al Ghaddioui,2025-26,Fortuna Köln,100000.0
Hamadi Al Ghaddioui,2024-25,Without Club,150000.0
Hamadi Al Ghaddioui,2024-25,KFC Uerdingen,200000.0
Hamadi Al Ghaddioui,2023-24,SC Freiburg II,300000.0
Hamadi Al Ghaddioui,2022-23,SV Sandhausen,400000.0
Hamadi Al Ghaddioui,2021-22,Pafos,800000.0
Hamadi Al Ghaddioui,2019-20,Stuttgart,850000.0
Hamadi Al Ghaddioui,2017-18,J. Regensburg,225000.0
Hamadi Al Ghaddioui,2017-18,SF Lotte,225000.0
Hamadi Al Ghaddioui,2016-17,B. Dortmund II,175000.0
Hamadi Al Ghaddioui,2014-15,SC Verl,75000.0
Michele Castagnetti,2026-27,Reggiana,250000.0
Michele Castagnetti,2025-26,Cesena,350000.0
Michele Castagnetti,2018-19,Cremonese,1000000.0
Michele Castagnetti,2017-18,SPAL,1000000.0
Michele Castagnetti,2017-18,Empoli,800000.0
Michele Castagnetti,2015-16,SPAL,450000.0
Michele Castagnetti,2013-14,Carrarese,300000.0
Michele Castagnetti,2013-14,Nuova Cosenza,300000.0
Robert Glatzel,2026-27,Wolfsburg,1500000.0
Robert Glatzel,2021-22,Hamburg,2500000.0
Robert Glatzel,2020-21,Cardiff,2500000.0
Robert Glatzel,2020-21,Mainz,2000000.0
Robert Glatzel,2019-20,Cardiff,2500000.0
Robert Glatzel,2017-18,Heidenheim,450000.0
Robert Glatzel,2015-16,K'lautern II,50000.0
Robert Glatzel,2013-14,Burghausen II,50000.0
Robert Glatzel,2013-14,SV Heimstetten,50000.0
Matteo Ricci,2026-27,Ascoli,250000.0
Matteo Ricci,2023-24,Sampdoria,2200000.0
Matteo Ricci,2022-23,Frosinone,2200000.0
Matteo Ricci,2022-23,Karagümrük,3000000.0
Matteo Ricci,2021-22,Frosinone,3500000.0
Matteo Ricci,2018-19,Spezia Calcio,700000.0
Matteo Ricci,2017-18,Roma,700000.0
Matteo Ricci,2017-18,Salernitana,500000.0
Matteo Ricci,2016-17,Roma,500000.0
Matteo Ricci,2016-17,Perugia,325000.0
Matteo Ricci,2015-16,Roma,325000.0
Matteo Ricci,2015-16,AC Pisa,225000.0
Matteo Ricci,2014-15,Roma,225000.0
Matteo Ricci,2014-15,Pistoiese,300000.0
Matteo Ricci,2014-15,Roma,300000.0
Matteo Ricci,2014-15,Carpi,300000.0
Matteo Ricci,2013-14,Roma,300000.0
Matteo Ricci,2013-14,Grosseto,200000.0
Cedric Hountondji,2025-26,Bandirma Spor,1200000.0
Cedric Hountondji,2022-23,Angers SCO,3000000.0
Cedric Hountondji,2019-20,Clermont Foot,1000000.0
Cedric Hountondji,2018-19,Levski Sofia,700000.0
Cedric Hountondji,2017-18,New York City,1000000.0
Cedric Hountondji,2016-17,G. Ajaccio,1000000.0
Cedric Hountondji,2015-16,Stade Rennais,1000000.0
Cedric Hountondji,2015-16,AJ Auxerre,1000000.0
Cedric Hountondji,2014-15,Stade Rennais,1000000.0
Cedric Hountondji,2014-15,LB Châteauroux,1500000.0
Marco Modolo,2024-25,Retired,200000.0
Marco Modolo,2015-16,Venezia,150000.0
Marco Modolo,2014-15,Parma,150000.0
Marco Modolo,2014-15,Carpi,100000.0
Marco Modolo,2014-15,Parma,100000.0
Marco Modolo,2014-15,ND Gorica,150000.0
Marco Modolo,2013-14,Parma,150000.0
Marco Modolo,2013-14,ND Gorica,150000.0
Jacek Góralski,2026-27,Retired,75000.0
Jacek Góralski,2023-24,Wieczysta,700000.0
Jacek Góralski,2022-23,VfL Bochum,1600000.0
Jacek Góralski,2019-20,Kairat Almaty,3000000.0
Jacek Góralski,2017-18,Ludogorets,900000.0
Jacek Góralski,2015-16,Jagiellonia,250000.0
Damian Kądzior,2025-26,GKS Tychy,250000.0
Damian Kądzior,2024-25,Piast Gliwice,250000.0
Damian Kądzior,2024-25,Stal Mielec,300000.0
Damian Kądzior,2021-22,Piast Gliwice,1700000.0
Damian Kądzior,2020-21,SD Eibar,1700000.0
Damian Kądzior,2020-21,Alanyaspor,1500000.0
Damian Kądzior,2020-21,SD Eibar,3500000.0
Damian Kądzior,2018-19,Dinamo Zagreb,1000000.0
Damian Kądzior,2017-18,Górnik Zabrze,250000.0
Damian Kądzior,2016-17,Wigry Suwalki,200000.0
Damian Kądzior,2015-16,Jagiellonia,200000.0
Damian Kądzior,2015-16,Wigry Suwalki,200000.0
Damian Kądzior,2014-15,Jagiellonia,200000.0
Damian Kądzior,2014-15,Dolcan Zabki,100000.0
Damian Kądzior,2013-14,Jagiellonia,75000.0
Damian Kądzior,2012-13,Motor Lublin,50000.0
Caleb Ekuban,2026-27,Hellas Verona,1200000.0
Caleb Ekuban,2021-22,Genoa,7000000.0
Caleb Ekuban,2019-20,Trabzonspor,1250000.0
Caleb Ekuban,2018-19,Leeds,1250000.0
Caleb Ekuban,2018-19,Trabzonspor,500000.0
Caleb Ekuban,2017-18,Leeds,750000.0
Caleb Ekuban,2016-17,Chievo Verona,750000.0
Caleb Ekuban,2016-17,FK Partizani,175000.0
Caleb Ekuban,2015-16,Chievo Verona,175000.0
Caleb Ekuban,2015-16,Renate,200000.0
Caleb Ekuban,2014-15,Chievo Verona,200000.0
Caleb Ekuban,2014-15,Lumezzane,175000.0
Caleb Ekuban,2013-14,Chievo Verona,175000.0
Caleb Ekuban,2013-14,Lumezzane,125000.0
Caleb Ekuban,2013-14,Chievo Verona,125000.0
Caleb Ekuban,2013-14,Südtirol,125000.0
Vital N'Simba,2025-26,Clermont Foot,550000.0
Vital N'Simba,2025-26,Without Club,550000.0
Vital N'Simba,2024-25,Maccabi Haifa,1200000.0
Vital N'Simba,2022-23,G. Bordeaux,2500000.0
Vital N'Simba,2018-19,Clermont Foot,900000.0
Viktor Kovalenko,2026-27,Without Club,700000.0
Viktor Kovalenko,2025-26,Olympiakos N.,800000.0
Viktor Kovalenko,2025-26,Aris Limassol,1000000.0
Viktor Kovalenko,2025-26,Without Club,1000000.0
Viktor Kovalenko,2024-25,FC Empoli,1200000.0
Viktor Kovalenko,2024-25,Without Club,1500000.0
Viktor Kovalenko,2023-24,Atalanta,1500000.0
Viktor Kovalenko,2023-24,FC Empoli,1500000.0
Viktor Kovalenko,2022-23,Atalanta,1500000.0
Viktor Kovalenko,2022-23,Spezia Calcio,3000000.0
Viktor Kovalenko,2021-22,Atalanta,3000000.0
Viktor Kovalenko,2021-22,Spezia Calcio,5000000.0
Viktor Kovalenko,2020-21,Atalanta,6000000.0
Viktor Kovalenko,2015-16,Shakhtar D.,1000000.0
Branco van den Boomen,2026-27,Angers SCO,2500000.0
Branco van den Boomen,2025-26,Ajax,2500000.0
Branco van den Boomen,2025-26,Angers SCO,2500000.0
Branco van den Boomen,2023-24,Ajax,12000000.0
Branco van den Boomen,2020-21,Toulouse,550000.0
Branco van den Boomen,2019-20,De Graafschap,600000.0
Branco van den Boomen,2017-18,FC Eindhoven,500000.0
Branco van den Boomen,2016-17,Heerenveen,500000.0
Branco van den Boomen,2016-17,Willem II,750000.0
Branco van den Boomen,2015-16,Heerenveen,175000.0
Branco van den Boomen,2014-15,FC Eindhoven,75000.0
Dor Peretz,2022-23,M. Tel Aviv,1400000.0
Dor Peretz,2021-22,Venezia,1800000.0
Dor Peretz,2016-17,M. Tel Aviv,350000.0
Dor Peretz,2016-17,Hapoel Haifa,350000.0
Mickael Malsa,2026-27,Without Club,300000.0
Mickael Malsa,2025-26,CD Mirandés,450000.0
Mickael Malsa,2025-26,Without Club,500000.0
Mickael Malsa,2024-25,Wydad AC,600000.0
Mickael Malsa,2023-24,Without Club,1000000.0
Mickael Malsa,2022-23,Real Valladolid,1500000.0
Mickael Malsa,2022-23,Kasimpasa,1500000.0
Mickael Malsa,2022-23,Real Valladolid,3000000.0
Mickael Malsa,2020-21,Levante,2500000.0
Mickael Malsa,2019-20,CD Mirandés,400000.0
Mickael Malsa,2018-19,Fortuna Sittard,400000.0
Mickael Malsa,2018-19,Albacete,300000.0
Mickael Malsa,2017-18,Fortuna Sittard,300000.0
Mickael Malsa,2017-18,Platanias,150000.0
Mickael Malsa,2017-18,Fortuna Sittard,150000.0
Mickael Malsa,2016-17,US Avranches,150000.0
Mateusz Wieteska,2026-27,Wieczysta,1000000.0
Mateusz Wieteska,2025-26,Cagliari,1200000.0
Mateusz Wieteska,2025-26,Kocaelispor,2000000.0
Mateusz Wieteska,2024-25,Cagliari,2000000.0
Mateusz Wieteska,2024-25,PAOK,2200000.0
Mateusz Wieteska,2023-24,Cagliari,3000000.0
Mateusz Wieteska,2022-23,Clermont Foot,1300000.0
Mateusz Wieteska,2018-19,Legia Warszawa,500000.0
Mateusz Wieteska,2017-18,Górnik Zabrze,200000.0
Mateusz Wieteska,2016-17,Legia Warszawa,200000.0
Mateusz Wieteska,2016-17,Chrobry Glogow,200000.0
Mateusz Wieteska,2015-16,Legia Warszawa,125000.0
Mateusz Wieteska,2015-16,Dolcan Zabki,150000.0
Tomislav Gomelt,2023-24,Segesta Sisak,100000.0
Tomislav Gomelt,2023-24,Without Club,100000.0
Tomislav Gomelt,2022-23,NK Rudes,175000.0
Tomislav Gomelt,2021-22,Suduva,200000.0
Tomislav Gomelt,2021-22,Without Club,200000.0
Tomislav Gomelt,2020-21,ADO Den Haag,200000.0
Tomislav Gomelt,2018-19,Crotone,250000.0
Tomislav Gomelt,2018-19,FC Dinamo,250000.0
Tomislav Gomelt,2017-18,HNK Rijeka,250000.0
Tomislav Gomelt,2017-18,Lorca FC,250000.0
Tomislav Gomelt,2017-18,HNK Rijeka,300000.0
Tomislav Gomelt,2016-17,Bari,300000.0
Tomislav Gomelt,2016-17,CFR Cluj,550000.0
Tomislav Gomelt,2015-16,Bari,550000.0
Tomislav Gomelt,2015-16,CFR Cluj,100000.0
Tomislav Gomelt,2015-16,Bari,100000.0
Tomislav Gomelt,2014-15,Tottenham,100000.0
Helibelton Palacios,2025-26,Indep. Santa Fe,450000.0
Helibelton Palacios,2025-26,Cruzeiro,450000.0
Helibelton Palacios,2024-25,Millonarios,900000.0
Helibelton Palacios,2024-25,Cruzeiro,900000.0
Helibelton Palacios,2024-25,Sport Recife,1000000.0
Helibelton Palacios,2023-24,Cruzeiro,1200000.0
Helibelton Palacios,2020-21,Elche CF,1200000.0
Helibelton Palacios,2020-21,Without Club,1200000.0
Helibelton Palacios,2017-18,Atl. Nacional,1200000.0
Helibelton Palacios,2016-17,Club Brugge,800000.0
Helibelton Palacios,2013-14,Deportivo Cali,250000.0
Helibelton Palacios,2013-14,CD La Equidad,250000.0
Kiki Kouyate,2026-27,Al-Khaleej,1500000.0
Kiki Kouyate,2025-26,Royal Antwerp,3000000.0
Kiki Kouyate,2022-23,Montpellier,3500000.0
Kiki Kouyate,2020-21,FC Metz,2200000.0
Kiki Kouyate,2018-19,Troyes,300000.0
Kiki Kouyate,2018-19,Sporting CP U23,300000.0
Florian Tardieu,2026-27,Montpellier,400000.0
Florian Tardieu,2023-24,Saint-Étienne,2000000.0
Florian Tardieu,2019-20,Troyes,700000.0
Florian Tardieu,2018-19,Zulte Waregem,900000.0
Florian Tardieu,2014-15,FC Sochaux,650000.0
Cedric Gondo,2026-27,Without Club,350000.0
Cedric Gondo,2024-25,Reggiana,700000.0
Cedric Gondo,2023-24,Cremonese,700000.0
Cedric Gondo,2023-24,Reggiana,800000.0
Cedric Gondo,2022-23,Cremonese,800000.0
Cedric Gondo,2022-23,Ascoli,700000.0
Cedric Gondo,2021-22,Cremonese,800000.0
Cedric Gondo,2021-22,Salernitana,850000.0
Cedric Gondo,2021-22,Without Club,850000.0
Cedric Gondo,2020-21,Lazio,850000.0
Cedric Gondo,2019-20,Salernitana,275000.0
Cedric Gondo,2019-20,Lazio,275000.0
Cedric Gondo,2018-19,Rieti,275000.0
Cedric Gondo,2018-19,Without Club,275000.0
Cedric Gondo,2017-18,Asteras Tripoli,275000.0
Cedric Gondo,2017-18,Teramo,350000.0
Cedric Gondo,2016-17,Asteras Tripoli,700000.0
Cedric Gondo,2015-16,Fiorentina,700000.0
Cedric Gondo,2015-16,Ternana,400000.0
Eduardo Henrique,2026-27,Al-Tai,450000.0
Eduardo Henrique,2024-25,Al-Ula,750000.0
Eduardo Henrique,2023-24,QD West Coast,1000000.0
Eduardo Henrique,2021-22,Sporting,2000000.0
Eduardo Henrique,2021-22,Al-Raed,1700000.0
Eduardo Henrique,2020-21,Sporting,1700000.0
Eduardo Henrique,2020-21,Crotone,2400000.0
Eduardo Henrique,2019-20,Sporting,2500000.0
Eduardo Henrique,2018-19,Internacional,2500000.0
Eduardo Henrique,2018-19,B SAD,700000.0
Eduardo Henrique,2017-18,Internacional,700000.0
Eduardo Henrique,2016-17,Atlético-PR,750000.0
Eduardo Henrique,2016-17,Internacional,750000.0
Eduardo Henrique,2016-17,Coimbra,750000.0
Domen Crnigoj,2026-27,Without Club,250000.0
Domen Crnigoj,2025-26,Südtirol,250000.0
Domen Crnigoj,2025-26,Triestina,500000.0
Domen Crnigoj,2025-26,Without Club,500000.0
Domen Crnigoj,2023-24,Venezia,900000.0
Domen Crnigoj,2023-24,Reggiana,1500000.0
Domen Crnigoj,2022-23,Venezia,1500000.0
Domen Crnigoj,2022-23,Salernitana,1500000.0
Domen Crnigoj,2020-21,Venezia,800000.0
Domen Crnigoj,2015-16,FC Lugano,600000.0
Joakim Nilsson,2026-27,Retired,750000.0
Joakim Nilsson,2025-26,MLS Pool,1500000.0
Joakim Nilsson,2022-23,St. Louis CITY,3500000.0
Joakim Nilsson,2019-20,Arm. Bielefeld,800000.0
Joakim Nilsson,2015-16,Elfsborg,200000.0
Hakim Ziyech,2026-27,Botafogo,2200000.0
Hakim Ziyech,2025-26,Wydad AC,3500000.0
Hakim Ziyech,2024-25,Al-Duhail SC,5000000.0
Hakim Ziyech,2024-25,Galatasaray,9000000.0
Hakim Ziyech,2023-24,Chelsea,9000000.0
Hakim Ziyech,2023-24,Galatasaray,16000000.0
Hakim Ziyech,2020-21,Chelsea,40000000.0
Hakim Ziyech,2016-17,Ajax,11000000.0
Hakim Ziyech,2014-15,FC Twente,5000000.0
Jodel Dossou,2026-27,Lorentzweiler,100000.0
Jodel Dossou,2025-26,Pays du Valois,125000.0
Jodel Dossou,2025-26,Without Club,125000.0
Jodel Dossou,2024-25,Vict. Rosport,250000.0
Jodel Dossou,2024-25,SC Toulon,250000.0
Jodel Dossou,2024-25,Without Club,300000.0
Jodel Dossou,2022-23,FC Sochaux,1000000.0
Jodel Dossou,2020-21,Clermont Foot,700000.0
Jodel Dossou,2019-20,TSV Hartberg,400000.0
Jodel Dossou,2018-19,FC Vaduz,300000.0
Jodel Dossou,2015-16,A. Lustenau,200000.0
Jodel Dossou,2014-15,Without Club,200000.0
Jodel Dossou,2014-15,FC Liefering,300000.0
Iván Sánchez,2026-27,Without Club,400000.0
Iván Sánchez,2025-26,Sepahan,600000.0
Iván Sánchez,2022-23,Real Valladolid,800000.0
Iván Sánchez,2021-22,Birmingham,800000.0
Iván Sánchez,2021-22,Real Valladolid,800000.0
Iván Sánchez,2020-21,Birmingham,650000.0
Iván Sánchez,2018-19,Elche CF,300000.0
Iván Sánchez,2017-18,Albacete,300000.0
Iván Sánchez,2017-18,Elche CF,300000.0
Iván Sánchez,2016-17,UD Almería,300000.0
Iván Sánchez,2016-17,Albacete,300000.0
Iván Sánchez,2015-16,UD Almería,400000.0
Mikkel Desler,2024-25,Austin,3000000.0
Mikkel Desler,2021-22,Toulouse,500000.0
Mikkel Desler,2018-19,Haugesund,400000.0
Srđan Babić,2023-24,Spartak Moscow,3500000.0
Srđan Babić,2022-23,UD Almería,2000000.0
Srđan Babić,2021-22,Red Star,2000000.0
Srđan Babić,2021-22,UD Almería,1500000.0
Srđan Babić,2020-21,Red Star,1500000.0
Srđan Babić,2020-21,Famalicão,1400000.0
Srđan Babić,2018-19,Red Star,850000.0
Srđan Babić,2017-18,Real Sociedad,850000.0
Srđan Babić,2017-18,Red Star,600000.0
Srđan Babić,2016-17,Real Sociedad,600000.0
Srđan Babić,2016-17,Reus Deportiu,1000000.0
Srđan Babić,2015-16,Real Sociedad B,1250000.0
Patrick Pentz,2024-25,Bröndby IF,3000000.0
Patrick Pentz,2023-24,Leverkusen,3000000.0
Patrick Pentz,2023-24,Bröndby IF,1500000.0
Patrick Pentz,2022-23,Leverkusen,1500000.0
Patrick Pentz,2022-23,Stade Reims,1700000.0
Luka Bogdan,2026-27,Without Club,200000.0
Luka Bogdan,2025-26,AEL Limassol,250000.0
Luka Bogdan,2024-25,NK Istra,400000.0
Luka Bogdan,2024-25,Without Club,400000.0
Luka Bogdan,2023-24,Ternana,400000.0
Luka Bogdan,2023-24,Ascoli,600000.0
Luka Bogdan,2023-24,Ternana,600000.0
Luka Bogdan,2022-23,Salernitana,600000.0
Luka Bogdan,2021-22,Ternana,750000.0
Luka Bogdan,2021-22,Salernitana,800000.0
Luka Bogdan,2020-21,AS Livorno,800000.0
Luka Bogdan,2020-21,Salernitana,750000.0
Luka Bogdan,2018-19,AS Livorno,350000.0
Luka Bogdan,2017-18,Catania,250000.0
Luka Bogdan,2016-17,Vicenza,150000.0
Luka Bogdan,2015-16,NK Krka,150000.0
Luka Bogdan,2014-15,DNŠ Zavrč,150000.0
Ivan Šunjić,2024-25,Pafos,1500000.0
Ivan Šunjić,2022-23,Birmingham,1500000.0
Ivan Šunjić,2022-23,Hertha BSC,4000000.0
Ivan Šunjić,2019-20,Birmingham,3000000.0
Ivan Šunjić,2017-18,Dinamo Zagreb,1350000.0
Ivan Šunjić,2017-18,NK Lokomotiva,850000.0
Ivan Šunjić,2017-18,Dinamo Zagreb,850000.0
César de la Hoz,2025-26,Retired,350000.0
César de la Hoz,2024-25,Real Oviedo,400000.0
César de la Hoz,2023-24,Real Valladolid,1200000.0
César de la Hoz,2018-19,UD Almería,500000.0
César de la Hoz,2017-18,Betis Deportivo,500000.0
César de la Hoz,2017-18,Albacete,150000.0
César de la Hoz,2013-14,Barakaldo CF,200000.0
Valentin Antov,2024-25,Monza,2500000.0
Valentin Antov,2023-24,Cremonese,800000.0
Valentin Antov,2022-23,Monza,800000.0
Valentin Antov,2021-22,CSKA-Sofia,800000.0
Valentin Antov,2021-22,Monza,2000000.0
Valentin Antov,2020-21,CSKA-Sofia,2000000.0
Valentin Antov,2020-21,Bologna,1000000.0
Ridgeciano Haps,2023-24,Venezia,900000.0
Ridgeciano Haps,2022-23,Genoa,1000000.0
Ridgeciano Haps,2021-22,Venezia,4500000.0
Ridgeciano Haps,2017-18,Feyenoord,5000000.0
Ridgeciano Haps,2013-14,AZ Alkmaar,250000.0
Ridgeciano Haps,2013-14,Go Ahead Eagles,100000.0
Kenji-Van Boto,2025-26,Clermont Foot,300000.0
Kenji-Van Boto,2023-24,Pau FC,400000.0
Kenji-Van Boto,2021-22,AJ Auxerre,900000.0
Kenji-Van Boto,2021-22,Pau FC,500000.0
Bersant Celina,2026-27,Al-Ettifaq,2000000.0
Bersant Celina,2023-24,AIK,1800000.0
Bersant Celina,2023-24,Dijon,1800000.0
Bersant Celina,2023-24,AIK,2500000.0
Bersant Celina,2022-23,Dijon,2500000.0
Bersant Celina,2022-23,Stoke City,3000000.0
Bersant Celina,2022-23,Dijon,3000000.0
Bersant Celina,2022-23,Kasimpasa,3000000.0
Bersant Celina,2021-22,Dijon,3000000.0
Bersant Celina,2021-22,Ipswich,3000000.0
Bersant Celina,2020-21,Dijon,4000000.0
Bersant Celina,2018-19,Swansea,2500000.0
Bersant Celina,2017-18,Man City,2500000.0
Bersant Celina,2017-18,Ipswich,2500000.0
Bersant Celina,2016-17,Man City,2500000.0
Gennaro Acampora,2026-27,Ascoli,250000.0
Gennaro Acampora,2025-26,Pescara,300000.0
Gennaro Acampora,2023-24,Benevento,450000.0
Gennaro Acampora,2023-24,Bari,650000.0
Gennaro Acampora,2021-22,Benevento,400000.0
Gennaro Acampora,2017-18,Spezia Calcio,600000.0
Gennaro Acampora,2017-18,Virtus Entella,750000.0
Gennaro Acampora,2016-17,Spezia Calcio,900000.0
Gennaro Acampora,2016-17,Perugia,200000.0
Gennaro Acampora,2014-15,Spezia Calcio,75000.0
Gennaro Acampora,2013-14,Spezia U19,75000.0
Atakan Karazor,2019-20,Stuttgart,1000000.0
Atakan Karazor,2017-18,Holstein Kiel,200000.0
Atakan Karazor,2015-16,B. Dortmund II,50000.0
Luca Pfeiffer,2025-26,SV Elversberg,600000.0
Luca Pfeiffer,2024-25,Stuttgart,600000.0
Luca Pfeiffer,2024-25,Karlsruher SC,1200000.0
Luca Pfeiffer,2023-24,Stuttgart,1200000.0
Luca Pfeiffer,2023-24,Darmstadt 98,1700000.0
Luca Pfeiffer,2022-23,Stuttgart,2000000.0
Luca Pfeiffer,2021-22,Midtjylland,2000000.0
Luca Pfeiffer,2021-22,Darmstadt 98,500000.0
Luca Pfeiffer,2020-21,Midtjylland,325000.0
Luca Pfeiffer,2019-20,Würzb. Kickers,200000.0
Luca Pfeiffer,2018-19,SC Paderborn,200000.0
Luca Pfeiffer,2018-19,VfL Osnabrück,150000.0
Luca Pfeiffer,2018-19,SC Paderborn,150000.0
Emiliano Marcondes,2026-27,Melbourne City,600000.0
Emiliano Marcondes,2024-25,Norwich,1500000.0
Emiliano Marcondes,2024-25,Without Club,1500000.0
Emiliano Marcondes,2023-24,Bournemouth,1500000.0
Emiliano Marcondes,2023-24,Hibernian FC,1500000.0
Emiliano Marcondes,2022-23,Bournemouth,1500000.0
Emiliano Marcondes,2022-23,Nordsjaelland,1800000.0
Emiliano Marcondes,2021-22,Bournemouth,2800000.0
Emiliano Marcondes,2019-20,Brentford,1700000.0
Emiliano Marcondes,2019-20,Midtjylland,1500000.0
Emiliano Marcondes,2017-18,Brentford,2500000.0
Emiliano Marcondes,2014-15,Nordsjaelland,200000.0
Andre Onana,2026-27,Man Utd,10000000.0
Andre Onana,2025-26,Trabzonspor,25000000.0
Andre Onana,2023-24,Man Utd,35000000.0
Andre Onana,2022-23,Inter,12000000.0
Andre Onana,2016-17,Ajax,800000.0
Ozan Tufan,2024-25,Trabzonspor,2800000.0
Ozan Tufan,2022-23,Hull City,3800000.0
Ozan Tufan,2021-22,Fenerbahçe,10000000.0
Ozan Tufan,2021-22,Watford,11000000.0
Ozan Tufan,2019-20,Fenerbahçe,1500000.0
Ozan Tufan,2018-19,Fenerbahce U21,1500000.0
Ozan Tufan,2018-19,Alanyaspor,1000000.0
Ozan Tufan,2018-19,Fenerbahce U21,2000000.0
Ozan Tufan,2015-16,Fenerbahçe,7500000.0
Ozan Tufan,2013-14,Bursaspor,400000.0
Michel Aebischer,2026-27,Union Berlin,4000000.0
Michel Aebischer,2026-27,Pisa,4000000.0
Michel Aebischer,2025-26,Bologna,4000000.0
Michel Aebischer,2025-26,Pisa,7500000.0
Michel Aebischer,2022-23,Bologna,3500000.0
Michel Aebischer,2021-22,Young Boys,3500000.0
Michel Aebischer,2021-22,Bologna,3500000.0
Michel Aebischer,2016-17,Young Boys,100000.0
Silvan Hefti,2025-26,D.C. United,700000.0
Silvan Hefti,2024-25,Hamburg,2500000.0
Silvan Hefti,2023-24,Genoa,2500000.0
Silvan Hefti,2023-24,Montpellier,2500000.0
Silvan Hefti,2021-22,Genoa,3500000.0
Silvan Hefti,2020-21,Young Boys,3500000.0
Laurent Abergel,2026-27,Nice,1800000.0
Laurent Abergel,2019-20,FC Lorient,800000.0
Laurent Abergel,2017-18,AS Nancy,800000.0
Laurent Abergel,2015-16,AC Ajaccio,300000.0
Laurent Abergel,2014-15,Marseille,300000.0
Laurent Abergel,2014-15,AC Ajaccio,250000.0
Francesco Di Mariano,2025-26,Padova,450000.0
Francesco Di Mariano,2025-26,Modena,500000.0
Francesco Di Mariano,2022-23,Palermo,2000000.0
Francesco Di Mariano,2021-22,Lecce,800000.0
Francesco Di Mariano,2019-20,Venezia,500000.0
Francesco Di Mariano,2019-20,Juve Stabia,750000.0
Francesco Di Mariano,2018-19,Venezia,750000.0
Francesco Di Mariano,2016-17,Novara,225000.0
Francesco Di Mariano,2015-16,Roma,225000.0
Francesco Di Mariano,2015-16,Monopoli,225000.0
Francesco Di Mariano,2015-16,Ancona,250000.0
Francesco Di Mariano,2013-14,Roma U19,250000.0
Pietro Ceccaroni,2023-24,Palermo,1600000.0
Pietro Ceccaroni,2022-23,Venezia,1600000.0
Pietro Ceccaroni,2022-23,Lecce,2000000.0
Pietro Ceccaroni,2020-21,Venezia,600000.0
Pietro Ceccaroni,2019-20,Spezia Calcio,600000.0
Pietro Ceccaroni,2019-20,Venezia,250000.0
Pietro Ceccaroni,2018-19,Spezia Calcio,250000.0
Pietro Ceccaroni,2018-19,Padova,300000.0
Pietro Ceccaroni,2015-16,Spezia Calcio,175000.0
Pietro Ceccaroni,2015-16,SPAL,125000.0
Pietro Ceccaroni,2013-14,Spezia Calcio,125000.0
Przemyslaw Frankowski,2026-27,Galatasaray,6000000.0
Przemyslaw Frankowski,2025-26,Stade Rennais,7000000.0
Przemyslaw Frankowski,2025-26,Galatasaray,7000000.0
Przemyslaw Frankowski,2024-25,Lens,7000000.0
Przemyslaw Frankowski,2024-25,Galatasaray,8000000.0
Przemyslaw Frankowski,2021-22,Lens,2000000.0
Przemyslaw Frankowski,2018-19,Chicago,1500000.0
Przemyslaw Frankowski,2014-15,Jagiellonia,300000.0
Maximilian Ullmann,2025-26,Grasshoppers,800000.0
Maximilian Ullmann,2025-26,Without Club,1000000.0
Maximilian Ullmann,2024-25,Wolfsberger AC,300000.0
Maximilian Ullmann,2022-23,Venezia,500000.0
Maximilian Ullmann,2022-23,1.FC Magdeburg,1200000.0
Maximilian Ullmann,2021-22,Venezia,2500000.0
Maximilian Ullmann,2019-20,Rapid Vienna,2500000.0
Maximilian Ullmann,2014-15,LASK,75000.0
Jamal Lowe,2024-25,Sheff Wed,1500000.0
Jamal Lowe,2023-24,Bournemouth,1500000.0
Jamal Lowe,2023-24,Swansea,1500000.0
Jamal Lowe,2022-23,Bournemouth,1500000.0
Jamal Lowe,2022-23,QPR,1500000.0
Jamal Lowe,2021-22,Bournemouth,2000000.0
Jamal Lowe,2020-21,Swansea,1400000.0
Jamal Lowe,2019-20,Wigan,75000.0
Anderson Lucoqui,2025-26,Energie Cottbus,275000.0
Anderson Lucoqui,2024-25,1860 Munich,250000.0
Anderson Lucoqui,2023-24,E. Braunschweig,500000.0
Anderson Lucoqui,2023-24,Hertha BSC,600000.0
Anderson Lucoqui,2022-23,Mainz,600000.0
Anderson Lucoqui,2022-23,Hansa Rostock,1800000.0
Anderson Lucoqui,2021-22,Mainz,1000000.0
Anderson Lucoqui,2018-19,Arm. Bielefeld,150000.0
Esteban Saveljich,2026-27,Retired,50000.0
Esteban Saveljich,2024-25,Real Murcia,400000.0
Esteban Saveljich,2023-24,Burgos CF,500000.0
Esteban Saveljich,2019-20,Rayo Vallecano,1000000.0
Esteban Saveljich,2018-19,Levante,1000000.0
Esteban Saveljich,2018-19,UD Almería,600000.0
Esteban Saveljich,2017-18,Levante,600000.0
Esteban Saveljich,2017-18,Albacete,500000.0
Esteban Saveljich,2016-17,Levante,800000.0
Esteban Saveljich,2015-16,Racing Club,600000.0
Esteban Saveljich,2015-16,UD Almería,600000.0
Esteban Saveljich,2014-15,Defensa,600000.0
Simone Perilli,2022-23,Hellas Verona,200000.0
Simone Perilli,2021-22,Brescia,200000.0
Simone Perilli,2019-20,AC Pisa,150000.0
Simone Perilli,2018-19,Pordenone,150000.0
Simone Perilli,2018-19,Perugia,200000.0
Simone Perilli,2017-18,Pordenone,200000.0
Simone Perilli,2015-16,Reggiana,50000.0
Simone Perilli,2014-15,Sassuolo,50000.0
Simone Perilli,2014-15,Pro Patria,50000.0
Emmanuel Gyasi,2026-27,Palermo,800000.0
Emmanuel Gyasi,2025-26,FC Empoli,800000.0
Emmanuel Gyasi,2025-26,Palermo,1400000.0
Emmanuel Gyasi,2023-24,FC Empoli,2000000.0
Emmanuel Gyasi,2017-18,Spezia Calcio,225000.0
Emmanuel Gyasi,2017-18,Südtirol,175000.0
Emmanuel Gyasi,2016-17,Spezia Calcio,175000.0
Emmanuel Gyasi,2016-17,Pistoiese,200000.0
Emmanuel Gyasi,2016-17,Spezia Calcio,200000.0
Emmanuel Gyasi,2015-16,Torino,200000.0
Emmanuel Gyasi,2015-16,Carrarese,75000.0
Emmanuel Gyasi,2014-15,Torino,75000.0
Emmanuel Gyasi,2014-15,Mantova,75000.0
Emmanuel Gyasi,2014-15,AC Pisa,75000.0
Oussama Idrissi,2023-24,Pachuca,5500000.0
Oussama Idrissi,2022-23,Sevilla FC,5500000.0
Oussama Idrissi,2022-23,Feyenoord,4000000.0
Oussama Idrissi,2021-22,Sevilla FC,4000000.0
Oussama Idrissi,2021-22,Cádiz CF,7000000.0
Oussama Idrissi,2020-21,Sevilla FC,8000000.0
Oussama Idrissi,2020-21,Ajax,9000000.0
Oussama Idrissi,2020-21,Sevilla FC,12000000.0
Oussama Idrissi,2017-18,AZ Alkmaar,2000000.0
Oussama Idrissi,2015-16,FC Groningen,50000.0
Thomas Ouwejan,2026-27,Machida Zelvia,700000.0
Thomas Ouwejan,2024-25,NEC Nijmegen,1500000.0
Thomas Ouwejan,2022-23,FC Schalke 04,2500000.0
Thomas Ouwejan,2021-22,AZ Alkmaar,2500000.0
Thomas Ouwejan,2021-22,FC Schalke 04,2000000.0
Thomas Ouwejan,2020-21,AZ Alkmaar,2000000.0
Thomas Ouwejan,2020-21,Udinese,2400000.0
Stijn Spierings,2025-26,Salt Lake,1200000.0
Stijn Spierings,2024-25,Bröndby IF,4500000.0
Stijn Spierings,2023-24,Lens,4500000.0
Stijn Spierings,2023-24,Toulouse,6000000.0
Stijn Spierings,2023-24,Lens,6000000.0
Stijn Spierings,2020-21,Toulouse,550000.0
Stijn Spierings,2019-20,Levski Sofia,700000.0
Stijn Spierings,2018-19,RKC Waalwijk,400000.0
Stijn Spierings,2016-17,Sparta R.,150000.0
Stijn Spierings,2015-16,AZ Alkmaar,150000.0
Stijn Spierings,2015-16,Sparta R.,150000.0
Lorenzo Montipo,2026-27,Venezia,1200000.0
Lorenzo Montipo,2022-23,Hellas Verona,4500000.0
Lorenzo Montipo,2021-22,Benevento,4500000.0
Lorenzo Montipo,2021-22,Hellas Verona,3500000.0
Lorenzo Montipo,2019-20,Benevento,1000000.0
Lorenzo Montipo,2018-19,Novara,1000000.0
Lorenzo Montipo,2018-19,Benevento,800000.0
Lorenzo Montipo,2016-17,Novara,250000.0
Lorenzo Montipo,2016-17,Carpi,250000.0
Lorenzo Montipo,2015-16,Novara,250000.0
Lorenzo Montipo,2015-16,Robur Siena,75000.0
Charles Pickel,2026-27,Sharjah FC,2500000.0
Charles Pickel,2025-26,Espanyol,2400000.0
Charles Pickel,2022-23,Cremonese,2500000.0
Charles Pickel,2021-22,Famalicão,700000.0
Charles Pickel,2019-20,Grenoble,750000.0
Charles Pickel,2018-19,Grasshoppers,750000.0
Charles Pickel,2018-19,Neuchâtel Xamax,750000.0
Charles Pickel,2017-18,Grasshoppers,1000000.0
Charles Pickel,2017-18,FC Schaffhausen,1000000.0
Charles Pickel,2016-17,Grasshoppers,200000.0
Marcos Mauro,2024-25,CF Fuenlabrada,150000.0
Marcos Mauro,2023-24,Real Murcia,500000.0
Marcos Mauro,2022-23,UD Ibiza,700000.0
Marcos Mauro,2021-22,FC Juárez,1200000.0
Marcos Mauro,2017-18,Cádiz CF,300000.0
Shon Weissman,2026-27,B. Jerusalem,750000.0
Shon Weissman,2025-26,Blau Weiss Linz,1200000.0
Shon Weissman,2025-26,Without Club,1200000.0
Shon Weissman,2023-24,Granada CF,1700000.0
Shon Weissman,2023-24,Salernitana,2000000.0
Shon Weissman,2023-24,Granada CF,4000000.0
Shon Weissman,2022-23,Real Valladolid,4000000.0
Shon Weissman,2022-23,Granada CF,5000000.0
Shon Weissman,2020-21,Real Valladolid,6000000.0
Shon Weissman,2019-20,Wolfsberger AC,500000.0
Shon Weissman,2017-18,Maccabi Haifa,100000.0
Shon Weissman,2017-18,Kiryat Shmona,100000.0
Shon Weissman,2016-17,Maccabi Haifa,100000.0
Shon Weissman,2016-17,Maccabi Netanya,100000.0
Shon Weissman,2015-16,Maccabi Haifa,100000.0
Shon Weissman,2015-16,Hapoel Acre,100000.0
Jonas Omlin,2026-27,Basel,800000.0
Jonas Omlin,2025-26,Mönchengladbach,800000.0
Jonas Omlin,2025-26,Leverkusen,1500000.0
Jonas Omlin,2022-23,Mönchengladbach,7000000.0
Jonas Omlin,2020-21,Montpellier,4800000.0
Jonas Omlin,2018-19,Basel,1000000.0
Jonas Omlin,2015-16,FC Luzern,100000.0
Jonas Omlin,2015-16,Le Mont LS,100000.0
Tariqe Fosu,2025-26,Without Club,400000.0
Tariqe Fosu,2024-25,Northampton,900000.0
Tariqe Fosu,2023-24,Without Club,1800000.0
Tariqe Fosu,2022-23,Brentford,2000000.0
Tariqe Fosu,2022-23,Rotherham,2000000.0
Tariqe Fosu,2022-23,Stoke City,2000000.0
Tariqe Fosu,2019-20,Brentford,200000.0
Tariqe Fosu,2019-20,Oxford United,200000.0
Tariqe Fosu,2017-18,Charlton,50000.0
Tariqe Fosu,2016-17,Reading U23,50000.0
Tariqe Fosu,2016-17,Colchester Utd.,50000.0
Tariqe Fosu,2015-16,Reading U21,50000.0
Tariqe Fosu,2015-16,Accrington,50000.0
Tariqe Fosu,2015-16,Fleetwood,50000.0
José Sá,2021-22,Wolves,7500000.0
José Sá,2019-20,Olympiacos,2500000.0
José Sá,2018-19,Porto,2500000.0
José Sá,2018-19,Olympiacos,2500000.0
José Sá,2015-16,Porto,1600000.0
José Sá,2013-14,Marítimo,100000.0
Pasquale Mazzocchi,2026-27,Napoli,1500000.0
Pasquale Mazzocchi,2026-27,Venezia,1500000.0
Pasquale Mazzocchi,2023-24,Napoli,4000000.0
Pasquale Mazzocchi,2022-23,Salernitana,1500000.0
Pasquale Mazzocchi,2021-22,Venezia,1500000.0
Pasquale Mazzocchi,2021-22,Salernitana,1500000.0
Pasquale Mazzocchi,2020-21,Venezia,400000.0
Pasquale Mazzocchi,2018-19,Perugia,600000.0
Pasquale Mazzocchi,2015-16,Parma,50000.0
Pasquale Mazzocchi,2014-15,AC Rimini,50000.0
Pasquale Mazzocchi,2014-15,Verona U19,50000.0
Pasquale Mazzocchi,2014-15,Pro Piacenza,50000.0
Pasquale Mazzocchi,2013-14,Verona U19,50000.0
Pasquale Mazzocchi,2013-14,Bellaria IM,50000.0
Niclas Eliasson,2026-27,AEK Athens,3000000.0
Niclas Eliasson,2026-27,Internacional,3000000.0
Niclas Eliasson,2022-23,AEK Athens,2500000.0
Niclas Eliasson,2020-21,Nîmes Olympique,4000000.0
Niclas Eliasson,2017-18,Bristol City,800000.0
Niclas Eliasson,2016-17,Norrköping,400000.0
Niclas Eliasson,2016-17,AIK,150000.0
Niclas Eliasson,2016-17,Norrköping,150000.0
Niclas Eliasson,2013-14,AIK,200000.0
Semi Ajayi,2025-26,Hull City,1000000.0
Semi Ajayi,2019-20,West Brom,1000000.0
Semi Ajayi,2017-18,Rotherham,150000.0
Semi Ajayi,2016-17,Cardiff,150000.0
Semi Ajayi,2016-17,Rotherham,150000.0
Semi Ajayi,2015-16,Cardiff,100000.0
Semi Ajayi,2015-16,Crewe Alexandra,100000.0
Semi Ajayi,2015-16,AFC Wimbledon,100000.0
Fali,2026-27,Xerez CD,300000.0
Fali,2025-26,Without Club,400000.0
Fali,2019-20,Cádiz CF,800000.0
Fali,2018-19,Gimnàstic,800000.0
Fali,2018-19,Cádiz CF,800000.0
Fali,2017-18,Gimnàstic,800000.0
Fali,2015-16,Barcelona B,400000.0
Aleksey Miranchuk,2024-25,Atlanta,10000000.0
Aleksey Miranchuk,2022-23,Atalanta,12000000.0
Aleksey Miranchuk,2022-23,Torino,10000000.0
Aleksey Miranchuk,2020-21,Atalanta,18000000.0
Awer Mabil,2026-27,Melbourne City,500000.0
Awer Mabil,2024-25,Castellón,300000.0
Awer Mabil,2024-25,Without Club,300000.0
Awer Mabil,2023-24,Grasshoppers,1200000.0
Awer Mabil,2022-23,Cádiz CF,1200000.0
Awer Mabil,2022-23,Sparta Prague,1500000.0
Awer Mabil,2022-23,Cádiz CF,1800000.0
Awer Mabil,2021-22,Midtjylland,1800000.0
Awer Mabil,2021-22,Kasimpasa,2000000.0
Awer Mabil,2017-18,Midtjylland,550000.0
Awer Mabil,2017-18,Paços Ferreira,450000.0
Awer Mabil,2016-17,Midtjylland,450000.0
Awer Mabil,2016-17,Esbjerg fB,400000.0
Awer Mabil,2015-16,Midtjylland,450000.0
Awer Mabil,2013-14,Adelaide United,50000.0
Patrick Ciurria,2021-22,Monza,2800000.0
Patrick Ciurria,2017-18,Pordenone,200000.0
Patrick Ciurria,2016-17,Spezia Calcio,200000.0
Patrick Ciurria,2016-17,Robur Siena,200000.0
Patrick Ciurria,2016-17,Südtirol,200000.0
Patrick Ciurria,2013-14,Spezia Calcio,50000.0
Patrick Ciurria,2012-13,Castellarano,50000.0
Josema,2024-25,Górnik Zabrze,500000.0
Josema,2023-24,Ruch Chorzow,600000.0
Josema,2022-23,CD Leganés,800000.0
Josema,2021-22,Elche CF,800000.0
Josema,2021-22,Real Valladolid,800000.0
Josema,2019-20,Elche CF,300000.0
Josema,2019-20,Extremadura,300000.0
Josema,2018-19,Córdoba CF,300000.0
Josema,2018-19,Gimnàstic,300000.0
Josema,2018-19,Córdoba CF,200000.0
Josema,2018-19,FC Sochaux,200000.0
Josema,2017-18,Córdoba CF,100000.0
Josema,2016-17,UD Almería B,100000.0
Scott McKenna,2025-26,Dinamo Zagreb,4000000.0
Scott McKenna,2024-25,UD Las Palmas,9000000.0
Scott McKenna,2023-24,Nott'm Forest,9000000.0
Scott McKenna,2023-24,Copenhagen,10000000.0
Scott McKenna,2020-21,Nott'm Forest,2000000.0
Scott McKenna,2016-17,Aberdeen FC,50000.0
Vedat Muriqi,2026-27,Fenerbahçe,4500000.0
Vedat Muriqi,2022-23,RCD Mallorca,7000000.0
Vedat Muriqi,2021-22,Lazio,7000000.0
Vedat Muriqi,2021-22,RCD Mallorca,6000000.0
Vedat Muriqi,2020-21,Lazio,12000000.0
Vedat Muriqi,2019-20,Fenerbahçe,2500000.0
Vedat Muriqi,2017-18,C. Rizespor,900000.0
Vedat Muriqi,2016-17,Genclerbirligi,800000.0
Vedat Muriqi,2014-15,Giresunspor,150000.0
Vedat Muriqi,2013-14,KF Teuta,150000.0
Vedat Muriqi,2013-14,KS Besa,75000.0
João Palhinha,2026-27,Benfica,15000000.0
João Palhinha,2025-26,Bayern Munich,15000000.0
João Palhinha,2025-26,Tottenham,30000000.0
João Palhinha,2024-25,Bayern Munich,55000000.0
João Palhinha,2022-23,Fulham,25000000.0
João Palhinha,2019-20,Sporting,4800000.0
João Palhinha,2018-19,Braga,1500000.0
João Palhinha,2016-17,Sporting,1250000.0
João Palhinha,2016-17,Belenenses,1250000.0
João Palhinha,2016-17,Sporting,500000.0
João Palhinha,2015-16,Sporting B,500000.0
João Palhinha,2015-16,Moreirense,75000.0
Simone Bastoni,2026-27,Spezia Calcio,500000.0
Simone Bastoni,2024-25,Cesena,1500000.0
Simone Bastoni,2023-24,Spezia Calcio,1500000.0
Simone Bastoni,2023-24,FC Empoli,6500000.0
Simone Bastoni,2018-19,Spezia Calcio,175000.0
Simone Bastoni,2018-19,Novara,200000.0
Simone Bastoni,2017-18,Spezia Calcio,225000.0
Simone Bastoni,2017-18,Trapani,225000.0
Simone Bastoni,2016-17,Spezia Calcio,225000.0
Simone Bastoni,2016-17,Carrarese,250000.0
Simone Bastoni,2015-16,Spezia Calcio,250000.0
Simone Bastoni,2015-16,Robur Siena,175000.0
Simone Bastoni,2014-15,Spezia Calcio,125000.0
Mathias Normann,2025-26,Al-Sailiya SC,1500000.0
Mathias Normann,2025-26,Al-Gharafa,2000000.0
Mathias Normann,2025-26,Al-Sailiya SC,2500000.0
Mathias Normann,2023-24,Al-Raed,6000000.0
Mathias Normann,2023-24,Rostov,6000000.0
Mathias Normann,2022-23,Dynamo Moscow,10000000.0
Mathias Normann,2021-22,Rostov,10000000.0
Mathias Normann,2021-22,Norwich,13000000.0
Mathias Normann,2018-19,Rostov,400000.0
Mathias Normann,2017-18,Brighton,400000.0
Mathias Normann,2017-18,Molde FK,400000.0
Mathias Normann,2015-16,Bodø/Glimt,50000.0
Mathias Normann,2014-15,Alta,50000.0
Rúben Dias,2020-21,Man City,35000000.0
Rúben Dias,2017-18,Benfica,1000000.0
Aurélio Buta,2026-27,São Paulo,2000000.0
Aurélio Buta,2025-26,Copenhagen,3000000.0
Aurélio Buta,2024-25,Frankfurt,5000000.0
Aurélio Buta,2024-25,Stade Reims,5000000.0
Aurélio Buta,2022-23,Frankfurt,3000000.0
Aurélio Buta,2018-19,Royal Antwerp,800000.0
Aurélio Buta,2017-18,Benfica B,800000.0
Aurélio Buta,2017-18,Royal Antwerp,350000.0
Nikola Maraš,2026-27,OFK Beograd,600000.0
Nikola Maraš,2025-26,Alavés,600000.0
Nikola Maraš,2025-26,CD Mirandés,800000.0
Nikola Maraš,2024-25,Alavés,1000000.0
Nikola Maraš,2024-25,Sporting Gijón,1200000.0
Nikola Maraš,2023-24,Alavés,1200000.0
Nikola Maraš,2023-24,Levante,1200000.0
Nikola Maraš,2022-23,UD Almería,1200000.0
Nikola Maraš,2022-23,Alavés,1200000.0
Nikola Maraš,2021-22,UD Almería,1200000.0
Nikola Maraš,2021-22,Rayo Vallecano,1500000.0
Nikola Maraš,2020-21,UD Almería,1200000.0
Nikola Maraš,2019-20,Chaves,1200000.0
Nikola Maraš,2019-20,UD Almería,1500000.0
Nikola Maraš,2017-18,Chaves,900000.0
Nikola Maraš,2013-14,Rad,200000.0
Max Lowe,2024-25,Sheff Wed,2500000.0
Max Lowe,2021-22,Sheff Utd,3000000.0
Max Lowe,2021-22,Nott'm Forest,3000000.0
Max Lowe,2020-21,Sheff Utd,1600000.0
Max Lowe,2018-19,Derby,350000.0
Max Lowe,2018-19,Aberdeen FC,350000.0
Max Lowe,2018-19,Derby,200000.0
Max Lowe,2018-19,Aberdeen FC,200000.0
Max Lowe,2017-18,Derby,200000.0
Max Lowe,2017-18,Shrewsbury,200000.0
Komnen Andric,2026-27,HNK Rijeka,450000.0
Komnen Andric,2025-26,Torpedo Kutaisi,850000.0
Komnen Andric,2024-25,HNK Rijeka,850000.0
Komnen Andric,2024-25,NK Lokomotiva,850000.0
Komnen Andric,2024-25,HNK Rijeka,1000000.0
Komnen Andric,2022-23,Clermont Foot,1500000.0
Komnen Andric,2020-21,Dinamo Zagreb,800000.0
Komnen Andric,2020-21,Ufa,400000.0
Komnen Andric,2019-20,Dinamo Zagreb,400000.0
Komnen Andric,2019-20,Inter Zapresic,700000.0
Komnen Andric,2018-19,Dinamo Zagreb,700000.0
Komnen Andric,2018-19,Inter Zapresic,450000.0
Komnen Andric,2017-18,Belenenses,450000.0
Komnen Andric,2017-18,Inter Zapresic,150000.0
Komnen Andric,2016-17,Belenenses,150000.0
Komnen Andric,2016-17,Zalgiris,350000.0
Komnen Andric,2016-17,Belenenses,350000.0
Komnen Andric,2014-15,OFK Beograd,150000.0
Daniel Iversen,2025-26,Preston,2500000.0
Daniel Iversen,2023-24,Leicester,3000000.0
Daniel Iversen,2023-24,Stoke City,4000000.0
Daniel Iversen,2021-22,Leicester,2000000.0
Daniel Iversen,2021-22,Preston,1200000.0
Daniel Iversen,2020-21,Leicester,1200000.0
Daniel Iversen,2020-21,Preston,600000.0
Daniel Iversen,2020-21,Leicester,600000.0
Daniel Iversen,2020-21,OH Leuven,400000.0
Daniel Iversen,2020-21,Leicester,400000.0
Daniel Iversen,2019-20,Leicester U23,400000.0
Daniel Iversen,2019-20,Rotherham,500000.0
Daniel Iversen,2018-19,Leicester U23,50000.0
Daniel Iversen,2018-19,Oldham Athletic,50000.0
Daniel Iversen,2015-16,Leicester U21,50000.0
Marin Jakolis,2025-26,FC Noah,1000000.0
Marin Jakolis,2024-25,Macarthur,700000.0
Marin Jakolis,2023-24,Angers SCO,700000.0
Marin Jakolis,2023-24,Melbourne City,600000.0
Marin Jakolis,2022-23,Angers SCO,600000.0
Marin Jakolis,2022-23,AEK Larnaca,900000.0
Marin Jakolis,2021-22,Angers SCO,1200000.0
Marin Jakolis,2021-22,Hajduk Split,1200000.0
Marin Jakolis,2021-22,HNK Sibenik,150000.0
Marin Jakolis,2019-20,Hajduk Split,800000.0
Marin Jakolis,2017-18,Admira Wacker,150000.0
Marin Jakolis,2015-16,Mouscron,200000.0
Marin Jakolis,2015-16,RE Virton,150000.0
Filip Krovinović,2026-27,Grêmio,1500000.0
Filip Krovinović,2021-22,Hajduk Split,3000000.0
Filip Krovinović,2020-21,Benfica,3000000.0
Filip Krovinović,2020-21,Nott'm Forest,6500000.0
Filip Krovinović,2020-21,Benfica,6500000.0
Filip Krovinović,2020-21,West Brom,3200000.0
Filip Krovinović,2019-20,Benfica,3200000.0
Filip Krovinović,2019-20,West Brom,5000000.0
Filip Krovinović,2017-18,Benfica,2000000.0
Filip Krovinović,2015-16,Rio Ave,700000.0
David Raya,2024-25,Arsenal,35000000.0
David Raya,2023-24,Brentford,35000000.0
David Raya,2023-24,Arsenal,30000000.0
David Raya,2019-20,Brentford,1500000.0
Ajdin Hrustic,2026-27,Al-Nasr,600000.0
Ajdin Hrustic,2025-26,Heracles Almelo,400000.0
Ajdin Hrustic,2024-25,Salernitana,600000.0
Ajdin Hrustic,2023-24,Hellas Verona,600000.0
Ajdin Hrustic,2023-24,Heracles Almelo,500000.0
Ajdin Hrustic,2022-23,Hellas Verona,3000000.0
Ajdin Hrustic,2020-21,Frankfurt,650000.0
Ajdin Hrustic,2017-18,FC Groningen,300000.0
Adam Buksa,2026-27,Udinese,3500000.0
Adam Buksa,2026-27,RCD Mallorca,3500000.0
Adam Buksa,2025-26,Udinese,6000000.0
Adam Buksa,2024-25,Midtjylland,6000000.0
Adam Buksa,2023-24,Lens,6000000.0
Adam Buksa,2023-24,Antalyaspor,5000000.0
Adam Buksa,2022-23,Lens,9000000.0
Adam Buksa,2019-20,New England,1000000.0
Adam Buksa,2018-19,Pogon Szczecin,200000.0
Adam Buksa,2017-18,Zaglebie Lubin,200000.0
Adam Buksa,2017-18,Pogon Szczecin,225000.0
Adam Buksa,2016-17,Zaglebie Lubin,150000.0
Adam Buksa,2014-15,Lechia Gdansk,75000.0
Julian Kristoffersen,2025-26,Without Club,50000.0
Julian Kristoffersen,2024-25,Lecco,75000.0
Julian Kristoffersen,2024-25,Without Club,75000.0
Julian Kristoffersen,2024-25,Jedinstvo Ub,75000.0
Julian Kristoffersen,2023-24,Pro Sesto,100000.0
Julian Kristoffersen,2023-24,Ancona,175000.0
Julian Kristoffersen,2022-23,Salernitana,175000.0
Julian Kristoffersen,2022-23,Virtus Verona,200000.0
Julian Kristoffersen,2021-22,Salernitana,200000.0
Julian Kristoffersen,2021-22,Cosenza,400000.0
Julian Kristoffersen,2020-21,Salernitana,450000.0
Julian Kristoffersen,2019-20,Jeonnam Dragons,400000.0
Julian Kristoffersen,2018-19,Hobro IK,75000.0
Julian Kristoffersen,2017-18,Djurgården,200000.0
Julian Kristoffersen,2016-17,Copenhagen,100000.0
Sandi Lovric,2025-26,Udinese,3500000.0
Sandi Lovric,2025-26,Hellas Verona,6000000.0
Sandi Lovric,2022-23,Udinese,2500000.0
Sandi Lovric,2019-20,FC Lugano,1000000.0
Fabrizio Angileri,2024-25,Corinthians,700000.0
Fabrizio Angileri,2022-23,Getafe,3000000.0
Fabrizio Angileri,2019-20,River Plate,3750000.0
Fabrizio Angileri,2018-19,Godoy Cruz,3750000.0
Fabrizio Angileri,2018-19,River Plate,3750000.0
Fabrizio Angileri,2015-16,Godoy Cruz,150000.0
Vitaly Janelt,2020-21,Brentford,675000.0
Vitaly Janelt,2018-19,VfL Bochum,600000.0
Vitaly Janelt,2017-18,Leipzig,600000.0
Vitaly Janelt,2016-17,VfL Bochum,125000.0
Milos Vulic,2026-27,Dong Nai FC,400000.0
Milos Vulic,2025-26,Napredak,700000.0
Milos Vulic,2023-24,FK TSC,500000.0
Milos Vulic,2022-23,Perugia,900000.0
Milos Vulic,2020-21,Crotone,1600000.0
Milos Vulic,2018-19,Red Star,750000.0
Mbaye Diagne,2025-26,Amed SK,1200000.0
Mbaye Diagne,2024-25,NEOM SC,1700000.0
Mbaye Diagne,2023-24,Al-Qadsiah,2200000.0
Mbaye Diagne,2022-23,Karagümrük,1700000.0
Mbaye Diagne,2020-21,Galatasaray,3000000.0
Mbaye Diagne,2020-21,West Brom,3200000.0
Mbaye Diagne,2019-20,Galatasaray,4800000.0
Mbaye Diagne,2019-20,Club Brugge,9000000.0
Mbaye Diagne,2018-19,Galatasaray,5500000.0
Mbaye Diagne,2017-18,Kasimpasa,650000.0
Mbaye Diagne,2015-16,TJ Teda,800000.0
Mbaye Diagne,2015-16,Újpest FC,800000.0
Mbaye Diagne,2014-15,Juventus,800000.0
Mbaye Diagne,2014-15,KVC Westerlo,800000.0
Mbaye Diagne,2014-15,Al-Shabab,800000.0
Mbaye Diagne,2013-14,Juventus,800000.0
Mbaye Diagne,2013-14,Lierse SK,300000.0
Mbaye Diagne,2013-14,Juventus,300000.0
Tony Mauricio,2023-24,Retired,1800000.0
Tony Mauricio,2021-22,FC Sochaux,2000000.0
Tony Mauricio,2019-20,Lens,1000000.0
Tony Mauricio,2017-18,Valenciennes FC,200000.0
Jerome Onguene,2026-27,Without Club,250000.0
Jerome Onguene,2025-26,Petrolul,250000.0
Jerome Onguene,2025-26,Eyüpspor,150000.0
Jerome Onguene,2024-25,Without Club,400000.0
Jerome Onguene,2024-25,E. Frankfurt II,400000.0
Jerome Onguene,2023-24,Frankfurt,400000.0
Jerome Onguene,2023-24,Servette FC,2000000.0
Jerome Onguene,2022-23,Frankfurt,2000000.0
Jerome Onguene,2022-23,Salzburg,3500000.0
Jerome Onguene,2022-23,Frankfurt,3500000.0
Jerome Onguene,2020-21,Salzburg,3500000.0
Jerome Onguene,2020-21,Genoa,4000000.0
Jerome Onguene,2018-19,Salzburg,2500000.0
Jerome Onguene,2017-18,Stuttgart,2500000.0
Jerome Onguene,2017-18,Salzburg,2000000.0
Jerome Onguene,2016-17,Stuttgart,2000000.0
Vincent Vermeij,2025-26,Dynamo Dresden,550000.0
Vincent Vermeij,2023-24,F. Düsseldorf,700000.0
Vincent Vermeij,2021-22,SC Freiburg II,350000.0
Vincent Vermeij,2019-20,MSV Duisburg,900000.0
Vincent Vermeij,2018-19,Heracles Almelo,900000.0
Vincent Vermeij,2018-19,FC Den Bosch,900000.0
Vincent Vermeij,2016-17,Heracles Almelo,900000.0
Vincent Vermeij,2013-14,De Graafschap,25000.0
Saturnin Allagbe,2025-26,FC Chauray,150000.0
Saturnin Allagbe,2024-25,Botev Vratsa,150000.0
Saturnin Allagbe,2024-25,Without Club,150000.0
Saturnin Allagbe,2021-22,Dijon,700000.0
Saturnin Allagbe,2021-22,Valenciennes FC,1200000.0
Saturnin Allagbe,2020-21,Dijon,475000.0
Christian Gebauer,2025-26,A. Salzburg,200000.0
Christian Gebauer,2023-24,SCR Altach,450000.0
Christian Gebauer,2021-22,Arm. Bielefeld,500000.0
Christian Gebauer,2021-22,FC Ingolstadt,800000.0
Christian Gebauer,2020-21,Arm. Bielefeld,550000.0
Christian Gebauer,2017-18,SCR Altach,350000.0
Kieffer Moore,2025-26,Wrexham,1000000.0
Kieffer Moore,2024-25,Sheff Utd,2000000.0
Kieffer Moore,2023-24,Bournemouth,2000000.0
Kieffer Moore,2023-24,Ipswich,2500000.0
Kieffer Moore,2021-22,Bournemouth,5000000.0
Kieffer Moore,2020-21,Cardiff,2000000.0
Kieffer Moore,2019-20,Wigan,750000.0
Kieffer Moore,2017-18,Barnsley,200000.0
Kieffer Moore,2017-18,Ipswich,200000.0
Kieffer Moore,2017-18,Rotherham,100000.0
Kieffer Moore,2016-17,Ipswich,100000.0
Kieffer Moore,2016-17,Forest Green,100000.0
Kieffer Moore,2016-17,Torquay,100000.0
Kieffer Moore,2015-16,Forest Green,100000.0
Kieffer Moore,2015-16,Viking FK,100000.0
Samuel Gigot,2026-27,Without Club,1200000.0
Samuel Gigot,2025-26,Lazio,3000000.0
Samuel Gigot,2024-25,Marseille,3000000.0
Samuel Gigot,2024-25,Lazio,9000000.0
Samuel Gigot,2021-22,Marseille,10000000.0
Samuel Gigot,2021-22,Spartak Moscow,11000000.0
Samuel Gigot,2021-22,Marseille,11000000.0
Samuel Gigot,2018-19,Spartak Moscow,6000000.0
Samuel Gigot,2016-17,KAA Gent,1300000.0
Samuel Gigot,2015-16,KV Kortrijk,400000.0
Renato Tapia,2025-26,Al-Wasl,2000000.0
Renato Tapia,2024-25,CD Leganés,5000000.0
Renato Tapia,2020-21,Celta de Vigo,2400000.0
Renato Tapia,2018-19,Feyenoord,3000000.0
Renato Tapia,2018-19,Willem II,3000000.0
Renato Tapia,2015-16,Feyenoord,2000000.0
Renato Tapia,2014-15,FC Twente,300000.0
Josan,2017-18,Elche CF,300000.0
Josan,2016-17,Albacete,200000.0
Josan,2015-16,UCAM Murcia,100000.0
Josan,2015-16,AD Alcorcón,100000.0
Anibal Chala,2025-26,Barcelona SC,400000.0
Anibal Chala,2025-26,Olimpia,600000.0
Anibal Chala,2023-24,Barcelona SC,800000.0
Anibal Chala,2023-24,Atlas,800000.0
Anibal Chala,2023-24,CS Emelec,1000000.0
Anibal Chala,2021-22,Atlas,1500000.0
Anibal Chala,2020-21,Toluca,1500000.0
Anibal Chala,2020-21,Dijon,2000000.0
Anibal Chala,2019-20,Toluca,450000.0
Anibal Chala,2018-19,LDU Quito,450000.0
Anibal Chala,2018-19,Dallas,450000.0
Anibal Chala,2017-18,LDU Quito,700000.0
Anibal Chala,2017-18,Dallas,700000.0
Anibal Chala,2017-18,LDU Quito,800000.0
Anibal Chala,2016-17,Dallas,800000.0
Nils Seufert,2023-24,SV Ried,350000.0
Nils Seufert,2021-22,Greuther Fürth,600000.0
Nils Seufert,2021-22,SV Sandhausen,700000.0
Nils Seufert,2021-22,Greuther Fürth,800000.0
Nils Seufert,2018-19,Arm. Bielefeld,600000.0
Nils Seufert,2016-17,1.FC K'lautern,25000.0
Alberth Elis,2026-27,Marathón,300000.0
Alberth Elis,2025-26,Without Club,350000.0
Alberth Elis,2025-26,Marítimo,500000.0
Alberth Elis,2024-25,CD Olimpia,1200000.0
Alberth Elis,2024-25,Without Club,1500000.0
Alberth Elis,2022-23,G. Bordeaux,2500000.0
Alberth Elis,2022-23,Stade Brestois,4000000.0
Alberth Elis,2022-23,G. Bordeaux,6500000.0
Alberth Elis,2021-22,Boavista,6500000.0
Alberth Elis,2021-22,G. Bordeaux,4000000.0
Alberth Elis,2020-21,Boavista,3500000.0
Alberth Elis,2017-18,Houston,825000.0
Alberth Elis,2017-18,Monterrey,825000.0
Alberth Elis,2016-17,Houston,300000.0
Paolo Bartolomei,2022-23,Perugia,400000.0
Paolo Bartolomei,2020-21,Cremonese,800000.0
Paolo Bartolomei,2018-19,Spezia Calcio,650000.0
Paolo Bartolomei,2016-17,Cittadella,275000.0
Paolo Bartolomei,2015-16,Reggiana,400000.0
Paolo Bartolomei,2015-16,Teramo,400000.0
Luis Milla,2026-27,Como,3500000.0
Luis Milla,2022-23,Getafe,5000000.0
Luis Milla,2020-21,Granada CF,1000000.0
Luis Milla,2017-18,CD Tenerife,300000.0
Luis Milla,2017-18,CF Fuenlabrada,300000.0
Luis Milla,2016-17,AD Alcorcón,300000.0
Luis Milla,2016-17,CF Fuenlabrada,200000.0
Birger Meling,2023-24,Copenhagen,5000000.0
Birger Meling,2021-22,Stade Rennais,3500000.0
Birger Meling,2020-21,Nîmes Olympique,1200000.0
Birger Meling,2016-17,Rosenborg BK,1000000.0
Augusto Solari,2025-26,Unión Santa Fe,250000.0
Augusto Solari,2024-25,Rosario Central,800000.0
Augusto Solari,2023-24,Atlas,1500000.0
Augusto Solari,2020-21,Celta de Vigo,4000000.0
Augusto Solari,2017-18,Racing Club,2750000.0
Augusto Solari,2016-17,River Plate,2750000.0
Augusto Solari,2015-16,Estudiantes LP,1250000.0
Enric Franquesa,2024-25,CD Leganés,1500000.0
Enric Franquesa,2023-24,Levante,1500000.0
Enric Franquesa,2023-24,CD Leganés,800000.0
Enric Franquesa,2022-23,Levante,800000.0
Enric Franquesa,2022-23,CD Leganés,800000.0
Enric Franquesa,2021-22,Levante,800000.0
Enric Franquesa,2020-21,Villarreal,800000.0
Enric Franquesa,2020-21,Girona,325000.0
Enric Franquesa,2019-20,Villarreal,325000.0
Enric Franquesa,2019-20,CD Mirandés,150000.0
Enric Franquesa,2019-20,Villarreal,150000.0
Enric Franquesa,2017-18,Villarreal CF B,200000.0
Enric Franquesa,2016-17,Barcelona B,200000.0
Enric Franquesa,2016-17,CF Gavà,100000.0
Enric Franquesa,2016-17,Barcelona B,100000.0
Gerson Rodrigues,2026-27,Without Club,300000.0
Gerson Rodrigues,2026-27,Vardar,300000.0
Gerson Rodrigues,2025-26,Without Club,350000.0
Gerson Rodrigues,2025-26,Kanchanaburi FC,600000.0
Gerson Rodrigues,2024-25,Dynamo Kyiv,600000.0
Gerson Rodrigues,2024-25,Avs FS,700000.0
Gerson Rodrigues,2024-25,Dynamo Kyiv,700000.0
Gerson Rodrigues,2024-25,GX Pingguo,1500000.0
Gerson Rodrigues,2023-24,Dynamo Kyiv,1500000.0
Gerson Rodrigues,2023-24,Slo. Bratislava,1700000.0
Gerson Rodrigues,2023-24,Dynamo Kyiv,1700000.0
Gerson Rodrigues,2023-24,Sivasspor,1700000.0
Gerson Rodrigues,2022-23,Dynamo Kyiv,1700000.0
Gerson Rodrigues,2021-22,Al-Wehda,2500000.0
Gerson Rodrigues,2021-22,Dynamo Kyiv,2500000.0
Gerson Rodrigues,2021-22,Eyüpspor,3000000.0
Gerson Rodrigues,2021-22,Dynamo Kyiv,3000000.0
Gerson Rodrigues,2021-22,Troyes,3000000.0
Gerson Rodrigues,2019-20,Dynamo Kyiv,1400000.0
Gerson Rodrigues,2019-20,Ankaragücü,1800000.0
Gerson Rodrigues,2019-20,Dynamo Kyiv,700000.0
Gerson Rodrigues,2018-19,Júbilo Iwata,500000.0
Gerson Rodrigues,2017-18,FC Sheriff,250000.0
Gerson Rodrigues,2017-18,Telstar,125000.0
Gerson Rodrigues,2016-17,CS Fola Esch,75000.0
Gerson Rodrigues,2015-16,Kayl-Tétange,75000.0
Gerson Rodrigues,2015-16,RFCU Luxembourg,75000.0
Tarsis Bonga,2025-26,Würzb. Kickers,150000.0
Tarsis Bonga,2024-25,RW Oberhausen,200000.0
Tarsis Bonga,2024-25,Without Club,200000.0
Tarsis Bonga,2023-24,Hallescher FC,200000.0
Tarsis Bonga,2023-24,1860 Munich,300000.0
Tarsis Bonga,2022-23,E. Braunschweig,300000.0
Tarsis Bonga,2020-21,VfL Bochum,300000.0
Tarsis Bonga,2019-20,Chemnitzer FC,175000.0
Tarsis Bonga,2018-19,FSV Zwickau,75000.0
Blendi Idrizi,2026-27,Without Club,150000.0
Blendi Idrizi,2025-26,SCR Altach,350000.0
Blendi Idrizi,2024-25,Without Club,500000.0
Blendi Idrizi,2022-23,FC Schalke 04,400000.0
Blendi Idrizi,2022-23,J. Regensburg,600000.0
Blendi Idrizi,2021-22,FC Schalke 04,400000.0
Blendi Idrizi,2019-20,Schalke 04 II,75000.0
Blendi Idrizi,2019-20,Fortuna Köln,75000.0
Rasmus Nicolaisen,2021-22,Toulouse,600000.0
Rasmus Nicolaisen,2020-21,Midtjylland,600000.0
Rasmus Nicolaisen,2020-21,Portsmouth,600000.0
Florian Dietz,2025-26,J. Regensburg,300000.0
Florian Dietz,2024-25,1.FC Köln,300000.0
Florian Dietz,2024-25,SCR Altach,350000.0
Florian Dietz,2022-23,1.FC Köln,150000.0
Florian Dietz,2021-22,1.FC Köln II,100000.0
Florian Dietz,2020-21,Unterhaching,100000.0
Florian Dietz,2020-21,1.FC Köln II,125000.0
Florian Dietz,2019-20,Unterhaching,125000.0
Florian Dietz,2018-19,W. Bremen II,200000.0
Jeremías Ledesma,2026-27,River Plate,1500000.0
Jeremías Ledesma,2025-26,Rosario Central,1800000.0
Jeremías Ledesma,2024-25,River Plate,5000000.0
Jeremías Ledesma,2021-22,Cádiz CF,5000000.0
Jeremías Ledesma,2020-21,Rosario Central,5000000.0
Jeremías Ledesma,2020-21,Cádiz CF,1100000.0
Jeremías Ledesma,2016-17,Rosario Central,75000.0
Álvaro Bravo,2025-26,Palm City,100000.0
Álvaro Bravo,2024-25,R. Majadahonda,150000.0
Álvaro Bravo,2024-25,Without Club,150000.0
Álvaro Bravo,2021-22,CF Fuenlabrada,200000.0
Álvaro Bravo,2021-22,Without Club,200000.0
Álvaro Bravo,2020-21,Recre Granada,100000.0
Álvaro Bravo,2018-19,RM Castilla,150000.0
Álvaro Bravo,2018-19,CD Mirandés,50000.0
Álvaro Bravo,2017-18,RM Castilla,50000.0
Nathan de Medina,2026-27,Würzb. Kickers,150000.0
Nathan de Medina,2025-26,Olym. Charleroi,100000.0
Nathan de Medina,2025-26,Without Club,100000.0
Nathan de Medina,2023-24,Partizan,800000.0
Nathan de Medina,2022-23,E. Braunschweig,750000.0
Nathan de Medina,2020-21,Arm. Bielefeld,650000.0
Nathan de Medina,2017-18,Mouscron,250000.0
Nathan de Medina,2016-17,RSC Anderlecht,350000.0
Nathan de Medina,2016-17,OH Leuven,200000.0
Nathan de Medina,2015-16,RSC Anderlecht,100000.0
Guglielmo Vicario,2026-27,Tottenham,18000000.0
Guglielmo Vicario,2026-27,Juventus,18000000.0
Guglielmo Vicario,2023-24,Tottenham,16000000.0
Guglielmo Vicario,2022-23,FC Empoli,10000000.0
Guglielmo Vicario,2021-22,Cagliari,10000000.0
Guglielmo Vicario,2021-22,FC Empoli,2000000.0
Guglielmo Vicario,2019-20,Cagliari,1000000.0
Guglielmo Vicario,2019-20,Perugia,800000.0
Guglielmo Vicario,2019-20,Cagliari,800000.0
Guglielmo Vicario,2016-17,Venezia,75000.0
Guglielmo Vicario,2015-16,Udinese,75000.0
Guglielmo Vicario,2015-16,Venezia,50000.0
Guglielmo Vicario,2014-15,Udinese U19,50000.0
Guglielmo Vicario,2014-15,Fontanafredda,50000.0
Ramón Folch,2026-27,Retired,25000.0
Ramón Folch,2023-24,Reus FCR,100000.0
Ramón Folch,2022-23,UE Cornellà,100000.0
Ramón Folch,2021-22,CE Sabadell,300000.0
Ramón Folch,2020-21,Elche CF,300000.0
Ramón Folch,2020-21,CD Tenerife,550000.0
Ramón Folch,2019-20,Elche CF,800000.0
Ramón Folch,2017-18,Real Oviedo,800000.0
Dejan Ljubičić,2025-26,FC Schalke 04,3000000.0
Dejan Ljubičić,2025-26,Dinamo Zagreb,4000000.0
Dejan Ljubičić,2021-22,1.FC Köln,3000000.0
Dejan Ljubičić,2017-18,Rapid Vienna,250000.0
Luca Vignali,2026-27,Virtus Entella,300000.0
Luca Vignali,2024-25,Spezia Calcio,650000.0
Luca Vignali,2023-24,Como,650000.0
Luca Vignali,2023-24,Spezia Calcio,800000.0
Luca Vignali,2022-23,Como,1300000.0
Luca Vignali,2021-22,Spezia Calcio,1300000.0
Luca Vignali,2021-22,Como,1000000.0
Luca Vignali,2017-18,Spezia Calcio,350000.0
Luca Vignali,2017-18,Reggiana,550000.0
Luca Vignali,2015-16,Spezia Calcio,50000.0
Luca Fiordilino,2025-26,Inter U23,275000.0
Luca Fiordilino,2024-25,Triestina,600000.0
Luca Fiordilino,2023-24,Venezia,700000.0
Luca Fiordilino,2023-24,Feralpisalò,1000000.0
Luca Fiordilino,2022-23,Venezia,1000000.0
Luca Fiordilino,2022-23,Südtirol,750000.0
Luca Fiordilino,2019-20,Venezia,300000.0
Luca Fiordilino,2016-17,US Palermo,275000.0
Luca Fiordilino,2016-17,Lecce,300000.0
Luca Fiordilino,2015-16,US Palermo,300000.0
Luca Fiordilino,2015-16,Cosenza,125000.0
Tim Skarke,2023-24,Union Berlin,3000000.0
Tim Skarke,2023-24,Darmstadt 98,1200000.0
Tim Skarke,2022-23,Union Berlin,1200000.0
Tim Skarke,2022-23,FC Schalke 04,1000000.0
Tim Skarke,2022-23,Union Berlin,1000000.0
Tim Skarke,2019-20,Darmstadt 98,450000.0
Donny van de Beek,2024-25,Girona,5000000.0
Donny van de Beek,2023-24,Man Utd,5000000.0
Donny van de Beek,2023-24,Frankfurt,9000000.0
Donny van de Beek,2021-22,Man Utd,25000000.0
Donny van de Beek,2021-22,Everton,25000000.0
Donny van de Beek,2020-21,Man Utd,44000000.0
Donny van de Beek,2015-16,Ajax,250000.0
Rafael Ratao,2025-26,SH Shenhua,3000000.0
Rafael Ratao,2025-26,EC Bahia,3000000.0
Rafael Ratao,2024-25,Cerezo Osaka,2500000.0
Rafael Ratao,2023-24,EC Bahia,2500000.0
Rafael Ratao,2021-22,Toulouse,800000.0
Rafael Ratao,2020-21,Slo. Bratislava,400000.0
Rafael Ratao,2019-20,Zorya Lugansk,400000.0
Rafael Ratao,2018-19,Slo. Bratislava,500000.0
Rafael Ratao,2018-19,Zorya Lugansk,200000.0
Rafael Ratao,2017-18,Oeste,200000.0
Rafael Ratao,2017-18,Novorizontino,200000.0
Rafael Ratao,2017-18,Tubarão-SC,200000.0
Rafael Ratao,2016-17,Luverdense-MT,75000.0
Rafael Ratao,2016-17,Tubarão-SC,75000.0
Rafael Ratao,2016-17,Chungju H.,75000.0
Rafael Ratao,2016-17,Ponte Preta,75000.0
Rafael Ratao,2015-16,Náutico,100000.0
Rafael Ratao,2015-16,Ponte Preta,100000.0
Rafael Ratao,2015-16,Albirex Niigata,100000.0
Rafael Ratao,2014-15,Guaratinguetá,100000.0
Rafael Ratao,2014-15,Ponte Preta,100000.0
Rafael Ratao,2014-15,Penapolense,100000.0
Jens Stage,2022-23,Werder Bremen,3500000.0
Jens Stage,2019-20,Copenhagen,1000000.0
Jens Stage,2015-16,Aarhus GF,50000.0
Kevin Ruegg,2024-25,Basel,500000.0
Kevin Ruegg,2023-24,Hellas Verona,500000.0
Kevin Ruegg,2023-24,Basel,800000.0
Kevin Ruegg,2022-23,Hellas Verona,800000.0
Kevin Ruegg,2022-23,Young Boys,1200000.0
Kevin Ruegg,2021-22,Hellas Verona,1200000.0
Kevin Ruegg,2021-22,FC Lugano,2200000.0
Kevin Ruegg,2020-21,Hellas Verona,5400000.0
Qazim Laci,2025-26,C. Rizespor,4000000.0
Qazim Laci,2022-23,Sparta Prague,1800000.0
Qazim Laci,2018-19,AC Ajaccio,300000.0
Qazim Laci,2017-18,Olympiacos,300000.0
Qazim Laci,2017-18,AC Ajaccio,200000.0
Qazim Laci,2016-17,Olympiacos,200000.0
Qazim Laci,2016-17,Levadiakos,200000.0
Qazim Laci,2016-17,APOEL Nicosia,250000.0
Qazim Laci,2014-15,Olympiacos,150000.0
Marcin Listkowski,2026-27,Stal Rzeszow,100000.0
Marcin Listkowski,2025-26,GKS Tychy,100000.0
Marcin Listkowski,2024-25,Jagiellonia,250000.0
Marcin Listkowski,2024-25,Zaglebie Lubin,300000.0
Marcin Listkowski,2024-25,Jagiellonia,200000.0
Marcin Listkowski,2023-24,Lecce,200000.0
Marcin Listkowski,2023-24,Lecco,300000.0
Marcin Listkowski,2022-23,Lecce,300000.0
Marcin Listkowski,2022-23,Brescia,400000.0
Marcin Listkowski,2020-21,Lecce,400000.0
Marcin Listkowski,2018-19,Pogon Szczecin,300000.0
Marcin Listkowski,2018-19,Raków,150000.0
Nino,2016-17,Elche CF,300000.0
Nino,2011-12,CA Osasuna,2500000.0
Nino,2007-08,CD Tenerife,1500000.0
Nino,2007-08,Levante,1500000.0
Nino,2007-08,CD Tenerife,300000.0
Wout Faes,2025-26,Leicester,10000000.0
Wout Faes,2025-26,Monaco,12000000.0
Wout Faes,2022-23,Leicester,10000000.0
Wout Faes,2019-20,Stade Reims,2700000.0
Wout Faes,2019-20,KV Oostende,3000000.0
Wout Faes,2019-20,Stade Reims,3000000.0
Wout Faes,2018-19,KV Oostende,800000.0
Wout Faes,2017-18,RSC Anderlecht,800000.0
Wout Faes,2017-18,Excelsior,350000.0
Wout Faes,2016-17,RSC Anderlecht,350000.0
Wout Faes,2016-17,Heerenveen,350000.0
Amer Gojak,2024-25,HNK Rijeka,500000.0
Amer Gojak,2022-23,Ferencváros,2000000.0
Amer Gojak,2020-21,Dinamo Zagreb,3800000.0
Amer Gojak,2020-21,Torino,5000000.0
Amer Gojak,2014-15,Dinamo Zagreb,450000.0
Oriol Rey,2023-24,Levante,900000.0
Oriol Rey,2021-22,CD Mirandés,300000.0
Oriol Rey,2019-20,Valladolid Prom,300000.0
Oriol Rey,2018-19,Leeds United U23,300000.0
Janni Serra,2024-25,Aarhus GF,400000.0
Janni Serra,2024-25,1.FC Nuremberg,750000.0
Janni Serra,2023-24,Aarhus GF,1000000.0
Janni Serra,2021-22,Arm. Bielefeld,2000000.0
Janni Serra,2018-19,Holstein Kiel,200000.0
Janni Serra,2017-18,B. Dortmund II,200000.0
Janni Serra,2017-18,VfL Bochum,100000.0
Janni Serra,2017-18,B. Dortmund II,75000.0
Razvan Marin,2025-26,AEK Athens,3500000.0
Razvan Marin,2023-24,Cagliari,2700000.0
Razvan Marin,2022-23,FC Empoli,12000000.0
Razvan Marin,2021-22,Cagliari,15000000.0
Razvan Marin,2020-21,Ajax,15000000.0
Razvan Marin,2020-21,Cagliari,8000000.0
Razvan Marin,2019-20,Ajax,13500000.0
Razvan Marin,2016-17,Standard Liège,2000000.0
Razvan Marin,2013-14,FC Viitorul,50000.0
Steffen Tigges,2025-26,SC Paderborn,700000.0
Steffen Tigges,2022-23,1.FC Köln,1500000.0
Steffen Tigges,2020-21,Dortmund,175000.0
Steffen Tigges,2019-20,B. Dortmund II,150000.0
Steffen Tigges,2016-17,VfL Osnabrück,50000.0
Joe Rodon,2024-25,Leeds,8000000.0
Joe Rodon,2023-24,Tottenham,8000000.0
Joe Rodon,2023-24,Leeds,7000000.0
Joe Rodon,2022-23,Tottenham,7000000.0
Joe Rodon,2022-23,Stade Rennais,8000000.0
Joe Rodon,2020-21,Tottenham,7000000.0
Eray Cömert,2026-27,Torino,2500000.0
Eray Cömert,2024-25,Valencia,2000000.0
Eray Cömert,2024-25,Real Valladolid,4000000.0
Eray Cömert,2023-24,Valencia,4000000.0
Eray Cömert,2023-24,FC Nantes,3500000.0
Eray Cömert,2021-22,Valencia,1800000.0
Eray Cömert,2017-18,Basel,900000.0
Eray Cömert,2017-18,FC Sion,250000.0
Eray Cömert,2016-17,Basel,250000.0
Eray Cömert,2016-17,FC Lugano,100000.0
Albert Gudmundsson,2026-27,Fiorentina,12000000.0
Albert Gudmundsson,2026-27,Lazio,12000000.0
Albert Gudmundsson,2025-26,Fiorentina,18000000.0
Albert Gudmundsson,2024-25,Genoa,18000000.0
Albert Gudmundsson,2024-25,Fiorentina,30000000.0
Albert Gudmundsson,2021-22,Genoa,3000000.0
Albert Gudmundsson,2018-19,AZ Alkmaar,1500000.0
Albert Gudmundsson,2017-18,PSV,700000.0
Albert Gudmundsson,2015-16,PSV U21,50000.0
Jason Berthomier,2025-26,Montluçon Foot,150000.0
Jason Berthomier,2024-25,Without Club,250000.0
Jason Berthomier,2023-24,Newcastle,500000.0
Jason Berthomier,2022-23,Valenciennes FC,1200000.0
Jason Berthomier,2018-19,Clermont Foot,1250000.0
Jason Berthomier,2018-19,Troyes,1250000.0
Jason Berthomier,2017-18,Stade Brestois,1250000.0
Masaya Okugawa,2024-25,Kyoto Sanga,900000.0
Masaya Okugawa,2023-24,Augsburg,1500000.0
Masaya Okugawa,2023-24,Hamburg,2000000.0
Masaya Okugawa,2023-24,Augsburg,2500000.0
Masaya Okugawa,2021-22,Arm. Bielefeld,2500000.0
Masaya Okugawa,2020-21,Salzburg,2500000.0
Masaya Okugawa,2020-21,Arm. Bielefeld,3500000.0
Masaya Okugawa,2018-19,Salzburg,750000.0
Masaya Okugawa,2018-19,Holstein Kiel,700000.0
Masaya Okugawa,2017-18,Salzburg,700000.0
Masaya Okugawa,2017-18,SV Mattersburg,400000.0
Masaya Okugawa,2016-17,Salzburg,400000.0
Ado Onaiwu,2025-26,Urawa Reds,700000.0
Ado Onaiwu,2025-26,1.FC Magdeburg,1500000.0
Ado Onaiwu,2023-24,AJ Auxerre,1500000.0
Ado Onaiwu,2021-22,Toulouse,1200000.0
Ado Onaiwu,2019-20,Yokohama F. M.,1400000.0
Ado Onaiwu,2019-20,Urawa Reds,1400000.0
Ado Onaiwu,2018-19,Oita Trinita,600000.0
Ado Onaiwu,2018-19,Urawa Reds,600000.0
Ado Onaiwu,2017-18,Reno. Yamaguchi,150000.0
Ado Onaiwu,2016-17,Urawa Reds,150000.0
Patrick Berg,2022-23,Bodø/Glimt,4500000.0
Patrick Berg,2021-22,Lens,1600000.0
Jordan Larsson,2026-27,Al-Ettifaq,3500000.0
Jordan Larsson,2023-24,Copenhagen,3000000.0
Jordan Larsson,2022-23,FC Schalke 04,3000000.0
Jordan Larsson,2022-23,Copenhagen,4000000.0
Jordan Larsson,2022-23,FC Schalke 04,8000000.0
Jordan Larsson,2021-22,Spartak Moscow,8000000.0
Jordan Larsson,2021-22,AIK,11000000.0
Jordan Larsson,2019-20,Spartak Moscow,800000.0
Jordan Larsson,2017-18,Norrköping,400000.0
Jordan Larsson,2016-17,NEC Nijmegen,500000.0
Lennart Grill,2025-26,Dynamo Dresden,450000.0
Lennart Grill,2024-25,Union Berlin,450000.0
Lennart Grill,2024-25,Greuther Fürth,450000.0
Lennart Grill,2024-25,E. Braunschweig,600000.0
Lennart Grill,2023-24,Union Berlin,600000.0
Lennart Grill,2023-24,VfL Osnabrück,1000000.0
Lennart Grill,2023-24,Union Berlin,1000000.0
Lennart Grill,2022-23,Leverkusen,1000000.0
Lennart Grill,2022-23,Union Berlin,1000000.0
Lennart Grill,2021-22,Leverkusen,1500000.0
Lennart Grill,2021-22,SK Brann,1500000.0
Lennart Grill,2020-21,Leverkusen,1500000.0
Lennart Grill,2017-18,1.FC K'lautern,100000.0
Tyronne Ebuehi,2026-27,Without Club,700000.0
Tyronne Ebuehi,2022-23,FC Empoli,1400000.0
Tyronne Ebuehi,2021-22,Benfica B,1400000.0
Tyronne Ebuehi,2021-22,Venezia,900000.0
Tyronne Ebuehi,2020-21,Benfica B,900000.0
Tyronne Ebuehi,2020-21,FC Twente,550000.0
Tyronne Ebuehi,2019-20,Benfica B,1000000.0
Tyronne Ebuehi,2018-19,Benfica,1500000.0
Alfonso Espino,2026-27,Racing Club,900000.0
Alfonso Espino,2023-24,Rayo Vallecano,3500000.0
Alfonso Espino,2018-19,Cádiz CF,1250000.0
Silvère Ganvoula,2026-27,Without Club,900000.0
Silvère Ganvoula,2025-26,Al-Fayha,1400000.0
Silvère Ganvoula,2024-25,Monza,2000000.0
Silvère Ganvoula,2023-24,Young Boys,600000.0
Silvère Ganvoula,2021-22,VfL Bochum,600000.0
Silvère Ganvoula,2021-22,Cercle Brugge,800000.0
Silvère Ganvoula,2019-20,VfL Bochum,700000.0
Silvère Ganvoula,2018-19,RSC Anderlecht,700000.0
Silvère Ganvoula,2018-19,VfL Bochum,1000000.0
Silvère Ganvoula,2017-18,RSC Anderlecht,1200000.0
Silvère Ganvoula,2017-18,KV Mechelen,1200000.0
Silvère Ganvoula,2016-17,RSC Anderlecht,1200000.0
Silvère Ganvoula,2016-17,KVC Westerlo,900000.0
Silvère Ganvoula,2016-17,RSC Anderlecht,900000.0
Silvère Ganvoula,2016-17,KVC Westerlo,400000.0
Silvère Ganvoula,2015-16,Elazigspor,100000.0
Jordan Lotomba,2026-27,Celtic,3500000.0
Jordan Lotomba,2024-25,Feyenoord,8000000.0
Jordan Lotomba,2020-21,Nice,4000000.0
Jordan Lotomba,2017-18,Young Boys,700000.0
Pablo Galdames,2025-26,Burgos CF,1300000.0
Pablo Galdames,2024-25,Independiente,1500000.0
Pablo Galdames,2023-24,Vasco da Gama,1500000.0
Pablo Galdames,2022-23,Genoa,2300000.0
Pablo Galdames,2022-23,Cremonese,2000000.0
Pablo Galdames,2021-22,Genoa,3100000.0
Pablo Galdames,2018-19,Vélez Sarsfield,500000.0
Kyle Edwards,2026-27,Without Club,100000.0
Kyle Edwards,2025-26,Northampton,175000.0
Kyle Edwards,2024-25,Stevenage,200000.0
Kyle Edwards,2023-24,Oxford United,250000.0
Kyle Edwards,2023-24,Ipswich,250000.0
Kyle Edwards,2023-24,Oxford United,350000.0
Kyle Edwards,2021-22,Ipswich,1000000.0
Jerome Hergault,2022-23,FC Lavaur,250000.0
Jerome Hergault,2022-23,Without Club,250000.0
Jerome Hergault,2019-20,FC Lorient,300000.0
Jerome Hergault,2017-18,AC Ajaccio,250000.0
Ricardo Mangas,2026-27,Sporting,2000000.0
Ricardo Mangas,2026-27,Monza,2000000.0
Ricardo Mangas,2025-26,Sporting,2500000.0
Ricardo Mangas,2024-25,Spartak Moscow,4000000.0
Ricardo Mangas,2023-24,Vit. Guimarães,1500000.0
Ricardo Mangas,2021-22,Boavista,1500000.0
Ricardo Mangas,2021-22,G. Bordeaux,1000000.0
Ricardo Mangas,2020-21,Boavista,450000.0
Azor Matusiwa,2025-26,Ipswich,8000000.0
Azor Matusiwa,2023-24,Stade Rennais,10000000.0
Azor Matusiwa,2021-22,Stade Reims,5000000.0
Azor Matusiwa,2019-20,FC Groningen,1000000.0
Azor Matusiwa,2018-19,Ajax U21,1000000.0
Azor Matusiwa,2018-19,De Graafschap,150000.0
Azor Matusiwa,2017-18,Ajax U21,75000.0
Myrto Uzuni,2024-25,Austin,5000000.0
Myrto Uzuni,2021-22,Granada CF,3500000.0
Myrto Uzuni,2020-21,Ferencváros,1800000.0
Myrto Uzuni,2018-19,NK Lokomotiva,425000.0
Myrto Uzuni,2017-18,KF Laçi,150000.0
Nick Proschwitz,2021-22,Hoffenheim II,225000.0
Nick Proschwitz,2019-20,E. Braunschweig,250000.0
Nick Proschwitz,2018-19,SV Meppen,200000.0
Nick Proschwitz,2018-19,Without Club,200000.0
Nick Proschwitz,2017-18,Sparta R.,400000.0
Nick Proschwitz,2017-18,Without Club,400000.0
Nick Proschwitz,2015-16,Sint-Truiden,700000.0
Nick Proschwitz,2015-16,SC Paderborn,700000.0
Nick Proschwitz,2014-15,Brentford,750000.0
Nick Proschwitz,2014-15,Coventry,750000.0
Nick Proschwitz,2014-15,Brentford,1000000.0
Nick Proschwitz,2013-14,Hull City,1000000.0
Nick Proschwitz,2013-14,Barnsley,1000000.0
Nick Proschwitz,2012-13,Hull City,1500000.0
Nick Proschwitz,2011-12,SC Paderborn,600000.0
Nick Proschwitz,2011-12,FC Luzern,600000.0
Nick Proschwitz,2010-11,FC Thun,400000.0
Nick Proschwitz,2009-10,FC Vaduz,150000.0
Nick Proschwitz,2008-09,Hannover 96 II,100000.0
Nick Proschwitz,2006-07,Wolfsburg II,50000.0
Dominik Greif,2025-26,Lyon,6000000.0
Dominik Greif,2021-22,RCD Mallorca,1000000.0
Florian Krüger,2025-26,MSV Duisburg,500000.0
Florian Krüger,2024-25,Beerschot VA,500000.0
Florian Krüger,2024-25,Saarbrücken,400000.0
Florian Krüger,2024-25,Beerschot VA,600000.0
Florian Krüger,2023-24,FC Groningen,600000.0
Florian Krüger,2023-24,E. Braunschweig,900000.0
Florian Krüger,2022-23,FC Groningen,1800000.0
Florian Krüger,2021-22,Arm. Bielefeld,4000000.0
Cyriel Dessers,2025-26,Panathinaikos,4000000.0
Cyriel Dessers,2023-24,Rangers,5000000.0
Cyriel Dessers,2022-23,Cremonese,6000000.0
Cyriel Dessers,2021-22,Genk,6000000.0
Cyriel Dessers,2021-22,Feyenoord,3000000.0
Cyriel Dessers,2020-21,Genk,3200000.0
Cyriel Dessers,2019-20,Heracles Almelo,1000000.0
Cyriel Dessers,2017-18,Utrecht,900000.0
Cyriel Dessers,2016-17,NAC Breda,650000.0
Cyriel Dessers,2014-15,KSC Lokeren,100000.0
David Raum,2022-23,Leipzig,20000000.0
David Raum,2021-22,Hoffenheim,5000000.0
David Raum,2016-17,Greuther Fürth,125000.0
Denzel Dumfries,2026-27,Real Madrid,25000000.0
Denzel Dumfries,2021-22,Inter,16000000.0
Denzel Dumfries,2018-19,PSV,4000000.0
Denzel Dumfries,2017-18,Heerenveen,1000000.0
Denzel Dumfries,2015-16,Sparta R.,50000.0
Flavius Daniliuc,2025-26,Basel,2700000.0
Flavius Daniliuc,2024-25,Salernitana,2700000.0
Flavius Daniliuc,2024-25,Hellas Verona,6000000.0
Flavius Daniliuc,2023-24,Salernitana,6000000.0
Flavius Daniliuc,2023-24,Salzburg,7000000.0
Flavius Daniliuc,2022-23,Salernitana,8000000.0
Ollie Watkins,2026-27,Al-Hilal,25000000.0
Ollie Watkins,2020-21,Aston Villa,12000000.0
Ollie Watkins,2017-18,Brentford,150000.0
Youssef Maleh,2025-26,Lecce,1500000.0
Youssef Maleh,2025-26,Cremonese,1000000.0
Youssef Maleh,2024-25,Lecce,3200000.0
Youssef Maleh,2023-24,FC Empoli,4500000.0
Youssef Maleh,2023-24,Lecce,4500000.0
Youssef Maleh,2022-23,Fiorentina,4500000.0
Youssef Maleh,2022-23,Lecce,4500000.0
Youssef Maleh,2020-21,Fiorentina,3500000.0
Youssef Maleh,2020-21,Venezia,700000.0
Youssef Maleh,2020-21,Fiorentina,700000.0
Youssef Maleh,2018-19,Venezia,150000.0
Youssef Maleh,2018-19,Ravenna,75000.0
Youssef Maleh,2018-19,Venezia,75000.0
Youssef Maleh,2017-18,Cesena,75000.0
Youssef Maleh,2017-18,Ravenna,100000.0
Youssef Maleh,2017-18,Cesena,100000.0
Rayan Souici,2019-20,Servette FC,150000.0
Rayan Souici,2018-19,Saint-Étienne,150000.0
Filip Uremović,2025-26,Kawasaki Front.,3000000.0
Filip Uremović,2023-24,Hajduk Split,2000000.0
Filip Uremović,2022-23,Hertha BSC,6000000.0
Filip Uremović,2021-22,Rubin Kazan,6000000.0
Filip Uremović,2021-22,Sheff Utd,7000000.0
Filip Uremović,2018-19,Rubin Kazan,250000.0
Donyell Malen,2026-27,Roma,45000000.0
Donyell Malen,2025-26,Aston Villa,45000000.0
Donyell Malen,2025-26,Roma,25000000.0
Donyell Malen,2024-25,Aston Villa,28000000.0
Donyell Malen,2021-22,Dortmund,30000000.0
Donyell Malen,2018-19,PSV,750000.0
Donyell Malen,2017-18,PSV U21,200000.0
Dani Calvo,2021-22,Real Oviedo,1500000.0
Dani Calvo,2019-20,Elche CF,800000.0
Dani Calvo,2018-19,CD Numancia,800000.0
Dani Calvo,2018-19,Elche CF,800000.0
Dani Calvo,2015-16,Atl. Levante,200000.0
Dani Calvo,2015-16,CD Numancia,200000.0
Akim Zedadka,2025-26,Sabah FK,700000.0
Akim Zedadka,2024-25,Piast Gliwice,1500000.0
Akim Zedadka,2023-24,Lille,2000000.0
Akim Zedadka,2023-24,Real Zaragoza,2000000.0
Akim Zedadka,2022-23,Lille,2500000.0
Akim Zedadka,2022-23,AJ Auxerre,3000000.0
Akim Zedadka,2022-23,Lille,4000000.0
Akim Zedadka,2019-20,Clermont Foot,400000.0
Akim Zedadka,2018-19,Marignane G. FC,200000.0
Akim Zedadka,2017-18,AS St-Rémy,200000.0
Akim Zedadka,2017-18,Without Club,200000.0
Kristoffer Ajer,2021-22,Brentford,7000000.0
Kristoffer Ajer,2016-17,Celtic,800000.0
Kristoffer Ajer,2016-17,Kilmarnock FC,800000.0
Jota,2024-25,Celtic,8000000.0
Jota,2024-25,Stade Rennais,9000000.0
Jota,2023-24,Al-Ittihad,13000000.0
Jota,2022-23,Celtic,7500000.0
Jota,2021-22,Benfica,7500000.0
Jota,2021-22,Celtic,3500000.0
Jota,2020-21,Benfica,3500000.0
Jota,2020-21,Real Valladolid,8000000.0
Jota,2019-20,Benfica,10000000.0
Raúl Guti,2026-27,Without Club,800000.0
Raúl Guti,2024-25,Real Zaragoza,1500000.0
Raúl Guti,2023-24,Elche CF,1500000.0
Raúl Guti,2023-24,Real Zaragoza,1800000.0
Raúl Guti,2020-21,Elche CF,800000.0
Raúl Guti,2017-18,Real Zaragoza,100000.0
Luis Abram,2025-26,Sport. Cristal,2000000.0
Luis Abram,2022-23,Atlanta,4000000.0
Luis Abram,2022-23,Granada CF,4000000.0
Luis Abram,2021-22,CD Cruz Azul,7000000.0
Luis Abram,2021-22,Granada CF,6800000.0
Luis Abram,2017-18,Vélez Sarsfield,450000.0
Kristian Pedersen,2026-27,B.93,300000.0
Kristian Pedersen,2025-26,FC Fredericia,500000.0
Kristian Pedersen,2025-26,Without Club,500000.0
Kristian Pedersen,2023-24,Swansea,800000.0
Kristian Pedersen,2023-24,Sheff Wed,1000000.0
Kristian Pedersen,2023-24,Swansea,1200000.0
Kristian Pedersen,2022-23,1.FC Köln,3000000.0
Kristian Pedersen,2018-19,Birmingham,1500000.0
Kristian Pedersen,2016-17,Union Berlin,400000.0
Francois-Joseph Sollacaro,2025-26,Without Club,400000.0
Francois-Joseph Sollacaro,2018-19,AC Ajaccio,150000.0
Deiver Machado,2026-27,Rodina Moscow,1800000.0
Deiver Machado,2025-26,FC Nantes,3000000.0
Deiver Machado,2021-22,Lens,900000.0
Deiver Machado,2020-21,Toulouse,550000.0
Deiver Machado,2018-19,KAA Gent,1400000.0
Deiver Machado,2018-19,Atl. Nacional,1000000.0
Deiver Machado,2017-18,KAA Gent,950000.0
Bonke Innocent,2025-26,Without Club,300000.0
Bonke Innocent,2024-25,Adanaspor,1000000.0
Bonke Innocent,2021-22,FC Lorient,800000.0
Bonke Innocent,2017-18,Malmö,400000.0
Orbelín Pineda,2026-27,Monterrey,7000000.0
Orbelín Pineda,2023-24,AEK Athens,5000000.0
Orbelín Pineda,2022-23,Celta de Vigo,5000000.0
Orbelín Pineda,2022-23,AEK Athens,4000000.0
Orbelín Pineda,2021-22,Celta de Vigo,9000000.0
Orbelín Pineda,2018-19,CD Cruz Azul,5000000.0
Orbelín Pineda,2015-16,Chivas,1800000.0
Fabian Kunze,2025-26,1.FC K'lautern,1200000.0
Fabian Kunze,2022-23,Hannover 96,1000000.0
Fabian Kunze,2019-20,Arm. Bielefeld,150000.0
Fabian Kunze,2016-17,SV Rödinghausen,25000.0
Maxim Leitsch,2026-27,Without Club,800000.0
Maxim Leitsch,2022-23,Mainz,5000000.0
Maxim Leitsch,2017-18,VfL Bochum,200000.0
Finn Ole Becker,2025-26,1.FC Nuremberg,2000000.0
Finn Ole Becker,2022-23,Hoffenheim,2500000.0
Ben White,2021-22,Arsenal,28000000.0
Ben White,2019-20,Brighton,5500000.0
Mergim Vojvoda,2026-27,Udinese,2500000.0
Mergim Vojvoda,2024-25,Como,3000000.0
Mergim Vojvoda,2020-21,Torino,4000000.0
Mergim Vojvoda,2019-20,Standard Liège,1000000.0
Mergim Vojvoda,2016-17,Mouscron,75000.0
Mergim Vojvoda,2015-16,Standard U21,75000.0
Mergim Vojvoda,2015-16,Carl Zeiss Jena,100000.0
Mergim Vojvoda,2015-16,Standard U21,100000.0
Jorge Pombo,2024-25,Kifisia,400000.0
Jorge Pombo,2024-25,Without Club,400000.0
Jorge Pombo,2023-24,FC Andorra,400000.0
Jorge Pombo,2022-23,Racing,500000.0
Jorge Pombo,2021-22,Cádiz CF,500000.0
Jorge Pombo,2021-22,Real Oviedo,1000000.0
Jorge Pombo,2020-21,Cádiz CF,700000.0
Jorge Pombo,2019-20,Real Zaragoza,550000.0
Jorge Pombo,2019-20,Cádiz CF,700000.0
Sékou Gassama,2026-27,Without Club,175000.0
Sékou Gassama,2025-26,Universitario,250000.0
Sékou Gassama,2025-26,Without Club,300000.0
Sékou Gassama,2024-25,Eldense,350000.0
Sékou Gassama,2024-25,USM Alger,500000.0
Sékou Gassama,2023-24,Anorthosis,300000.0
Sékou Gassama,2022-23,Real Valladolid,300000.0
Sékou Gassama,2022-23,Racing,500000.0
Sékou Gassama,2021-22,Real Valladolid,500000.0
Sékou Gassama,2021-22,Málaga CF,500000.0
Sékou Gassama,2020-21,Real Valladolid,500000.0
Sékou Gassama,2020-21,CF Fuenlabrada,400000.0
Sékou Gassama,2019-20,Real Valladolid,400000.0
Sékou Gassama,2019-20,CF Fuenlabrada,500000.0
Sékou Gassama,2019-20,Real Valladolid,500000.0
Sékou Gassama,2018-19,UD Almería,200000.0
Sékou Gassama,2018-19,Valencia B,200000.0
Alex Král,2026-27,Copenhagen,2500000.0
Alex Král,2024-25,Union Berlin,6000000.0
Alex Král,2024-25,Espanyol,5000000.0
Alex Král,2024-25,Union Berlin,5000000.0
Alex Král,2023-24,Spartak Moscow,5000000.0
Alex Král,2023-24,Union Berlin,7000000.0
Alex Král,2022-23,Spartak Moscow,7000000.0
Alex Král,2022-23,FC Schalke 04,7000000.0
Alex Král,2021-22,Spartak Moscow,7000000.0
Alex Král,2021-22,West Ham,10000000.0
Alex Král,2019-20,Spartak Moscow,3500000.0
Alex Král,2018-19,Slavia Prague,800000.0
Alex Král,2016-17,Teplice,75000.0
Abdu Conte,2025-26,Casa Pia,700000.0
Abdu Conte,2024-25,Troyes,700000.0
Abdu Conte,2024-25,Young Boys,1000000.0
Abdu Conte,2021-22,Troyes,1500000.0
Abdu Conte,2019-20,Moreirense,450000.0
Abdu Conte,2018-19,Sporting CP U23,450000.0
Abdu Conte,2017-18,Sporting B,150000.0
Deyovaisio Zeefuik,2022-23,Hertha BSC,1200000.0
Deyovaisio Zeefuik,2022-23,Hellas Verona,1500000.0
Deyovaisio Zeefuik,2021-22,Hertha BSC,3000000.0
Deyovaisio Zeefuik,2021-22,Blackburn,3500000.0
Deyovaisio Zeefuik,2020-21,Hertha BSC,2700000.0
Deyovaisio Zeefuik,2018-19,FC Groningen,600000.0
Deyovaisio Zeefuik,2017-18,Ajax,600000.0
Deyovaisio Zeefuik,2017-18,FC Groningen,500000.0
Deyovaisio Zeefuik,2017-18,Ajax,300000.0
Deyovaisio Zeefuik,2016-17,Ajax U21,50000.0
Daam Foulon,2025-26,Royal Antwerp,2500000.0
Daam Foulon,2023-24,KV Mechelen,700000.0
Daam Foulon,2020-21,Benevento,625000.0
Mile Svilar,2022-23,Roma,2000000.0
Mile Svilar,2017-18,Benfica,350000.0
Deniz Undav,2024-25,Stuttgart,25000000.0
Deniz Undav,2023-24,Brighton,25000000.0
Deniz Undav,2023-24,Stuttgart,10000000.0
Deniz Undav,2021-22,Brighton,8000000.0
Deniz Undav,2021-22,Union SG,5000000.0
Deniz Undav,2021-22,Brighton,5000000.0
Deniz Undav,2020-21,Union SG,800000.0
Deniz Undav,2018-19,SV Meppen,225000.0
Deniz Undav,2017-18,Braunschweig II,175000.0
Deniz Undav,2015-16,TSV Havelse,25000.0
Tyrell Malacia,2026-27,Without Club,4000000.0
Tyrell Malacia,2024-25,Man Utd,8000000.0
Tyrell Malacia,2024-25,PSV,15000000.0
Tyrell Malacia,2022-23,Man Utd,17000000.0
Tyrell Malacia,2017-18,Feyenoord,200000.0
Aleksandar Radovanovic,2026-27,Without Club,250000.0
Aleksandar Radovanovic,2025-26,Real Zaragoza,500000.0
Aleksandar Radovanovic,2023-24,UD Almería,600000.0
Aleksandar Radovanovic,2022-23,KV Kortrijk,550000.0
Aleksandar Radovanovic,2022-23,Austin,550000.0
Aleksandar Radovanovic,2020-21,KV Kortrijk,600000.0
Aleksandar Radovanovic,2018-19,Lens,400000.0
Aleksandar Radovanovic,2017-18,Vojvodina,400000.0
Aleksandar Radovanovic,2016-17,Spartak,200000.0
Rico Henry,2016-17,Brentford,500000.0
Giovanni González,2026-27,River Plate,2000000.0
Giovanni González,2024-25,Krasnodar,3000000.0
Giovanni González,2021-22,RCD Mallorca,2000000.0
Giovanni González,2017-18,Peñarol,375000.0
Tete Morente,2025-26,Elche CF,1800000.0
Tete Morente,2024-25,Lecce,2500000.0
Tete Morente,2020-21,Elche CF,400000.0
Tete Morente,2019-20,Málaga CF,500000.0
Tete Morente,2019-20,CD Lugo,500000.0
Tete Morente,2018-19,Gimnàstic,500000.0
Tete Morente,2018-19,CD Lugo,500000.0
Tete Morente,2017-18,Gimnàstic,200000.0
Ike Ugbo,2026-27,Sheff Wed,1200000.0
Ike Ugbo,2026-27,Apol. Limassol,1200000.0
Ike Ugbo,2024-25,Sheff Wed,2800000.0
Ike Ugbo,2023-24,Troyes,2800000.0
Ike Ugbo,2023-24,Sheff Wed,2500000.0
Ike Ugbo,2023-24,Troyes,2500000.0
Ike Ugbo,2023-24,Cardiff,3000000.0
Ike Ugbo,2022-23,Troyes,5000000.0
Ike Ugbo,2021-22,Genk,5000000.0
Ike Ugbo,2021-22,Troyes,3500000.0
Ike Ugbo,2021-22,Genk,4500000.0
Ike Ugbo,2020-21,Chelsea U23,4500000.0
Ike Ugbo,2020-21,Cercle Brugge,500000.0
Ike Ugbo,2019-20,Chelsea U23,500000.0
Thibault De Smet,2025-26,Paris FC,2500000.0
Thibault De Smet,2024-25,Stade Reims,2500000.0
Thibault De Smet,2024-25,Paris FC,2500000.0
Thibault De Smet,2021-22,Stade Reims,450000.0
Thibault De Smet,2021-22,Beerschot VA,800000.0
Thibault De Smet,2020-21,Stade Reims,625000.0
Thibault De Smet,2019-20,Sint-Truiden,500000.0
Josh Dasilva,2025-26,Brentford,3000000.0
Josh Dasilva,2025-26,Without Club,5000000.0
Nathan Tella,2023-24,Leverkusen,18000000.0
Nathan Tella,2022-23,Southampton,12000000.0
Nathan Tella,2022-23,Burnley,1800000.0
Noussair Mazraoui,2024-25,Man Utd,30000000.0
Noussair Mazraoui,2022-23,Bayern Munich,20000000.0
Noussair Mazraoui,2017-18,Ajax,600000.0
Noussair Mazraoui,2016-17,Ajax U21,25000.0
Guilherme Ramos,2025-26,BJ Guoan,700000.0
Guilherme Ramos,2024-25,Hamburg,700000.0
Guilherme Ramos,2024-25,Santa Clara,900000.0
Guilherme Ramos,2023-24,Hamburg,1000000.0
Guilherme Ramos,2021-22,Arm. Bielefeld,800000.0
Guilherme Ramos,2019-20,Feirense,350000.0
Guilherme Ramos,2018-19,Sporting CP U23,350000.0
Guilherme Ramos,2018-19,Mafra,100000.0
Guilherme Ramos,2018-19,Sporting CP U23,100000.0
Franco Cervi,2026-27,Rosario Central,600000.0
Franco Cervi,2021-22,Celta de Vigo,5000000.0
Franco Cervi,2016-17,Benfica,5500000.0
Diego Conde,2026-27,Villarreal,3000000.0
Diego Conde,2026-27,Real Betis,3000000.0
Diego Conde,2024-25,Villarreal,2000000.0
Diego Conde,2023-24,CD Leganés,300000.0
Diego Conde,2021-22,Getafe,300000.0
Diego Conde,2020-21,Atl. Madrileño,300000.0
Diego Conde,2020-21,CD Leganés,200000.0
Diego Conde,2018-19,Atl. Madrileño,150000.0
Diego Conde,2018-19,Navalcarnero,50000.0
Yoann Etienne,2018-19,Monaco B,800000.0
Michel Vlap,2025-26,Al-Ahli SC,5000000.0
Michel Vlap,2022-23,FC Twente,2000000.0
Michel Vlap,2021-22,RSC Anderlecht,2000000.0
Michel Vlap,2021-22,FC Twente,3000000.0
Michel Vlap,2020-21,RSC Anderlecht,3000000.0
Michel Vlap,2020-21,Arm. Bielefeld,4000000.0
Michel Vlap,2019-20,RSC Anderlecht,8000000.0
Enzo Ebosse,2025-26,Udinese,2800000.0
Enzo Ebosse,2025-26,Torino,1500000.0
Enzo Ebosse,2025-26,Udinese,1500000.0
Enzo Ebosse,2025-26,Hellas Verona,2000000.0
Enzo Ebosse,2024-25,Udinese,2000000.0
Enzo Ebosse,2024-25,Jagiellonia,2000000.0
Enzo Ebosse,2022-23,Udinese,2000000.0
Enzo Ebosse,2020-21,Angers SCO,450000.0
Yassin Fortune,2025-26,Vizela,250000.0
Yassin Fortune,2024-25,QRM,400000.0
Yassin Fortune,2023-24,FC Sion,400000.0
Yassin Fortune,2023-24,Polissya,200000.0
Yassin Fortune,2021-22,FC Sion,300000.0
Yassin Fortune,2021-22,SO Cholet,200000.0
Yassin Fortune,2020-21,FC Sion,200000.0
Yassin Fortune,2020-21,Angers SCO,200000.0
Erhan Mašović,2026-27,Vojvodina,900000.0
Erhan Mašović,2020-21,VfL Bochum,250000.0
Erhan Mašović,2019-20,Club Brugge,250000.0
Erhan Mašović,2019-20,AC Horsens,250000.0
Erhan Mašović,2018-19,Club Brugge,250000.0
Erhan Mašović,2018-19,AS Trencin,1000000.0
Erhan Mašović,2017-18,Club Brugge,1500000.0
Nathan Broadhead,2025-26,Wrexham,4500000.0
Nathan Broadhead,2022-23,Ipswich,500000.0
Nathan Broadhead,2022-23,Everton,500000.0
Nathan Broadhead,2022-23,Wigan,500000.0
Nathan Broadhead,2021-22,Everton U23,500000.0
Nathan Broadhead,2021-22,Sunderland,500000.0
Anton Stach,2025-26,Leeds,14000000.0
Anton Stach,2023-24,Hoffenheim,15000000.0
Anton Stach,2021-22,Mainz,2500000.0
Anton Stach,2020-21,Greuther Fürth,125000.0
Anton Stach,2018-19,Wolfsburg II,75000.0
Rayan Raveloson,2026-27,Amed SK,1000000.0
Rayan Raveloson,2024-25,Young Boys,2000000.0
Rayan Raveloson,2022-23,AJ Auxerre,2000000.0
Rayan Raveloson,2020-21,LA Galaxy,1000000.0
Rayan Raveloson,2018-19,Troyes,600000.0
Aurelien Nguiamba,2026-27,Without Club,250000.0
Aurelien Nguiamba,2025-26,Arka Gdynia,500000.0
Aurelien Nguiamba,2024-25,Without Club,550000.0
Aurelien Nguiamba,2023-24,Jagiellonia,300000.0
Aurelien Nguiamba,2022-23,Spezia Calcio,300000.0
Aurelien Nguiamba,2022-23,Jagiellonia,300000.0
Aurelien Nguiamba,2021-22,Spezia Calcio,500000.0
Aurelien Nguiamba,2021-22,Without Club,500000.0
Aurelien Nguiamba,2019-20,AS Nancy,450000.0
Aurelien Nguiamba,2019-20,G. Ajaccio,500000.0
Simon Banza,2026-27,Al-Jazira,10000000.0
Simon Banza,2026-27,PAOK,10000000.0
Simon Banza,2025-26,Al-Jazira,14000000.0
Simon Banza,2024-25,Braga,14000000.0
Simon Banza,2024-25,Trabzonspor,18000000.0
Simon Banza,2022-23,Braga,5000000.0
Simon Banza,2021-22,Lens,5000000.0
Simon Banza,2021-22,Famalicão,2500000.0
Simon Banza,2017-18,Lens,175000.0
Simon Banza,2017-18,Titus Petange,300000.0
Simon Banza,2016-17,Lens,300000.0
Simon Banza,2016-17,AS Béziers,300000.0
Álex Martín,2025-26,Córdoba CF,400000.0
Álex Martín,2023-24,Elche CF,600000.0
Álex Martín,2023-24,Racing Ferrol,800000.0
Álex Martín,2023-24,Elche CF,800000.0
Álex Martín,2022-23,CD Mirandés,600000.0
Álex Martín,2021-22,Celta Vigo B,600000.0
Álex Martín,2020-21,Cádiz CF B,600000.0
Álex Martín,2020-21,FC Cartagena,450000.0
Álex Martín,2019-20,CD Leganés,450000.0
Álex Martín,2019-20,FC Cartagena,100000.0
Álex Martín,2019-20,CD Leganés,100000.0
Luka Lochoshvili,2026-27,1.FC Köln,2500000.0
Luka Lochoshvili,2025-26,1.FC Nuremberg,500000.0
Luka Lochoshvili,2024-25,Cremonese,500000.0
Luka Lochoshvili,2024-25,Salernitana,600000.0
Luka Lochoshvili,2022-23,Cremonese,1500000.0
Luka Lochoshvili,2020-21,Wolfsberger AC,300000.0
Luka Lochoshvili,2019-20,Dinamo Tbilisi,250000.0
Luka Lochoshvili,2019-20,Dynamo Kyiv U21,250000.0
Luka Lochoshvili,2018-19,MSK Zilina,250000.0
Luka Lochoshvili,2018-19,Dynamo Kyiv U21,450000.0
Luka Lochoshvili,2017-18,Dinamo Tbilisi,450000.0
Luka Lochoshvili,2017-18,Dynamo Kyiv U21,450000.0
Mateusz Lis,2026-27,Lech Poznan,2500000.0
Mateusz Lis,2024-25,Göztepe,1600000.0
Mateusz Lis,2023-24,Southampton,1600000.0
Mateusz Lis,2023-24,Göztepe,900000.0
Mateusz Lis,2022-23,Southampton,900000.0
Mateusz Lis,2022-23,Troyes,900000.0
Mateusz Lis,2021-22,Altay SK,650000.0
Mateusz Lis,2018-19,Wisla Kraków,50000.0
Mateusz Lis,2017-18,Lech Poznan,50000.0
Mateusz Lis,2016-17,Raków,100000.0
Mateusz Lis,2016-17,Lech Poznan,100000.0
Mateusz Lis,2016-17,Podbeskidzie,100000.0
Mateusz Lis,2015-16,Lech Poznan,100000.0
Mateusz Lis,2015-16,Miedz Legnica,100000.0
Andi Zeqiri,2026-27,Widzew Lodz,2000000.0
Andi Zeqiri,2026-27,Standard Liège,2000000.0
Andi Zeqiri,2025-26,Widzew Lodz,4000000.0
Andi Zeqiri,2024-25,Genk,4000000.0
Andi Zeqiri,2024-25,Standard Liège,3500000.0
Andi Zeqiri,2023-24,Genk,3500000.0
Andi Zeqiri,2022-23,Brighton,3500000.0
Andi Zeqiri,2022-23,Basel,2300000.0
Andi Zeqiri,2021-22,Brighton,2300000.0
Andi Zeqiri,2021-22,Augsburg,2500000.0
Andi Zeqiri,2020-21,Brighton,1500000.0
Andi Zeqiri,2016-17,Lausanne-Sport,600000.0
Andi Zeqiri,2016-17,Juventus U19,600000.0
Andreas Bruus,2025-26,AC Horsens,900000.0
Andreas Bruus,2025-26,Without Club,900000.0
Andreas Bruus,2024-25,Troyes,900000.0
Andreas Bruus,2024-25,Aalborg BK,800000.0
Andreas Bruus,2022-23,Troyes,2000000.0
Andreas Bruus,2018-19,Bröndby IF,150000.0
Andreas Bruus,2018-19,FC Roskilde,150000.0
Trevoh Chalobah,2026-27,Como,40000000.0
Trevoh Chalobah,2024-25,Chelsea,13000000.0
Trevoh Chalobah,2024-25,Crystal Palace,13000000.0
Trevoh Chalobah,2021-22,Chelsea,3500000.0
Trevoh Chalobah,2020-21,Chelsea U23,3500000.0
Trevoh Chalobah,2020-21,FC Lorient,2700000.0
Trevoh Chalobah,2019-20,Chelsea U23,2700000.0
Trevoh Chalobah,2019-20,Huddersfield,3000000.0
Trevoh Chalobah,2018-19,Chelsea U23,1000000.0
Dan Nlundulu,2026-27,Petrolul,350000.0
Dan Nlundulu,2025-26,St. Mirren,350000.0
Dan Nlundulu,2024-25,Bolton,350000.0
Dan Nlundulu,2024-25,Cambridge Utd.,400000.0
Dan Nlundulu,2023-24,Bolton,900000.0
Dan Nlundulu,2022-23,Southampton,900000.0
Dan Nlundulu,2022-23,Bolton,1200000.0
Dan Nlundulu,2022-23,Southampton,1200000.0
Dan Nlundulu,2022-23,Cheltenham,1200000.0
Dan Nlundulu,2021-22,Southampton,1500000.0
Dan Nlundulu,2021-22,Cheltenham,1500000.0
Dan Nlundulu,2021-22,Lincoln City,1500000.0
Radoslaw Majecki,2026-27,Monaco,2500000.0
Radoslaw Majecki,2026-27,Pafos,2500000.0
Radoslaw Majecki,2025-26,Monaco,2500000.0
Radoslaw Majecki,2025-26,Stade Brestois,6000000.0
Radoslaw Majecki,2022-23,Monaco,2000000.0
Radoslaw Majecki,2022-23,Cercle Brugge,3000000.0
Radoslaw Majecki,2019-20,Monaco,4500000.0
Radoslaw Majecki,2019-20,Legia Warszawa,5000000.0
Radoslaw Majecki,2019-20,Monaco,5000000.0
Radoslaw Majecki,2017-18,Legia Warszawa,200000.0
Radoslaw Majecki,2017-18,Stal Mielec,150000.0
Radoslaw Majecki,2015-16,Legia Warszawa,100000.0
Romano Schmid,2026-27,Frosinone,15000000.0
Romano Schmid,2019-20,Werder Bremen,2000000.0
Romano Schmid,2018-19,Wolfsberger AC,800000.0
Romano Schmid,2018-19,Werder Bremen,800000.0
Romano Schmid,2017-18,Salzburg,350000.0
Nishan Burkart,2023-24,FC Winterthur,500000.0
Nishan Burkart,2022-23,Freiburg,500000.0
Nishan Burkart,2022-23,FC Winterthur,350000.0
Nishan Burkart,2021-22,Freiburg,300000.0
Dany Mota,2020-21,Monza,350000.0
Dany Mota,2019-20,Juventus U23,350000.0
Dany Mota,2019-20,Monza,400000.0
Dany Mota,2019-20,Juventus U23,300000.0
Dany Mota,2017-18,Virtus Entella,200000.0
Dany Mota,2017-18,Sassuolo U20,200000.0
Dany Mota,2016-17,Virtus Entella,200000.0
Dany Mota,2015-16,Titus Petange,200000.0
Luan Peres,2024-25,Santos,1300000.0
Luan Peres,2022-23,Fenerbahçe,7000000.0
Luan Peres,2021-22,Marseille,2000000.0
Luan Peres,2020-21,Santos,1500000.0
Luan Peres,2020-21,Club Brugge,1000000.0
Luan Peres,2019-20,Santos,600000.0
Luan Peres,2018-19,Club Brugge,700000.0
Luan Peres,2017-18,Ituano,700000.0
Luan Peres,2017-18,Fluminense,600000.0
Luan Peres,2017-18,Ituano,600000.0
Luan Peres,2016-17,Ponte Preta,250000.0
Luan Peres,2016-17,Ituano,250000.0
Luan Peres,2016-17,Red Bull,250000.0
Junya Ito,2025-26,Genk,6000000.0
Junya Ito,2022-23,Stade Reims,7500000.0
Junya Ito,2020-21,Genk,4500000.0
Junya Ito,2019-20,Kashiwa Reysol,4500000.0
Junya Ito,2018-19,Genk,2000000.0
Junya Ito,2015-16,Kashiwa Reysol,200000.0
Antonee Robinson,2020-21,Fulham,3500000.0
Antonee Robinson,2019-20,Wigan,1000000.0
Antonee Robinson,2018-19,Everton U23,1000000.0
Antonee Robinson,2018-19,Wigan,500000.0
Antonee Robinson,2017-18,Everton U23,500000.0
Burak Yilmaz,2023-24,Retired,800000.0
Burak Yilmaz,2022-23,Fortuna Sittard,1500000.0
Burak Yilmaz,2020-21,Lille,1400000.0
Burak Yilmaz,2018-19,Besiktas,2000000.0
Burak Yilmaz,2017-18,Trabzonspor,5200000.0
Burak Yilmaz,2015-16,BJ Guoan,7000000.0
Burak Yilmaz,2012-13,Galatasaray,12000000.0
Burak Yilmaz,2009-10,Trabzonspor,1500000.0
Burak Yilmaz,2009-10,Fenerbahçe,1500000.0
Burak Yilmaz,2009-10,Eskisehirspor,1300000.0
Burak Yilmaz,2008-09,Fenerbahçe,2500000.0
Burak Yilmaz,2007-08,Manisaspor,1800000.0
Burak Yilmaz,2006-07,Besiktas,50000.0
Kalvin Phillips,2026-27,Man City,2500000.0
Kalvin Phillips,2025-26,Sheff Utd,6000000.0
Kalvin Phillips,2024-25,Man City,12000000.0
Kalvin Phillips,2024-25,Ipswich,25000000.0
Kalvin Phillips,2023-24,Man City,25000000.0
Kalvin Phillips,2023-24,West Ham,28000000.0
Kalvin Phillips,2022-23,Man City,50000000.0
Darnell Furlong,2025-26,Ipswich,2800000.0
Darnell Furlong,2019-20,West Brom,750000.0
Darnell Furlong,2016-17,QPR,100000.0
Darnell Furlong,2016-17,Swindon Town,100000.0
Darnell Furlong,2015-16,QPR,100000.0
Darnell Furlong,2015-16,Cambridge Utd.,100000.0
Darnell Furlong,2015-16,Northampton,100000.0
Federico Baschirotto,2025-26,Cremonese,3600000.0
Federico Baschirotto,2022-23,Lecce,450000.0
Federico Baschirotto,2021-22,Ascoli,175000.0
Federico Baschirotto,2019-20,Viterbese,100000.0
Federico Baschirotto,2018-19,Cremonese,100000.0
Federico Baschirotto,2018-19,Vigor Carpaneto,75000.0
Federico Baschirotto,2017-18,Cremonese,75000.0
Federico Baschirotto,2017-18,Cuneo,75000.0
Federico Baschirotto,2016-17,Cremonese,75000.0
Federico Baschirotto,2016-17,Forlì,75000.0
Federico Baschirotto,2015-16,Cremonese,75000.0
Jeison Lucumí,2024-25,LD Alajuelense,600000.0
Jeison Lucumí,2021-22,Deportes Tolima,800000.0
Jeison Lucumí,2020-21,CD América,1200000.0
Jeison Lucumí,2020-21,Elche CF,1200000.0
Jeison Lucumí,2019-20,Tigres UANL,1200000.0
Jeison Lucumí,2019-20,Querétaro FC,950000.0
Jeison Lucumí,2019-20,Tigres UANL,950000.0
Jeison Lucumí,2017-18,Atl. Nacional,250000.0
Omar Alderete,2025-26,Sunderland,8000000.0
Omar Alderete,2023-24,Getafe,4000000.0
Omar Alderete,2022-23,Hertha BSC,4000000.0
Omar Alderete,2022-23,Getafe,10000000.0
Omar Alderete,2021-22,Hertha BSC,10000000.0
Omar Alderete,2021-22,Valencia,4500000.0
Omar Alderete,2020-21,Hertha BSC,3000000.0
Omar Alderete,2019-20,Basel,900000.0
Omar Alderete,2018-19,Huracán,900000.0
Omar Alderete,2017-18,Cerro Porteño,900000.0
Giulio Maggiore,2025-26,Bari,1500000.0
Giulio Maggiore,2024-25,Salernitana,1500000.0
Giulio Maggiore,2024-25,Bari,2000000.0
Giulio Maggiore,2022-23,Salernitana,8500000.0
Giulio Maggiore,2016-17,Spezia Calcio,175000.0
Robert Gumny,2025-26,Lech Poznan,1500000.0
Robert Gumny,2020-21,Augsburg,3500000.0
Robert Gumny,2016-17,Lech Poznan,175000.0
Robert Gumny,2016-17,Podbeskidzie,100000.0
Robert Gumny,2015-16,Lech Poznan,50000.0
Hiroki Ito,2024-25,Bayern Munich,30000000.0
Hiroki Ito,2022-23,Stuttgart,4500000.0
Hiroki Ito,2021-22,Júbilo Iwata,4500000.0
Hiroki Ito,2021-22,Stuttgart,550000.0
Hiroki Ito,2019-20,Júbilo Iwata,150000.0
Hiroki Ito,2018-19,Nagoya Grampus,75000.0
Hiroki Ito,2017-18,Júbilo Iwata,50000.0
M'Bala Nzola,2026-27,Cagliari,4000000.0
M'Bala Nzola,2025-26,Fiorentina,4000000.0
M'Bala Nzola,2025-26,Sassuolo,6000000.0
M'Bala Nzola,2025-26,Fiorentina,6000000.0
M'Bala Nzola,2025-26,Pisa,6000000.0
M'Bala Nzola,2024-25,Fiorentina,6000000.0
M'Bala Nzola,2024-25,Lens,7000000.0
M'Bala Nzola,2023-24,Fiorentina,8000000.0
M'Bala Nzola,2020-21,Spezia Calcio,900000.0
M'Bala Nzola,2019-20,Trapani,900000.0
M'Bala Nzola,2019-20,Spezia Calcio,375000.0
M'Bala Nzola,2019-20,Trapani,375000.0
M'Bala Nzola,2018-19,Carpi,375000.0
M'Bala Nzola,2018-19,Trapani,400000.0
M'Bala Nzola,2017-18,Carpi,350000.0
M'Bala Nzola,2016-17,V. Francavilla,100000.0
M'Bala Nzola,2015-16,Sertanense,100000.0
Stephan Fürstner,2020-21,FSV Mainz 05 II,200000.0
Stephan Fürstner,2018-19,E. Braunschweig,500000.0
Stephan Fürstner,2015-16,Union Berlin,800000.0
Stephan Fürstner,2009-10,Greuther Fürth,100000.0
Stephan Fürstner,2008-09,FC Bayern II,200000.0
Stephan Fürstner,2006-07,Bayern Munich,200000.0
Ko Itakura,2026-27,Mönchengladbach,8000000.0
Ko Itakura,2025-26,Ajax,12000000.0
Ko Itakura,2022-23,Mönchengladbach,5000000.0
Ko Itakura,2021-22,Man City,5000000.0
Ko Itakura,2021-22,FC Schalke 04,3500000.0
Ko Itakura,2020-21,Man City,3500000.0
Ko Itakura,2020-21,FC Groningen,800000.0
Ko Itakura,2019-20,Man City,800000.0
Ko Itakura,2018-19,FC Groningen,700000.0
Ko Itakura,2018-19,Man City,700000.0
Ko Itakura,2018-19,Kawasaki Front.,175000.0
Ko Itakura,2017-18,Vegalta Sendai,175000.0
Diogo Leite,2026-27,Lazio,12000000.0
Diogo Leite,2026-27,Without Club,12000000.0
Diogo Leite,2023-24,Union Berlin,15000000.0
Diogo Leite,2022-23,Porto,15000000.0
Diogo Leite,2022-23,Union Berlin,7000000.0
Diogo Leite,2021-22,Porto,7000000.0
Diogo Leite,2021-22,Braga,10000000.0
Diogo Leite,2019-20,Porto,5000000.0
Jayson Molumby,2022-23,West Brom,1000000.0
Jayson Molumby,2021-22,Brighton U23,1000000.0
Jayson Molumby,2021-22,West Brom,1000000.0
Jayson Molumby,2020-21,Brighton U23,1000000.0
Jayson Molumby,2020-21,Preston,900000.0
Jayson Molumby,2019-20,Brighton U23,900000.0
Brandon Baiye,2025-26,Erzurumspor FK,500000.0
Brandon Baiye,2022-23,KAS Eupen,500000.0
Brandon Baiye,2021-22,Clermont Foot,600000.0
Brandon Baiye,2021-22,A. Lustenau,350000.0
Brandon Baiye,2020-21,Clermont Foot,350000.0
Brandon Baiye,2020-21,A. Lustenau,325000.0
Brandon Baiye,2019-20,Clermont Foot,350000.0
Luis Pérez,2025-26,Gaziantep FK,1400000.0
Luis Pérez,2020-21,Real Valladolid,650000.0
Luis Pérez,2017-18,CD Tenerife,300000.0
Yordan Osorio,2025-26,Deportes Tolima,750000.0
Yordan Osorio,2025-26,Without Club,750000.0
Yordan Osorio,2025-26,Dep. La Guaira,1500000.0
Yordan Osorio,2020-21,Parma,2500000.0
Yordan Osorio,2019-20,Porto,2500000.0
Yordan Osorio,2019-20,Zenit S-Pb,2500000.0
Yordan Osorio,2018-19,Porto,2500000.0
Yordan Osorio,2018-19,Vit. Guimarães,1000000.0
Yordan Osorio,2018-19,Porto,1000000.0
Yordan Osorio,2017-18,Tondela,1000000.0
Yordan Osorio,2017-18,Porto,600000.0
Yordan Osorio,2016-17,Tondela,300000.0
Eldor Shomurodov,2026-27,Basaksehir,7000000.0
Eldor Shomurodov,2025-26,Roma,7000000.0
Eldor Shomurodov,2025-26,Basaksehir,5000000.0
Eldor Shomurodov,2023-24,Roma,5000000.0
Eldor Shomurodov,2023-24,Cagliari,6000000.0
Eldor Shomurodov,2022-23,Roma,6000000.0
Eldor Shomurodov,2022-23,Spezia Calcio,7000000.0
Eldor Shomurodov,2021-22,Roma,7000000.0
Eldor Shomurodov,2020-21,Genoa,6500000.0
Eldor Shomurodov,2017-18,Rostov,750000.0
Ritsu Doan,2025-26,Frankfurt,25000000.0
Ritsu Doan,2022-23,Freiburg,8000000.0
Ritsu Doan,2020-21,PSV,7000000.0
Ritsu Doan,2020-21,Arm. Bielefeld,6300000.0
Ritsu Doan,2019-20,PSV,10000000.0
Ritsu Doan,2018-19,FC Groningen,2500000.0
Ritsu Doan,2017-18,Gamba Osaka,2500000.0
Ritsu Doan,2017-18,FC Groningen,150000.0
Mehdi Chahiri,2025-26,Without Club,250000.0
Mehdi Chahiri,2023-24,Pau FC,700000.0
Mehdi Chahiri,2022-23,R. Strasbourg,700000.0
Mehdi Chahiri,2022-23,Paris FC,1200000.0
Mehdi Chahiri,2021-22,R. Strasbourg,1200000.0
Mehdi Chahiri,2021-22,SM Caen,1500000.0
Mehdi Chahiri,2019-20,R. Strasbourg,150000.0
Mehdi Chahiri,2019-20,Red Star FC,150000.0
Kingsley Fobi,2024-25,UD Montijo,150000.0
Kingsley Fobi,2022-23,CD Estepona FS,200000.0
Kingsley Fobi,2021-22,Chania,150000.0
Kingsley Fobi,2021-22,Without Club,150000.0
Kingsley Fobi,2020-21,Recre Granada,100000.0
Kingsley Fobi,2019-20,Watford U23,100000.0
Kingsley Fobi,2019-20,CD Badajoz,100000.0
Kingsley Fobi,2018-19,Watford U23,100000.0
Kingsley Fobi,2018-19,UD Ibiza,200000.0
Kingsley Fobi,2017-18,Watford U23,200000.0
Kingsley Fobi,2015-16,Granada CF U19,50000.0
Kingsley Fobi,2015-16,Udinese U19,50000.0
Teun Koopmeiners,2024-25,Juventus,50000000.0
Teun Koopmeiners,2021-22,Atalanta,16500000.0
Teun Koopmeiners,2017-18,AZ Alkmaar,350000.0
Jurgen Ekkelenkamp,2024-25,Udinese,4500000.0
Jurgen Ekkelenkamp,2022-23,Royal Antwerp,3500000.0
Jurgen Ekkelenkamp,2021-22,Hertha BSC,3200000.0
Jurgen Ekkelenkamp,2019-20,Ajax,1500000.0
Jurgen Ekkelenkamp,2018-19,Ajax U21,400000.0
Sven Botman,2022-23,Newcastle,30000000.0
Sven Botman,2020-21,Lille,1300000.0
Sven Botman,2019-20,Ajax U21,1300000.0
Sven Botman,2019-20,Heerenveen,300000.0
Sergiño Dest,2024-25,PSV,22000000.0
Sergiño Dest,2023-24,Barcelona,22000000.0
Sergiño Dest,2023-24,PSV,10000000.0
Sergiño Dest,2022-23,Barcelona,10000000.0
Sergiño Dest,2022-23,AC Milan,18000000.0
Sergiño Dest,2020-21,Barcelona,18000000.0
Sergiño Dest,2019-20,Ajax,600000.0
Kilian Ludewig,2024-25,Petrolul,250000.0
Kilian Ludewig,2024-25,Without Club,300000.0
Kilian Ludewig,2023-24,Salzburg,300000.0
Kilian Ludewig,2023-24,1860 Munich,450000.0
Kilian Ludewig,2022-23,Salzburg,450000.0
Kilian Ludewig,2022-23,Aalborg BK,600000.0
Kilian Ludewig,2021-22,Salzburg,600000.0
Kilian Ludewig,2021-22,Willem II,1000000.0
Kilian Ludewig,2020-21,Salzburg,1500000.0
Kilian Ludewig,2020-21,FC Schalke 04,750000.0
Kilian Ludewig,2020-21,Salzburg,750000.0
Kilian Ludewig,2019-20,Barnsley,300000.0
Gabriel Gudmundsson,2025-26,Leeds,7000000.0
Gabriel Gudmundsson,2021-22,Lille,1800000.0
Gabriel Gudmundsson,2019-20,FC Groningen,300000.0
Luca Mack,2025-26,FC Vaduz,200000.0
Luca Mack,2024-25,Stuttgart II,250000.0
Luca Mack,2024-25,Without Club,250000.0
Luca Mack,2021-22,Újpest FC,250000.0
Pape Abou Cisse,2025-26,Without Club,350000.0
Pape Abou Cisse,2025-26,Vestri,350000.0
Pape Abou Cisse,2025-26,Without Club,1200000.0
Pape Abou Cisse,2024-25,Al-Shamal SC,1800000.0
Pape Abou Cisse,2024-25,Without Club,1800000.0
Pape Abou Cisse,2023-24,Adana Demirspor,4000000.0
Pape Abou Cisse,2020-21,Olympiacos,6000000.0
Pape Abou Cisse,2020-21,Saint-Étienne,5000000.0
Pape Abou Cisse,2017-18,Olympiacos,600000.0
Mamadou Loum,2025-26,Sporting Gijón,1200000.0
Mamadou Loum,2024-25,Arouca,2000000.0
Mamadou Loum,2023-24,Porto,2000000.0
Mamadou Loum,2023-24,Al-Raed,2500000.0
Mamadou Loum,2022-23,Porto,2500000.0
Mamadou Loum,2022-23,Reading,4000000.0
Mamadou Loum,2021-22,Porto,4000000.0
Mamadou Loum,2021-22,Alavés,2500000.0
Mamadou Loum,2019-20,Porto,5000000.0
Mamadou Loum,2018-19,Braga,5000000.0
Mamadou Loum,2018-19,Porto,1000000.0
Mamadou Loum,2018-19,Braga,1000000.0
Mamadou Loum,2018-19,Moreirense,750000.0
Mamadou Loum,2018-19,Braga,750000.0
Bevic Moussiti-Oko,2025-26,FC Gifu,150000.0
Bevic Moussiti-Oko,2024-25,FC Martigues,200000.0
Bevic Moussiti-Oko,2024-25,Without Club,200000.0
Bevic Moussiti-Oko,2023-24,Concarneau,225000.0
Bevic Moussiti-Oko,2023-24,Boluspor,500000.0
Bevic Moussiti-Oko,2022-23,Ankaragücü,700000.0
Bevic Moussiti-Oko,2020-21,AC Ajaccio,650000.0
Bevic Moussiti-Oko,2019-20,Le Mans FC,400000.0
Bevic Moussiti-Oko,2018-19,Le Havre AC,400000.0
Bevic Moussiti-Oko,2018-19,Quevilly Rouen,300000.0
Bevic Moussiti-Oko,2017-18,Le Havre AC,275000.0
Falaye Sacko,2025-26,Neftchi PFK,1500000.0
Falaye Sacko,2023-24,Montpellier,4000000.0
Falaye Sacko,2022-23,Vit. Guimarães,4000000.0
Falaye Sacko,2022-23,Montpellier,4000000.0
Falaye Sacko,2021-22,Vit. Guimarães,4000000.0
Falaye Sacko,2021-22,Saint-Étienne,2500000.0
Falaye Sacko,2018-19,Vit. Guimarães,450000.0
Falaye Sacko,2015-16,Guimarães B,100000.0
Falaye Sacko,2015-16,Újpest FC,100000.0
Fredrik André Bjørkan,2022-23,Bodø/Glimt,1500000.0
Fredrik André Bjørkan,2022-23,Hertha BSC,1500000.0
Fredrik André Bjørkan,2022-23,Feyenoord,2500000.0
Fredrik André Bjørkan,2021-22,Hertha BSC,1400000.0
Dan Ndoye,2025-26,Nott'm Forest,35000000.0
Dan Ndoye,2023-24,Bologna,3500000.0
Dan Ndoye,2022-23,Basel,4000000.0
Dan Ndoye,2021-22,Nice,4000000.0
Dan Ndoye,2021-22,Basel,4000000.0
Dan Ndoye,2019-20,Nice,1300000.0
Dan Ndoye,2019-20,Lausanne-Sport,1000000.0
Dan Ndoye,2019-20,Nice,1000000.0
Patson Daka,2026-27,Hamburg,3000000.0
Patson Daka,2021-22,Leicester,22000000.0
Patson Daka,2017-18,Salzburg,250000.0
Patson Daka,2016-17,Kafue Celtic FC,250000.0
Luís Maximiano,2025-26,NEOM SC,3000000.0
Luís Maximiano,2024-25,UD Almería,5000000.0
Luís Maximiano,2023-24,Lazio,5000000.0
Luís Maximiano,2023-24,UD Almería,6000000.0
Luís Maximiano,2022-23,Lazio,12000000.0
Luís Maximiano,2021-22,Granada CF,5000000.0
Luís Maximiano,2018-19,Sporting,150000.0
Lois Openda,2026-27,Juventus,25000000.0
Lois Openda,2026-27,Lyon,25000000.0
Lois Openda,2025-26,Leipzig,25000000.0
Lois Openda,2025-26,Juventus,50000000.0
Lois Openda,2023-24,Leipzig,35000000.0
Lois Openda,2022-23,Lens,7500000.0
Lois Openda,2021-22,Club Brugge,7500000.0
Lois Openda,2020-21,Vitesse,4000000.0
Arthur Theate,2026-27,Frankfurt,17000000.0
Arthur Theate,2026-27,Bologna,17000000.0
Arthur Theate,2024-25,Frankfurt,20000000.0
Arthur Theate,2024-25,Stade Rennais,20000000.0
Arthur Theate,2022-23,Stade Rennais,15000000.0
Arthur Theate,2022-23,Bologna,15000000.0
Arthur Theate,2021-22,KV Oostende,15000000.0
Arthur Theate,2021-22,Bologna,5000000.0
Saša Kalajdžić,2026-27,LASK,4000000.0
Saša Kalajdžić,2025-26,Wolves,4000000.0
Saša Kalajdžić,2025-26,LASK,4000000.0
Saša Kalajdžić,2023-24,Wolves,5000000.0
Saša Kalajdžić,2023-24,Frankfurt,11000000.0
Saša Kalajdžić,2022-23,Wolves,25000000.0
Saša Kalajdžić,2019-20,Stuttgart,2500000.0
Joakim Maehle,2023-24,Wolfsburg,14000000.0
Joakim Maehle,2020-21,Atalanta,11000000.0
Joakim Maehle,2017-18,Genk,1000000.0
Rasmus Kristensen,2026-27,Midtjylland,10000000.0
Rasmus Kristensen,2025-26,Frankfurt,14000000.0
Rasmus Kristensen,2024-25,Leeds,14000000.0
Rasmus Kristensen,2024-25,Frankfurt,10000000.0
Rasmus Kristensen,2023-24,Leeds,10000000.0
Rasmus Kristensen,2023-24,Roma,13000000.0
Rasmus Kristensen,2022-23,Leeds,15000000.0
Rasmus Kristensen,2019-20,Salzburg,2500000.0
Rasmus Kristensen,2017-18,Ajax,1750000.0
Pablo Rosario,2025-26,Porto,8000000.0
Pablo Rosario,2021-22,Nice,6000000.0
Pablo Rosario,2017-18,PSV,400000.0
Pablo Rosario,2016-17,PSV U21,200000.0
Pablo Rosario,2015-16,Almere City,25000.0
Bartol Franjić,2026-27,Venezia,1000000.0
Bartol Franjić,2025-26,Wolfsburg,1000000.0
Bartol Franjić,2025-26,Venezia,1500000.0
Bartol Franjić,2024-25,Wolfsburg,1500000.0
Bartol Franjić,2024-25,Dinamo Zagreb,1800000.0
Bartol Franjić,2024-25,Wolfsburg,1800000.0
Bartol Franjić,2024-25,Shakhtar D.,1800000.0
Bartol Franjić,2023-24,Wolfsburg,1800000.0
Bartol Franjić,2023-24,Darmstadt 98,3000000.0
Bartol Franjić,2022-23,Wolfsburg,4500000.0
Bartol Franjić,2020-21,Dinamo Zagreb,350000.0
Ante Palaversa,2024-25,Aberdeen FC,350000.0
Ante Palaversa,2022-23,Troyes,1500000.0
Ante Palaversa,2021-22,Man City,1500000.0
Ante Palaversa,2020-21,KV Kortrijk,3000000.0
Ante Palaversa,2020-21,Man City,3000000.0
Ante Palaversa,2020-21,Getafe,3600000.0
Ante Palaversa,2019-20,Man City,3600000.0
Ante Palaversa,2019-20,KV Oostende,5000000.0
Ante Palaversa,2019-20,Man City,5000000.0
Ante Palaversa,2018-19,Hajduk Split,550000.0
Ante Palaversa,2018-19,Man City,550000.0
Ivor Pandur,2026-27,Rangers,4500000.0
Ivor Pandur,2023-24,Hull City,2000000.0
Ivor Pandur,2023-24,Fortuna Sittard,2000000.0
Ivor Pandur,2022-23,Hellas Verona,2000000.0
Ivor Pandur,2022-23,Fortuna Sittard,1000000.0
Ivor Pandur,2020-21,Hellas Verona,800000.0
Ivor Pandur,2019-20,HNK Rijeka,50000.0
Loic Bessile,2024-25,AS Trencin,250000.0
Loic Bessile,2023-24,USL Dunkerque,500000.0
Loic Bessile,2022-23,R Charleroi SC,850000.0
Loic Bessile,2022-23,KAS Eupen,1000000.0
Loic Bessile,2021-22,R Charleroi SC,200000.0
Tete,2025-26,Grêmio,11000000.0
Tete,2024-25,Panathinaikos,10000000.0
Tete,2023-24,Galatasaray,25000000.0
Tete,2022-23,Shakhtar D.,25000000.0
Tete,2022-23,Lyon,25000000.0
Tete,2022-23,Leicester,25000000.0
Tete,2021-22,Lyon,20000000.0
Kevin Spadanuda,2026-27,FC Zürich,500000.0
Kevin Spadanuda,2023-24,FC Luzern,700000.0
Kevin Spadanuda,2022-23,AC Ajaccio,550000.0
Jaka Bijol,2025-26,Leeds,18000000.0
Jaka Bijol,2022-23,Udinese,3500000.0
Jaka Bijol,2020-21,CSKA Moscow,2500000.0
Jaka Bijol,2020-21,Hannover 96,2500000.0
Jaka Bijol,2018-19,CSKA Moscow,500000.0
Mads Bech Sørensen,2023-24,Midtjylland,2500000.0
Mads Bech Sørensen,2022-23,Brentford,2500000.0
Mads Bech Sørensen,2022-23,FC Groningen,4000000.0
Mads Bech Sørensen,2022-23,Brentford,4000000.0
Mads Bech Sørensen,2022-23,Nice,5000000.0
Mads Bech Sørensen,2019-20,Brentford,325000.0
Mads Bech Sørensen,2019-20,AFC Wimbledon,350000.0
Mads Bech Sørensen,2018-19,Brentford,150000.0
Mads Bech Sørensen,2017-18,Brentford B,150000.0
Guus Til,2022-23,PSV,7500000.0
Guus Til,2021-22,Spartak Moscow,7500000.0
Guus Til,2021-22,Feyenoord,4500000.0
Guus Til,2020-21,Spartak Moscow,4500000.0
Guus Til,2020-21,Freiburg,8500000.0
Guus Til,2019-20,Spartak Moscow,6000000.0
Guus Til,2016-17,AZ Alkmaar,75000.0
Guus Til,2016-17,AZ Alkmaar U21,75000.0
Lucas Martinez Quarta,2024-25,River Plate,10000000.0
Lucas Martinez Quarta,2020-21,Fiorentina,10000000.0
Wuilker Farinez,2026-27,Caracas FC,800000.0
Wuilker Farinez,2025-26,Inter Bogotá,800000.0
Wuilker Farinez,2025-26,Caracas FC,800000.0
Wuilker Farinez,2024-25,Rionegro Águila,800000.0
Wuilker Farinez,2023-24,Caracas FC,3000000.0
Wuilker Farinez,2021-22,Lens,2500000.0
Wuilker Farinez,2020-21,Millonarios,2500000.0
Wuilker Farinez,2020-21,Lens,4500000.0
Wuilker Farinez,2017-18,Millonarios,1500000.0
Mateusz Praszelik,2025-26,Cracovia,700000.0
Mateusz Praszelik,2024-25,Hellas Verona,700000.0
Mateusz Praszelik,2024-25,Südtirol,900000.0
Mateusz Praszelik,2023-24,Hellas Verona,900000.0
Mateusz Praszelik,2022-23,Cosenza,1200000.0
Mateusz Praszelik,2022-23,Hellas Verona,1200000.0
Mateusz Praszelik,2022-23,Slask Wroclaw,1200000.0
Mateusz Praszelik,2021-22,Hellas Verona,1500000.0
Mateusz Praszelik,2020-21,Slask Wroclaw,200000.0
Kristijan Jakić,2026-27,Augsburg,6000000.0
Kristijan Jakić,2026-27,PAOK,6000000.0
Kristijan Jakić,2024-25,Augsburg,6500000.0
Kristijan Jakić,2023-24,Frankfurt,6500000.0
Kristijan Jakić,2023-24,Augsburg,5500000.0
Kristijan Jakić,2022-23,Frankfurt,9000000.0
Kristijan Jakić,2021-22,Dinamo Zagreb,9000000.0
Kristijan Jakić,2021-22,Frankfurt,4000000.0
Kristijan Jakić,2020-21,Dinamo Zagreb,1200000.0
Kristijan Jakić,2017-18,NK Lokomotiva,250000.0
Kristijan Jakić,2017-18,NK Istra,350000.0
Kristijan Jakić,2017-18,NK Lokomotiva,350000.0
Kristijan Bistrovic,2025-26,Akron Tolyatti,2000000.0
Kristijan Bistrovic,2023-24,CSKA Moscow,2000000.0
Kristijan Bistrovic,2023-24,Baltika,2500000.0
Kristijan Bistrovic,2022-23,CSKA Moscow,2500000.0
Kristijan Bistrovic,2022-23,Fortuna Sittard,2200000.0
Kristijan Bistrovic,2022-23,CSKA Moscow,2200000.0
Kristijan Bistrovic,2022-23,Lecce,2200000.0
Kristijan Bistrovic,2021-22,CSKA Moscow,2200000.0
Kristijan Bistrovic,2021-22,Karagümrük,2000000.0
Kristijan Bistrovic,2020-21,CSKA Moscow,2500000.0
Kristijan Bistrovic,2020-21,Kasimpasa,2500000.0
Kristijan Bistrovic,2017-18,CSKA Moscow,500000.0
Danylo Ignatenko,2024-25,Slo. Bratislava,1500000.0
Danylo Ignatenko,2022-23,G. Bordeaux,1500000.0
Danylo Ignatenko,2021-22,Shakhtar D.,1500000.0
Danylo Ignatenko,2021-22,G. Bordeaux,700000.0
Danylo Ignatenko,2021-22,Shakhtar D.,700000.0
Danylo Ignatenko,2020-21,SC Dnipro-1,400000.0
Danylo Ignatenko,2020-21,Shakhtar D.,400000.0
Danylo Ignatenko,2019-20,FC Mariupol,500000.0
Danylo Ignatenko,2019-20,Shakhtar D.,500000.0
Danylo Ignatenko,2019-20,Shakhtar U21,500000.0
Danylo Ignatenko,2019-20,Ferencváros,600000.0
Danylo Ignatenko,2018-19,Shakhtar U21,600000.0
Danylo Ignatenko,2018-19,FC Mariupol,100000.0
Danylo Ignatenko,2017-18,Shakhtar U21,200000.0
Danylo Ignatenko,2017-18,FC Mariupol,200000.0
Danylo Ignatenko,2015-16,Shakhtar U21,200000.0
Njegoš Petrović,2024-25,Vojvodina,2500000.0
Njegoš Petrović,2023-24,Granada CF,2500000.0
Njegoš Petrović,2023-24,Vojvodina,2000000.0
Njegoš Petrović,2021-22,Granada CF,2500000.0
Njegoš Petrović,2019-20,Red Star,600000.0
Charlie Goode,2026-27,MK Dons,300000.0
Charlie Goode,2024-25,Stevenage,500000.0
Charlie Goode,2023-24,Brentford,500000.0
Charlie Goode,2023-24,Wigan,500000.0
Charlie Goode,2022-23,Brentford,800000.0
Charlie Goode,2022-23,Blackpool,800000.0
Charlie Goode,2021-22,Brentford,900000.0
Charlie Goode,2021-22,Sheff Utd,1000000.0
Charlie Goode,2020-21,Brentford,100000.0
Charlie Goode,2019-20,Northampton,100000.0
Charlie Goode,2018-19,Scunthorpe Utd.,100000.0
Charlie Goode,2018-19,Northampton,100000.0
Anel Ahmedhodzic,2026-27,Burnley,10000000.0
Anel Ahmedhodzic,2025-26,Feyenoord,18000000.0
Anel Ahmedhodzic,2022-23,Sheff Utd,6000000.0
Anel Ahmedhodzic,2021-22,Malmö,6000000.0
Anel Ahmedhodzic,2021-22,G. Bordeaux,7000000.0
Anel Ahmedhodzic,2019-20,Malmö,450000.0
Anel Ahmedhodzic,2019-20,Hobro IK,100000.0
Arnor Sigurdsson,2026-27,Kalamata,1500000.0
Arnor Sigurdsson,2024-25,Malmö,2800000.0
Arnor Sigurdsson,2023-24,Blackburn,3500000.0
Arnor Sigurdsson,2023-24,CSKA Moscow,3500000.0
Arnor Sigurdsson,2023-24,Blackburn,4500000.0
Arnor Sigurdsson,2022-23,CSKA Moscow,4500000.0
Arnor Sigurdsson,2022-23,Norrköping,2300000.0
Arnor Sigurdsson,2021-22,CSKA Moscow,2300000.0
Arnor Sigurdsson,2021-22,Venezia,4500000.0
Arnor Sigurdsson,2018-19,CSKA Moscow,1800000.0
Arnor Sigurdsson,2016-17,Norrköping,25000.0
David Schnegg,2025-26,Charlotte,1500000.0
David Schnegg,2024-25,D.C. United,1500000.0
David Schnegg,2022-23,Sturm Graz,500000.0
David Schnegg,2021-22,Venezia,500000.0
David Schnegg,2021-22,Crotone,750000.0
David Schnegg,2021-22,Venezia,800000.0
David Schnegg,2020-21,LASK,800000.0
David Schnegg,2020-21,WSG Tirol,250000.0
David Schnegg,2019-20,LASK,250000.0
David Schnegg,2019-20,Juniors OÖ,250000.0
David Schnegg,2018-19,FC Liefering,250000.0
David Schnegg,2017-18,WSG Wattens,50000.0
Franco Russo,2026-27,Lusail SC,600000.0
Franco Russo,2025-26,Qatar SC,800000.0
Franco Russo,2025-26,Querétaro FC,800000.0
Franco Russo,2024-25,Ludogorets,800000.0
Franco Russo,2024-25,Querétaro FC,900000.0
Franco Russo,2023-24,Ludogorets,900000.0
Franco Russo,2023-24,OH Leuven,900000.0
Franco Russo,2022-23,Ludogorets,1000000.0
Franco Russo,2019-20,RCD Mallorca,400000.0
Franco Russo,2019-20,Ponferradina,300000.0
Franco Russo,2018-19,RCD Mallorca,300000.0
Franco Russo,2017-18,Ontinyent,50000.0
Franco Russo,2016-17,RCD Espanyol B,50000.0
Franco Russo,2016-17,FC Vilafranca,50000.0
Noah Fadiga,2025-26,Aris Saloniki,3000000.0
Noah Fadiga,2023-24,KAA Gent,1200000.0
Noah Fadiga,2022-23,Stade Brestois,550000.0
Noah Fadiga,2020-21,Heracles Almelo,275000.0
Noah Fadiga,2019-20,FC Brügge U21,275000.0
Noah Fadiga,2019-20,FC Volendam,150000.0
Arthur Desmas,2025-26,Al-Duhail SC,1200000.0
Arthur Desmas,2025-26,Without Club,1200000.0
Arthur Desmas,2022-23,Le Havre AC,1200000.0
Arthur Desmas,2020-21,Clermont Foot,400000.0
Arthur Desmas,2018-19,Rodez AF,150000.0
Joel Mumbongo,2023-24,Hamilton Acad.,150000.0
Joel Mumbongo,2023-24,Without Club,150000.0
Joel Mumbongo,2022-23,Tranmere,300000.0
Joel Mumbongo,2021-22,FC Burnley U23,300000.0
Joel Mumbongo,2021-22,Accrington,300000.0
Wesley Moraes,2025-26,SZ Peng City,1800000.0
Wesley Moraes,2024-25,Karagümrük,1000000.0
Wesley Moraes,2023-24,Stoke City,3000000.0
Wesley Moraes,2022-23,Aston Villa,3000000.0
Wesley Moraes,2022-23,Levante,6000000.0
Wesley Moraes,2022-23,Aston Villa,6000000.0
Wesley Moraes,2021-22,Internacional,6000000.0
Wesley Moraes,2021-22,Aston Villa,10000000.0
Wesley Moraes,2021-22,Club Brugge,13000000.0
Wesley Moraes,2019-20,Aston Villa,20000000.0
Wesley Moraes,2015-16,Club Brugge,300000.0
Albert Sambi Lokonga,2025-26,Hamburg,8000000.0
Albert Sambi Lokonga,2024-25,Arsenal,8000000.0
Albert Sambi Lokonga,2024-25,Sevilla FC,15000000.0
Albert Sambi Lokonga,2023-24,Arsenal,15000000.0
Albert Sambi Lokonga,2023-24,Luton,15000000.0
Albert Sambi Lokonga,2022-23,Arsenal,15000000.0
Albert Sambi Lokonga,2022-23,Crystal Palace,15000000.0
Albert Sambi Lokonga,2021-22,Arsenal,12000000.0
Przemysław Płacheta,2026-27,Austin,1000000.0
Przemysław Płacheta,2024-25,Oxford United,1000000.0
Przemysław Płacheta,2023-24,Swansea,1000000.0
Przemysław Płacheta,2022-23,Norwich,2000000.0
Przemysław Płacheta,2022-23,Birmingham,1800000.0
Przemysław Płacheta,2020-21,Norwich,675000.0
Przemysław Płacheta,2019-20,Slask Wroclaw,75000.0
Przemysław Płacheta,2018-19,Podbeskidzie,75000.0
Przemysław Płacheta,2017-18,Pogon Siedlce,50000.0
Kelechi Nwakali,2026-27,Omonia 29th May,200000.0
Kelechi Nwakali,2024-25,Barnsley,700000.0
Kelechi Nwakali,2023-24,Chaves,800000.0
Kelechi Nwakali,2022-23,Ponferradina,700000.0
Kelechi Nwakali,2021-22,Without Club,800000.0
Kelechi Nwakali,2020-21,SD Huesca,1000000.0
Kelechi Nwakali,2020-21,AD Alcorcón,700000.0
Kelechi Nwakali,2019-20,SD Huesca,250000.0
Kelechi Nwakali,2018-19,Arsenal U23,250000.0
Kelechi Nwakali,2018-19,FC Porto B,300000.0
Kelechi Nwakali,2017-18,Arsenal U23,300000.0
Kelechi Nwakali,2017-18,MVV Maastricht,300000.0
Kelechi Nwakali,2017-18,VVV-Venlo,300000.0
Kelechi Nwakali,2016-17,Arsenal U23,300000.0
Kelechi Nwakali,2016-17,MVV Maastricht,50000.0
Jakub Moder,2024-25,Feyenoord,10000000.0
Jakub Moder,2020-21,Brighton,3000000.0
Jakub Moder,2020-21,Lech Poznan,3000000.0
Jakub Moder,2018-19,Lech Poznan,650000.0
Jakub Moder,2018-19,Odra Opole,75000.0
Karol Fila,2025-26,Wieczysta,600000.0
Karol Fila,2024-25,FCV Dender EH,700000.0
Karol Fila,2022-23,R. Strasbourg,900000.0
Karol Fila,2022-23,Zulte Waregem,1000000.0
Karol Fila,2021-22,R. Strasbourg,1500000.0
Karol Fila,2017-18,Lechia Gdansk,75000.0
Karol Fila,2017-18,Chojniczanka,75000.0
Julien Laporte,2025-26,Montpellier,1200000.0
Julien Laporte,2019-20,FC Lorient,800000.0
Sam Lammers,2026-27,PSV,4000000.0
Sam Lammers,2024-25,FC Twente,5000000.0
Sam Lammers,2023-24,Rangers,5000000.0
Sam Lammers,2023-24,Utrecht,2000000.0
Sam Lammers,2023-24,Rangers,2000000.0
Sam Lammers,2022-23,Atalanta,2000000.0
Sam Lammers,2022-23,FC Empoli,2000000.0
Sam Lammers,2022-23,Sampdoria,2800000.0
Sam Lammers,2022-23,FC Empoli,3000000.0
Sam Lammers,2021-22,Atalanta,3000000.0
Sam Lammers,2021-22,Frankfurt,6000000.0
Sam Lammers,2020-21,Atalanta,7000000.0
Sam Lammers,2018-19,PSV,9000000.0
Sam Lammers,2018-19,Heerenveen,1500000.0
Sam Lammers,2017-18,PSV,900000.0
Sam Lammers,2015-16,PSV U21,25000.0
Danilho Doekhi,2026-27,Lazio,13000000.0
Danilho Doekhi,2022-23,Union Berlin,4000000.0
Danilho Doekhi,2018-19,Vitesse,250000.0
Danilho Doekhi,2017-18,Ajax U21,150000.0
Danilho Doekhi,2016-17,Ajax U19,150000.0
Lovro Majer,2026-27,AEK Athens,8000000.0
Lovro Majer,2023-24,Wolfsburg,20000000.0
Lovro Majer,2021-22,Stade Rennais,13000000.0
Lovro Majer,2018-19,Dinamo Zagreb,2500000.0
Petar Musa,2023-24,Dallas,8000000.0
Petar Musa,2022-23,Benfica,5000000.0
Petar Musa,2022-23,Boavista,5000000.0
Petar Musa,2021-22,Slavia Prague,5000000.0
Petar Musa,2021-22,Boavista,2000000.0
Petar Musa,2020-21,Slavia Prague,2000000.0
Petar Musa,2020-21,Union Berlin,1700000.0
Petar Musa,2019-20,Slavia Prague,900000.0
Petar Musa,2018-19,Slovan Liberec,225000.0
Petar Musa,2018-19,Slavia Prague,225000.0
Petar Musa,2018-19,Viktoria Zizkov,100000.0
Petar Musa,2017-18,Slavia Prague,100000.0
Fraser Hornby,2026-27,Wolfsburg,4500000.0
Fraser Hornby,2023-24,Darmstadt 98,1000000.0
Fraser Hornby,2022-23,Stade Reims,1000000.0
Fraser Hornby,2022-23,KV Oostende,1000000.0
Fraser Hornby,2020-21,Stade Reims,2000000.0
Fraser Hornby,2020-21,Aberdeen FC,2000000.0
Fraser Hornby,2020-21,Stade Reims,900000.0
Fraser Hornby,2019-20,Everton U23,900000.0
Assan Ceesay,2025-26,Without Club,1200000.0
Assan Ceesay,2023-24,Damac FC,2500000.0
Assan Ceesay,2022-23,Lecce,2700000.0
Assan Ceesay,2019-20,FC Zürich,400000.0
Assan Ceesay,2019-20,VfL Osnabrück,500000.0
Assan Ceesay,2018-19,FC Zürich,700000.0
Assan Ceesay,2017-18,FC Lugano,425000.0
Assan Ceesay,2017-18,FC Chiasso,100000.0
Marc Baró,2024-25,Leiria,250000.0
Marc Baró,2023-24,Real Murcia,200000.0
Marc Baró,2022-23,Atl. Baleares,200000.0
Marc Baró,2022-23,Without Club,200000.0
Marc Baró,2021-22,Cádiz CF B,200000.0
Marc Baró,2021-22,Betis Deportivo,200000.0
Marc Baró,2019-20,Cádiz CF B,50000.0
Marc Baró,2019-20,SD Leioa,50000.0
Marc Baró,2018-19,CF Peralada,50000.0
Josep Martinez,2024-25,Inter,8000000.0
Josep Martinez,2023-24,Genoa,3500000.0
Josep Martinez,2022-23,Leipzig,3500000.0
Josep Martinez,2022-23,Genoa,2200000.0
Josep Martinez,2020-21,Leipzig,2300000.0
Josep Martinez,2019-20,UD Las Palmas,500000.0
Nedim Bajrami,2026-27,Rangers,2500000.0
Nedim Bajrami,2026-27,Al-Taawoun,2500000.0
Nedim Bajrami,2024-25,Rangers,4500000.0
Nedim Bajrami,2023-24,Sassuolo,7500000.0
Nedim Bajrami,2022-23,FC Empoli,7500000.0
Nedim Bajrami,2022-23,Sassuolo,8000000.0
Nedim Bajrami,2020-21,Empoli,2700000.0
Nedim Bajrami,2019-20,Grasshoppers,2700000.0
Nedim Bajrami,2019-20,Empoli,2500000.0
Arthur Cabral,2025-26,Botafogo,10000000.0
Arthur Cabral,2023-24,Benfica,20000000.0
Arthur Cabral,2021-22,Fiorentina,15000000.0
Arthur Cabral,2020-21,Basel,2700000.0
Arthur Cabral,2019-20,Palmeiras,2700000.0
Arthur Cabral,2019-20,Basel,1000000.0
Arthur Cabral,2018-19,Palmeiras,400000.0
Arthur Cabral,2017-18,Ceará SC,400000.0
Jonas Wind,2026-27,Braga,4000000.0
Jonas Wind,2021-22,Wolfsburg,7000000.0
Jonas Wind,2017-18,Copenhagen,100000.0
Igor Silva,2026-27,Without Club,1200000.0
Igor Silva,2021-22,FC Lorient,1200000.0
Igor Silva,2020-21,NK Osijek,850000.0
Igor Silva,2019-20,Olympiacos,850000.0
Igor Silva,2019-20,NK Osijek,750000.0
Igor Silva,2018-19,Olympiacos,750000.0
Igor Silva,2018-19,AEK Larnaca,400000.0
Igor Silva,2017-18,Olympiacos,350000.0
Igor Silva,2016-17,Asteras Tripoli,75000.0
Igor Silva,2015-16,Comercial-SP,75000.0
Sebastian Müller,2026-27,Stuttg. Kickers,175000.0
Sebastian Müller,2024-25,Schweinfurt 05,150000.0
Sebastian Müller,2023-24,Gr. Fürth II,250000.0
Sebastian Müller,2022-23,Arm. Bielefeld,250000.0
Sebastian Müller,2022-23,Hallescher FC,350000.0
Sebastian Müller,2021-22,Arm. Bielefeld,350000.0
Sebastian Müller,2021-22,E. Braunschweig,300000.0
Sebastian Müller,2020-21,Arm. Bielefeld,300000.0
Sebastian Müller,2020-21,VfL Osnabrück,300000.0
Tim Maciejewski,2026-27,Erzgebirge Aue,150000.0
Tim Maciejewski,2025-26,FSV Luckenwalde,100000.0
Tim Maciejewski,2024-25,Babelsberg 03,200000.0
Tim Maciejewski,2023-24,SV Sandhausen,350000.0
Tim Maciejewski,2021-22,Union Berlin,350000.0
Tim Maciejewski,2020-21,A. Klagenfurt,200000.0
Noah Weißhaupt,2026-27,Darmstadt 98,1500000.0
Noah Weißhaupt,2025-26,Freiburg,1500000.0
Noah Weißhaupt,2025-26,Hannover 96,3500000.0
Noah Weißhaupt,2025-26,Freiburg,3500000.0
Noah Weißhaupt,2025-26,Legia Warszawa,5000000.0
Noah Weißhaupt,2024-25,Freiburg,5000000.0
Noah Weißhaupt,2024-25,St. Pauli,3500000.0
Noah Weißhaupt,2021-22,Freiburg,400000.0
Lennard Maloney,2024-25,Mainz,5000000.0
Lennard Maloney,2022-23,Heidenheim,350000.0
Lennard Maloney,2020-21,B. Dortmund II,150000.0
Lennard Maloney,2019-20,Union Berlin,150000.0
Lennard Maloney,2019-20,Chemnitzer FC,150000.0
Nadir Zortea,2025-26,Bologna,5000000.0
Nadir Zortea,2024-25,Cagliari,3000000.0
Nadir Zortea,2023-24,Atalanta,3000000.0
Nadir Zortea,2023-24,Frosinone,2000000.0
Nadir Zortea,2022-23,Atalanta,2000000.0
Nadir Zortea,2022-23,Sassuolo,1800000.0
Nadir Zortea,2021-22,Atalanta,1400000.0
Nadir Zortea,2021-22,Salernitana,700000.0
Nadir Zortea,2020-21,Atalanta,700000.0
Nadir Zortea,2019-20,Cremonese,300000.0
Nadir Zortea,2019-20,Atalanta,300000.0
Nadir Zortea,2016-17,Atalanta U19,50000.0
Zakaria Aboukhlal,2025-26,Torino,12000000.0
Zakaria Aboukhlal,2022-23,Toulouse,2000000.0
Zakaria Aboukhlal,2019-20,AZ Alkmaar,600000.0
Mitchell van Bergen,2025-26,Sparta R.,1500000.0
Mitchell van Bergen,2024-25,FC Twente,1500000.0
Mitchell van Bergen,2024-25,Sparta R.,1500000.0
Mitchell van Bergen,2023-24,FC Twente,1200000.0
Mitchell van Bergen,2021-22,Stade Reims,2400000.0
Mitchell van Bergen,2018-19,Heerenveen,300000.0
Mitchell van Bergen,2016-17,Vitesse,100000.0
Brenden Aaronson,2023-24,Leeds,12000000.0
Brenden Aaronson,2023-24,Union Berlin,25000000.0
Brenden Aaronson,2022-23,Leeds,25000000.0
Brenden Aaronson,2020-21,Salzburg,10000000.0
Brenden Aaronson,2018-19,Philadelphia,150000.0
Brenden Aaronson,2018-19,Ph. Union Acad.,150000.0
Felix Agu,2020-21,Werder Bremen,1800000.0
Felix Agu,2018-19,VfL Osnabrück,75000.0
Emanuel Aiwu,2026-27,Apol. Limassol,800000.0
Emanuel Aiwu,2024-25,Sturm Graz,3000000.0
Emanuel Aiwu,2023-24,Cremonese,3000000.0
Emanuel Aiwu,2023-24,Birmingham,3000000.0
Emanuel Aiwu,2022-23,Cremonese,3000000.0
Emanuel Aiwu,2021-22,Rapid Vienna,2000000.0
Alexis Flips,2026-27,RSCA Futures,300000.0
Alexis Flips,2024-25,RSC Anderlecht,1000000.0
Alexis Flips,2024-25,R Charleroi SC,3000000.0
Alexis Flips,2023-24,RSC Anderlecht,3000000.0
Alexis Flips,2023-24,Ankaragücü,3500000.0
Alexis Flips,2023-24,RSC Anderlecht,6000000.0
Alexis Flips,2021-22,Stade Reims,525000.0
Alexis Flips,2020-21,Stade Reims B,525000.0
Alexis Flips,2019-20,LOSC Lille B,525000.0
Gedeon Kalulu,2025-26,Aris Limassol,2000000.0
Gedeon Kalulu,2022-23,FC Lorient,2500000.0
Gedeon Kalulu,2019-20,AC Ajaccio,150000.0
Gedeon Kalulu,2018-19,Olymp. Lyon B,150000.0
Manor Solomon,2026-27,West Ham,8000000.0
Manor Solomon,2025-26,Tottenham,8000000.0
Manor Solomon,2025-26,Fiorentina,9000000.0
Manor Solomon,2025-26,Tottenham,9000000.0
Manor Solomon,2025-26,Villarreal,14000000.0
Manor Solomon,2024-25,Tottenham,14000000.0
Manor Solomon,2024-25,Leeds,13000000.0
Manor Solomon,2023-24,Tottenham,18000000.0
Manor Solomon,2022-23,Shakhtar D.,18000000.0
Manor Solomon,2022-23,Fulham,18000000.0
Manor Solomon,2018-19,Shakhtar D.,1500000.0
Jordi Osei-Tutu,2026-27,Millwall,400000.0
Jordi Osei-Tutu,2024-25,Bolton,500000.0
Jordi Osei-Tutu,2023-24,VfL Bochum,500000.0
Jordi Osei-Tutu,2023-24,PAS Giannina,800000.0
Jordi Osei-Tutu,2022-23,VfL Bochum,1000000.0
Jordi Osei-Tutu,2021-22,Arsenal U23,1200000.0
Jordi Osei-Tutu,2021-22,Rotherham,1200000.0
Jordi Osei-Tutu,2021-22,Nott'm Forest,1200000.0
Jordi Osei-Tutu,2020-21,Arsenal U23,1200000.0
Jordi Osei-Tutu,2020-21,Cardiff,1000000.0
Jordi Osei-Tutu,2019-20,Arsenal U23,325000.0
Jordi Osei-Tutu,2019-20,VfL Bochum,250000.0
Josh Benson,2026-27,Without Club,225000.0
Josh Benson,2025-26,Rotherham,200000.0
Josh Benson,2021-22,Barnsley,400000.0
Gideon Mensah,2026-27,1.FC Köln,4000000.0
Gideon Mensah,2022-23,AJ Auxerre,2500000.0
Gideon Mensah,2021-22,Salzburg,2500000.0
Gideon Mensah,2021-22,G. Bordeaux,2500000.0
Gideon Mensah,2020-21,Salzburg,2500000.0
Gideon Mensah,2020-21,Vit. Guimarães,2700000.0
Gideon Mensah,2019-20,Salzburg,2700000.0
Gideon Mensah,2019-20,Zulte Waregem,900000.0
Gideon Mensah,2019-20,Salzburg,900000.0
Gideon Mensah,2018-19,FC Liefering,900000.0
Gideon Mensah,2018-19,Sturm Graz,400000.0
Alessandro Zanoli,2026-27,Udinese,4500000.0
Alessandro Zanoli,2025-26,Napoli,4500000.0
Alessandro Zanoli,2025-26,Udinese,6000000.0
Alessandro Zanoli,2024-25,Napoli,6000000.0
Alessandro Zanoli,2024-25,Genoa,5000000.0
Alessandro Zanoli,2023-24,Napoli,5000000.0
Alessandro Zanoli,2023-24,Salernitana,6000000.0
Alessandro Zanoli,2022-23,Napoli,6000000.0
Alessandro Zanoli,2022-23,Sampdoria,4000000.0
Alessandro Zanoli,2020-21,Napoli,200000.0
Alessandro Zanoli,2020-21,Legnago,200000.0
Alessandro Zanoli,2019-20,Napoli U19,75000.0
Alessandro Zanoli,2018-19,Carpi,75000.0
Dennis Man,2025-26,PSV,10000000.0
Dennis Man,2020-21,Parma,6500000.0
Dennis Man,2016-17,Steaua Bucharest,200000.0
Giuseppe Mastinu,2023-24,Torres,350000.0
Giuseppe Mastinu,2020-21,AC Pisa,400000.0
Giuseppe Mastinu,2016-17,Spezia Calcio,150000.0
Mathieu Coutadeur,2024-25,Retired,50000.0
Mathieu Coutadeur,2023-24,Le Mans FC,200000.0
Mathieu Coutadeur,2017-18,AC Ajaccio,1000000.0
Mathieu Coutadeur,2016-17,Stade Lavallois,600000.0
Mathieu Coutadeur,2015-16,AEL Limassol,600000.0
Mathieu Coutadeur,2011-12,FC Lorient,3000000.0
Mathieu Coutadeur,2009-10,Monaco,5000000.0
Marcus Tavernier,2022-23,Bournemouth,4500000.0
Mouhamadou Drammeh,2025-26,U Cluj,200000.0
Mouhamadou Drammeh,2023-24,FC Sochaux,300000.0
Mouhamadou Drammeh,2021-22,Vejle BK,400000.0
Dara O'Shea,2024-25,Ipswich,7000000.0
Dara O'Shea,2023-24,Burnley,5000000.0
Braian Cufré,2026-27,Aldosivi,1200000.0
Braian Cufré,2025-26,Remo,1500000.0
Braian Cufré,2024-25,Central Córdoba,1200000.0
Braian Cufré,2023-24,Without Club,1500000.0
Braian Cufré,2023-24,Vélez Sarsfield,1500000.0
Braian Cufré,2023-24,RCD Mallorca,1500000.0
Braian Cufré,2022-23,New York City,1200000.0
Braian Cufré,2021-22,RCD Mallorca,1200000.0
Braian Cufré,2021-22,Málaga CF,3000000.0
Braian Cufré,2020-21,RCD Mallorca,4000000.0
Lukas Petkov,2024-25,SV Elversberg,800000.0
Lukas Petkov,2023-24,Augsburg,800000.0
Lukas Petkov,2022-23,Greuther Fürth,600000.0
Lukas Petkov,2021-22,Augsburg,350000.0
Lukas Petkov,2021-22,SC Verl,200000.0
Lukas Petkov,2021-22,Augsburg,200000.0
Ignacio Ramirez,2025-26,Newell's,1500000.0
Ignacio Ramirez,2025-26,Sport Recife,2000000.0
Ignacio Ramirez,2025-26,Newell's,2000000.0
Ignacio Ramirez,2024-25,CD Everton,3000000.0
Ignacio Ramirez,2023-24,Newell's,1800000.0
Ignacio Ramirez,2022-23,Nacional,1200000.0
Ignacio Ramirez,2022-23,Liverpool FC,1200000.0
Ignacio Ramirez,2021-22,Nacional,2500000.0
Ignacio Ramirez,2021-22,Liverpool FC,2500000.0
Ignacio Ramirez,2021-22,Saint-Étienne,2500000.0
Gonzalo Montiel,2024-25,River Plate,5000000.0
Gonzalo Montiel,2023-24,Sevilla FC,10000000.0
Gonzalo Montiel,2023-24,Nott'm Forest,12000000.0
Gonzalo Montiel,2021-22,Sevilla FC,17000000.0
Gonzalo Montiel,2017-18,River Plate,500000.0
Robert Sánchez,2026-27,Chelsea,22000000.0
Robert Sánchez,2026-27,Como,22000000.0
Robert Sánchez,2023-24,Chelsea,22000000.0
Marcus Forss,2026-27,Neftchi,1500000.0
Marcus Forss,2026-27,Without Club,1500000.0
Marcus Forss,2025-26,Middlesbrough,1500000.0
Marcus Forss,2025-26,Bolton,2200000.0
Marcus Forss,2022-23,Middlesbrough,4000000.0
Marcus Forss,2021-22,Brentford,4000000.0
Marcus Forss,2021-22,Hull City,4500000.0
Marcus Forss,2019-20,Brentford,150000.0
Marcus Forss,2019-20,AFC Wimbledon,150000.0
Vitaliy Mykolenko,2021-22,Everton,17000000.0
Denis Dragus,2026-27,FCSB,2000000.0
Denis Dragus,2025-26,Trabzonspor,2500000.0
Denis Dragus,2025-26,Gaziantep FK,3000000.0
Denis Dragus,2025-26,Trabzonspor,3000000.0
Denis Dragus,2025-26,Eyüpspor,3500000.0
Denis Dragus,2024-25,Trabzonspor,4000000.0
Denis Dragus,2023-24,Standard Liège,4000000.0
Denis Dragus,2023-24,Gaziantep FK,1400000.0
Denis Dragus,2022-23,Standard Liège,1400000.0
Denis Dragus,2022-23,Genoa,2000000.0
Denis Dragus,2020-21,Standard Liège,900000.0
Denis Dragus,2020-21,Crotone,1300000.0
Denis Dragus,2019-20,Standard Liège,2000000.0
Reda Khadra,2026-27,Qarabağ,1200000.0
Reda Khadra,2025-26,Stade Reims,1200000.0
Reda Khadra,2025-26,Le Havre AC,2000000.0
Reda Khadra,2023-24,Stade Reims,1400000.0
Reda Khadra,2023-24,Brighton,1400000.0
Reda Khadra,2022-23,Brighton U21,1000000.0
Reda Khadra,2022-23,Birmingham,1000000.0
Reda Khadra,2022-23,Sheff Utd,1000000.0
Reda Khadra,2021-22,Brighton U23,1000000.0
Reda Khadra,2021-22,Blackburn,150000.0
Dennis Johnsen,2025-26,Palermo,3000000.0
Dennis Johnsen,2023-24,Cremonese,1500000.0
Dennis Johnsen,2020-21,Venezia,575000.0
Dennis Johnsen,2019-20,Ajax U21,625000.0
Dennis Johnsen,2019-20,PEC Zwolle,1000000.0
Dennis Johnsen,2018-19,Ajax U21,1000000.0
Dennis Johnsen,2018-19,Heerenveen,1000000.0
Dennis Johnsen,2017-18,Ajax U21,1000000.0
Dennis Johnsen,2017-18,Heerenveen,1000000.0
Can Bozdogan,2026-27,C. Rizespor,2000000.0
Can Bozdogan,2023-24,Utrecht,4500000.0
Can Bozdogan,2022-23,FC Schalke 04,4500000.0
Can Bozdogan,2022-23,Utrecht,4300000.0
Can Bozdogan,2021-22,FC Schalke 04,4300000.0
Can Bozdogan,2021-22,Besiktas,2500000.0
Emil Bohinen,2026-27,Venezia,1000000.0
Emil Bohinen,2026-27,Cesena,1000000.0
Emil Bohinen,2025-26,Venezia,1300000.0
Emil Bohinen,2025-26,Genoa,1300000.0
Emil Bohinen,2025-26,Venezia,1500000.0
Emil Bohinen,2024-25,Genoa,1500000.0
Emil Bohinen,2024-25,Frosinone,1800000.0
Emil Bohinen,2024-25,Genoa,1800000.0
Emil Bohinen,2023-24,Salernitana,1800000.0
Emil Bohinen,2023-24,Genoa,3200000.0
Emil Bohinen,2022-23,Salernitana,4000000.0
Emil Bohinen,2021-22,CSKA Moscow,4000000.0
Emil Bohinen,2021-22,Salernitana,1200000.0
Emil Bohinen,2020-21,CSKA Moscow,1300000.0
Jakub Kamiński,2026-27,Benfica,17000000.0
Jakub Kamiński,2026-27,1.FC Köln,17000000.0
Jakub Kamiński,2025-26,Wolfsburg,17000000.0
Jakub Kamiński,2025-26,1.FC Köln,5000000.0
Jakub Kamiński,2022-23,Wolfsburg,10000000.0
Wajdi Kechrida,2025-26,ES Sahel,450000.0
Wajdi Kechrida,2025-26,Without Club,500000.0
Wajdi Kechrida,2024-25,Al-Gharafa,700000.0
Wajdi Kechrida,2024-25,Without Club,700000.0
Wajdi Kechrida,2022-23,Atromitos,800000.0
Wajdi Kechrida,2021-22,Salernitana,1500000.0
Manuel Riemann,2025-26,Alem. Aachen,200000.0
Manuel Riemann,2025-26,Without Club,300000.0
Manuel Riemann,2024-25,SC Paderborn,300000.0
Manuel Riemann,2015-16,VfL Bochum,900000.0
Manuel Riemann,2013-14,SV Sandhausen,600000.0
Manuel Riemann,2010-11,VfL Osnabrück,450000.0
Manuel Riemann,2007-08,W. Burghausen,50000.0
Calvin Stengs,2026-27,AZ Alkmaar,4500000.0
Calvin Stengs,2025-26,Feyenoord,4500000.0
Calvin Stengs,2025-26,Pisa,7000000.0
Calvin Stengs,2023-24,Feyenoord,10000000.0
Calvin Stengs,2022-23,Nice,10000000.0
Calvin Stengs,2022-23,Royal Antwerp,13000000.0
Calvin Stengs,2021-22,Nice,14000000.0
Calvin Stengs,2016-17,AZ Alkmaar,500000.0
Pascal Struijk,2026-27,Brighton,22000000.0
Álex Millán,2025-26,CD Leganés,500000.0
Álex Millán,2024-25,FC Cartagena,500000.0
Álex Millán,2024-25,Farense,800000.0
Álex Millán,2023-24,Real Oviedo,800000.0
Álex Millán,2022-23,Villarreal CF B,800000.0
Álex Millán,2022-23,Villarreal,800000.0
Álex Millán,2022-23,Famalicão,600000.0
Álex Millán,2021-22,Villarreal,600000.0
Álex Millán,2021-22,Union SG,700000.0
Álex Millán,2021-22,Villarreal,700000.0
Álex Millán,2021-22,Cercle Brugge,300000.0
Álex Millán,2021-22,Villarreal,300000.0
Francisco Trincão,2026-27,Al-Ahli,40000000.0
Francisco Trincão,2023-24,Sporting,15000000.0
Francisco Trincão,2022-23,Barcelona,15000000.0
Francisco Trincão,2022-23,Sporting,20000000.0
Francisco Trincão,2021-22,Barcelona,20000000.0
Francisco Trincão,2021-22,Wolves,22000000.0
Francisco Trincão,2020-21,Barcelona,16000000.0
Francisco Trincão,2018-19,Braga,1500000.0
Leo Petrot,2026-27,RSC Anderlecht,1500000.0
Leo Petrot,2025-26,Elche CF,900000.0
Leo Petrot,2022-23,Saint-Étienne,1000000.0
Myron Boadu,2026-27,Watford,4000000.0
Myron Boadu,2025-26,PSV,7000000.0
Myron Boadu,2024-25,Monaco,7000000.0
Myron Boadu,2024-25,VfL Bochum,5000000.0
Myron Boadu,2023-24,Monaco,5000000.0
Myron Boadu,2023-24,FC Twente,6000000.0
Myron Boadu,2021-22,Monaco,14000000.0
Myron Boadu,2017-18,AZ Alkmaar,350000.0
Immanuel Pherai,2025-26,Hamburg,1500000.0
Immanuel Pherai,2025-26,SV Elversberg,1800000.0
Immanuel Pherai,2023-24,Hamburg,2500000.0
Immanuel Pherai,2022-23,E. Braunschweig,700000.0
Immanuel Pherai,2021-22,B. Dortmund II,700000.0
Immanuel Pherai,2020-21,Dortmund,700000.0
Immanuel Pherai,2020-21,PEC Zwolle,800000.0
Fernand Mayembo,2025-26,Hapoel Tel Aviv,550000.0
Fernand Mayembo,2023-24,Hapoel Haifa,600000.0
Fernand Mayembo,2022-23,AC Ajaccio,800000.0
Fernand Mayembo,2018-19,Le Havre AC,50000.0
Fernand Mayembo,2017-18,Grenoble,50000.0
Fernand Mayembo,2016-17,Chamois Niort,50000.0
Fernand Mayembo,2016-17,Grenoble,50000.0
David Okereke,2026-27,Benevento,1400000.0
David Okereke,2024-25,Cremonese,2200000.0
David Okereke,2024-25,Gaziantep FK,2400000.0
David Okereke,2023-24,Cremonese,2400000.0
David Okereke,2023-24,Torino,2700000.0
David Okereke,2022-23,Cremonese,4500000.0
David Okereke,2021-22,Club Brugge,4500000.0
David Okereke,2021-22,Venezia,2800000.0
David Okereke,2019-20,Club Brugge,6000000.0
David Okereke,2017-18,Spezia Calcio,350000.0
David Okereke,2017-18,Cosenza,300000.0
David Okereke,2016-17,Spezia Calcio,100000.0
Robert Tesche,2026-27,Retired,100000.0
Robert Tesche,2022-23,VfL Osnabrück,350000.0
Robert Tesche,2018-19,VfL Bochum,500000.0
Robert Tesche,2017-18,Birmingham,500000.0
Robert Tesche,2017-18,VfL Bochum,750000.0
Robert Tesche,2016-17,Birmingham,750000.0
Robert Tesche,2014-15,Nott'm Forest,750000.0
Robert Tesche,2014-15,Birmingham,750000.0
Robert Tesche,2014-15,Nott'm Forest,500000.0
Robert Tesche,2012-13,Hamburg,1000000.0
Robert Tesche,2012-13,F. Düsseldorf,800000.0
Robert Tesche,2009-10,Hamburg,1300000.0
Robert Tesche,2007-08,Arm. Bielefeld,400000.0
Joe Worrall,2026-27,Wrexham,2000000.0
Joe Worrall,2024-25,Burnley,7500000.0
Joe Worrall,2023-24,Nott'm Forest,7500000.0
Joe Worrall,2023-24,Besiktas,12000000.0
Joe Worrall,2018-19,Nott'm Forest,8000000.0
Joe Worrall,2018-19,Rangers,8000000.0
Ragnar Ache,2025-26,1.FC Köln,7000000.0
Ragnar Ache,2023-24,1.FC K'lautern,1000000.0
Ragnar Ache,2022-23,Frankfurt,1000000.0
Ragnar Ache,2022-23,Greuther Fürth,1500000.0
Ragnar Ache,2020-21,Frankfurt,900000.0
Ragnar Ache,2017-18,Sparta R.,50000.0
Abdou Harroui,2024-25,Hellas Verona,2700000.0
Abdou Harroui,2023-24,Frosinone,2700000.0
Abdou Harroui,2022-23,Sassuolo,3000000.0
Abdou Harroui,2021-22,Sparta R.,3000000.0
Abdou Harroui,2021-22,Sassuolo,3500000.0
Abdou Harroui,2018-19,Sparta R.,150000.0
Erik Botheim,2026-27,Viking FK,3500000.0
Erik Botheim,2023-24,Malmö,2800000.0
Erik Botheim,2022-23,Salernitana,4000000.0
Erik Botheim,2021-22,Krasnodar,4000000.0
Erik Botheim,2020-21,Bodø/Glimt,200000.0
Erik Botheim,2020-21,Rosenborg BK,200000.0
Erik Botheim,2020-21,Stabæk,300000.0
Kristoffer Klaesson,2025-26,Aalesunds FK,1000000.0
Kristoffer Klaesson,2024-25,Viking FK,1500000.0
Kristoffer Klaesson,2024-25,Aarhus GF,1800000.0
Kristoffer Klaesson,2024-25,Without Club,1800000.0
Kristoffer Klaesson,2024-25,Raków,1800000.0
Kristoffer Klaesson,2021-22,Leeds,2000000.0
Kristoffer Klaesson,2018-19,Vålerenga,50000.0
Yahia Fofana,2025-26,C. Rizespor,7000000.0
Yahia Fofana,2022-23,Angers SCO,2000000.0
Yahia Fofana,2019-20,Le Havre AC,150000.0
Jake Vokins,2022-23,Woking,300000.0
Jake Vokins,2021-22,Southampt. U23,300000.0
Jake Vokins,2021-22,Ross County,250000.0
Jake Vokins,2020-21,Southampt. U23,250000.0
Jake Vokins,2020-21,Sunderland,250000.0
Frank Onyeka,2026-27,Coventry,8000000.0
Frank Onyeka,2025-26,Brentford,8000000.0
Frank Onyeka,2025-26,Coventry,7000000.0
Frank Onyeka,2024-25,Brentford,7000000.0
Frank Onyeka,2024-25,Augsburg,9000000.0
Frank Onyeka,2021-22,Brentford,6000000.0
Keita Endo,2026-27,Kashiwa Reysol,600000.0
Keita Endo,2024-25,FC Tokyo,500000.0
Keita Endo,2024-25,Union Berlin,500000.0
Keita Endo,2023-24,FC Tokyo,500000.0
Keita Endo,2023-24,Union Berlin,500000.0
Keita Endo,2022-23,E. Braunschweig,900000.0
Keita Endo,2021-22,Union Berlin,1300000.0
Keita Endo,2020-21,Yokohama F. M.,1300000.0
Keita Endo,2020-21,Union Berlin,1300000.0
Davide Ghislandi,2023-24,Atalanta U23,200000.0
Davide Ghislandi,2022-23,Atalanta,200000.0
Davide Ghislandi,2022-23,Triestina,350000.0
Davide Ghislandi,2021-22,Atalanta,350000.0
Davide Ghislandi,2021-22,Turris,450000.0
Jens Petter Hauge,2024-25,Bodø/Glimt,4500000.0
Jens Petter Hauge,2024-25,Frankfurt,4500000.0
Jens Petter Hauge,2023-24,Bodø/Glimt,2500000.0
Jens Petter Hauge,2022-23,Frankfurt,2500000.0
Jens Petter Hauge,2022-23,KAA Gent,8000000.0
Jens Petter Hauge,2022-23,Frankfurt,8000000.0
Jens Petter Hauge,2021-22,AC Milan,8000000.0
Jens Petter Hauge,2021-22,Frankfurt,9500000.0
Jens Petter Hauge,2020-21,AC Milan,1000000.0
Jens Petter Hauge,2018-19,Bodø/Glimt,200000.0
Jens Petter Hauge,2018-19,Aalesunds FK,300000.0
Dani Gómez,2026-27,Without Club,800000.0
Dani Gómez,2024-25,Real Zaragoza,1000000.0
Dani Gómez,2024-25,Levante,1000000.0
Dani Gómez,2024-25,Valencia,1200000.0
Dani Gómez,2022-23,Levante,1500000.0
Dani Gómez,2022-23,Espanyol,2500000.0
Dani Gómez,2020-21,Levante,900000.0
Dani Gómez,2019-20,Real Madrid,900000.0
Dani Gómez,2019-20,CD Tenerife,1000000.0
Dani Gómez,2019-20,Real Madrid,1000000.0
Arial Mendy,2026-27,Hapoel Haifa,275000.0
Arial Mendy,2025-26,B. Jerusalem,275000.0
Arial Mendy,2025-26,FC Ashdod,350000.0
Arial Mendy,2025-26,B. Jerusalem,400000.0
Arial Mendy,2022-23,Grenoble,800000.0
Arial Mendy,2021-22,Clermont Foot,600000.0
Arial Mendy,2020-21,Servette FC,475000.0
Arial Mendy,2019-20,Lens,475000.0
Arial Mendy,2019-20,US Orléans,600000.0
Halid Sabanovic,2026-27,Celik Zenica,100000.0
Halid Sabanovic,2025-26,NK Vukovar 1991,125000.0
Halid Sabanovic,2025-26,Without Club,150000.0
Halid Sabanovic,2023-24,Angers SCO,250000.0
Halid Sabanovic,2023-24,Valenciennes FC,400000.0
Halid Sabanovic,2022-23,Angers SCO,350000.0
Halid Sabanovic,2020-21,FK Sarajevo,150000.0
Halid Sabanovic,2020-21,Mladost Kakanj,200000.0
Halid Sabanovic,2017-18,FK Sarajevo,50000.0
Nahuel Molina,2026-27,Roma,15000000.0
Nahuel Molina,2022-23,Atlético,20000000.0
Nahuel Molina,2020-21,Udinese,2000000.0
Nahuel Molina,2019-20,Boca Juniors II,2500000.0
Nahuel Molina,2018-19,Rosario Central,750000.0
Nahuel Molina,2018-19,Boca Juniors II,750000.0
Nahuel Molina,2017-18,Defensa,300000.0
Omar Richards,2026-27,Aris Saloniki,2000000.0
Omar Richards,2025-26,Nott'm Forest,2000000.0
Omar Richards,2025-26,Rio Ave,2500000.0
Omar Richards,2024-25,Nott'm Forest,2500000.0
Omar Richards,2024-25,Rio Ave,2500000.0
Omar Richards,2023-24,Nott'm Forest,2500000.0
Omar Richards,2023-24,Olympiacos,5000000.0
Omar Richards,2022-23,Nott'm Forest,7000000.0
Omar Richards,2021-22,Bayern Munich,7000000.0
Matty Cash,2020-21,Aston Villa,4800000.0
Jakub Kiwior,2026-27,Porto,35000000.0
Jakub Kiwior,2025-26,Arsenal,35000000.0
Jakub Kiwior,2025-26,Porto,28000000.0
Jakub Kiwior,2022-23,Arsenal,8000000.0
Jakub Kiwior,2021-22,Spezia Calcio,400000.0
Jakub Kiwior,2019-20,MSK Zilina,200000.0
Tomáš Ostrák,2022-23,St. Louis CITY,750000.0
Tomáš Ostrák,2020-21,1.FC Köln,750000.0
Tomáš Ostrák,2020-21,Karvina,200000.0
Tomáš Ostrák,2019-20,1.FC Köln,200000.0
Tomáš Ostrák,2019-20,TSV Hartberg,100000.0
Tomáš Ostrák,2019-20,1.FC Köln,100000.0
Lewis Ferguson,2022-23,Bologna,2000000.0
Lewis Ferguson,2018-19,Aberdeen FC,150000.0
Stephane Diarra,2026-27,Alverca,400000.0
Stephane Diarra,2026-27,União Santarém,400000.0
Stephane Diarra,2025-26,Alverca,800000.0
Stephane Diarra,2023-24,FC Lorient,1200000.0
Stephane Diarra,2023-24,Saint-Étienne,2500000.0
Stephane Diarra,2020-21,FC Lorient,800000.0
Stephane Diarra,2019-20,Le Mans FC,500000.0
Stephane Diarra,2018-19,Rennes B,500000.0
Jordan Holsgrove,2024-25,Estoril,900000.0
Jordan Holsgrove,2023-24,Olympiacos,900000.0
Jordan Holsgrove,2023-24,Estoril,500000.0
Jordan Holsgrove,2023-24,Olympiacos,500000.0
Jordan Holsgrove,2022-23,Paços Ferreira,500000.0
Jordan Holsgrove,2020-21,Celta Vigo B,200000.0
Jordan Holsgrove,2019-20,Reading,200000.0
Ansgar Knauff,2023-24,Frankfurt,8000000.0
Ansgar Knauff,2022-23,Dortmund,8000000.0
Ansgar Knauff,2021-22,Frankfurt,3000000.0
Ansgar Knauff,2021-22,Dortmund,3000000.0
Paul Akouokou,2025-26,Lyon,400000.0
Paul Akouokou,2025-26,Real Zaragoza,800000.0
Paul Akouokou,2023-24,Lyon,3500000.0
Paul Akouokou,2018-19,Betis Deportivo,25000.0
Paul Akouokou,2017-18,Ekenäs IF,25000.0
Paul Akouokou,2017-18,B. Jerusalem,25000.0
Paul Akouokou,2017-18,H Rishon leZion,25000.0
Tiago Dantas,2025-26,HNK Rijeka,2800000.0
Tiago Dantas,2024-25,NK Osijek,3000000.0
Tiago Dantas,2023-24,Benfica,3000000.0
Tiago Dantas,2023-24,AZ Alkmaar,3000000.0
Tiago Dantas,2022-23,Benfica,3000000.0
Tiago Dantas,2022-23,PAOK,2500000.0
Tiago Dantas,2021-22,Benfica,2500000.0
Tiago Dantas,2021-22,Tondela,3000000.0
Tiago Dantas,2020-21,Benfica,3000000.0
Tiago Dantas,2020-21,Bayern Munich,1300000.0
Tiago Dantas,2020-21,Benfica,1300000.0
Edgar Sevikyan,2026-27,Ferencváros,1000000.0
Edgar Sevikyan,2026-27,AD Ceuta,1000000.0
Edgar Sevikyan,2025-26,Ferencváros,1000000.0
Edgar Sevikyan,2025-26,Akron Tolyatti,2000000.0
Edgar Sevikyan,2024-25,Ferencváros,2000000.0
Edgar Sevikyan,2024-25,Loko Moscow,2000000.0
Edgar Sevikyan,2023-24,Ferencváros,1800000.0
Edgar Sevikyan,2022-23,Pari NN,600000.0
Edgar Sevikyan,2017-18,Levante UD Yout,225000.0
Idrissa Doumbia,2026-27,Without Club,1000000.0
Idrissa Doumbia,2025-26,Kuwait SC,1200000.0
Idrissa Doumbia,2025-26,Without Club,1500000.0
Idrissa Doumbia,2023-24,Al-Ahli SC,1700000.0
Idrissa Doumbia,2022-23,Sporting,1700000.0
Idrissa Doumbia,2022-23,Alanyaspor,1700000.0
Idrissa Doumbia,2021-22,Sporting,1700000.0
Idrissa Doumbia,2021-22,Zulte Waregem,3500000.0
Idrissa Doumbia,2020-21,Sporting,3500000.0
Idrissa Doumbia,2020-21,SD Huesca,4000000.0
Idrissa Doumbia,2018-19,Sporting,2000000.0
Idrissa Doumbia,2018-19,Akhmat Grozny,1200000.0
Idrissa Doumbia,2017-18,RSC Anderlecht,1200000.0
Idrissa Doumbia,2017-18,Zulte Waregem,250000.0
Gaetano Berardi,2023-24,Retired,50000.0
Gaetano Berardi,2022-23,AC Bellinzona,300000.0
Gaetano Berardi,2021-22,FC Sion,300000.0
Gaetano Berardi,2021-22,Without Club,300000.0
Gaetano Berardi,2014-15,Leeds,500000.0
Gaetano Berardi,2011-12,Sampdoria,900000.0
Emmanuel Gyabuaa,2026-27,Salernitana,500000.0
Emmanuel Gyabuaa,2025-26,Atalanta U23,500000.0
Emmanuel Gyabuaa,2025-26,Salernitana,500000.0
Emmanuel Gyabuaa,2025-26,Avellino,600000.0
Emmanuel Gyabuaa,2023-24,Atalanta U23,450000.0
Emmanuel Gyabuaa,2022-23,Atalanta,450000.0
Emmanuel Gyabuaa,2022-23,Pescara,500000.0
Emmanuel Gyabuaa,2021-22,Atalanta,500000.0
Emmanuel Gyabuaa,2021-22,Perugia,650000.0
Nicolo Fagioli,2025-26,Fiorentina,18000000.0
Nicolo Fagioli,2024-25,Juventus,18000000.0
Nicolo Fagioli,2024-25,Fiorentina,20000000.0
Nicolo Fagioli,2021-22,Juventus,6500000.0
Nicolo Fagioli,2021-22,Cremonese,1200000.0
Nicolo Fagioli,2020-21,Juventus,900000.0
Bali Mumba,2025-26,Huddersfield,2200000.0
Bali Mumba,2023-24,Plymouth,1000000.0
Bali Mumba,2022-23,Norwich,900000.0
Bali Mumba,2022-23,Plymouth,400000.0
Bali Mumba,2021-22,Norwich,400000.0
Bali Mumba,2021-22,Peterborough,500000.0
Matej Maglica,2026-27,Kocaelispor,1200000.0
Matej Maglica,2024-25,Darmstadt 98,2000000.0
Matej Maglica,2023-24,Stuttgart,2000000.0
Matej Maglica,2023-24,Darmstadt 98,1000000.0
Matej Maglica,2023-24,Stuttgart,1000000.0
Matej Maglica,2022-23,FC St. Gallen,900000.0
Matej Maglica,2021-22,Stuttgart II,900000.0
Matej Maglica,2021-22,FC St. Gallen,175000.0
Leo Greiml,2024-25,NAC Breda,400000.0
Leo Greiml,2022-23,FC Schalke 04,2500000.0
Maxence Lacroix,2026-27,Chelsea,50000000.0
Maxence Lacroix,2024-25,Crystal Palace,20000000.0
Maxence Lacroix,2020-21,Wolfsburg,1000000.0
Leo Sena,2025-26,Noroeste,500000.0
Leo Sena,2025-26,Without Club,600000.0
Leo Sena,2023-24,Água Santa-SP,800000.0
Leo Sena,2023-24,Loko Plovdiv,1000000.0
Leo Sena,2022-23,Without Club,1200000.0
Leo Sena,2022-23,Goiás,1500000.0
Leo Sena,2021-22,Spezia Calcio,2000000.0
Leo Sena,2020-21,Atlético-MG,2000000.0
Leo Sena,2020-21,Spezia Calcio,1000000.0
Leo Sena,2019-20,Atlético-MG,1000000.0
Ardian Ismajli,2025-26,Torino,6000000.0
Ardian Ismajli,2021-22,FC Empoli,2500000.0
Ardian Ismajli,2020-21,Spezia Calcio,950000.0
Sergio González,2025-26,Burgos CF,600000.0
Sergio González,2021-22,CD Tenerife,500000.0
Sergio González,2020-21,Cádiz CF,500000.0
Sergio González,2020-21,CD Tenerife,700000.0
Sergio González,2020-21,Cádiz CF,300000.0
Charles De Ketelaere,2024-25,Atalanta,34000000.0
Charles De Ketelaere,2023-24,AC Milan,34000000.0
Charles De Ketelaere,2023-24,Atalanta,22000000.0
Charles De Ketelaere,2022-23,AC Milan,30000000.0
Kilian Fischer,2022-23,Wolfsburg,2000000.0
Kilian Fischer,2021-22,1.FC Nuremberg,350000.0
Delano Burgzorg,2026-27,Middlesbrough,3000000.0
Delano Burgzorg,2026-27,Preston,3000000.0
Delano Burgzorg,2025-26,Middlesbrough,3000000.0
Delano Burgzorg,2025-26,Bristol City,3000000.0
Delano Burgzorg,2024-25,Middlesbrough,1600000.0
Delano Burgzorg,2023-24,Mainz,1600000.0
Delano Burgzorg,2023-24,Huddersfield,1500000.0
Delano Burgzorg,2022-23,Mainz,2000000.0
Delano Burgzorg,2021-22,Heracles Almelo,2000000.0
Delano Burgzorg,2021-22,Mainz,750000.0
Delano Burgzorg,2020-21,Heracles Almelo,525000.0
Delano Burgzorg,2019-20,Spezia Calcio,525000.0
Delano Burgzorg,2019-20,Heracles Almelo,600000.0
Delano Burgzorg,2019-20,Spezia Calcio,700000.0
Delano Burgzorg,2018-19,De Graafschap,75000.0
Santiago Bueno,2026-27,Wolves,10000000.0
Santiago Bueno,2026-27,América,10000000.0
Santiago Bueno,2023-24,Wolves,8000000.0
Santiago Bueno,2019-20,Girona,250000.0
Santiago Bueno,2018-19,Barcelona B,250000.0
Santiago Bueno,2017-18,CF Peralada,200000.0
Santiago Bueno,2017-18,Barcelona B,200000.0
Santiago Bueno,2016-17,Barça U19,100000.0
Michael Svoboda,2026-27,Brighton,3500000.0
Michael Svoboda,2020-21,Venezia,450000.0
Marcão,2022-23,Sevilla FC,14000000.0
Marcão,2018-19,Galatasaray,2000000.0
Marcão,2018-19,Chaves,900000.0
Marcão,2017-18,Atlético-PR,900000.0
Marcão,2017-18,Rio Ave,500000.0
Marcão,2016-17,Atlético-PR,500000.0
Marcão,2016-17,Atlético-GO,500000.0
Matias Vina,2026-27,Flamengo,3500000.0
Matias Vina,2026-27,Cruzeiro,3500000.0
Matias Vina,2025-26,River Plate,4000000.0
Matias Vina,2023-24,Flamengo,8000000.0
Matias Vina,2023-24,Roma,8000000.0
Matias Vina,2023-24,Sassuolo,8000000.0
Matias Vina,2022-23,Roma,8000000.0
Matias Vina,2022-23,Bournemouth,6000000.0
Matias Vina,2021-22,Roma,5000000.0
Matias Vina,2019-20,Palmeiras,2500000.0
Sydney van Hooijdonk,2026-27,Estrela Amadora,1000000.0
Sydney van Hooijdonk,2026-27,PEC Zwolle,1000000.0
Sydney van Hooijdonk,2025-26,Estrela Amadora,1300000.0
Sydney van Hooijdonk,2024-25,NAC Breda,1700000.0
Sydney van Hooijdonk,2024-25,Cesena,4000000.0
Sydney van Hooijdonk,2023-24,Bologna,4000000.0
Sydney van Hooijdonk,2023-24,Norwich,5000000.0
Sydney van Hooijdonk,2022-23,Bologna,6000000.0
Sydney van Hooijdonk,2021-22,Heerenveen,800000.0
Sydney van Hooijdonk,2021-22,Bologna,500000.0
Ethan Pinnock,2026-27,Coventry,3000000.0
Ethan Pinnock,2019-20,Brentford,500000.0
Didier Lamkel Ze,2025-26,Kazma SC,300000.0
Didier Lamkel Ze,2024-25,QD Hainiu,500000.0
Didier Lamkel Ze,2024-25,Sint-Truiden,1000000.0
Didier Lamkel Ze,2024-25,Karagümrük,1000000.0
Didier Lamkel Ze,2024-25,Sakaryaspor,1000000.0
Didier Lamkel Ze,2023-24,Hatayspor,1000000.0
Didier Lamkel Ze,2023-24,FC Metz,1100000.0
Didier Lamkel Ze,2023-24,Hatayspor,800000.0
Didier Lamkel Ze,2022-23,KV Kortrijk,1000000.0
Didier Lamkel Ze,2022-23,Wydad AC,1300000.0
Didier Lamkel Ze,2022-23,KV Kortrijk,3500000.0
Didier Lamkel Ze,2021-22,Royal Antwerp,3500000.0
Didier Lamkel Ze,2021-22,FC Metz,2500000.0
Didier Lamkel Ze,2021-22,Royal Antwerp,2500000.0
Didier Lamkel Ze,2021-22,Khimki,2500000.0
Didier Lamkel Ze,2021-22,Dunajska Streda,4500000.0
Didier Lamkel Ze,2018-19,Royal Antwerp,600000.0
Houboulang Mendes,2025-26,Servette FC,550000.0
Houboulang Mendes,2025-26,Fortuna Sittard,1000000.0
Houboulang Mendes,2024-25,UD Almería,1000000.0
Houboulang Mendes,2024-25,Troyes,700000.0
Houboulang Mendes,2023-24,UD Almería,700000.0
Houboulang Mendes,2023-24,CD Mirandés,1200000.0
Houboulang Mendes,2022-23,UD Almería,3000000.0
Houboulang Mendes,2018-19,FC Lorient,50000.0
Patrick Osterhage,2024-25,Freiburg,7000000.0
Patrick Osterhage,2021-22,VfL Bochum,200000.0
Cedric Avinel,2017-18,AC Ajaccio,500000.0
Emanuele Valeri,2024-25,Parma,2300000.0
Emanuele Valeri,2023-24,Frosinone,2300000.0
Emanuele Valeri,2020-21,Cremonese,250000.0
Emanuele Valeri,2018-19,RC Cesena,125000.0
Emanuele Valeri,2017-18,Lecce,125000.0
Heriberto Tavares,2026-27,Univ. Craiova,750000.0
Heriberto Tavares,2024-25,Maccabi Netanya,500000.0
Heriberto Tavares,2023-24,Estoril,600000.0
Heriberto Tavares,2022-23,Famalicão,600000.0
Heriberto Tavares,2022-23,Ponferradina,1200000.0
Heriberto Tavares,2021-22,Famalicão,1200000.0
Heriberto Tavares,2020-21,Stade Brestois,1200000.0
Heriberto Tavares,2020-21,Famalicão,1700000.0
Heriberto Tavares,2020-21,Stade Brestois,2200000.0
Heriberto Tavares,2019-20,Benfica B,2200000.0
Heriberto Tavares,2019-20,Boavista,3000000.0
Heriberto Tavares,2018-19,Benfica B,3000000.0
Heriberto Tavares,2018-19,Moreirense,1750000.0
Daan Heymans,2025-26,Genk,3000000.0
Daan Heymans,2022-23,R Charleroi SC,1200000.0
Daan Heymans,2022-23,Venezia,1200000.0
Daan Heymans,2021-22,R Charleroi SC,1000000.0
Daan Heymans,2021-22,Venezia,1000000.0
Daan Heymans,2018-19,Waasland-Beveren,350000.0
Daan Heymans,2018-19,Lommel SK,350000.0
Daan Heymans,2018-19,Waasland-Beveren,400000.0
Jovane Cabral,2026-27,Grêmio,1000000.0
Jovane Cabral,2024-25,Estrela Amadora,2500000.0
Jovane Cabral,2023-24,Sporting,2500000.0
Jovane Cabral,2023-24,Olympiacos,3500000.0
Jovane Cabral,2023-24,Sporting,3500000.0
Jovane Cabral,2023-24,Salernitana,3500000.0
Jovane Cabral,2021-22,Sporting,5500000.0
Jovane Cabral,2021-22,Lazio,7000000.0
Jovane Cabral,2018-19,Sporting,275000.0
Diant Ramaj,2026-27,Dortmund,7000000.0
Diant Ramaj,2026-27,Copenhagen,7000000.0
Diant Ramaj,2025-26,Dortmund,7000000.0
Diant Ramaj,2025-26,Heidenheim,7000000.0
Diant Ramaj,2024-25,Dortmund,7000000.0
Diant Ramaj,2024-25,Copenhagen,7000000.0
Diant Ramaj,2023-24,Ajax,750000.0
Diant Ramaj,2021-22,Frankfurt,250000.0
Diant Ramaj,2019-20,Heidenheim,100000.0
Emmanuel Dennis,2025-26,Bröndby IF,2000000.0
Emmanuel Dennis,2025-26,Without Club,2500000.0
Emmanuel Dennis,2024-25,Nott'm Forest,2500000.0
Emmanuel Dennis,2024-25,Blackburn,4000000.0
Emmanuel Dennis,2023-24,Nott'm Forest,4200000.0
Emmanuel Dennis,2023-24,Watford,5500000.0
Emmanuel Dennis,2023-24,Nott'm Forest,5500000.0
Emmanuel Dennis,2023-24,Basaksehir,8000000.0
Emmanuel Dennis,2022-23,Nott'm Forest,14000000.0
Emmanuel Dennis,2021-22,Watford,5000000.0
Emmanuel Dennis,2020-21,Club Brugge,5000000.0
Emmanuel Dennis,2020-21,1.FC Köln,11000000.0
Emmanuel Dennis,2017-18,Club Brugge,1200000.0
Junior Messias,2023-24,Genoa,3000000.0
Junior Messias,2023-24,AC Milan,3000000.0
Junior Messias,2023-24,Genoa,4500000.0
Junior Messias,2022-23,AC Milan,6000000.0
Junior Messias,2021-22,Crotone,6000000.0
Junior Messias,2021-22,AC Milan,3500000.0
Junior Messias,2018-19,Crotone,175000.0
Junior Messias,2018-19,Gozzano,150000.0
Junior Messias,2018-19,Crotone,150000.0
Junior Messias,2017-18,Gozzano,125000.0
Junior Messias,2017-18,Without Club,125000.0
Marco John,2026-27,Without Club,700000.0
Marco John,2024-25,Greuther Fürth,1000000.0
Marco John,2022-23,Hoffenheim,2000000.0
Marco John,2022-23,Greuther Fürth,2500000.0
Christos Tzolis,2026-27,Arsenal,40000000.0
Christos Tzolis,2024-25,Club Brugge,10000000.0
Christos Tzolis,2024-25,F. Düsseldorf,10000000.0
Christos Tzolis,2023-24,Norwich,10000000.0
Christos Tzolis,2023-24,F. Düsseldorf,5000000.0
Christos Tzolis,2022-23,Norwich,7000000.0
Christos Tzolis,2022-23,FC Twente,8000000.0
Christos Tzolis,2021-22,Norwich,12000000.0
David Nemeth,2022-23,St. Pauli,2300000.0
David Nemeth,2021-22,Mainz,4000000.0
David Nemeth,2020-21,FSV Mainz 05 II,4000000.0
David Nemeth,2020-21,Sturm Graz,450000.0
David Nemeth,2020-21,FSV Mainz 05 II,450000.0
Ayman Azhil,2023-24,B. Dortmund II,400000.0
Ayman Azhil,2021-22,Leverkusen,400000.0
Tomás Alarcón,2024-25,Colo-Colo,600000.0
Tomás Alarcón,2023-24,Cádiz CF,1000000.0
Tomás Alarcón,2023-24,FC Cartagena,1500000.0
Tomás Alarcón,2022-23,Cádiz CF,1500000.0
Tomás Alarcón,2022-23,Real Zaragoza,3000000.0
Tomás Alarcón,2021-22,Cádiz CF,1500000.0
Jon Morcillo,2025-26,UD Almería,2000000.0
Jon Morcillo,2024-25,Albacete,1000000.0
Jon Morcillo,2023-24,Athletic Club,1000000.0
Jon Morcillo,2023-24,SD Amorebieta,3000000.0
Jon Morcillo,2021-22,Athletic Club,4000000.0
Jon Morcillo,2021-22,Real Valladolid,4000000.0
Jon Morcillo,2020-21,Athletic Club,50000.0
Karim Aribi,2026-27,JS El Biar,225000.0
Karim Aribi,2026-27,Al-Mina'a SC,225000.0
Karim Aribi,2025-26,Al-Talaba SC,275000.0
Karim Aribi,2024-25,MC Oran,400000.0
Karim Aribi,2023-24,Ohod Club,475000.0
Karim Aribi,2022-23,Al-Qadsiah,475000.0
Karim Aribi,2021-22,CR Belouizdad,600000.0
Karim Aribi,2020-21,Nîmes Olympique,475000.0
Karim Aribi,2018-19,ES Sahel,375000.0
Karim Aribi,2018-19,DRB Tadjenanet,200000.0
Karim Aribi,2016-17,CR Belouizdad,150000.0
Faride Alidou,2026-27,Holstein Kiel,800000.0
Faride Alidou,2025-26,1.FC K'lautern,800000.0
Faride Alidou,2025-26,E. Braunschweig,1000000.0
Faride Alidou,2024-25,1.FC K'lautern,2000000.0
Faride Alidou,2024-25,Frankfurt,2000000.0
Faride Alidou,2024-25,Hellas Verona,2500000.0
Faride Alidou,2023-24,Frankfurt,2500000.0
Faride Alidou,2023-24,1.FC Köln,2500000.0
Faride Alidou,2022-23,Frankfurt,1500000.0
Faride Alidou,2021-22,Hamburg,125000.0
Lucas Robertone,2026-27,UD Almería,2000000.0
Lucas Robertone,2025-26,Vélez Sarsfield,2000000.0
Lucas Robertone,2020-21,UD Almería,6500000.0
Lucas Robertone,2017-18,Vélez Sarsfield,100000.0
Alessandro Di Pardo,2025-26,Sampdoria,800000.0
Alessandro Di Pardo,2024-25,Cagliari,800000.0
Alessandro Di Pardo,2024-25,Modena,900000.0
Alessandro Di Pardo,2023-24,Cagliari,600000.0
Alessandro Di Pardo,2022-23,Juve Next Gen,600000.0
Alessandro Di Pardo,2022-23,Cagliari,400000.0
Alessandro Di Pardo,2021-22,Juventus U23,400000.0
Alessandro Di Pardo,2021-22,Cosenza,350000.0
Alessandro Di Pardo,2021-22,Juventus U23,350000.0
Alessandro Di Pardo,2021-22,LR Vicenza,225000.0
Alessandro Di Pardo,2018-19,Juventus U23,100000.0
Alessandro Di Pardo,2017-18,Juventus U19,125000.0
Alessandro Di Pardo,2017-18,SPAL U19,125000.0
Robson Bambu,2025-26,San Luis,3000000.0
Robson Bambu,2024-25,Braga,3000000.0
Robson Bambu,2023-24,Nice,3000000.0
Robson Bambu,2023-24,Arouca,2200000.0
Robson Bambu,2023-24,Nice,2200000.0
Robson Bambu,2022-23,Vasco da Gama,2500000.0
Robson Bambu,2022-23,Nice,2500000.0
Robson Bambu,2021-22,Corinthians,3000000.0
Robson Bambu,2020-21,Nice,800000.0
Robson Bambu,2018-19,Athletico-PR,50000.0
Giacomo Quagliata,2025-26,Dep. La Coruña,1200000.0
Giacomo Quagliata,2024-25,Cremonese,1200000.0
Giacomo Quagliata,2024-25,Catanzaro,1000000.0
Giacomo Quagliata,2022-23,Cremonese,800000.0
Giacomo Quagliata,2019-20,Heracles Almelo,125000.0
Giacomo Quagliata,2018-19,Pro Vercelli,50000.0
Giacomo Quagliata,2018-19,Bari,25000.0
Giacomo Quagliata,2018-19,ProVercelli U19,25000.0
Andrea Cambiaso,2022-23,Juventus,8000000.0
Andrea Cambiaso,2022-23,Bologna,5000000.0
Andrea Cambiaso,2022-23,Juventus,5000000.0
Andrea Cambiaso,2020-21,Genoa,200000.0
Andrea Cambiaso,2020-21,Empoli,150000.0
Andrea Cambiaso,2019-20,Genoa,175000.0
Andrea Cambiaso,2019-20,Alessandria,100000.0
Andrea Cambiaso,2018-19,Genoa,100000.0
Andrea Cambiaso,2018-19,Savona,75000.0
Andrea Cambiaso,2017-18,Genoa,75000.0
Moritz Jenz,2026-27,Young Boys,5000000.0
Moritz Jenz,2024-25,Wolfsburg,5000000.0
Moritz Jenz,2024-25,Mainz,7500000.0
Moritz Jenz,2023-24,Wolfsburg,7500000.0
Moritz Jenz,2022-23,FC Lorient,7500000.0
Moritz Jenz,2022-23,FC Schalke 04,4000000.0
Moritz Jenz,2022-23,FC Lorient,4000000.0
Moritz Jenz,2022-23,Celtic,2500000.0
Moritz Jenz,2021-22,FC Lorient,600000.0
Mehdi Zerkane,2023-24,Without Club,450000.0
Mehdi Zerkane,2023-24,MC Algiers,450000.0
Mehdi Zerkane,2022-23,Nîmes Olympique,1000000.0
Mehdi Zerkane,2022-23,Without Club,1500000.0
Mehdi Zerkane,2022-23,G. Bordeaux,1500000.0
Mehdi Zerkane,2022-23,OFI Crete,1500000.0
Jason Mbock,2026-27,US Créteil,50000.0
Jason Mbock,2023-24,US Créteil-L,150000.0
Jason Mbock,2023-24,Without Club,150000.0
Jason Mbock,2020-21,Angers SCO B,150000.0
Samuele Birindelli,2022-23,Monza,2500000.0
Samuele Birindelli,2016-17,AC Pisa,50000.0
Morten Hjulmand,2026-27,Atlético,45000000.0
Morten Hjulmand,2023-24,Sporting,15000000.0
Morten Hjulmand,2020-21,Lecce,700000.0
Morten Hjulmand,2018-19,Admira Wacker,50000.0
Louis Mafouta,2026-27,Le Mans FC,1000000.0
Louis Mafouta,2025-26,Guingamp,1500000.0
Louis Mafouta,2023-24,Amiens SC,1000000.0
Louis Mafouta,2022-23,Quevilly Rouen,900000.0
Louis Mafouta,2021-22,Neuchâtel Xamax,900000.0
Louis Mafouta,2021-22,FC Metz,400000.0
Mostafa Mohamed,2026-27,Konyaspor,3500000.0
Mostafa Mohamed,2023-24,FC Nantes,6000000.0
Mostafa Mohamed,2022-23,Galatasaray,6000000.0
Mostafa Mohamed,2022-23,FC Nantes,6500000.0
Mostafa Mohamed,2022-23,Galatasaray,6500000.0
Mostafa Mohamed,2021-22,Zamalek,6500000.0
Mostafa Mohamed,2020-21,Galatasaray,2500000.0
Mostafa Mohamed,2019-20,Zamalek,600000.0
Mostafa Mohamed,2018-19,Zamalek U21,600000.0
Mostafa Mohamed,2018-19,Talaea El Gaish,300000.0
Mostafa Mohamed,2017-18,Zamalek U21,300000.0
Mostafa Mohamed,2017-18,Tanta SC,100000.0
Mostafa Mohamed,2016-17,Zamalek U21,50000.0
Mostafa Mohamed,2016-17,El Dakhlia,25000.0
Andri Fannar Baldursson,2025-26,Kasimpasa,600000.0
Andri Fannar Baldursson,2024-25,Bologna,900000.0
Andri Fannar Baldursson,2023-24,Elfsborg,500000.0
Andri Fannar Baldursson,2022-23,Bologna,500000.0
Andri Fannar Baldursson,2022-23,NEC Nijmegen,600000.0
Andri Fannar Baldursson,2021-22,Bologna,600000.0
Andri Fannar Baldursson,2021-22,Copenhagen,1000000.0
Allan Tchaptchet,2026-27,RE Virton,300000.0
Allan Tchaptchet,2021-22,Grenoble,150000.0
Allan Tchaptchet,2021-22,Without Club,150000.0
Dimitrije Kamenovic,2025-26,NK Lokomotiva,300000.0
Dimitrije Kamenovic,2024-25,Lazio,500000.0
Dimitrije Kamenovic,2023-24,Yverdon Sport,500000.0
Dimitrije Kamenovic,2022-23,Lazio,700000.0
Dimitrije Kamenovic,2022-23,Sparta Prague,1400000.0
Dimitrije Kamenovic,2021-22,Lazio,2000000.0
Jayden Bogle,2024-25,Leeds,3800000.0
Jayden Bogle,2020-21,Sheff Utd,6300000.0
Juan Brunetta,2023-24,Tigres UANL,10000000.0
Juan Brunetta,2023-24,Santos Laguna,5500000.0
Juan Brunetta,2022-23,Godoy Cruz,5500000.0
Juan Brunetta,2022-23,Santos Laguna,2000000.0
Juan Brunetta,2021-22,Godoy Cruz,2000000.0
Juan Brunetta,2020-21,Parma,2400000.0
Juan Brunetta,2019-20,Godoy Cruz,1750000.0
Juan Brunetta,2017-18,Belgrano,500000.0
Karamoko Dembele,2025-26,QPR,1200000.0
Karamoko Dembele,2024-25,Stade Brestois,1200000.0
Karamoko Dembele,2024-25,QPR,900000.0
Karamoko Dembele,2023-24,Stade Brestois,900000.0
Karamoko Dembele,2023-24,Blackpool,500000.0
Karamoko Dembele,2022-23,Stade Brestois,250000.0
Karamoko Dembele,2021-22,Celtic,250000.0
Karamoko Dembele,2019-20,Celtic B,50000.0
Alvaro Sanz,2025-26,Al-Shahania SC,800000.0
Alvaro Sanz,2024-25,Racing Ferrol,800000.0
Alvaro Sanz,2022-23,CD Mirandés,700000.0
Dennis Borkowski,2025-26,MSV Duisburg,300000.0
Dennis Borkowski,2024-25,FC Ingolstadt,400000.0
Dennis Borkowski,2023-24,Leipzig,400000.0
Dennis Borkowski,2022-23,Dynamo Dresden,500000.0
Dennis Borkowski,2021-22,Leipzig,500000.0
Dennis Borkowski,2020-21,1.FC Nuremberg,300000.0
Rocco Reitz,2026-27,Leipzig,20000000.0
Rocco Reitz,2022-23,Mönchengladbach,800000.0
Rocco Reitz,2022-23,Sint-Truiden,650000.0
Rocco Reitz,2021-22,Mönchengladbach,650000.0
Rocco Reitz,2021-22,Sint-Truiden,500000.0
Armel Bella Kotchap,2026-27,Venezia,7000000.0
Armel Bella Kotchap,2025-26,Hellas Verona,7500000.0
Armel Bella Kotchap,2025-26,Southampton,7500000.0
Armel Bella Kotchap,2025-26,Hellas Verona,9000000.0
Armel Bella Kotchap,2023-24,Southampton,12000000.0
Armel Bella Kotchap,2023-24,PSV,20000000.0
Armel Bella Kotchap,2022-23,Southampton,10000000.0
Youssoufa Moukoko,2026-27,Copenhagen,5000000.0
Youssoufa Moukoko,2026-27,Corum FK,5000000.0
Youssoufa Moukoko,2025-26,Copenhagen,10000000.0
Youssoufa Moukoko,2024-25,Dortmund,10000000.0
Youssoufa Moukoko,2024-25,Nice,22000000.0
Samuele Ricci,2026-27,AC Milan,22000000.0
Samuele Ricci,2026-27,Como,22000000.0
Samuele Ricci,2025-26,AC Milan,30000000.0
Samuele Ricci,2022-23,Torino,12000000.0
Samuele Ricci,2021-22,FC Empoli,12000000.0
Samuele Ricci,2021-22,Torino,12000000.0
Ben Johnson,2026-27,Ipswich,6000000.0
Ben Johnson,2026-27,Stoke City,6000000.0
Ben Johnson,2024-25,Ipswich,8000000.0
Jens Cajuste,2026-27,Napoli,7000000.0
Jens Cajuste,2026-27,Málaga CF,7000000.0
Jens Cajuste,2025-26,Napoli,7000000.0
Jens Cajuste,2025-26,Ipswich,12000000.0
Jens Cajuste,2024-25,Napoli,12000000.0
Jens Cajuste,2024-25,Ipswich,10000000.0
Jens Cajuste,2023-24,Napoli,6000000.0
Jens Cajuste,2021-22,Stade Reims,5000000.0
Jens Cajuste,2018-19,Midtjylland,50000.0
Joe Aribo,2026-27,Without Club,1800000.0
Joe Aribo,2025-26,Southampton,1800000.0
Joe Aribo,2025-26,Leicester,4000000.0
Joe Aribo,2022-23,Southampton,10000000.0
Joe Aribo,2019-20,Rangers,200000.0
Marcos Antonio,2025-26,São Paulo,9000000.0
Marcos Antonio,2025-26,Lazio,9000000.0
Marcos Antonio,2024-25,São Paulo,4000000.0
Marcos Antonio,2023-24,Lazio,4000000.0
Marcos Antonio,2023-24,PAOK,8000000.0
Marcos Antonio,2022-23,Lazio,8000000.0
Marcos Antonio,2018-19,Shakhtar D.,1000000.0
Nathan Collins,2023-24,Brentford,22000000.0
Nathan Collins,2022-23,Wolves,10000000.0
Nathan Collins,2021-22,Burnley,8000000.0
Liberato Cacace,2025-26,Wrexham,3000000.0
Liberato Cacace,2022-23,FC Empoli,2500000.0
Liberato Cacace,2021-22,Sint-Truiden,2500000.0
Liberato Cacace,2021-22,FC Empoli,1000000.0
Liberato Cacace,2020-21,Sint-Truiden,675000.0
Liberato Cacace,2018-19,Wellington,250000.0
Marcos Senesi,2026-27,Tottenham,25000000.0
Marcos Senesi,2022-23,Bournemouth,17000000.0
Marcos Senesi,2019-20,Feyenoord,7000000.0
Jayden Braaf,2026-27,Lierse SK,400000.0
Jayden Braaf,2025-26,Without Club,650000.0
Jayden Braaf,2024-25,Hellas Verona,650000.0
Jayden Braaf,2024-25,Salernitana,800000.0
Jayden Braaf,2023-24,Hellas Verona,800000.0
Jayden Braaf,2023-24,Fortuna Sittard,1000000.0
Jayden Braaf,2023-24,Hellas Verona,1000000.0
Jayden Braaf,2022-23,B. Dortmund II,1000000.0
Jayden Braaf,2022-23,Hellas Verona,1000000.0
Jayden Braaf,2022-23,B. Dortmund II,3000000.0
Jayden Braaf,2020-21,Man City U23,3000000.0
Brennan Johnson,2026-27,Everton,30000000.0
Brennan Johnson,2025-26,Crystal Palace,35000000.0
Brennan Johnson,2023-24,Tottenham,38000000.0
Denis Genreau,2025-26,Melb. Victory,800000.0
Denis Genreau,2024-25,Dep. La Coruña,800000.0
Denis Genreau,2021-22,Toulouse,500000.0
Denis Genreau,2020-21,Macarthur,400000.0
Denis Genreau,2018-19,Melbourne City,500000.0
Denis Genreau,2018-19,PEC Zwolle,50000.0
Ivan Ilic,2026-27,Torino,7000000.0
Ivan Ilic,2026-27,Lecce,7000000.0
Ivan Ilic,2023-24,Torino,19000000.0
Ivan Ilic,2022-23,Hellas Verona,19000000.0
Ivan Ilic,2022-23,Torino,13000000.0
Ivan Ilic,2021-22,Hellas Verona,8000000.0
Ivan Ilic,2020-21,Man City U23,8000000.0
Ivan Ilic,2020-21,Hellas Verona,700000.0
Ivan Ilic,2019-20,Man City U23,700000.0
Ivan Ilic,2019-20,NAC Breda,600000.0
Ivan Ilic,2019-20,Man City U23,600000.0
Ivan Ilic,2018-19,Man City U18,600000.0
Ivan Ilic,2018-19,FK Zemun,500000.0
Ivan Ilic,2018-19,Man City U18,500000.0
Ivan Ilic,2017-18,Red Star U19,50000.0
Ivan Ilic,2017-18,Man City U18,50000.0
Luis Binks,2025-26,Bröndby IF,2200000.0
Luis Binks,2024-25,Coventry,2200000.0
Luis Binks,2023-24,Bologna,2200000.0
Luis Binks,2023-24,Coventry,2800000.0
Luis Binks,2022-23,Bologna,2800000.0
Luis Binks,2022-23,Como,1500000.0
Luis Binks,2020-21,Bologna,900000.0
Luis Binks,2020-21,Montréal,100000.0
Luis Binks,2020-21,Bologna,100000.0
Jimmy Kaparos,2025-26,Patro Eisden,175000.0
Jimmy Kaparos,2024-25,RW Essen,150000.0
Jimmy Kaparos,2023-24,Schalke 04 II,125000.0
Jimmy Kaparos,2022-23,PEC Zwolle,125000.0
Jonas Michelbrink,2025-26,Fortuna Köln,175000.0
Jonas Michelbrink,2022-23,MSV Duisburg,500000.0
Jonas Michelbrink,2020-21,Hertha BSC II,125000.0
Mehmet Aydin,2025-26,E. Braunschweig,1000000.0
Mehmet Aydin,2023-24,FC Schalke 04,1500000.0
Mehmet Aydin,2023-24,Trabzonspor,1500000.0
Mehmet Aydin,2021-22,FC Schalke 04,800000.0
Lilian Egloff,2024-25,Karlsruher SC,800000.0
Lilian Egloff,2024-25,Without Club,800000.0
Lilian Egloff,2020-21,Stuttgart,250000.0
Brian Brobbey,2025-26,Sunderland,22000000.0
Brian Brobbey,2022-23,Ajax,9000000.0
Brian Brobbey,2021-22,Leipzig,9000000.0
Brian Brobbey,2021-22,Ajax,7500000.0
Brian Brobbey,2021-22,Leipzig,7500000.0
Brian Brobbey,2019-20,Ajax U21,1000000.0
Facundo Medina,2026-27,Leverkusen,18000000.0
Facundo Medina,2026-27,Marseille,18000000.0
Facundo Medina,2025-26,Lens,18000000.0
Facundo Medina,2025-26,Marseille,25000000.0
Facundo Medina,2020-21,Lens,4500000.0
Bryan Reynolds,2026-27,Stade Rennais,3500000.0
Bryan Reynolds,2023-24,KVC Westerlo,4000000.0
Bryan Reynolds,2022-23,Roma,4000000.0
Bryan Reynolds,2022-23,KVC Westerlo,3500000.0
Bryan Reynolds,2021-22,Roma,3500000.0
Bryan Reynolds,2021-22,KV Kortrijk,4000000.0
Bryan Reynolds,2021-22,Roma,6000000.0
Bryan Reynolds,2020-21,Dallas,6000000.0
Bryan Reynolds,2020-21,Roma,6000000.0
Bryan Reynolds,2019-20,Dallas,250000.0
Bryan Reynolds,2018-19,North Texas SC,50000.0
Matteo Tramoni,2022-23,Pisa,2200000.0
Matteo Tramoni,2021-22,Cagliari,2200000.0
Matteo Tramoni,2021-22,Brescia,1500000.0
Matteo Tramoni,2020-21,Cagliari,1500000.0
Joško Gvardiol,2023-24,Man City,75000000.0
Joško Gvardiol,2021-22,Leipzig,19000000.0
Melayro Bogarde,2024-25,LASK,400000.0
Melayro Bogarde,2022-23,Hoffenheim,700000.0
Melayro Bogarde,2022-23,PEC Zwolle,1200000.0
Melayro Bogarde,2021-22,Hoffenheim,1200000.0
Melayro Bogarde,2021-22,FC Groningen,1500000.0
Bryan Lasme,2024-25,FC Schalke 04,600000.0
Bryan Lasme,2024-25,Grasshoppers,600000.0
Bryan Lasme,2023-24,FC Schalke 04,800000.0
Bryan Lasme,2021-22,Arm. Bielefeld,2000000.0
Bryan Lasme,2018-19,FC Sochaux,200000.0
Bryan Lasme,2018-19,SO Cholet,200000.0
Ilyes Chetti,2024-25,USM Alger,325000.0
Ilyes Chetti,2023-24,Wydad AC,400000.0
Ilyes Chetti,2022-23,Angers SCO,550000.0
Ilyes Chetti,2019-20,Esperance,600000.0
Ryan Gravenberch,2023-24,Liverpool,30000000.0
Ryan Gravenberch,2022-23,Bayern Munich,35000000.0
Ryan Gravenberch,2019-20,Ajax,5000000.0
Felix Correia,2026-27,Lille,10000000.0
Felix Correia,2026-27,Sevilla FC,10000000.0
Felix Correia,2025-26,Lille,4000000.0
Felix Correia,2024-25,Gil Vicente,2500000.0
Felix Correia,2023-24,Juve Next Gen,2500000.0
Felix Correia,2023-24,Gil Vicente,1200000.0
Felix Correia,2022-23,Juve Next Gen,1200000.0
Felix Correia,2022-23,Marítimo,1200000.0
Felix Correia,2021-22,Juventus U23,1500000.0
Felix Correia,2021-22,Parma,2000000.0
Felix Correia,2020-21,Juventus U23,1000000.0
Felix Correia,2019-20,Man City U23,1000000.0
Eberechi Eze,2025-26,Arsenal,55000000.0
Eberechi Eze,2020-21,Crystal Palace,9000000.0
Luis Díaz,2025-26,Bayern Munich,70000000.0
Luis Díaz,2021-22,Liverpool,40000000.0
Luis Díaz,2019-20,Porto,2000000.0
Luis Díaz,2017-18,Junior FC,75000.0
Lisandro Martínez,2022-23,Man Utd,32000000.0
Lisandro Martínez,2019-20,Ajax,6000000.0
Lisandro Martínez,2018-19,Defensa,2000000.0
Lisandro Martínez,2017-18,Newell's II,2000000.0
Marcos André,2023-24,Real Valladolid,2500000.0
Marcos André,2021-22,Valencia,3500000.0
Marcos André,2019-20,Real Valladolid,650000.0
Marcos André,2019-20,CD Mirandés,400000.0
Marcos André,2019-20,Real Valladolid,400000.0
Marcos André,2019-20,Valladolid Prom,400000.0
Marcos André,2018-19,Guaratinguetá,400000.0
Marcos André,2017-18,UD Logroñés,100000.0
Marcos André,2017-18,Logroñés Prom.,100000.0
Marcos André,2016-17,Celta Vigo B,100000.0
Youssef Maziz,2026-27,Colorado,1000000.0
Youssef Maziz,2023-24,OH Leuven,1500000.0
Youssef Maziz,2021-22,FC Metz,1800000.0
Youssef Maziz,2021-22,RFC Seraing,800000.0
Youssef Maziz,2020-21,FC Metz,725000.0
Youssef Maziz,2019-20,FC Metz B,725000.0
Youssef Maziz,2019-20,Le Mans FC,300000.0
Youssef Maziz,2018-19,FC Metz B,300000.0
Magnus Warming,2026-27,Lyngby BK,300000.0
Magnus Warming,2026-27,HB Köge,300000.0
Magnus Warming,2024-25,Lyngby BK,700000.0
Magnus Warming,2023-24,SK Brann,700000.0
Magnus Warming,2022-23,Torino,700000.0
Magnus Warming,2022-23,Darmstadt 98,900000.0
Magnus Warming,2021-22,Torino,700000.0
Magnus Warming,2019-20,Lyngby BK,150000.0
Magnus Warming,2019-20,Bröndby IF U19,150000.0
Antonios Papadopoulos,2024-25,FC Lugano,1000000.0
Antonios Papadopoulos,2021-22,B. Dortmund II,250000.0
Antonios Papadopoulos,2019-20,Hallescher FC,150000.0
Antonios Papadopoulos,2018-19,VfR Aalen,50000.0
Simone Rabbi,2026-27,Ravenna,450000.0
Simone Rabbi,2024-25,Cittadella,100000.0
Simone Rabbi,2022-23,SPAL,250000.0
Simone Rabbi,2021-22,Bologna,250000.0
Simone Rabbi,2021-22,Piacenza,300000.0
David Strelec,2025-26,Middlesbrough,8000000.0
David Strelec,2024-25,Slo. Bratislava,2800000.0
David Strelec,2023-24,Spezia Calcio,2800000.0
David Strelec,2023-24,Slo. Bratislava,1100000.0
David Strelec,2022-23,Spezia Calcio,1100000.0
David Strelec,2022-23,Reggina,1300000.0
David Strelec,2021-22,Spezia Calcio,800000.0
Josip Stanišić,2023-24,Bayern Munich,28000000.0
Josip Stanišić,2023-24,Leverkusen,12000000.0
Josip Stanišić,2021-22,Bayern Munich,400000.0
Djed Spence,2026-27,Inter,40000000.0
Djed Spence,2023-24,Tottenham,8000000.0
Djed Spence,2023-24,Genoa,8000000.0
Djed Spence,2023-24,Leeds,10000000.0
Djed Spence,2022-23,Tottenham,10000000.0
Djed Spence,2022-23,Stade Rennais,13000000.0
Djed Spence,2022-23,Tottenham,8000000.0
Djed Spence,2021-22,Middlesbrough,8000000.0
Djed Spence,2021-22,Nott'm Forest,2000000.0
Jeremie Frimpong,2025-26,Liverpool,50000000.0
Jeremie Frimpong,2020-21,Leverkusen,4000000.0
Taylor Richards,2026-27,Without Club,200000.0
Taylor Richards,2025-26,Crawley Town,250000.0
Taylor Richards,2025-26,Without Club,275000.0
Taylor Richards,2024-25,QPR,275000.0
Taylor Richards,2024-25,Cambridge Utd.,350000.0
Taylor Richards,2023-24,QPR,400000.0
Taylor Richards,2022-23,Brighton,400000.0
Taylor Richards,2022-23,QPR,400000.0
Taylor Richards,2021-22,Brighton,400000.0
Taylor Richards,2021-22,Birmingham,400000.0
Logan Costa,2024-25,Villarreal,12000000.0
Logan Costa,2021-22,Toulouse,400000.0
Logan Costa,2020-21,Stade Reims,400000.0
Aimen Moueffek,2026-27,Saint-Étienne,2000000.0
Aimen Moueffek,2026-27,Cádiz CF,2000000.0
Amadou Onana,2024-25,Aston Villa,50000000.0
Amadou Onana,2022-23,Everton,10000000.0
Amadou Onana,2021-22,Lille,3000000.0
Lilian Brassier,2026-27,Frankfurt,12000000.0
Lilian Brassier,2025-26,Stade Rennais,10000000.0
Lilian Brassier,2024-25,Stade Brestois,10000000.0
Lilian Brassier,2024-25,Stade Rennais,10000000.0
Lilian Brassier,2024-25,Marseille,12000000.0
Lilian Brassier,2021-22,Stade Brestois,2500000.0
Lilian Brassier,2020-21,Stade Rennais,2500000.0
Lilian Brassier,2020-21,Stade Brestois,1500000.0
Lilian Brassier,2020-21,Stade Rennais,625000.0
Lilian Brassier,2019-20,Rennes B,625000.0
Jeremy Doku,2023-24,Man City,28000000.0
Jeremy Doku,2020-21,Stade Rennais,9000000.0
Jeremy Doku,2019-20,RSC Anderlecht,2000000.0
Edo Kayembe,2021-22,Watford,1300000.0
Edo Kayembe,2020-21,KAS Eupen,1300000.0
Vitinha,2022-23,PSG,30000000.0
Vitinha,2020-21,Porto,7000000.0
Vitinha,2020-21,Wolves,5000000.0
Vitinha,2019-20,Porto,1500000.0
Alberto Soro,2024-25,FC Dinamo,450000.0
Alberto Soro,2024-25,Chaves,550000.0
Alberto Soro,2024-25,FC Dinamo,700000.0
Alberto Soro,2023-24,Granada CF,700000.0
Alberto Soro,2023-24,Vizela,1500000.0
Alberto Soro,2020-21,Granada CF,2700000.0
Alberto Soro,2019-20,Real Madrid,2700000.0
Alberto Soro,2019-20,Real Zaragoza,3000000.0
Alberto Soro,2019-20,Real Madrid,3000000.0
Manuel Gasparini,2026-27,Mantova,200000.0
Manuel Gasparini,2025-26,FC Empoli,200000.0
Manuel Gasparini,2024-25,Clodiense,200000.0
Manuel Gasparini,2023-24,Potenza,200000.0
Manuel Gasparini,2023-24,Pescara,300000.0
Manuel Gasparini,2022-23,Potenza,200000.0
Manuel Gasparini,2021-22,Udinese,200000.0
Manuel Gasparini,2021-22,Legnago,300000.0
Manuel Gasparini,2021-22,Udinese,300000.0
Manuel Gasparini,2021-22,Pro Vercelli,300000.0
Simone Trimboli,2023-24,Mantova,400000.0
Simone Trimboli,2022-23,Sampdoria,600000.0
Simone Trimboli,2022-23,Ferencváros II,600000.0
Simone Trimboli,2021-22,Sampdoria,500000.0
Lorenzo Colombo,2026-27,Genoa,10000000.0
Lorenzo Colombo,2025-26,AC Milan,10000000.0
Lorenzo Colombo,2025-26,Genoa,5000000.0
Lorenzo Colombo,2024-25,AC Milan,5000000.0
Lorenzo Colombo,2024-25,FC Empoli,6000000.0
Lorenzo Colombo,2023-24,AC Milan,6000000.0
Lorenzo Colombo,2023-24,Monza,5000000.0
Lorenzo Colombo,2022-23,AC Milan,5000000.0
Lorenzo Colombo,2022-23,Lecce,3500000.0
Lorenzo Colombo,2021-22,AC Milan,3500000.0
Lorenzo Colombo,2021-22,SPAL,1000000.0
Lorenzo Colombo,2020-21,AC Milan,1000000.0
Lorenzo Colombo,2020-21,Cremonese,1000000.0
Conor Gallagher,2025-26,Tottenham,35000000.0
Conor Gallagher,2024-25,Atlético,50000000.0
Conor Gallagher,2022-23,Chelsea,25000000.0
Conor Gallagher,2021-22,Chelsea U23,25000000.0
Conor Gallagher,2021-22,Crystal Palace,15000000.0
Conor Gallagher,2020-21,Chelsea U23,12000000.0
Conor Gallagher,2020-21,West Brom,5400000.0
Conor Gallagher,2019-20,Chelsea U23,5400000.0
Conor Gallagher,2019-20,Swansea,2000000.0
Conor Gallagher,2019-20,Chelsea U23,2000000.0
Siriki Dembélé,2024-25,Oxford United,2200000.0
Siriki Dembélé,2023-24,Birmingham,2000000.0
Siriki Dembélé,2022-23,Bournemouth,2000000.0
Siriki Dembélé,2022-23,AJ Auxerre,2500000.0
Siriki Dembélé,2021-22,Bournemouth,1500000.0
Ibrahima Kone,2024-25,UD Almería,1800000.0
Ibrahima Kone,2024-25,Al-Okhdood,2500000.0
Ibrahima Kone,2023-24,UD Almería,4000000.0
Ibrahima Kone,2021-22,FC Lorient,1800000.0
Ibrahima Kone,2020-21,Sarpsborg 08,300000.0
Ibrahima Kone,2019-20,Haugesund,200000.0
Ibrahima Kone,2019-20,Adana Demirspor,200000.0
Enock Mwepu,2022-23,Retired,18000000.0
Enock Mwepu,2021-22,Brighton,13000000.0
Enock Mwepu,2018-19,Salzburg,1500000.0
Krepin Diatta,2026-27,Without Club,6000000.0
Krepin Diatta,2020-21,Monaco,18000000.0
Krepin Diatta,2017-18,Club Brugge,1000000.0
Mathias Olesen,2026-27,Sönderjyske,600000.0
Mathias Olesen,2025-26,Greuther Fürth,600000.0
Mathias Olesen,2025-26,Grazer AK 1902,1000000.0
Mathias Olesen,2025-26,Greuther Fürth,1000000.0
Mathias Olesen,2023-24,1.FC Köln,1500000.0
Mathias Olesen,2023-24,Yverdon Sport,1200000.0
Mathias Olesen,2021-22,1.FC Köln,150000.0
Jackson Porozo,2025-26,Club Tijuana,2500000.0
Jackson Porozo,2025-26,Troyes,2500000.0
Jackson Porozo,2024-25,Club Tijuana,1800000.0
Jackson Porozo,2024-25,Troyes,1800000.0
Jackson Porozo,2024-25,CD Leganés,3300000.0
Jackson Porozo,2023-24,Troyes,3300000.0
Jackson Porozo,2023-24,Kasimpasa,3000000.0
Jackson Porozo,2023-24,Troyes,3000000.0
Jackson Porozo,2023-24,Olympiacos,3000000.0
Jackson Porozo,2022-23,Troyes,3000000.0
Jackson Porozo,2020-21,Boavista,300000.0
Jackson Porozo,2019-20,Santos,300000.0
Diego Valencia,2024-25,U. Católica,900000.0
Diego Valencia,2023-24,Salernitana,1500000.0
Diego Valencia,2023-24,Atromitos,2000000.0
Diego Valencia,2022-23,Salernitana,900000.0
Mattia Viti,2026-27,Sampdoria,4000000.0
Mattia Viti,2025-26,Nice,4000000.0
Mattia Viti,2025-26,Sampdoria,4000000.0
Mattia Viti,2025-26,Fiorentina,5500000.0
Mattia Viti,2024-25,Nice,5500000.0
Mattia Viti,2024-25,FC Empoli,5000000.0
Mattia Viti,2023-24,Nice,5000000.0
Mattia Viti,2023-24,Sassuolo,7000000.0
Mattia Viti,2022-23,Nice,7000000.0
Mickael Nade,2026-27,United FC,3000000.0
Mickael Nade,2026-27,Rodina Moscow,3000000.0
Mickael Nade,2020-21,Saint-Étienne,500000.0
Antonio Blanco,2023-24,Alavés,5000000.0
Antonio Blanco,2022-23,Real Madrid,2500000.0
Antonio Blanco,2022-23,Alavés,3500000.0
Antonio Blanco,2022-23,Real Madrid,3500000.0
Antonio Blanco,2022-23,Cádiz CF,5000000.0
Antonio Blanco,2022-23,Real Madrid,5000000.0
Víctor Chust,2026-27,Elche CF,3500000.0
Víctor Chust,2025-26,Cádiz CF,3500000.0
Víctor Chust,2025-26,Elche CF,2000000.0
Víctor Chust,2022-23,Cádiz CF,2500000.0
Víctor Chust,2021-22,Real Madrid,2500000.0
Víctor Chust,2021-22,Cádiz CF,400000.0
Víctor Chust,2021-22,Real Madrid,400000.0
Karim Adeyemi,2026-27,Barcelona,40000000.0
Karim Adeyemi,2022-23,Dortmund,35000000.0
Karim Adeyemi,2019-20,Salzburg,7500000.0
Karim Adeyemi,2018-19,FC Liefering,1500000.0
Tyrone Tormin,2025-26,Without Club,100000.0
Tyrone Tormin,2025-26,NK Vukovar 1991,150000.0
Tyrone Tormin,2024-25,LB Châteauroux,150000.0
Tyrone Tormin,2021-22,Chamois Niort,350000.0
Montassar Talbi,2022-23,FC Lorient,1200000.0
Montassar Talbi,2021-22,Rubin Kazan,950000.0
Montassar Talbi,2021-22,Benevento,950000.0
Montassar Talbi,2018-19,C. Rizespor,350000.0
Emil Holm,2025-26,Bologna,10000000.0
Emil Holm,2025-26,Juventus,13000000.0
Emil Holm,2024-25,Bologna,12000000.0
Emil Holm,2023-24,Spezia Calcio,12000000.0
Emil Holm,2023-24,Atalanta,5000000.0
Emil Holm,2021-22,Spezia Calcio,800000.0
Emil Holm,2021-22,SönderjyskE,700000.0
Emil Holm,2021-22,Spezia Calcio,700000.0
Emil Holm,2020-21,SönderjyskE,300000.0
Emil Holm,2018-19,IFK Göteborg,100000.0
Edon Zhegrova,2025-26,Juventus,25000000.0
Edon Zhegrova,2021-22,Lille,2000000.0
Edon Zhegrova,2020-21,Basel,1300000.0
Edon Zhegrova,2019-20,Genk,1300000.0
Edon Zhegrova,2018-19,Basel,1500000.0
Aurelien Scheidler,2025-26,R Charleroi SC,1800000.0
Aurelien Scheidler,2025-26,FCV Dender EH,1800000.0
Aurelien Scheidler,2024-25,Bari,1800000.0
Aurelien Scheidler,2024-25,FCV Dender EH,1000000.0
Aurelien Scheidler,2023-24,Bari,1000000.0
Aurelien Scheidler,2023-24,FC Andorra,1200000.0
Aurelien Scheidler,2022-23,Bari,1500000.0
Aurelien Scheidler,2020-21,Dijon,1000000.0
Aurelien Scheidler,2020-21,AS Nancy,1000000.0
Aurelien Scheidler,2019-20,Dijon,725000.0
Aurelien Scheidler,2019-20,US Orléans,800000.0
Aurelien Scheidler,2019-20,Dijon,800000.0
Chidera Ejuke,2024-25,Sevilla FC,6000000.0
Chidera Ejuke,2023-24,CSKA Moscow,6000000.0
Chidera Ejuke,2023-24,Royal Antwerp,5500000.0
Chidera Ejuke,2022-23,CSKA Moscow,5500000.0
Chidera Ejuke,2022-23,Hertha BSC,7500000.0
Chidera Ejuke,2020-21,CSKA Moscow,5500000.0
Chidera Ejuke,2019-20,Heerenveen,400000.0
Laurens Serpe,2024-25,Spezia Calcio,100000.0
Laurens Serpe,2024-25,Pro Vercelli,100000.0
Laurens Serpe,2023-24,Spezia Calcio,100000.0
Laurens Serpe,2023-24,Turris,100000.0
Laurens Serpe,2022-23,Spezia Calcio,100000.0
Laurens Serpe,2022-23,Imolese,175000.0
Laurens Serpe,2022-23,Spezia Calcio,175000.0
Laurens Serpe,2021-22,Genoa,175000.0
Laurens Serpe,2021-22,Crotone,200000.0
Laurens Serpe,2021-22,Genoa,200000.0
Evann Guessand,2026-27,Aston Villa,25000000.0
Evann Guessand,2025-26,Crystal Palace,28000000.0
Evann Guessand,2025-26,Aston Villa,25000000.0
Evann Guessand,2022-23,Nice,4500000.0
Evann Guessand,2022-23,FC Nantes,3000000.0
Evann Guessand,2020-21,Nice,2000000.0
Khvicha Kvaratskhelia,2024-25,PSG,85000000.0
Khvicha Kvaratskhelia,2022-23,Napoli,15000000.0
Khvicha Kvaratskhelia,2021-22,Dinamo Batumi,16000000.0
Khvicha Kvaratskhelia,2019-20,Rubin Kazan,900000.0
Khvicha Kvaratskhelia,2018-19,Rustavi,900000.0
Khvicha Kvaratskhelia,2018-19,Loko Moscow,350000.0
Khvicha Kvaratskhelia,2017-18,Rustavi,125000.0
Giorgi Mamardashvili,2024-25,Liverpool,30000000.0
Giorgi Mamardashvili,2024-25,Valencia,45000000.0
Giorgi Mamardashvili,2024-25,Liverpool,45000000.0
Giorgi Mamardashvili,2021-22,Valencia,3000000.0
Giorgi Mamardashvili,2021-22,Dinamo Tbilisi,3000000.0
Giorgi Mamardashvili,2021-22,Valencia,800000.0
Giorgi Mamardashvili,2020-21,Dinamo Tbilisi,800000.0
Giorgi Mamardashvili,2019-20,FC Locomotive,250000.0
Giorgi Mamardashvili,2019-20,Dinamo Tbilisi,250000.0
Giorgi Mamardashvili,2018-19,Rustavi,25000.0
Riccardo Calafiori,2024-25,Arsenal,45000000.0
Riccardo Calafiori,2023-24,Bologna,4500000.0
Riccardo Calafiori,2022-23,Basel,3500000.0
Riccardo Calafiori,2021-22,Roma,3500000.0
Riccardo Calafiori,2021-22,Genoa,4000000.0
Paul Nebel,2023-24,Mainz,3500000.0
Paul Nebel,2022-23,Karlsruher SC,1300000.0
Christopher Scott,2023-24,Royal Antwerp,600000.0
Christopher Scott,2023-24,Hannover 96,1500000.0
Christopher Scott,2022-23,Royal Antwerp,1200000.0
Rhys Williams,2026-27,Without Club,500000.0
Rhys Williams,2024-25,Liverpool,700000.0
Rhys Williams,2024-25,Morecambe FC,1800000.0
Rhys Williams,2023-24,Liverpool,1800000.0
Rhys Williams,2023-24,Port Vale,1800000.0
Rhys Williams,2023-24,Aberdeen FC,2000000.0
Rhys Williams,2022-23,Liverpool,3000000.0
Rhys Williams,2022-23,Blackpool,4000000.0
Rhys Williams,2021-22,Liverpool,4000000.0
Rhys Williams,2021-22,Swansea,5000000.0
Neco Williams,2022-23,Nott'm Forest,8000000.0
Neco Williams,2021-22,Liverpool,8000000.0
Neco Williams,2021-22,Fulham,8000000.0
Dominic Thompson,2026-27,SK Beveren,400000.0
Dominic Thompson,2025-26,Kilmarnock FC,450000.0
Dominic Thompson,2024-25,Motherwell FC,450000.0
Dominic Thompson,2023-24,Blackpool,1000000.0
Dominic Thompson,2023-24,Forest Green,1000000.0
Dominic Thompson,2022-23,Blackpool,800000.0
Dominic Thompson,2021-22,Brentford,800000.0
Dominic Thompson,2021-22,Ipswich,800000.0
Dominic Thompson,2020-21,Brentford,400000.0
Dominic Thompson,2020-21,Swindon Town,400000.0
Jacob Ramsey,2025-26,Newcastle,32000000.0
Morten Frendrup,2021-22,Genoa,3500000.0
Aster Vranckx,2025-26,Wolfsburg,5000000.0
Aster Vranckx,2025-26,Sassuolo,7000000.0
Aster Vranckx,2022-23,Wolfsburg,8500000.0
Aster Vranckx,2022-23,AC Milan,10000000.0
Aster Vranckx,2021-22,Wolfsburg,6800000.0
Tino Livramento,2023-24,Newcastle,25000000.0
Alex Mighten,2024-25,San Diego,500000.0
Alex Mighten,2024-25,Nordsjaelland,600000.0
Alex Mighten,2024-25,San Diego,600000.0
Alex Mighten,2023-24,Nott'm Forest,600000.0
Alex Mighten,2023-24,Port Vale,600000.0
Alex Mighten,2023-24,KV Kortrijk,600000.0
Alex Mighten,2022-23,Nott'm Forest,600000.0
Alex Mighten,2022-23,Sheff Wed,600000.0
Yunus Musah,2025-26,AC Milan,14000000.0
Yunus Musah,2025-26,Atalanta,20000000.0
Yunus Musah,2023-24,AC Milan,18000000.0
Yunus Musah,2020-21,Valencia,200000.0
Eduardo Quaresma,2022-23,Sporting,2500000.0
Eduardo Quaresma,2022-23,Hoffenheim,4000000.0
Eduardo Quaresma,2021-22,Sporting,4000000.0
Eduardo Quaresma,2021-22,Tondela,5000000.0
Tiago Ribeiro,2026-27,Santa Clara,600000.0
Tiago Ribeiro,2024-25,Feirense,175000.0
Tiago Ribeiro,2023-24,Monaco U21,175000.0
Tiago Ribeiro,2022-23,Paços Ferreira,200000.0
Tiago Ribeiro,2022-23,Monaco U21,200000.0
Tiago Ribeiro,2022-23,Valencia B,250000.0
George Bello,2023-24,LASK,1000000.0
George Bello,2021-22,Arm. Bielefeld,4000000.0
George Bello,2019-20,Atlanta,400000.0
George Bello,2018-19,ATL UTD 2,400000.0
George Bello,2018-19,Atlanta,400000.0
George Bello,2017-18,ATL UTD 2,50000.0
Gianluca Busio,2021-22,Venezia,6000000.0
Gianluca Busio,2019-20,Kansas City,2800000.0
Gianluca Busio,2018-19,Swope Park,200000.0
Gianluca Busio,2018-19,Kansas City,200000.0
Gian Marco Crespi,2026-27,Ascoli,200000.0
Gian Marco Crespi,2025-26,Kallithea,100000.0
Gian Marco Crespi,2024-25,Spezia Calcio,100000.0
Gian Marco Crespi,2024-25,Caldiero,50000.0
Gian Marco Crespi,2023-24,Spezia Calcio,100000.0
Gian Marco Crespi,2023-24,Juve Next Gen,200000.0
Gian Marco Crespi,2023-24,Without Club,200000.0
Gian Marco Crespi,2022-23,Crotone,200000.0
Gian Marco Crespi,2022-23,Juve Next Gen,200000.0
Gian Marco Crespi,2022-23,Picerno,100000.0
Gian Marco Crespi,2021-22,Crotone,100000.0
Gian Marco Crespi,2021-22,Pistoiese,150000.0
Gian Marco Crespi,2021-22,Crotone,150000.0
Gian Marco Crespi,2021-22,Renate,150000.0
Gian Marco Crespi,2019-20,Crotone,150000.0
Gian Marco Crespi,2019-20,Gozzano,100000.0
Gian Marco Crespi,2019-20,Crotone,100000.0
Kaoru Mitoma,2021-22,Brighton,2500000.0
Kaoru Mitoma,2021-22,Union SG,1800000.0
Kaoru Mitoma,2021-22,Brighton,1800000.0
Kaoru Mitoma,2019-20,Kawasaki Front.,50000.0
Kaoru Mitoma,2019-20,Tsukuba Univ.,50000.0
Kaoru Mitoma,2018-19,Kawasaki Front.,50000.0
Kaoru Mitoma,2018-19,Tsukuba Univ.,50000.0
Luke Thomas,2023-24,Leicester,6000000.0
Luke Thomas,2023-24,Middlesbrough,10000000.0
Luke Thomas,2023-24,Leicester,10000000.0
Luke Thomas,2023-24,Sheff Utd,12000000.0
Fábio Silva,2025-26,Dortmund,20000000.0
Fábio Silva,2024-25,Wolves,20000000.0
Fábio Silva,2024-25,UD Las Palmas,11000000.0
Fábio Silva,2023-24,Wolves,11000000.0
Fábio Silva,2023-24,Rangers,13000000.0
Fábio Silva,2022-23,Wolves,13000000.0
Fábio Silva,2022-23,PSV,13000000.0
Fábio Silva,2022-23,RSC Anderlecht,15000000.0
Fábio Silva,2020-21,Wolves,12000000.0
Amine Bassi,2026-27,Panetolikos,2500000.0
Amine Bassi,2025-26,Without Club,3000000.0
Amine Bassi,2022-23,Houston,1000000.0
Amine Bassi,2021-22,FC Metz,1800000.0
Amine Bassi,2021-22,Barnsley,1800000.0
Amine Bassi,2021-22,FC Metz,2000000.0
Stefan Strandberg,2023-24,Retired,400000.0
Stefan Strandberg,2022-23,Vålerenga,500000.0
Stefan Strandberg,2021-22,Salernitana,800000.0
Stefan Strandberg,2020-21,Ural,400000.0
Stefan Strandberg,2019-20,Trapani,900000.0
Stefan Strandberg,2019-20,Without Club,900000.0
Stefan Strandberg,2018-19,Krasnodar,900000.0
Stefan Strandberg,2018-19,Ural,500000.0
Stefan Strandberg,2016-17,Krasnodar,1500000.0
Stefan Strandberg,2016-17,Hannover 96,2000000.0
Stefan Strandberg,2015-16,Krasnodar,1200000.0
Stefan Strandberg,2011-12,Rosenborg BK,1200000.0
Stefan Strandberg,2009-10,Vålerenga,100000.0
Stefan Strandberg,2009-10,Bryne,100000.0
Flynn Downes,2024-25,Southampton,9000000.0
Flynn Downes,2023-24,West Ham,9000000.0
Flynn Downes,2023-24,Southampton,9000000.0
Flynn Downes,2022-23,West Ham,2000000.0
Flynn Downes,2021-22,Swansea,900000.0
Flynn Downes,2017-18,Ipswich,100000.0
Flynn Downes,2017-18,Luton,100000.0
Alexandre Jankewitz,2024-25,FC Winterthur,1000000.0
Alexandre Jankewitz,2023-24,Young Boys,1000000.0
Alexandre Jankewitz,2023-24,FC Winterthur,500000.0
Alexandre Jankewitz,2022-23,Young Boys,500000.0
Alexandre Jankewitz,2022-23,FC Thun,1000000.0
Alexandre Jankewitz,2021-22,Young Boys,1000000.0
Alexandre Jankewitz,2021-22,FC St. Gallen,500000.0
Alexandre Jankewitz,2021-22,Young Boys,500000.0
Simon Sohm,2026-27,Fiorentina,8000000.0
Simon Sohm,2026-27,Venezia,8000000.0
Simon Sohm,2025-26,Fiorentina,8000000.0
Simon Sohm,2025-26,Bologna,8000000.0
Simon Sohm,2025-26,Fiorentina,5000000.0
Simon Sohm,2020-21,Parma,1100000.0
Solomon Bonnah,2025-26,Vitesse,300000.0
Solomon Bonnah,2025-26,Without Club,300000.0
Solomon Bonnah,2022-23,A. Klagenfurt,750000.0
Solomon Bonnah,2022-23,Leipzig,750000.0
Dylan Chambost,2024-25,Columbus,2000000.0
Dylan Chambost,2022-23,Saint-Étienne,1200000.0
Federico Gatti,2021-22,Juventus,5000000.0
Federico Gatti,2021-22,Frosinone,1500000.0
Federico Gatti,2021-22,Juventus,1500000.0
Federico Gatti,2021-22,Frosinone,175000.0
Federico Gatti,2020-21,Pro Patria,50000.0
Matteo Ahlinvi,2026-27,FCV Farul,250000.0
Matteo Ahlinvi,2024-25,Arsenal Tula,350000.0
Matteo Ahlinvi,2023-24,Västerås SK,350000.0
Matteo Ahlinvi,2023-24,Cukaricki,500000.0
Matteo Ahlinvi,2021-22,Dijon,1000000.0
Ellis Simms,2023-24,Coventry,4000000.0
Ellis Simms,2022-23,Everton,1200000.0
Ellis Simms,2022-23,Sunderland,600000.0
Ellis Simms,2022-23,Everton,300000.0
Ellis Simms,2021-22,Everton U23,300000.0
Ellis Simms,2021-22,Heart of Midl.,300000.0
Sidnei Tavares,2026-27,Blackburn,1800000.0
Sidnei Tavares,2026-27,Wisla Plock,1800000.0
Sidnei Tavares,2025-26,Blackburn,800000.0
Sidnei Tavares,2024-25,Moreirense,400000.0
Sidnei Tavares,2023-24,Porto,700000.0
Sidnei Tavares,2023-24,Colorado,700000.0
Sidnei Tavares,2021-22,Porto,300000.0
Owen Otasowie,2023-24,Retired,300000.0
Owen Otasowie,2021-22,Club Brugge,1500000.0
Owen Otasowie,2020-21,Wolves,1500000.0
Malcolm Ebiowei,2026-27,Crawley Town,750000.0
Malcolm Ebiowei,2025-26,Without Club,1200000.0
Malcolm Ebiowei,2025-26,Blackpool,1200000.0
Malcolm Ebiowei,2024-25,Crystal Palace,1200000.0
Malcolm Ebiowei,2024-25,Oxford United,1500000.0
Malcolm Ebiowei,2023-24,Crystal Palace,1500000.0
Malcolm Ebiowei,2023-24,RWDM,3000000.0
Malcolm Ebiowei,2022-23,Crystal Palace,3000000.0
Malcolm Ebiowei,2022-23,Hull City,3000000.0
Malcolm Ebiowei,2022-23,Crystal Palace,1000000.0
Luis Sinisterra,2026-27,Cruzeiro,11000000.0
Luis Sinisterra,2025-26,Bournemouth,11000000.0
Luis Sinisterra,2025-26,Cruzeiro,15000000.0
Luis Sinisterra,2024-25,Bournemouth,17000000.0
Luis Sinisterra,2023-24,Leeds,17000000.0
Luis Sinisterra,2023-24,Bournemouth,22000000.0
Luis Sinisterra,2022-23,Leeds,25000000.0
Luis Sinisterra,2018-19,Feyenoord,100000.0
Antonio Sánchez,2019-20,RCD Mallorca,475000.0
Antonio Sánchez,2019-20,CD Mirandés,250000.0
Antonio Sánchez,2018-19,RCD Mallorca,250000.0
Jesper Lindstrøm,2026-27,Napoli,4000000.0
Jesper Lindstrøm,2026-27,Salzburg,4000000.0
Jesper Lindstrøm,2025-26,Napoli,4000000.0
Jesper Lindstrøm,2025-26,Wolfsburg,18000000.0
Jesper Lindstrøm,2024-25,Napoli,18000000.0
Jesper Lindstrøm,2024-25,Everton,22000000.0
Jesper Lindstrøm,2023-24,Napoli,28000000.0
Jesper Lindstrøm,2021-22,Frankfurt,7000000.0
Jesper Lindstrøm,2019-20,Bröndby IF,50000.0
Óscar Valentín,2019-20,Rayo Vallecano,800000.0
Moise Sakava,2022-23,US Créteil-L,50000.0
Moise Sakava,2021-22,Stade Reims B,50000.0
Moise Sakava,2020-21,Differdange 03,200000.0
Fali Cande,2025-26,Sassuolo,2500000.0
Fali Cande,2025-26,Venezia,2500000.0
Fali Cande,2024-25,FC Metz,2500000.0
Fali Cande,2024-25,Venezia,1500000.0
Fali Cande,2021-22,FC Metz,1000000.0
Fali Cande,2020-21,Portimonense,25000.0
Fali Cande,2018-19,Portimonense 23,25000.0
Fali Cande,2017-18,Benfica B,25000.0
Santiago Arzamendia,2024-25,Estudiantes LP,1200000.0
Santiago Arzamendia,2023-24,Cádiz CF,1200000.0
Santiago Arzamendia,2023-24,Cerro Porteño,1200000.0
Santiago Arzamendia,2021-22,Cádiz CF,5000000.0
Lion Semić,2026-27,VfL Osnabrück,175000.0
Lion Semić,2026-27,Greifswalder FC,175000.0
Lion Semić,2025-26,VfL Osnabrück,175000.0
Lion Semić,2025-26,Helmond Sport,175000.0
Lion Semić,2024-25,VfL Osnabrück,250000.0
Lion Semić,2022-23,B. Dortmund II,500000.0
Malick Thiaw,2025-26,Newcastle,18000000.0
Malick Thiaw,2022-23,AC Milan,6000000.0
Lasse Günther,2025-26,SV Elversberg,1200000.0
Lasse Günther,2024-25,Augsburg,1200000.0
Lasse Günther,2024-25,Karlsruher SC,1200000.0
Lasse Günther,2023-24,Augsburg,1200000.0
Lasse Günther,2023-24,Wehen Wiesbaden,800000.0
Lasse Günther,2022-23,Augsburg,800000.0
Lasse Günther,2022-23,J. Regensburg,1000000.0
Lasse Günther,2021-22,Augsburg,1000000.0
Sebastian Giovinco,2022-23,Retired,500000.0
Sebastian Giovinco,2022-23,Without Club,500000.0
Sebastian Giovinco,2021-22,Sampdoria,1000000.0
Sebastian Giovinco,2021-22,Without Club,2000000.0
Sebastian Giovinco,2018-19,Al-Hilal,6000000.0
Sebastian Giovinco,2014-15,Toronto,8000000.0
Sebastian Giovinco,2012-13,Juventus,12500000.0
Sebastian Giovinco,2011-12,Parma,8500000.0
Sebastian Giovinco,2010-11,Juventus,8500000.0
Sebastian Giovinco,2010-11,Parma,7000000.0
Sebastian Giovinco,2007-08,Juventus,9000000.0
Miguel Baeza,2024-25,Nacional,400000.0
Miguel Baeza,2023-24,Celta de Vigo,400000.0
Miguel Baeza,2023-24,CD Mirandés,900000.0
Miguel Baeza,2022-23,Celta de Vigo,900000.0
Miguel Baeza,2022-23,Rio Ave,1000000.0
Miguel Baeza,2021-22,Celta de Vigo,1000000.0
Miguel Baeza,2021-22,Ponferradina,2000000.0
Miguel Baeza,2020-21,Celta de Vigo,100000.0
Oier Zarraga,2023-24,Udinese,3000000.0
Oier Zarraga,2020-21,Athletic Club,500000.0
Luca Netz,2025-26,Nott'm Forest,6000000.0
Luca Netz,2021-22,Mönchengladbach,5000000.0
Fisnik Asllani,2024-25,Hoffenheim,8000000.0
Fisnik Asllani,2024-25,SV Elversberg,800000.0
Fisnik Asllani,2023-24,Hoffenheim,800000.0
Fisnik Asllani,2023-24,Austria Vienna,800000.0
Fisnik Asllani,2021-22,Hoffenheim,400000.0
Nicolas Galazzi,2026-27,Monza,750000.0
Nicolas Galazzi,2026-27,Padova,750000.0
Nicolas Galazzi,2025-26,Monza,1000000.0
Nicolas Galazzi,2022-23,Brescia,225000.0
Nicolas Galazzi,2021-22,Venezia,225000.0
Nicolas Galazzi,2021-22,Triestina,150000.0
Nicolas Galazzi,2020-21,Venezia,150000.0
Nicolas Galazzi,2020-21,Piacenza,125000.0
Nicolas Galazzi,2020-21,Venezia,125000.0
Nicolas Galazzi,2019-20,Piacenza,75000.0
Nicolas Galazzi,2019-20,Vigor Carpaneto,50000.0
Nicolas Galazzi,2019-20,Piacenza U19,50000.0
Nicolas Galazzi,2018-19,Inter U18,50000.0
Franklin Wadja,2023-24,Without Club,200000.0
Franklin Wadja,2021-22,SM Caen,900000.0
Miguel Gutiérrez,2026-27,Leverkusen,22000000.0
Miguel Gutiérrez,2025-26,Napoli,20000000.0
Miguel Gutiérrez,2022-23,Girona,6000000.0
Miguel Gutiérrez,2022-23,Real Madrid,6000000.0
Pathé Ciss,2021-22,Rayo Vallecano,800000.0
Pathé Ciss,2020-21,CF Fuenlabrada,325000.0
Pathé Ciss,2019-20,União Madeira,325000.0
Pathé Ciss,2019-20,CF Fuenlabrada,450000.0
Pathé Ciss,2018-19,União Madeira,450000.0
Pathé Ciss,2018-19,Famalicão,275000.0
Alex Petxa,2026-27,AD Ceuta,500000.0
Alex Petxa,2025-26,Dep. La Coruña,500000.0
Alex Petxa,2025-26,FC Andorra,500000.0
Alex Petxa,2024-25,Dep. La Coruña,600000.0
Alex Petxa,2023-24,FC Andorra,600000.0
Alex Petxa,2022-23,Athletic Club,600000.0
Alex Petxa,2022-23,FC Andorra,1000000.0
Alex Petxa,2021-22,Athletic Club,800000.0
Alex Petxa,2018-19,Real Sociedad B,50000.0
Alex Petxa,2017-18,Real Sociedad C,50000.0
Tyrese Francois,2026-27,Brisbane Roar,300000.0
Tyrese Francois,2024-25,Wigan,600000.0
Tyrese Francois,2023-24,Fulham,600000.0
Tyrese Francois,2023-24,Vejle BK,500000.0
Tyrese Francois,2022-23,Fulham,500000.0
Tyrese Francois,2022-23,HNK Gorica,500000.0
Tyrese Francois,2021-22,Fulham,150000.0
Andrés Martín,2024-25,Racing,1200000.0
Andrés Martín,2023-24,Rayo Vallecano,1200000.0
Andrés Martín,2023-24,Racing,1000000.0
Andrés Martín,2021-22,Rayo Vallecano,1200000.0
Andrés Martín,2021-22,CD Tenerife,1200000.0
Andrés Martín,2019-20,Rayo Vallecano,2000000.0
Andrés Martín,2018-19,Córdoba CF,100000.0
Kike Hermoso,2026-27,CD Lugo,300000.0
Kike Hermoso,2024-25,Arka Gdynia,200000.0
Kike Hermoso,2023-24,R. Majadahonda,200000.0
Kike Hermoso,2022-23,Vilafranquense,200000.0
Kike Hermoso,2020-21,Betis Deportivo,200000.0
Kike Hermoso,2020-21,SD Huesca,200000.0
Sergio Benito,2026-27,CF Talavera,200000.0
Sergio Benito,2025-26,Ourense,250000.0
Sergio Benito,2025-26,Ponferradina,250000.0
Sergio Benito,2024-25,Real Unión,200000.0
Sergio Benito,2023-24,CF Fuenlabrada,150000.0
Sergio Benito,2022-23,Wisla Kraków,250000.0
Sergio Benito,2022-23,Córdoba CF,250000.0
Sergio Benito,2021-22,Valladolid Prom,200000.0
Sergio Benito,2021-22,CD Badajoz,200000.0
Sergio Benito,2020-21,Valladolid Prom,250000.0
Sergio Benito,2019-20,Rayo Vallecano,250000.0
Sergio Benito,2019-20,CyD Leonesa,250000.0
Sergio Benito,2018-19,Rayo Vallecano,250000.0
Cody Drameh,2026-27,Genoa,3000000.0
Cody Drameh,2024-25,Hull City,3000000.0
Cody Drameh,2023-24,Leeds,3000000.0
Cody Drameh,2023-24,Birmingham,3500000.0
Cody Drameh,2022-23,Leeds,3000000.0
Cody Drameh,2022-23,Luton,3000000.0
Cody Drameh,2021-22,Leeds,3000000.0
Cody Drameh,2021-22,Cardiff,1000000.0
Giuseppe Di Serio,2024-25,Spezia Calcio,1200000.0
Giuseppe Di Serio,2023-24,Atalanta,1200000.0
Giuseppe Di Serio,2023-24,Spezia Calcio,1200000.0
Giuseppe Di Serio,2023-24,Atalanta U23,1200000.0
Giuseppe Di Serio,2022-23,Perugia,600000.0
Giuseppe Di Serio,2021-22,Benevento,600000.0
Giuseppe Di Serio,2021-22,Pordenone,500000.0
Giuseppe Di Serio,2019-20,Benevento,50000.0
Lukasz Poreba,2026-27,SV Elversberg,2500000.0
Lukasz Poreba,2025-26,Hamburg,2500000.0
Lukasz Poreba,2025-26,SV Elversberg,1000000.0
Lukasz Poreba,2024-25,Hamburg,1200000.0
Lukasz Poreba,2023-24,Lens,1200000.0
Lukasz Poreba,2023-24,Hamburg,2000000.0
Lukasz Poreba,2022-23,Lens,1800000.0
Lee Buchanan,2023-24,Birmingham,3500000.0
Lee Buchanan,2022-23,Werder Bremen,3500000.0
Luke Cundle,2024-25,Millwall,5000000.0
Luke Cundle,2023-24,Wolves,5000000.0
Luke Cundle,2023-24,Stoke City,4000000.0
Luke Cundle,2023-24,Wolves,4000000.0
Luke Cundle,2023-24,Plymouth,3000000.0
Luke Cundle,2022-23,Wolves,1000000.0
Luke Cundle,2022-23,Swansea,800000.0
Melvin Bard,2026-27,Nice,10000000.0
Melvin Bard,2026-27,Leeds,10000000.0
Melvin Bard,2021-22,Nice,5000000.0
Johan Vasquez,2022-23,Genoa,3600000.0
Johan Vasquez,2022-23,Cremonese,4000000.0
Johan Vasquez,2021-22,Genoa,4000000.0
Johan Vasquez,2020-21,UNAM Pumas,4000000.0
Johan Vasquez,2021-22,Genoa,6000000.0
Johan Vasquez,2019-20,UNAM Pumas,1000000.0
Johan Vasquez,2019-20,Monterrey,1000000.0
Johan Vasquez,2019-20,Cimarrones,1000000.0
Johan Vasquez,2018-19,Monterrey,400000.0
Patrick Wimmer,2026-27,Hoffenheim,12000000.0
Patrick Wimmer,2022-23,Wolfsburg,8000000.0
Patrick Wimmer,2021-22,Arm. Bielefeld,1500000.0
Patrick Wimmer,2019-20,Austria Vienna,200000.0
Nahuel Tenaglia,2023-24,Alavés,3000000.0
Nahuel Tenaglia,2022-23,CA Talleres,3000000.0
Nahuel Tenaglia,2021-22,Alavés,5200000.0
Lewis Brunt,2026-27,Bolton,800000.0
Lewis Brunt,2024-25,Wrexham,400000.0
Lewis Brunt,2023-24,Leicester U21,400000.0
Lewis Brunt,2023-24,Mansfield Town,100000.0
Cameron Archer,2026-27,Southampton,7000000.0
Cameron Archer,2026-27,AJ Auxerre,7000000.0
Cameron Archer,2024-25,Southampton,13000000.0
Cameron Archer,2024-25,Aston Villa,13000000.0
Cameron Archer,2023-24,Sheff Utd,12000000.0
Cameron Archer,2022-23,Aston Villa,10000000.0
Cameron Archer,2022-23,Middlesbrough,8000000.0
Cameron Archer,2021-22,Aston Villa,6000000.0
Cameron Archer,2021-22,Preston,500000.0
Shandon Baptiste,2024-25,Luton,2500000.0
Jamie Shackleton,2024-25,Sheff Utd,1500000.0
Jamie Shackleton,2022-23,Leeds,2500000.0
Jamie Shackleton,2022-23,Millwall,2500000.0
Tolgay Arslan,2026-27,Retired,450000.0
Tolgay Arslan,2024-25,Sanf. Hiroshima,1000000.0
Tolgay Arslan,2023-24,Melbourne City,1400000.0
Tolgay Arslan,2020-21,Udinese,1000000.0
Tolgay Arslan,2018-19,Fenerbahçe,5000000.0
Tolgay Arslan,2014-15,Besiktas,2500000.0
Tolgay Arslan,2010-11,Hamburg,1250000.0
Tolgay Arslan,2010-11,Alem. Aachen,300000.0
Bartosz Białek,2026-27,Wieczysta,600000.0
Bartosz Białek,2025-26,Darmstadt 98,800000.0
Bartosz Białek,2023-24,Wolfsburg,1000000.0
Bartosz Białek,2023-24,KAS Eupen,3000000.0
Bartosz Białek,2022-23,Wolfsburg,3000000.0
Bartosz Białek,2022-23,Vitesse,4000000.0
Bartosz Białek,2020-21,Wolfsburg,3000000.0
Eliot Matazo,2024-25,Hull City,3000000.0
Eliot Matazo,2023-24,Monaco,5000000.0
Eliot Matazo,2023-24,Royal Antwerp,6000000.0
Nuno Tavares,2025-26,Lazio,25000000.0
Nuno Tavares,2024-25,Arsenal,25000000.0
Nuno Tavares,2024-25,Lazio,15000000.0
Nuno Tavares,2023-24,Arsenal,15000000.0
Nuno Tavares,2023-24,Nott'm Forest,18000000.0
Nuno Tavares,2022-23,Arsenal,18000000.0
Nuno Tavares,2022-23,Marseille,15000000.0
Nuno Tavares,2021-22,Arsenal,7000000.0
Nuno Tavares,2019-20,Benfica,700000.0
Amad Diallo,2022-23,Man Utd,13000000.0
Amad Diallo,2022-23,Sunderland,15000000.0
Amad Diallo,2021-22,Man Utd,18000000.0
Amad Diallo,2021-22,Rangers,18000000.0
Amad Diallo,2020-21,Man Utd,15000000.0
Levi Lumeka,2025-26,Hungerford,25000.0
Levi Lumeka,2023-24,Oxford City,200000.0
Levi Lumeka,2023-24,Without Club,200000.0
Levi Lumeka,2021-22,Troyes,250000.0
Levi Lumeka,2021-22,Vilafranquense,700000.0
Levi Lumeka,2020-21,Troyes,325000.0
Fabio Vieira,2026-27,Hamburg,18000000.0
Fabio Vieira,2025-26,Arsenal,18000000.0
Fabio Vieira,2025-26,Hamburg,22000000.0
Fabio Vieira,2024-25,Arsenal,22000000.0
Fabio Vieira,2024-25,Porto,22000000.0
Fabio Vieira,2022-23,Arsenal,25000000.0
Fabio Vieira,2019-20,Porto,625000.0
Sergio Arribas,2023-24,UD Almería,5000000.0
Sergio Arribas,2023-24,Real Madrid,5000000.0
Pablo Rodriguez,2025-26,Lech Poznan,1800000.0
Pablo Rodriguez,2024-25,Lecce,1800000.0
Pablo Rodriguez,2024-25,Racing,1600000.0
Pablo Rodriguez,2023-24,Lecce,1600000.0
Pablo Rodriguez,2023-24,Ascoli,2000000.0
Pablo Rodriguez,2022-23,Lecce,2000000.0
Pablo Rodriguez,2022-23,Brescia,2000000.0
Kays Ruiz-Atil,2025-26,RFC Lüttich,150000.0
Kays Ruiz-Atil,2024-25,Francs Borains,500000.0
Kays Ruiz-Atil,2023-24,Without Club,800000.0
Kays Ruiz-Atil,2022-23,AJ Auxerre,1500000.0
Kays Ruiz-Atil,2021-22,Without Club,1500000.0
Kays Ruiz-Atil,2021-22,Barcelona B,3000000.0
Tommaso Milanese,2025-26,Ascoli,500000.0
Tommaso Milanese,2025-26,Cremonese,500000.0
Tommaso Milanese,2025-26,Ascoli,600000.0
Tommaso Milanese,2024-25,Cremonese,600000.0
Tommaso Milanese,2024-25,Carrarese,750000.0
Tommaso Milanese,2023-24,Cremonese,900000.0
Tommaso Milanese,2023-24,Ascoli,1200000.0
Tommaso Milanese,2022-23,Cremonese,1200000.0
Tommaso Milanese,2022-23,Venezia,1500000.0
Tommaso Milanese,2022-23,Cremonese,2000000.0
Tommaso Milanese,2021-22,Roma,2000000.0
Tommaso Milanese,2021-22,Alessandria,950000.0
Thijs Dallinga,2026-27,Bologna,9000000.0
Thijs Dallinga,2026-27,1.FC Köln,9000000.0
Thijs Dallinga,2024-25,Bologna,18000000.0
Thijs Dallinga,2022-23,Toulouse,1100000.0
Thijs Dallinga,2021-22,Excelsior,75000.0
Thijs Dallinga,2019-20,FC Groningen,25000.0
Thijs Dallinga,2018-19,Groningen U21,25000.0
Naouirou Ahamada,2025-26,AJ Auxerre,3500000.0
Naouirou Ahamada,2024-25,Crystal Palace,3500000.0
Naouirou Ahamada,2024-25,Stade Rennais,8000000.0
Naouirou Ahamada,2022-23,Crystal Palace,5500000.0
Naouirou Ahamada,2021-22,Stuttgart,1800000.0
Naouirou Ahamada,2020-21,Juventus U23,1800000.0
Janis Antiste,2026-27,Sassuolo,1000000.0
Janis Antiste,2026-27,Górnik Zabrze,1000000.0
Janis Antiste,2025-26,Sassuolo,1000000.0
Janis Antiste,2025-26,Rapid Vienna,2000000.0
Janis Antiste,2024-25,Sassuolo,2000000.0
Janis Antiste,2024-25,1.FC Nuremberg,1700000.0
Janis Antiste,2023-24,Sassuolo,1900000.0
Janis Antiste,2023-24,Reggiana,3000000.0
Janis Antiste,2022-23,Sassuolo,3000000.0
Janis Antiste,2022-23,Amiens SC,4000000.0
Janis Antiste,2022-23,Sassuolo,4000000.0
Janis Antiste,2021-22,Spezia Calcio,3000000.0
Pierre Ekwah,2026-27,Saint-Étienne,2000000.0
Pierre Ekwah,2026-27,AJ Auxerre,2000000.0
Pierre Ekwah,2025-26,Saint-Étienne,2000000.0
Pierre Ekwah,2025-26,Watford,3000000.0
Pierre Ekwah,2025-26,Saint-Étienne,7000000.0
Pierre Ekwah,2024-25,Sunderland,7000000.0
Pierre Ekwah,2024-25,Saint-Étienne,2800000.0
Pierre Ekwah,2022-23,Sunderland,350000.0
Timothee Pembele,2026-27,Le Havre AC,1800000.0
Timothee Pembele,2025-26,Sunderland,1800000.0
Timothee Pembele,2025-26,Le Havre AC,2000000.0
Timothee Pembele,2024-25,Sunderland,2500000.0
Timothee Pembele,2024-25,Le Havre AC,2500000.0
Timothee Pembele,2023-24,Sunderland,5000000.0
Timothee Pembele,2021-22,PSG,6000000.0
Timothee Pembele,2021-22,G. Bordeaux,4000000.0
Alexis Beka Beka,2026-27,FC Aarau,300000.0
Alexis Beka Beka,2025-26,La Louvière,800000.0
Alexis Beka Beka,2024-25,SM Caen B,1200000.0
Alexis Beka Beka,2024-25,Without Club,1500000.0
Alexis Beka Beka,2022-23,Nice,3000000.0
Alexis Beka Beka,2021-22,Loko Moscow,800000.0
Alexis Beka Beka,2020-21,SM Caen,250000.0
Leandro Sanca,2025-26,Piast Gliwice,350000.0
Leandro Sanca,2023-24,Chaves,400000.0
Leandro Sanca,2022-23,Spezia Calcio,400000.0
Leandro Sanca,2022-23,Famalicão,400000.0
Leandro Sanca,2021-22,Spezia Calcio,200000.0
Leandro Sanca,2021-22,Casa Pia,350000.0
Leandro Sanca,2021-22,Spezia Calcio,350000.0
Leandro Sanca,2020-21,Braga B,350000.0
Siriki Sanogo,2026-27,Without Club,325000.0
Siriki Sanogo,2023-24,Without Club,75000.0
Siriki Sanogo,2021-22,Benevento,75000.0
Siriki Sanogo,2021-22,FC Schaffhausen,75000.0
Siriki Sanogo,2021-22,Pescara,100000.0
Siriki Sanogo,2019-20,Benevento,100000.0
Mateo Klimowicz,2025-26,Cerro Porteño,2200000.0
Mateo Klimowicz,2023-24,San Luis,2000000.0
Mateo Klimowicz,2023-24,Stuttgart,2000000.0
Mateo Klimowicz,2022-23,San Luis,1000000.0
Mateo Klimowicz,2022-23,Stuttgart,1000000.0
Mateo Klimowicz,2022-23,Arm. Bielefeld,2000000.0
Mateo Klimowicz,2019-20,Stuttgart,1000000.0
Dilane Bakwa,2026-27,Nott'm Forest,28000000.0
Dilane Bakwa,2026-27,Lille,28000000.0
Dilane Bakwa,2025-26,Nott'm Forest,25000000.0
Dilane Bakwa,2023-24,R. Strasbourg,4000000.0
Amadou Traore,2026-27,Liepaja,175000.0
Amadou Traore,2026-27,FK TransINVEST,175000.0
Amadou Traore,2024-25,Liepaja,250000.0
Amadou Traore,2024-25,Without Club,250000.0
Amadou Traore,2023-24,Panachaiki,400000.0
Amadou Traore,2022-23,Kansas City II,400000.0
Amadou Traore,2022-23,Without Club,400000.0
Amadou Traore,2020-21,G. Bordeaux,200000.0
Suf Podgoreanu,2026-27,KV Kortrijk,650000.0
Suf Podgoreanu,2024-25,Maccabi Haifa,850000.0
Suf Podgoreanu,2024-25,Heracles Almelo,300000.0
Suf Podgoreanu,2023-24,Maccabi Haifa,300000.0
Suf Podgoreanu,2022-23,Spezia Calcio,300000.0
Suf Podgoreanu,2022-23,Maccabi Haifa,500000.0
Suf Podgoreanu,2021-22,Spezia Calcio,250000.0
Mikkel Damsgaard,2022-23,Brentford,15000000.0
Mikkel Damsgaard,2020-21,Sampdoria,6500000.0
Mikkel Damsgaard,2018-19,Nordsjaelland,400000.0
Illan Meslier,2026-27,Arsenal,8000000.0
Illan Meslier,2020-21,Leeds,4500000.0
Illan Meslier,2020-21,FC Lorient,4500000.0
Illan Meslier,2019-20,Leeds,5000000.0
Milutin Osmajić,2026-27,Genoa,3000000.0
Milutin Osmajić,2023-24,Preston,2000000.0
Milutin Osmajić,2022-23,Cádiz CF,2000000.0
Milutin Osmajić,2022-23,Vizela,700000.0
Milutin Osmajić,2021-22,Cádiz CF,700000.0
Milutin Osmajić,2021-22,Bandirmaspor,400000.0
Milutin Osmajić,2021-22,Cádiz CF,175000.0
Billal Brahimi,2026-27,Le Mans FC,1000000.0
Billal Brahimi,2025-26,Santos,1000000.0
Billal Brahimi,2025-26,Estrela Amadora,1500000.0
Billal Brahimi,2025-26,Santos,1800000.0
Billal Brahimi,2025-26,Without Club,1800000.0
Billal Brahimi,2024-25,Nice,1800000.0
Billal Brahimi,2024-25,Sint-Truiden,3000000.0
Billal Brahimi,2023-24,Nice,3000000.0
Billal Brahimi,2023-24,Stade Brestois,7000000.0
Billal Brahimi,2021-22,Nice,1200000.0
Billal Brahimi,2021-22,Angers SCO,1200000.0
Billal Brahimi,2021-22,Stade Reims,1200000.0
Billal Brahimi,2020-21,Stade Reims B,1200000.0
Botond Balogh,2026-27,KVC Westerlo,2500000.0
Botond Balogh,2025-26,Parma,2500000.0
Botond Balogh,2025-26,Kocaelispor,2400000.0
Mark Kosznovszky,2025-26,Portsmouth,700000.0
Mark Kosznovszky,2022-23,MTK Budapest,150000.0
Mark Kosznovszky,2022-23,Kozármisleny,125000.0
Mark Kosznovszky,2021-22,MTK Budapest,125000.0
Mark Kosznovszky,2021-22,Tiszakécske,150000.0
Mark Kosznovszky,2021-22,MTK Budapest,100000.0
Kristjan Asllani,2026-27,Inter,12000000.0
Kristjan Asllani,2026-27,Al-Jazira,12000000.0
Kristjan Asllani,2025-26,Inter,12000000.0
Kristjan Asllani,2025-26,Besiktas,13000000.0
Kristjan Asllani,2025-26,Inter,13000000.0
Kristjan Asllani,2025-26,Torino,13000000.0
Kristjan Asllani,2023-24,Inter,12000000.0
Kristjan Asllani,2022-23,FC Empoli,12000000.0
Kristjan Asllani,2022-23,Inter,10000000.0
Kristjan Asllani,2021-22,FC Empoli,200000.0
David Zima,2023-24,Slavia Prague,4000000.0
David Zima,2021-22,Torino,7500000.0
David Zima,2020-21,Slavia Prague,400000.0
David Zima,2019-20,Olomouc B,400000.0
David Zima,2019-20,Slavia Prague,50000.0
David Zima,2018-19,Olomouc B,50000.0
Agustín Marchesín,2024-25,Boca Juniors,700000.0
Agustín Marchesín,2023-24,Grêmio,1000000.0
Agustín Marchesín,2022-23,Celta de Vigo,4000000.0
Agustín Marchesín,2019-20,Porto,4500000.0
Agustín Marchesín,2016-17,América,2800000.0
Agustín Marchesín,2014-15,Santos Laguna,2500000.0
Agustín Marchesín,2008-09,Lanús,50000.0
Lameck Banda,2026-27,Swehly,3500000.0
Lameck Banda,2022-23,Lecce,300000.0
Lameck Banda,2022-23,M. Petah Tikva,300000.0
Lameck Banda,2021-22,Arsenal Tula,300000.0
Lameck Banda,2021-22,M. Petah Tikva,250000.0
Lameck Banda,2020-21,Arsenal Tula,250000.0
Lameck Banda,2020-21,Maccabi Netanya,300000.0
Brian Oddei,2026-27,FC Noah,200000.0
Brian Oddei,2025-26,FC Koper,125000.0
Brian Oddei,2025-26,Without Club,125000.0
Brian Oddei,2024-25,FC KTP,125000.0
Brian Oddei,2024-25,Without Club,225000.0
Brian Oddei,2023-24,Dunajska Streda,500000.0
Brian Oddei,2023-24,NK Rudes,600000.0
Brian Oddei,2022-23,Sassuolo,600000.0
Brian Oddei,2022-23,NK Rudes,800000.0
Brian Oddei,2021-22,Sassuolo,1000000.0
Brian Oddei,2021-22,Crotone,1000000.0
Darwin Núñez,2026-27,Al-Hilal,20000000.0
Darwin Núñez,2026-27,Al-Diriyah,20000000.0
Darwin Núñez,2025-26,Al-Hilal,45000000.0
Darwin Núñez,2022-23,Liverpool,55000000.0
Darwin Núñez,2020-21,Benfica,10000000.0
Darwin Núñez,2019-20,UD Almería,750000.0
Brandon Soppy,2025-26,Lausanne-Sport,1000000.0
Brandon Soppy,2024-25,Atalanta U23,2000000.0
Brandon Soppy,2023-24,Atalanta,2000000.0
Brandon Soppy,2023-24,FC Schalke 04,6000000.0
Brandon Soppy,2023-24,Atalanta,6000000.0
Brandon Soppy,2023-24,Torino,9000000.0
Brandon Soppy,2022-23,Atalanta,5000000.0
Brandon Soppy,2021-22,Udinese,7000000.0
Fabiano Parisi,2023-24,Fiorentina,10000000.0
Fabiano Parisi,2020-21,Empoli,250000.0
Fabiano Parisi,2019-20,Avellino,75000.0
Fabiano Parisi,2018-19,Benevento U19,75000.0
Yusuf Demir,2025-26,Rapid Vienna,1500000.0
Yusuf Demir,2023-24,Galatasaray,2700000.0
Yusuf Demir,2023-24,Basel,5000000.0
Yusuf Demir,2022-23,Galatasaray,5000000.0
Yusuf Demir,2021-22,Rapid Vienna,10000000.0
Yusuf Demir,2021-22,Barcelona,8000000.0
Osman Bukari,2026-27,Widzew Lodz,2500000.0
Osman Bukari,2026-27,Red Star,2500000.0
Osman Bukari,2025-26,Widzew Lodz,4500000.0
Osman Bukari,2024-25,Austin,7000000.0
Osman Bukari,2022-23,Red Star,3000000.0
Osman Bukari,2021-22,KAA Gent,3000000.0
Osman Bukari,2021-22,FC Nantes,2500000.0
Osman Bukari,2020-21,KAA Gent,1100000.0
Augustus Kargbo,2024-25,Blackburn,800000.0
Augustus Kargbo,2023-24,Cesena,550000.0
Augustus Kargbo,2020-21,Crotone,450000.0
Augustus Kargbo,2020-21,Reggiana,500000.0
Augustus Kargbo,2019-20,Crotone,500000.0
Augustus Kargbo,2019-20,Reggio Audace,300000.0
Augustus Kargbo,2018-19,Crotone,100000.0
Augustus Kargbo,2018-19,Roccella,100000.0
Thuler,2022-23,Vissel Kobe,1600000.0
Thuler,2022-23,Flamengo,2000000.0
Thuler,2022-23,Vissel Kobe,2000000.0
Thuler,2021-22,Flamengo,2000000.0
Thuler,2021-22,Montpellier,500000.0
Nicola Zalewski,2025-26,Atalanta,12000000.0
Nicola Zalewski,2025-26,Inter,12000000.0
Nicola Zalewski,2024-25,Roma,12000000.0
Nicola Zalewski,2024-25,Inter,10000000.0
Nicola Zalewski,2021-22,Roma,900000.0
Tomás Tavares,2026-27,Marítimo,300000.0
Tomás Tavares,2025-26,Wisla Plock,800000.0
Tomás Tavares,2024-25,Avs FS,1000000.0
Tomás Tavares,2024-25,Spartak Moscow,1000000.0
Tomás Tavares,2024-25,LASK,2000000.0
Tomás Tavares,2022-23,Spartak Moscow,2000000.0
Tomás Tavares,2021-22,Benfica,2200000.0
Tomás Tavares,2021-22,Basel,5500000.0
Tomás Tavares,2020-21,Benfica,5500000.0
Tomás Tavares,2020-21,Farense,6500000.0
Tomás Tavares,2020-21,Benfica,6500000.0
Tomás Tavares,2020-21,Alavés,7500000.0
Demba Seck,2026-27,Partizan,2500000.0
Demba Seck,2025-26,Torino,2500000.0
Demba Seck,2025-26,Partizan,750000.0
Demba Seck,2024-25,Torino,750000.0
Demba Seck,2024-25,Catanzaro,2000000.0
Demba Seck,2023-24,Torino,2000000.0
Demba Seck,2023-24,Frosinone,2700000.0
Demba Seck,2021-22,Torino,600000.0
Demba Seck,2020-21,SPAL,75000.0
Demba Seck,2019-20,SPAL U19,75000.0
Adam Hložek,2024-25,Hoffenheim,12000000.0
Adam Hložek,2022-23,Leverkusen,20000000.0
Adam Hložek,2018-19,Sparta Prague,200000.0
Nahuel Estevez,2026-27,Palermo,1400000.0
Nahuel Estevez,2022-23,Parma,1400000.0
Nahuel Estevez,2022-23,Crotone,1400000.0
Nahuel Estevez,2021-22,Estudiantes LP,1400000.0
Nahuel Estevez,2021-22,Crotone,2000000.0
Nahuel Estevez,2020-21,Estudiantes LP,2000000.0
Nahuel Estevez,2020-21,Spezia Calcio,300000.0
Matheus Henrique,2024-25,Cruzeiro,8500000.0
Matheus Henrique,2022-23,Sassuolo,11000000.0
Matheus Henrique,2021-22,Grêmio,11000000.0
Matheus Henrique,2021-22,Sassuolo,15000000.0
Matheus Henrique,2018-19,Grêmio,50000.0
Matheus Henrique,2018-19,São Caetano,50000.0
Aleksander Buksa,2026-27,Stal Rzeszow,150000.0
Aleksander Buksa,2025-26,Górnik Zabrze,150000.0
Aleksander Buksa,2025-26,Pol. Warsaw,300000.0
Aleksander Buksa,2025-26,Górnik Zabrze,300000.0
Aleksander Buksa,2025-26,GKS Katowice,300000.0
Aleksander Buksa,2024-25,Górnik Zabrze,400000.0
Aleksander Buksa,2023-24,Genoa,400000.0
Aleksander Buksa,2023-24,WSG Tirol,700000.0
Aleksander Buksa,2022-23,Genoa,700000.0
Aleksander Buksa,2022-23,SL16 FC,800000.0
Aleksander Buksa,2022-23,Genoa,800000.0
Aleksander Buksa,2022-23,OH Leuven,1200000.0
Aleksander Buksa,2021-22,Genoa,1500000.0
Kerim Calhanoglu,2026-27,Gaziantep FK,300000.0
Kerim Calhanoglu,2025-26,NK Vukovar 1991,200000.0
Kerim Calhanoglu,2025-26,Without Club,200000.0
Kerim Calhanoglu,2023-24,Greuther Fürth,800000.0
Kerim Calhanoglu,2022-23,FC Schalke 04,800000.0
Kerim Calhanoglu,2022-23,SV Sandhausen,800000.0
Omar Khailoti,2022-23,Novara,100000.0
Omar Khailoti,2021-22,Bologna,100000.0
Omar Khailoti,2021-22,Carrarese,200000.0
Omar Khailoti,2021-22,Bologna,200000.0
Micky van de Ven,2023-24,Tottenham,30000000.0
Micky van de Ven,2021-22,Wolfsburg,1300000.0
Sekou Mara,2025-26,R. Strasbourg,4000000.0
Sekou Mara,2025-26,AJ Auxerre,5000000.0
Sekou Mara,2024-25,R. Strasbourg,6000000.0
Sekou Mara,2022-23,Southampton,3000000.0
Neto Borges,2025-26,Middlesbrough,2500000.0
Neto Borges,2025-26,Bristol City,3000000.0
Neto Borges,2024-25,Middlesbrough,3000000.0
Neto Borges,2022-23,Clermont Foot,800000.0
Neto Borges,2021-22,Genk,800000.0
Neto Borges,2021-22,Tondela,950000.0
Neto Borges,2020-21,Genk,950000.0
Neto Borges,2020-21,Vasco da Gama,1000000.0
Neto Borges,2018-19,Genk,700000.0
Marvin Tshibuabua,2025-26,FC Villefranche,250000.0
Marvin Tshibuabua,2025-26,FK Usce,300000.0
Marvin Tshibuabua,2025-26,Without Club,300000.0
Marvin Tshibuabua,2022-23,RFC Seraing,350000.0
Fabio Carvalho,2024-25,Brentford,14000000.0
Fabio Carvalho,2023-24,Liverpool,14000000.0
Fabio Carvalho,2023-24,Hull City,14000000.0
Fabio Carvalho,2023-24,Leipzig,16000000.0
Fabio Carvalho,2022-23,Liverpool,12000000.0
Fabio Carvalho,2021-22,Fulham,250000.0
Niall Huggins,2026-27,Without Club,600000.0
Niall Huggins,2025-26,Sunderland,600000.0
Niall Huggins,2025-26,Wycombe,800000.0
Niall Huggins,2021-22,Sunderland,200000.0
Randy Nteka,2022-23,Rayo Vallecano,1800000.0
Randy Nteka,2022-23,Elche CF,2500000.0
Randy Nteka,2021-22,Rayo Vallecano,1300000.0
Lewis O'Brien,2025-26,Wrexham,4000000.0
Lewis O'Brien,2024-25,Nott'm Forest,4000000.0
Lewis O'Brien,2024-25,Swansea,5000000.0
Lewis O'Brien,2024-25,Nott'm Forest,5000000.0
Lewis O'Brien,2024-25,LAFC,5000000.0
Lewis O'Brien,2023-24,Nott'm Forest,5000000.0
Lewis O'Brien,2023-24,Middlesbrough,8000000.0
Lewis O'Brien,2023-24,Nott'm Forest,8000000.0
Lewis O'Brien,2022-23,D.C. United,8000000.0
Lewis O'Brien,2022-23,Nott'm Forest,3500000.0
Joan García,2025-26,Barcelona,25000000.0
Joan García,2021-22,Espanyol,150000.0
Joan García,2020-21,RCD Espanyol B,50000.0
Edoardo Bove,2025-26,Watford,5000000.0
Edoardo Bove,2024-25,Roma,5000000.0
Edoardo Bove,2024-25,Fiorentina,18000000.0
Edoardo Bove,2021-22,Roma,300000.0
Leo Román,2026-27,Dep. A Coruña,6000000.0
Leo Román,2023-24,RCD Mallorca,1800000.0
Leo Román,2023-24,Real Oviedo,300000.0
Leo Román,2022-23,RCD Mallorca,300000.0
Leo Román,2020-21,RCD Mallorca B,100000.0
Kristian Thorstvedt,2022-23,Sassuolo,5000000.0
Kristian Thorstvedt,2019-20,Genk,1000000.0
Kazeem Olaigbe,2026-27,Trabzonspor,4000000.0
Kazeem Olaigbe,2026-27,Basel,4000000.0
Kazeem Olaigbe,2025-26,Trabzonspor,4000000.0
Kazeem Olaigbe,2025-26,Konyaspor,5000000.0
Kazeem Olaigbe,2025-26,Trabzonspor,5000000.0
Kazeem Olaigbe,2024-25,Stade Rennais,1800000.0
Kazeem Olaigbe,2023-24,Cercle Brugge,400000.0
Kazeem Olaigbe,2022-23,Southampton U21,400000.0
Kazeem Olaigbe,2022-23,Harrogate Town,225000.0
Kazeem Olaigbe,2022-23,Southampton U21,225000.0
Michael Olise,2024-25,Bayern Munich,55000000.0
Michael Olise,2021-22,Crystal Palace,15000000.0
Michael Olise,2019-20,Reading,200000.0
James Trafford,2026-27,Leeds,25000000.0
James Trafford,2025-26,Man City,22000000.0
James Trafford,2023-24,Burnley,15000000.0
James Trafford,2023-24,Man City,2500000.0
James Trafford,2022-23,Man City U21,2500000.0
Achraf Dari,2025-26,Al Ahly,1200000.0
Achraf Dari,2025-26,Kalmar FF,1200000.0
Achraf Dari,2024-25,Al Ahly,2000000.0
Achraf Dari,2023-24,Stade Brestois,2000000.0
Achraf Dari,2023-24,R Charleroi SC,1500000.0
Achraf Dari,2022-23,Stade Brestois,1800000.0
Achraf Dari,2018-19,Wydad AC,100000.0
Issa Bah,2024-25,Radnicki 1923,200000.0
Issa Bah,2023-24,Pr. Niederkorn,25000.0
Issa Bah,2022-23,Venezia U19,75000.0
Issa Bah,2021-22,Pr. Niederkorn,75000.0
Issa Bah,2021-22,Venezia U19,100000.0
Xavi Simons,2025-26,Tottenham,70000000.0
Xavi Simons,2024-25,Leipzig,80000000.0
Xavi Simons,2024-25,PSG,80000000.0
Xavi Simons,2023-24,Leipzig,40000000.0
Xavi Simons,2023-24,PSG,40000000.0
Xavi Simons,2022-23,PSV,4000000.0
Xavi Simons,2021-22,PSG,1500000.0
Antonio Cioffi,2026-27,Latina Calcio,175000.0
Antonio Cioffi,2025-26,Napoli,175000.0
Antonio Cioffi,2025-26,Latina Calcio,150000.0
Antonio Cioffi,2025-26,Napoli,150000.0
Antonio Cioffi,2025-26,Livorno,300000.0
Antonio Cioffi,2024-25,Napoli,300000.0
Antonio Cioffi,2024-25,Rimini,100000.0
Antonio Cioffi,2023-24,Napoli,100000.0
Antonio Cioffi,2023-24,Ancona,450000.0
Antonio Cioffi,2022-23,Napoli,450000.0
Antonio Cioffi,2022-23,Pontedera,500000.0
Josh Doig,2023-24,Sassuolo,7000000.0
Josh Doig,2022-23,Hellas Verona,3000000.0
Naatan Skytta,2025-26,1.FC K'lautern,3000000.0
Naatan Skytta,2024-25,USL Dunkerque,400000.0
Naatan Skytta,2022-23,Toulouse,500000.0
Naatan Skytta,2022-23,Odense BK,500000.0
Naatan Skytta,2022-23,Viking FK,500000.0
Naatan Skytta,2020-21,Toulouse,200000.0
Elliot Anderson,2026-27,Man City,110000000.0
Elliot Anderson,2024-25,Nott'm Forest,15000000.0
Elliot Anderson,2022-23,Newcastle,200000.0
Elliot Anderson,2021-22,Newcastle U23,200000.0
Elliot Anderson,2021-22,Bristol Rovers,200000.0
Jeremy Sarmiento,2026-27,Middlesbrough,5000000.0
Jeremy Sarmiento,2025-26,Brighton,5000000.0
Jeremy Sarmiento,2025-26,Middlesbrough,5000000.0
Jeremy Sarmiento,2025-26,Cremonese,7000000.0
Jeremy Sarmiento,2024-25,Brighton,7000000.0
Jeremy Sarmiento,2024-25,Burnley,7000000.0
Jeremy Sarmiento,2023-24,Brighton,4500000.0
Jeremy Sarmiento,2023-24,Ipswich,4000000.0
Jeremy Sarmiento,2023-24,Brighton,4000000.0
Jeremy Sarmiento,2023-24,West Brom,5000000.0
Dennis Cirkin,2026-27,QPR,6000000.0
Yéremy Pino,2025-26,Crystal Palace,30000000.0
Adam Obert,2021-22,Cagliari,350000.0
Theo Corbeanu,2025-26,Toronto,1800000.0
Theo Corbeanu,2025-26,Granada CF,1800000.0
Theo Corbeanu,2024-25,Toronto,1000000.0
Theo Corbeanu,2023-24,Granada CF,1700000.0
Theo Corbeanu,2023-24,Wolves U21,1700000.0
Theo Corbeanu,2023-24,Grasshoppers,1200000.0
Theo Corbeanu,2022-23,Wolves U21,1200000.0
Theo Corbeanu,2022-23,Arm. Bielefeld,1500000.0
Theo Corbeanu,2022-23,Wolves U21,1500000.0
Theo Corbeanu,2022-23,Blackpool,1000000.0
Theo Corbeanu,2021-22,Wolves U23,1000000.0
Theo Corbeanu,2021-22,MK Dons,1000000.0
Theo Corbeanu,2021-22,Sheff Wed,500000.0
Radu Dragusin,2026-27,Tottenham,16000000.0
Radu Dragusin,2026-27,Fiorentina,16000000.0
Radu Dragusin,2023-24,Tottenham,20000000.0
Radu Dragusin,2023-24,Genoa,8000000.0
Radu Dragusin,2022-23,Juventus,8000000.0
Radu Dragusin,2022-23,Genoa,3500000.0
Radu Dragusin,2021-22,Juventus,3500000.0
Radu Dragusin,2021-22,Salernitana,3500000.0
Radu Dragusin,2021-22,Sampdoria,3000000.0
Pape Sarr,2026-27,Tottenham,30000000.0
Pape Sarr,2026-27,Juventus,30000000.0
Pape Sarr,2021-22,Tottenham,15000000.0
Pape Sarr,2021-22,FC Metz,10000000.0
Pape Sarr,2021-22,Tottenham,10000000.0
Lamine Gueye,2026-27,Without Club,200000.0
Lamine Gueye,2023-24,Paris FC,1000000.0
Lamine Gueye,2021-22,FC Metz,2000000.0
Lamine Gueye,2021-22,Paris FC,3000000.0
Lamine Gueye,2020-21,FC Metz,200000.0
Lamine Gueye,2019-20,Génération Foot,200000.0
Umut Tohumcu,2026-27,Hoffenheim,3500000.0
Umut Tohumcu,2026-27,Salzburg,3500000.0
Umut Tohumcu,2025-26,Hoffenheim,3500000.0
Umut Tohumcu,2025-26,Holstein Kiel,5000000.0
Umut Tohumcu,2022-23,Hoffenheim,200000.0
Lassine Sinayoko,2026-27,Paris FC,10000000.0
Lassine Sinayoko,2019-20,AJ Auxerre,150000.0
Elias Bördner,2025-26,Bonner SC,100000.0
Elias Bördner,2024-25,Alem. Aachen,75000.0
Elias Bördner,2022-23,Viktoria Köln,200000.0
Elias Bördner,2021-22,Frankfurt,200000.0
Elias Bördner,2021-22,Viktoria Köln,250000.0
Elias Bördner,2020-21,Frankfurt,100000.0
Frederik Winther,2023-24,Hammarby,800000.0
Frederik Winther,2023-24,Augsburg,800000.0
Frederik Winther,2023-24,Estoril,800000.0
Frederik Winther,2022-23,Augsburg,1000000.0
Frederik Winther,2022-23,Bröndby IF,1000000.0
Frederik Winther,2020-21,Augsburg,700000.0
Frederik Winther,2020-21,Lyngby BK,700000.0
Frederik Winther,2019-20,Lyngby BK,50000.0
Enzo Millot,2026-27,Al-Ahli,25000000.0
Enzo Millot,2026-27,Al-Diriyah,25000000.0
Enzo Millot,2025-26,Al-Ahli,35000000.0
Enzo Millot,2021-22,Stuttgart,1000000.0
Enzo Millot,2020-21,Monaco,150000.0
Cheick Souare,2024-25,Viktoria Plzeň,2000000.0
Cheick Souare,2023-24,MFK Vyskov,2000000.0
Cheick Souare,2023-24,Viktoria Plzeň,350000.0
Cheick Souare,2022-23,MFK Vyskov,200000.0
Cheick Souare,2021-22,Without Club,150000.0
Yanis Begraoui,2024-25,Estoril,900000.0
Yanis Begraoui,2023-24,Toulouse,900000.0
Yanis Begraoui,2023-24,Pau FC,1000000.0
Yanis Begraoui,2022-23,Toulouse,1000000.0
Yanis Begraoui,2022-23,Pau FC,500000.0
Yanis Begraoui,2021-22,Toulouse,1000000.0
Chrislain Matsima,2025-26,Augsburg,22000000.0
Chrislain Matsima,2024-25,Monaco,22000000.0
Chrislain Matsima,2024-25,Augsburg,7000000.0
Chrislain Matsima,2023-24,Monaco,7000000.0
Chrislain Matsima,2023-24,Clermont Foot,7000000.0
Chrislain Matsima,2022-23,Monaco,4000000.0
Chrislain Matsima,2022-23,FC Lorient,5000000.0
Julien Ponceau,2025-26,Real Valladolid,4000000.0
Julien Ponceau,2021-22,FC Lorient,1300000.0
Julien Ponceau,2021-22,Nîmes Olympique,1200000.0
Julien Ponceau,2020-21,FC Lorient,1200000.0
Julien Ponceau,2020-21,Rodez AF,1800000.0
Henning Matriciani,2026-27,Without Club,350000.0
Henning Matriciani,2024-25,FC Schalke 04,350000.0
Henning Matriciani,2024-25,W. Mannheim,600000.0
Henning Matriciani,2021-22,FC Schalke 04,100000.0
Henning Matriciani,2020-21,Schalke 04 II,75000.0
Maxime Busi,2026-27,Royal Antwerp,1500000.0
Maxime Busi,2024-25,Stade Reims,1000000.0
Maxime Busi,2024-25,NAC Breda,1200000.0
Maxime Busi,2022-23,Stade Reims,3500000.0
Maxime Busi,2021-22,Parma,3500000.0
Maxime Busi,2021-22,Stade Reims,3000000.0
Maxime Busi,2020-21,Parma,2500000.0
Tony Springett,2026-27,Leyton Orient,800000.0
Tony Springett,2023-24,Norwich,500000.0
Tony Springett,2023-24,Northampton,500000.0
Tony Springett,2023-24,Norwich,350000.0
Tony Springett,2022-23,Norwich U21,350000.0
Luis Hartwig,2026-27,SKN St. Pölten,125000.0
Luis Hartwig,2025-26,MSV Duisburg,125000.0
Luis Hartwig,2025-26,VfL Bochum II,100000.0
Luis Hartwig,2024-25,MSV Duisburg,300000.0
Luis Hartwig,2023-24,KV Oostende,350000.0
Luis Hartwig,2022-23,VfL Bochum,350000.0
Luis Hartwig,2022-23,SKN St. Pölten,200000.0
Hrvoje Smolčić,2026-27,Corum FK,2000000.0
Hrvoje Smolčić,2025-26,Frankfurt,2000000.0
Hrvoje Smolčić,2025-26,Kocaelispor,2000000.0
Hrvoje Smolčić,2024-25,Frankfurt,2000000.0
Hrvoje Smolčić,2024-25,LASK,3000000.0
Hrvoje Smolčić,2022-23,Frankfurt,3000000.0
Fabio Miretti,2026-27,Juventus,15000000.0
Fabio Miretti,2026-27,Besiktas,15000000.0
Fabio Miretti,2024-25,Juventus,14000000.0
Fabio Miretti,2024-25,Genoa,15000000.0
Fabio Miretti,2022-23,Juventus,5000000.0
Armando Broja,2025-26,Burnley,12000000.0
Armando Broja,2024-25,Chelsea,12000000.0
Armando Broja,2024-25,Everton,22000000.0
Armando Broja,2023-24,Chelsea,22000000.0
Armando Broja,2023-24,Fulham,28000000.0
Armando Broja,2022-23,Chelsea,22000000.0
Armando Broja,2021-22,Chelsea U23,18000000.0
Armando Broja,2021-22,Southampton,3000000.0
Armando Broja,2020-21,Chelsea U23,3000000.0
Armando Broja,2020-21,Vitesse,1000000.0
Christopher Wooh,2025-26,Spartak Moscow,6000000.0
Christopher Wooh,2022-23,Stade Rennais,3000000.0
Christopher Wooh,2021-22,Lens,600000.0
Christopher Wooh,2020-21,AS Nancy,150000.0
Mohamed Sankoh,2026-27,Randers FC,400000.0
Mohamed Sankoh,2024-25,Stuttgart II,600000.0
Mohamed Sankoh,2024-25,Stuttgart,600000.0
Mohamed Sankoh,2024-25,Cosenza,700000.0
Mohamed Sankoh,2023-24,Stuttgart,700000.0
Mohamed Sankoh,2023-24,Heracles Almelo,700000.0
Mohamed Sankoh,2022-23,Stuttgart,700000.0
Mohamed Sankoh,2022-23,Vitesse,1000000.0
Mohamed Sankoh,2021-22,Stuttgart,1000000.0
Bambasé Conté,2025-26,Hoffenheim,4000000.0
Bambasé Conté,2025-26,SV Elversberg,1200000.0
Bambasé Conté,2024-25,Hoffenheim,1200000.0
Bambasé Conté,2024-25,Karlsruher SC,700000.0
Bambasé Conté,2023-24,Hoffenheim,200000.0
Marten Winkler,2026-27,RSC Anderlecht,2000000.0
Marten Winkler,2023-24,Hertha BSC,700000.0
Marten Winkler,2022-23,Hertha BSC II,700000.0
Marten Winkler,2022-23,W. Mannheim,175000.0
Marten Winkler,2021-22,Hertha BSC II,200000.0
Strahinja Pavlovic,2024-25,AC Milan,25000000.0
Strahinja Pavlovic,2022-23,Salzburg,5000000.0
Strahinja Pavlovic,2021-22,Monaco,5000000.0
Strahinja Pavlovic,2021-22,Basel,8000000.0
Strahinja Pavlovic,2020-21,Monaco,8000000.0
Strahinja Pavlovic,2020-21,Cercle Brugge,8000000.0
Strahinja Pavlovic,2019-20,Monaco,10000000.0
Strahinja Pavlovic,2019-20,Partizan,8000000.0
Strahinja Pavlovic,2019-20,Monaco,8000000.0
Mohamed Youssouf,2026-27,Without Club,75000.0
Mohamed Youssouf,2025-26,US Chantilly,100000.0
Mohamed Youssouf,2025-26,Without Club,100000.0
Mohamed Youssouf,2018-19,AC Ajaccio,400000.0
Mohamed Youssouf,2016-17,Levadiakos,450000.0
Mohamed Youssouf,2016-17,Without Club,450000.0
Mohamed Youssouf,2015-16,Veria,500000.0
Mohamed Youssouf,2010-11,US Créteil-L,200000.0
Thibault Klidje,2025-26,Hibernian FC,2000000.0
Thibault Klidje,2025-26,Randers FC,2200000.0
Thibault Klidje,2025-26,Hibernian FC,4000000.0
Thibault Klidje,2022-23,FC Luzern,300000.0
Julián Álvarez,2024-25,Atlético,90000000.0
Julián Álvarez,2022-23,Man City,23000000.0
Julián Álvarez,2021-22,River Plate,20000000.0
Julián Álvarez,2021-22,Man City,20000000.0
Julián Álvarez,2018-19,River Plate,1000000.0
Dogan Alemdar,2026-27,Besiktas,1500000.0
Dogan Alemdar,2025-26,Basaksehir,1500000.0
Dogan Alemdar,2023-24,Stade Rennais,2500000.0
Dogan Alemdar,2023-24,Troyes,4000000.0
Dogan Alemdar,2021-22,Stade Rennais,2400000.0
Dogan Alemdar,2019-20,Kayserispor,50000.0
Dogan Alemdar,2018-19,Kayserispor U21,50000.0
Dogan Alemdar,2018-19,Kayserispor U19,50000.0
Ramzi Aya,2025-26,Retired,10000.0
Ramzi Aya,2023-24,Avellino,25000.0
Ramzi Aya,2023-24,Casertana,150000.0
Ramzi Aya,2022-23,Avellino,250000.0
Ramzi Aya,2021-22,Reggina,300000.0
Ramzi Aya,2020-21,Salernitana,300000.0
Ramzi Aya,2019-20,AC Pisa,300000.0
Ramzi Aya,2019-20,Salernitana,350000.0
Ramzi Aya,2019-20,AC Pisa,350000.0
Ramzi Aya,2017-18,Catania,250000.0
Ramzi Aya,2015-16,Andria,125000.0
Ramzi Aya,2014-15,Torres,125000.0
Ramzi Aya,2013-14,AC Rimini,125000.0
Ramzi Aya,2011-12,Reggiana,100000.0
Ramzi Aya,2010-11,Fiorentina,100000.0
Ramzi Aya,2010-11,Reggiana,75000.0
Denso Kasius,2023-24,AZ Alkmaar,1700000.0
Denso Kasius,2022-23,Bologna,1700000.0
Denso Kasius,2022-23,Rapid Vienna,2000000.0
Denso Kasius,2021-22,Bologna,250000.0
Denso Kasius,2021-22,Utrecht U21,250000.0
Denso Kasius,2020-21,FC Volendam,75000.0
Hugo Siquet,2024-25,Club Brugge,5000000.0
Hugo Siquet,2023-24,Freiburg,5000000.0
Hugo Siquet,2022-23,Cercle Brugge,3000000.0
Hugo Siquet,2021-22,Freiburg,7000000.0
Aimar Sher,2023-24,Sarpsborg 08,750000.0
Aimar Sher,2023-24,Without Club,800000.0
Aimar Sher,2022-23,Spezia Calcio,800000.0
Aimar Sher,2022-23,FC Groningen,1000000.0
Aimar Sher,2021-22,Spezia Calcio,1200000.0
Álvaro Giménez,2026-27,Real Murcia,100000.0
Álvaro Giménez,2023-24,Racing Ferrol,600000.0
Álvaro Giménez,2022-23,Without Club,800000.0
Álvaro Giménez,2021-22,Cádiz CF,1000000.0
Álvaro Giménez,2021-22,Real Zaragoza,1500000.0
Álvaro Giménez,2020-21,Cádiz CF,1500000.0
Álvaro Giménez,2020-21,RCD Mallorca,2500000.0
Álvaro Giménez,2020-21,Cádiz CF,800000.0
Álvaro Giménez,2019-20,Birmingham,1200000.0
Álvaro Giménez,2019-20,Cádiz CF,1500000.0
Álvaro Giménez,2019-20,Birmingham,1500000.0
Álvaro Giménez,2018-19,UD Almería,400000.0
Álvaro Giménez,2016-17,AD Alcorcón,500000.0
Jamal Musiala,2020-21,Bayern Munich,1000000.0
Emrehan Gedikli,2026-27,Aliaga FK,150000.0
Emrehan Gedikli,2025-26,RFC Lüttich,150000.0
Emrehan Gedikli,2025-26,Bursaspor,350000.0
Emrehan Gedikli,2024-25,Konyaspor,350000.0
Emrehan Gedikli,2024-25,KAS Eupen,275000.0
Emrehan Gedikli,2023-24,Konyaspor,275000.0
Emrehan Gedikli,2023-24,Istanbulspor,300000.0
Emrehan Gedikli,2023-24,Konyaspor,400000.0
Emrehan Gedikli,2022-23,Trabzonspor,400000.0
Emrehan Gedikli,2022-23,A. Lustenau,1100000.0
Emrehan Gedikli,2021-22,Trabzonspor,1000000.0
CJ Egan-Riley,2025-26,Marseille,16000000.0
CJ Egan-Riley,2023-24,Burnley,1500000.0
CJ Egan-Riley,2023-24,PSV U21,2000000.0
CJ Egan-Riley,2022-23,Burnley,2500000.0
CJ Egan-Riley,2022-23,Hibernian FC,2500000.0
CJ Egan-Riley,2022-23,Burnley,800000.0
Jude Bellingham,2023-24,Real Madrid,120000000.0
Jude Bellingham,2020-21,Dortmund,11000000.0
Mattia Zanotti,2024-25,FC Lugano,4000000.0
Mattia Zanotti,2023-24,Inter,4000000.0
Mattia Zanotti,2023-24,FC St. Gallen,800000.0
Mattia Zanotti,2022-23,Inter,350000.0
Anthony Elanga,2025-26,Newcastle,42000000.0
Anthony Elanga,2023-24,Nott'm Forest,18000000.0
Anthony Elanga,2021-22,Man Utd,4000000.0
James Mcatee,2025-26,Nott'm Forest,20000000.0
James Mcatee,2023-24,Man City,12000000.0
James Mcatee,2023-24,Sheff Utd,12000000.0
James Mcatee,2022-23,Man City U21,6000000.0
James Mcatee,2022-23,Sheff Utd,3000000.0
Gavin Bazunu,2026-27,Bolton,8000000.0
Gavin Bazunu,2025-26,Southampton,8000000.0
Gavin Bazunu,2025-26,Stoke City,9000000.0
Gavin Bazunu,2024-25,Southampton,11000000.0
Gavin Bazunu,2024-25,Standard Liège,14000000.0
Gavin Bazunu,2022-23,Southampton,5000000.0
Gavin Bazunu,2021-22,Man City U23,600000.0
Johann Lepenant,2025-26,FC Nantes,6000000.0
Johann Lepenant,2024-25,Lyon,6000000.0
Johann Lepenant,2024-25,FC Nantes,6000000.0
Johann Lepenant,2022-23,Lyon,5000000.0
Carlos Augusto,2024-25,Inter,22000000.0
Carlos Augusto,2023-24,Monza,22000000.0
Carlos Augusto,2023-24,Inter,15000000.0
Carlos Augusto,2020-21,Monza,800000.0
Yvandro Borges Sanches,2025-26,Heracles Almelo,500000.0
Yvandro Borges Sanches,2023-24,Mönchengladbach,1000000.0
Yvandro Borges Sanches,2023-24,NEC Nijmegen,1000000.0
Yvandro Borges Sanches,2022-23,Mönchengladbach,200000.0
Festy Ebosele,2026-27,Basaksehir,2500000.0
Festy Ebosele,2026-27,Erzurumspor FK,2500000.0
Festy Ebosele,2024-25,Basaksehir,6000000.0
Festy Ebosele,2024-25,Udinese,6000000.0
Festy Ebosele,2024-25,Watford,6000000.0
Festy Ebosele,2022-23,Udinese,3500000.0
Festy Ebosele,2021-22,Derby,100000.0
Jesurun Rak Sakyi,2026-27,Crystal Palace,6000000.0
Jesurun Rak Sakyi,2026-27,Kasimpasa,6000000.0
Jesurun Rak Sakyi,2025-26,Crystal Palace,6000000.0
Jesurun Rak Sakyi,2025-26,Stoke City,6000000.0
Jesurun Rak Sakyi,2025-26,C. Rizespor,6000000.0
Jesurun Rak Sakyi,2024-25,Crystal Palace,6000000.0
Jesurun Rak Sakyi,2024-25,Sheff Utd,2000000.0
Jesurun Rak Sakyi,2022-23,Crystal Palace,1000000.0
Jesurun Rak Sakyi,2022-23,Charlton,500000.0
Jesurun Rak Sakyi,2022-23,Crystal Palace,500000.0
Daniel Oyegoke,2026-27,Lincoln City,1000000.0
Daniel Oyegoke,2024-25,Hellas Verona,400000.0
Daniel Oyegoke,2024-25,Heart of Midl.,300000.0
Daniel Oyegoke,2023-24,Brentford B,300000.0
Daniel Oyegoke,2023-24,Bradford,500000.0
Daniel Oyegoke,2022-23,Brentford B,500000.0
Lewis Bate,2024-25,Stockport,1000000.0
Lewis Bate,2023-24,Leeds U21,1000000.0
Lewis Bate,2023-24,MK Dons,1000000.0
Lewis Bate,2022-23,Leeds U21,1200000.0
Lewis Bate,2022-23,Oxford United,1000000.0
Mahame Siby,2026-27,Without Club,225000.0
Mahame Siby,2025-26,Selangor FC,275000.0
Mahame Siby,2024-25,Malmö,400000.0
Mahame Siby,2024-25,FC Martigues,600000.0
Mahame Siby,2023-24,Malmö,600000.0
Mahame Siby,2023-24,SC Bastia,750000.0
Mahame Siby,2022-23,Malmö,1300000.0
Mahame Siby,2021-22,R. Strasbourg,1300000.0
Mahame Siby,2021-22,Paris FC,300000.0
Mahame Siby,2020-21,R. Strasbourg,150000.0
Mahame Siby,2019-20,Valenciennes FC,150000.0
Tim Civeja,2026-27,Karlsruher SC,400000.0
Tim Civeja,2023-24,Saarbrücken,200000.0
Tim Civeja,2022-23,Augsburg,200000.0
Tim Civeja,2022-23,FC Ingolstadt,200000.0
Tim Civeja,2021-22,Augsburg,300000.0
Kelvin Yeboah,2024-25,Minnesota,4000000.0
Kelvin Yeboah,2023-24,Genoa,4000000.0
Kelvin Yeboah,2023-24,Standard Liège,3000000.0
Kelvin Yeboah,2023-24,Genoa,3000000.0
Kelvin Yeboah,2023-24,Montpellier,3500000.0
Kelvin Yeboah,2022-23,Genoa,3500000.0
Kelvin Yeboah,2022-23,Augsburg,3500000.0
Kelvin Yeboah,2021-22,Genoa,4000000.0
Kelvin Yeboah,2020-21,Sturm Graz,500000.0
Bandiougou Fadiga,2024-25,FC Lorient,400000.0
Bandiougou Fadiga,2023-24,Olympiacos B,700000.0
Bandiougou Fadiga,2022-23,Olympiacos,700000.0
Bandiougou Fadiga,2022-23,Ionikos Nikea,900000.0
Bandiougou Fadiga,2021-22,Olympiacos,900000.0
Bandiougou Fadiga,2021-22,Paris SG B,1200000.0
Bandiougou Fadiga,2020-21,PSG,1200000.0
Bandiougou Fadiga,2020-21,Stade Brestois,800000.0
Niels Nkounkou,2026-27,Frankfurt,2600000.0
Niels Nkounkou,2026-27,Nice,2600000.0
Niels Nkounkou,2025-26,Frankfurt,2600000.0
Niels Nkounkou,2025-26,Torino,3500000.0
Niels Nkounkou,2023-24,Frankfurt,5000000.0
Niels Nkounkou,2023-24,Saint-Étienne,5000000.0
Niels Nkounkou,2022-23,Everton,5000000.0
Niels Nkounkou,2022-23,Saint-Étienne,2500000.0
Niels Nkounkou,2022-23,Everton,2500000.0
Niels Nkounkou,2022-23,Cardiff,2200000.0
Niels Nkounkou,2021-22,Everton,2200000.0
Niels Nkounkou,2021-22,Standard Liège,3000000.0
Warren Tchimbembe,2025-26,FC Chauray,125000.0
Warren Tchimbembe,2025-26,Without Club,125000.0
Warren Tchimbembe,2025-26,Vardar,200000.0
Warren Tchimbembe,2024-25,Without Club,300000.0
Warren Tchimbembe,2022-23,FC Metz,500000.0
Warren Tchimbembe,2022-23,Guingamp,800000.0
Warren Tchimbembe,2021-22,FC Metz,800000.0
Warren Tchimbembe,2021-22,CD Mirandés,1200000.0
Warren Tchimbembe,2020-21,FC Metz,300000.0
Aaron Hickey,2022-23,Brentford,18000000.0
Aaron Hickey,2020-21,Bologna,600000.0
Stuart McKinstry,2024-25,Hamilton Acad.,300000.0
Stuart McKinstry,2024-25,Without Club,325000.0
Stuart McKinstry,2023-24,Queen's Park,325000.0
Stuart McKinstry,2023-24,Without Club,325000.0
Stuart McKinstry,2022-23,Leeds U21,325000.0
Stuart McKinstry,2022-23,Motherwell FC,200000.0
Gonzalo Plata,2024-25,Flamengo,6000000.0
Gonzalo Plata,2023-24,Al-Sadd,5000000.0
Gonzalo Plata,2022-23,Real Valladolid,6000000.0
Gonzalo Plata,2021-22,Sporting,6000000.0
Gonzalo Plata,2021-22,Real Valladolid,5000000.0
Gonzalo Plata,2019-20,Sporting,350000.0
Gonzalo Plata,2018-19,Sporting CP U23,350000.0
Himad Abdelli,2025-26,Marseille,7000000.0
Himad Abdelli,2022-23,Angers SCO,1500000.0
Himad Abdelli,2018-19,Le Havre AC,400000.0
Mohamed Bayo,2026-27,Samsunspor,4500000.0
Mohamed Bayo,2025-26,Lille,4500000.0
Mohamed Bayo,2025-26,Gaziantep FK,2800000.0
Mohamed Bayo,2024-25,Lille,2800000.0
Mohamed Bayo,2024-25,Royal Antwerp,4000000.0
Mohamed Bayo,2023-24,Lille,5000000.0
Mohamed Bayo,2023-24,Le Havre AC,6000000.0
Mohamed Bayo,2022-23,Lille,12000000.0
Mohamed Bayo,2019-20,Clermont Foot,200000.0
Mohamed Bayo,2018-19,USL Dunkerque,200000.0
Ouparine Djoco,2026-27,Without Club,200000.0
Ouparine Djoco,2025-26,QRM,100000.0
Ouparine Djoco,2025-26,Without Club,100000.0
Ouparine Djoco,2024-25,Clermont Foot,100000.0
Ouparine Djoco,2024-25,Bergerac,100000.0
Ouparine Djoco,2023-24,Clermont Foot,200000.0
Ouparine Djoco,2023-24,Francs Borains,500000.0
Ouparine Djoco,2020-21,Clermont Foot,150000.0
Yohann Magnin,2026-27,Grenoble,1000000.0
Yohann Magnin,2025-26,CSKA 1948,1000000.0
Yohann Magnin,2025-26,Without Club,1000000.0
Ansou Sow,2022-23,Les Herbiers,250000.0
Ansou Sow,2022-23,Stade Briochin,200000.0
Ansou Sow,2021-22,FC Chambly Oise,150000.0
Ansou Sow,2019-20,RC Lens B,150000.0
Leif Davis,2022-23,Ipswich,800000.0
Leif Davis,2021-22,Leeds,800000.0
Leif Davis,2021-22,Bournemouth,800000.0
Florian Flick,2026-27,E. Braunschweig,700000.0
Florian Flick,2025-26,1.FC Nuremberg,700000.0
Florian Flick,2025-26,E. Braunschweig,800000.0
Florian Flick,2023-24,1.FC Nuremberg,1500000.0
Florian Flick,2022-23,FC Schalke 04,1500000.0
Florian Flick,2022-23,1.FC Nuremberg,2000000.0
Florian Flick,2021-22,FC Schalke 04,700000.0
Florian Flick,2020-21,Schalke 04 II,175000.0
Adrián Butzke,2025-26,Marítimo,300000.0
Adrián Butzke,2024-25,Vit. Guimarães,300000.0
Adrián Butzke,2024-25,CD Mirandés,300000.0
Adrián Butzke,2024-25,Nacional,300000.0
Adrián Butzke,2023-24,Vit. Guimarães,400000.0
Adrián Butzke,2022-23,Granada CF,400000.0
Adrián Butzke,2022-23,Paços Ferreira,300000.0
Adrián Butzke,2021-22,Granada CF,300000.0
Adrián Butzke,2021-22,Paços Ferreira,100000.0
Adrián Butzke,2021-22,Granada CF,100000.0
Adrián Butzke,2020-21,Recre Granada,50000.0
Adrián Butzke,2020-21,Haro Deportivo,50000.0
Joscha Wosz,2026-27,BFC Preussen,100000.0
Joscha Wosz,2024-25,Hallescher FC,125000.0
Joscha Wosz,2022-23,SC Verl,350000.0
Joscha Wosz,2021-22,Leipzig,350000.0
Joscha Wosz,2021-22,Hallescher FC,400000.0
Joscha Wosz,2021-22,Leipzig,400000.0
Florian Wirtz,2025-26,Liverpool,140000000.0
Sergi García,2026-27,Europa FC,150000.0
Sergi García,2025-26,Sant Andreu,200000.0
Sergi García,2024-25,Sestao River,200000.0
Sergi García,2023-24,R. Majadahonda,200000.0
Sergi García,2023-24,CD Alcoyano,200000.0
Sergi García,2022-23,Albacete,200000.0
Sergi García,2022-23,CE Sabadell,200000.0
Sergi García,2021-22,Albacete,100000.0
Sergi García,2020-21,Alavés B,50000.0
Sergi García,2019-20,AE Prat,50000.0
Sergi García,2019-20,CF La Nucía,50000.0
Sergi García,2018-19,RCD Espanyol B,50000.0
Sergi García,2018-19,Sant Andreu,50000.0
Petar Zovko,2025-26,Loko Plovdiv,50000.0
Petar Zovko,2024-25,Without Club,100000.0
Petar Zovko,2021-22,Spezia Calcio,75000.0
Marcos Acuña,2024-25,River Plate,4000000.0
Marcos Acuña,2020-21,Sevilla FC,12000000.0
Marcos Acuña,2017-18,Sporting,7000000.0
Marcos Acuña,2014-15,Racing Club,50000.0
Marcos Acuña,2010-11,Ferro,500000.0
Gabriel Vidovic,2026-27,SC Paderborn,3000000.0
Gabriel Vidovic,2025-26,Dinamo Zagreb,3000000.0
Gabriel Vidovic,2024-25,Bayern Munich,3000000.0
Gabriel Vidovic,2024-25,Mainz,3500000.0
Gabriel Vidovic,2023-24,Bayern Munich,3500000.0
Gabriel Vidovic,2023-24,Dinamo Zagreb,2500000.0
Gabriel Vidovic,2022-23,Bayern Munich,2500000.0
Gabriel Vidovic,2022-23,Vitesse,3000000.0
Gabriel Vidovic,2022-23,Bayern Munich,3000000.0
Gabriel Vidovic,2021-22,FC Bayern II,200000.0
Jonas Dirkner,2024-25,Hansa Rostock,175000.0
Jonas Dirkner,2022-23,Altglienicke,175000.0
Jonas Dirkner,2020-21,Hertha BSC II,150000.0
Mikail Maden,2023-24,Esbjerg fB,75000.0
Mikail Maden,2022-23,Fredrikstad FK,150000.0
Mikail Maden,2021-22,Schalke 04 II,200000.0
Hannibal Mejbri,2024-25,Burnley,9000000.0
Hannibal Mejbri,2023-24,Man Utd,9000000.0
Hannibal Mejbri,2023-24,Sevilla FC,12000000.0
Hannibal Mejbri,2022-23,Man Utd,8000000.0
Hannibal Mejbri,2022-23,Birmingham,6000000.0
Hannibal Mejbri,2022-23,Man Utd,6000000.0
Florent da Silva,2026-27,Guingamp,800000.0
Florent da Silva,2024-25,US Orléans,350000.0
Florent da Silva,2023-24,Lyon,350000.0
Florent da Silva,2023-24,RWDM,700000.0
Florent da Silva,2022-23,Lyon,700000.0
Florent da Silva,2022-23,FC Volendam,600000.0
Florent da Silva,2021-22,Lyon,600000.0
Florent da Silva,2021-22,FC Villefranche,500000.0
Florent da Silva,2021-22,Lyon,500000.0
Loum Tchaouna,2026-27,Coventry,13000000.0
Loum Tchaouna,2025-26,Burnley,10000000.0
Loum Tchaouna,2024-25,Lazio,8000000.0
Loum Tchaouna,2023-24,Salernitana,1800000.0
Loum Tchaouna,2022-23,Stade Rennais,1800000.0
Loum Tchaouna,2022-23,Dijon,2000000.0
Adolfo Gaich,2025-26,CSKA Moscow,800000.0
Adolfo Gaich,2025-26,Estudiantes LP,800000.0
Adolfo Gaich,2025-26,KS Samara,1400000.0
Adolfo Gaich,2024-25,CSKA Moscow,1400000.0
Adolfo Gaich,2024-25,Antalyaspor,1700000.0
Adolfo Gaich,2023-24,CSKA Moscow,1700000.0
Adolfo Gaich,2023-24,C. Rizespor,1800000.0
Adolfo Gaich,2022-23,CSKA Moscow,1800000.0
Adolfo Gaich,2022-23,Hellas Verona,1800000.0
Adolfo Gaich,2021-22,CSKA Moscow,3000000.0
Adolfo Gaich,2021-22,SD Huesca,8000000.0
Adolfo Gaich,2020-21,CSKA Moscow,8000000.0
Adolfo Gaich,2020-21,Benevento,9000000.0
Adolfo Gaich,2020-21,CSKA Moscow,11000000.0
Mario Hernández,2024-25,Retired,600000.0
Mario Hernández,2023-24,Real Oviedo,600000.0
Mario Hernández,2019-20,Rayo Vallecano,100000.0
Mario Hernández,2019-20,UD Sanse,50000.0
Mario Hernández,2018-19,Rayo Vallecano,50000.0
Mario Hernández,2018-19,UD Melilla,50000.0
Mario Hernández,2018-19,Rayo B,50000.0
William Osula,2024-25,Newcastle,3000000.0
Bilal Benkhedim,2025-26,MC Oran,225000.0
Bilal Benkhedim,2023-24,StadeLO II,200000.0
Bilal Benkhedim,2022-23,Le Puy Foot,400000.0
Bilal Benkhedim,2022-23,Without Club,400000.0
Pedro Ortiz,2026-27,UD Ibiza,600000.0
Pedro Ortiz,2024-25,Córdoba CF,300000.0
Pedro Ortiz,2024-25,Sevilla FC,400000.0
Pedro Ortiz,2023-24,Sevilla Atl.,400000.0
Pedro Ortiz,2023-24,Vizela,200000.0
Pedro Ortiz,2022-23,Sevilla Atl.,200000.0
Pedro Ortiz,2022-23,Vizela,150000.0
Pedro Ortiz,2019-20,Sevilla Atl.,100000.0
Oscar Fraulo,2025-26,Derby,3000000.0
Oscar Fraulo,2024-25,Mönchengladbach,3500000.0
Oscar Fraulo,2023-24,Utrecht,2000000.0
Oscar Fraulo,2022-23,Mönchengladbach,350000.0
Wahid Faghir,2025-26,Vejle BK,700000.0
Wahid Faghir,2024-25,Stuttgart II,2000000.0
Wahid Faghir,2023-24,Stuttgart,2000000.0
Wahid Faghir,2023-24,SV Elversberg,2500000.0
Wahid Faghir,2022-23,Stuttgart,2500000.0
Wahid Faghir,2022-23,Nordsjaelland,3000000.0
Wahid Faghir,2021-22,Stuttgart,3000000.0
Caleb Watts,2025-26,Plymouth,175000.0
Caleb Watts,2023-24,Exeter City,250000.0
Caleb Watts,2023-24,Without Club,250000.0
Caleb Watts,2022-23,Southampton U21,250000.0
Caleb Watts,2022-23,Morecambe FC,250000.0
Caleb Watts,2021-22,Southampt. U23,250000.0
Caleb Watts,2021-22,Crawley Town,250000.0
Liam Delap,2026-27,Nott'm Forest,28000000.0
Liam Delap,2025-26,Chelsea,40000000.0
Liam Delap,2024-25,Ipswich,8000000.0
Liam Delap,2023-24,Man City U21,8000000.0
Liam Delap,2023-24,Hull City,5000000.0
Liam Delap,2022-23,Man City U21,7000000.0
Liam Delap,2022-23,Preston,7000000.0
Liam Delap,2022-23,Stoke City,1500000.0
Christian Acella,2025-26,Without Club,75000.0
Christian Acella,2025-26,Cremonese,75000.0
Christian Acella,2024-25,Alcione,100000.0
Christian Acella,2024-25,Cremonese,100000.0
Christian Acella,2024-25,Giugliano,100000.0
Christian Acella,2023-24,Cremonese,100000.0
Christian Acella,2023-24,Giana Erminio,100000.0
Christian Acella,2023-24,Perugia,150000.0
Christian Acella,2021-22,Cremonese,125000.0
Christian Acella,2021-22,Giana Erminio,75000.0
Christian Acella,2021-22,Cremonese,75000.0
Oliver Zanden,2024-25,Brommapojkarna,700000.0
Oliver Zanden,2024-25,Toulouse,700000.0
Oliver Zanden,2023-24,Randers FC,800000.0
Oliver Zanden,2022-23,Toulouse,1000000.0
Matias Arezo,2026-27,Peñarol,5000000.0
Matias Arezo,2025-26,Grêmio,5000000.0
Matias Arezo,2025-26,Peñarol,6000000.0
Matias Arezo,2024-25,Grêmio,7000000.0
Matias Arezo,2023-24,Granada CF,7500000.0
Matias Arezo,2022-23,Peñarol,4000000.0
Matias Arezo,2021-22,Granada CF,7000000.0
Isaac Price,2024-25,West Brom,3000000.0
Isaac Price,2023-24,Standard Liège,400000.0
Marco Bertini,2025-26,Pianese,100000.0
Marco Bertini,2024-25,Lazio,100000.0
Marco Bertini,2024-25,Ascoli,100000.0
Marco Bertini,2023-24,Lazio,100000.0
Marco Bertini,2023-24,SPAL,100000.0
Marco Bertini,2022-23,Lazio,100000.0
Vasilios Zagaritis,2025-26,Heerenveen,700000.0
Vasilios Zagaritis,2024-25,Almere City,400000.0
Vasilios Zagaritis,2020-21,Parma,150000.0
Liam McCarron,2025-26,Boston Utd,175000.0
Liam McCarron,2025-26,Without Club,200000.0
Liam McCarron,2024-25,Northampton,250000.0
Liam McCarron,2022-23,Stoke City,350000.0
Liam McCarron,2022-23,Port Vale,500000.0
Liam McCarron,2022-23,Stoke City,500000.0
Dani Plomer,2026-27,Without Club,200000.0
Dani Plomer,2025-26,R. Majadahonda,150000.0
Dani Plomer,2024-25,Atl. Baleares,150000.0
Dani Plomer,2022-23,G. Segoviana,100000.0
Dani Plomer,2022-23,UD Poblense,100000.0
Dani Plomer,2022-23,Without Club,100000.0
Dani Plomer,2021-22,CP El Ejido,100000.0
Levi Colwill,2022-23,Chelsea,16000000.0
Levi Colwill,2022-23,Brighton,5000000.0
Levi Colwill,2022-23,Chelsea,5000000.0
Levi Colwill,2021-22,Chelsea U23,5000000.0
Nikita Iosifov,2026-27,Sporting Gijón,1500000.0
Nikita Iosifov,2024-25,NK Celje,400000.0
Nikita Iosifov,2023-24,Castellón,600000.0
Nikita Iosifov,2023-24,CD Mirandés,800000.0
Nikita Iosifov,2021-22,Villarreal CF B,250000.0
Nikita Iosifov,2019-20,Loko-Kazanka M.,175000.0
Nikita Iosifov,2018-19,Loko Moscow II,100000.0
Chem Campbell,2025-26,Stevenage,900000.0
Chem Campbell,2024-25,Wolves,900000.0
Chem Campbell,2024-25,Reading,900000.0
Chem Campbell,2023-24,Wolves,900000.0
Chem Campbell,2023-24,Wycombe,900000.0
Chem Campbell,2023-24,Charlton,1000000.0
Chem Campbell,2022-23,Wolves,1000000.0
Chem Campbell,2022-23,Wycombe,500000.0
Drissa Camara,2025-26,Gaziantep FK,1500000.0
Drissa Camara,2021-22,Parma,250000.0
Joe White,2026-27,Crewe Alexandra,200000.0
Joe White,2025-26,Newcastle,200000.0
Joe White,2025-26,Bradford,250000.0
Joe White,2025-26,Newcastle,250000.0
Joe White,2025-26,Leyton Orient,275000.0
Joe White,2024-25,Newcastle,275000.0
Joe White,2024-25,MK Dons,300000.0
Joe White,2023-24,Newcastle,300000.0
Joe White,2023-24,Crewe Alexandra,250000.0
Joe White,2023-24,Newcastle,250000.0
Joe White,2022-23,Newcastle U21,250000.0
Nuno Mendes,2022-23,PSG,40000000.0
Nuno Mendes,2021-22,Sporting,40000000.0
Nuno Mendes,2021-22,PSG,40000000.0
Tiago Tomás,2025-26,Stuttgart,12000000.0
Tiago Tomás,2023-24,Wolfsburg,7000000.0
Tiago Tomás,2022-23,Sporting,7000000.0
Tiago Tomás,2021-22,Stuttgart,5000000.0
Giorgio Cittadini,2026-27,Atalanta,900000.0
Giorgio Cittadini,2025-26,Frosinone,1000000.0
Giorgio Cittadini,2024-25,Atalanta,1000000.0
Giorgio Cittadini,2024-25,Frosinone,2400000.0
Giorgio Cittadini,2023-24,Atalanta,2400000.0
Giorgio Cittadini,2023-24,Monza,2400000.0
Giorgio Cittadini,2023-24,Genoa,3000000.0
Giorgio Cittadini,2023-24,Monza,3000000.0
Giorgio Cittadini,2022-23,Atalanta,3000000.0
Giorgio Cittadini,2022-23,Modena,300000.0
Giorgio Cittadini,2022-23,Atalanta,300000.0
Matteo Ruggeri,2026-27,Aston Villa,28000000.0
Matteo Ruggeri,2025-26,Atlético,16000000.0
Matteo Ruggeri,2021-22,Atalanta,2000000.0
Matteo Ruggeri,2021-22,Salernitana,2000000.0
Mattia Pagliuca,2026-27,Without Club,125000.0
Mattia Pagliuca,2024-25,Virtus Verona,75000.0
Mattia Pagliuca,2023-24,Bologna,75000.0
Mattia Pagliuca,2023-24,Brindisi,100000.0
Mattia Pagliuca,2023-24,Bologna,100000.0
Mattia Pagliuca,2023-24,Alessandria,100000.0
Mattia Pagliuca,2022-23,Bologna,100000.0
Mattia Pagliuca,2022-23,Imolese,200000.0
Mika Mármol,2026-27,Feyenoord,10000000.0
Mika Mármol,2023-24,UD Las Palmas,1200000.0
Mika Mármol,2022-23,FC Andorra,800000.0
Ilaix Moriba,2025-26,Celta de Vigo,6000000.0
Ilaix Moriba,2024-25,Leipzig,6000000.0
Ilaix Moriba,2024-25,Celta de Vigo,3000000.0
Ilaix Moriba,2023-24,Leipzig,3000000.0
Ilaix Moriba,2023-24,Getafe,3000000.0
Ilaix Moriba,2022-23,Leipzig,4000000.0
Ilaix Moriba,2022-23,Valencia,9000000.0
Ilaix Moriba,2021-22,Leipzig,9000000.0
Ilaix Moriba,2021-22,Valencia,20000000.0
Ilaix Moriba,2021-22,Leipzig,25000000.0
Ilaix Moriba,2021-22,Barcelona,25000000.0
Ilaix Moriba,2020-21,Barcelona B,450000.0
Martin Palumbo,2025-26,Avellino,400000.0
Martin Palumbo,2024-25,Juve Next Gen,400000.0
Martin Palumbo,2024-25,Avellino,400000.0
Martin Palumbo,2023-24,Juve Next Gen,700000.0
Martin Palumbo,2022-23,Udinese,700000.0
Martin Palumbo,2022-23,Juve Next Gen,700000.0
Martin Palumbo,2021-22,Udinese,700000.0
Martin Palumbo,2021-22,Juventus U23,800000.0
Antonio Mazzotta,2023-24,Catania,150000.0
Antonio Mazzotta,2021-22,Bari,200000.0
Antonio Mazzotta,2019-20,Crotone,400000.0
Antonio Mazzotta,2018-19,US Palermo,500000.0
Antonio Mazzotta,2016-17,Pescara,800000.0
Antonio Mazzotta,2016-17,Frosinone,800000.0
Antonio Mazzotta,2015-16,Cesena,800000.0
Antonio Mazzotta,2015-16,Pescara,900000.0
Antonio Mazzotta,2014-15,Cesena,900000.0
Antonio Mazzotta,2014-15,Catania,1200000.0
Antonio Mazzotta,2014-15,Cesena,1500000.0
Antonio Mazzotta,2012-13,Crotone,500000.0
Antonio Mazzotta,2011-12,Lecce,500000.0
Antonio Mazzotta,2011-12,Crotone,600000.0
Antonio Mazzotta,2010-11,Lecce,600000.0
Antonio Mazzotta,2010-11,FC Crotone,700000.0
Antonio Mazzotta,2010-11,Lecce,700000.0
Antonio Mazzotta,2010-11,Pescara,800000.0
Mario Gila,2026-27,AC Milan,30000000.0
Mario Gila,2022-23,Lazio,500000.0
Nathan Bitumazala,2026-27,Alem. Aachen,250000.0
Nathan Bitumazala,2022-23,KAS Eupen,400000.0
Kenny Nagera,2025-26,Rodez AF,350000.0
Kenny Nagera,2024-25,La Louvière,225000.0
Kenny Nagera,2023-24,Differdange 03,300000.0
Kenny Nagera,2022-23,PSG,300000.0
Kenny Nagera,2022-23,Lorient B,300000.0
Kenny Nagera,2021-22,PSG,300000.0
Kenny Nagera,2021-22,US Avranches,400000.0
Kenny Nagera,2021-22,PSG,400000.0
Tanguy Coulibaly,2025-26,Samsunspor,1500000.0
Tanguy Coulibaly,2023-24,Montpellier,2000000.0
Tanguy Coulibaly,2023-24,Without Club,2500000.0
Castello Lukeba,2023-24,Leipzig,25000000.0
Tyler Morton,2025-26,Lyon,7000000.0
Tyler Morton,2024-25,Liverpool,8000000.0
Tyler Morton,2023-24,Liverpool U21,8000000.0
Tyler Morton,2023-24,Hull City,7000000.0
Tyler Morton,2022-23,Liverpool U21,7000000.0
Tyler Morton,2022-23,Blackburn,3000000.0
Carlos Martín,2026-27,Atlético,1500000.0
Carlos Martín,2026-27,Hajduk Split,1500000.0
Carlos Martín,2025-26,Atlético,1500000.0
Carlos Martín,2025-26,Rayo Vallecano,2500000.0
Carlos Martín,2024-25,Atlético,3000000.0
Carlos Martín,2024-25,Alavés,3500000.0
Carlos Martín,2023-24,Atlético,3500000.0
Carlos Martín,2023-24,CD Mirandés,500000.0
Carlos Martín,2023-24,Atlético,500000.0
Lucas Gourna Douath,2026-27,Hull City,6000000.0
Lucas Gourna Douath,2025-26,Salzburg,6000000.0
Lucas Gourna Douath,2025-26,Le Havre AC,4000000.0
Lucas Gourna Douath,2024-25,Salzburg,8000000.0
Lucas Gourna Douath,2024-25,Roma,8000000.0
Lucas Gourna Douath,2022-23,Salzburg,10000000.0
Brayann Pereira,2026-27,West Brom,1000000.0
Brayann Pereira,2024-25,NEC Nijmegen,700000.0
Brayann Pereira,2023-24,AJ Auxerre,700000.0
Brayann Pereira,2023-24,NEC Nijmegen,600000.0
Brayann Pereira,2022-23,AJ Auxerre,600000.0
Brayann Pereira,2022-23,Bourg-en-Bresse,600000.0
Malo Gusto,2022-23,Chelsea,25000000.0
Malo Gusto,2022-23,Lyon,15000000.0
Malo Gusto,2022-23,Chelsea,15000000.0
Malo Gusto,2021-22,Lyon,500000.0
Kaio Jorge,2024-25,Cruzeiro,4000000.0
Kaio Jorge,2023-24,Juventus,4000000.0
Kaio Jorge,2023-24,Frosinone,3000000.0
Kaio Jorge,2021-22,Juventus,12000000.0
Luca Stanga,2026-27,Derthona,100000.0
Luca Stanga,2025-26,Varazze,150000.0
Luca Stanga,2023-24,Lecco,100000.0
Luca Stanga,2023-24,Juve Stabia,100000.0
Luca Stanga,2023-24,Rimini,125000.0
Luca Stanga,2022-23,Lecco,150000.0
Kasey McAteer,2025-26,Ipswich,2000000.0
Kasey McAteer,2023-24,Leicester,250000.0
Kasey McAteer,2022-23,Leicester U21,250000.0
Kasey McAteer,2022-23,AFC Wimbledon,300000.0
Kasey McAteer,2021-22,Leicester U23,300000.0
Kasey McAteer,2021-22,Forest Green,300000.0
Daan Dierckx,2024-25,Standard Liège,400000.0
Daan Dierckx,2023-24,SL16 FC,350000.0
Daan Dierckx,2022-23,Parma,350000.0
Daan Dierckx,2022-23,Jong Genk,600000.0
Andrew Omobamidele,2026-27,R. Strasbourg,8000000.0
Andrew Omobamidele,2026-27,RSC Anderlecht,8000000.0
Andrew Omobamidele,2025-26,R. Strasbourg,8000000.0
Andrew Omobamidele,2024-25,Nott'm Forest,8000000.0
Andrew Omobamidele,2024-25,R. Strasbourg,11000000.0
Andrew Omobamidele,2023-24,Nott'm Forest,6000000.0
Tommaso De Nipoti,2025-26,Atalanta U23,400000.0
Tommaso De Nipoti,2025-26,Castellón,450000.0
Tommaso De Nipoti,2023-24,Atalanta U23,175000.0
Yayah Kallon,2026-27,NK Olimpija,400000.0
Yayah Kallon,2025-26,Casertana,400000.0
Yayah Kallon,2024-25,Hellas Verona,400000.0
Yayah Kallon,2024-25,Casertana,500000.0
Yayah Kallon,2024-25,Hellas Verona,500000.0
Yayah Kallon,2024-25,Salernitana,1000000.0
Yayah Kallon,2023-24,Hellas Verona,1000000.0
Yayah Kallon,2023-24,Bari,1300000.0
Yayah Kallon,2023-24,Hellas Verona,1500000.0
Yayah Kallon,2022-23,Genoa,1500000.0
Yayah Kallon,2022-23,Hellas Verona,1500000.0
Yayah Kallon,2021-22,Genoa,400000.0
Yayah Kallon,2019-20,Genoa U19,50000.0
Juanmi Latasa,2024-25,Real Valladolid,2800000.0
Juanmi Latasa,2023-24,Real Madrid,2800000.0
Juanmi Latasa,2022-23,Getafe,1000000.0
Juanmi Latasa,2022-23,Real Madrid,1000000.0
Juanmi Latasa,2020-21,RM Castilla,100000.0
Iliman Ndiaye,2026-27,Man City,55000000.0
Iliman Ndiaye,2024-25,Everton,15000000.0
Iliman Ndiaye,2023-24,Marseille,18000000.0
Iliman Ndiaye,2021-22,Sheff Utd,200000.0
Patrick Leal,2023-24,Revolution II,100000.0
Patrick Leal,2022-23,Venezia,75000.0
Gerard Yepes,2025-26,FC Empoli,1000000.0
Gerard Yepes,2022-23,Sampdoria,500000.0
Raul Moro,2025-26,CA Osasuna,7000000.0
Raul Moro,2025-26,Ajax,7500000.0
Raul Moro,2024-25,Real Valladolid,2500000.0
Raul Moro,2023-24,Lazio,2500000.0
Raul Moro,2023-24,Real Valladolid,2500000.0
Raul Moro,2022-23,Lazio,2500000.0
Raul Moro,2022-23,Real Oviedo,2500000.0
Raul Moro,2022-23,Ternana,2800000.0
Raul Moro,2021-22,Lazio,800000.0
Julen Agirrezabala,2026-27,Racing,9000000.0
Julen Agirrezabala,2025-26,Athletic Club,9000000.0
Julen Agirrezabala,2025-26,Valencia,15000000.0
Julen Agirrezabala,2022-23,Athletic Club,5000000.0
Lautaro Valenti,2021-22,Parma,4500000.0
Lautaro Valenti,2020-21,Lanús,4500000.0
Lautaro Valenti,2020-21,Parma,2700000.0
Urko González,2025-26,Espanyol,5000000.0
Urko González,2024-25,Real Sociedad,5000000.0
Urko González,2024-25,Espanyol,1200000.0
Urko González,2023-24,Real Sociedad,700000.0
Ander Martin,2026-27,Real Unión,200000.0
Ander Martin,2025-26,FC Cartagena,400000.0
Ander Martin,2024-25,Burgos CF,400000.0
Ander Martin,2024-25,CD Mirandés,400000.0
Ander Martin,2023-24,Burgos CF,400000.0
Mounaim El Idrissy,2026-27,Raja Casablanca,500000.0
Mounaim El Idrissy,2024-25,Troyes,500000.0
Mounaim El Idrissy,2023-24,KV Kortrijk,2000000.0
Mounaim El Idrissy,2019-20,AC Ajaccio,200000.0
Ricardo Pepi,2023-24,PSV,9000000.0
Ricardo Pepi,2022-23,Augsburg,9000000.0
Ricardo Pepi,2022-23,FC Groningen,9000000.0
Ricardo Pepi,2021-22,Augsburg,8000000.0
Ricardo Pepi,2020-21,Dallas,600000.0
Ricardo Pepi,2020-21,North Texas SC,600000.0
Lewis Dobbin,2026-27,Southampton,7000000.0
Lewis Dobbin,2025-26,Aston Villa,7000000.0
Lewis Dobbin,2025-26,Preston,2500000.0
Lewis Dobbin,2024-25,Aston Villa,2500000.0
Lewis Dobbin,2024-25,Norwich,2500000.0
Lewis Dobbin,2024-25,West Brom,2500000.0
Lewis Dobbin,2023-24,Everton,900000.0
Lewis Dobbin,2022-23,Everton U21,900000.0
Lewis Dobbin,2022-23,Derby,300000.0
Marc Tenas,2026-27,UE Olot,100000.0
Marc Tenas,2025-26,G. Segoviana,100000.0
Marc Tenas,2023-24,UE Cornellà,300000.0
Marc Tenas,2021-22,Alavés B,500000.0
Riccardo Ciervo,2026-27,Sassuolo,2000000.0
Riccardo Ciervo,2026-27,Cagliari,2000000.0
Riccardo Ciervo,2025-26,Sassuolo,2000000.0
Riccardo Ciervo,2025-26,Cesena,700000.0
Riccardo Ciervo,2024-25,Sassuolo,700000.0
Riccardo Ciervo,2024-25,Cosenza,1300000.0
Riccardo Ciervo,2023-24,Sassuolo,1300000.0
Riccardo Ciervo,2023-24,Südtirol,1300000.0
Riccardo Ciervo,2022-23,Sassuolo,1300000.0
Riccardo Ciervo,2022-23,Venezia,1500000.0
Riccardo Ciervo,2022-23,Sassuolo,1500000.0
Riccardo Ciervo,2022-23,Frosinone,1500000.0
Riccardo Ciervo,2021-22,Roma,1500000.0
Riccardo Ciervo,2021-22,Sassuolo,800000.0
Riccardo Ciervo,2021-22,Roma,800000.0
Riccardo Ciervo,2021-22,Sampdoria,300000.0
Riccardo Ciervo,2021-22,Roma,300000.0
Filippo Terracciano,2025-26,AC Milan,4500000.0
Filippo Terracciano,2025-26,Cremonese,3200000.0
Filippo Terracciano,2023-24,AC Milan,3500000.0
Filippo Terracciano,2022-23,Hellas Verona,250000.0
Jesús Owono,2026-27,FC Andorra,900000.0
Jesús Owono,2025-26,Alavés,900000.0
Jesús Owono,2025-26,FC Andorra,900000.0
Jesús Owono,2022-23,Alavés,200000.0
Jarell Quansah,2025-26,Leverkusen,20000000.0
Jarell Quansah,2023-24,Liverpool,400000.0
Jarell Quansah,2022-23,Liverpool U21,400000.0
Nicolo Bertola,2025-26,Udinese,6000000.0
Nicolo Bertola,2022-23,Spezia Calcio,150000.0
Nicolo Bertola,2022-23,Montevarchi,300000.0
Jordan Zemura,2026-27,Udinese,5000000.0
Jordan Zemura,2026-27,Watford,5000000.0
Jordan Zemura,2023-24,Udinese,6000000.0
Matthew Craig,2026-27,Port Vale,250000.0
Matthew Craig,2024-25,Tottenham U21,350000.0
Matthew Craig,2024-25,Mansfield Town,350000.0
Enzo Le Fee,2025-26,Sunderland,18000000.0
Enzo Le Fee,2024-25,Roma,18000000.0
Enzo Le Fee,2024-25,Sunderland,18000000.0
Enzo Le Fee,2023-24,Stade Rennais,20000000.0
Miguel Rodríguez,2026-27,Alavés,4500000.0
Miguel Rodríguez,2025-26,Utrecht,4500000.0
Miguel Rodríguez,2024-25,Celta de Vigo,4500000.0
Miguel Rodríguez,2024-25,Utrecht,800000.0
Miguel Rodríguez,2022-23,Celta de Vigo,1000000.0
Carlos Dominguez,2026-27,Celta de Vigo,2000000.0
Carlos Dominguez,2026-27,Real Oviedo,2000000.0
Carlos Dominguez,2022-23,Celta de Vigo,1000000.0
Lucas Copado,2026-27,Energie Cottbus,600000.0
Lucas Copado,2025-26,SC Paderborn,600000.0
Lucas Copado,2024-25,LASK,600000.0
Lucas Copado,2024-25,Energie Cottbus,500000.0
Lucas Copado,2023-24,LASK,800000.0
Femi Seriki,2023-24,Sheff Utd,300000.0
Femi Seriki,2023-24,Rotherham,300000.0
Femi Seriki,2023-24,Sheff Utd,175000.0
Femi Seriki,2022-23,Sheff Utd U21,175000.0
Femi Seriki,2022-23,Rochdale,150000.0
Femi Seriki,2021-22,Sheffield U23,150000.0
Femi Seriki,2021-22,Boston Utd,150000.0
Femi Seriki,2021-22,Sheffield U23,200000.0
Femi Seriki,2021-22,Beerschot VA,200000.0
Abdoulaye Sidibe,2025-26,Without Club,200000.0
Abdoulaye Sidibe,2025-26,Auda,300000.0
Abdoulaye Sidibe,2024-25,Clermont Foot,300000.0
Abdoulaye Sidibe,2023-24,FC Biel-Bienne,150000.0
Abdoulaye Sidibe,2023-24,Clermont Foot,150000.0
Shola Shoretire,2025-26,PAOK,2000000.0
Shola Shoretire,2025-26,PEC Zwolle,2500000.0
Shola Shoretire,2024-25,PAOK,4000000.0
Shola Shoretire,2022-23,Man Utd U21,4000000.0
Shola Shoretire,2022-23,Bolton,4000000.0
Will Fish,2024-25,Cardiff,550000.0
Will Fish,2023-24,Man Utd U21,550000.0
Will Fish,2023-24,Hibernian FC,400000.0
Will Fish,2022-23,Man Utd U21,400000.0
Will Fish,2022-23,Hibernian FC,500000.0
Will Fish,2021-22,Man Utd U23,500000.0
Will Fish,2021-22,Stockport,500000.0
Tommaso Baldanzi,2026-27,Roma,8500000.0
Tommaso Baldanzi,2025-26,Genoa,10000000.0
Tommaso Baldanzi,2023-24,Roma,15000000.0
Tommaso Baldanzi,2021-22,FC Empoli,600000.0
Mikael,2024-25,CRB,275000.0
Mikael,2024-25,Without Club,300000.0
Mikael,2023-24,Salernitana,1000000.0
Mikael,2022-23,América-MG,1700000.0
Mikael,2022-23,Salernitana,1700000.0
Mikael,2022-23,Internacional,2000000.0
Mikael,2022-23,Salernitana,2000000.0
Mikael,2021-22,Sport Recife,2000000.0
Mikael,2021-22,Salernitana,1800000.0
Keane Lewis-Potter,2022-23,Brentford,12000000.0
Sadik Fofana,2025-26,Lecce,600000.0
Sadik Fofana,2024-25,Grazer AK 1902,500000.0
Sadik Fofana,2023-24,Leverkusen,500000.0
Sadik Fofana,2023-24,Fortuna Sittard,700000.0
Sadik Fofana,2022-23,Leverkusen,700000.0
Sadik Fofana,2022-23,1.FC Nuremberg,200000.0
Sadik Fofana,2022-23,Leverkusen,200000.0
Odilon Kossounou,2025-26,Atalanta,25000000.0
Odilon Kossounou,2024-25,Leverkusen,25000000.0
Odilon Kossounou,2024-25,Atalanta,35000000.0
Odilon Kossounou,2021-22,Leverkusen,13000000.0
Odilon Kossounou,2019-20,Club Brugge,2800000.0
Eren Dinkçi,2026-27,Freiburg,6000000.0
Eren Dinkçi,2026-27,Werder Bremen,6000000.0
Eren Dinkçi,2025-26,Freiburg,6000000.0
Eren Dinkçi,2025-26,Heidenheim,6000000.0
Eren Dinkçi,2024-25,Freiburg,12000000.0
Eren Dinkçi,2023-24,Werder Bremen,12000000.0
Eren Dinkçi,2023-24,Heidenheim,1000000.0
Eren Dinkçi,2020-21,Werder Bremen,150000.0
Jim Allevinah,2025-26,Angers SCO,1000000.0
Jim Allevinah,2025-26,Kasimpasa,1200000.0
Jim Allevinah,2024-25,Angers SCO,2000000.0
Tomás Mendes,2026-27,Without Club,500000.0
Tomás Mendes,2025-26,Alavés B,500000.0
Tomás Mendes,2025-26,Alverca,200000.0
Cristhian Mosquera,2025-26,Arsenal,30000000.0
Cristhian Mosquera,2022-23,Valencia,1000000.0
Cristhian Mosquera,2022-23,Valencia B,1000000.0
Evan Ferguson,2025-26,Brighton,20000000.0
Evan Ferguson,2025-26,Roma,25000000.0
Evan Ferguson,2024-25,Brighton,25000000.0
Evan Ferguson,2024-25,West Ham,40000000.0
Evan Ferguson,2022-23,Brighton,600000.0
Sabit Abdulai,2025-26,Alverca,200000.0
Sabit Abdulai,2024-25,Botafogo-SP,200000.0
Sabit Abdulai,2023-24,Getafe,200000.0
Sabit Abdulai,2023-24,Real Murcia,200000.0
Sabit Abdulai,2023-24,CD Lugo,200000.0
Sabit Abdulai,2022-23,Getafe,200000.0
Sabit Abdulai,2022-23,Ponferradina,150000.0
Sabit Abdulai,2022-23,Getafe,150000.0
Sabit Abdulai,2021-22,Getafe CF B,150000.0
Sabit Abdulai,2020-21,Extremadura,150000.0
Samuel Loric,2026-27,Without Club,450000.0
Samuel Loric,2024-25,1.FC Magdeburg,400000.0
Samuel Loric,2023-24,QRM,500000.0
Samuel Loric,2022-23,FC Lorient,500000.0
Samuel Loric,2022-23,Quevilly Rouen,500000.0
Samuel Loric,2020-21,FC Lorient,400000.0
Dion Lopy,2026-27,Al-Ittihad,15000000.0
Dion Lopy,2023-24,UD Almería,4000000.0
Dion Lopy,2021-22,Stade Reims,800000.0
Dion Lopy,2020-21,Stade Reims B,150000.0
Youssouph Badji,2026-27,Aarhus GF,800000.0
Youssouph Badji,2025-26,Panetolikos,900000.0
Youssouph Badji,2024-25,Aarhus GF,750000.0
Youssouph Badji,2023-24,R Charleroi SC,1500000.0
Youssouph Badji,2022-23,Club Brugge,1500000.0
Youssouph Badji,2021-22,R Charleroi SC,2500000.0
Youssouph Badji,2021-22,Club Brugge,2500000.0
Youssouph Badji,2021-22,Stade Brestois,3500000.0
Youssouph Badji,2019-20,Club Brugge,150000.0
Issa Kabore,2026-27,Wrexham,4000000.0
Issa Kabore,2025-26,Man City,4000000.0
Issa Kabore,2025-26,Wrexham,4000000.0
Issa Kabore,2024-25,Man City,4000000.0
Issa Kabore,2024-25,Werder Bremen,6000000.0
Issa Kabore,2024-25,Man City,6000000.0
Issa Kabore,2024-25,Benfica,10000000.0
Issa Kabore,2023-24,Man City,10000000.0
Issa Kabore,2023-24,Luton,7000000.0
Issa Kabore,2022-23,Man City,7000000.0
Issa Kabore,2022-23,Marseille,4000000.0
Issa Kabore,2021-22,Man City,4000000.0
Issa Kabore,2021-22,Troyes,3000000.0
Issa Kabore,2020-21,Man City,3000000.0
Issa Kabore,2020-21,KV Mechelen,1300000.0
Issa Kabore,2020-21,Man City,1300000.0
Jean Botue,2023-24,FC Inter,350000.0
Jean Botue,2023-24,Without Club,400000.0
Christos Kourfalidis,2026-27,Kallithea,200000.0
Christos Kourfalidis,2024-25,Cosenza,800000.0
Christos Kourfalidis,2023-24,Cagliari,800000.0
Christos Kourfalidis,2023-24,Feralpisalò,1000000.0
Christos Kourfalidis,2022-23,Cagliari,700000.0
Christos Kourfalidis,2020-21,Cagliari U19,50000.0
Christos Kourfalidis,2019-20,Cagliari U17,50000.0
Leo Leroy,2026-27,Preston,2500000.0
Leo Leroy,2024-25,Basel,1000000.0
Leo Leroy,2021-22,Montpellier,1500000.0
Samuele Vignato,2025-26,HNK Rijeka,2200000.0
Filippo Missori,2026-27,Sassuolo,2000000.0
Filippo Missori,2026-27,Avellino,2000000.0
Filippo Missori,2025-26,Sassuolo,2000000.0
Filippo Missori,2025-26,Avellino,1300000.0
Filippo Missori,2023-24,Sassuolo,800000.0
Leonardo Buta,2026-27,Red Star FC,1000000.0
Leonardo Buta,2025-26,Udinese,1000000.0
Leonardo Buta,2025-26,Rio Ave,1500000.0
Leonardo Buta,2025-26,Udinese,1500000.0
Leonardo Buta,2025-26,SD Eibar,2000000.0
Leonardo Buta,2025-26,Udinese,2000000.0
Leonardo Buta,2024-25,Moreirense,3000000.0
Leonardo Buta,2023-24,Udinese,3000000.0
Leonardo Buta,2023-24,Gil Vicente,1500000.0
Leonardo Buta,2022-23,Udinese,450000.0
Leonardo Buta,2021-22,Braga B,450000.0
Anton Kade,2025-26,Augsburg,5000000.0
Anton Kade,2022-23,Basel,750000.0
Yanis Lhery,2026-27,Without Club,125000.0
Yanis Lhery,2025-26,Xorazm FС,50000.0
Yanis Lhery,2025-26,AD Alcorcón,50000.0
Yanis Lhery,2025-26,UD Logroñés,50000.0
Yanis Lhery,2023-24,Saint-Étienne B,75000.0
Yanis Lhery,2023-24,Pr. Niederkorn,250000.0
Adrien Truffert,2025-26,Bournemouth,15000000.0
Marcel Wenig,2026-27,Without Club,150000.0
Marcel Wenig,2025-26,SSV Ulm 1846,300000.0
Marcel Wenig,2024-25,E. Frankfurt II,600000.0
Marcel Wenig,2023-24,Frankfurt,600000.0
Marcel Wenig,2023-24,1.FC Nuremberg,600000.0
Samu Costa,2026-27,Al-Nassr,15000000.0
Samu Costa,2023-24,RCD Mallorca,5000000.0
Samu Costa,2021-22,UD Almería,5000000.0
Samu Costa,2020-21,Braga,5000000.0
Lewis Richardson,2022-23,Burnley U21,200000.0
Lewis Richardson,2022-23,Grimsby Town,200000.0
Carney Chukwuemeka,2025-26,Dortmund,18000000.0
Carney Chukwuemeka,2025-26,Chelsea,18000000.0
Carney Chukwuemeka,2024-25,Dortmund,15000000.0
Carney Chukwuemeka,2022-23,Chelsea,6000000.0
Carney Chukwuemeka,2021-22,Aston Villa,1000000.0
Warren Bondo,2025-26,AC Milan,6000000.0
Warren Bondo,2025-26,Cremonese,10000000.0
Warren Bondo,2024-25,AC Milan,7000000.0
Warren Bondo,2022-23,Monza,700000.0
Warren Bondo,2022-23,Reggina,700000.0
Felix Lemarechal,2025-26,Club Brugge,10000000.0
Felix Lemarechal,2024-25,R. Strasbourg,5000000.0
Felix Lemarechal,2023-24,Monaco,5000000.0
Felix Lemarechal,2023-24,Cercle Brugge,1000000.0
Felix Lemarechal,2022-23,Monaco,1000000.0
Felix Lemarechal,2022-23,Stade Brestois,500000.0
Felix Lemarechal,2022-23,Monaco,600000.0
Edouard Michut,2024-25,Fortuna Sittard,2200000.0
Edouard Michut,2024-25,Without Club,2500000.0
Edouard Michut,2024-25,Adana Demirspor,2500000.0
Edouard Michut,2023-24,PSG,2500000.0
Edouard Michut,2023-24,Adana Demirspor,2500000.0
Edouard Michut,2022-23,PSG,2500000.0
Edouard Michut,2022-23,Sunderland,3000000.0
Edouard Michut,2021-22,PSG,1000000.0
Matthis Abline,2026-27,Monaco,20000000.0
Matthis Abline,2024-25,FC Nantes,6000000.0
Matthis Abline,2023-24,Stade Rennais,6000000.0
Matthis Abline,2023-24,FC Nantes,4500000.0
Matthis Abline,2022-23,Stade Rennais,4500000.0
Matthis Abline,2022-23,AJ Auxerre,3000000.0
Matthis Abline,2021-22,Stade Rennais,3000000.0
Matthis Abline,2021-22,Le Havre AC,2000000.0
Piero Hincapié,2026-27,Arsenal,50000000.0
Piero Hincapié,2025-26,Leverkusen,50000000.0
Piero Hincapié,2025-26,Arsenal,50000000.0
Piero Hincapié,2021-22,Leverkusen,8000000.0
Piero Hincapié,2020-21,CA Talleres,600000.0
Piero Hincapié,2019-20,Independiente,100000.0
Diego Coppola,2026-27,Paris FC,18000000.0
Diego Coppola,2025-26,Brighton,18000000.0
Diego Coppola,2025-26,Paris FC,10000000.0
Diego Coppola,2025-26,Brighton,10000000.0
Julio Enciso,2026-27,Ipswich,25000000.0
Julio Enciso,2025-26,R. Strasbourg,22000000.0
Julio Enciso,2024-25,Brighton,22000000.0
Julio Enciso,2024-25,Ipswich,22000000.0
Julio Enciso,2022-23,Brighton,11000000.0
Julio Enciso,2020-21,Libertad,500000.0
Oscar Bobb,2025-26,Fulham,25000000.0
Leo Fuhr Hjelde,2026-27,KV Mechelen,1500000.0
Leo Fuhr Hjelde,2025-26,Sunderland,1500000.0
Leo Fuhr Hjelde,2025-26,Sheff Utd,2000000.0
Leo Fuhr Hjelde,2023-24,Sunderland,1200000.0
Leo Fuhr Hjelde,2022-23,Leeds,1200000.0
Leo Fuhr Hjelde,2022-23,Rotherham,800000.0
Leo Fuhr Hjelde,2021-22,Leeds,300000.0
Luis Rojas,2025-26,U. Concepción,125000.0
Luis Rojas,2024-25,Crotone,150000.0
Luis Rojas,2024-25,AS Trencin,250000.0
Luis Rojas,2023-24,Crotone,300000.0
Luis Rojas,2023-24,Pro Vercelli,300000.0
Luis Rojas,2022-23,Crotone,500000.0
Luis Rojas,2022-23,Pro Vercelli,700000.0
Luis Rojas,2021-22,Crotone,1000000.0
Luis Rojas,2021-22,Bologna,1200000.0
Darko Gyabi,2025-26,Hull City,1800000.0
Darko Gyabi,2024-25,Leeds,1800000.0
Darko Gyabi,2024-25,Plymouth,1800000.0
Darko Gyabi,2023-24,Leeds,1800000.0
Darko Gyabi,2023-24,Plymouth,1800000.0
Vinicius Souza,2025-26,Wolfsburg,15000000.0
Vinicius Souza,2023-24,Sheff Utd,6000000.0
Vinicius Souza,2022-23,Lommel SK,6000000.0
Vinicius Souza,2022-23,Espanyol,4500000.0
Vinicius Souza,2021-22,Lommel SK,4500000.0
Vinicius Souza,2021-22,KV Mechelen,500000.0
Jaden Philogene Bidace,2024-25,Ipswich,15000000.0
Jaden Philogene Bidace,2024-25,Aston Villa,15000000.0
Jaden Philogene Bidace,2023-24,Hull City,2800000.0
Jaden Philogene Bidace,2022-23,Aston Villa,2500000.0
Jaden Philogene Bidace,2022-23,Cardiff,3000000.0
Jaden Philogene Bidace,2021-22,Aston Villa,3000000.0
Jaden Philogene Bidace,2021-22,Stoke City,500000.0
Jaden Philogene Bidace,2021-22,Aston Villa,500000.0
Omar Faraj,2025-26,Halmstads BK,750000.0
Omar Faraj,2025-26,Zamalek,1000000.0
Omar Faraj,2024-25,Degerfors,1200000.0
Omar Faraj,2024-25,Zamalek,1200000.0
Omar Faraj,2022-23,AIK,600000.0
Omar Faraj,2022-23,Atl. Levante,275000.0
Omar Faraj,2022-23,Degerfors,100000.0
Joaquin Blazquez,2026-27,CA Talleres,150000.0
Joaquin Blazquez,2024-25,Independiente,225000.0
Joaquin Blazquez,2023-24,CA Talleres,300000.0
Joaquin Blazquez,2023-24,Platense,400000.0
Joaquin Blazquez,2022-23,CA Talleres,400000.0
Joaquin Blazquez,2022-23,Stade Brestois,375000.0
Joaquin Blazquez,2020-21,CA Talleres,300000.0
Joaquin Blazquez,2019-20,Talleres II,300000.0
Habib Keita,2026-27,Without Club,2500000.0
Habib Keita,2026-27,Kocaelispor,2500000.0
Habib Keita,2025-26,Clermont Foot,2500000.0
Habib Keita,2025-26,Kocaelispor,1500000.0
Habib Keita,2023-24,Clermont Foot,650000.0
Habib Keita,2022-23,Lyon,650000.0
Habib Keita,2022-23,KV Kortrijk,800000.0
Filippo Distefano,2026-27,FC Empoli,1200000.0
Filippo Distefano,2025-26,Fiorentina,1200000.0
Filippo Distefano,2025-26,Carrarese,1400000.0
Filippo Distefano,2024-25,Fiorentina,1400000.0
Filippo Distefano,2024-25,Frosinone,1800000.0
Filippo Distefano,2023-24,Fiorentina,1800000.0
Filippo Distefano,2023-24,Ternana,600000.0
Filippo Distefano,2023-24,Fiorentina,600000.0
Tanner Tessmann,2024-25,Lyon,7000000.0
Tanner Tessmann,2021-22,Venezia,1000000.0
Tanner Tessmann,2019-20,Dallas,100000.0
Tanner Tessmann,2019-20,Dallas Academy,100000.0
Mohamed Ali-Cho,2026-27,Hull City,15000000.0
Mohamed Ali-Cho,2023-24,Nice,8000000.0
Mohamed Ali-Cho,2022-23,Real Sociedad,15000000.0
Lewis Hall,2024-25,Newcastle,18000000.0
Lewis Hall,2023-24,Chelsea,18000000.0
Lewis Hall,2023-24,Newcastle,10000000.0
Lewis Hall,2023-24,Chelsea,10000000.0
Antwoine Hackford,2026-27,Swindon Town,300000.0
Antwoine Hackford,2025-26,AFC Wimbledon,325000.0
Antwoine Hackford,2024-25,Sheff Utd U21,350000.0
Antwoine Hackford,2024-25,Port Vale,500000.0
Antwoine Hackford,2023-24,Sheff Utd U21,500000.0
Antwoine Hackford,2023-24,Burton Albion,500000.0
Antwoine Hackford,2021-22,Sheffield U23,100000.0
Antwoine Hackford,2021-22,Alfreton,100000.0
Sonny Perkins,2026-27,Wigan,600000.0
Sonny Perkins,2024-25,Leyton Orient,1000000.0
Sonny Perkins,2024-25,Leeds U21,1000000.0
Sonny Perkins,2023-24,Leeds U21,1000000.0
Sonny Perkins,2023-24,Oxford United,1200000.0
Sonny Perkins,2022-23,Leeds U21,1200000.0
Dane Scarlett,2026-27,Leyton Orient,1500000.0
Dane Scarlett,2025-26,Tottenham,1500000.0
Dane Scarlett,2025-26,Hibernian FC,2000000.0
Dane Scarlett,2024-25,Tottenham,1800000.0
Dane Scarlett,2024-25,Oxford United,1800000.0
Dane Scarlett,2023-24,Tottenham,1800000.0
Dane Scarlett,2023-24,Ipswich,1800000.0
Dane Scarlett,2022-23,Tottenham U21,1800000.0
Dane Scarlett,2022-23,Portsmouth,250000.0
Dane Scarlett,2021-22,Tottenham U23,250000.0
Kamory Doumbia,2024-25,Stade Brestois,5000000.0
Kamory Doumbia,2023-24,Stade Reims,5000000.0
Kamory Doumbia,2023-24,Stade Brestois,2500000.0
Kamory Doumbia,2022-23,Stade Reims,1000000.0
Jonathan Rowe,2026-27,Bologna,28000000.0
Jonathan Rowe,2026-27,Atalanta,28000000.0
Jonathan Rowe,2025-26,Bologna,12000000.0
Jonathan Rowe,2025-26,Marseille,12000000.0
Jonathan Rowe,2024-25,Norwich,12000000.0
Jonathan Rowe,2024-25,Marseille,9000000.0
Luke Ayling,2024-25,Middlesbrough,1000000.0
Luke Ayling,2023-24,Leeds,1000000.0
Luke Ayling,2023-24,Middlesbrough,1000000.0
Luke Ayling,2016-17,Leeds,500000.0
Luke Ayling,2014-15,Bristol City,450000.0
Luke Ayling,2010-11,Yeovil Town,300000.0
Luke Ayling,2009-10,Arsenal Res.,300000.0
Milan Djuric,2025-26,Cremonese,1000000.0
Milan Djuric,2024-25,Parma,1500000.0
Milan Djuric,2023-24,Monza,1000000.0
Milan Djuric,2022-23,Hellas Verona,1500000.0
Milan Djuric,2018-19,Salernitana,900000.0
Milan Djuric,2016-17,Bristol City,1000000.0
Milan Djuric,2013-14,Cesena,300000.0
Milan Djuric,2013-14,Cittadella,300000.0
Milan Djuric,2013-14,Trapani,300000.0
Milan Djuric,2012-13,Cesena,300000.0
Milan Djuric,2012-13,Cremonese,750000.0
Milan Djuric,2012-13,Cesena,750000.0
Milan Djuric,2011-12,Parma,750000.0
Milan Djuric,2010-11,FC Crotone,1000000.0
Milan Djuric,2010-11,Parma,1000000.0
Milan Djuric,2010-11,Ascoli,1500000.0
Milan Djuric,2010-11,Parma,1500000.0
Thomas Kastanaras,2026-27,Würzb. Kickers,300000.0
Thomas Kastanaras,2025-26,Augsburg,300000.0
Thomas Kastanaras,2025-26,Stuttgart II,400000.0
Thomas Kastanaras,2023-24,Stuttgart,500000.0
Thomas Kastanaras,2023-24,SSV Ulm 1846,700000.0
Thomas Kastanaras,2022-23,Stuttgart,125000.0
Facundo Pellistri,2024-25,Panathinaikos,10000000.0
Facundo Pellistri,2023-24,Man Utd,8000000.0
Facundo Pellistri,2023-24,Granada CF,10000000.0
Facundo Pellistri,2021-22,Man Utd,2500000.0
Facundo Pellistri,2021-22,Alavés,6000000.0
Facundo Pellistri,2020-21,Man Utd,6000000.0
Facundo Pellistri,2020-21,Alavés,7000000.0
Facundo Pellistri,2020-21,Man Utd,1800000.0
Luca Wollschläger,2026-27,Carl Zeiss Jena,150000.0
Luca Wollschläger,2025-26,Saarbrücken,175000.0
Luca Wollschläger,2023-24,Hertha BSC II,125000.0
Luca Wollschläger,2023-24,H. Rostock II,150000.0
Luca Wollschläger,2023-24,Hertha BSC II,175000.0
Luca Wollschläger,2022-23,Hertha BSC,175000.0
Luca Wollschläger,2022-23,RW Essen,300000.0
Luca Wollschläger,2022-23,Hertha BSC,300000.0
Matthew Hoppe,2024-25,Sönderjyske,600000.0
Matthew Hoppe,2023-24,Middlesbrough,1000000.0
Matthew Hoppe,2023-24,SJ Earthquakes,1000000.0
Matthew Hoppe,2022-23,Middlesbrough,1000000.0
Matthew Hoppe,2022-23,Hibernian FC,1500000.0
Matthew Hoppe,2021-22,RCD Mallorca,4500000.0
Matthew Hoppe,2020-21,FC Schalke 04,25000.0
Denis Huseinbasic,2026-27,Braga,2000000.0
Denis Huseinbasic,2022-23,1.FC Köln,250000.0
Niklas Pyyhtia,2026-27,Bologna,1300000.0
Niklas Pyyhtia,2026-27,Südtirol,1300000.0
Niklas Pyyhtia,2025-26,Bologna,1300000.0
Niklas Pyyhtia,2025-26,Modena,1700000.0
Niklas Pyyhtia,2024-25,Bologna,1700000.0
Niklas Pyyhtia,2024-25,Südtirol,1000000.0
Niklas Pyyhtia,2023-24,Bologna,1200000.0
Niklas Pyyhtia,2023-24,Ternana,600000.0
Niklas Pyyhtia,2022-23,Bologna,400000.0
Niklas Pyyhtia,2021-22,Bologna U19,150000.0
Niklas Pyyhtia,2020-21,FC Honka,100000.0
Niklas Pyyhtia,2020-21,TPS,100000.0
Niklas Pyyhtia,2020-21,FC Honka,50000.0
Waniss Taibi,2025-26,Hannover 96,1500000.0
Waniss Taibi,2023-24,Rodez AF,500000.0
Waniss Taibi,2021-22,Angers SCO,300000.0
Tolu Arokodare,2026-27,Wolves,20000000.0
Tolu Arokodare,2026-27,Ajax,20000000.0
Tolu Arokodare,2025-26,Wolves,18000000.0
Tolu Arokodare,2022-23,Genk,2200000.0
Tolu Arokodare,2022-23,Amiens SC,2200000.0
Tolu Arokodare,2022-23,Valmiera,2200000.0
Tolu Arokodare,2021-22,Amiens SC,800000.0
Tolu Arokodare,2020-21,Valmiera,800000.0
Tolu Arokodare,2020-21,1.FC Köln,225000.0
Pedri,2019-20,Barcelona,7200000.0
Emmanuel Agbadou,2025-26,Besiktas,18000000.0
Emmanuel Agbadou,2024-25,Wolves,10000000.0
Emmanuel Agbadou,2022-23,Stade Reims,2500000.0
Emmanuel Agbadou,2020-21,KAS Eupen,325000.0
Emmanuel Agbadou,2019-20,FC San Pedro,325000.0
Jaidon Anthony,2026-27,Brentford,20000000.0
Jaidon Anthony,2025-26,Burnley,9000000.0
Jaidon Anthony,2024-25,Bournemouth,9000000.0
Jaidon Anthony,2024-25,Burnley,6000000.0
Jaidon Anthony,2023-24,Bournemouth,6000000.0
Jaidon Anthony,2023-24,Leeds,9000000.0
Yoann Touzghar,2022-23,AC Ajaccio,600000.0
Yoann Touzghar,2018-19,Troyes,900000.0
Yoann Touzghar,2016-17,FC Sochaux,1250000.0
Yoann Touzghar,2016-17,AJ Auxerre,1400000.0
Yoann Touzghar,2015-16,Club Africain,1750000.0
Yoann Touzghar,2013-14,Lens,1000000.0
Yoann Touzghar,2012-13,Amiens SC,1000000.0
Yoann Touzghar,2012-13,Lens,400000.0
Salis Abdul Samed,2025-26,Nice,5500000.0
Salis Abdul Samed,2024-25,Lens,5500000.0
Salis Abdul Samed,2024-25,Sunderland,8000000.0
Salis Abdul Samed,2022-23,Lens,3000000.0
Salis Abdul Samed,2021-22,Clermont Foot,400000.0
Salis Abdul Samed,2020-21,JMG Abidjan,400000.0
Luis Henrique,2025-26,Inter,25000000.0
Luis Henrique,2023-24,Marseille,6000000.0
Luis Henrique,2022-23,Botafogo,6000000.0
Luis Henrique,2020-21,Marseille,5000000.0
Luis Henrique,2020-21,Três Passos,5000000.0
Joan Gonzalez,2025-26,Retired,800000.0
Joan Gonzalez,2022-23,Lecce,250000.0
Linus Gechter,2022-23,Hertha BSC,2500000.0
Linus Gechter,2022-23,E. Braunschweig,4500000.0
Linus Gechter,2021-22,Hertha BSC,700000.0
Rayan Philippe,2026-27,Hamburg,4000000.0
Rayan Philippe,2026-27,SC Paderborn,4000000.0
Rayan Philippe,2025-26,Hamburg,3500000.0
Rayan Philippe,2023-24,E. Braunschweig,400000.0
Rayan Philippe,2021-22,Hesperange,700000.0
Rayan Philippe,2020-21,Dijon,700000.0
Rayan Philippe,2020-21,AS Nancy,250000.0
Samuel Lino,2025-26,Flamengo,22000000.0
Samuel Lino,2022-23,Atlético,16000000.0
Samuel Lino,2022-23,Valencia,7000000.0
Samuel Lino,2022-23,Atlético,7000000.0
Chiquinho,2025-26,Alverca,2000000.0
Chiquinho,2024-25,Wolves,2000000.0
Chiquinho,2024-25,RCD Mallorca,3000000.0
Chiquinho,2023-24,Wolves,3000000.0
Chiquinho,2023-24,Famalicão,2000000.0
Chiquinho,2023-24,Wolves,2000000.0
Chiquinho,2023-24,Stoke City,2000000.0
Chiquinho,2021-22,Wolves,1000000.0
Tim Oermann,2025-26,Leverkusen,4000000.0
Tim Oermann,2025-26,Sturm Graz,5000000.0
Tim Oermann,2025-26,Leverkusen,5000000.0
Tim Oermann,2022-23,VfL Bochum,800000.0
Tim Oermann,2022-23,Wolfsberger AC,600000.0
Romaine Mundle,2023-24,Sunderland,600000.0
Romaine Mundle,2023-24,Standard Liège,300000.0
Tim Iroegbunam,2026-27,Hull City,18000000.0
Tim Iroegbunam,2024-25,Everton,4000000.0
Tim Iroegbunam,2022-23,Aston Villa,4000000.0
Tim Iroegbunam,2022-23,QPR,2500000.0
Abu Kamara,2026-27,Portsmouth,2500000.0
Abu Kamara,2025-26,Hull City,2500000.0
Abu Kamara,2025-26,Getafe,4000000.0
Abu Kamara,2024-25,Hull City,600000.0
Abu Kamara,2023-24,Norwich,600000.0
Etienne Green,2026-27,Without Club,400000.0
Etienne Green,2025-26,FC Fredericia,700000.0
Etienne Green,2024-25,Burnley,700000.0
Etienne Green,2020-21,Saint-Étienne,150000.0
Juan Brunet,2026-27,Scafatese,200000.0
Juan Brunet,2025-26,Campobasso,200000.0
Juan Brunet,2024-25,Sestri Levante,100000.0
Juan Brunet,2023-24,Rotonda,100000.0
Juan Brunet,2023-24,Without Club,100000.0
Juan Brunet,2021-22,Bergantiños FC,50000.0
Burak İnce,2026-27,FC Baniyas,325000.0
Burak İnce,2025-26,Al-Okhdood,400000.0
Burak İnce,2025-26,Without Club,400000.0
Burak İnce,2023-24,Slask Wroclaw,500000.0
Burak İnce,2021-22,Arm. Bielefeld,2500000.0
Burak İnce,2019-20,Altinordu,50000.0
Lorenzo Malagrida,2025-26,Livorno,150000.0
Lorenzo Malagrida,2024-25,Sampdoria,150000.0
Lorenzo Malagrida,2023-24,Rimini,350000.0
Lorenzo Malagrida,2022-23,Sampdoria,250000.0
Hugo Bueno,2024-25,Wolves,8000000.0
Hugo Bueno,2024-25,Feyenoord,6000000.0
Kacper Urbanski,2026-27,Górnik Zabrze,2000000.0
Kacper Urbanski,2025-26,Legia Warszawa,6000000.0
Kacper Urbanski,2024-25,Bologna,6000000.0
Kacper Urbanski,2024-25,Monza,7000000.0
Kacper Urbanski,2022-23,Bologna,200000.0
Kacper Urbanski,2021-22,Bologna U19,200000.0
Kacper Urbanski,2020-21,Lechia Gdansk,200000.0
Kacper Urbanski,2020-21,Bologna U17,200000.0
Gabriel Veiga,2025-26,Porto,18000000.0
Gabriel Veiga,2023-24,Al-Ahli,30000000.0
Gabriel Veiga,2022-23,Celta de Vigo,1500000.0
Martin Turk,2025-26,Estoril,400000.0
Martin Turk,2024-25,Ruch Chorzow,350000.0
Martin Turk,2022-23,Parma,400000.0
Martin Turk,2022-23,Sampdoria,300000.0
Martin Turk,2022-23,Parma,300000.0
Martin Turk,2022-23,Reggiana,500000.0
Chaka Traore,2026-27,Partizan,700000.0
Chaka Traore,2024-25,Milan Futuro,1500000.0
Chaka Traore,2023-24,AC Milan,1500000.0
Chaka Traore,2023-24,Palermo,1500000.0
Chaka Traore,2023-24,AC Milan,500000.0
Sinaly Diomande,2024-25,AJ Auxerre,4000000.0
Nicholas Gioacchini,2026-27,CE Sabadell,700000.0
Nicholas Gioacchini,2024-25,Asteras Aktor,2000000.0
Nicholas Gioacchini,2024-25,Como,2000000.0
Nicholas Gioacchini,2024-25,Cincinnati,2400000.0
Nicholas Gioacchini,2023-24,Como,2500000.0
Nicholas Gioacchini,2022-23,St. Louis CITY,1200000.0
Nicholas Gioacchini,2022-23,Orlando,1500000.0
Nicholas Gioacchini,2021-22,SM Caen,1500000.0
Nicholas Gioacchini,2021-22,Montpellier,1500000.0
Sambou Soumano,2026-27,Stade Reims,3500000.0
Sambou Soumano,2023-24,FC Lorient,1500000.0
Sambou Soumano,2023-24,QRM,800000.0
Sambou Soumano,2022-23,FC Lorient,800000.0
Sambou Soumano,2022-23,Rodez AF,900000.0
Sambou Soumano,2022-23,FC Lorient,900000.0
Sambou Soumano,2022-23,KAS Eupen,1200000.0
Sambou Soumano,2021-22,FC Lorient,400000.0
Riccardo Pinzi,2026-27,Lanciano FC,100000.0
Riccardo Pinzi,2025-26,San Luigi,50000.0
Riccardo Pinzi,2023-24,Fermana,75000.0
Riccardo Pinzi,2023-24,Pro Vercelli,100000.0
Riccardo Pinzi,2022-23,Fermana,100000.0
Lluís Recasens,2025-26,Reus FCR,150000.0
Lluís Recasens,2024-25,Dep. Aragón,150000.0
Lluís Recasens,2023-24,Badalona Futur,150000.0
Gori,2026-27,CE Europa,100000.0
Gori,2025-26,Torremolinos,100000.0
Gori,2024-25,Real Zaragoza,100000.0
Gori,2024-25,UD Ibiza,100000.0
Gori,2024-25,Real Zaragoza,50000.0
Javier Llabrés,2026-27,Burgos CF,800000.0
Javier Llabrés,2024-25,RCD Mallorca,800000.0
Javier Llabrés,2024-25,Eldense,600000.0
Javier Llabrés,2022-23,RCD Mallorca,300000.0
Javier Llabrés,2022-23,CD Mirandés,300000.0
Julian Eitschberger,2024-25,Hertha BSC,600000.0
Julian Eitschberger,2024-25,RW Essen,400000.0
Julian Eitschberger,2023-24,Hertha BSC,400000.0
Julian Eitschberger,2023-24,Hallescher FC,350000.0
Julian Eitschberger,2022-23,Hertha BSC,250000.0
Noah Fatar,2025-26,US Boulogne,400000.0
Noah Fatar,2023-24,FC Sochaux,450000.0
Noah Fatar,2022-23,Angers SCO,450000.0
Noah Fatar,2022-23,SO Cholet,300000.0
Noah Fatar,2022-23,Angers SCO,300000.0
Badredine Bouanani,2026-27,Stuttgart,10000000.0
Badredine Bouanani,2026-27,Rangers,10000000.0
Badredine Bouanani,2025-26,Stuttgart,7000000.0
Badredine Bouanani,2023-24,Nice,5000000.0
Badredine Bouanani,2023-24,FC Lorient,6000000.0
César Tárrega,2023-24,Valencia,1500000.0
César Tárrega,2023-24,Real Valladolid,150000.0
César Tárrega,2023-24,Valencia,150000.0
Antoine Valerio,2025-26,FC Chambly Oise,200000.0
Antoine Valerio,2024-25,FC Villefranche,300000.0
Antoine Valerio,2022-23,Rodez AF,400000.0
Bradley Barcola,2026-27,Liverpool,90000000.0
Bradley Barcola,2023-24,PSG,18000000.0
Salim Ben Seghir,2026-27,KSC Lokeren,250000.0
Salim Ben Seghir,2024-25,Neuchâtel Xamax,400000.0
Salim Ben Seghir,2023-24,Marseille,400000.0
Salim Ben Seghir,2023-24,Neuchâtel Xamax,500000.0
Salim Ben Seghir,2022-23,Marseille,500000.0
Salim Ben Seghir,2022-23,Valenciennes FC,400000.0
Salim Ben Seghir,2022-23,Marseille,400000.0
Salim Ben Seghir,2021-22,Marseille B,400000.0
Amadou Diambo,2025-26,Renato Curi Ang,100000.0
Amadou Diambo,2024-25,Manfredonia,50000.0
Amadou Diambo,2023-24,United Riccione,50000.0
Amadou Diambo,2023-24,Chieti,50000.0
Amadou Diambo,2022-23,Grosseto,150000.0
Amadou Diambo,2022-23,Hebar II,150000.0
Amadou Diambo,2020-21,Pescara,200000.0
Amadou Diambo,2020-21,Benevento U19,150000.0
Amadou Diambo,2020-21,Pescara,150000.0
Nico Williams,2021-22,Athletic Club,1500000.0
Thierno Balde,2026-27,AS Nancy,400000.0
Thierno Balde,2022-23,Troyes,2000000.0
Thierno Balde,2021-22,PSG,2000000.0
Mario Perrone,2025-26,Isernia,10000.0
Mario Perrone,2025-26,Palmese,25000.0
Mario Perrone,2023-24,Without Club,50000.0
Mario Perrone,2022-23,Avellino,75000.0
Hugo Ekitike,2025-26,Liverpool,75000000.0
Hugo Ekitike,2024-25,Frankfurt,20000000.0
Hugo Ekitike,2023-24,PSG,20000000.0
Hugo Ekitike,2023-24,Frankfurt,15000000.0
Hugo Ekitike,2022-23,Stade Reims,20000000.0
Hugo Ekitike,2022-23,PSG,28000000.0
Hugo Ekitike,2021-22,Stade Reims,600000.0
Hugo Ekitike,2020-21,Stade Reims B,600000.0
Hugo Ekitike,2020-21,Vejle BK,400000.0
Ilias Akhomach,2025-26,Villarreal,12000000.0
Ilias Akhomach,2025-26,Rayo Vallecano,12000000.0
Ilias Akhomach,2023-24,Villarreal,3000000.0
Ilias Akhomach,2022-23,Barça Atlètic,3000000.0
Peter González,2026-27,Górnik Zabrze,1500000.0
Peter González,2025-26,Getafe,1500000.0
Peter González,2025-26,Real Valladolid,1200000.0
Peter González,2024-25,Getafe,3000000.0
Peter González,2023-24,RM Castilla,3000000.0
Peter González,2023-24,Valencia,1000000.0
Iker Benito,2026-27,Querétaro FC,1400000.0
Iker Benito,2024-25,CA Osasuna,1500000.0
Iker Benito,2024-25,CD Mirandés,800000.0
Iker Benito,2023-24,CA Osasuna,800000.0
Iker Benito,2023-24,FC Andorra,300000.0
Iker Benito,2023-24,CA Osasuna,300000.0
Kevin Paredes,2026-27,Utrecht,2000000.0
Kevin Paredes,2021-22,Wolfsburg,4000000.0
Andy Diouf,2025-26,Inter,15000000.0
Andy Diouf,2023-24,Lens,7000000.0
Andy Diouf,2023-24,Basel,7000000.0
Andy Diouf,2022-23,Stade Rennais,7000000.0
Andy Diouf,2022-23,Basel,500000.0
Guela Doue,2026-27,Leverkusen,20000000.0
Guela Doue,2024-25,R. Strasbourg,7000000.0
Dexter Lembikisa,2026-27,Without Club,800000.0
Dexter Lembikisa,2025-26,Wolves U21,1200000.0
Dexter Lembikisa,2025-26,Lincoln City,1300000.0
Dexter Lembikisa,2024-25,Wolves U21,1500000.0
Dexter Lembikisa,2024-25,Barnsley,1500000.0
Dexter Lembikisa,2024-25,Yverdon Sport,3000000.0
Dexter Lembikisa,2023-24,Wolves U21,3000000.0
Dexter Lembikisa,2023-24,Heart of Midl.,3000000.0
Brian Bayeye,2026-27,FC Botosani,300000.0
Brian Bayeye,2025-26,FC Villefranche,250000.0
Brian Bayeye,2025-26,Without Club,300000.0
Brian Bayeye,2024-25,Torino,300000.0
Brian Bayeye,2024-25,Radnicki Nis,400000.0
Brian Bayeye,2023-24,Torino,400000.0
Brian Bayeye,2023-24,Ascoli,500000.0
Brian Bayeye,2022-23,Torino,100000.0
Brian Bayeye,2020-21,Catanzaro,50000.0
Brian Bayeye,2020-21,Carpi,25000.0
Damián Rodríguez,2026-27,Celta de Vigo,2000000.0
Damián Rodríguez,2026-27,Cádiz CF,2000000.0
Damián Rodríguez,2025-26,Celta de Vigo,2000000.0
Damián Rodríguez,2025-26,Racing,2000000.0
Damián Rodríguez,2024-25,Celta de Vigo,500000.0
Mamor Niang,2024-25,Majd FC,150000.0
Mamor Niang,2024-25,CD Alcoyano,150000.0
Mamor Niang,2023-24,UD Melilla,150000.0
Mamor Niang,2022-23,UE Cornellà,25000.0
Sidney Raebiger,2024-25,E. Braunschweig,300000.0
Sidney Raebiger,2023-24,Frankfurt,750000.0
Sidney Raebiger,2022-23,Greuther Fürth,750000.0
Sanoussy Ba,2025-26,E. Braunschweig,250000.0
Sanoussy Ba,2025-26,W. Mannheim,300000.0
Sanoussy Ba,2024-25,E. Braunschweig,400000.0
Sanoussy Ba,2023-24,Leipzig,400000.0
Sanoussy Ba,2023-24,LASK,500000.0
Unai Ropero,2026-27,Alavés,500000.0
Unai Ropero,2026-27,Racing Ferrol,500000.0
Unai Ropero,2025-26,Alavés,500000.0
Unai Ropero,2025-26,Hércules CF,500000.0
Unai Ropero,2024-25,Alavés,500000.0
Unai Ropero,2024-25,Eldense,500000.0
Kevin Omoruyi,2026-27,Nice,4000000.0
Kevin Omoruyi,2026-27,Cagliari,4000000.0
Kevin Omoruyi,2025-26,Nice,4500000.0
Kevin Omoruyi,2024-25,Basel,2000000.0
Kevin Omoruyi,2023-24,Yverdon Sport,400000.0
Kevin Omoruyi,2023-24,SD Huesca,400000.0
Kevin Omoruyi,2023-24,Yverdon Sport,300000.0
Kevin Omoruyi,2022-23,SD Huesca,300000.0
Kevin Omoruyi,2022-23,Betis Deportivo,300000.0
Nassim Chadli,2026-27,Al-Ain,400000.0
Nassim Chadli,2026-27,Al-Nasr,400000.0
Nassim Chadli,2025-26,Al-Ain,400000.0
Nassim Chadli,2025-26,FC Baniyas,500000.0
Nassim Chadli,2025-26,Al-Ain,550000.0
Nassim Chadli,2024-25,Wydad AC,550000.0
Nassim Chadli,2024-25,Al-Jazira,550000.0
Nassim Chadli,2024-25,Wydad AC,600000.0
Nassim Chadli,2023-24,Le Havre AC,600000.0
Nassim Chadli,2023-24,Concarneau,400000.0
Nassim Chadli,2022-23,Le Havre AC,550000.0
Nassim Chadli,2022-23,Troyes,550000.0
Nassim Chadli,2022-23,Lommel SK,500000.0
Nassim Chadli,2021-22,Troyes,250000.0
Isaac Karamoko,2023-24,Pays de Grasse,175000.0
Isaac Karamoko,2022-23,OGC Nice B,175000.0
Isaac Karamoko,2022-23,Without Club,175000.0
Isaac Karamoko,2021-22,Sassuolo U20,175000.0
Isaac Karamoko,2021-22,Ap. Larisa,150000.0
Fabio Chiarodia,2023-24,Mönchengladbach,1000000.0
Georges Mikautadze,2025-26,Villarreal,22000000.0
Georges Mikautadze,2024-25,Lyon,20000000.0
Georges Mikautadze,2024-25,FC Metz,15000000.0
Georges Mikautadze,2023-24,Ajax,15000000.0
Georges Mikautadze,2023-24,FC Metz,8000000.0
Georges Mikautadze,2023-24,Ajax,10000000.0
Georges Mikautadze,2021-22,FC Metz,2200000.0
Georges Mikautadze,2021-22,RFC Seraing,1200000.0
Georges Mikautadze,2020-21,FC Metz,1200000.0
Mykola Kukharevych,2025-26,Slo. Bratislava,1200000.0
Mykola Kukharevych,2024-25,Swansea,1200000.0
Mykola Kukharevych,2024-25,Hibernian FC,1500000.0
Mykola Kukharevych,2023-24,Swansea,500000.0
Mykola Kukharevych,2022-23,Troyes,450000.0
Mykola Kukharevych,2022-23,Hibernian FC,400000.0
Mykola Kukharevych,2022-23,Troyes,400000.0
Mykola Kukharevych,2021-22,OH Leuven,600000.0
Mykola Kukharevych,2021-22,Troyes,600000.0
Aaron Zehnter,2025-26,Wolfsburg,6000000.0
Aaron Zehnter,2023-24,SC Paderborn,300000.0
Loic Bade,2025-26,Leverkusen,25000000.0
Loic Bade,2023-24,Sevilla FC,12000000.0
Loic Bade,2022-23,Stade Rennais,12000000.0
Loic Bade,2022-23,Sevilla FC,10000000.0
Loic Bade,2022-23,Stade Rennais,10000000.0
Loic Bade,2022-23,Nott'm Forest,12000000.0
Loic Bade,2021-22,Stade Rennais,12000000.0
Kaide Gordon,2024-25,Liverpool U21,1000000.0
Kaide Gordon,2024-25,Portsmouth,1200000.0
Kaide Gordon,2024-25,Liverpool U21,1200000.0
Kaide Gordon,2024-25,Norwich,1200000.0
Jeremy Le Douaron,2026-27,Palermo,3000000.0
Jeremy Le Douaron,2026-27,Troyes,3000000.0
Jeremy Le Douaron,2024-25,Palermo,5000000.0
Alessandro Tuia,2025-26,Flaminia,125000.0
Alessandro Tuia,2025-26,Without Club,150000.0
Alessandro Tuia,2024-25,NK Osijek,250000.0
Alessandro Tuia,2023-24,Cremonese,400000.0
Alessandro Tuia,2023-24,Without Club,400000.0
Alessandro Tuia,2021-22,Lecce,800000.0
Alessandro Tuia,2018-19,Benevento,400000.0
Alessandro Tuia,2012-13,Salernitana,100000.0
Alessandro Tuia,2011-12,Lazio,100000.0
Alessandro Tuia,2011-12,Foligno,100000.0
Alessandro Tuia,2010-11,Lazio,100000.0
Alessandro Tuia,2009-10,Monza,50000.0
Ilan Kebbal,2023-24,Paris FC,2000000.0
Ilan Kebbal,2022-23,Stade Reims,2000000.0
Ilan Kebbal,2022-23,Paris FC,4500000.0
Ilan Kebbal,2020-21,Stade Reims,1000000.0
Issouf Sissokho,2024-25,M. Tel Aviv,700000.0
Issouf Sissokho,2021-22,G. Bordeaux,400000.0
Issouf Sissokho,2020-21,Derby Acad.,400000.0
Omari Hutchinson,2026-27,Nott'm Forest,30000000.0
Omari Hutchinson,2026-27,AC Milan,30000000.0
Omari Hutchinson,2025-26,Nott'm Forest,22000000.0
Omari Hutchinson,2024-25,Ipswich,7000000.0
Omari Hutchinson,2023-24,Chelsea,7000000.0
Omari Hutchinson,2023-24,Ipswich,1000000.0
Omari Hutchinson,2023-24,Chelsea,1000000.0
Iker Bravo,2026-27,Watford,3000000.0
Iker Bravo,2025-26,Udinese,3000000.0
Iker Bravo,2025-26,UD Las Palmas,5000000.0
Iker Bravo,2024-25,Udinese,500000.0
Iker Bravo,2024-25,Leverkusen,500000.0
Iker Bravo,2023-24,Leverkusen U19,500000.0
Iker Bravo,2023-24,Real Madrid U19,1000000.0
Iker Bravo,2022-23,RM Castilla,1000000.0
Giuliano Simeone,2023-24,Atlético,3000000.0
Giuliano Simeone,2023-24,Alavés,2500000.0
Giuliano Simeone,2022-23,Atlético,2500000.0
Giuliano Simeone,2022-23,Real Zaragoza,500000.0
Giuliano Simeone,2022-23,Atlético,500000.0
Emirhan Ilkhan,2023-24,Torino,3000000.0
Emirhan Ilkhan,2023-24,Basaksehir,4000000.0
Emirhan Ilkhan,2022-23,Torino,4000000.0
Emirhan Ilkhan,2022-23,Sampdoria,4500000.0
Emirhan Ilkhan,2022-23,Torino,3000000.0
Kevin Danois,2022-23,AJ Auxerre,50000.0
Wilson Odobert,2024-25,Tottenham,10000000.0
Wilson Odobert,2023-24,Burnley,6000000.0
Mohamed El Arouch,2025-26,Ittihad Tanger,300000.0
Mohamed El Arouch,2025-26,Without Club,500000.0
Mohamed El Arouch,2024-25,RWDM,1200000.0
Mohamed El Arouch,2024-25,Without Club,1500000.0
Mohamed El Arouch,2024-25,Botafogo,1500000.0
Kaiky,2025-26,Shabab Al-Ahli,1000000.0
Kaiky,2023-24,UD Almería,2000000.0
Kaiky,2023-24,Albacete,2500000.0
Kaiky,2022-23,UD Almería,8000000.0
Arijon Ibrahimovic,2026-27,Bayern Munich,10000000.0
Arijon Ibrahimovic,2026-27,Augsburg,10000000.0
Arijon Ibrahimovic,2025-26,Bayern Munich,10000000.0
Arijon Ibrahimovic,2025-26,Heidenheim,4000000.0
Arijon Ibrahimovic,2024-25,Bayern Munich,4000000.0
Arijon Ibrahimovic,2024-25,Lazio,4000000.0
Arijon Ibrahimovic,2023-24,Bayern Munich,4000000.0
Arijon Ibrahimovic,2023-24,Frosinone,1000000.0
Maghnes Akliouche,2026-27,PSG,50000000.0
Maghnes Akliouche,2022-23,Monaco,1000000.0
Luca Koleosho,2026-27,Paris FC,6000000.0
Luca Koleosho,2025-26,Burnley,6000000.0
Luca Koleosho,2025-26,Paris FC,4000000.0
Luca Koleosho,2025-26,Burnley,4000000.0
Luca Koleosho,2025-26,Espanyol,12000000.0
Luca Koleosho,2023-24,Burnley,1000000.0
Kamaldeen Sulemana,2025-26,Atalanta,13000000.0
Kamaldeen Sulemana,2022-23,Southampton,18000000.0
Kamaldeen Sulemana,2021-22,Stade Rennais,9000000.0
Daniel Jebbison,2025-26,Bournemouth,6000000.0
Daniel Jebbison,2025-26,Preston,4000000.0
Daniel Jebbison,2024-25,Bournemouth,1200000.0
Daniel Jebbison,2024-25,Watford,1000000.0
Daniel Jebbison,2024-25,Bournemouth,1000000.0
Daniel Jebbison,2021-22,Sheff Utd,1000000.0
Daniel Jebbison,2021-22,Burton Albion,1000000.0
Cristian Volpato,2023-24,Sassuolo,3000000.0
Cristian Volpato,2022-23,Roma,900000.0
Alou Kuol,2026-27,Blacktown City,300000.0
Alou Kuol,2025-26,Western Sydney,350000.0
Alou Kuol,2023-24,Central Coast,300000.0
Alou Kuol,2022-23,Stuttgart,300000.0
Alou Kuol,2021-22,Stuttgart II,300000.0
Alou Kuol,2021-22,SV Sandhausen,325000.0
Alou Kuol,2021-22,Stuttgart II,400000.0
Reinhold Yabo,2018-19,Arm. Bielefeld,2000000.0
Reinhold Yabo,2016-17,Salzburg,1000000.0
Reinhold Yabo,2016-17,Arm. Bielefeld,1000000.0
Reinhold Yabo,2015-16,Salzburg,2000000.0
Reinhold Yabo,2013-14,Karlsruher SC,300000.0
Reinhold Yabo,2011-12,1.FC Köln,500000.0
Reinhold Yabo,2011-12,Alem. Aachen,500000.0
Reinhold Yabo,2010-11,1.FC Köln,350000.0
Liam Cooper,2025-26,Sheff Wed,300000.0
Liam Cooper,2025-26,Without Club,400000.0
Liam Cooper,2024-25,CSKA-Sofia,1000000.0
Liam Cooper,2024-25,Without Club,1000000.0
Liam Cooper,2014-15,Leeds,250000.0
Liam Cooper,2012-13,Chesterfield,250000.0
Liam Cooper,2012-13,Hull City,250000.0
Liam Cooper,2011-12,Hull City,50000.0
Liam Cooper,2011-12,Huddersfield,50000.0
Liam Cooper,2010-11,Hull City,50000.0
Liam Cooper,2010-11,Carlisle United,50000.0
Liam Cooper,2009-10,Hull City,50000.0
Alexis Tibidi,2025-26,Without Club,300000.0
Alexis Tibidi,2024-25,LASK,1700000.0
Alexis Tibidi,2023-24,Troyes,1700000.0
Alexis Tibidi,2023-24,Man City U21,1700000.0
Alexis Tibidi,2023-24,NEC Nijmegen,2000000.0
Alexis Tibidi,2022-23,Troyes,1500000.0
Alexis Tibidi,2022-23,Stuttgart,1500000.0
Alexis Tibidi,2022-23,SCR Altach,1200000.0
Alexis Tibidi,2021-22,Stuttgart,700000.0
Christian Gytkjaer,2026-27,Without Club,250000.0
Christian Gytkjaer,2025-26,Bari,700000.0
Christian Gytkjaer,2023-24,Venezia,800000.0
Christian Gytkjaer,2020-21,Monza,2000000.0
Christian Gytkjaer,2017-18,Lech Poznan,1000000.0
Christian Gytkjaer,2016-17,1860 Munich,1300000.0
Christian Gytkjaer,2015-16,Rosenborg BK,1000000.0
Christian Gytkjaer,2012-13,Haugesund,700000.0
Christian Gytkjaer,2012-13,Nordsjaelland,300000.0
Christian Gytkjaer,2012-13,Sandnes Ulf,300000.0
Christian Gytkjaer,2011-12,Nordsjaelland,300000.0
Christian Gytkjaer,2011-12,Akademisk BK,350000.0
Christian Gytkjaer,2010-11,Nordsjaelland,250000.0
Williot Swedberg,2022-23,Celta de Vigo,5000000.0
Theo Le Bris,2024-25,FC Lorient,1500000.0
Theo Le Bris,2024-25,Guingamp,1500000.0
Theo Le Bris,2022-23,FC Lorient,400000.0
Alberto Cifuentes,2020-21,Retired,100000.0
Alberto Cifuentes,2015-16,Cádiz CF,50000.0
Alberto Cifuentes,2013-14,La Hoya Lorca,100000.0
Alberto Cifuentes,2009-10,Real Murcia,900000.0
Alberto Cifuentes,2007-08,UD Salamanca,150000.0
Alberto Cifuentes,2005-06,Rayo Vallecano,150000.0
Luka Romero,2024-25,CD Cruz Azul,3500000.0
Luka Romero,2024-25,AC Milan,3500000.0
Luka Romero,2024-25,Alavés,5000000.0
Luka Romero,2023-24,AC Milan,5000000.0
Luka Romero,2023-24,UD Almería,3000000.0
Luka Romero,2023-24,AC Milan,3000000.0
Luka Romero,2021-22,Lazio,1000000.0
Ismael Boura,2023-24,Troyes,1000000.0
Ismael Boura,2021-22,Lens,1500000.0
Ismael Boura,2021-22,Le Havre AC,1500000.0
Pablo Barrios,2022-23,Atlético,500000.0
Nicolas Jackson,2026-27,Aston Villa,40000000.0
Nicolas Jackson,2025-26,Chelsea,40000000.0
Nicolas Jackson,2025-26,Bayern Munich,50000000.0
Nicolas Jackson,2023-24,Chelsea,30000000.0
Nicolas Jackson,2022-23,Villarreal,1000000.0
Nicolas Jackson,2020-21,Villarreal CF B,300000.0
Rafiki Said,2026-27,Wolves,5000000.0
Rafiki Said,2025-26,Standard Liège,2000000.0
Rafiki Said,2023-24,Troyes,1000000.0
Rafiki Said,2022-23,Nîmes Olympique,500000.0
Rafiki Said,2020-21,Stade Brestois,400000.0
Rafiki Said,2020-21,Stade Briochin,150000.0
Fabian Klos,2011-12,Arm. Bielefeld,175000.0
Khalil Fayad,2026-27,Hajduk Split,1500000.0
Ramón Terrats,2026-27,Getafe,3000000.0
Ramón Terrats,2025-26,Villarreal,3000000.0
Ramón Terrats,2025-26,Espanyol,4000000.0
Ramón Terrats,2024-25,Villarreal,4000000.0
Ramón Terrats,2024-25,Getafe,3500000.0
Ramón Terrats,2023-24,Villarreal,4000000.0
Ramón Terrats,2022-23,Girona,4000000.0
Ramón Terrats,2022-23,Villarreal,1500000.0
Unai Dufur,2026-27,Zamora CF,200000.0
Unai Dufur,2025-26,Barakaldo CF,200000.0
Unai Dufur,2023-24,Gimnàstic,300000.0
Mathys Saban,2026-27,Mâcon 71,50000.0
Mathys Saban,2025-26,Without Club,75000.0
Mathys Saban,2023-24,Saint-Étienne B,10000.0
Mathys Saban,2023-24,Titus Petange,200000.0
Raúl Parra,2026-27,NK Bravo,200000.0
Raúl Parra,2025-26,Johor DT,200000.0
Raúl Parra,2024-25,Estoril,200000.0
Raúl Parra,2024-25,Eldense,275000.0
Raúl Parra,2024-25,Estoril,275000.0
Raúl Parra,2024-25,Al-Mina'a SC,300000.0
Raúl Parra,2023-24,Estoril,300000.0
Raúl Parra,2022-23,Cádiz CF,300000.0
Raúl Parra,2022-23,CD Mirandés,300000.0
Raúl Parra,2021-22,Cádiz CF B,150000.0
Pablo Ibáñez,2025-26,Alavés,2000000.0
Pablo Ibáñez,2022-23,CA Osasuna,400000.0
Pablo Ibáñez,2020-21,Osasuna B,200000.0
Ismael Doukoure,2021-22,R. Strasbourg,1500000.0
Jony Álamo,2025-26,Algeciras CF,300000.0
Jony Álamo,2024-25,Without Club,300000.0
Jony Álamo,2024-25,Marbella,300000.0
Jony Álamo,2021-22,Elche Ilicitano,50000.0
El Chadaille Bitshiabu,2026-27,Leipzig,18000000.0
El Chadaille Bitshiabu,2026-27,Galatasaray,18000000.0
El Chadaille Bitshiabu,2023-24,Leipzig,7000000.0
El Chadaille Bitshiabu,2022-23,PSG,2000000.0
Zidan Sertdemir,2026-27,Lyngby BK,1000000.0
Zidan Sertdemir,2025-26,Pr. Münster,2000000.0
Zidan Sertdemir,2022-23,Nordsjaelland,2000000.0
Vanderson,2021-22,Monaco,8500000.0
Muhammed Damar,2026-27,Wolfsburg,5000000.0
Muhammed Damar,2024-25,Hoffenheim,7000000.0
Muhammed Damar,2024-25,SV Elversberg,600000.0
Muhammed Damar,2023-24,Hoffenheim,600000.0
Muhammed Damar,2023-24,Hannover 96,1000000.0
Jeroen Zoet,2024-25,AZ Alkmaar,400000.0
Jeroen Zoet,2020-21,Spezia Calcio,5500000.0
Jeroen Zoet,2019-20,PSV,5500000.0
Jeroen Zoet,2019-20,Utrecht,8000000.0
Jeroen Zoet,2012-13,PSV,2000000.0
Jeroen Zoet,2011-12,RKC Waalwijk,250000.0
Jeroen Zoet,2008-09,PSV,50000.0
Djeidi Gassama,2025-26,Rangers,2000000.0
Djeidi Gassama,2023-24,Sheff Wed,650000.0
Djeidi Gassama,2022-23,PSG,650000.0
Djeidi Gassama,2022-23,KAS Eupen,300000.0
Djeidi Gassama,2022-23,PSG,300000.0
Nelson Weiper,2026-27,Mainz,7000000.0
Nelson Weiper,2026-27,Sturm Graz,7000000.0
Justin Che,2025-26,New York,700000.0
Justin Che,2024-25,Bröndby IF,700000.0
Justin Che,2024-25,Patro Eisden,700000.0
Justin Che,2023-24,Bröndby IF,700000.0
Justin Che,2023-24,ADO Den Haag,1500000.0
Justin Che,2023-24,Bröndby IF,1500000.0
Justin Che,2022-23,Dallas,1500000.0
Justin Che,2022-23,Hoffenheim,3000000.0
Justin Che,2022-23,Hoffenheim II,3000000.0
Justin Che,2021-22,Hoffenheim,3000000.0
Justin Che,2020-21,Dallas,125000.0
Justin Che,2020-21,FC Bayern U19,125000.0
Tom Rothe,2024-25,Union Berlin,8000000.0
Tom Rothe,2023-24,Dortmund,8000000.0
Tom Rothe,2023-24,Holstein Kiel,3500000.0
Tom Rothe,2022-23,Dortmund,1200000.0
Alidu Seidu,2023-24,Stade Rennais,7000000.0
Fode Doucoure,2026-27,FC Nantes,2000000.0
Fode Doucoure,2025-26,Le Havre AC,700000.0
Fode Doucoure,2022-23,Red Star FC,600000.0
Fode Doucoure,2021-22,Stade Reims,600000.0
Fode Doucoure,2021-22,Red Star FC,700000.0
Fode Doucoure,2021-22,Stade Reims,500000.0
Loris Mouyokolo,2026-27,Baltika,1200000.0
Loris Mouyokolo,2024-25,Grenoble,300000.0
Loris Mouyokolo,2022-23,FC Lorient,500000.0
Loris Mouyokolo,2022-23,Rodez AF,500000.0
Loris Mouyokolo,2021-22,FC Lorient,500000.0
Loris Mouyokolo,2021-22,Bourg-en-Bresse,200000.0
Loris Mouyokolo,2021-22,FC Lorient,200000.0
Luiz Henrique,2024-25,Zenit S-Pb,22000000.0
Luiz Henrique,2023-24,Botafogo,12000000.0
Luiz Henrique,2022-23,Real Betis,12000000.0
Mathys Tel,2025-26,Tottenham,35000000.0
Mathys Tel,2024-25,Bayern Munich,35000000.0
Mathys Tel,2024-25,Tottenham,30000000.0
Mathys Tel,2022-23,Bayern Munich,2000000.0
Yanis Cimignani,2023-24,FC Lugano,1200000.0
Redwan Bourles,2024-25,Without Club,100000.0
Redwan Bourles,2023-24,NK Maribor,150000.0
Redwan Bourles,2023-24,Without Club,150000.0
Redwan Bourles,2022-23,Rennes B,300000.0
Baptiste Mouazan,2025-26,Grenoble,600000.0
Baptiste Mouazan,2023-24,Concarneau,300000.0
Baptiste Mouazan,2022-23,AS Nancy,200000.0
Brandon Domingues,2025-26,Real Oviedo,600000.0
Brandon Domingues,2025-26,Górnik Zabrze,600000.0
Brandon Domingues,2025-26,Real Oviedo,700000.0
Brandon Domingues,2023-24,Debrecen,350000.0
Brandon Domingues,2022-23,Honvéd,600000.0
Adrien Louveau,2024-25,G. Bordeaux,300000.0
Adrien Louveau,2023-24,LKS Lodz,100000.0
Ibrahima Balde,2026-27,Rodez AF,2000000.0
Ibrahima Balde,2026-27,FC Lorient,2000000.0
Ibrahima Balde,2024-25,Rodez AF,300000.0
Ibrahima Balde,2022-23,Lens,400000.0
Ibrahima Balde,2022-23,FC Annecy,300000.0
Jacques Siwe,2025-26,Rubin Kazan,3000000.0
Jacques Siwe,2022-23,Guingamp,150000.0
Jacques Siwe,2022-23,EA Guingamp B,150000.0
Jacques Siwe,2021-22,FC Annecy,400000.0
Wilitty Younoussa,2026-27,FC Nantes,900000.0
Wilitty Younoussa,2022-23,Rodez AF,700000.0
Bradley Locko,2023-24,Stade Brestois,2500000.0
Bradley Locko,2022-23,Stade Reims,2500000.0
Bradley Locko,2022-23,Stade Brestois,3500000.0
Paul Joly,2026-27,1.FC K'lautern,2000000.0
Paul Joly,2025-26,AJ Auxerre,2000000.0
Paul Joly,2025-26,1.FC K'lautern,1800000.0
Paul Joly,2022-23,AJ Auxerre,1200000.0
Paul Joly,2022-23,Dijon,1500000.0
Paul Joly,2021-22,AJ Auxerre,150000.0
Amadou Salif Mbengue,2025-26,QPR,750000.0
Amadou Salif Mbengue,2022-23,Reading,800000.0
Amadou Salif Mbengue,2022-23,Without Club,800000.0
Yadaly Diaby,2026-27,Vancouver,1200000.0
Yadaly Diaby,2024-25,Grenoble,350000.0
Yadaly Diaby,2023-24,Clermont Foot,400000.0
Yadaly Diaby,2022-23,A. Lustenau,200000.0
Yadaly Diaby,2022-23,Clermont Foot,200000.0
Souleymane Cisse,2025-26,Pr. Niederkorn,150000.0
Souleymane Cisse,2023-24,Dijon,100000.0
Hilmir Rafn Mikaelsson,2026-27,Sigma Olomouc,400000.0
Hilmir Rafn Mikaelsson,2024-25,Viking FK,600000.0
Hilmir Rafn Mikaelsson,2024-25,Venezia,600000.0
Hilmir Rafn Mikaelsson,2023-24,Kristiansund BK,400000.0
Hilmir Rafn Mikaelsson,2023-24,Venezia,400000.0
Hilmir Rafn Mikaelsson,2023-24,Venezia U19,400000.0
Hilmir Rafn Mikaelsson,2022-23,Tromsø IL,400000.0
Saidou Sow,2026-27,R. Strasbourg,2500000.0
Saidou Sow,2026-27,FC Nantes,2500000.0
Saidou Sow,2025-26,R. Strasbourg,2500000.0
Saidou Sow,2025-26,Clermont Foot,3000000.0
Saidou Sow,2024-25,R. Strasbourg,6000000.0
Saidou Sow,2024-25,FC Nantes,6000000.0
Saidou Sow,2023-24,R. Strasbourg,3500000.0
Abdoulaye Sylla,2025-26,Sigma Olomouc,325000.0
Abdoulaye Sylla,2025-26,Pribram,325000.0
Abdoulaye Sylla,2024-25,MFK Vyskov,325000.0
Abdoulaye Sylla,2024-25,Sigma Olomouc,350000.0
Abdoulaye Sylla,2023-24,MFK Vyskov,500000.0
Abdoulaye Sylla,2023-24,Without Club,500000.0
Abdoulaye Sylla,2022-23,RFC Seraing,250000.0
Justin Kumi,2026-27,Sassuolo,1200000.0
Justin Kumi,2026-27,Juve Stabia,1200000.0
Justin Kumi,2025-26,Sassuolo,1200000.0
Justin Kumi,2025-26,Avellino,750000.0
Justin Kumi,2024-25,Sassuolo,750000.0
Justin Kumi,2024-25,Reggiana,800000.0
Justin Kumi,2024-25,Sassuolo,800000.0
Ayman Kari,2026-27,Retired,700000.0
Ayman Kari,2025-26,Without Club,1000000.0
Ayman Kari,2024-25,Paris SG U23,4000000.0
Ayman Kari,2023-24,PSG,4000000.0
Ayman Kari,2022-23,FC Lorient,500000.0
Ismael Gharbi,2026-27,Braga,5000000.0
Ismael Gharbi,2026-27,CD Leganés,5000000.0
Ismael Gharbi,2025-26,Braga,5000000.0
Ismael Gharbi,2025-26,Augsburg,7500000.0
Ismael Gharbi,2024-25,Braga,7500000.0
Ismael Gharbi,2023-24,PSG,7500000.0
Ismael Gharbi,2023-24,StadeLO,5000000.0
Ismael Gharbi,2022-23,PSG,1500000.0
Malik Sellouki,2026-27,Rio Ave,900000.0
Malik Sellouki,2024-25,Stade Lavallois,300000.0
Malik Sellouki,2022-23,ADO Den Haag,250000.0
Malik Sellouki,2021-22,NK Maribor,350000.0
Janis Blaswich,2025-26,Leverkusen,700000.0
Janis Blaswich,2024-25,Leipzig,700000.0
Janis Blaswich,2024-25,Salzburg,2000000.0
Janis Blaswich,2022-23,Leipzig,800000.0
Janis Blaswich,2018-19,Heracles Almelo,500000.0
Janis Blaswich,2017-18,Mönchengladbach,500000.0
Janis Blaswich,2017-18,Hansa Rostock,300000.0
Janis Blaswich,2015-16,Mönchengladbach,300000.0
Janis Blaswich,2015-16,Dynamo Dresden,225000.0
Janis Blaswich,2011-12,Mönchengladbach,100000.0
Alejandro Garnacho,2026-27,Chelsea,28000000.0
Alejandro Garnacho,2026-27,Aston Villa,28000000.0
Alejandro Garnacho,2025-26,Chelsea,45000000.0
Alejandro Garnacho,2022-23,Man Utd,2000000.0
Rares Ilie,2026-27,Mantova,1200000.0
Rares Ilie,2025-26,Nice,1200000.0
Rares Ilie,2025-26,FC Empoli,1800000.0
Rares Ilie,2024-25,Nice,1800000.0
Rares Ilie,2024-25,Catanzaro,1500000.0
Rares Ilie,2023-24,Nice,3000000.0
Rares Ilie,2023-24,Lausanne-Sport,2500000.0
Rares Ilie,2022-23,Nice,2500000.0
Rares Ilie,2022-23,M. Tel Aviv,3000000.0
Rares Ilie,2022-23,Nice,1300000.0
Jonathan Varane,2024-25,QPR,600000.0
Jonathan Varane,2023-24,Sporting Gijón,500000.0
Jonathan Varane,2022-23,Sporting B,250000.0
Jonathan Varane,2021-22,Lens,250000.0
Jonathan Varane,2021-22,Rodez AF,300000.0
Martin Adeline,2026-27,Hamburg,10000000.0
Martin Adeline,2024-25,Troyes,1000000.0
Martin Adeline,2023-24,Stade Reims,1000000.0
Martin Adeline,2023-24,FC Annecy,800000.0
Martin Adeline,2022-23,Stade Reims,800000.0
Martin Adeline,2022-23,Rodez AF,800000.0
Lenny Joseph,2024-25,Ferencváros,700000.0
Lenny Joseph,2023-24,Grenoble,400000.0
Andrei Motoc,2026-27,Renate,100000.0
Andrei Motoc,2026-27,Without Club,100000.0
Andrei Motoc,2025-26,Trapani,100000.0
Andrei Motoc,2024-25,Kallithea,100000.0
Andrei Motoc,2024-25,Virtus Entella,300000.0
Andrei Motoc,2024-25,Kallithea,225000.0
Andrei Motoc,2023-24,Salernitana,225000.0
Andrei Motoc,2023-24,Legnago,75000.0
Andrei Motoc,2022-23,Salernitana,75000.0
Andrei Motoc,2022-23,Siena,100000.0
Andrei Motoc,2022-23,Salernitana,100000.0
Andrei Motoc,2021-22,Salernitana U19,25000.0
Wisdom Amey,2026-27,Bologna,800000.0
Wisdom Amey,2026-27,Frosinone,800000.0
Wisdom Amey,2025-26,Bologna,800000.0
Wisdom Amey,2025-26,Pianese,350000.0
Wisdom Amey,2023-24,Bologna U19,700000.0
Riccardo Stivanello,2026-27,Bologna,225000.0
Riccardo Stivanello,2026-27,Südtirol,225000.0
Riccardo Stivanello,2025-26,Bologna,225000.0
Riccardo Stivanello,2025-26,Lumezzane,150000.0
Riccardo Stivanello,2025-26,Bologna,150000.0
Riccardo Stivanello,2025-26,Torres,200000.0
Riccardo Stivanello,2024-25,Bologna,200000.0
Riccardo Stivanello,2023-24,Juve Next Gen,250000.0
Antonio Raimondo,2026-27,Bologna,4000000.0
Antonio Raimondo,2025-26,Frosinone,3800000.0
Antonio Raimondo,2024-25,Bologna,3800000.0
Antonio Raimondo,2024-25,Salernitana,4500000.0
Antonio Raimondo,2024-25,Bologna,4500000.0
Antonio Raimondo,2024-25,Venezia,4500000.0
Antonio Raimondo,2023-24,Bologna,4500000.0
Antonio Raimondo,2023-24,Ternana,800000.0
Nicola Bagnolini,2026-27,Bologna,150000.0
Nicola Bagnolini,2025-26,AS Gubbio,200000.0
Dženan Pejčinović,2026-27,Stuttgart,15000000.0
Dženan Pejčinović,2024-25,Wolfsburg,4000000.0
Dženan Pejčinović,2024-25,F. Düsseldorf,1000000.0
Derry Scherhant,2025-26,Freiburg,4000000.0
Derry Scherhant,2022-23,Hertha BSC,300000.0
Derry Scherhant,2021-22,Hertha BSC II,25000.0
Yannis M'Bemba,2024-25,FC Dordrecht,100000.0
Yannis M'Bemba,2022-23,FC Nantes B,200000.0
Yannis M'Bemba,2022-23,Le Puy Foot,200000.0
Tom Bischof,2025-26,Bayern Munich,30000000.0
Dango Ouattara,2025-26,Brentford,28000000.0
Dango Ouattara,2022-23,Bournemouth,10000000.0
Arnau Martinez,2026-27,Valencia,10000000.0
Ousmane Camara,2024-25,Castellón,700000.0
Ousmane Camara,2023-24,AJ Auxerre,700000.0
Ousmane Camara,2023-24,FC Annecy,300000.0
Lohann Doucet,2026-27,Vit. Guimarães,500000.0
Lohann Doucet,2025-26,Paris FC,500000.0
Lohann Doucet,2025-26,USL Dunkerque,600000.0
Lohann Doucet,2024-25,Paris FC,700000.0
Lohann Doucet,2023-24,FC Nantes,700000.0
Lohann Doucet,2023-24,Paris FC,700000.0
Lohann Doucet,2022-23,FC Nantes,150000.0
Pedro Benito,2026-27,CyD Leonesa,300000.0
Pedro Benito,2024-25,Real Murcia,300000.0
Pedro Benito,2023-24,Albacete,300000.0
Pedro Benito,2022-23,UD Sanse,300000.0
Pedro Benito,2021-22,Cádiz CF B,300000.0
Pedro Benito,2021-22,San Fernando CD,200000.0
Maxime Esteve,2026-27,Leipzig,28000000.0
Maxime Esteve,2024-25,Burnley,7000000.0
Maxime Esteve,2023-24,Montpellier,7000000.0
Maxime Esteve,2023-24,Burnley,7000000.0
Sacha Delaye,2024-25,A. Lustenau,300000.0
Sacha Delaye,2022-23,Montpellier,400000.0
Sacha Delaye,2022-23,Le Puy Foot,500000.0
Marc Pubill,2025-26,Atlético,4000000.0
Marc Pubill,2023-24,UD Almería,1000000.0
Marc Pubill,2022-23,Levante,800000.0
Marko Milovanović,2026-27,Portsmouth,2500000.0
Marko Milovanović,2025-26,UD Almería,2500000.0
Marko Milovanović,2025-26,Alverca,600000.0
Marko Milovanović,2022-23,UD Almería,1200000.0
Marko Milovanović,2021-22,Partizan,200000.0
Francesco Di Tacchio,2026-27,Catania,175000.0
Francesco Di Tacchio,2026-27,Casertana,175000.0
Francesco Di Tacchio,2024-25,Catania,250000.0
Francesco Di Tacchio,2023-24,Ternana,250000.0
Francesco Di Tacchio,2023-24,Südtirol,250000.0
Francesco Di Tacchio,2023-24,Ascoli,350000.0
Francesco Di Tacchio,2023-24,Südtirol,350000.0
Francesco Di Tacchio,2022-23,Ternana,400000.0
Francesco Di Tacchio,2018-19,Salernitana,450000.0
Francesco Di Tacchio,2017-18,Avellino,400000.0
Francesco Di Tacchio,2015-16,AC Pisa,225000.0
Francesco Di Tacchio,2012-13,Virtus Entella,300000.0
Francesco Di Tacchio,2012-13,Fiorentina,300000.0
Francesco Di Tacchio,2012-13,Perugia,300000.0
Francesco Di Tacchio,2011-12,Fiorentina,300000.0
Francesco Di Tacchio,2011-12,Stabia,300000.0
Francesco Di Tacchio,2010-11,Fiorentina,300000.0
Francesco Di Tacchio,2010-11,Frosinone,500000.0
Francesco Di Tacchio,2009-10,Fiorentina,150000.0
Tom Lacoux,2026-27,HNK Gorica,600000.0
Tom Lacoux,2024-25,Újpest FC,1500000.0
Tom Lacoux,2023-24,G. Bordeaux,1500000.0
Tom Lacoux,2023-24,Famalicão,1800000.0
Adilson Malanda,2025-26,Middlesbrough,6000000.0
Adilson Malanda,2025-26,Charlotte,4000000.0
Adilson Malanda,2025-26,Middlesbrough,4000000.0
Adilson Malanda,2022-23,Charlotte,1000000.0
Adilson Malanda,2021-22,Rodez AF,150000.0
Cebio Soukou,2024-25,Ümraniyespor,350000.0
Cebio Soukou,2022-23,Bandirmaspor,550000.0
Cebio Soukou,2021-22,SV Sandhausen,700000.0
Cebio Soukou,2019-20,Arm. Bielefeld,450000.0
Cebio Soukou,2018-19,Hansa Rostock,350000.0
Cebio Soukou,2015-16,Erzgebirge Aue,150000.0
Cebio Soukou,2012-13,RW Essen,25000.0
Fares Chaibi,2023-24,Frankfurt,10000000.0
Fares Chaibi,2022-23,Toulouse,50000.0
Ghjuvanni Quilichini,2025-26,Av. Bayonnais,100000.0
Ghjuvanni Quilichini,2025-26,Without Club,100000.0
Ghjuvanni Quilichini,2023-24,AC Ajaccio,100000.0
Ghjuvanni Quilichini,2023-24,US Avranches,100000.0
Ghjuvanni Quilichini,2022-23,AC Ajaccio,100000.0
Tairyk Arconte,2026-27,Millwall,3000000.0
Tairyk Arconte,2025-26,Rodez AF,500000.0
Tairyk Arconte,2024-25,Pau FC,700000.0
Tairyk Arconte,2023-24,Stade Brestois,700000.0
Tairyk Arconte,2023-24,Rodez AF,500000.0
Tairyk Arconte,2022-23,Stade Brestois,400000.0
Tairyk Arconte,2021-22,AC Ajaccio,150000.0
Mohamed Achi,2026-27,Cherno More,100000.0
Mohamed Achi,2024-25,Rodez AF,200000.0
Mohamed Achi,2022-23,FC Nantes,300000.0
Mohamed Achi,2022-23,Paris 13 Atl.,400000.0
Guede Nadje,2024-25,Angers SCO,50000.0
Guede Nadje,2024-25,Bourg-en-Bresse,50000.0
Guede Nadje,2023-24,Angers SCO,150000.0
Brian Behrendt,2025-26,FSV Schöningen,125000.0
Brian Behrendt,2024-25,Stuttg. Kickers,250000.0
Brian Behrendt,2023-24,Hallescher FC,450000.0
Brian Behrendt,2020-21,E. Braunschweig,600000.0
Brian Behrendt,2015-16,Arm. Bielefeld,650000.0
Brian Behrendt,2012-13,Rapid Vienna,150000.0
Brian Behrendt,2012-13,SV Horn,100000.0
Baila Diallo,2025-26,Granada CF,800000.0
Baila Diallo,2023-24,Clermont Foot,200000.0
Baila Diallo,2023-24,A. Lustenau,200000.0
Baila Diallo,2021-22,Clermont Foot,350000.0
Baila Diallo,2021-22,US Orléans,150000.0
Lucas Calodat,2024-25,Le Mans FC,300000.0
Lucas Calodat,2024-25,FC Villefranche,200000.0
Lucas Calodat,2024-25,Le Mans FC,200000.0
Lucas Calodat,2023-24,GOAL FC,100000.0
Lucas Calodat,2023-24,ESTAC Troyes B,100000.0
Stefan Ortega,2026-27,Olympiacos,4000000.0
Stefan Ortega,2025-26,Nott'm Forest,5000000.0
Stefan Ortega,2022-23,Man City,6000000.0
Stefan Ortega,2017-18,Arm. Bielefeld,450000.0
Stefan Ortega,2014-15,1860 Munich,400000.0
Stefan Ortega,2011-12,Arm. Bielefeld,75000.0
Dimitrios Keramitsis,2024-25,Pogon Szczecin,200000.0
Ebenezer Annan,2026-27,Saint-Étienne,1800000.0
Ebenezer Annan,2026-27,FC Rapid 1923,1800000.0
Ebenezer Annan,2025-26,Saint-Étienne,2500000.0
Ebenezer Annan,2024-25,Red Star,800000.0
Ebenezer Annan,2024-25,OFK Beograd,600000.0
Ebenezer Annan,2024-25,Red Star,600000.0
Ebenezer Annan,2024-25,Novi Pazar,600000.0
Ebenezer Annan,2023-24,Bologna,600000.0
Ebenezer Annan,2023-24,Novi Pazar,50000.0
Ebenezer Annan,2022-23,Bologna,50000.0
Ebenezer Annan,2022-23,Imolese,200000.0
Mahamadou Doucoure,2025-26,FC Biel-Bienne,75000.0
Mahamadou Doucoure,2024-25,FC Villefranche,150000.0
Mahamadou Doucoure,2021-22,Nîmes Olympique,150000.0
Tyler Dibling,2025-26,Everton,25000000.0
Will Alves,2025-26,Leicester,400000.0
Will Alves,2025-26,Huddersfield,400000.0
Will Alves,2024-25,Leicester U21,400000.0
Felix Afena-Gyan,2026-27,Igdir FK,1300000.0
Felix Afena-Gyan,2025-26,Cremonese,1300000.0
Felix Afena-Gyan,2025-26,Amed SK,2000000.0
Felix Afena-Gyan,2024-25,Cremonese,2000000.0
Felix Afena-Gyan,2024-25,Juve Next Gen,2500000.0
Felix Afena-Gyan,2022-23,Cremonese,6000000.0
Yanis Guermouche,2026-27,FC Wacker,500000.0
Yanis Guermouche,2025-26,Slavia Sofia,150000.0
Yanis Guermouche,2024-25,Hebar,125000.0
Yanis Guermouche,2024-25,Krumovgrad,125000.0
Yanis Guermouche,2023-24,Iraklis,150000.0
Yanis Guermouche,2022-23,Montpellier,200000.0
Yanis Guermouche,2022-23,LB Châteauroux,250000.0
Simone Pafundi,2026-27,Udinese,4500000.0
Simone Pafundi,2026-27,Catanzaro,4500000.0
Simone Pafundi,2025-26,Udinese,4500000.0
Simone Pafundi,2025-26,Sampdoria,5000000.0
Simone Pafundi,2024-25,Udinese,6000000.0
Simone Pafundi,2023-24,Lausanne-Sport,8000000.0
Habib Diarra,2025-26,Sunderland,20000000.0
Habib Diarra,2022-23,R. Strasbourg,600000.0
Álvaro Bastida,2026-27,UD Ourense,200000.0
Álvaro Bastida,2025-26,Arenteiro,200000.0
Álvaro Bastida,2023-24,Cádiz B,300000.0
Álvaro Bastida,2023-24,At. Sanluqueño,600000.0
Álvaro Aguirre,2023-24,CD Móstoles,25000.0
Aleksandr Kokorin,2026-27,Without Club,350000.0
Aleksandr Kokorin,2024-25,Aris Limassol,800000.0
Aleksandr Kokorin,2023-24,Fiorentina,800000.0
Aleksandr Kokorin,2023-24,Aris Limassol,1000000.0
Aleksandr Kokorin,2022-23,Fiorentina,1000000.0
Aleksandr Kokorin,2022-23,Aris Limassol,800000.0
Aleksandr Kokorin,2020-21,Fiorentina,4500000.0
Aleksandr Kokorin,2020-21,Spartak Moscow,6000000.0
Aleksandr Kokorin,2020-21,Zenit S-Pb,6000000.0
Aleksandr Kokorin,2019-20,FK Sochi,5000000.0
Aleksandr Kokorin,2015-16,Zenit S-Pb,8000000.0
Aleksandr Kokorin,2013-14,Dinamo Moscow,15000000.0
Aleksandr Kokorin,2013-14,Anzhi,15000000.0
Alejandro Asensio,2024-25,Retired,25000.0
Nordine Kandil,2026-27,AS Nancy,1000000.0
Nordine Kandil,2024-25,Amiens SC,1000000.0
Nordine Kandil,2023-24,R. Strasbourg,1000000.0
Nordine Kandil,2023-24,FC Annecy,400000.0
Eneko Ortiz,2025-26,Villarreal CF B,150000.0
Hugo Sotelo,2026-27,Celta de Vigo,5000000.0
Hugo Sotelo,2026-27,Levante,5000000.0
Hugo Sotelo,2023-24,Celta de Vigo,150000.0
Hugo Álvarez,2024-25,Celta de Vigo,1500000.0
Rodrigo Battaglia,2024-25,Boca Juniors,1000000.0
Rodrigo Battaglia,2022-23,Atlético-MG,1500000.0
Rodrigo Battaglia,2022-23,RCD Mallorca,1800000.0
Rodrigo Battaglia,2021-22,Sporting,1800000.0
Rodrigo Battaglia,2021-22,RCD Mallorca,4000000.0
Rodrigo Battaglia,2020-21,Sporting,4000000.0
Rodrigo Battaglia,2020-21,Alavés,4500000.0
Rodrigo Battaglia,2017-18,Sporting,3000000.0
Rodrigo Battaglia,2016-17,Braga,1000000.0
Rodrigo Battaglia,2016-17,Chaves,1000000.0
Rodrigo Battaglia,2015-16,Braga,1200000.0
Rodrigo Battaglia,2015-16,Rosario Central,1500000.0
Rodrigo Battaglia,2015-16,Braga,1500000.0
Rodrigo Battaglia,2014-15,Moreirense,1600000.0
Rodrigo Battaglia,2013-14,Braga,1600000.0
Rodrigo Battaglia,2013-14,Racing Club,1600000.0
Rodrigo Battaglia,2010-11,Huracán,900000.0
Erwan Belhadji,2023-24,Racing CFF,250000.0
Erwan Belhadji,2022-23,Without Club,250000.0
Íñigo Eguaras,2026-27,Salamanca CF,100000.0
Íñigo Eguaras,2025-26,USL Dunkerque,100000.0
Íñigo Eguaras,2024-25,NK Celje,600000.0
Íñigo Eguaras,2023-24,Without Club,1200000.0
Íñigo Eguaras,2021-22,UD Almería,800000.0
Íñigo Eguaras,2017-18,Real Zaragoza,600000.0
Álex Fernández,2017-18,Cádiz CF,500000.0
Álex Fernández,2016-17,Elche CF,400000.0
Álex Fernández,2015-16,Espanyol,750000.0
Álex Fernández,2015-16,Reading,800000.0
Álex Fernández,2014-15,Espanyol,1000000.0
Álex Fernández,2014-15,HNK Rijeka,1000000.0
Álex Fernández,2013-14,Espanyol,2500000.0
Paul Wanner,2025-26,PSV,18000000.0
Paul Wanner,2024-25,Bayern Munich,18000000.0
Paul Wanner,2024-25,Heidenheim,8000000.0
Paul Wanner,2023-24,Bayern Munich,8000000.0
Paul Wanner,2023-24,SV Elversberg,3000000.0
Paul Wanner,2021-22,Bayern Munich,750000.0
Iván Marcone,2022-23,Independiente,2000000.0
Iván Marcone,2021-22,Elche CF,3000000.0
Iván Marcone,2020-21,Boca Juniors,3000000.0
Iván Marcone,2020-21,Elche CF,5200000.0
Iván Marcone,2018-19,Boca Juniors,4500000.0
Iván Marcone,2018-19,CD Cruz Azul,5000000.0
Iván Marcone,2016-17,Lanús,1500000.0
Iván Marcone,2015-16,Arsenal Sarandí,1500000.0
Iván Marcone,2015-16,Lanús,2000000.0
Iván Marcone,2008-09,Arsenal Sarandí,75000.0
Mamadou Camara,2025-26,Sutjeska Niksic,25000.0
Mamadou Camara,2025-26,Mladost DG,25000.0
Mamadou Camara,2024-25,RC Lens B,200000.0
Mamadou Camara,2023-24,Lens,200000.0
Mamadou Camara,2023-24,AS Nancy,250000.0
Mamadou Camara,2022-23,Lens,250000.0
Mamadou Camara,2022-23,SC Bastia,150000.0
Estanis Pedrola,2026-27,Real Oviedo,1200000.0
Estanis Pedrola,2025-26,Sampdoria,1200000.0
Estanis Pedrola,2025-26,UD Las Palmas,900000.0
Estanis Pedrola,2024-25,Sampdoria,1800000.0
Estanis Pedrola,2024-25,Bologna,1800000.0
Estanis Pedrola,2024-25,Sampdoria,2000000.0
Estanis Pedrola,2023-24,Barcelona,2000000.0
Estanis Pedrola,2023-24,Sampdoria,500000.0
Estanis Pedrola,2023-24,Barcelona,500000.0
Florent Ogier,2025-26,Clermont B,250000.0
Florent Ogier,2024-25,Without Club,250000.0
Florent Ogier,2024-25,Mohammedan,300000.0
Florent Ogier,2024-25,Without Club,300000.0
Florent Ogier,2018-19,Clermont Foot,500000.0
Florent Ogier,2016-17,FC Sochaux,400000.0
Florent Ogier,2014-15,Bourg-Péronnas,200000.0
Florent Ogier,2013-14,Poiré-sur-Vie,200000.0
Florent Ogier,2012-13,Paris FC,200000.0
Florent Ogier,2011-12,Dijon,400000.0
Florent Ogier,2011-12,Besançon RC,400000.0
Yanis Massolin,2026-27,Inter,4500000.0
Yanis Massolin,2026-27,Cagliari,4500000.0
Yanis Massolin,2025-26,Inter,4500000.0
Yanis Massolin,2025-26,Modena,900000.0
Yanis Massolin,2025-26,Inter,900000.0
Yanis Massolin,2025-26,Modena,300000.0
Yanis Massolin,2023-24,Francs Borains,250000.0
Derek Mazou-Sacko,2025-26,Millwall,400000.0
Derek Mazou-Sacko,2024-25,Rodez AF,400000.0
Derek Mazou-Sacko,2023-24,Troyes,400000.0
Derek Mazou-Sacko,2023-24,AS Nancy,400000.0
Derek Mazou-Sacko,2023-24,Troyes,250000.0
Tanguy Zoukrou,2026-27,Young Boys,1200000.0
Tanguy Zoukrou,2026-27,Kocaelispor,1200000.0
Tanguy Zoukrou,2024-25,Young Boys,1000000.0
Tanguy Zoukrou,2022-23,Troyes,400000.0
Ibrahim Diakite,2024-25,Cercle Brugge,800000.0
Ibrahim Diakite,2023-24,Stade Reims,800000.0
Ibrahim Diakite,2023-24,StadeLO,700000.0
Ibrahim Diakite,2022-23,Stade Reims,350000.0
Ibrahim Diakite,2022-23,KAS Eupen,200000.0
Ibrahim Diakite,2022-23,Stade Reims,200000.0
Jeanuel Belocian,2026-27,Leverkusen,12000000.0
Jeanuel Belocian,2026-27,Racing,12000000.0
Jeanuel Belocian,2025-26,Leverkusen,12000000.0
Jeanuel Belocian,2025-26,Wolfsburg,12000000.0
Jeanuel Belocian,2024-25,Leverkusen,10000000.0
Jeanuel Belocian,2022-23,Stade Rennais,500000.0
Archie Gray,2024-25,Tottenham,18000000.0
Archie Gray,2023-24,Leeds,200000.0
Leny Yoro,2024-25,Man Utd,50000000.0
Leny Yoro,2022-23,Lille,150000.0
Samuel Koeberle,2025-26,Cormontreuil,50000.0
Samuel Koeberle,2025-26,NK Vukovar 1991,50000.0
Johaneko Louis Jean,2024-25,Bilbao Athletic,300000.0
Johaneko Louis Jean,2023-24,G. Bordeaux,300000.0
Johaneko Louis Jean,2023-24,CD Lugo,400000.0
Johaneko Louis Jean,2022-23,G. Bordeaux,300000.0
Mateusz Klich,2025-26,Cracovia,600000.0
Mateusz Klich,2024-25,Atlanta,1000000.0
Mateusz Klich,2022-23,D.C. United,2000000.0
Mateusz Klich,2017-18,Leeds,1750000.0
Mateusz Klich,2017-18,Utrecht,2000000.0
Mateusz Klich,2017-18,Leeds,2250000.0
Mateusz Klich,2016-17,FC Twente,500000.0
Mateusz Klich,2014-15,1.FC K'lautern,1500000.0
Mateusz Klich,2014-15,Wolfsburg,2000000.0
Mateusz Klich,2013-14,PEC Zwolle,750000.0
Mateusz Klich,2012-13,Wolfsburg,750000.0
Mateusz Klich,2012-13,PEC Zwolle,500000.0
Mateusz Klich,2011-12,Wolfsburg,1500000.0
Antonio Gomis,2025-26,Vizela,150000.0
Yacine Qasmi,2025-26,Without Club,100000.0
Yacine Qasmi,2024-25,CD Alcoyano,300000.0
Yacine Qasmi,2023-24,SD Eibar,600000.0
Yacine Qasmi,2021-22,CD Leganés,600000.0
Yacine Qasmi,2019-20,Rayo Vallecano,600000.0
Yacine Qasmi,2018-19,Elche CF,300000.0
Yacine Qasmi,2017-18,UD Melilla,250000.0
Jean Mattéo Bahoya,2026-27,Frankfurt,25000000.0
Jean Mattéo Bahoya,2026-27,Leeds,25000000.0
Jean Mattéo Bahoya,2023-24,Frankfurt,2500000.0
Jean Mattéo Bahoya,2022-23,Angers SCO,100000.0
Mario Dominguez,2026-27,Valencia,400000.0
Mario Dominguez,2026-27,Excelsior,400000.0
Mario Dominguez,2023-24,Valencia B,50000.0
Yellu Santiago,2026-27,Hellas Verona,700000.0
Yellu Santiago,2026-27,Marítimo,700000.0
Yellu Santiago,2025-26,Hellas Verona,700000.0
Yellu Santiago,2025-26,Arouca,900000.0
Yellu Santiago,2025-26,Hellas Verona,900000.0
Yellu Santiago,2023-24,Getafe,100000.0
Iván Fresneda,2023-24,Sporting,15000000.0
Iván Fresneda,2022-23,Real Valladolid,200000.0
El Hadji Dieye,2025-26,Without Club,50000.0
Andreas Voglsammer,2025-26,Hansa Rostock,400000.0
Andreas Voglsammer,2023-24,Hannover 96,800000.0
Andreas Voglsammer,2022-23,Millwall,1200000.0
Andreas Voglsammer,2021-22,Union Berlin,1700000.0
Andreas Voglsammer,2015-16,Arm. Bielefeld,400000.0
Andreas Voglsammer,2014-15,Heidenheim,400000.0
Andreas Voglsammer,2011-12,1860 Rosenheim,50000.0
Amine Salama,2025-26,Stade Reims,1000000.0
Amine Salama,2025-26,NAC Breda,1500000.0
Amine Salama,2024-25,Stade Reims,1500000.0
Amine Salama,2024-25,Torino,1800000.0
Amine Salama,2023-24,Stade Reims,2000000.0
Amine Salama,2023-24,SM Caen,3000000.0
Amine Salama,2023-24,Stade Reims,1500000.0
Amine Salama,2022-23,Angers SCO,400000.0
Moustapha Cisse,2026-27,Atalanta U23,600000.0
Moustapha Cisse,2026-27,Carrarese,600000.0
Moustapha Cisse,2024-25,Atalanta U23,1000000.0
Moustapha Cisse,2024-25,FC St. Gallen,800000.0
Moustapha Cisse,2023-24,Atalanta U23,1000000.0
Moustapha Cisse,2022-23,Atalanta,1000000.0
Moustapha Cisse,2022-23,Südtirol,1000000.0
Moustapha Cisse,2022-23,Pisa,1000000.0
Eric N'jo,2024-25,RE Virton,50000.0
Eric N'jo,2022-23,Troyes,400000.0
Alberto Perea,2024-25,Retired,450000.0
Alberto Perea,2023-24,Anorthosis,800000.0
Alberto Perea,2022-23,Granada CF,1000000.0
Alberto Perea,2018-19,Cádiz CF,400000.0
Alberto Perea,2018-19,Extremadura,400000.0
Alberto Perea,2017-18,Cádiz CF,400000.0
Alberto Perea,2015-16,UE Olot,200000.0
Alberto Perea,2014-15,UE Llagostera,300000.0
Alberto Perea,2013-14,Rayo Vallecano,200000.0
Alberto Perea,2011-12,Rayo B,100000.0
Alberto Perea,2010-11,Atl. Madrileño,100000.0
