season,src_league,squad_slug,tm_player_id,player_name,market_value_eur
2023-24,ENG1,afc-bournemouth,,Mark Travers,3500000.0
2023-24,ENG1,afc-bournemouth,,Ionuț Radu,3000000.0
2023-24,ENG1,afc-bournemouth,,Neto,2500000.0
2023-24,ENG1,afc-bournemouth,,Will Dennis,350000.0
2023-24,ENG1,afc-bournemouth,,Darren Randolph,300000.0
2023-24,ENG1,afc-bournemouth,,Cameron Plain,100000.0
2023-24,ENG1,afc-bournemouth,,Callan McKenna,100000.0
2023-24,ENG1,afc-bournemouth,,Ilya Zabarnyi,32000000.0
2023-24,ENG1,afc-bournemouth,,Marcos Senesi,22000000.0
2023-24,ENG1,afc-bournemouth,,Lloyd Kelly,18000000.0
2023-24,ENG1,afc-bournemouth,,Chris Mepham,6000000.0
2023-24,ENG1,afc-bournemouth,,James Hill,2000000.0
2023-24,ENG1,afc-bournemouth,,Milos Kerkez,20000000.0
2023-24,ENG1,afc-bournemouth,,Max Aarons,16000000.0
2023-24,ENG1,afc-bournemouth,,Ryan Fredericks,1000000.0
2023-24,ENG1,afc-bournemouth,,Adam Smith,1000000.0
2023-24,ENG1,afc-bournemouth,,Tyler Adams,15000000.0
2023-24,ENG1,afc-bournemouth,,Philip Billing,22000000.0
2023-24,ENG1,afc-bournemouth,,Alex Scott,20000000.0
2023-24,ENG1,afc-bournemouth,,Lewis Cook,12000000.0
2023-24,ENG1,afc-bournemouth,,Ryan Christie,12000000.0
2023-24,ENG1,afc-bournemouth,,Joe Rothwell,2500000.0
2023-24,ENG1,afc-bournemouth,,Gavin Kilkenny,300000.0
2023-24,ENG1,afc-bournemouth,,Marcus Tavernier,20000000.0
2023-24,ENG1,afc-bournemouth,,Romain Faivre,15000000.0
2023-24,ENG1,afc-bournemouth,,Justin Kluivert,14000000.0
2023-24,ENG1,afc-bournemouth,,Emiliano Marcondes,1500000.0
2023-24,ENG1,afc-bournemouth,,Luis Sinisterra,17000000.0
2023-24,ENG1,afc-bournemouth,,Hamed Traoré,17000000.0
2023-24,ENG1,afc-bournemouth,,Jaidon Anthony,6000000.0
2023-24,ENG1,afc-bournemouth,,Dango Ouattara,20000000.0
2023-24,ENG1,afc-bournemouth,,Antoine Semenyo,10000000.0
2023-24,ENG1,afc-bournemouth,,David Brooks,8000000.0
2023-24,ENG1,afc-bournemouth,,Dominic Sadi,100000.0
2023-24,ENG1,afc-bournemouth,,Dominic Solanke,40000000.0
2023-24,ENG1,afc-bournemouth,,Enes Ünal,18000000.0
2023-24,ENG1,afc-bournemouth,,Kieffer Moore,2000000.0
2023-24,ENG1,afc-bournemouth,,Jamal Lowe,1500000.0
2023-24,ENG1,aston-villa,,Emiliano Martínez,28000000.0
2023-24,ENG1,aston-villa,,Joe Gauci,1500000.0
2023-24,ENG1,aston-villa,,Robin Olsen,1500000.0
2023-24,ENG1,aston-villa,,Filip Marschall,800000.0
2023-24,ENG1,aston-villa,,Oliwier Zych,800000.0
2023-24,ENG1,aston-villa,,James Wright,200000.0
2023-24,ENG1,aston-villa,,Pau Torres,45000000.0
2023-24,ENG1,aston-villa,,Ezri Konsa,35000000.0
2023-24,ENG1,aston-villa,,Diego Carlos,16000000.0
2023-24,ENG1,aston-villa,,Tyrone Mings,13000000.0
2023-24,ENG1,aston-villa,,Clément Lenglet,10000000.0
2023-24,ENG1,aston-villa,,Calum Chambers,4000000.0
2023-24,ENG1,aston-villa,,Kortney Hause,2000000.0
2023-24,ENG1,aston-villa,,Josh Feeney,500000.0
2023-24,ENG1,aston-villa,,Álex Moreno,13000000.0
2023-24,ENG1,aston-villa,,Lucas Digne,12000000.0
2023-24,ENG1,aston-villa,,Lino Sousa,2000000.0
2023-24,ENG1,aston-villa,,Sebastian Revan,350000.0
2023-24,ENG1,aston-villa,,Finley Munroe,100000.0
2023-24,ENG1,aston-villa,,Matty Cash,28000000.0
2023-24,ENG1,aston-villa,,Kaine Kesler-Hayden,2200000.0
2023-24,ENG1,aston-villa,,Boubacar Kamara,38000000.0
2023-24,ENG1,aston-villa,,Leander Dendoncker,7000000.0
2023-24,ENG1,aston-villa,,Douglas Luiz,70000000.0
2023-24,ENG1,aston-villa,,Jacob Ramsey,35000000.0
2023-24,ENG1,aston-villa,,John McGinn,30000000.0
2023-24,ENG1,aston-villa,,Youri Tielemans,25000000.0
2023-24,ENG1,aston-villa,,Tim Iroegbunam,4000000.0
2023-24,ENG1,aston-villa,,Emiliano Buendía,22000000.0
2023-24,ENG1,aston-villa,,Morgan Rogers,15000000.0
2023-24,ENG1,aston-villa,,Philippe Coutinho,7500000.0
2023-24,ENG1,aston-villa,,Omari Kellyman,1000000.0
2023-24,ENG1,aston-villa,,Tommi O'Reilly,200000.0
2023-24,ENG1,aston-villa,,Jaden Philogene,15000000.0
2023-24,ENG1,aston-villa,,Moussa Diaby,55000000.0
2023-24,ENG1,aston-villa,,Leon Bailey,42000000.0
2023-24,ENG1,aston-villa,,Bertrand Traoré,9000000.0
2023-24,ENG1,aston-villa,,Nicolò Zaniolo,20000000.0
2023-24,ENG1,aston-villa,,Ollie Watkins,65000000.0
2023-24,ENG1,aston-villa,,Jhon Durán,20000000.0
2023-24,ENG1,aston-villa,,Cameron Archer,13000000.0
2023-24,ENG1,brighton-amp-hove-albion,,Bart Verbruggen,18000000.0
2023-24,ENG1,brighton-amp-hove-albion,,Jason Steele,3500000.0
2023-24,ENG1,brighton-amp-hove-albion,,Carl Rushworth,3000000.0
2023-24,ENG1,brighton-amp-hove-albion,,Tom McGill,600000.0
2023-24,ENG1,brighton-amp-hove-albion,,Adam Webster,20000000.0
2023-24,ENG1,brighton-amp-hove-albion,,Jan Paul van Hecke,18000000.0
2023-24,ENG1,brighton-amp-hove-albion,,Igor Julio,17000000.0
2023-24,ENG1,brighton-amp-hove-albion,,Lewis Dunk,12000000.0
2023-24,ENG1,brighton-amp-hove-albion,,Ed Turns,400000.0
2023-24,ENG1,brighton-amp-hove-albion,,Odeluga Offiah,300000.0
2023-24,ENG1,brighton-amp-hove-albion,,Ben Jackson,200000.0
2023-24,ENG1,brighton-amp-hove-albion,,Leigh Kavanagh,200000.0
2023-24,ENG1,brighton-amp-hove-albion,,Pervis Estupiñán,30000000.0
2023-24,ENG1,brighton-amp-hove-albion,,Imari Samuels,100000.0
2023-24,ENG1,brighton-amp-hove-albion,,Tariq Lamptey,12000000.0
2023-24,ENG1,brighton-amp-hove-albion,,Joël Veltman,10000000.0
2023-24,ENG1,brighton-amp-hove-albion,,Carlos Baleba,22000000.0
2023-24,ENG1,brighton-amp-hove-albion,,Billy Gilmour,18000000.0
2023-24,ENG1,brighton-amp-hove-albion,,Jack Hinshelwood,16000000.0
2023-24,ENG1,brighton-amp-hove-albion,,Jack Hinchy,150000.0
2023-24,ENG1,brighton-amp-hove-albion,,Valentín Barco,13000000.0
2023-24,ENG1,brighton-amp-hove-albion,,Jakub Moder,10000000.0
2023-24,ENG1,brighton-amp-hove-albion,,Pascal Groß,8000000.0
2023-24,ENG1,brighton-amp-hove-albion,,Mahmoud Dahoud,6000000.0
2023-24,ENG1,brighton-amp-hove-albion,,Yasin Ayari,4500000.0
2023-24,ENG1,brighton-amp-hove-albion,,Steven Alzate,4000000.0
2023-24,ENG1,brighton-amp-hove-albion,,James Milner,1000000.0
2023-24,ENG1,brighton-amp-hove-albion,,Marc Leonard,450000.0
2023-24,ENG1,brighton-amp-hove-albion,,Jensen Weir,300000.0
2023-24,ENG1,brighton-amp-hove-albion,,Samy Chouchane,250000.0
2023-24,ENG1,brighton-amp-hove-albion,,Julio Enciso,22000000.0
2023-24,ENG1,brighton-amp-hove-albion,,Facundo Buonanotte,18000000.0
2023-24,ENG1,brighton-amp-hove-albion,,Andrew Moran,3000000.0
2023-24,ENG1,brighton-amp-hove-albion,,Adam Lallana,1000000.0
2023-24,ENG1,brighton-amp-hove-albion,,Kaoru Mitoma,45000000.0
2023-24,ENG1,brighton-amp-hove-albion,,Simon Adingra,30000000.0
2023-24,ENG1,brighton-amp-hove-albion,,Ansu Fati,25000000.0
2023-24,ENG1,brighton-amp-hove-albion,,Abdallah Sima,7500000.0
2023-24,ENG1,brighton-amp-hove-albion,,Jeremy Sarmiento,4500000.0
2023-24,ENG1,brighton-amp-hove-albion,,Luca Barrington,150000.0
2023-24,ENG1,brighton-amp-hove-albion,,Cameron Peupion,100000.0
2023-24,ENG1,brighton-amp-hove-albion,,Solly March,18000000.0
2023-24,ENG1,brighton-amp-hove-albion,,Benicio Baker,400000.0
2023-24,ENG1,brighton-amp-hove-albion,,Evan Ferguson,50000000.0
2023-24,ENG1,brighton-amp-hove-albion,,João Pedro,45000000.0
2023-24,ENG1,brighton-amp-hove-albion,,Danny Welbeck,5000000.0
2023-24,ENG1,brighton-amp-hove-albion,,Joshua Duffus,500000.0
2023-24,ENG1,brighton-amp-hove-albion,,Mark O'Mahony,300000.0
2023-24,ENG1,crystal-palace,,Dean Henderson,12000000.0
2023-24,ENG1,crystal-palace,,Sam Johnstone,10000000.0
2023-24,ENG1,crystal-palace,,Joe Whitworth,1000000.0
2023-24,ENG1,crystal-palace,,Remi Matthews,500000.0
2023-24,ENG1,crystal-palace,,Marc Guéhi,38000000.0
2023-24,ENG1,crystal-palace,,Joachim Andersen,35000000.0
2023-24,ENG1,crystal-palace,,Chris Richards,12000000.0
2023-24,ENG1,crystal-palace,,Rob Holding,5000000.0
2023-24,ENG1,crystal-palace,,Nathan Ferguson,1000000.0
2023-24,ENG1,crystal-palace,,James Tomkins,700000.0
2023-24,ENG1,crystal-palace,,Seán Grehan,150000.0
2023-24,ENG1,crystal-palace,,Tyrick Mitchell,25000000.0
2023-24,ENG1,crystal-palace,,Tayo Adaramola,800000.0
2023-24,ENG1,crystal-palace,,Daniel Muñoz,18000000.0
2023-24,ENG1,crystal-palace,,Nathaniel Clyne,1500000.0
2023-24,ENG1,crystal-palace,,Joel Ward,1000000.0
2023-24,ENG1,crystal-palace,,Cheick Doucouré,35000000.0
2023-24,ENG1,crystal-palace,,Adam Wharton,30000000.0
2023-24,ENG1,crystal-palace,,Jefferson Lerma,20000000.0
2023-24,ENG1,crystal-palace,,Jaïro Riedewald,3000000.0
2023-24,ENG1,crystal-palace,,David Ozoh,700000.0
2023-24,ENG1,crystal-palace,,Kaden Rodney,200000.0
2023-24,ENG1,crystal-palace,,Will Hughes,9000000.0
2023-24,ENG1,crystal-palace,,Naouirou Ahamada,8000000.0
2023-24,ENG1,crystal-palace,,Jack Wells-Morrison,200000.0
2023-24,ENG1,crystal-palace,,Jeffrey Schlupp,7000000.0
2023-24,ENG1,crystal-palace,,Eberechi Eze,55000000.0
2023-24,ENG1,crystal-palace,,John-Kymani Gordon,200000.0
2023-24,ENG1,crystal-palace,,Michael Olise,55000000.0
2023-24,ENG1,crystal-palace,,Jesurun Rak-Sakyi,2000000.0
2023-24,ENG1,crystal-palace,,Malcolm Ebiowei,1500000.0
2023-24,ENG1,crystal-palace,,Franco Umeh,75000.0
2023-24,ENG1,crystal-palace,,Matheus França,15000000.0
2023-24,ENG1,crystal-palace,,Jean-Philippe Mateta,20000000.0
2023-24,ENG1,crystal-palace,,Odsonne Édouard,18000000.0
2023-24,ENG1,crystal-palace,,Jordan Ayew,4000000.0
2023-24,ENG1,crystal-palace,,Luke Plange,800000.0
2023-24,ENG1,crystal-palace,,Ademola Ola-Adebomi,250000.0
2023-24,ENG1,fc-arsenal,262749,david raya,35000000.0
2023-24,ENG1,fc-arsenal,427568,aaron ramsdale,25000000.0
2023-24,ENG1,fc-arsenal,425306,matt turner,7000000.0
2023-24,ENG1,fc-arsenal,493513,karl hein,2000000.0
2023-24,ENG1,fc-arsenal,503769,arthur okonkwo,1800000.0
2023-24,ENG1,fc-arsenal,495666,william saliba,80000000.0
2023-24,ENG1,fc-arsenal,435338,gabriel,70000000.0
2023-24,ENG1,fc-arsenal,331560,takehiro tomiyasu,35000000.0
2023-24,ENG1,fc-arsenal,425918,jakub kiwior,30000000.0
2023-24,ENG1,fc-arsenal,253341,rob holding,5000000.0
2023-24,ENG1,fc-arsenal,1078163,ayden heaven,300000.0
2023-24,ENG1,fc-arsenal,203853,oleksandr zinchenko,38000000.0
2023-24,ENG1,fc-arsenal,300716,kieran tierney,12000000.0
2023-24,ENG1,fc-arsenal,743414,lino sousa,2000000.0
2023-24,ENG1,fc-arsenal,890721,myles lewis skelly,2000000.0
2023-24,ENG1,fc-arsenal,335721,ben white,55000000.0
2023-24,ENG1,fc-arsenal,420243,jurrien timber,38000000.0
2023-24,ENG1,fc-arsenal,878160,reuell walters,4000000.0
2023-24,ENG1,fc-arsenal,112988,cedric soares,2000000.0
2023-24,ENG1,fc-arsenal,583952,james sweet,250000.0
2023-24,ENG1,fc-arsenal,230784,thomas partey,18000000.0
2023-24,ENG1,fc-arsenal,102017,jorginho,12000000.0
2023-24,ENG1,fc-arsenal,160438,mohamed elneny,3500000.0
2023-24,ENG1,fc-arsenal,871837,bradley ibrahim,400000.0
2023-24,ENG1,fc-arsenal,357662,declan rice,120000000.0
2023-24,ENG1,fc-arsenal,381967,albert sambi lokonga,15000000.0
2023-24,ENG1,fc-arsenal,745846,mauro bandeira,200000.0
2023-24,ENG1,fc-arsenal,316264,martin odegaard,110000000.0
2023-24,ENG1,fc-arsenal,392765,emile smith rowe,22000000.0
2023-24,ENG1,fc-arsenal,537598,fabio vieira,22000000.0
2023-24,ENG1,fc-arsenal,890719,ethan nwaneri,8000000.0
2023-24,ENG1,fc-arsenal,655488,gabriel martinelli,70000000.0
2023-24,ENG1,fc-arsenal,144028,leandro trossard,35000000.0
2023-24,ENG1,fc-arsenal,340325,reiss nelson,15000000.0
2023-24,ENG1,fc-arsenal,796037,charles sagoe jr,600000.0
2023-24,ENG1,fc-arsenal,433177,bukayo saka,140000000.0
2023-24,ENG1,fc-arsenal,878150,amario cozier duberry,2000000.0
2023-24,ENG1,fc-arsenal,309400,kai havertz,70000000.0
2023-24,ENG1,fc-arsenal,363205,gabriel jesus,65000000.0
2023-24,ENG1,fc-arsenal,340324,eddie nketiah,30000000.0
2023-24,ENG1,fc-brentford,,Mark Flekken,12000000.0
2023-24,ENG1,fc-brentford,,Thomas Strakosha,3000000.0
2023-24,ENG1,fc-brentford,,Hákon Valdimarsson,2500000.0
2023-24,ENG1,fc-brentford,,Matthew Cox,800000.0
2023-24,ENG1,fc-brentford,,Ellery Balcombe,300000.0
2023-24,ENG1,fc-brentford,,Vincent Angelini,100000.0
2023-24,ENG1,fc-brentford,,Nathan Collins,25000000.0
2023-24,ENG1,fc-brentford,,Kristoffer Ajer,15000000.0
2023-24,ENG1,fc-brentford,,Ethan Pinnock,12000000.0
2023-24,ENG1,fc-brentford,,Zanka,1000000.0
2023-24,ENG1,fc-brentford,,Ben Mee,1000000.0
2023-24,ENG1,fc-brentford,,Ji-soo Kim,600000.0
2023-24,ENG1,fc-brentford,,Charlie Goode,500000.0
2023-24,ENG1,fc-brentford,,Benjamin Fredrick,150000.0
2023-24,ENG1,fc-brentford,,Rico Henry,20000000.0
2023-24,ENG1,fc-brentford,,Sergio Reguilón,12000000.0
2023-24,ENG1,fc-brentford,,Val Adedokun,150000.0
2023-24,ENG1,fc-brentford,,Aaron Hickey,28000000.0
2023-24,ENG1,fc-brentford,,Mads Roerslev,10000000.0
2023-24,ENG1,fc-brentford,,Fin Stevens,450000.0
2023-24,ENG1,fc-brentford,,Vitaly Janelt,22000000.0
2023-24,ENG1,fc-brentford,,Christian Nørgaard,18000000.0
2023-24,ENG1,fc-brentford,,Yunus Konak,3500000.0
2023-24,ENG1,fc-brentford,,Mathias Jensen,28000000.0
2023-24,ENG1,fc-brentford,,Josh Dasilva,10000000.0
2023-24,ENG1,fc-brentford,,Yegor Yarmolyuk,10000000.0
2023-24,ENG1,fc-brentford,,Frank Onyeka,9000000.0
2023-24,ENG1,fc-brentford,,Shandon Baptiste,2500000.0
2023-24,ENG1,fc-brentford,,Paris Maghoma,350000.0
2023-24,ENG1,fc-brentford,,Ethan Brierley,300000.0
2023-24,ENG1,fc-brentford,,Ryan Trevitt,275000.0
2023-24,ENG1,fc-brentford,,Keane Lewis-Potter,15000000.0
2023-24,ENG1,fc-brentford,,Mikkel Damsgaard,10000000.0
2023-24,ENG1,fc-brentford,,Saman Ghoddos,2000000.0
2023-24,ENG1,fc-brentford,,Myles Peart-Harris,700000.0
2023-24,ENG1,fc-brentford,,Kevin Schade,22000000.0
2023-24,ENG1,fc-brentford,,Michael Olakigbe,600000.0
2023-24,ENG1,fc-brentford,,Bryan Mbeumo,40000000.0
2023-24,ENG1,fc-brentford,,Ivan Toney,50000000.0
2023-24,ENG1,fc-brentford,,Yoane Wissa,28000000.0
2023-24,ENG1,fc-brentford,,Neal Maupay,12000000.0
2023-24,ENG1,fc-burnley,566799,james trafford,18000000.0
2023-24,ENG1,fc-burnley,371021,arijanet muric,7000000.0
2023-24,ENG1,fc-burnley,243591,lawrence vigouroux,300000.0
2023-24,ENG1,fc-burnley,606576,denis franchi,250000.0
2023-24,ENG1,fc-burnley,403898,jordan beyer,13000000.0
2023-24,ENG1,fc-burnley,620598,ameen al dakhil,12000000.0
2023-24,ENG1,fc-burnley,401320,dara oshea,7000000.0
2023-24,ENG1,fc-burnley,392179,hjalmar ekdal,7000000.0
2023-24,ENG1,fc-burnley,842341,maxime esteve,7000000.0
2023-24,ENG1,fc-burnley,338635,hannes delcroix,4000000.0
2023-24,ENG1,fc-burnley,535927,luke mcnally,3800000.0
2023-24,ENG1,fc-burnley,581669,cj egan riley,1500000.0
2023-24,ENG1,fc-burnley,195633,charlie taylor,3000000.0
2023-24,ENG1,fc-burnley,711969,lorenz assignon,10000000.0
2023-24,ENG1,fc-burnley,214666,connor roberts,7000000.0
2023-24,ENG1,fc-burnley,468249,vitinho,5000000.0
2023-24,ENG1,fc-burnley,333014,sander berge,20000000.0
2023-24,ENG1,fc-burnley,40613,jack cork,800000.0
2023-24,ENG1,fc-burnley,293569,josh brownhill,15000000.0
2023-24,ENG1,fc-burnley,242606,josh cullen,10000000.0
2023-24,ENG1,fc-burnley,536508,han noah massengo,4000000.0
2023-24,ENG1,fc-burnley,646658,aaron ramsey,15000000.0
2023-24,ENG1,fc-burnley,381963,mike tresor,12000000.0
2023-24,ENG1,fc-burnley,433818,scott twine,3000000.0
2023-24,ENG1,fc-burnley,743498,wilson odobert,10000000.0
2023-24,ENG1,fc-burnley,491296,anass zaroury,9000000.0
2023-24,ENG1,fc-burnley,293281,jacob bruun larsen,8000000.0
2023-24,ENG1,fc-burnley,386786,darko churlinov,1500000.0
2023-24,ENG1,fc-burnley,614700,dara costelloe,325000.0
2023-24,ENG1,fc-burnley,745461,luca koleosho,7000000.0
2023-24,ENG1,fc-burnley,322702,manuel benson,5000000.0
2023-24,ENG1,fc-burnley,129078,nathan redmond,5000000.0
2023-24,ENG1,fc-burnley,89231,johann berg gudmundsson,1000000.0
2023-24,ENG1,fc-burnley,724041,enock agyei,800000.0
2023-24,ENG1,fc-burnley,467623,lyle foster,13000000.0
2023-24,ENG1,fc-burnley,787232,david datro fofana,12000000.0
2023-24,ENG1,fc-burnley,548729,zeki amdouni,12000000.0
2023-24,ENG1,fc-burnley,444208,michael obafemi,2200000.0
2023-24,ENG1,fc-burnley,53360,jay rodriguez,1000000.0
2023-24,ENG1,fc-chelsea,,Robert Sánchez,20000000.0
2023-24,ENG1,fc-chelsea,,Djordje Petrovic,20000000.0
2023-24,ENG1,fc-chelsea,,Marcus Bettinelli,1000000.0
2023-24,ENG1,fc-chelsea,,Lucas Bergström,700000.0
2023-24,ENG1,fc-chelsea,,Teddy Sharman-Lowe,300000.0
2023-24,ENG1,fc-chelsea,,Eddie Beach,250000.0
2023-24,ENG1,fc-chelsea,,Levi Colwill,50000000.0
2023-24,ENG1,fc-chelsea,,Axel Disasi,40000000.0
2023-24,ENG1,fc-chelsea,,Benoît Badiashile,30000000.0
2023-24,ENG1,fc-chelsea,,Wesley Fofana,25000000.0
2023-24,ENG1,fc-chelsea,,Trevoh Chalobah,13000000.0
2023-24,ENG1,fc-chelsea,,Bashir Humphreys,4800000.0
2023-24,ENG1,fc-chelsea,,Malang Sarr,4000000.0
2023-24,ENG1,fc-chelsea,,Thiago Silva,1000000.0
2023-24,ENG1,fc-chelsea,,Josh Brooking,500000.0
2023-24,ENG1,fc-chelsea,,Josh Acheampong,300000.0
2023-24,ENG1,fc-chelsea,,Harrison Murray-Campbell,250000.0
2023-24,ENG1,fc-chelsea,,Ian Maatsen,40000000.0
2023-24,ENG1,fc-chelsea,,Ben Chilwell,28000000.0
2023-24,ENG1,fc-chelsea,,Marc Cucurella,25000000.0
2023-24,ENG1,fc-chelsea,,Ishé Samuels-Smith,500000.0
2023-24,ENG1,fc-chelsea,,Zak Sturge,250000.0
2023-24,ENG1,fc-chelsea,,Dylan Williams,200000.0
2023-24,ENG1,fc-chelsea,,Reece James,40000000.0
2023-24,ENG1,fc-chelsea,,Malo Gusto,35000000.0
2023-24,ENG1,fc-chelsea,,Alfie Gilchrist,5000000.0
2023-24,ENG1,fc-chelsea,,Moisés Caicedo,75000000.0
2023-24,ENG1,fc-chelsea,,Roméo Lavia,35000000.0
2023-24,ENG1,fc-chelsea,,Lesley Ugochukwu,25000000.0
2023-24,ENG1,fc-chelsea,,Andrey Santos,15000000.0
2023-24,ENG1,fc-chelsea,,Enzo Fernández,75000000.0
2023-24,ENG1,fc-chelsea,,Conor Gallagher,50000000.0
2023-24,ENG1,fc-chelsea,,Carney Chukwuemeka,15000000.0
2023-24,ENG1,fc-chelsea,,Cesare Casadei,10000000.0
2023-24,ENG1,fc-chelsea,,Alex Matos,1200000.0
2023-24,ENG1,fc-chelsea,,Michael Golding,300000.0
2023-24,ENG1,fc-chelsea,,Jimi Tauriainen,200000.0
2023-24,ENG1,fc-chelsea,,Diego Moreira,3000000.0
2023-24,ENG1,fc-chelsea,,Cole Palmer,80000000.0
2023-24,ENG1,fc-chelsea,,Leo Castledine,900000.0
2023-24,ENG1,fc-chelsea,,Mykhaylo Mudryk,35000000.0
2023-24,ENG1,fc-chelsea,,Raheem Sterling,35000000.0
2023-24,ENG1,fc-chelsea,,Noni Madueke,28000000.0
2023-24,ENG1,fc-chelsea,,Christopher Nkunku,65000000.0
2023-24,ENG1,fc-chelsea,,Nicolas Jackson,35000000.0
2023-24,ENG1,fc-chelsea,,Armando Broja,22000000.0
2023-24,ENG1,fc-chelsea,,David Datro Fofana,12000000.0
2023-24,ENG1,fc-chelsea,,Deivid Washington,9000000.0
2023-24,ENG1,fc-chelsea,,Mason Burstow,1800000.0
2023-24,ENG1,fc-chelsea,,Ronnie Stutter,200000.0
2023-24,ENG1,fc-everton,,Jordan Pickford,22000000.0
2023-24,ENG1,fc-everton,,João Virgínia,800000.0
2023-24,ENG1,fc-everton,,Andy Lonergan,100000.0
2023-24,ENG1,fc-everton,,Jarrad Branthwaite,42000000.0
2023-24,ENG1,fc-everton,,James Tarkowski,13000000.0
2023-24,ENG1,fc-everton,,Ben Godfrey,10000000.0
2023-24,ENG1,fc-everton,,Michael Keane,6000000.0
2023-24,ENG1,fc-everton,,Mason Holgate,5000000.0
2023-24,ENG1,fc-everton,,Vitaliy Mykolenko,28000000.0
2023-24,ENG1,fc-everton,,Mackenzie Hunt,200000.0
2023-24,ENG1,fc-everton,,Nathan Patterson,15000000.0
2023-24,ENG1,fc-everton,,Ashley Young,500000.0
2023-24,ENG1,fc-everton,,Séamus Coleman,500000.0
2023-24,ENG1,fc-everton,,Amadou Onana,50000000.0
2023-24,ENG1,fc-everton,,James Garner,22000000.0
2023-24,ENG1,fc-everton,,Idrissa Gueye,3000000.0
2023-24,ENG1,fc-everton,,André Gomes,10000000.0
2023-24,ENG1,fc-everton,,Lewis Warrington,500000.0
2023-24,ENG1,fc-everton,,Tyler Onyango,500000.0
2023-24,ENG1,fc-everton,,Jenson Metcalfe,150000.0
2023-24,ENG1,fc-everton,,Abdoulaye Doucouré,10000000.0
2023-24,ENG1,fc-everton,,Dele Alli,5000000.0
2023-24,ENG1,fc-everton,,Alex Iwobi,25000000.0
2023-24,ENG1,fc-everton,,Dwight McNeil,22000000.0
2023-24,ENG1,fc-everton,,Jack Harrison,18000000.0
2023-24,ENG1,fc-everton,,Arnaut Danjuma,13000000.0
2023-24,ENG1,fc-everton,,Lewis Dobbin,2500000.0
2023-24,ENG1,fc-everton,,Dominic Calvert-Lewin,22000000.0
2023-24,ENG1,fc-everton,,Beto,20000000.0
2023-24,ENG1,fc-everton,,Neal Maupay,12000000.0
2023-24,ENG1,fc-everton,,Youssef Chermiti,9000000.0
2023-24,ENG1,fc-everton,,Tom Cannon,4000000.0
2023-24,ENG1,fc-fulham,72476,bernd leno,13000000.0
2023-24,ENG1,fc-fulham,186901,marek rodak,3000000.0
2023-24,ENG1,fc-fulham,381469,steven benda,1000000.0
2023-24,ENG1,fc-fulham,258878,tosin adarabioyo,20000000.0
2023-24,ENG1,fc-fulham,272622,issa diop,20000000.0
2023-24,ENG1,fc-fulham,461883,calvin bassey,16000000.0
2023-24,ENG1,fc-fulham,145466,tim ream,800000.0
2023-24,ENG1,fc-fulham,921995,luc de fougerolles,300000.0
2023-24,ENG1,fc-fulham,349701,antonee robinson,25000000.0
2023-24,ENG1,fc-fulham,296422,fode ballo toure,3000000.0
2023-24,ENG1,fc-fulham,262226,timothy castagne,17000000.0
2023-24,ENG1,fc-fulham,206746,kenny tete,15000000.0
2023-24,ENG1,fc-fulham,183321,kevin mbabu,4000000.0
2023-24,ENG1,fc-fulham,745452,devan tanton,250000.0
2023-24,ENG1,fc-fulham,257455,joao palhinha,55000000.0
2023-24,ENG1,fc-fulham,203394,andreas pereira,20000000.0
2023-24,ENG1,fc-fulham,226973,harrison reed,15000000.0
2023-24,ENG1,fc-fulham,245056,sasa lukic,10000000.0
2023-24,ENG1,fc-fulham,123275,tom cairney,2000000.0
2023-24,ENG1,fc-fulham,528888,tyrese francois,600000.0
2023-24,ENG1,fc-fulham,817611,matt dibley dias,500000.0
2023-24,ENG1,fc-fulham,186186,bobby de cordova reid,5000000.0
2023-24,ENG1,fc-fulham,817612,luke harris,1000000.0
2023-24,ENG1,fc-fulham,539810,kristian sekularac,200000.0
2023-24,ENG1,fc-fulham,1011131,josh king,200000.0
2023-24,ENG1,fc-fulham,242631,alex iwobi,25000000.0
2023-24,ENG1,fc-fulham,52769,willian,3000000.0
2023-24,ENG1,fc-fulham,279455,harry wilson,17000000.0
2023-24,ENG1,fc-fulham,204103,adama traore,9000000.0
2023-24,ENG1,fc-fulham,51152,aleksandar mitrovic,28000000.0
2023-24,ENG1,fc-fulham,571743,armando broja,22000000.0
2023-24,ENG1,fc-fulham,735571,rodrigo muniz,20000000.0
2023-24,ENG1,fc-fulham,206040,raul jimenez,5000000.0
2023-24,ENG1,fc-fulham,525287,carlos vinicius,4000000.0
2023-24,ENG1,fc-fulham,696346,jay stansfield,3500000.0
2023-24,ENG1,fc-liverpool,,Alisson,28000000.0
2023-24,ENG1,fc-liverpool,,Caoimhín Kelleher,20000000.0
2023-24,ENG1,fc-liverpool,,Vitezslav Jaros,5000000.0
2023-24,ENG1,fc-liverpool,,Adrián San Miguel,600000.0
2023-24,ENG1,fc-liverpool,,Marcelo Pitaluga,300000.0
2023-24,ENG1,fc-liverpool,,Fabian Mrozek,200000.0
2023-24,ENG1,fc-liverpool,,Ibrahima Konaté,45000000.0
2023-24,ENG1,fc-liverpool,,Virgil van Dijk,30000000.0
2023-24,ENG1,fc-liverpool,,Joe Gomez,28000000.0
2023-24,ENG1,fc-liverpool,,Jarell Quansah,22000000.0
2023-24,ENG1,fc-liverpool,,Joël Matip,8000000.0
2023-24,ENG1,fc-liverpool,,Nat Phillips,3500000.0
2023-24,ENG1,fc-liverpool,,Rhys Williams,1800000.0
2023-24,ENG1,fc-liverpool,,Andrew Robertson,30000000.0
2023-24,ENG1,fc-liverpool,,Konstantinos Tsimikas,22000000.0
2023-24,ENG1,fc-liverpool,,Luke Chambers,1500000.0
2023-24,ENG1,fc-liverpool,,Owen Beck,1250000.0
2023-24,ENG1,fc-liverpool,,Calum Scanlon,700000.0
2023-24,ENG1,fc-liverpool,,Trent Alexander-Arnold,70000000.0
2023-24,ENG1,fc-liverpool,,Conor Bradley,15000000.0
2023-24,ENG1,fc-liverpool,,Calvin Ramsay,4000000.0
2023-24,ENG1,fc-liverpool,,Ryan Gravenberch,35000000.0
2023-24,ENG1,fc-liverpool,,Wataru Endo,13000000.0
2023-24,ENG1,fc-liverpool,,Stefan Bajcetic,11000000.0
2023-24,ENG1,fc-liverpool,,James McConnell,500000.0
2023-24,ENG1,fc-liverpool,,Alexis Mac Allister,75000000.0
2023-24,ENG1,fc-liverpool,,Curtis Jones,35000000.0
2023-24,ENG1,fc-liverpool,,Thiago Alcántara,10000000.0
2023-24,ENG1,fc-liverpool,,Bobby Clark,1000000.0
2023-24,ENG1,fc-liverpool,,Trey Nyoni,500000.0
2023-24,ENG1,fc-liverpool,,Tom Hill,300000.0
2023-24,ENG1,fc-liverpool,,Dominik Szoboszlai,75000000.0
2023-24,ENG1,fc-liverpool,,Harvey Elliott,35000000.0
2023-24,ENG1,fc-liverpool,,Fábio Carvalho,14000000.0
2023-24,ENG1,fc-liverpool,,Mateusz Musiałowski,300000.0
2023-24,ENG1,fc-liverpool,,Luis Díaz,75000000.0
2023-24,ENG1,fc-liverpool,,Cody Gakpo,50000000.0
2023-24,ENG1,fc-liverpool,,Diogo Jota,50000000.0
2023-24,ENG1,fc-liverpool,,Lewis Koumas,1000000.0
2023-24,ENG1,fc-liverpool,,Mohamed Salah,55000000.0
2023-24,ENG1,fc-liverpool,,Ben Gannon-Doak,10000000.0
2023-24,ENG1,fc-liverpool,,Kaide Gordon,1200000.0
2023-24,ENG1,fc-liverpool,,Darwin Núñez,70000000.0
2023-24,ENG1,fc-liverpool,,Jayden Danns,1000000.0
2023-24,ENG1,luton-town,,Thomas Kaminski,3000000.0
2023-24,ENG1,luton-town,,Tim Krul,500000.0
2023-24,ENG1,luton-town,,Jack Walton,400000.0
2023-24,ENG1,luton-town,,James Shea,200000.0
2023-24,ENG1,luton-town,,Teden Mengi,12000000.0
2023-24,ENG1,luton-town,,Tom Holmes,3500000.0
2023-24,ENG1,luton-town,,Gabriel Osho,3000000.0
2023-24,ENG1,luton-town,,Mads Andersen,3000000.0
2023-24,ENG1,luton-town,,Tom Lockyer,2500000.0
2023-24,ENG1,luton-town,,Amari'i Bell,2500000.0
2023-24,ENG1,luton-town,,Reece Burke,1800000.0
2023-24,ENG1,luton-town,,Dan Potts,900000.0
2023-24,ENG1,luton-town,,Ryan Giles,4500000.0
2023-24,ENG1,luton-town,,Joe Johnson,100000.0
2023-24,ENG1,luton-town,,Issa Kaboré,10000000.0
2023-24,ENG1,luton-town,,Daiki Hashioka,2000000.0
2023-24,ENG1,luton-town,,Marvelous Nakamba,5000000.0
2023-24,ENG1,luton-town,,Pelly Ruddock Mpanzu,1500000.0
2023-24,ENG1,luton-town,,Albert Sambi Lokonga,15000000.0
2023-24,ENG1,luton-town,,Ross Barkley,8000000.0
2023-24,ENG1,luton-town,,Allan Campbell,2000000.0
2023-24,ENG1,luton-town,,Luke Berry,400000.0
2023-24,ENG1,luton-town,,Elliot Thorpe,200000.0
2023-24,ENG1,luton-town,,Axel Piesold,150000.0
2023-24,ENG1,luton-town,,Fred Onyedinma,500000.0
2023-24,ENG1,luton-town,,Alfie Doughty,10000000.0
2023-24,ENG1,luton-town,,Tahith Chong,6000000.0
2023-24,ENG1,luton-town,,Jordan Clark,1000000.0
2023-24,ENG1,luton-town,,Louie Watson,250000.0
2023-24,ENG1,luton-town,,Zack Nelson,100000.0
2023-24,ENG1,luton-town,,Dion Pereira,175000.0
2023-24,ENG1,luton-town,,Chiedozie Ogbene,8000000.0
2023-24,ENG1,luton-town,,Andros Townsend,1800000.0
2023-24,ENG1,luton-town,,John McAtee,300000.0
2023-24,ENG1,luton-town,,Carlton Morris,13000000.0
2023-24,ENG1,luton-town,,Elijah Adebayo,12000000.0
2023-24,ENG1,luton-town,,Jacob Brown,4000000.0
2023-24,ENG1,luton-town,,Cauley Woodrow,1000000.0
2023-24,ENG1,luton-town,,Joe Taylor,350000.0
2023-24,ENG1,luton-town,,Admiral Muskwe,275000.0
2023-24,ENG1,manchester-city,238223,ederson,35000000.0
2023-24,ENG1,manchester-city,85941,stefan ortega,9000000.0
2023-24,ENG1,manchester-city,221624,zack steffen,2000000.0
2023-24,ENG1,manchester-city,919438,true grant,500000.0
2023-24,ENG1,manchester-city,14555,scott carson,200000.0
2023-24,ENG1,manchester-city,258004,ruben dias,80000000.0
2023-24,ENG1,manchester-city,475959,josko gvardiol,75000000.0
2023-24,ENG1,manchester-city,284730,manuel akanji,45000000.0
2023-24,ENG1,manchester-city,177476,nathan ake,40000000.0
2023-24,ENG1,manchester-city,186590,john stones,38000000.0
2023-24,ENG1,manchester-city,503977,taylor harwood bellis,22000000.0
2023-24,ENG1,manchester-city,176553,aymeric laporte,20000000.0
2023-24,ENG1,manchester-city,843595,max alleyne,500000.0
2023-24,ENG1,manchester-city,366930,sergio gomez,10000000.0
2023-24,ENG1,manchester-city,576121,josh wilson esbrand,4000000.0
2023-24,ENG1,manchester-city,601883,matheus nunes,50000000.0
2023-24,ENG1,manchester-city,701057,rico lewis,38000000.0
2023-24,ENG1,manchester-city,95424,kyle walker,13000000.0
2023-24,ENG1,manchester-city,649452,issa kabore,10000000.0
2023-24,ENG1,manchester-city,357565,rodri,120000000.0
2023-24,ENG1,manchester-city,351749,kalvin phillips,25000000.0
2023-24,ENG1,manchester-city,668547,maximo perrone,9000000.0
2023-24,ENG1,manchester-city,895074,mahamadou susoho,1500000.0
2023-24,ENG1,manchester-city,983702,jacob wright,800000.0
2023-24,ENG1,manchester-city,51471,mateo kovacic,30000000.0
2023-24,ENG1,manchester-city,406635,phil foden,150000000.0
2023-24,ENG1,manchester-city,568177,cole palmer,80000000.0
2023-24,ENG1,manchester-city,241641,bernardo silva,70000000.0
2023-24,ENG1,manchester-city,88755,kevin de bruyne,50000000.0
2023-24,ENG1,manchester-city,583199,james mcatee,12000000.0
2023-24,ENG1,manchester-city,486049,jeremy doku,65000000.0
2023-24,ENG1,manchester-city,203460,jack grealish,60000000.0
2023-24,ENG1,manchester-city,652797,micah hamilton,2000000.0
2023-24,ENG1,manchester-city,661207,oscar bobb,25000000.0
2023-24,ENG1,manchester-city,418560,erling haaland,180000000.0
2023-24,ENG1,manchester-city,576024,julian alvarez,90000000.0
2023-24,ENG1,manchester-united,,André Onana,35000000.0
2023-24,ENG1,manchester-united,,Dean Henderson,12000000.0
2023-24,ENG1,manchester-united,,Altay Bayındır,10000000.0
2023-24,ENG1,manchester-united,,Radek Vítek,300000.0
2023-24,ENG1,manchester-united,,Tom Heaton,250000.0
2023-24,ENG1,manchester-united,,Lisandro Martínez,45000000.0
2023-24,ENG1,manchester-united,,Raphaël Varane,20000000.0
2023-24,ENG1,manchester-united,,Harry Maguire,18000000.0
2023-24,ENG1,manchester-united,,Victor Lindelöf,15000000.0
2023-24,ENG1,manchester-united,,Willy Kambwala,5000000.0
2023-24,ENG1,manchester-united,,Jonny Evans,2000000.0
2023-24,ENG1,manchester-united,,Luke Shaw,32000000.0
2023-24,ENG1,manchester-united,,Tyrell Malacia,18000000.0
2023-24,ENG1,manchester-united,,Sergio Reguilón,12000000.0
2023-24,ENG1,manchester-united,,Álvaro Carreras,7000000.0
2023-24,ENG1,manchester-united,,Brandon Williams,2500000.0
2023-24,ENG1,manchester-united,,Diogo Dalot,35000000.0
2023-24,ENG1,manchester-united,,Aaron Wan-Bissaka,20000000.0
2023-24,ENG1,manchester-united,,Sofyan Amrabat,22000000.0
2023-24,ENG1,manchester-united,,Casemiro,20000000.0
2023-24,ENG1,manchester-united,,Toby Collyer,200000.0
2023-24,ENG1,manchester-united,,Kobbie Mainoo,50000000.0
2023-24,ENG1,manchester-united,,Scott McTominay,32000000.0
2023-24,ENG1,manchester-united,,Donny van de Beek,5000000.0
2023-24,ENG1,manchester-united,,Dan Gore,900000.0
2023-24,ENG1,manchester-united,,Bruno Fernandes,70000000.0
2023-24,ENG1,manchester-united,,Mason Mount,35000000.0
2023-24,ENG1,manchester-united,,Hannibal,9000000.0
2023-24,ENG1,manchester-united,,Christian Eriksen,8000000.0
2023-24,ENG1,manchester-united,,Marcus Rashford,60000000.0
2023-24,ENG1,manchester-united,,Alejandro Garnacho,45000000.0
2023-24,ENG1,manchester-united,,Jadon Sancho,30000000.0
2023-24,ENG1,manchester-united,,Shola Shoretire,4000000.0
2023-24,ENG1,manchester-united,,Antony,25000000.0
2023-24,ENG1,manchester-united,,Amad Diallo,18000000.0
2023-24,ENG1,manchester-united,,Facundo Pellistri,8000000.0
2023-24,ENG1,manchester-united,,Omari Forson,2000000.0
2023-24,ENG1,manchester-united,,Rasmus Højlund,65000000.0
2023-24,ENG1,manchester-united,,Anthony Martial,10000000.0
2023-24,ENG1,manchester-united,,Joe Hugill,200000.0
2023-24,ENG1,newcastle-united,,Nick Pope,16000000.0
2023-24,ENG1,newcastle-united,,Martin Dúbravka,1000000.0
2023-24,ENG1,newcastle-united,,Loris Karius,1000000.0
2023-24,ENG1,newcastle-united,,Mark Gillespie,300000.0
2023-24,ENG1,newcastle-united,,Sven Botman,45000000.0
2023-24,ENG1,newcastle-united,,Fabian Schär,10000000.0
2023-24,ENG1,newcastle-united,,Dan Burn,8000000.0
2023-24,ENG1,newcastle-united,,Jamaal Lascelles,7000000.0
2023-24,ENG1,newcastle-united,,Kell Watts,250000.0
2023-24,ENG1,newcastle-united,,Lewis Hall,18000000.0
2023-24,ENG1,newcastle-united,,Matt Targett,10000000.0
2023-24,ENG1,newcastle-united,,Jamal Lewis,3500000.0
2023-24,ENG1,newcastle-united,,Paul Dummett,900000.0
2023-24,ENG1,newcastle-united,,Alex Murphy,250000.0
2023-24,ENG1,newcastle-united,,Tino Livramento,35000000.0
2023-24,ENG1,newcastle-united,,Kieran Trippier,10000000.0
2023-24,ENG1,newcastle-united,,Emil Krafth,2500000.0
2023-24,ENG1,newcastle-united,,Javier Manquillo,1800000.0
2023-24,ENG1,newcastle-united,,Harrison Ashby,1200000.0
2023-24,ENG1,newcastle-united,,Sandro Tonali,38000000.0
2023-24,ENG1,newcastle-united,,Isaac Hayden,1800000.0
2023-24,ENG1,newcastle-united,,Bruno Guimarães,85000000.0
2023-24,ENG1,newcastle-united,,Joelinton,40000000.0
2023-24,ENG1,newcastle-united,,Joe Willock,30000000.0
2023-24,ENG1,newcastle-united,,Sean Longstaff,25000000.0
2023-24,ENG1,newcastle-united,,Lewis Miley,22000000.0
2023-24,ENG1,newcastle-united,,Elliot Anderson,15000000.0
2023-24,ENG1,newcastle-united,,Jeff Hendrick,500000.0
2023-24,ENG1,newcastle-united,,Lucas De Bolle,150000.0
2023-24,ENG1,newcastle-united,,Travis Hernes,150000.0
2023-24,ENG1,newcastle-united,,Matt Ritchie,1000000.0
2023-24,ENG1,newcastle-united,,Joe White,300000.0
2023-24,ENG1,newcastle-united,,Anthony Gordon,60000000.0
2023-24,ENG1,newcastle-united,,Harvey Barnes,35000000.0
2023-24,ENG1,newcastle-united,,Ryan Fraser,3000000.0
2023-24,ENG1,newcastle-united,,Amadou Diallo,400000.0
2023-24,ENG1,newcastle-united,,Miguel Almirón,20000000.0
2023-24,ENG1,newcastle-united,,Jacob Murphy,15000000.0
2023-24,ENG1,newcastle-united,,Alexander Isak,75000000.0
2023-24,ENG1,newcastle-united,,Callum Wilson,13000000.0
2023-24,ENG1,newcastle-united,,Ben Parkinson,250000.0
2023-24,ENG1,nottingham-forest,425306,matt turner,7000000.0
2023-24,ENG1,nottingham-forest,124419,odysseas vlachodimos,7000000.0
2023-24,ENG1,nottingham-forest,127202,matz sels,7000000.0
2023-24,ENG1,nottingham-forest,242284,ethan horvath,1800000.0
2023-24,ENG1,nottingham-forest,45494,wayne hennessey,250000.0
2023-24,ENG1,nottingham-forest,1005649,murillo,35000000.0
2023-24,ENG1,nottingham-forest,291200,moussa niakhate,16000000.0
2023-24,ENG1,nottingham-forest,621993,andrew omobamidele,11000000.0
2023-24,ENG1,nottingham-forest,255906,scott mckenna,9000000.0
2023-24,ENG1,nottingham-forest,415970,joe worrall,7500000.0
2023-24,ENG1,nottingham-forest,142310,willy boly,2500000.0
2023-24,ENG1,nottingham-forest,156501,felipe,1500000.0
2023-24,ENG1,nottingham-forest,933017,zach abbott,300000.0
2023-24,ENG1,nottingham-forest,503680,neco williams,17000000.0
2023-24,ENG1,nottingham-forest,535955,nuno tavares,15000000.0
2023-24,ENG1,nottingham-forest,198516,harry toffolo,5000000.0
2023-24,ENG1,nottingham-forest,236490,ola aina,12000000.0
2023-24,ENG1,nottingham-forest,402733,gonzalo montiel,10000000.0
2023-24,ENG1,nottingham-forest,127032,serge aurier,3700000.0
2023-24,ENG1,nottingham-forest,375885,ibrahim sangare,30000000.0
2023-24,ENG1,nottingham-forest,289592,orel mangala,20000000.0
2023-24,ENG1,nottingham-forest,743600,andrey santos,15000000.0
2023-24,ENG1,nottingham-forest,66934,cheikhou kouyate,1000000.0
2023-24,ENG1,nottingham-forest,694901,jamie mcdonnell,200000.0
2023-24,ENG1,nottingham-forest,808509,danilo,28000000.0
2023-24,ENG1,nottingham-forest,497291,nicolas dominguez,17000000.0
2023-24,ENG1,nottingham-forest,425902,ryan yates,12000000.0
2023-24,ENG1,nottingham-forest,148252,remo freuler,6500000.0
2023-24,ENG1,nottingham-forest,560694,lewis obrien,5000000.0
2023-24,ENG1,nottingham-forest,55742,harry arter,400000.0
2023-24,ENG1,nottingham-forest,631996,brandon aguilera,300000.0
2023-24,ENG1,nottingham-forest,429014,morgan gibbs white,40000000.0
2023-24,ENG1,nottingham-forest,504215,giovanni reyna,18000000.0
2023-24,ENG1,nottingham-forest,260166,ui jo hwang,1800000.0
2023-24,ENG1,nottingham-forest,392768,callum hudson odoi,18000000.0
2023-24,ENG1,nottingham-forest,503988,alex mighten,600000.0
2023-24,ENG1,nottingham-forest,470607,brennan johnson,48000000.0
2023-24,ENG1,nottingham-forest,583189,anthony elanga,22000000.0
2023-24,ENG1,nottingham-forest,506470,josh bowler,1500000.0
2023-24,ENG1,nottingham-forest,295313,taiwo awoniyi,28000000.0
2023-24,ENG1,nottingham-forest,108725,chris wood,7000000.0
2023-24,ENG1,nottingham-forest,148368,divock origi,5000000.0
2023-24,ENG1,nottingham-forest,448854,emmanuel dennis,4200000.0
2023-24,ENG1,nottingham-forest,726701,rodrigo ribeiro,3000000.0
2023-24,ENG1,nottingham-forest,921513,joe gardner,150000.0
2023-24,ENG1,nottingham-forest,921532,esapa osong,150000.0
2023-24,ENG1,sheffield-united,,Ivo Grbic,3500000.0
2023-24,ENG1,sheffield-united,,Wes Foderingham,900000.0
2023-24,ENG1,sheffield-united,,Adam Davies,500000.0
2023-24,ENG1,sheffield-united,,Jordan Amissah,250000.0
2023-24,ENG1,sheffield-united,,Anel Ahmedhodzic,18000000.0
2023-24,ENG1,sheffield-united,,Auston Trusty,7000000.0
2023-24,ENG1,sheffield-united,,Mason Holgate,5000000.0
2023-24,ENG1,sheffield-united,,John Egan,4000000.0
2023-24,ENG1,sheffield-united,,Jack Robinson,1000000.0
2023-24,ENG1,sheffield-united,,Chris Basham,300000.0
2023-24,ENG1,sheffield-united,,Luke Thomas,6000000.0
2023-24,ENG1,sheffield-united,,Yasser Larouci,3000000.0
2023-24,ENG1,sheffield-united,,Max Lowe,2500000.0
2023-24,ENG1,sheffield-united,,Rhys Norrington-Davies,2500000.0
2023-24,ENG1,sheffield-united,,Jili Buyabu,200000.0
2023-24,ENG1,sheffield-united,,Jayden Bogle,3800000.0
2023-24,ENG1,sheffield-united,,George Baldock,2500000.0
2023-24,ENG1,sheffield-united,,Femi Seriki,300000.0
2023-24,ENG1,sheffield-united,,Sam Curtis,150000.0
2023-24,ENG1,sheffield-united,,Vini Souza,12000000.0
2023-24,ENG1,sheffield-united,,Gustavo Hamer,15000000.0
2023-24,ENG1,sheffield-united,,Tom Davies,5000000.0
2023-24,ENG1,sheffield-united,,Andre Brooks,2500000.0
2023-24,ENG1,sheffield-united,,Oliver Norwood,1000000.0
2023-24,ENG1,sheffield-united,,Ismaila Coulibaly,1000000.0
2023-24,ENG1,sheffield-united,,Ben Osborn,1000000.0
2023-24,ENG1,sheffield-united,,John Fleck,900000.0
2023-24,ENG1,sheffield-united,,Oliver Arblaster,450000.0
2023-24,ENG1,sheffield-united,,Sydie Peck,200000.0
2023-24,ENG1,sheffield-united,,Billy Blacker,100000.0
2023-24,ENG1,sheffield-united,,James McAtee,12000000.0
2023-24,ENG1,sheffield-united,,Anis Ben Slimane,2500000.0
2023-24,ENG1,sheffield-united,,Bénie Traoré,4000000.0
2023-24,ENG1,sheffield-united,,Louie Marsh,100000.0
2023-24,ENG1,sheffield-united,,Cameron Archer,13000000.0
2023-24,ENG1,sheffield-united,,Ben Brereton Díaz,8000000.0
2023-24,ENG1,sheffield-united,,Oli McBurnie,4500000.0
2023-24,ENG1,sheffield-united,,Rhian Brewster,3000000.0
2023-24,ENG1,sheffield-united,,William Osula,3000000.0
2023-24,ENG1,sheffield-united,,Daniel Jebbison,1000000.0
2023-24,ENG1,sheffield-united,,Antwoine Hackford,500000.0
2023-24,ENG1,sheffield-united,,Ryan Oné,200000.0
2023-24,ENG1,tottenham-hotspur,,Guglielmo Vicario,35000000.0
2023-24,ENG1,tottenham-hotspur,,Hugo Lloris,1200000.0
2023-24,ENG1,tottenham-hotspur,,Fraser Forster,1200000.0
2023-24,ENG1,tottenham-hotspur,,Brandon Austin,600000.0
2023-24,ENG1,tottenham-hotspur,,Alfie Whiteman,500000.0
2023-24,ENG1,tottenham-hotspur,,Cristian Romero,60000000.0
2023-24,ENG1,tottenham-hotspur,,Micky van de Ven,55000000.0
2023-24,ENG1,tottenham-hotspur,,Radu Drăgușin,25000000.0
2023-24,ENG1,tottenham-hotspur,,Davinson Sánchez,17000000.0
2023-24,ENG1,tottenham-hotspur,,Eric Dier,12000000.0
2023-24,ENG1,tottenham-hotspur,,Ben Davies,10000000.0
2023-24,ENG1,tottenham-hotspur,,Joe Rodon,8000000.0
2023-24,ENG1,tottenham-hotspur,,Ashley Phillips,2200000.0
2023-24,ENG1,tottenham-hotspur,,Japhet Tanganga,1800000.0
2023-24,ENG1,tottenham-hotspur,,Alfie Dorrington,500000.0
2023-24,ENG1,tottenham-hotspur,,Destiny Udogie,45000000.0
2023-24,ENG1,tottenham-hotspur,,Sergio Reguilón,12000000.0
2023-24,ENG1,tottenham-hotspur,,Ryan Sessegnon,10000000.0
2023-24,ENG1,tottenham-hotspur,,Pedro Porro,45000000.0
2023-24,ENG1,tottenham-hotspur,,Emerson Royal,18000000.0
2023-24,ENG1,tottenham-hotspur,,Yves Bissouma,35000000.0
2023-24,ENG1,tottenham-hotspur,,Rodrigo Bentancur,35000000.0
2023-24,ENG1,tottenham-hotspur,,Pierre-Emile Højbjerg,18000000.0
2023-24,ENG1,tottenham-hotspur,,Oliver Skipp,15000000.0
2023-24,ENG1,tottenham-hotspur,,Pape Matar Sarr,45000000.0
2023-24,ENG1,tottenham-hotspur,,James Maddison,70000000.0
2023-24,ENG1,tottenham-hotspur,,Dejan Kulusevski,55000000.0
2023-24,ENG1,tottenham-hotspur,,Giovani Lo Celso,16000000.0
2023-24,ENG1,tottenham-hotspur,,Jamie Donley,1500000.0
2023-24,ENG1,tottenham-hotspur,,Heung-min Son,45000000.0
2023-24,ENG1,tottenham-hotspur,,Bryan Gil,14000000.0
2023-24,ENG1,tottenham-hotspur,,Manor Solomon,13000000.0
2023-24,ENG1,tottenham-hotspur,,Yago Santiago,200000.0
2023-24,ENG1,tottenham-hotspur,,Brennan Johnson,48000000.0
2023-24,ENG1,tottenham-hotspur,,Ivan Perisic,2000000.0
2023-24,ENG1,tottenham-hotspur,,Richarlison,38000000.0
2023-24,ENG1,tottenham-hotspur,,Timo Werner,17000000.0
2023-24,ENG1,tottenham-hotspur,,Alejo Veliz,9000000.0
2023-24,ENG1,tottenham-hotspur,,Dane Scarlett,1800000.0
2023-24,ENG1,west-ham-united,,Alphonse Areola,10000000.0
2023-24,ENG1,west-ham-united,,Łukasz Fabiański,700000.0
2023-24,ENG1,west-ham-united,,Joseph Anang,300000.0
2023-24,ENG1,west-ham-united,,Nayef Aguerd,35000000.0
2023-24,ENG1,west-ham-united,,Kurt Zouma,25000000.0
2023-24,ENG1,west-ham-united,,Konstantinos Mavropanos,20000000.0
2023-24,ENG1,west-ham-united,,Thilo Kehrer,10000000.0
2023-24,ENG1,west-ham-united,,Kaelan Casey,1000000.0
2023-24,ENG1,west-ham-united,,Angelo Ogbonna,700000.0
2023-24,ENG1,west-ham-united,,Levi Laing,150000.0
2023-24,ENG1,west-ham-united,,Emerson,12000000.0
2023-24,ENG1,west-ham-united,,Aaron Cresswell,900000.0
2023-24,ENG1,west-ham-united,,Oliver Scarles,400000.0
2023-24,ENG1,west-ham-united,,Ben Johnson,8000000.0
2023-24,ENG1,west-ham-united,,Vladimír Coufal,8000000.0
2023-24,ENG1,west-ham-united,,Edson Álvarez,35000000.0
2023-24,ENG1,west-ham-united,,Tomáš Souček,30000000.0
2023-24,ENG1,west-ham-united,,Kalvin Phillips,25000000.0
2023-24,ENG1,west-ham-united,,Flynn Downes,9000000.0
2023-24,ENG1,west-ham-united,,Conor Coventry,1500000.0
2023-24,ENG1,west-ham-united,,James Ward-Prowse,30000000.0
2023-24,ENG1,west-ham-united,,Pablo Fornals,14000000.0
2023-24,ENG1,west-ham-united,,Lewis Orford,400000.0
2023-24,ENG1,west-ham-united,,Dan Chesters,200000.0
2023-24,ENG1,west-ham-united,,Lucas Paquetá,65000000.0
2023-24,ENG1,west-ham-united,,George Earthy,1000000.0
2023-24,ENG1,west-ham-united,,Kamarai Swyer,250000.0
2023-24,ENG1,west-ham-united,,Saïd Benrahma,20000000.0
2023-24,ENG1,west-ham-united,,Maxwel Cornet,9000000.0
2023-24,ENG1,west-ham-united,,Mohammed Kudus,50000000.0
2023-24,ENG1,west-ham-united,,Jarrod Bowen,50000000.0
2023-24,ENG1,west-ham-united,,Danny Ings,8000000.0
2023-24,ENG1,west-ham-united,,Michail Antonio,4000000.0
2023-24,ENG1,west-ham-united,,Callum Marshall,2000000.0
2023-24,ENG1,west-ham-united,,Divin Mubama,1000000.0
2023-24,ENG1,wolverhampton-wanderers,,José Sá,14000000.0
2023-24,ENG1,wolverhampton-wanderers,,Daniel Bentley,2000000.0
2023-24,ENG1,wolverhampton-wanderers,,Tom King,200000.0
2023-24,ENG1,wolverhampton-wanderers,,Louie Moulden,175000.0
2023-24,ENG1,wolverhampton-wanderers,,Maximilian Kilman,32000000.0
2023-24,ENG1,wolverhampton-wanderers,,Toti,20000000.0
2023-24,ENG1,wolverhampton-wanderers,,Santiago Bueno,8000000.0
2023-24,ENG1,wolverhampton-wanderers,,Yerson Mosquera,6000000.0
2023-24,ENG1,wolverhampton-wanderers,,Craig Dawson,2000000.0
2023-24,ENG1,wolverhampton-wanderers,,Justin Hubner,350000.0
2023-24,ENG1,wolverhampton-wanderers,,Alfie Pond,250000.0
2023-24,ENG1,wolverhampton-wanderers,,Rayan Aït-Nouri,35000000.0
2023-24,ENG1,wolverhampton-wanderers,,Hugo Bueno,6000000.0
2023-24,ENG1,wolverhampton-wanderers,,Matheus Nunes,50000000.0
2023-24,ENG1,wolverhampton-wanderers,,Nélson Semedo,12000000.0
2023-24,ENG1,wolverhampton-wanderers,,Jonny Otto,5000000.0
2023-24,ENG1,wolverhampton-wanderers,,Ki-Jana Hoever,4500000.0
2023-24,ENG1,wolverhampton-wanderers,,Matt Doherty,3000000.0
2023-24,ENG1,wolverhampton-wanderers,,Mario Lemina,10000000.0
2023-24,ENG1,wolverhampton-wanderers,,Boubacar Traoré,6000000.0
2023-24,ENG1,wolverhampton-wanderers,,Joe Hodge,1500000.0
2023-24,ENG1,wolverhampton-wanderers,,Bruno Jordão,700000.0
2023-24,ENG1,wolverhampton-wanderers,,Harvey Griffiths,150000.0
2023-24,ENG1,wolverhampton-wanderers,,João Gomes,35000000.0
2023-24,ENG1,wolverhampton-wanderers,,Jean-Ricner Bellegarde,15000000.0
2023-24,ENG1,wolverhampton-wanderers,,Tommy Doyle,10000000.0
2023-24,ENG1,wolverhampton-wanderers,,Luke Cundle,5000000.0
2023-24,ENG1,wolverhampton-wanderers,,Pablo Sarabia,10000000.0
2023-24,ENG1,wolverhampton-wanderers,,Tawanda Chirewa,500000.0
2023-24,ENG1,wolverhampton-wanderers,,Noha Lemina,500000.0
2023-24,ENG1,wolverhampton-wanderers,,Enso González,4000000.0
2023-24,ENG1,wolverhampton-wanderers,,Chem Campbell,900000.0
2023-24,ENG1,wolverhampton-wanderers,,Pedro Neto,55000000.0
2023-24,ENG1,wolverhampton-wanderers,,Matheus Cunha,45000000.0
2023-24,ENG1,wolverhampton-wanderers,,Hee-chan Hwang,25000000.0
2023-24,ENG1,wolverhampton-wanderers,,Fábio Silva,11000000.0
2023-24,ENG1,wolverhampton-wanderers,,Sasa Kalajdzic,5000000.0
2023-24,ENG1,wolverhampton-wanderers,,Nathan Fraser,1000000.0
2023-24,ENG1,wolverhampton-wanderers,,Leon Chiwome,1000000.0
2024-25,ENG1,afc-bournemouth,,Kepa Arrizabalaga,10000000.0
2024-25,ENG1,afc-bournemouth,,Mark Travers,4000000.0
2024-25,ENG1,afc-bournemouth,,Neto,1500000.0
2024-25,ENG1,afc-bournemouth,,Callan McKenna,600000.0
2024-25,ENG1,afc-bournemouth,,Will Dennis,350000.0
2024-25,ENG1,afc-bournemouth,,Dean Huijsen,60000000.0
2024-25,ENG1,afc-bournemouth,,Ilya Zabarnyi,42000000.0
2024-25,ENG1,afc-bournemouth,,Marcos Senesi,22000000.0
2024-25,ENG1,afc-bournemouth,,Chris Mepham,6000000.0
2024-25,ENG1,afc-bournemouth,,James Hill,3000000.0
2024-25,ENG1,afc-bournemouth,,Matai Akinmboni,1000000.0
2024-25,ENG1,afc-bournemouth,,Milos Kerkez,45000000.0
2024-25,ENG1,afc-bournemouth,,Julio Soler,8000000.0
2024-25,ENG1,afc-bournemouth,,Archie Harris,100000.0
2024-25,ENG1,afc-bournemouth,,Julián Araujo,10000000.0
2024-25,ENG1,afc-bournemouth,,Max Aarons,6000000.0
2024-25,ENG1,afc-bournemouth,,Adam Smith,750000.0
2024-25,ENG1,afc-bournemouth,,Tyler Adams,18000000.0
2024-25,ENG1,afc-bournemouth,,Ben Winterburn,500000.0
2024-25,ENG1,afc-bournemouth,,Alex Scott,20000000.0
2024-25,ENG1,afc-bournemouth,,Lewis Cook,15000000.0
2024-25,ENG1,afc-bournemouth,,Philip Billing,10000000.0
2024-25,ENG1,afc-bournemouth,,Ryan Christie,10000000.0
2024-25,ENG1,afc-bournemouth,,Zain Silcott-Duberry,200000.0
2024-25,ENG1,afc-bournemouth,,Justin Kluivert,35000000.0
2024-25,ENG1,afc-bournemouth,,Marcus Tavernier,18000000.0
2024-25,ENG1,afc-bournemouth,,Hamed Traoré,20000000.0
2024-25,ENG1,afc-bournemouth,,Luis Sinisterra,15000000.0
2024-25,ENG1,afc-bournemouth,,Jaidon Anthony,9000000.0
2024-25,ENG1,afc-bournemouth,,Remy Rees-Dottin,300000.0
2024-25,ENG1,afc-bournemouth,,Antoine Semenyo,40000000.0
2024-25,ENG1,afc-bournemouth,,Dango Ouattara,28000000.0
2024-25,ENG1,afc-bournemouth,,David Brooks,10000000.0
2024-25,ENG1,afc-bournemouth,,Dominic Sadi,150000.0
2024-25,ENG1,afc-bournemouth,,Evanilson,35000000.0
2024-25,ENG1,afc-bournemouth,,Enes Ünal,10000000.0
2024-25,ENG1,afc-bournemouth,,Daniel Jebbison,4000000.0
2024-25,ENG1,afc-bournemouth,,Daniel Adu-Adjei,150000.0
2024-25,ENG1,aston-villa,,Emiliano Martínez,20000000.0
2024-25,ENG1,aston-villa,,Joe Gauci,1500000.0
2024-25,ENG1,aston-villa,,Robin Olsen,1000000.0
2024-25,ENG1,aston-villa,,Oliwier Zych,800000.0
2024-25,ENG1,aston-villa,,Ezri Konsa,35000000.0
2024-25,ENG1,aston-villa,,Pau Torres,32000000.0
2024-25,ENG1,aston-villa,,Axel Disasi,22000000.0
2024-25,ENG1,aston-villa,,Diego Carlos,9500000.0
2024-25,ENG1,aston-villa,,Tyrone Mings,5000000.0
2024-25,ENG1,aston-villa,,Kortney Hause,1000000.0
2024-25,ENG1,aston-villa,,Sil Swinkels,150000.0
2024-25,ENG1,aston-villa,,Ian Maatsen,28000000.0
2024-25,ENG1,aston-villa,,Lucas Digne,10000000.0
2024-25,ENG1,aston-villa,,Matty Cash,25000000.0
2024-25,ENG1,aston-villa,,Kosta Nedeljkovic,10000000.0
2024-25,ENG1,aston-villa,,Andrés García,7000000.0
2024-25,ENG1,aston-villa,,Amadou Onana,50000000.0
2024-25,ENG1,aston-villa,,Boubacar Kamara,40000000.0
2024-25,ENG1,aston-villa,,Lamare Bogarde,6000000.0
2024-25,ENG1,aston-villa,,Youri Tielemans,38000000.0
2024-25,ENG1,aston-villa,,Jacob Ramsey,32000000.0
2024-25,ENG1,aston-villa,,John McGinn,16000000.0
2024-25,ENG1,aston-villa,,Ross Barkley,6000000.0
2024-25,ENG1,aston-villa,,Morgan Rogers,55000000.0
2024-25,ENG1,aston-villa,,Marco Asensio,20000000.0
2024-25,ENG1,aston-villa,,Emiliano Buendía,15000000.0
2024-25,ENG1,aston-villa,,Jamaldeen Jimoh-Aloba,300000.0
2024-25,ENG1,aston-villa,,Marcus Rashford,50000000.0
2024-25,ENG1,aston-villa,,Jaden Philogene,16000000.0
2024-25,ENG1,aston-villa,,Kadan Young,300000.0
2024-25,ENG1,aston-villa,,Leon Bailey,28000000.0
2024-25,ENG1,aston-villa,,Ollie Watkins,40000000.0
2024-25,ENG1,aston-villa,,Jhon Durán,35000000.0
2024-25,ENG1,aston-villa,,Donyell Malen,25000000.0
2024-25,ENG1,brighton-amp-hove-albion,,Bart Verbruggen,30000000.0
2024-25,ENG1,brighton-amp-hove-albion,,Carl Rushworth,3000000.0
2024-25,ENG1,brighton-amp-hove-albion,,Jason Steele,1500000.0
2024-25,ENG1,brighton-amp-hove-albion,,Tom McGill,600000.0
2024-25,ENG1,brighton-amp-hove-albion,,Killian Cahill,150000.0
2024-25,ENG1,brighton-amp-hove-albion,,Jan Paul van Hecke,32000000.0
2024-25,ENG1,brighton-amp-hove-albion,,Igor Julio,20000000.0
2024-25,ENG1,brighton-amp-hove-albion,,Adam Webster,11000000.0
2024-25,ENG1,brighton-amp-hove-albion,,Eiran Cashin,8000000.0
2024-25,ENG1,brighton-amp-hove-albion,,Lewis Dunk,6000000.0
2024-25,ENG1,brighton-amp-hove-albion,,Ruairi McConville,1800000.0
2024-25,ENG1,brighton-amp-hove-albion,,Odeluga Offiah,600000.0
2024-25,ENG1,brighton-amp-hove-albion,,Ed Turns,350000.0
2024-25,ENG1,brighton-amp-hove-albion,,Pervis Estupiñán,30000000.0
2024-25,ENG1,brighton-amp-hove-albion,,Ferdi Kadıoğlu,25000000.0
2024-25,ENG1,brighton-amp-hove-albion,,Jacob Slater,200000.0
2024-25,ENG1,brighton-amp-hove-albion,,Imari Samuels,100000.0
2024-25,ENG1,brighton-amp-hove-albion,,Mats Wieffer,25000000.0
2024-25,ENG1,brighton-amp-hove-albion,,Tariq Lamptey,11000000.0
2024-25,ENG1,brighton-amp-hove-albion,,Joël Veltman,4000000.0
2024-25,ENG1,brighton-amp-hove-albion,,Charlie Tasker,200000.0
2024-25,ENG1,brighton-amp-hove-albion,,Carlos Baleba,40000000.0
2024-25,ENG1,brighton-amp-hove-albion,,Jack Hinshelwood,24000000.0
2024-25,ENG1,brighton-amp-hove-albion,,Billy Gilmour,20000000.0
2024-25,ENG1,brighton-amp-hove-albion,,Yasin Ayari,22000000.0
2024-25,ENG1,brighton-amp-hove-albion,,Matt O'Riley,22000000.0
2024-25,ENG1,brighton-amp-hove-albion,,Malick Yalcouyé,17000000.0
2024-25,ENG1,brighton-amp-hove-albion,,Diego Gómez,14000000.0
2024-25,ENG1,brighton-amp-hove-albion,,Jakub Moder,12000000.0
2024-25,ENG1,brighton-amp-hove-albion,,Valentín Barco,12000000.0
2024-25,ENG1,brighton-amp-hove-albion,,James Milner,1000000.0
2024-25,ENG1,brighton-amp-hove-albion,,Jensen Weir,350000.0
2024-25,ENG1,brighton-amp-hove-albion,,Brajan Gruda,25000000.0
2024-25,ENG1,brighton-amp-hove-albion,,Julio Enciso,22000000.0
2024-25,ENG1,brighton-amp-hove-albion,,Kaoru Mitoma,40000000.0
2024-25,ENG1,brighton-amp-hove-albion,,Simon Adingra,28000000.0
2024-25,ENG1,brighton-amp-hove-albion,,Jeremy Sarmiento,7000000.0
2024-25,ENG1,brighton-amp-hove-albion,,Cameron Peupion,225000.0
2024-25,ENG1,brighton-amp-hove-albion,,Yankuba Minteh,30000000.0
2024-25,ENG1,brighton-amp-hove-albion,,Solly March,6000000.0
2024-25,ENG1,brighton-amp-hove-albion,,Amario Cozier-Duberry,2000000.0
2024-25,ENG1,brighton-amp-hove-albion,,João Pedro,50000000.0
2024-25,ENG1,brighton-amp-hove-albion,,Georginio Rutter,32000000.0
2024-25,ENG1,brighton-amp-hove-albion,,Evan Ferguson,25000000.0
2024-25,ENG1,brighton-amp-hove-albion,,Danny Welbeck,5000000.0
2024-25,ENG1,brighton-amp-hove-albion,,Mark O'Mahony,500000.0
2024-25,ENG1,crystal-palace,,Dean Henderson,20000000.0
2024-25,ENG1,crystal-palace,,Sam Johnstone,6000000.0
2024-25,ENG1,crystal-palace,,Matt Turner,2500000.0
2024-25,ENG1,crystal-palace,,Joe Whitworth,1700000.0
2024-25,ENG1,crystal-palace,,Remi Matthews,400000.0
2024-25,ENG1,crystal-palace,,Marc Guéhi,45000000.0
2024-25,ENG1,crystal-palace,,Joachim Andersen,27000000.0
2024-25,ENG1,crystal-palace,,Trevoh Chalobah,25000000.0
2024-25,ENG1,crystal-palace,,Maxence Lacroix,25000000.0
2024-25,ENG1,crystal-palace,,Chadi Riad,15000000.0
2024-25,ENG1,crystal-palace,,Chris Richards,14000000.0
2024-25,ENG1,crystal-palace,,Rob Holding,3500000.0
2024-25,ENG1,crystal-palace,,Tyrick Mitchell,25000000.0
2024-25,ENG1,crystal-palace,,Ben Chilwell,15000000.0
2024-25,ENG1,crystal-palace,,Daniel Muñoz,25000000.0
2024-25,ENG1,crystal-palace,,Nathaniel Clyne,1000000.0
2024-25,ENG1,crystal-palace,,Caleb Kporha,1000000.0
2024-25,ENG1,crystal-palace,,Joel Ward,500000.0
2024-25,ENG1,crystal-palace,,Adam Wharton,45000000.0
2024-25,ENG1,crystal-palace,,Cheick Doucouré,25000000.0
2024-25,ENG1,crystal-palace,,Jefferson Lerma,10000000.0
2024-25,ENG1,crystal-palace,,David Ozoh,700000.0
2024-25,ENG1,crystal-palace,,Kaden Rodney,200000.0
2024-25,ENG1,crystal-palace,,Daichi Kamada,12000000.0
2024-25,ENG1,crystal-palace,,Will Hughes,7000000.0
2024-25,ENG1,crystal-palace,,Naouirou Ahamada,3500000.0
2024-25,ENG1,crystal-palace,,Jeffrey Schlupp,3000000.0
2024-25,ENG1,crystal-palace,,Eberechi Eze,55000000.0
2024-25,ENG1,crystal-palace,,Justin Devenny,6000000.0
2024-25,ENG1,crystal-palace,,Asher Agbinone,75000.0
2024-25,ENG1,crystal-palace,,Ismaïla Sarr,25000000.0
2024-25,ENG1,crystal-palace,,Romain Esse,12000000.0
2024-25,ENG1,crystal-palace,,Malcolm Ebiowei,1200000.0
2024-25,ENG1,crystal-palace,,Franco Umeh,75000.0
2024-25,ENG1,crystal-palace,,Matheus França,10000000.0
2024-25,ENG1,crystal-palace,,Jean-Philippe Mateta,30000000.0
2024-25,ENG1,crystal-palace,,Eddie Nketiah,18000000.0
2024-25,ENG1,crystal-palace,,Odsonne Édouard,8000000.0
2024-25,ENG1,crystal-palace,,Jordan Ayew,2500000.0
2024-25,ENG1,fc-arsenal,,David Raya,40000000.0
2024-25,ENG1,fc-arsenal,,Aaron Ramsdale,16000000.0
2024-25,ENG1,fc-arsenal,,Neto,1500000.0
2024-25,ENG1,fc-arsenal,,Jack Porter,400000.0
2024-25,ENG1,fc-arsenal,,Alexéi Rojas,250000.0
2024-25,ENG1,fc-arsenal,,William Saliba,80000000.0
2024-25,ENG1,fc-arsenal,,Gabriel,75000000.0
2024-25,ENG1,fc-arsenal,,Jakub Kiwior,28000000.0
2024-25,ENG1,fc-arsenal,,Takehiro Tomiyasu,18000000.0
2024-25,ENG1,fc-arsenal,,Ayden Heaven,5000000.0
2024-25,ENG1,fc-arsenal,,Zane Monlouis,400000.0
2024-25,ENG1,fc-arsenal,,Maldini Kacurri,300000.0
2024-25,ENG1,fc-arsenal,,Myles Lewis-Skelly,45000000.0
2024-25,ENG1,fc-arsenal,,Riccardo Calafiori,35000000.0
2024-25,ENG1,fc-arsenal,,Oleksandr Zinchenko,20000000.0
2024-25,ENG1,fc-arsenal,,Kieran Tierney,9000000.0
2024-25,ENG1,fc-arsenal,,Jurriën Timber,55000000.0
2024-25,ENG1,fc-arsenal,,Ben White,45000000.0
2024-25,ENG1,fc-arsenal,,Thomas Partey,14000000.0
2024-25,ENG1,fc-arsenal,,Jorginho,6000000.0
2024-25,ENG1,fc-arsenal,,Jack Henry-Francis,200000.0
2024-25,ENG1,fc-arsenal,,Declan Rice,120000000.0
2024-25,ENG1,fc-arsenal,,Mikel Merino,35000000.0
2024-25,ENG1,fc-arsenal,,Salah Oulad,400000.0
2024-25,ENG1,fc-arsenal,,Martin Ødegaard,85000000.0
2024-25,ENG1,fc-arsenal,,Ethan Nwaneri,55000000.0
2024-25,ENG1,fc-arsenal,,Gabriel Martinelli,55000000.0
2024-25,ENG1,fc-arsenal,,Leandro Trossard,22000000.0
2024-25,ENG1,fc-arsenal,,Reiss Nelson,16000000.0
2024-25,ENG1,fc-arsenal,,Bukayo Saka,150000000.0
2024-25,ENG1,fc-arsenal,,Raheem Sterling,10000000.0
2024-25,ENG1,fc-arsenal,,Kai Havertz,65000000.0
2024-25,ENG1,fc-arsenal,,Gabriel Jesus,32000000.0
2024-25,ENG1,fc-arsenal,,Eddie Nketiah,18000000.0
2024-25,ENG1,fc-arsenal,,Nathan Butler-Oyedeji,1000000.0
2024-25,ENG1,fc-brentford,,Mark Flekken,10000000.0
2024-25,ENG1,fc-brentford,,Hákon Valdimarsson,2500000.0
2024-25,ENG1,fc-brentford,,Matthew Cox,800000.0
2024-25,ENG1,fc-brentford,,Nathan Collins,28000000.0
2024-25,ENG1,fc-brentford,,Sepp van den Berg,22000000.0
2024-25,ENG1,fc-brentford,,Kristoffer Ajer,18000000.0
2024-25,ENG1,fc-brentford,,Ethan Pinnock,7000000.0
2024-25,ENG1,fc-brentford,,Ben Mee,700000.0
2024-25,ENG1,fc-brentford,,Ji-soo Kim,600000.0
2024-25,ENG1,fc-brentford,,Benjamin Fredrick,150000.0
2024-25,ENG1,fc-brentford,,Rico Henry,15000000.0
2024-25,ENG1,fc-brentford,,Jayden Meghoma,500000.0
2024-25,ENG1,fc-brentford,,Michael Kayode,18000000.0
2024-25,ENG1,fc-brentford,,Aaron Hickey,10000000.0
2024-25,ENG1,fc-brentford,,Mads Roerslev,6000000.0
2024-25,ENG1,fc-brentford,,Vitaly Janelt,20000000.0
2024-25,ENG1,fc-brentford,,Christian Nørgaard,11000000.0
2024-25,ENG1,fc-brentford,,Yunus Konak,4500000.0
2024-25,ENG1,fc-brentford,,Yegor Yarmolyuk,15000000.0
2024-25,ENG1,fc-brentford,,Mathias Jensen,14000000.0
2024-25,ENG1,fc-brentford,,Frank Onyeka,7000000.0
2024-25,ENG1,fc-brentford,,Josh Dasilva,5000000.0
2024-25,ENG1,fc-brentford,,Paris Maghoma,800000.0
2024-25,ENG1,fc-brentford,,Ryan Trevitt,275000.0
2024-25,ENG1,fc-brentford,,Keane Lewis-Potter,23000000.0
2024-25,ENG1,fc-brentford,,Mikkel Damsgaard,28000000.0
2024-25,ENG1,fc-brentford,,Fábio Carvalho,14000000.0
2024-25,ENG1,fc-brentford,,Myles Peart-Harris,900000.0
2024-25,ENG1,fc-brentford,,Kevin Schade,30000000.0
2024-25,ENG1,fc-brentford,,Gustavo Nunes,10000000.0
2024-25,ENG1,fc-brentford,,Tony Yogane,125000.0
2024-25,ENG1,fc-brentford,,Bryan Mbeumo,55000000.0
2024-25,ENG1,fc-brentford,,Yoane Wissa,32000000.0
2024-25,ENG1,fc-brentford,,Igor Thiago,18000000.0
2024-25,ENG1,fc-chelsea,,Robert Sánchez,20000000.0
2024-25,ENG1,fc-chelsea,,Filip Jørgensen,18000000.0
2024-25,ENG1,fc-chelsea,,Mike Penders,12000000.0
2024-25,ENG1,fc-chelsea,,Gabriel Slonina,3500000.0
2024-25,ENG1,fc-chelsea,,Lucas Bergström,700000.0
2024-25,ENG1,fc-chelsea,,Marcus Bettinelli,600000.0
2024-25,ENG1,fc-chelsea,,Levi Colwill,55000000.0
2024-25,ENG1,fc-chelsea,,Renato Veiga,25000000.0
2024-25,ENG1,fc-chelsea,,Trevoh Chalobah,25000000.0
2024-25,ENG1,fc-chelsea,,Wesley Fofana,25000000.0
2024-25,ENG1,fc-chelsea,,Axel Disasi,22000000.0
2024-25,ENG1,fc-chelsea,,Benoît Badiashile,22000000.0
2024-25,ENG1,fc-chelsea,,Tosin Adarabioyo,20000000.0
2024-25,ENG1,fc-chelsea,,Mamadou Sarr,20000000.0
2024-25,ENG1,fc-chelsea,,Aarón Anselmino,8000000.0
2024-25,ENG1,fc-chelsea,,Josh Acheampong,8000000.0
2024-25,ENG1,fc-chelsea,,Harrison Murray-Campbell,500000.0
2024-25,ENG1,fc-chelsea,,Marc Cucurella,35000000.0
2024-25,ENG1,fc-chelsea,,Ben Chilwell,15000000.0
2024-25,ENG1,fc-chelsea,,Ishé Samuels-Smith,700000.0
2024-25,ENG1,fc-chelsea,,Malo Gusto,35000000.0
2024-25,ENG1,fc-chelsea,,Reece James,30000000.0
2024-25,ENG1,fc-chelsea,,Genesis Antwi,350000.0
2024-25,ENG1,fc-chelsea,,Moisés Caicedo,90000000.0
2024-25,ENG1,fc-chelsea,,Roméo Lavia,40000000.0
2024-25,ENG1,fc-chelsea,,Andrey Santos,35000000.0
2024-25,ENG1,fc-chelsea,,Dário Essugo,20000000.0
2024-25,ENG1,fc-chelsea,,Sam Rak-Sakyi,800000.0
2024-25,ENG1,fc-chelsea,,Enzo Fernández,75000000.0
2024-25,ENG1,fc-chelsea,,Kiernan Dewsbury-Hall,20000000.0
2024-25,ENG1,fc-chelsea,,Carney Chukwuemeka,18000000.0
2024-25,ENG1,fc-chelsea,,Cesare Casadei,15000000.0
2024-25,ENG1,fc-chelsea,,Mathis Amougou,10000000.0
2024-25,ENG1,fc-chelsea,,Harvey Vale,1500000.0
2024-25,ENG1,fc-chelsea,,Cole Palmer,120000000.0
2024-25,ENG1,fc-chelsea,,Omari Kellyman,1500000.0
2024-25,ENG1,fc-chelsea,,Jadon Sancho,28000000.0
2024-25,ENG1,fc-chelsea,,Tyrique George,10000000.0
2024-25,ENG1,fc-chelsea,,Pedro Neto,50000000.0
2024-25,ENG1,fc-chelsea,,Noni Madueke,40000000.0
2024-25,ENG1,fc-chelsea,,João Félix,20000000.0
2024-25,ENG1,fc-chelsea,,João Pedro,50000000.0
2024-25,ENG1,fc-chelsea,,Nicolas Jackson,50000000.0
2024-25,ENG1,fc-chelsea,,Liam Delap,40000000.0
2024-25,ENG1,fc-chelsea,,Christopher Nkunku,35000000.0
2024-25,ENG1,fc-chelsea,,Deivid Washington,8000000.0
2024-25,ENG1,fc-chelsea,,Marc Guiu,8000000.0
2024-25,ENG1,fc-chelsea,,David Datro Fofana,6000000.0
2024-25,ENG1,fc-chelsea,,Shumaira Mheuka,800000.0
2024-25,ENG1,fc-everton,,Jordan Pickford,18000000.0
2024-25,ENG1,fc-everton,,João Virgínia,800000.0
2024-25,ENG1,fc-everton,,Asmir Begovic,250000.0
2024-25,ENG1,fc-everton,,Zan-Luk Leban,150000.0
2024-25,ENG1,fc-everton,,Jarrad Branthwaite,50000000.0
2024-25,ENG1,fc-everton,,James Tarkowski,9000000.0
2024-25,ENG1,fc-everton,,Michael Keane,5000000.0
2024-25,ENG1,fc-everton,,Mason Holgate,4000000.0
2024-25,ENG1,fc-everton,,Reece Welch,350000.0
2024-25,ENG1,fc-everton,,Vitaliy Mykolenko,28000000.0
2024-25,ENG1,fc-everton,,Jake O'Brien,18000000.0
2024-25,ENG1,fc-everton,,Nathan Patterson,15000000.0
2024-25,ENG1,fc-everton,,Ashley Young,500000.0
2024-25,ENG1,fc-everton,,Séamus Coleman,500000.0
2024-25,ENG1,fc-everton,,Roman Dixon,200000.0
2024-25,ENG1,fc-everton,,Orel Mangala,18000000.0
2024-25,ENG1,fc-everton,,James Garner,18000000.0
2024-25,ENG1,fc-everton,,Idrissa Gueye,1500000.0
2024-25,ENG1,fc-everton,,Carlos Alcaraz,14000000.0
2024-25,ENG1,fc-everton,,Tim Iroegbunam,9000000.0
2024-25,ENG1,fc-everton,,Harrison Armstrong,800000.0
2024-25,ENG1,fc-everton,,Jenson Metcalfe,175000.0
2024-25,ENG1,fc-everton,,Abdoulaye Doucouré,7000000.0
2024-25,ENG1,fc-everton,,Dwight McNeil,25000000.0
2024-25,ENG1,fc-everton,,Jack Harrison,14000000.0
2024-25,ENG1,fc-everton,,Iliman Ndiaye,22000000.0
2024-25,ENG1,fc-everton,,Jesper Lindstrøm,18000000.0
2024-25,ENG1,fc-everton,,Beto,22000000.0
2024-25,ENG1,fc-everton,,Dominic Calvert-Lewin,16000000.0
2024-25,ENG1,fc-everton,,Armando Broja,12000000.0
2024-25,ENG1,fc-everton,,Neal Maupay,8000000.0
2024-25,ENG1,fc-everton,,Youssef Chermiti,8000000.0
2024-25,ENG1,fc-fulham,,Bernd Leno,10000000.0
2024-25,ENG1,fc-fulham,,Steven Benda,1000000.0
2024-25,ENG1,fc-fulham,,Joachim Andersen,27000000.0
2024-25,ENG1,fc-fulham,,Calvin Bassey,25000000.0
2024-25,ENG1,fc-fulham,,Issa Diop,14000000.0
2024-25,ENG1,fc-fulham,,Jorge Cuenca,5000000.0
2024-25,ENG1,fc-fulham,,Antonee Robinson,35000000.0
2024-25,ENG1,fc-fulham,,Ryan Sessegnon,15000000.0
2024-25,ENG1,fc-fulham,,Kenny Tete,13000000.0
2024-25,ENG1,fc-fulham,,Timothy Castagne,13000000.0
2024-25,ENG1,fc-fulham,,Sander Berge,25000000.0
2024-25,ENG1,fc-fulham,,Andreas Pereira,18000000.0
2024-25,ENG1,fc-fulham,,Saša Lukić,14000000.0
2024-25,ENG1,fc-fulham,,Harrison Reed,6000000.0
2024-25,ENG1,fc-fulham,,Tom Cairney,1500000.0
2024-25,ENG1,fc-fulham,,Emile Smith Rowe,30000000.0
2024-25,ENG1,fc-fulham,,Josh King,1000000.0
2024-25,ENG1,fc-fulham,,Alex Iwobi,28000000.0
2024-25,ENG1,fc-fulham,,Reiss Nelson,16000000.0
2024-25,ENG1,fc-fulham,,Willian,750000.0
2024-25,ENG1,fc-fulham,,Martial Godo,600000.0
2024-25,ENG1,fc-fulham,,Harry Wilson,15000000.0
2024-25,ENG1,fc-fulham,,Adama Traoré,9000000.0
2024-25,ENG1,fc-fulham,,Rodrigo Muniz,20000000.0
2024-25,ENG1,fc-fulham,,Jay Stansfield,11000000.0
2024-25,ENG1,fc-fulham,,Raúl Jiménez,5000000.0
2024-25,ENG1,fc-fulham,,Carlos Vinícius,3500000.0
2024-25,ENG1,fc-liverpool,,Alisson,20000000.0
2024-25,ENG1,fc-liverpool,,Caoimhín Kelleher,20000000.0
2024-25,ENG1,fc-liverpool,,Vitezslav Jaros,4000000.0
2024-25,ENG1,fc-liverpool,,Harvey Davies,500000.0
2024-25,ENG1,fc-liverpool,,Ibrahima Konaté,60000000.0
2024-25,ENG1,fc-liverpool,,Virgil van Dijk,23000000.0
2024-25,ENG1,fc-liverpool,,Joe Gomez,20000000.0
2024-25,ENG1,fc-liverpool,,Jarell Quansah,20000000.0
2024-25,ENG1,fc-liverpool,,Amara Nallo,1000000.0
2024-25,ENG1,fc-liverpool,,Konstantinos Tsimikas,18000000.0
2024-25,ENG1,fc-liverpool,,Andrew Robertson,18000000.0
2024-25,ENG1,fc-liverpool,,James Norris,150000.0
2024-25,ENG1,fc-liverpool,,Trent Alexander-Arnold,75000000.0
2024-25,ENG1,fc-liverpool,,Conor Bradley,30000000.0
2024-25,ENG1,fc-liverpool,,Ryan Gravenberch,75000000.0
2024-25,ENG1,fc-liverpool,,Wataru Endo,8000000.0
2024-25,ENG1,fc-liverpool,,Tyler Morton,7000000.0
2024-25,ENG1,fc-liverpool,,James McConnell,2000000.0
2024-25,ENG1,fc-liverpool,,Alexis Mac Allister,100000000.0
2024-25,ENG1,fc-liverpool,,Curtis Jones,45000000.0
2024-25,ENG1,fc-liverpool,,Trey Nyoni,4500000.0
2024-25,ENG1,fc-liverpool,,Dominik Szoboszlai,80000000.0
2024-25,ENG1,fc-liverpool,,Harvey Elliott,30000000.0
2024-25,ENG1,fc-liverpool,,Luis Díaz,70000000.0
2024-25,ENG1,fc-liverpool,,Cody Gakpo,70000000.0
2024-25,ENG1,fc-liverpool,,Diogo Jota,40000000.0
2024-25,ENG1,fc-liverpool,,Mohamed Salah,50000000.0
2024-25,ENG1,fc-liverpool,,Federico Chiesa,14000000.0
2024-25,ENG1,fc-liverpool,,Darwin Núñez,45000000.0
2024-25,ENG1,fc-liverpool,,Jayden Danns,800000.0
2024-25,ENG1,fc-southampton,,Aaron Ramsdale,16000000.0
2024-25,ENG1,fc-southampton,,Gavin Bazunu,9000000.0
2024-25,ENG1,fc-southampton,,Joe Lumley,500000.0
2024-25,ENG1,fc-southampton,,Alex McCarthy,350000.0
2024-25,ENG1,fc-southampton,,Taylor Harwood-Bellis,22000000.0
2024-25,ENG1,fc-southampton,,Jan Bednarek,9000000.0
2024-25,ENG1,fc-southampton,,Armel Bella-Kotchap,9000000.0
2024-25,ENG1,fc-southampton,,Ronnie Edwards,3800000.0
2024-25,ENG1,fc-southampton,,Nathan Wood,3500000.0
2024-25,ENG1,fc-southampton,,Jack Stephens,1500000.0
2024-25,ENG1,fc-southampton,,Joachim Kayi Sanda,1500000.0
2024-25,ENG1,fc-southampton,,Juan Larios,3500000.0
2024-25,ENG1,fc-southampton,,Ryan Manning,3000000.0
2024-25,ENG1,fc-southampton,,Welington,3000000.0
2024-25,ENG1,fc-southampton,,Charlie Taylor,2200000.0
2024-25,ENG1,fc-southampton,,Kyle Walker-Peters,15000000.0
2024-25,ENG1,fc-southampton,,Yukinari Sugawara,11000000.0
2024-25,ENG1,fc-southampton,,James Bree,2500000.0
2024-25,ENG1,fc-southampton,,Lesley Ugochukwu,18000000.0
2024-25,ENG1,fc-southampton,,Flynn Downes,13000000.0
2024-25,ENG1,fc-southampton,,Shea Charles,10000000.0
2024-25,ENG1,fc-southampton,,Mateus Fernandes,15000000.0
2024-25,ENG1,fc-southampton,,Carlos Alcaraz,14000000.0
2024-25,ENG1,fc-southampton,,Joe Aribo,6000000.0
2024-25,ENG1,fc-southampton,,Will Smallbone,6000000.0
2024-25,ENG1,fc-southampton,,Joe O'Brien-Whitmarsh,300000.0
2024-25,ENG1,fc-southampton,,Albert Grønbaek,11000000.0
2024-25,ENG1,fc-southampton,,Adam Lallana,750000.0
2024-25,ENG1,fc-southampton,,Romeo Akachukwu,150000.0
2024-25,ENG1,fc-southampton,,Kamaldeen Sulemana,13000000.0
2024-25,ENG1,fc-southampton,,Maxwel Cornet,8000000.0
2024-25,ENG1,fc-southampton,,Samuel Edozie,6000000.0
2024-25,ENG1,fc-southampton,,Ryan Fraser,2000000.0
2024-25,ENG1,fc-southampton,,Tyler Dibling,25000000.0
2024-25,ENG1,fc-southampton,,Samuel Amo-Ameyaw,4000000.0
2024-25,ENG1,fc-southampton,,Adam Armstrong,12000000.0
2024-25,ENG1,fc-southampton,,Cameron Archer,12000000.0
2024-25,ENG1,fc-southampton,,Ben Brereton Díaz,7500000.0
2024-25,ENG1,fc-southampton,,Paul Onuachu,6000000.0
2024-25,ENG1,fc-southampton,,Ross Stewart,4000000.0
2024-25,ENG1,ipswich-town,,Arijanet Murić,5000000.0
2024-25,ENG1,ipswich-town,,Christian Walton,1000000.0
2024-25,ENG1,ipswich-town,,Alex Palmer,1000000.0
2024-25,ENG1,ipswich-town,,Cieran Slicker,300000.0
2024-25,ENG1,ipswich-town,,Jacob Greaves,18000000.0
2024-25,ENG1,ipswich-town,,Dara O'Shea,14000000.0
2024-25,ENG1,ipswich-town,,Ben Godfrey,6000000.0
2024-25,ENG1,ipswich-town,,Axel Tuanzebe,5000000.0
2024-25,ENG1,ipswich-town,,Luke Woolfenden,2000000.0
2024-25,ENG1,ipswich-town,,Cameron Burgess,2000000.0
2024-25,ENG1,ipswich-town,,George Edmundson,800000.0
2024-25,ENG1,ipswich-town,,Leif Davis,22000000.0
2024-25,ENG1,ipswich-town,,Conor Townsend,800000.0
2024-25,ENG1,ipswich-town,,Ben Johnson,8000000.0
2024-25,ENG1,ipswich-town,,Harry Clarke,4500000.0
2024-25,ENG1,ipswich-town,,Kalvin Phillips,12000000.0
2024-25,ENG1,ipswich-town,,Jens Cajuste,12000000.0
2024-25,ENG1,ipswich-town,,Jack Taylor,3000000.0
2024-25,ENG1,ipswich-town,,Sam Morsy,500000.0
2024-25,ENG1,ipswich-town,,Massimo Luongo,400000.0
2024-25,ENG1,ipswich-town,,Julio Enciso,22000000.0
2024-25,ENG1,ipswich-town,,Sammie Szmodics,10000000.0
2024-25,ENG1,ipswich-town,,Conor Chaplin,6000000.0
2024-25,ENG1,ipswich-town,,Marcus Harness,800000.0
2024-25,ENG1,ipswich-town,,Jaden Philogene,16000000.0
2024-25,ENG1,ipswich-town,,Jack Clarke,15000000.0
2024-25,ENG1,ipswich-town,,Nathan Broadhead,4500000.0
2024-25,ENG1,ipswich-town,,Omari Hutchinson,22000000.0
2024-25,ENG1,ipswich-town,,Chiedozie Ogbene,7000000.0
2024-25,ENG1,ipswich-town,,Wes Burns,2000000.0
2024-25,ENG1,ipswich-town,,Liam Delap,40000000.0
2024-25,ENG1,ipswich-town,,George Hirst,4000000.0
2024-25,ENG1,ipswich-town,,Ali Al-Hamadi,2500000.0
2024-25,ENG1,leicester-city,,Mads Hermansen,15000000.0
2024-25,ENG1,leicester-city,,Daniel Iversen,2500000.0
2024-25,ENG1,leicester-city,,Danny Ward,1200000.0
2024-25,ENG1,leicester-city,,Jakub Stolarczyk,1000000.0
2024-25,ENG1,leicester-city,,Wout Faes,15000000.0
2024-25,ENG1,leicester-city,,Caleb Okoli,10000000.0
2024-25,ENG1,leicester-city,,Harry Souttar,6000000.0
2024-25,ENG1,leicester-city,,Conor Coady,2200000.0
2024-25,ENG1,leicester-city,,Jannik Vestergaard,2000000.0
2024-25,ENG1,leicester-city,,Ben Nelson,500000.0
2024-25,ENG1,leicester-city,,Victor Kristiansen,15000000.0
2024-25,ENG1,leicester-city,,Luke Thomas,6000000.0
2024-25,ENG1,leicester-city,,James Justin,13000000.0
2024-25,ENG1,leicester-city,,Ricardo Pereira,4500000.0
2024-25,ENG1,leicester-city,,Woyo Coulibaly,2000000.0
2024-25,ENG1,leicester-city,,Wilfred Ndidi,15000000.0
2024-25,ENG1,leicester-city,,Boubakary Soumaré,12000000.0
2024-25,ENG1,leicester-city,,Oliver Skipp,10000000.0
2024-25,ENG1,leicester-city,,Harry Winks,9000000.0
2024-25,ENG1,leicester-city,,Hamza Choudhury,4500000.0
2024-25,ENG1,leicester-city,,Sammy Braybrooke,300000.0
2024-25,ENG1,leicester-city,,Michael Golding,2000000.0
2024-25,ENG1,leicester-city,,Kasey McAteer,2000000.0
2024-25,ENG1,leicester-city,,Bilal El Khannouss,28000000.0
2024-25,ENG1,leicester-city,,Facundo Buonanotte,20000000.0
2024-25,ENG1,leicester-city,,Bobby De Cordova-Reid,2500000.0
2024-25,ENG1,leicester-city,,Will Alves,400000.0
2024-25,ENG1,leicester-city,,Stephy Mavididi,10000000.0
2024-25,ENG1,leicester-city,,Abdul Fatawu,11000000.0
2024-25,ENG1,leicester-city,,Tom Cannon,10000000.0
2024-25,ENG1,leicester-city,,Patson Daka,9000000.0
2024-25,ENG1,leicester-city,,Odsonne Édouard,8000000.0
2024-25,ENG1,leicester-city,,Jordan Ayew,2500000.0
2024-25,ENG1,leicester-city,,Jamie Vardy,1000000.0
2024-25,ENG1,leicester-city,,Jake Evans,150000.0
2024-25,ENG1,leicester-city,,Chris Popov,100000.0
2024-25,ENG1,manchester-city,,Ederson,20000000.0
2024-25,ENG1,manchester-city,,Stefan Ortega,8000000.0
2024-25,ENG1,manchester-city,,Marcus Bettinelli,600000.0
2024-25,ENG1,manchester-city,,Scott Carson,100000.0
2024-25,ENG1,manchester-city,,Josko Gvardiol,75000000.0
2024-25,ENG1,manchester-city,,Rúben Dias,65000000.0
2024-25,ENG1,manchester-city,,Abdukodir Khusanov,35000000.0
2024-25,ENG1,manchester-city,,Vitor Reis,30000000.0
2024-25,ENG1,manchester-city,,Manuel Akanji,28000000.0
2024-25,ENG1,manchester-city,,John Stones,25000000.0
2024-25,ENG1,manchester-city,,Nathan Aké,25000000.0
2024-25,ENG1,manchester-city,,Jahmai Simpson-Pusey,5000000.0
2024-25,ENG1,manchester-city,,Max Alleyne,500000.0
2024-25,ENG1,manchester-city,,Rayan Aït-Nouri,35000000.0
2024-25,ENG1,manchester-city,,Nico O'Reilly,18000000.0
2024-25,ENG1,manchester-city,,Josh Wilson-Esbrand,4000000.0
2024-25,ENG1,manchester-city,,Rico Lewis,40000000.0
2024-25,ENG1,manchester-city,,Matheus Nunes,35000000.0
2024-25,ENG1,manchester-city,,Kyle Walker,4000000.0
2024-25,ENG1,manchester-city,,Issa Kaboré,4000000.0
2024-25,ENG1,manchester-city,,Rodri,110000000.0
2024-25,ENG1,manchester-city,,Nico González,40000000.0
2024-25,ENG1,manchester-city,,Kalvin Phillips,12000000.0
2024-25,ENG1,manchester-city,,Jacob Wright,800000.0
2024-25,ENG1,manchester-city,,Tijjani Reijnders,60000000.0
2024-25,ENG1,manchester-city,,Mateo Kovacic,20000000.0
2024-25,ENG1,manchester-city,,İlkay Gündoğan,5000000.0
2024-25,ENG1,manchester-city,,Phil Foden,100000000.0
2024-25,ENG1,manchester-city,,Rayan Cherki,45000000.0
2024-25,ENG1,manchester-city,,Bernardo Silva,38000000.0
2024-25,ENG1,manchester-city,,Kevin De Bruyne,20000000.0
2024-25,ENG1,manchester-city,,James McAtee,20000000.0
2024-25,ENG1,manchester-city,,Claudio Echeverri,18000000.0
2024-25,ENG1,manchester-city,,Jérémy Doku,50000000.0
2024-25,ENG1,manchester-city,,Sávio,50000000.0
2024-25,ENG1,manchester-city,,Jack Grealish,28000000.0
2024-25,ENG1,manchester-city,,Oscar Bobb,25000000.0
2024-25,ENG1,manchester-city,,Erling Haaland,180000000.0
2024-25,ENG1,manchester-city,,Omar Marmoush,75000000.0
2024-25,ENG1,manchester-city,,Divin Mubama,4000000.0
2024-25,ENG1,manchester-united,,André Onana,25000000.0
2024-25,ENG1,manchester-united,,Altay Bayındır,8000000.0
2024-25,ENG1,manchester-united,,Tom Heaton,200000.0
2024-25,ENG1,manchester-united,,Leny Yoro,55000000.0
2024-25,ENG1,manchester-united,,Lisandro Martínez,40000000.0
2024-25,ENG1,manchester-united,,Matthijs de Ligt,38000000.0
2024-25,ENG1,manchester-united,,Harry Maguire,13000000.0
2024-25,ENG1,manchester-united,,Victor Lindelöf,8000000.0
2024-25,ENG1,manchester-united,,Ayden Heaven,5000000.0
2024-25,ENG1,manchester-united,,Tyler Fredricson,3000000.0
2024-25,ENG1,manchester-united,,Jonny Evans,1000000.0
2024-25,ENG1,manchester-united,,Luke Shaw,12000000.0
2024-25,ENG1,manchester-united,,Tyrell Malacia,8000000.0
2024-25,ENG1,manchester-united,,Harry Amass,5000000.0
2024-25,ENG1,manchester-united,,Diogo Dalot,30000000.0
2024-25,ENG1,manchester-united,,Noussair Mazraoui,25000000.0
2024-25,ENG1,manchester-united,,Manuel Ugarte,45000000.0
2024-25,ENG1,manchester-united,,Casemiro,10000000.0
2024-25,ENG1,manchester-united,,Toby Collyer,5000000.0
2024-25,ENG1,manchester-united,,Scott McTominay,50000000.0
2024-25,ENG1,manchester-united,,Kobbie Mainoo,50000000.0
2024-25,ENG1,manchester-united,,Dan Gore,800000.0
2024-25,ENG1,manchester-united,,Bruno Fernandes,50000000.0
2024-25,ENG1,manchester-united,,Mason Mount,28000000.0
2024-25,ENG1,manchester-united,,Christian Eriksen,4000000.0
2024-25,ENG1,manchester-united,,Marcus Rashford,50000000.0
2024-25,ENG1,manchester-united,,Alejandro Garnacho,45000000.0
2024-25,ENG1,manchester-united,,Jadon Sancho,28000000.0
2024-25,ENG1,manchester-united,,Patrick Dorgu,25000000.0
2024-25,ENG1,manchester-united,,Amad Diallo,45000000.0
2024-25,ENG1,manchester-united,,Antony,35000000.0
2024-25,ENG1,manchester-united,,Facundo Pellistri,8000000.0
2024-25,ENG1,manchester-united,,Rasmus Højlund,35000000.0
2024-25,ENG1,manchester-united,,Joshua Zirkzee,30000000.0
2024-25,ENG1,manchester-united,,Chido Obi,5000000.0
2024-25,ENG1,newcastle-united,,Nick Pope,8000000.0
2024-25,ENG1,newcastle-united,,Odysseas Vlachodimos,5000000.0
2024-25,ENG1,newcastle-united,,Martin Dúbravka,1000000.0
2024-25,ENG1,newcastle-united,,Mark Gillespie,200000.0
2024-25,ENG1,newcastle-united,,John Ruddy,150000.0
2024-25,ENG1,newcastle-united,,Sven Botman,42000000.0
2024-25,ENG1,newcastle-united,,Lloyd Kelly,16000000.0
2024-25,ENG1,newcastle-united,,Fabian Schär,7000000.0
2024-25,ENG1,newcastle-united,,Dan Burn,6000000.0
2024-25,ENG1,newcastle-united,,Jamaal Lascelles,4000000.0
2024-25,ENG1,newcastle-united,,Lewis Hall,32000000.0
2024-25,ENG1,newcastle-united,,Matt Targett,5000000.0
2024-25,ENG1,newcastle-united,,Jamal Lewis,2500000.0
2024-25,ENG1,newcastle-united,,Alex Murphy,300000.0
2024-25,ENG1,newcastle-united,,Tino Livramento,40000000.0
2024-25,ENG1,newcastle-united,,Kieran Trippier,4000000.0
2024-25,ENG1,newcastle-united,,Emil Krafth,2000000.0
2024-25,ENG1,newcastle-united,,Harrison Ashby,1400000.0
2024-25,ENG1,newcastle-united,,Sandro Tonali,60000000.0
2024-25,ENG1,newcastle-united,,Isaac Hayden,700000.0
2024-25,ENG1,newcastle-united,,Bruno Guimarães,80000000.0
2024-25,ENG1,newcastle-united,,Joelinton,35000000.0
2024-25,ENG1,newcastle-united,,Joe Willock,22000000.0
2024-25,ENG1,newcastle-united,,Lewis Miley,22000000.0
2024-25,ENG1,newcastle-united,,Sean Longstaff,20000000.0
2024-25,ENG1,newcastle-united,,Joe White,275000.0
2024-25,ENG1,newcastle-united,,Anthony Gordon,65000000.0
2024-25,ENG1,newcastle-united,,Harvey Barnes,35000000.0
2024-25,ENG1,newcastle-united,,Jacob Murphy,16000000.0
2024-25,ENG1,newcastle-united,,Miguel Almirón,10000000.0
2024-25,ENG1,newcastle-united,,Alexander Isak,120000000.0
2024-25,ENG1,newcastle-united,,Callum Wilson,8000000.0
2024-25,ENG1,newcastle-united,,William Osula,7000000.0
2024-25,ENG1,nottingham-forest,127202,matz sels,7000000.0
2024-25,ENG1,nottingham-forest,641458,carlos miguel,4000000.0
2024-25,ENG1,nottingham-forest,425306,matt turner,2500000.0
2024-25,ENG1,nottingham-forest,45494,wayne hennessey,150000.0
2024-25,ENG1,nottingham-forest,1005649,murillo,55000000.0
2024-25,ENG1,nottingham-forest,413507,nikola milenkovic,35000000.0
2024-25,ENG1,nottingham-forest,673492,morato,14000000.0
2024-25,ENG1,nottingham-forest,621993,andrew omobamidele,8000000.0
2024-25,ENG1,nottingham-forest,142310,willy boly,1500000.0
2024-25,ENG1,nottingham-forest,1007720,tyler bindon,1200000.0
2024-25,ENG1,nottingham-forest,933017,zach abbott,300000.0
2024-25,ENG1,nottingham-forest,503680,neco williams,20000000.0
2024-25,ENG1,nottingham-forest,193098,alex moreno,7000000.0
2024-25,ENG1,nottingham-forest,198516,harry toffolo,3000000.0
2024-25,ENG1,nottingham-forest,236490,ola aina,22000000.0
2024-25,ENG1,nottingham-forest,897481,eric da silva moreira,1000000.0
2024-25,ENG1,nottingham-forest,375885,ibrahim sangare,24000000.0
2024-25,ENG1,nottingham-forest,925105,ben perry,150000.0
2024-25,ENG1,nottingham-forest,567576,elliot anderson,32000000.0
2024-25,ENG1,nottingham-forest,808509,danilo,28000000.0
2024-25,ENG1,nottingham-forest,497291,nicolas dominguez,18000000.0
2024-25,ENG1,nottingham-forest,425902,ryan yates,12000000.0
2024-25,ENG1,nottingham-forest,181579,james ward prowse,8000000.0
2024-25,ENG1,nottingham-forest,560694,lewis obrien,4000000.0
2024-25,ENG1,nottingham-forest,429014,morgan gibbs white,50000000.0
2024-25,ENG1,nottingham-forest,392768,callum hudson odoi,25000000.0
2024-25,ENG1,nottingham-forest,663244,jota silva,15000000.0
2024-25,ENG1,nottingham-forest,583189,anthony elanga,42000000.0
2024-25,ENG1,nottingham-forest,506470,josh bowler,1000000.0
2024-25,ENG1,nottingham-forest,745191,ramon sosa,12000000.0
2024-25,ENG1,nottingham-forest,295313,taiwo awoniyi,16000000.0
2024-25,ENG1,nottingham-forest,108725,chris wood,10000000.0
2024-25,ENG1,nottingham-forest,448854,emmanuel dennis,2500000.0
2024-25,ENG1,tottenham-hotspur,,Guglielmo Vicario,32000000.0
2024-25,ENG1,tottenham-hotspur,,Antonín Kinský,15000000.0
2024-25,ENG1,tottenham-hotspur,,Fraser Forster,1000000.0
2024-25,ENG1,tottenham-hotspur,,Brandon Austin,600000.0
2024-25,ENG1,tottenham-hotspur,,Alfie Whiteman,500000.0
2024-25,ENG1,tottenham-hotspur,,Cristian Romero,50000000.0
2024-25,ENG1,tottenham-hotspur,,Micky van de Ven,50000000.0
2024-25,ENG1,tottenham-hotspur,,Kevin Danso,25000000.0
2024-25,ENG1,tottenham-hotspur,,Radu Drăgușin,25000000.0
2024-25,ENG1,tottenham-hotspur,,Ben Davies,6000000.0
2024-25,ENG1,tottenham-hotspur,,Alfie Dorrington,700000.0
2024-25,ENG1,tottenham-hotspur,,Destiny Udogie,40000000.0
2024-25,ENG1,tottenham-hotspur,,Sergio Reguilón,6000000.0
2024-25,ENG1,tottenham-hotspur,,Archie Gray,38000000.0
2024-25,ENG1,tottenham-hotspur,,Pedro Porro,38000000.0
2024-25,ENG1,tottenham-hotspur,,Djed Spence,20000000.0
2024-25,ENG1,tottenham-hotspur,,Rodrigo Bentancur,30000000.0
2024-25,ENG1,tottenham-hotspur,,Yves Bissouma,25000000.0
2024-25,ENG1,tottenham-hotspur,,Lucas Bergvall,38000000.0
2024-25,ENG1,tottenham-hotspur,,Pape Matar Sarr,32000000.0
2024-25,ENG1,tottenham-hotspur,,Callum Olusesi,500000.0
2024-25,ENG1,tottenham-hotspur,,Dejan Kulusevski,50000000.0
2024-25,ENG1,tottenham-hotspur,,James Maddison,42000000.0
2024-25,ENG1,tottenham-hotspur,,Alfie Devine,3500000.0
2024-25,ENG1,tottenham-hotspur,,Mathys Tel,35000000.0
2024-25,ENG1,tottenham-hotspur,,Heung-min Son,20000000.0
2024-25,ENG1,tottenham-hotspur,,Wilson Odobert,20000000.0
2024-25,ENG1,tottenham-hotspur,,Brennan Johnson,40000000.0
2024-25,ENG1,tottenham-hotspur,,Mikey Moore,18000000.0
2024-25,ENG1,tottenham-hotspur,,Min-hyeok Yang,3500000.0
2024-25,ENG1,tottenham-hotspur,,Dominic Solanke,40000000.0
2024-25,ENG1,tottenham-hotspur,,Richarlison,20000000.0
2024-25,ENG1,tottenham-hotspur,,Timo Werner,7000000.0
2024-25,ENG1,tottenham-hotspur,,Will Lankshear,3000000.0
2024-25,ENG1,tottenham-hotspur,,Dane Scarlett,2000000.0
2024-25,ENG1,west-ham-united,,Alphonse Areola,9000000.0
2024-25,ENG1,west-ham-united,,Wes Foderingham,600000.0
2024-25,ENG1,west-ham-united,,Łukasz Fabiański,500000.0
2024-25,ENG1,west-ham-united,,Jean-Clair Todibo,25000000.0
2024-25,ENG1,west-ham-united,,Maximilian Kilman,25000000.0
2024-25,ENG1,west-ham-united,,Konstantinos Mavropanos,17000000.0
2024-25,ENG1,west-ham-united,,Kaelan Casey,1000000.0
2024-25,ENG1,west-ham-united,,Emerson,10000000.0
2024-25,ENG1,west-ham-united,,Oliver Scarles,8000000.0
2024-25,ENG1,west-ham-united,,Aaron Cresswell,500000.0
2024-25,ENG1,west-ham-united,,Aaron Wan-Bissaka,24000000.0
2024-25,ENG1,west-ham-united,,Vladimír Coufal,5000000.0
2024-25,ENG1,west-ham-united,,Edson Álvarez,25000000.0
2024-25,ENG1,west-ham-united,,Tomáš Souček,18000000.0
2024-25,ENG1,west-ham-united,,Guido Rodríguez,10000000.0
2024-25,ENG1,west-ham-united,,Carlos Soler,18000000.0
2024-25,ENG1,west-ham-united,,James Ward-Prowse,8000000.0
2024-25,ENG1,west-ham-united,,Andrew Irving,4000000.0
2024-25,ENG1,west-ham-united,,Lewis Orford,400000.0
2024-25,ENG1,west-ham-united,,Lucas Paquetá,28000000.0
2024-25,ENG1,west-ham-united,,Crysencio Summerville,22000000.0
2024-25,ENG1,west-ham-united,,Mohammed Kudus,45000000.0
2024-25,ENG1,west-ham-united,,Jarrod Bowen,40000000.0
2024-25,ENG1,west-ham-united,,Luís Guilherme,15000000.0
2024-25,ENG1,west-ham-united,,Evan Ferguson,25000000.0
2024-25,ENG1,west-ham-united,,Niclas Füllkrug,10000000.0
2024-25,ENG1,west-ham-united,,Danny Ings,6000000.0
2024-25,ENG1,west-ham-united,,Michail Antonio,700000.0
2024-25,ENG1,wolverhampton-wanderers,,José Sá,7000000.0
2024-25,ENG1,wolverhampton-wanderers,,Sam Johnstone,6000000.0
2024-25,ENG1,wolverhampton-wanderers,,Daniel Bentley,1500000.0
2024-25,ENG1,wolverhampton-wanderers,,Tom King,200000.0
2024-25,ENG1,wolverhampton-wanderers,,Toti,28000000.0
2024-25,ENG1,wolverhampton-wanderers,,Emmanuel Agbadou,20000000.0
2024-25,ENG1,wolverhampton-wanderers,,Santiago Bueno,10000000.0
2024-25,ENG1,wolverhampton-wanderers,,Nasser Djiga,10000000.0
2024-25,ENG1,wolverhampton-wanderers,,Yerson Mosquera,8000000.0
2024-25,ENG1,wolverhampton-wanderers,,Bastien Meupiyou,2500000.0
2024-25,ENG1,wolverhampton-wanderers,,Craig Dawson,1500000.0
2024-25,ENG1,wolverhampton-wanderers,,Alfie Pond,250000.0
2024-25,ENG1,wolverhampton-wanderers,,Rayan Aït-Nouri,35000000.0
2024-25,ENG1,wolverhampton-wanderers,,Nélson Semedo,9000000.0
2024-25,ENG1,wolverhampton-wanderers,,Pedro Lima,5000000.0
2024-25,ENG1,wolverhampton-wanderers,,Matt Doherty,2000000.0
2024-25,ENG1,wolverhampton-wanderers,,André,28000000.0
2024-25,ENG1,wolverhampton-wanderers,,Mario Lemina,7500000.0
2024-25,ENG1,wolverhampton-wanderers,,Boubacar Traoré,5000000.0
2024-25,ENG1,wolverhampton-wanderers,,Joe Hodge,1000000.0
2024-25,ENG1,wolverhampton-wanderers,,João Gomes,40000000.0
2024-25,ENG1,wolverhampton-wanderers,,Jean-Ricner Bellegarde,18000000.0
2024-25,ENG1,wolverhampton-wanderers,,Marshall Munetsi,15000000.0
2024-25,ENG1,wolverhampton-wanderers,,Tommy Doyle,10000000.0
2024-25,ENG1,wolverhampton-wanderers,,Luke Cundle,3200000.0
2024-25,ENG1,wolverhampton-wanderers,,Pablo Sarabia,5000000.0
2024-25,ENG1,wolverhampton-wanderers,,Tawanda Chirewa,500000.0
2024-25,ENG1,wolverhampton-wanderers,,Gonçalo Guedes,11000000.0
2024-25,ENG1,wolverhampton-wanderers,,Daniel Podence,5500000.0
2024-25,ENG1,wolverhampton-wanderers,,Enso González,4000000.0
2024-25,ENG1,wolverhampton-wanderers,,Chiquinho,2000000.0
2024-25,ENG1,wolverhampton-wanderers,,Chem Campbell,900000.0
2024-25,ENG1,wolverhampton-wanderers,,Mateus Mané,200000.0
2024-25,ENG1,wolverhampton-wanderers,,Rodrigo Gomes,15000000.0
2024-25,ENG1,wolverhampton-wanderers,,Carlos Forbs,8000000.0
2024-25,ENG1,wolverhampton-wanderers,,Matheus Cunha,60000000.0
2024-25,ENG1,wolverhampton-wanderers,,Jørgen Strand Larsen,30000000.0
2024-25,ENG1,wolverhampton-wanderers,,Hee-chan Hwang,12000000.0
2024-25,ENG1,wolverhampton-wanderers,,Sasa Kalajdzic,4000000.0
2024-25,ENG1,wolverhampton-wanderers,,Leon Chiwome,700000.0
2024-25,ENG1,wolverhampton-wanderers,,Nathan Fraser,600000.0
2025-26,ENG1,afc-bournemouth,,Djordje Petrovic,28000000.0
2025-26,ENG1,afc-bournemouth,,Christos Mandas,8000000.0
2025-26,ENG1,afc-bournemouth,,Callan McKenna,500000.0
2025-26,ENG1,afc-bournemouth,,Fraser Forster,400000.0
2025-26,ENG1,afc-bournemouth,,Will Dennis,325000.0
2025-26,ENG1,afc-bournemouth,,Bafodé Diakité,25000000.0
2025-26,ENG1,afc-bournemouth,,Marcos Senesi,25000000.0
2025-26,ENG1,afc-bournemouth,,James Hill,23000000.0
2025-26,ENG1,afc-bournemouth,,Veljko Milosavljevic,20000000.0
2025-26,ENG1,afc-bournemouth,,Matai Akinmboni,1000000.0
2025-26,ENG1,afc-bournemouth,,Adrien Truffert,30000000.0
2025-26,ENG1,afc-bournemouth,,Julio Soler,8000000.0
2025-26,ENG1,afc-bournemouth,,Álex Jiménez,22000000.0
2025-26,ENG1,afc-bournemouth,,Julián Araujo,8000000.0
2025-26,ENG1,afc-bournemouth,,Adam Smith,300000.0
2025-26,ENG1,afc-bournemouth,,Tyler Adams,25000000.0
2025-26,ENG1,afc-bournemouth,,Ben Winterburn,350000.0
2025-26,ENG1,afc-bournemouth,,Alex Scott,50000000.0
2025-26,ENG1,afc-bournemouth,,Alex Tóth,12000000.0
2025-26,ENG1,afc-bournemouth,,Lewis Cook,11000000.0
2025-26,ENG1,afc-bournemouth,,Ryan Christie,8000000.0
2025-26,ENG1,afc-bournemouth,,Philip Billing,6000000.0
2025-26,ENG1,afc-bournemouth,,Justin Kluivert,25000000.0
2025-26,ENG1,afc-bournemouth,,Marcus Tavernier,25000000.0
2025-26,ENG1,afc-bournemouth,,Romain Faivre,4000000.0
2025-26,ENG1,afc-bournemouth,,Amine Adli,20000000.0
2025-26,ENG1,afc-bournemouth,,Hamed Traoré,15000000.0
2025-26,ENG1,afc-bournemouth,,Remy Rees-Dottin,300000.0
2025-26,ENG1,afc-bournemouth,,Antoine Semenyo,80000000.0
2025-26,ENG1,afc-bournemouth,,Rayan,60000000.0
2025-26,ENG1,afc-bournemouth,,Ben Gannon-Doak,15000000.0
2025-26,ENG1,afc-bournemouth,,David Brooks,12000000.0
2025-26,ENG1,afc-bournemouth,,Dominic Sadi,800000.0
2025-26,ENG1,afc-bournemouth,,Junior Kroupi,70000000.0
2025-26,ENG1,afc-bournemouth,,Evanilson,35000000.0
2025-26,ENG1,afc-bournemouth,,Enes Ünal,7000000.0
2025-26,ENG1,afc-sunderland,,Robin Roefs,28000000.0
2025-26,ENG1,afc-sunderland,,Anthony Patterson,8000000.0
2025-26,ENG1,afc-sunderland,,Melker Ellborg,3000000.0
2025-26,ENG1,afc-sunderland,,Simon Moore,75000.0
2025-26,ENG1,afc-sunderland,,Dan Ballard,20000000.0
2025-26,ENG1,afc-sunderland,,Lutsharel Geertruida,20000000.0
2025-26,ENG1,afc-sunderland,,Omar Alderete,13000000.0
2025-26,ENG1,afc-sunderland,,Jenson Seelt,5000000.0
2025-26,ENG1,afc-sunderland,,Leo Hjelde,1500000.0
2025-26,ENG1,afc-sunderland,,Luke O'Nien,700000.0
2025-26,ENG1,afc-sunderland,,Dennis Cirkin,6000000.0
2025-26,ENG1,afc-sunderland,,Reinildo Mandava,4000000.0
2025-26,ENG1,afc-sunderland,,Arthur Masuaku,2000000.0
2025-26,ENG1,afc-sunderland,,Trai Hume,22000000.0
2025-26,ENG1,afc-sunderland,,Nordi Mukiele,16000000.0
2025-26,ENG1,afc-sunderland,,Niall Huggins,600000.0
2025-26,ENG1,afc-sunderland,,Granit Xhaka,8000000.0
2025-26,ENG1,afc-sunderland,,Habib Diarra,35000000.0
2025-26,ENG1,afc-sunderland,,Noah Sadiki,35000000.0
2025-26,ENG1,afc-sunderland,,Enzo Le Fée,28000000.0
2025-26,ENG1,afc-sunderland,,Dan Neil,4500000.0
2025-26,ENG1,afc-sunderland,,Ben Middlemas,50000.0
2025-26,ENG1,afc-sunderland,,Abdoullah Ba,1500000.0
2025-26,ENG1,afc-sunderland,,Chris Rigg,25000000.0
2025-26,ENG1,afc-sunderland,,Milan Aleksic,700000.0
2025-26,ENG1,afc-sunderland,,Harrison Jones,150000.0
2025-26,ENG1,afc-sunderland,,Simon Adingra,22000000.0
2025-26,ENG1,afc-sunderland,,Nilson Angulo,17000000.0
2025-26,ENG1,afc-sunderland,,Romaine Mundle,7000000.0
2025-26,ENG1,afc-sunderland,,Timur Tuterov,300000.0
2025-26,ENG1,afc-sunderland,,Chemsdine Talbi,25000000.0
2025-26,ENG1,afc-sunderland,,Patrick Roberts,4000000.0
2025-26,ENG1,afc-sunderland,,Bertrand Traoré,4000000.0
2025-26,ENG1,afc-sunderland,,Jocelin Ta Bi,2500000.0
2025-26,ENG1,afc-sunderland,,Brian Brobbey,30000000.0
2025-26,ENG1,afc-sunderland,,Wilson Isidor,18000000.0
2025-26,ENG1,afc-sunderland,,Eliezer Mayenda,16000000.0
2025-26,ENG1,afc-sunderland,,Marc Guiu,12000000.0
2025-26,ENG1,afc-sunderland,,Ahmed Abdullahi,800000.0
2025-26,ENG1,afc-sunderland,,Finn Geragusyan,300000.0
2025-26,ENG1,aston-villa,,Emiliano Martínez,12000000.0
2025-26,ENG1,aston-villa,,Marco Bizot,1500000.0
2025-26,ENG1,aston-villa,,James Wright,200000.0
2025-26,ENG1,aston-villa,,Ezri Konsa,40000000.0
2025-26,ENG1,aston-villa,,Pau Torres,20000000.0
2025-26,ENG1,aston-villa,,Victor Lindelöf,5000000.0
2025-26,ENG1,aston-villa,,Tyrone Mings,3000000.0
2025-26,ENG1,aston-villa,,Ian Maatsen,30000000.0
2025-26,ENG1,aston-villa,,Lucas Digne,6000000.0
2025-26,ENG1,aston-villa,,Travis Patterson,300000.0
2025-26,ENG1,aston-villa,,Matty Cash,22000000.0
2025-26,ENG1,aston-villa,,Andrés García,6000000.0
2025-26,ENG1,aston-villa,,Triston Rowe,1500000.0
2025-26,ENG1,aston-villa,,Amadou Onana,45000000.0
2025-26,ENG1,aston-villa,,Boubacar Kamara,40000000.0
2025-26,ENG1,aston-villa,,Lamare Bogarde,18000000.0
2025-26,ENG1,aston-villa,,Youri Tielemans,30000000.0
2025-26,ENG1,aston-villa,,Douglas Luiz,18000000.0
2025-26,ENG1,aston-villa,,John McGinn,13000000.0
2025-26,ENG1,aston-villa,,Ross Barkley,4000000.0
2025-26,ENG1,aston-villa,,George Hemmings,800000.0
2025-26,ENG1,aston-villa,,Aidan Borland,75000.0
2025-26,ENG1,aston-villa,,Morgan Rogers,90000000.0
2025-26,ENG1,aston-villa,,Harvey Elliott,20000000.0
2025-26,ENG1,aston-villa,,Emiliano Buendía,16000000.0
2025-26,ENG1,aston-villa,,Jamaldeen Jimoh-Aloba,500000.0
2025-26,ENG1,aston-villa,,Jadon Sancho,18000000.0
2025-26,ENG1,aston-villa,,Lewis Dobbin,7000000.0
2025-26,ENG1,aston-villa,,Samuel Iling-Junior,6500000.0
2025-26,ENG1,aston-villa,,Ben Broggio,400000.0
2025-26,ENG1,aston-villa,,Kadan Young,200000.0
2025-26,ENG1,aston-villa,,Evann Guessand,25000000.0
2025-26,ENG1,aston-villa,,Leon Bailey,14000000.0
2025-26,ENG1,aston-villa,,Alysson,10000000.0
2025-26,ENG1,aston-villa,,Bradley Burrowes,2000000.0
2025-26,ENG1,aston-villa,,Donyell Malen,45000000.0
2025-26,ENG1,aston-villa,,Ollie Watkins,25000000.0
2025-26,ENG1,aston-villa,,Tammy Abraham,18000000.0
2025-26,ENG1,brighton-amp-hove-albion,,Bart Verbruggen,40000000.0
2025-26,ENG1,brighton-amp-hove-albion,,Carl Rushworth,16000000.0
2025-26,ENG1,brighton-amp-hove-albion,,James Beadle,6000000.0
2025-26,ENG1,brighton-amp-hove-albion,,Jason Steele,500000.0
2025-26,ENG1,brighton-amp-hove-albion,,Tom McGill,500000.0
2025-26,ENG1,brighton-amp-hove-albion,,Nils Ramming,500000.0
2025-26,ENG1,brighton-amp-hove-albion,,Jan Paul van Hecke,45000000.0
2025-26,ENG1,brighton-amp-hove-albion,,Diego Coppola,18000000.0
2025-26,ENG1,brighton-amp-hove-albion,,Olivier Boscagli,15000000.0
2025-26,ENG1,brighton-amp-hove-albion,,Igor Julio,10000000.0
2025-26,ENG1,brighton-amp-hove-albion,,Eiran Cashin,5000000.0
2025-26,ENG1,brighton-amp-hove-albion,,Lewis Dunk,3500000.0
2025-26,ENG1,brighton-amp-hove-albion,,Adam Webster,3000000.0
2025-26,ENG1,brighton-amp-hove-albion,,Ferdi Kadıoğlu,35000000.0
2025-26,ENG1,brighton-amp-hove-albion,,Maxim De Cuyper,22000000.0
2025-26,ENG1,brighton-amp-hove-albion,,Mats Wieffer,25000000.0
2025-26,ENG1,brighton-amp-hove-albion,,Tariq Lamptey,3000000.0
2025-26,ENG1,brighton-amp-hove-albion,,Joël Veltman,1500000.0
2025-26,ENG1,brighton-amp-hove-albion,,Charlie Tasker,200000.0
2025-26,ENG1,brighton-amp-hove-albion,,Carlos Baleba,55000000.0
2025-26,ENG1,brighton-amp-hove-albion,,Jack Hinshelwood,28000000.0
2025-26,ENG1,brighton-amp-hove-albion,,Yasin Ayari,35000000.0
2025-26,ENG1,brighton-amp-hove-albion,,Diego Gómez,25000000.0
2025-26,ENG1,brighton-amp-hove-albion,,Matt O'Riley,18000000.0
2025-26,ENG1,brighton-amp-hove-albion,,Malick Yalcouyé,12000000.0
2025-26,ENG1,brighton-amp-hove-albion,,Pascal Groß,2500000.0
2025-26,ENG1,brighton-amp-hove-albion,,James Milner,500000.0
2025-26,ENG1,brighton-amp-hove-albion,,Joe Knight,100000.0
2025-26,ENG1,brighton-amp-hove-albion,,Brajan Gruda,28000000.0
2025-26,ENG1,brighton-amp-hove-albion,,Harry Howell,8000000.0
2025-26,ENG1,brighton-amp-hove-albion,,Kaoru Mitoma,22000000.0
2025-26,ENG1,brighton-amp-hove-albion,,Tommy Watson,7000000.0
2025-26,ENG1,brighton-amp-hove-albion,,Ibrahim Osman,7000000.0
2025-26,ENG1,brighton-amp-hove-albion,,Nehemiah Oriola,200000.0
2025-26,ENG1,brighton-amp-hove-albion,,Yankuba Minteh,45000000.0
2025-26,ENG1,brighton-amp-hove-albion,,Amario Cozier-Duberry,5000000.0
2025-26,ENG1,brighton-amp-hove-albion,,Solly March,1000000.0
2025-26,ENG1,brighton-amp-hove-albion,,Georginio Rutter,30000000.0
2025-26,ENG1,brighton-amp-hove-albion,,Charalampos Kostoulas,25000000.0
2025-26,ENG1,brighton-amp-hove-albion,,Stefanos Tzimas,18000000.0
2025-26,ENG1,brighton-amp-hove-albion,,Danny Welbeck,3000000.0
2025-26,ENG1,crystal-palace,,Dean Henderson,28000000.0
2025-26,ENG1,crystal-palace,,Walter Benítez,4000000.0
2025-26,ENG1,crystal-palace,,Remi Matthews,200000.0
2025-26,ENG1,crystal-palace,,Marc Guéhi,70000000.0
2025-26,ENG1,crystal-palace,,Maxence Lacroix,50000000.0
2025-26,ENG1,crystal-palace,,Jaydee Canvot,28000000.0
2025-26,ENG1,crystal-palace,,Chris Richards,28000000.0
2025-26,ENG1,crystal-palace,,Chadi Riad,15000000.0
2025-26,ENG1,crystal-palace,,Tyrick Mitchell,25000000.0
2025-26,ENG1,crystal-palace,,Borna Sosa,3000000.0
2025-26,ENG1,crystal-palace,,Rio Cardines,300000.0
2025-26,ENG1,crystal-palace,,Daniel Muñoz,22000000.0
2025-26,ENG1,crystal-palace,,Caleb Kporha,1000000.0
2025-26,ENG1,crystal-palace,,Danny Imray,800000.0
2025-26,ENG1,crystal-palace,,Nathaniel Clyne,300000.0
2025-26,ENG1,crystal-palace,,Adam Wharton,70000000.0
2025-26,ENG1,crystal-palace,,Cheick Doucouré,10000000.0
2025-26,ENG1,crystal-palace,,Jefferson Lerma,6000000.0
2025-26,ENG1,crystal-palace,,David Ozoh,2200000.0
2025-26,ENG1,crystal-palace,,Kaden Rodney,200000.0
2025-26,ENG1,crystal-palace,,Daichi Kamada,10000000.0
2025-26,ENG1,crystal-palace,,Will Hughes,5000000.0
2025-26,ENG1,crystal-palace,,Eberechi Eze,65000000.0
2025-26,ENG1,crystal-palace,,Justin Devenny,12000000.0
2025-26,ENG1,crystal-palace,,Yéremy Pino,30000000.0
2025-26,ENG1,crystal-palace,,Ismaïla Sarr,40000000.0
2025-26,ENG1,crystal-palace,,Brennan Johnson,30000000.0
2025-26,ENG1,crystal-palace,,Evann Guessand,25000000.0
2025-26,ENG1,crystal-palace,,Romain Esse,10000000.0
2025-26,ENG1,crystal-palace,,Jesurun Rak-Sakyi,6000000.0
2025-26,ENG1,crystal-palace,,Joél Drakes-Thomas,1500000.0
2025-26,ENG1,crystal-palace,,Jørgen Strand Larsen,40000000.0
2025-26,ENG1,crystal-palace,,Jean-Philippe Mateta,30000000.0
2025-26,ENG1,crystal-palace,,Odsonne Édouard,12000000.0
2025-26,ENG1,crystal-palace,,Christantus Uche,12000000.0
2025-26,ENG1,crystal-palace,,Eddie Nketiah,10000000.0
2025-26,ENG1,fc-arsenal,,David Raya,30000000.0
2025-26,ENG1,fc-arsenal,,Kepa Arrizabalaga,5000000.0
2025-26,ENG1,fc-arsenal,,Tommy Setford,500000.0
2025-26,ENG1,fc-arsenal,,Jack Porter,300000.0
2025-26,ENG1,fc-arsenal,,Alexéi Rojas,250000.0
2025-26,ENG1,fc-arsenal,,William Saliba,100000000.0
2025-26,ENG1,fc-arsenal,,Gabriel,75000000.0
2025-26,ENG1,fc-arsenal,,Piero Hincapié,50000000.0
2025-26,ENG1,fc-arsenal,,Cristhian Mosquera,40000000.0
2025-26,ENG1,fc-arsenal,,Jakub Kiwior,35000000.0
2025-26,ENG1,fc-arsenal,,Marli Salmon,5000000.0
2025-26,ENG1,fc-arsenal,,Jaden Dixon,2500000.0
2025-26,ENG1,fc-arsenal,,Riccardo Calafiori,55000000.0
2025-26,ENG1,fc-arsenal,,Myles Lewis-Skelly,45000000.0
2025-26,ENG1,fc-arsenal,,Jurriën Timber,70000000.0
2025-26,ENG1,fc-arsenal,,Ben White,30000000.0
2025-26,ENG1,fc-arsenal,,Martín Zubimendi,75000000.0
2025-26,ENG1,fc-arsenal,,Christian Nørgaard,5000000.0
2025-26,ENG1,fc-arsenal,,Declan Rice,120000000.0
2025-26,ENG1,fc-arsenal,,Mikel Merino,25000000.0
2025-26,ENG1,fc-arsenal,,Louie Copley,75000.0
2025-26,ENG1,fc-arsenal,,Martin Ødegaard,65000000.0
2025-26,ENG1,fc-arsenal,,Eberechi Eze,65000000.0
2025-26,ENG1,fc-arsenal,,Ethan Nwaneri,35000000.0
2025-26,ENG1,fc-arsenal,,Gabriel Martinelli,45000000.0
2025-26,ENG1,fc-arsenal,,Leandro Trossard,18000000.0
2025-26,ENG1,fc-arsenal,,Charles Sagoe Jr,1500000.0
2025-26,ENG1,fc-arsenal,,Bukayo Saka,110000000.0
2025-26,ENG1,fc-arsenal,,Noni Madueke,50000000.0
2025-26,ENG1,fc-arsenal,,Max Dowman,30000000.0
2025-26,ENG1,fc-arsenal,,Viktor Gyökeres,65000000.0
2025-26,ENG1,fc-arsenal,,Kai Havertz,55000000.0
2025-26,ENG1,fc-arsenal,,Gabriel Jesus,17000000.0
2025-26,ENG1,fc-arsenal,,Andre Harriman-Annous,1000000.0
2025-26,ENG1,fc-brentford,,Caoimhín Kelleher,28000000.0
2025-26,ENG1,fc-brentford,,Hákon Valdimarsson,2500000.0
2025-26,ENG1,fc-brentford,,Matthew Cox,700000.0
2025-26,ENG1,fc-brentford,,Ellery Balcombe,400000.0
2025-26,ENG1,fc-brentford,,Sepp van den Berg,32000000.0
2025-26,ENG1,fc-brentford,,Nathan Collins,30000000.0
2025-26,ENG1,fc-brentford,,Kristoffer Ajer,18000000.0
2025-26,ENG1,fc-brentford,,Ethan Pinnock,3000000.0
2025-26,ENG1,fc-brentford,,Benjamin Arthur,100000.0
2025-26,ENG1,fc-brentford,,Rico Henry,13000000.0
2025-26,ENG1,fc-brentford,,Jayden Meghoma,2000000.0
2025-26,ENG1,fc-brentford,,Michael Kayode,40000000.0
2025-26,ENG1,fc-brentford,,Aaron Hickey,16000000.0
2025-26,ENG1,fc-brentford,,Mads Roerslev,4000000.0
2025-26,ENG1,fc-brentford,,Vitaly Janelt,16000000.0
2025-26,ENG1,fc-brentford,,Yunus Konak,3500000.0
2025-26,ENG1,fc-brentford,,Yegor Yarmolyuk,32000000.0
2025-26,ENG1,fc-brentford,,Mathias Jensen,10000000.0
2025-26,ENG1,fc-brentford,,Frank Onyeka,8000000.0
2025-26,ENG1,fc-brentford,,Josh Dasilva,1500000.0
2025-26,ENG1,fc-brentford,,Jordan Henderson,1200000.0
2025-26,ENG1,fc-brentford,,Ryan Trevitt,275000.0
2025-26,ENG1,fc-brentford,,Keane Lewis-Potter,25000000.0
2025-26,ENG1,fc-brentford,,Mikkel Damsgaard,30000000.0
2025-26,ENG1,fc-brentford,,Antoni Milambo,15000000.0
2025-26,ENG1,fc-brentford,,Fábio Carvalho,8000000.0
2025-26,ENG1,fc-brentford,,Myles Peart-Harris,900000.0
2025-26,ENG1,fc-brentford,,Kevin Schade,35000000.0
2025-26,ENG1,fc-brentford,,Gustavo Nunes,8000000.0
2025-26,ENG1,fc-brentford,,Reiss Nelson,8000000.0
2025-26,ENG1,fc-brentford,,Dango Ouattara,35000000.0
2025-26,ENG1,fc-brentford,,Romelle Donovan,3500000.0
2025-26,ENG1,fc-brentford,,Igor Thiago,65000000.0
2025-26,ENG1,fc-brentford,,Kaye Furo,8000000.0
2025-26,ENG1,fc-burnley,,Max Weiß,4000000.0
2025-26,ENG1,fc-burnley,,Martin Dúbravka,500000.0
2025-26,ENG1,fc-burnley,,Václav Hladký,150000.0
2025-26,ENG1,fc-burnley,,Maxime Estève,28000000.0
2025-26,ENG1,fc-burnley,,Bashir Humphreys,12000000.0
2025-26,ENG1,fc-burnley,,Axel Tuanzebe,5000000.0
2025-26,ENG1,fc-burnley,,Hjalmar Ekdal,5000000.0
2025-26,ENG1,fc-burnley,,Hannes Delcroix,2000000.0
2025-26,ENG1,fc-burnley,,Joe Worrall,2000000.0
2025-26,ENG1,fc-burnley,,Jordan Beyer,1500000.0
2025-26,ENG1,fc-burnley,,Quilindschy Hartman,16000000.0
2025-26,ENG1,fc-burnley,,Lucas Pires,4000000.0
2025-26,ENG1,fc-burnley,,Oliver Sonne,4000000.0
2025-26,ENG1,fc-burnley,,Kyle Walker,1500000.0
2025-26,ENG1,fc-burnley,,Connor Roberts,1500000.0
2025-26,ENG1,fc-burnley,,Lesley Ugochukwu,22000000.0
2025-26,ENG1,fc-burnley,,Florentino,16000000.0
2025-26,ENG1,fc-burnley,,James Ward-Prowse,5000000.0
2025-26,ENG1,fc-burnley,,Josh Cullen,4000000.0
2025-26,ENG1,fc-burnley,,Josh Laurent,1500000.0
2025-26,ENG1,fc-burnley,,Hannibal,15000000.0
2025-26,ENG1,fc-burnley,,Aaron Ramsey,6000000.0
2025-26,ENG1,fc-burnley,,Mike Tresor,2000000.0
2025-26,ENG1,fc-burnley,,Jaidon Anthony,20000000.0
2025-26,ENG1,fc-burnley,,Jacob Bruun Larsen,4000000.0
2025-26,ENG1,fc-burnley,,Jaydon Banel,1000000.0
2025-26,ENG1,fc-burnley,,Loum Tchaouna,13000000.0
2025-26,ENG1,fc-burnley,,Marcus Edwards,6000000.0
2025-26,ENG1,fc-burnley,,Enock Agyei,600000.0
2025-26,ENG1,fc-burnley,,Zian Flemming,12000000.0
2025-26,ENG1,fc-burnley,,Lyle Foster,8000000.0
2025-26,ENG1,fc-burnley,,Zeki Amdouni,7000000.0
2025-26,ENG1,fc-burnley,,Armando Broja,5000000.0
2025-26,ENG1,fc-burnley,,Michael Obafemi,600000.0
2025-26,ENG1,fc-burnley,,Ashley Barnes,150000.0
2025-26,ENG1,fc-chelsea,,Robert Sánchez,22000000.0
2025-26,ENG1,fc-chelsea,,Filip Jørgensen,15000000.0
2025-26,ENG1,fc-chelsea,,Gabriel Slonina,3000000.0
2025-26,ENG1,fc-chelsea,,Teddy Sharman-Lowe,500000.0
2025-26,ENG1,fc-chelsea,,Levi Colwill,50000000.0
2025-26,ENG1,fc-chelsea,,Trevoh Chalobah,40000000.0
2025-26,ENG1,fc-chelsea,,Wesley Fofana,28000000.0
2025-26,ENG1,fc-chelsea,,Josh Acheampong,25000000.0
2025-26,ENG1,fc-chelsea,,Mamadou Sarr,22000000.0
2025-26,ENG1,fc-chelsea,,Tosin Adarabioyo,16000000.0
2025-26,ENG1,fc-chelsea,,Benoît Badiashile,15000000.0
2025-26,ENG1,fc-chelsea,,Marc Cucurella,50000000.0
2025-26,ENG1,fc-chelsea,,Jorrel Hato,40000000.0
2025-26,ENG1,fc-chelsea,,Caleb Wiley,8000000.0
2025-26,ENG1,fc-chelsea,,Reece James,60000000.0
2025-26,ENG1,fc-chelsea,,Malo Gusto,35000000.0
2025-26,ENG1,fc-chelsea,,Moisés Caicedo,100000000.0
2025-26,ENG1,fc-chelsea,,Andrey Santos,40000000.0
2025-26,ENG1,fc-chelsea,,Roméo Lavia,22000000.0
2025-26,ENG1,fc-chelsea,,Dário Essugo,15000000.0
2025-26,ENG1,fc-chelsea,,Enzo Fernández,90000000.0
2025-26,ENG1,fc-chelsea,,Cole Palmer,100000000.0
2025-26,ENG1,fc-chelsea,,Facundo Buonanotte,12000000.0
2025-26,ENG1,fc-chelsea,,Reggie Walsh,500000.0
2025-26,ENG1,fc-chelsea,,Jamie Gittens,30000000.0
2025-26,ENG1,fc-chelsea,,Alejandro Garnacho,28000000.0
2025-26,ENG1,fc-chelsea,,Tyrique George,20000000.0
2025-26,ENG1,fc-chelsea,,Jesse Derry,2000000.0
2025-26,ENG1,fc-chelsea,,Estêvão,80000000.0
2025-26,ENG1,fc-chelsea,,Pedro Neto,60000000.0
2025-26,ENG1,fc-chelsea,,João Pedro,80000000.0
2025-26,ENG1,fc-chelsea,,Liam Delap,28000000.0
2025-26,ENG1,fc-chelsea,,Marc Guiu,12000000.0
2025-26,ENG1,fc-chelsea,,Shumaira Mheuka,3000000.0
2025-26,ENG1,fc-everton,,Jordan Pickford,13000000.0
2025-26,ENG1,fc-everton,,Mark Travers,3000000.0
2025-26,ENG1,fc-everton,,Harry Tyrer,400000.0
2025-26,ENG1,fc-everton,,Tom King,100000.0
2025-26,ENG1,fc-everton,,Jarrad Branthwaite,40000000.0
2025-26,ENG1,fc-everton,,James Tarkowski,5000000.0
2025-26,ENG1,fc-everton,,Michael Keane,3000000.0
2025-26,ENG1,fc-everton,,Reece Welch,250000.0
2025-26,ENG1,fc-everton,,Elijah Campbell,250000.0
2025-26,ENG1,fc-everton,,Vitaliy Mykolenko,25000000.0
2025-26,ENG1,fc-everton,,Adam Aznou,6000000.0
2025-26,ENG1,fc-everton,,Jake O'Brien,18000000.0
2025-26,ENG1,fc-everton,,Nathan Patterson,10000000.0
2025-26,ENG1,fc-everton,,Séamus Coleman,200000.0
2025-26,ENG1,fc-everton,,James Garner,45000000.0
2025-26,ENG1,fc-everton,,Idrissa Gueye,500000.0
2025-26,ENG1,fc-everton,,Kiernan Dewsbury-Hall,35000000.0
2025-26,ENG1,fc-everton,,Tim Iroegbunam,18000000.0
2025-26,ENG1,fc-everton,,Carlos Alcaraz,15000000.0
2025-26,ENG1,fc-everton,,Harrison Armstrong,12000000.0
2025-26,ENG1,fc-everton,,Tyler Onyango,350000.0
2025-26,ENG1,fc-everton,,Merlin Röhl,16000000.0
2025-26,ENG1,fc-everton,,Jack Grealish,20000000.0
2025-26,ENG1,fc-everton,,Tyrique George,20000000.0
2025-26,ENG1,fc-everton,,Dwight McNeil,18000000.0
2025-26,ENG1,fc-everton,,Iliman Ndiaye,55000000.0
2025-26,ENG1,fc-everton,,Tyler Dibling,17000000.0
2025-26,ENG1,fc-everton,,Thierno Barry,30000000.0
2025-26,ENG1,fc-everton,,Beto,18000000.0
2025-26,ENG1,fc-everton,,Youssef Chermiti,15000000.0
2025-26,ENG1,fc-everton,,Braiden Graham,200000.0
2025-26,ENG1,fc-fulham,,Bernd Leno,6000000.0
2025-26,ENG1,fc-fulham,,Benjamin Lecomte,800000.0
2025-26,ENG1,fc-fulham,,Calvin Bassey,28000000.0
2025-26,ENG1,fc-fulham,,Joachim Andersen,20000000.0
2025-26,ENG1,fc-fulham,,Jorge Cuenca,8000000.0
2025-26,ENG1,fc-fulham,,Issa Diop,8000000.0
2025-26,ENG1,fc-fulham,,Ryan Sessegnon,22000000.0
2025-26,ENG1,fc-fulham,,Antonee Robinson,22000000.0
2025-26,ENG1,fc-fulham,,Kenny Tete,8000000.0
2025-26,ENG1,fc-fulham,,Timothy Castagne,8000000.0
2025-26,ENG1,fc-fulham,,Sander Berge,25000000.0
2025-26,ENG1,fc-fulham,,Andreas Pereira,14000000.0
2025-26,ENG1,fc-fulham,,Saša Lukić,10000000.0
2025-26,ENG1,fc-fulham,,Harrison Reed,2000000.0
2025-26,ENG1,fc-fulham,,Tom Cairney,500000.0
2025-26,ENG1,fc-fulham,,Josh King,25000000.0
2025-26,ENG1,fc-fulham,,Emile Smith Rowe,20000000.0
2025-26,ENG1,fc-fulham,,Luke Harris,900000.0
2025-26,ENG1,fc-fulham,,Kevin,25000000.0
2025-26,ENG1,fc-fulham,,Alex Iwobi,20000000.0
2025-26,ENG1,fc-fulham,,Oscar Bobb,28000000.0
2025-26,ENG1,fc-fulham,,Harry Wilson,25000000.0
2025-26,ENG1,fc-fulham,,Samuel Chukwueze,18000000.0
2025-26,ENG1,fc-fulham,,Adama Traoré,6000000.0
2025-26,ENG1,fc-fulham,,Rodrigo Muniz,20000000.0
2025-26,ENG1,fc-fulham,,Raúl Jiménez,3000000.0
2025-26,ENG1,fc-fulham,,Jonah Kusi-Asare,3000000.0
2025-26,ENG1,fc-liverpool,,Giorgi Mamardashvili,28000000.0
2025-26,ENG1,fc-liverpool,,Alisson,15000000.0
2025-26,ENG1,fc-liverpool,,Freddie Woodman,3000000.0
2025-26,ENG1,fc-liverpool,,Ármin Pécsi,800000.0
2025-26,ENG1,fc-liverpool,,Harvey Davies,500000.0
2025-26,ENG1,fc-liverpool,,Ibrahima Konaté,45000000.0
2025-26,ENG1,fc-liverpool,,Giovanni Leoni,25000000.0
2025-26,ENG1,fc-liverpool,,Virgil van Dijk,15000000.0
2025-26,ENG1,fc-liverpool,,Joe Gomez,13000000.0
2025-26,ENG1,fc-liverpool,,Amara Nallo,1000000.0
2025-26,ENG1,fc-liverpool,,Rhys Williams,500000.0
2025-26,ENG1,fc-liverpool,,Milos Kerkez,35000000.0
2025-26,ENG1,fc-liverpool,,Andrew Robertson,7000000.0
2025-26,ENG1,fc-liverpool,,Jeremie Frimpong,35000000.0
2025-26,ENG1,fc-liverpool,,Conor Bradley,25000000.0
2025-26,ENG1,fc-liverpool,,Calvin Ramsay,1500000.0
2025-26,ENG1,fc-liverpool,,Ryan Gravenberch,80000000.0
2025-26,ENG1,fc-liverpool,,Wataru Endo,4000000.0
2025-26,ENG1,fc-liverpool,,Stefan Bajcetic,4000000.0
2025-26,ENG1,fc-liverpool,,James McConnell,1500000.0
2025-26,ENG1,fc-liverpool,,Alexis Mac Allister,70000000.0
2025-26,ENG1,fc-liverpool,,Curtis Jones,35000000.0
2025-26,ENG1,fc-liverpool,,Trey Nyoni,8000000.0
2025-26,ENG1,fc-liverpool,,Florian Wirtz,100000000.0
2025-26,ENG1,fc-liverpool,,Dominik Szoboszlai,100000000.0
2025-26,ENG1,fc-liverpool,,Harvey Elliott,20000000.0
2025-26,ENG1,fc-liverpool,,Cody Gakpo,60000000.0
2025-26,ENG1,fc-liverpool,,Rio Ngumoha,30000000.0
2025-26,ENG1,fc-liverpool,,Trent Koné-Doherty,600000.0
2025-26,ENG1,fc-liverpool,,Mohamed Salah,22000000.0
2025-26,ENG1,fc-liverpool,,Ben Gannon-Doak,15000000.0
2025-26,ENG1,fc-liverpool,,Federico Chiesa,13000000.0
2025-26,ENG1,fc-liverpool,,Kaide Gordon,800000.0
2025-26,ENG1,fc-liverpool,,Alexander Isak,85000000.0
2025-26,ENG1,fc-liverpool,,Hugo Ekitiké,80000000.0
2025-26,ENG1,fc-liverpool,,Jayden Danns,800000.0
2025-26,ENG1,fc-liverpool,,Keyrol Figueroa,500000.0
2025-26,ENG1,leeds-united,,Lucas Perri,10000000.0
2025-26,ENG1,leeds-united,,Illan Meslier,8000000.0
2025-26,ENG1,leeds-united,,Karl Darlow,200000.0
2025-26,ENG1,leeds-united,,Alex Cairns,50000.0
2025-26,ENG1,leeds-united,,Pascal Struijk,22000000.0
2025-26,ENG1,leeds-united,,Jaka Bijol,20000000.0
2025-26,ENG1,leeds-united,,Joe Rodon,18000000.0
2025-26,ENG1,leeds-united,,Sebastiaan Bornauw,8000000.0
2025-26,ENG1,leeds-united,,Gabriel Gudmundsson,20000000.0
2025-26,ENG1,leeds-united,,Jayden Bogle,15000000.0
2025-26,ENG1,leeds-united,,James Justin,12000000.0
2025-26,ENG1,leeds-united,,Sam Byram,400000.0
2025-26,ENG1,leeds-united,,Ethan Ampadu,30000000.0
2025-26,ENG1,leeds-united,,Anton Stach,28000000.0
2025-26,ENG1,leeds-united,,Ilia Gruev,12000000.0
2025-26,ENG1,leeds-united,,Charlie Crew,150000.0
2025-26,ENG1,leeds-united,,Sean Longstaff,15000000.0
2025-26,ENG1,leeds-united,,Ao Tanaka,13000000.0
2025-26,ENG1,leeds-united,,Brenden Aaronson,22000000.0
2025-26,ENG1,leeds-united,,Facundo Buonanotte,12000000.0
2025-26,ENG1,leeds-united,,Sam Chambers,200000.0
2025-26,ENG1,leeds-united,,Noah Okafor,25000000.0
2025-26,ENG1,leeds-united,,Largie Ramazani,8000000.0
2025-26,ENG1,leeds-united,,Jack Harrison,6500000.0
2025-26,ENG1,leeds-united,,Wilfried Gnonto,16000000.0
2025-26,ENG1,leeds-united,,Daniel James,10000000.0
2025-26,ENG1,leeds-united,,Dominic Calvert-Lewin,22000000.0
2025-26,ENG1,leeds-united,,Joël Piroe,10000000.0
2025-26,ENG1,leeds-united,,Lukas Nmecha,10000000.0
2025-26,ENG1,leeds-united,,Harry Gray,700000.0
2025-26,ENG1,manchester-city,,Gianluigi Donnarumma,45000000.0
2025-26,ENG1,manchester-city,,James Trafford,25000000.0
2025-26,ENG1,manchester-city,,Ederson,10000000.0
2025-26,ENG1,manchester-city,,Stefan Ortega,4000000.0
2025-26,ENG1,manchester-city,,Marcus Bettinelli,300000.0
2025-26,ENG1,manchester-city,,Marc Guéhi,70000000.0
2025-26,ENG1,manchester-city,,Josko Gvardiol,70000000.0
2025-26,ENG1,manchester-city,,Rúben Dias,55000000.0
2025-26,ENG1,manchester-city,,Abdukodir Khusanov,50000000.0
2025-26,ENG1,manchester-city,,Manuel Akanji,17000000.0
2025-26,ENG1,manchester-city,,John Stones,12000000.0
2025-26,ENG1,manchester-city,,Nathan Aké,12000000.0
2025-26,ENG1,manchester-city,,Max Alleyne,8000000.0
2025-26,ENG1,manchester-city,,Stephen Mfuni,1500000.0
2025-26,ENG1,manchester-city,,Nico O'Reilly,70000000.0
2025-26,ENG1,manchester-city,,Rayan Aït-Nouri,40000000.0
2025-26,ENG1,manchester-city,,Matheus Nunes,50000000.0
2025-26,ENG1,manchester-city,,Rico Lewis,28000000.0
2025-26,ENG1,manchester-city,,Rodri,50000000.0
2025-26,ENG1,manchester-city,,Nico González,40000000.0
2025-26,ENG1,manchester-city,,Kalvin Phillips,2500000.0
2025-26,ENG1,manchester-city,,Tijjani Reijnders,50000000.0
2025-26,ENG1,manchester-city,,Sverre Nypan,13000000.0
2025-26,ENG1,manchester-city,,Mateo Kovacic,10000000.0
2025-26,ENG1,manchester-city,,İlkay Gündoğan,2000000.0
2025-26,ENG1,manchester-city,,Jaden Heskey,300000.0
2025-26,ENG1,manchester-city,,Rayan Cherki,90000000.0
2025-26,ENG1,manchester-city,,Phil Foden,70000000.0
2025-26,ENG1,manchester-city,,Bernardo Silva,22000000.0
2025-26,ENG1,manchester-city,,Divine Mukasa,5000000.0
2025-26,ENG1,manchester-city,,Jérémy Doku,75000000.0
2025-26,ENG1,manchester-city,,Sávio,35000000.0
2025-26,ENG1,manchester-city,,Antoine Semenyo,80000000.0
2025-26,ENG1,manchester-city,,Oscar Bobb,28000000.0
2025-26,ENG1,manchester-city,,Erling Haaland,200000000.0
2025-26,ENG1,manchester-city,,Omar Marmoush,50000000.0
2025-26,ENG1,manchester-united,,Senne Lammens,35000000.0
2025-26,ENG1,manchester-united,,André Onana,10000000.0
2025-26,ENG1,manchester-united,,Altay Bayındır,5000000.0
2025-26,ENG1,manchester-united,,Tom Heaton,100000.0
2025-26,ENG1,manchester-united,,Leny Yoro,50000000.0
2025-26,ENG1,manchester-united,,Lisandro Martínez,40000000.0
2025-26,ENG1,manchester-united,,Matthijs de Ligt,30000000.0
2025-26,ENG1,manchester-united,,Ayden Heaven,30000000.0
2025-26,ENG1,manchester-united,,Harry Maguire,8000000.0
2025-26,ENG1,manchester-united,,Tyler Fredricson,3000000.0
2025-26,ENG1,manchester-united,,Luke Shaw,8000000.0
2025-26,ENG1,manchester-united,,Diego León,4000000.0
2025-26,ENG1,manchester-united,,Tyrell Malacia,4000000.0
2025-26,ENG1,manchester-united,,Diogo Dalot,30000000.0
2025-26,ENG1,manchester-united,,Noussair Mazraoui,18000000.0
2025-26,ENG1,manchester-united,,Manuel Ugarte,25000000.0
2025-26,ENG1,manchester-united,,Casemiro,6000000.0
2025-26,ENG1,manchester-united,,Kobbie Mainoo,70000000.0
2025-26,ENG1,manchester-united,,Tyler Fletcher,1500000.0
2025-26,ENG1,manchester-united,,Jack Moorhouse,100000.0
2025-26,ENG1,manchester-united,,Bruno Fernandes,35000000.0
2025-26,ENG1,manchester-united,,Mason Mount,25000000.0
2025-26,ENG1,manchester-united,,Jack Fletcher,1500000.0
2025-26,ENG1,manchester-united,,Patrick Dorgu,35000000.0
2025-26,ENG1,manchester-united,,Bryan Mbeumo,75000000.0
2025-26,ENG1,manchester-united,,Amad Diallo,45000000.0
2025-26,ENG1,manchester-united,,Shea Lacey,5000000.0
2025-26,ENG1,manchester-united,,Bendito Mantato,400000.0
2025-26,ENG1,manchester-united,,Matheus Cunha,75000000.0
2025-26,ENG1,manchester-united,,Benjamin Sesko,75000000.0
2025-26,ENG1,manchester-united,,Joshua Zirkzee,20000000.0
2025-26,ENG1,manchester-united,,Chido Obi,5000000.0
2025-26,ENG1,newcastle-united,,Aaron Ramsdale,12000000.0
2025-26,ENG1,newcastle-united,,Nick Pope,5000000.0
2025-26,ENG1,newcastle-united,,Aidan Harris,200000.0
2025-26,ENG1,newcastle-united,,Max Thompson,150000.0
2025-26,ENG1,newcastle-united,,John Ruddy,100000.0
2025-26,ENG1,newcastle-united,,Mark Gillespie,100000.0
2025-26,ENG1,newcastle-united,,Malick Thiaw,45000000.0
2025-26,ENG1,newcastle-united,,Sven Botman,35000000.0
2025-26,ENG1,newcastle-united,,Dan Burn,4000000.0
2025-26,ENG1,newcastle-united,,Fabian Schär,4000000.0
2025-26,ENG1,newcastle-united,,Jamaal Lascelles,800000.0
2025-26,ENG1,newcastle-united,,Lewis Hall,40000000.0
2025-26,ENG1,newcastle-united,,Matt Targett,3000000.0
2025-26,ENG1,newcastle-united,,Alex Murphy,1500000.0
2025-26,ENG1,newcastle-united,,Tino Livramento,45000000.0
2025-26,ENG1,newcastle-united,,Kieran Trippier,1500000.0
2025-26,ENG1,newcastle-united,,Harrison Ashby,1200000.0
2025-26,ENG1,newcastle-united,,Emil Krafth,750000.0
2025-26,ENG1,newcastle-united,,Sandro Tonali,80000000.0
2025-26,ENG1,newcastle-united,,Bruno Guimarães,70000000.0
2025-26,ENG1,newcastle-united,,Jacob Ramsey,35000000.0
2025-26,ENG1,newcastle-united,,Joelinton,25000000.0
2025-26,ENG1,newcastle-united,,Lewis Miley,25000000.0
2025-26,ENG1,newcastle-united,,Joe Willock,14000000.0
2025-26,ENG1,newcastle-united,,Joe White,200000.0
2025-26,ENG1,newcastle-united,,Anthony Gordon,65000000.0
2025-26,ENG1,newcastle-united,,Harvey Barnes,32000000.0
2025-26,ENG1,newcastle-united,,Seung-soo Park,200000.0
2025-26,ENG1,newcastle-united,,Anthony Elanga,32000000.0
2025-26,ENG1,newcastle-united,,Jacob Murphy,12000000.0
2025-26,ENG1,newcastle-united,,Nick Woltemade,55000000.0
2025-26,ENG1,newcastle-united,,William Osula,28000000.0
2025-26,ENG1,newcastle-united,,Yoane Wissa,25000000.0
2025-26,ENG1,nottingham-forest,,John Victor,5000000.0
2025-26,ENG1,nottingham-forest,,Stefan Ortega,4000000.0
2025-26,ENG1,nottingham-forest,,Matz Sels,3500000.0
2025-26,ENG1,nottingham-forest,,Angus Gunn,1000000.0
2025-26,ENG1,nottingham-forest,,Murillo,50000000.0
2025-26,ENG1,nottingham-forest,,Nikola Milenković,28000000.0
2025-26,ENG1,nottingham-forest,,Jair Cunha,15000000.0
2025-26,ENG1,nottingham-forest,,Morato,14000000.0
2025-26,ENG1,nottingham-forest,,Zach Abbott,4000000.0
2025-26,ENG1,nottingham-forest,,Willy Boly,300000.0
2025-26,ENG1,nottingham-forest,,Jack Thompson,75000.0
2025-26,ENG1,nottingham-forest,,Neco Williams,28000000.0
2025-26,ENG1,nottingham-forest,,Oleksandr Zinchenko,8000000.0
2025-26,ENG1,nottingham-forest,,Luca Netz,8000000.0
2025-26,ENG1,nottingham-forest,,Ola Aina,18000000.0
2025-26,ENG1,nottingham-forest,,Nicolò Savona,15000000.0
2025-26,ENG1,nottingham-forest,,Eric da Silva Moreira,800000.0
2025-26,ENG1,nottingham-forest,,Ibrahim Sangaré,20000000.0
2025-26,ENG1,nottingham-forest,,Elliot Anderson,75000000.0
2025-26,ENG1,nottingham-forest,,Douglas Luiz,18000000.0
2025-26,ENG1,nottingham-forest,,Nicolás Domínguez,15000000.0
2025-26,ENG1,nottingham-forest,,Ryan Yates,7000000.0
2025-26,ENG1,nottingham-forest,,Morgan Gibbs-White,70000000.0
2025-26,ENG1,nottingham-forest,,James McAtee,18000000.0
2025-26,ENG1,nottingham-forest,,Callum Hudson-Odoi,30000000.0
2025-26,ENG1,nottingham-forest,,Jota Silva,10000000.0
2025-26,ENG1,nottingham-forest,,Dan Ndoye,32000000.0
2025-26,ENG1,nottingham-forest,,Omari Hutchinson,30000000.0
2025-26,ENG1,nottingham-forest,,Dilane Bakwa,28000000.0
2025-26,ENG1,nottingham-forest,,Igor Jesus,25000000.0
2025-26,ENG1,nottingham-forest,,Arnaud Kalimuendo,25000000.0
2025-26,ENG1,nottingham-forest,,Lorenzo Lucca,20000000.0
2025-26,ENG1,nottingham-forest,,Taiwo Awoniyi,8000000.0
2025-26,ENG1,nottingham-forest,,Chris Wood,5000000.0
2025-26,ENG1,tottenham-hotspur,,Guglielmo Vicario,18000000.0
2025-26,ENG1,tottenham-hotspur,,Antonín Kinský,15000000.0
2025-26,ENG1,tottenham-hotspur,,Brandon Austin,500000.0
2025-26,ENG1,tottenham-hotspur,,Luka Vuskovic,60000000.0
2025-26,ENG1,tottenham-hotspur,,Micky van de Ven,50000000.0
2025-26,ENG1,tottenham-hotspur,,Cristian Romero,45000000.0
2025-26,ENG1,tottenham-hotspur,,Kevin Danso,20000000.0
2025-26,ENG1,tottenham-hotspur,,Radu Drăgușin,16000000.0
2025-26,ENG1,tottenham-hotspur,,Ashley Phillips,7000000.0
2025-26,ENG1,tottenham-hotspur,,Kota Takai,5000000.0
2025-26,ENG1,tottenham-hotspur,,Jun'ai Byfield,3000000.0
2025-26,ENG1,tottenham-hotspur,,Ben Davies,3000000.0
2025-26,ENG1,tottenham-hotspur,,James Rowswell,1000000.0
2025-26,ENG1,tottenham-hotspur,,Destiny Udogie,30000000.0
2025-26,ENG1,tottenham-hotspur,,Souza,12000000.0
2025-26,ENG1,tottenham-hotspur,,Archie Gray,35000000.0
2025-26,ENG1,tottenham-hotspur,,Pedro Porro,35000000.0
2025-26,ENG1,tottenham-hotspur,,Djed Spence,30000000.0
2025-26,ENG1,tottenham-hotspur,,Rodrigo Bentancur,20000000.0
2025-26,ENG1,tottenham-hotspur,,João Palhinha,15000000.0
2025-26,ENG1,tottenham-hotspur,,Yves Bissouma,10000000.0
2025-26,ENG1,tottenham-hotspur,,Lucas Bergvall,35000000.0
2025-26,ENG1,tottenham-hotspur,,Conor Gallagher,32000000.0
2025-26,ENG1,tottenham-hotspur,,Pape Matar Sarr,30000000.0
2025-26,ENG1,tottenham-hotspur,,Callum Olusesi,5000000.0
2025-26,ENG1,tottenham-hotspur,,Xavi Simons,40000000.0
2025-26,ENG1,tottenham-hotspur,,James Maddison,20000000.0
2025-26,ENG1,tottenham-hotspur,,Dejan Kulusevski,17000000.0
2025-26,ENG1,tottenham-hotspur,,Mathys Tel,22000000.0
2025-26,ENG1,tottenham-hotspur,,Wilson Odobert,18000000.0
2025-26,ENG1,tottenham-hotspur,,Manor Solomon,8000000.0
2025-26,ENG1,tottenham-hotspur,,Mohammed Kudus,50000000.0
2025-26,ENG1,tottenham-hotspur,,Brennan Johnson,30000000.0
2025-26,ENG1,tottenham-hotspur,,Yusuf Akhamrich,200000.0
2025-26,ENG1,tottenham-hotspur,,Dominic Solanke,28000000.0
2025-26,ENG1,tottenham-hotspur,,Richarlison,25000000.0
2025-26,ENG1,tottenham-hotspur,,Randal Kolo Muani,20000000.0
2025-26,ENG1,tottenham-hotspur,,Dane Scarlett,1500000.0
2025-26,ENG1,tottenham-hotspur,,James Wilson,1200000.0
2025-26,ENG1,west-ham-united,,Mads Hermansen,15000000.0
2025-26,ENG1,west-ham-united,,Alphonse Areola,4000000.0
2025-26,ENG1,west-ham-united,,Wes Foderingham,275000.0
2025-26,ENG1,west-ham-united,,Łukasz Fabiański,150000.0
2025-26,ENG1,west-ham-united,,Jean-Clair Todibo,22000000.0
2025-26,ENG1,west-ham-united,,Konstantinos Mavropanos,18000000.0
2025-26,ENG1,west-ham-united,,Nayef Aguerd,15000000.0
2025-26,ENG1,west-ham-united,,Axel Disasi,15000000.0
2025-26,ENG1,west-ham-united,,Maximilian Kilman,13000000.0
2025-26,ENG1,west-ham-united,,Igor Julio,10000000.0
2025-26,ENG1,west-ham-united,,Ezra Mayers,2000000.0
2025-26,ENG1,west-ham-united,,El Hadji Malick Diouf,28000000.0
2025-26,ENG1,west-ham-united,,Oliver Scarles,10000000.0
2025-26,ENG1,west-ham-united,,Aaron Wan-Bissaka,15000000.0
2025-26,ENG1,west-ham-united,,Kyle Walker-Peters,12000000.0
2025-26,ENG1,west-ham-united,,Soungoutou Magassa,17000000.0
2025-26,ENG1,west-ham-united,,Edson Álvarez,15000000.0
2025-26,ENG1,west-ham-united,,Tomáš Souček,10000000.0
2025-26,ENG1,west-ham-united,,Freddie Potts,10000000.0
2025-26,ENG1,west-ham-united,,Guido Rodríguez,4000000.0
2025-26,ENG1,west-ham-united,,Mohamadou Kanté,1000000.0
2025-26,ENG1,west-ham-united,,Mateus Fernandes,50000000.0
2025-26,ENG1,west-ham-united,,James Ward-Prowse,5000000.0
2025-26,ENG1,west-ham-united,,Andrew Irving,4500000.0
2025-26,ENG1,west-ham-united,,Lewis Orford,300000.0
2025-26,ENG1,west-ham-united,,Lucas Paquetá,32000000.0
2025-26,ENG1,west-ham-united,,George Earthy,1800000.0
2025-26,ENG1,west-ham-united,,Crysencio Summerville,35000000.0
2025-26,ENG1,west-ham-united,,Keiber Lamadrid,1200000.0
2025-26,ENG1,west-ham-united,,Jarrod Bowen,30000000.0
2025-26,ENG1,west-ham-united,,Luís Guilherme,12000000.0
2025-26,ENG1,west-ham-united,,Adama Traoré,6000000.0
2025-26,ENG1,west-ham-united,,Taty Castellanos,28000000.0
2025-26,ENG1,west-ham-united,,Pablo,18000000.0
2025-26,ENG1,west-ham-united,,Callum Wilson,4000000.0
2025-26,ENG1,west-ham-united,,Niclas Füllkrug,3500000.0
2025-26,ENG1,west-ham-united,,Callum Marshall,2000000.0
2025-26,ENG1,wolverhampton-wanderers,,José Sá,3500000.0
2025-26,ENG1,wolverhampton-wanderers,,Sam Johnstone,2000000.0
2025-26,ENG1,wolverhampton-wanderers,,Daniel Bentley,800000.0
2025-26,ENG1,wolverhampton-wanderers,,Ladislav Krejci,22000000.0
2025-26,ENG1,wolverhampton-wanderers,,Toti,18000000.0
2025-26,ENG1,wolverhampton-wanderers,,Emmanuel Agbadou,16000000.0
2025-26,ENG1,wolverhampton-wanderers,,Yerson Mosquera,12000000.0
2025-26,ENG1,wolverhampton-wanderers,,Santiago Bueno,10000000.0
2025-26,ENG1,wolverhampton-wanderers,,Nasser Djiga,6000000.0
2025-26,ENG1,wolverhampton-wanderers,,Alfie Pond,250000.0
2025-26,ENG1,wolverhampton-wanderers,,Temple Ojinnaka,50000.0
2025-26,ENG1,wolverhampton-wanderers,,Hugo Bueno,12000000.0
2025-26,ENG1,wolverhampton-wanderers,,David Møller Wolfe,8000000.0
2025-26,ENG1,wolverhampton-wanderers,,Jackson Tchatchoua,12000000.0
2025-26,ENG1,wolverhampton-wanderers,,Pedro Lima,4000000.0
2025-26,ENG1,wolverhampton-wanderers,,Ki-Jana Hoever,3500000.0
2025-26,ENG1,wolverhampton-wanderers,,Matt Doherty,1000000.0
2025-26,ENG1,wolverhampton-wanderers,,André,25000000.0
2025-26,ENG1,wolverhampton-wanderers,,João Gomes,40000000.0
2025-26,ENG1,wolverhampton-wanderers,,Jean-Ricner Bellegarde,16000000.0
2025-26,ENG1,wolverhampton-wanderers,,Marshall Munetsi,15000000.0
2025-26,ENG1,wolverhampton-wanderers,,Tommy Doyle,7000000.0
2025-26,ENG1,wolverhampton-wanderers,,Fer López,16000000.0
2025-26,ENG1,wolverhampton-wanderers,,Angel Gomes,10000000.0
2025-26,ENG1,wolverhampton-wanderers,,Tawanda Chirewa,450000.0
2025-26,ENG1,wolverhampton-wanderers,,Mateus Mané,20000000.0
2025-26,ENG1,wolverhampton-wanderers,,Enso González,2500000.0
2025-26,ENG1,wolverhampton-wanderers,,Jhon Arias,15000000.0
2025-26,ENG1,wolverhampton-wanderers,,Rodrigo Gomes,15000000.0
2025-26,ENG1,wolverhampton-wanderers,,Tom Edozie,200000.0
2025-26,ENG1,wolverhampton-wanderers,,Jørgen Strand Larsen,40000000.0
2025-26,ENG1,wolverhampton-wanderers,,Tolu Arokodare,20000000.0
2025-26,ENG1,wolverhampton-wanderers,,Adam Armstrong,6000000.0
2025-26,ENG1,wolverhampton-wanderers,,Hee-chan Hwang,6000000.0
2025-26,ENG1,wolverhampton-wanderers,,Sasa Kalajdzic,4000000.0
2025-26,ENG1,wolverhampton-wanderers,,Nathan Fraser,600000.0
2023-24,ESP1,athletic-bilbao,262396,unai simon,30000000.0
2023-24,ESP1,athletic-bilbao,625014,julen agirrezabala,5000000.0
2023-24,ESP1,athletic-bilbao,834483,alex padilla,200000.0
2023-24,ESP1,athletic-bilbao,524000,dani vivian,25000000.0
2023-24,ESP1,athletic-bilbao,591916,aitor paredes,22000000.0
2023-24,ESP1,athletic-bilbao,255488,yeray alvarez,8000000.0
2023-24,ESP1,athletic-bilbao,834485,unai egiluz,100000.0
2023-24,ESP1,athletic-bilbao,61812,yuri berchiche,1800000.0
2023-24,ESP1,athletic-bilbao,626954,imanol garcia de albeniz,1200000.0
2023-24,ESP1,athletic-bilbao,255501,inigo lekue,3000000.0
2023-24,ESP1,athletic-bilbao,96718,oscar de marcos,1500000.0
2023-24,ESP1,athletic-bilbao,834487,hugo rincon,250000.0
2023-24,ESP1,athletic-bilbao,300168,mikel vesga,4000000.0
2023-24,ESP1,athletic-bilbao,178425,dani garcia,1800000.0
2023-24,ESP1,athletic-bilbao,447052,peru nolaskoain,1000000.0
2023-24,ESP1,athletic-bilbao,625047,benat prados,15000000.0
2023-24,ESP1,athletic-bilbao,126751,inigo ruiz de galarreta,5000000.0
2023-24,ESP1,athletic-bilbao,99343,ander herrera,2000000.0
2023-24,ESP1,athletic-bilbao,938729,mikel jauregizar,800000.0
2023-24,ESP1,athletic-bilbao,571020,oihan sancet,35000000.0
2023-24,ESP1,athletic-bilbao,834752,unai gomez,6000000.0
2023-24,ESP1,athletic-bilbao,34601,raul garcia,1500000.0
2023-24,ESP1,athletic-bilbao,709187,nico williams,60000000.0
2023-24,ESP1,athletic-bilbao,338425,alex berenguer,12000000.0
2023-24,ESP1,athletic-bilbao,54235,iker muniain,5000000.0
2023-24,ESP1,athletic-bilbao,255508,inaki williams,25000000.0
2023-24,ESP1,athletic-bilbao,895480,adu ares,2000000.0
2023-24,ESP1,athletic-bilbao,1056971,aingeru olabarrieta,500000.0
2023-24,ESP1,athletic-bilbao,340205,gorka guruzeta,18000000.0
2023-24,ESP1,athletic-bilbao,251897,asier villalibre,2500000.0
2023-24,ESP1,athletic-bilbao,711394,javi marton,500000.0
2023-24,ESP1,atletico-madrid,,Jan Oblak,28000000.0
2023-24,ESP1,atletico-madrid,,Ivo Grbic,3500000.0
2023-24,ESP1,atletico-madrid,,Horațiu Moldovan,2500000.0
2023-24,ESP1,atletico-madrid,,Antonio Gomis,150000.0
2023-24,ESP1,atletico-madrid,,Sergio Mestre,50000.0
2023-24,ESP1,atletico-madrid,,Mario Hermoso,25000000.0
2023-24,ESP1,atletico-madrid,,José María Giménez,22000000.0
2023-24,ESP1,atletico-madrid,,Çağlar Söyüncü,10000000.0
2023-24,ESP1,atletico-madrid,,Stefan Savić,2500000.0
2023-24,ESP1,atletico-madrid,,Gabriel Paulista,2000000.0
2023-24,ESP1,atletico-madrid,,Marco Moreno,400000.0
2023-24,ESP1,atletico-madrid,,Ilias Kostis,300000.0
2023-24,ESP1,atletico-madrid,,Reinildo Mandava,9000000.0
2023-24,ESP1,atletico-madrid,,Javi Galán,7000000.0
2023-24,ESP1,atletico-madrid,,Marcos Llorente,30000000.0
2023-24,ESP1,atletico-madrid,,Nahuel Molina,28000000.0
2023-24,ESP1,atletico-madrid,,César Azpilicueta,2000000.0
2023-24,ESP1,atletico-madrid,,Javier Boñar,500000.0
2023-24,ESP1,atletico-madrid,,Arthur Vermeeren,25000000.0
2023-24,ESP1,atletico-madrid,,Axel Witsel,3500000.0
2023-24,ESP1,atletico-madrid,,Rodrigo De Paul,30000000.0
2023-24,ESP1,atletico-madrid,,Pablo Barrios,25000000.0
2023-24,ESP1,atletico-madrid,,Koke,12000000.0
2023-24,ESP1,atletico-madrid,,Saúl Ñíguez,7500000.0
2023-24,ESP1,atletico-madrid,,Aitor Gismera,250000.0
2023-24,ESP1,atletico-madrid,,Thomas Lemar,10000000.0
2023-24,ESP1,atletico-madrid,,Sergio Guerrero,200000.0
2023-24,ESP1,atletico-madrid,,Álex Calatrava,200000.0
2023-24,ESP1,atletico-madrid,,Samuel Lino,30000000.0
2023-24,ESP1,atletico-madrid,,Rodrigo Riquelme,25000000.0
2023-24,ESP1,atletico-madrid,,Yannick Carrasco,14000000.0
2023-24,ESP1,atletico-madrid,,Marcos Paulo,2000000.0
2023-24,ESP1,atletico-madrid,,Salim El Jebari,1000000.0
2023-24,ESP1,atletico-madrid,,Vitolo,100000.0
2023-24,ESP1,atletico-madrid,,João Félix,30000000.0
2023-24,ESP1,atletico-madrid,,Antoine Griezmann,25000000.0
2023-24,ESP1,atletico-madrid,,Ángel Correa,18000000.0
2023-24,ESP1,atletico-madrid,,Álvaro Morata,16000000.0
2023-24,ESP1,atletico-madrid,,Memphis Depay,10000000.0
2023-24,ESP1,atletico-madrid,,Adrián Niño,500000.0
2023-24,ESP1,atletico-madrid,,Abde Raihani,300000.0
2023-24,ESP1,ca-osasuna,248738,sergio herrera,6000000.0
2023-24,ESP1,ca-osasuna,118997,aitor fernandez,1800000.0
2023-24,ESP1,ca-osasuna,634117,pablo valencia,200000.0
2023-24,ESP1,ca-osasuna,890817,dimitrios stamatakis,200000.0
2023-24,ESP1,ca-osasuna,298589,david garcia,10000000.0
2023-24,ESP1,ca-osasuna,555500,jorge herrando,6000000.0
2023-24,ESP1,ca-osasuna,449796,alejandro catena,4000000.0
2023-24,ESP1,ca-osasuna,197122,unai garcia,1200000.0
2023-24,ESP1,ca-osasuna,717957,jorge moreno,500000.0
2023-24,ESP1,ca-osasuna,169497,juan cruz,2200000.0
2023-24,ESP1,ca-osasuna,262939,johan mojica,2200000.0
2023-24,ESP1,ca-osasuna,488626,jesus areso,7500000.0
2023-24,ESP1,ca-osasuna,238868,ruben pena,2200000.0
2023-24,ESP1,ca-osasuna,216870,nacho vidal,2000000.0
2023-24,ESP1,ca-osasuna,1065442,inigo arguibide,150000.0
2023-24,ESP1,ca-osasuna,710677,iker munoz,5000000.0
2023-24,ESP1,ca-osasuna,213670,lucas torro,4000000.0
2023-24,ESP1,ca-osasuna,552425,jon moncayola,7000000.0
2023-24,ESP1,ca-osasuna,785353,pablo ibanez,2500000.0
2023-24,ESP1,ca-osasuna,95641,darko brasanac,1400000.0
2023-24,ESP1,ca-osasuna,1038512,asier osambela,500000.0
2023-24,ESP1,ca-osasuna,634131,aimar oroz,15000000.0
2023-24,ESP1,ca-osasuna,175449,moi gomez,3500000.0
2023-24,ESP1,ca-osasuna,471474,javi martinez,1200000.0
2023-24,ESP1,ca-osasuna,634125,xabi huarte,200000.0
2023-24,ESP1,ca-osasuna,364603,jose manuel arnaiz,2000000.0
2023-24,ESP1,ca-osasuna,213260,ruben garcia,2500000.0
2023-24,ESP1,ca-osasuna,298575,kike barja,2000000.0
2023-24,ESP1,ca-osasuna,46413,ante budimir,5000000.0
2023-24,ESP1,ca-osasuna,631002,raul garcia,4000000.0
2023-24,ESP1,ca-osasuna,167721,chimy avila,3000000.0
2023-24,ESP1,ca-osasuna,705808,max svensson,400000.0
2023-24,ESP1,celta-vigo,297194,ivan villar,1200000.0
2023-24,ESP1,celta-vigo,54534,agustin marchesin,800000.0
2023-24,ESP1,celta-vigo,64399,vicente guaita,800000.0
2023-24,ESP1,celta-vigo,581640,coke carrillo,200000.0
2023-24,ESP1,celta-vigo,646741,cesar fernandez,200000.0
2023-24,ESP1,celta-vigo,577869,ruly garcia,150000.0
2023-24,ESP1,celta-vigo,338285,unai nunez,7000000.0
2023-24,ESP1,celta-vigo,258987,carl starfelt,6000000.0
2023-24,ESP1,celta-vigo,358250,joseph aidoo,4000000.0
2023-24,ESP1,celta-vigo,636093,carlos dominguez,3000000.0
2023-24,ESP1,celta-vigo,1076815,javi rodriguez,250000.0
2023-24,ESP1,celta-vigo,939374,yoel lago,200000.0
2023-24,ESP1,celta-vigo,625882,javi dominguez,150000.0
2023-24,ESP1,celta-vigo,618809,manu sanchez,8000000.0
2023-24,ESP1,celta-vigo,271455,mihailo ristic,1000000.0
2023-24,ESP1,celta-vigo,586736,joel lopez,200000.0
2023-24,ESP1,celta-vigo,331505,oscar mingueza,8000000.0
2023-24,ESP1,celta-vigo,162029,javier manquillo,1800000.0
2023-24,ESP1,celta-vigo,221315,kevin vazquez,800000.0
2023-24,ESP1,celta-vigo,652331,javi rueda,250000.0
2023-24,ESP1,celta-vigo,277137,renato tapia,5000000.0
2023-24,ESP1,celta-vigo,366948,jailson,1500000.0
2023-24,ESP1,celta-vigo,715628,damian rodriguez,500000.0
2023-24,ESP1,celta-vigo,423444,fran beltran,6000000.0
2023-24,ESP1,celta-vigo,315762,luca de la torre,3000000.0
2023-24,ESP1,celta-vigo,892221,hugo sotelo,2500000.0
2023-24,ESP1,celta-vigo,623524,carlos dotor,2000000.0
2023-24,ESP1,celta-vigo,699704,gabri veiga,25000000.0
2023-24,ESP1,celta-vigo,292818,jonathan bamba,9000000.0
2023-24,ESP1,celta-vigo,764859,williot swedberg,5000000.0
2023-24,ESP1,celta-vigo,892929,hugo alvarez,1500000.0
2023-24,ESP1,celta-vigo,341110,franco cervi,1500000.0
2023-24,ESP1,celta-vigo,872184,tadeo allende,4000000.0
2023-24,ESP1,celta-vigo,282810,carles perez,2500000.0
2023-24,ESP1,celta-vigo,634427,miguel rodriguez,800000.0
2023-24,ESP1,celta-vigo,429983,jorgen strand larsen,25000000.0
2023-24,ESP1,celta-vigo,523318,anastasios douvikas,6000000.0
2023-24,ESP1,celta-vigo,72047,iago aspas,3000000.0
2023-24,ESP1,celta-vigo,181547,goncalo paciencia,1500000.0
2023-24,ESP1,deportivo-alaves,,Antonio Sivera,6000000.0
2023-24,ESP1,deportivo-alaves,,Jesús Owono,1000000.0
2023-24,ESP1,deportivo-alaves,,Adrián Rodríguez,150000.0
2023-24,ESP1,deportivo-alaves,,Gaizka García,100000.0
2023-24,ESP1,deportivo-alaves,,Abdel Abqar,7500000.0
2023-24,ESP1,deportivo-alaves,,Rafa Marín,7500000.0
2023-24,ESP1,deportivo-alaves,,Rubén Duarte,3000000.0
2023-24,ESP1,deportivo-alaves,,Nikola Maras,1200000.0
2023-24,ESP1,deportivo-alaves,,Aleksandar Sedlar,400000.0
2023-24,ESP1,deportivo-alaves,,Eneko Ortiz,150000.0
2023-24,ESP1,deportivo-alaves,,Álvaro García,150000.0
2023-24,ESP1,deportivo-alaves,,Javi López,7500000.0
2023-24,ESP1,deportivo-alaves,,Victor Parada,200000.0
2023-24,ESP1,deportivo-alaves,,Andoni Gorosabel,5000000.0
2023-24,ESP1,deportivo-alaves,,Nahuel Tenaglia,2000000.0
2023-24,ESP1,deportivo-alaves,,Egoitz Muñoz,200000.0
2023-24,ESP1,deportivo-alaves,,Joseda Álvarez,100000.0
2023-24,ESP1,deportivo-alaves,,Antonio Blanco,7500000.0
2023-24,ESP1,deportivo-alaves,,Carlos Protesoni,1500000.0
2023-24,ESP1,deportivo-alaves,,Tomás Mendes,200000.0
2023-24,ESP1,deportivo-alaves,,Ander Guevara,5000000.0
2023-24,ESP1,deportivo-alaves,,Jon Guridi,4000000.0
2023-24,ESP1,deportivo-alaves,,Selu Diallo,200000.0
2023-24,ESP1,deportivo-alaves,,Ianis Hagi,2000000.0
2023-24,ESP1,deportivo-alaves,,Ander Sánchez,100000.0
2023-24,ESP1,deportivo-alaves,,Abde Rebbach,800000.0
2023-24,ESP1,deportivo-alaves,,José de León,200000.0
2023-24,ESP1,deportivo-alaves,,Álex Sola,4000000.0
2023-24,ESP1,deportivo-alaves,,Luis Rioja,4000000.0
2023-24,ESP1,deportivo-alaves,,Carlos Vicente,4000000.0
2023-24,ESP1,deportivo-alaves,,Giuliano Simeone,3000000.0
2023-24,ESP1,deportivo-alaves,,Xeber Alkain,1500000.0
2023-24,ESP1,deportivo-alaves,,Unai Ropero,500000.0
2023-24,ESP1,deportivo-alaves,,Samu Aghehowa,35000000.0
2023-24,ESP1,deportivo-alaves,,Miguel de la Fuente,2500000.0
2023-24,ESP1,deportivo-alaves,,Jon Karrikaburu,2500000.0
2023-24,ESP1,deportivo-alaves,,Mamadou Sylla,1500000.0
2023-24,ESP1,deportivo-alaves,,Kike García,1000000.0
2023-24,ESP1,deportivo-alaves,,Joaquín Panichelli,300000.0
2023-24,ESP1,deportivo-alaves,,Giorgi Gagua,250000.0
2023-24,ESP1,fc-barcelona,,Marc ter Stegen,28000000.0
2023-24,ESP1,fc-barcelona,,Iñaki Peña,8000000.0
2023-24,ESP1,fc-barcelona,,Ander Astralaga,1000000.0
2023-24,ESP1,fc-barcelona,,Diego Kochen,100000.0
2023-24,ESP1,fc-barcelona,,Ronald Araujo,70000000.0
2023-24,ESP1,fc-barcelona,,Andreas Christensen,40000000.0
2023-24,ESP1,fc-barcelona,,Pau Cubarsí,30000000.0
2023-24,ESP1,fc-barcelona,,Eric García,20000000.0
2023-24,ESP1,fc-barcelona,,Mikayil Faye,10000000.0
2023-24,ESP1,fc-barcelona,,Iñigo Martínez,5000000.0
2023-24,ESP1,fc-barcelona,,Marcos Alonso,2000000.0
2023-24,ESP1,fc-barcelona,,Alejandro Balde,40000000.0
2023-24,ESP1,fc-barcelona,,Jules Koundé,45000000.0
2023-24,ESP1,fc-barcelona,,João Cancelo,25000000.0
2023-24,ESP1,fc-barcelona,,Héctor Fort,10000000.0
2023-24,ESP1,fc-barcelona,,Marc Casadó,2500000.0
2023-24,ESP1,fc-barcelona,,Oriol Romeu,2000000.0
2023-24,ESP1,fc-barcelona,,Pau Prim,500000.0
2023-24,ESP1,fc-barcelona,,Gavi,90000000.0
2023-24,ESP1,fc-barcelona,,Pedri,80000000.0
2023-24,ESP1,fc-barcelona,,Frenkie de Jong,70000000.0
2023-24,ESP1,fc-barcelona,,İlkay Gündoğan,15000000.0
2023-24,ESP1,fc-barcelona,,Sergi Roberto,2500000.0
2023-24,ESP1,fc-barcelona,,Unai Hernández,800000.0
2023-24,ESP1,fc-barcelona,,Aleix Garrido,500000.0
2023-24,ESP1,fc-barcelona,,Fermín López,30000000.0
2023-24,ESP1,fc-barcelona,,Raphinha,50000000.0
2023-24,ESP1,fc-barcelona,,Ansu Fati,25000000.0
2023-24,ESP1,fc-barcelona,,Abde Ezzalzouli,9000000.0
2023-24,ESP1,fc-barcelona,,Lamine Yamal,90000000.0
2023-24,ESP1,fc-barcelona,,Ángel Alarcón,300000.0
2023-24,ESP1,fc-barcelona,,João Félix,30000000.0
2023-24,ESP1,fc-barcelona,,Ferran Torres,30000000.0
2023-24,ESP1,fc-barcelona,,Vitor Roque,30000000.0
2023-24,ESP1,fc-barcelona,,Robert Lewandowski,15000000.0
2023-24,ESP1,fc-barcelona,,Marc Guiu,7500000.0
2023-24,ESP1,fc-barcelona,,Pau Víctor,1500000.0
2023-24,ESP1,fc-cadiz,284342,conan ledesma,5000000.0
2023-24,ESP1,fc-cadiz,162027,david gil,700000.0
2023-24,ESP1,fc-cadiz,706797,victor aznar,100000.0
2023-24,ESP1,fc-cadiz,930096,nando almodovar,50000.0
2023-24,ESP1,fc-cadiz,252667,fali,2000000.0
2023-24,ESP1,fc-cadiz,495625,victor chust,2000000.0
2023-24,ESP1,fc-cadiz,585068,aiham ousou,1800000.0
2023-24,ESP1,fc-cadiz,286779,jorge mere,1000000.0
2023-24,ESP1,fc-cadiz,62945,luis hernandez,500000.0
2023-24,ESP1,fc-cadiz,490421,momo mbaye,400000.0
2023-24,ESP1,fc-cadiz,1178748,alex morata,150000.0
2023-24,ESP1,fc-cadiz,834737,adri miranda,100000.0
2023-24,ESP1,fc-cadiz,946276,adrian salguero,100000.0
2023-24,ESP1,fc-cadiz,422466,javi hernandez,2500000.0
2023-24,ESP1,fc-cadiz,927768,lucas pires,2000000.0
2023-24,ESP1,fc-cadiz,1032447,julio cabrera,150000.0
2023-24,ESP1,fc-cadiz,281755,ivan alejo,1500000.0
2023-24,ESP1,fc-cadiz,254037,iza carcelen,1500000.0
2023-24,ESP1,fc-cadiz,197135,joseba zaldua,900000.0
2023-24,ESP1,fc-cadiz,315604,diadie samassekou,2000000.0
2023-24,ESP1,fc-cadiz,225462,jose mari,200000.0
2023-24,ESP1,fc-cadiz,277635,rominigue kouame,2000000.0
2023-24,ESP1,fc-cadiz,247250,ruben alcaraz,1500000.0
2023-24,ESP1,fc-cadiz,89733,alex fernandez,1500000.0
2023-24,ESP1,fc-cadiz,266795,gonzalo escalante,1500000.0
2023-24,ESP1,fc-cadiz,307519,fede san emeterio,1500000.0
2023-24,ESP1,fc-cadiz,882772,alvaro bastida,300000.0
2023-24,ESP1,fc-cadiz,278404,martin calderon,200000.0
2023-24,ESP1,fc-cadiz,979235,moussa diakite,150000.0
2023-24,ESP1,fc-cadiz,126737,juanmi,6000000.0
2023-24,ESP1,fc-cadiz,211251,darwin machis,2000000.0
2023-24,ESP1,fc-cadiz,598765,brian ocampo,900000.0
2023-24,ESP1,fc-cadiz,563137,robert navarro,6000000.0
2023-24,ESP1,fc-cadiz,1027993,jose antonio de la rosa,300000.0
2023-24,ESP1,fc-cadiz,1054922,nico njalla,150000.0
2023-24,ESP1,fc-cadiz,538810,chris ramos,4000000.0
2023-24,ESP1,fc-cadiz,542819,milutin osmajic,2000000.0
2023-24,ESP1,fc-cadiz,396894,maxi gomez,2000000.0
2023-24,ESP1,fc-cadiz,85383,ruben sobrino,1400000.0
2023-24,ESP1,fc-cadiz,212391,roger marti,1200000.0
2023-24,ESP1,fc-cadiz,256429,sergi guardiola,800000.0
2023-24,ESP1,fc-cadiz,1038950,karl etta eyong,300000.0
2023-24,ESP1,fc-cadiz,18644,alvaro negredo,300000.0
2023-24,ESP1,fc-cadiz,1230202,borja vazquez,50000.0
2023-24,ESP1,fc-getafe,,David Soria,5000000.0
2023-24,ESP1,fc-getafe,,Daniel Fuzato,900000.0
2023-24,ESP1,fc-getafe,,Jorge Benito,25000.0
2023-24,ESP1,fc-getafe,,Gastón Álvarez,15000000.0
2023-24,ESP1,fc-getafe,,Omar Alderete,5000000.0
2023-24,ESP1,fc-getafe,,Dakonam Djené,2500000.0
2023-24,ESP1,fc-getafe,,Domingos Duarte,2000000.0
2023-24,ESP1,fc-getafe,,Stefan Mitrovic,1300000.0
2023-24,ESP1,fc-getafe,,Nabil Aberdin,100000.0
2023-24,ESP1,fc-getafe,,Sergio Gimeno,50000.0
2023-24,ESP1,fc-getafe,,Diego Rico,1500000.0
2023-24,ESP1,fc-getafe,,Fabrizio Angileri,1000000.0
2023-24,ESP1,fc-getafe,,Jordi Martín,600000.0
2023-24,ESP1,fc-getafe,,Gorka Rivera,100000.0
2023-24,ESP1,fc-getafe,,Alejandro Herranz,25000.0
2023-24,ESP1,fc-getafe,,José Ángel Carmona,3500000.0
2023-24,ESP1,fc-getafe,,Juan Iglesias,2500000.0
2023-24,ESP1,fc-getafe,,Damián Suárez,650000.0
2023-24,ESP1,fc-getafe,,Nemanja Maksimovic,6000000.0
2023-24,ESP1,fc-getafe,,Mauro Arambarri,5000000.0
2023-24,ESP1,fc-getafe,,Luis Milla,3500000.0
2023-24,ESP1,fc-getafe,,Carles Aleñá,3000000.0
2023-24,ESP1,fc-getafe,,Ilaix Moriba,3000000.0
2023-24,ESP1,fc-getafe,,Yellu Santiago,1000000.0
2023-24,ESP1,fc-getafe,,John Patrick,200000.0
2023-24,ESP1,fc-getafe,,Facu Esnáider,100000.0
2023-24,ESP1,fc-getafe,,Óscar Rodríguez,2500000.0
2023-24,ESP1,fc-getafe,,Santi García,200000.0
2023-24,ESP1,fc-getafe,,Diego López,100000.0
2023-24,ESP1,fc-getafe,,Jeremy Jorge,200000.0
2023-24,ESP1,fc-getafe,,Yassin Tallal,50000.0
2023-24,ESP1,fc-getafe,,Mason Greenwood,25000000.0
2023-24,ESP1,fc-getafe,,Portu,3500000.0
2023-24,ESP1,fc-getafe,,Enes Ünal,18000000.0
2023-24,ESP1,fc-getafe,,Borja Mayoral,15000000.0
2023-24,ESP1,fc-getafe,,Juanmi Latasa,2800000.0
2023-24,ESP1,fc-getafe,,Choco Lozano,1200000.0
2023-24,ESP1,fc-getafe,,Jaime Mata,900000.0
2023-24,ESP1,fc-girona,,Paulo Gazzaniga,4000000.0
2023-24,ESP1,fc-girona,,Toni Fuidias,300000.0
2023-24,ESP1,fc-girona,,Juan Carlos,200000.0
2023-24,ESP1,fc-girona,,Eric García,20000000.0
2023-24,ESP1,fc-girona,,Santiago Bueno,8000000.0
2023-24,ESP1,fc-girona,,Daley Blind,3000000.0
2023-24,ESP1,fc-girona,,David López,2500000.0
2023-24,ESP1,fc-girona,,Juanpe,1000000.0
2023-24,ESP1,fc-girona,,Bernardo Espinosa,550000.0
2023-24,ESP1,fc-girona,,Eric Monjonell,200000.0
2023-24,ESP1,fc-girona,,Miguel Gutiérrez,25000000.0
2023-24,ESP1,fc-girona,,Yan Couto,25000000.0
2023-24,ESP1,fc-girona,,Arnau Martínez,10000000.0
2023-24,ESP1,fc-girona,,Ibrahima Kébé,500000.0
2023-24,ESP1,fc-girona,,Aleix García,25000000.0
2023-24,ESP1,fc-girona,,Yangel Herrera,25000000.0
2023-24,ESP1,fc-girona,,Iván Martín,15000000.0
2023-24,ESP1,fc-girona,,Jhon Solís,3000000.0
2023-24,ESP1,fc-girona,,Pablo Torre,3000000.0
2023-24,ESP1,fc-girona,,Borja García,800000.0
2023-24,ESP1,fc-girona,,Sávio,50000000.0
2023-24,ESP1,fc-girona,,Toni Villa,1500000.0
2023-24,ESP1,fc-girona,,Viktor Tsygankov,30000000.0
2023-24,ESP1,fc-girona,,Portu,3500000.0
2023-24,ESP1,fc-girona,,Valery Fernández,2500000.0
2023-24,ESP1,fc-girona,,Manu Vallejo,1500000.0
2023-24,ESP1,fc-girona,,Artem Dovbyk,35000000.0
2023-24,ESP1,fc-girona,,Cristhian Stuani,1800000.0
2023-24,ESP1,fc-girona,,Carles Garrido,50000.0
2023-24,ESP1,fc-granada,,Augusto Batalla,5000000.0
2023-24,ESP1,fc-granada,,André Ferreira,800000.0
2023-24,ESP1,fc-granada,,Marc Martínez,300000.0
2023-24,ESP1,fc-granada,,Adri López,200000.0
2023-24,ESP1,fc-granada,,Raúl Fernández,200000.0
2023-24,ESP1,fc-granada,,Pol Tristán,100000.0
2023-24,ESP1,fc-granada,,Bruno Méndez,5000000.0
2023-24,ESP1,fc-granada,,Raúl Torrente,3000000.0
2023-24,ESP1,fc-granada,,Kamil Piątkowski,2500000.0
2023-24,ESP1,fc-granada,,Miguel Rubio,1500000.0
2023-24,ESP1,fc-granada,,Ignasi Miquel,1200000.0
2023-24,ESP1,fc-granada,,Jesús Vallejo,1000000.0
2023-24,ESP1,fc-granada,,Miki Bosch,100000.0
2023-24,ESP1,fc-granada,,Álvaro Carreras,7000000.0
2023-24,ESP1,fc-granada,,Faitout Maouassa,4000000.0
2023-24,ESP1,fc-granada,,Carlos Neva,2500000.0
2023-24,ESP1,fc-granada,,Miguel Ángel Brau,150000.0
2023-24,ESP1,fc-granada,,Ricard Sánchez,2500000.0
2023-24,ESP1,fc-granada,,Wilson Manafá,1300000.0
2023-24,ESP1,fc-granada,,Víctor Díaz,400000.0
2023-24,ESP1,fc-granada,,Gerard Gumbau,3000000.0
2023-24,ESP1,fc-granada,,Martin Hongla,2500000.0
2023-24,ESP1,fc-granada,,Njegos Petrovic,2500000.0
2023-24,ESP1,fc-granada,,Gonzalo Villar,3000000.0
2023-24,ESP1,fc-granada,,Sergio Ruiz,2000000.0
2023-24,ESP1,fc-granada,,Lass Sangaré,150000.0
2023-24,ESP1,fc-granada,,Óscar Melendo,2000000.0
2023-24,ESP1,fc-granada,,Alberto Soro,700000.0
2023-24,ESP1,fc-granada,,Mario González,150000.0
2023-24,ESP1,fc-granada,,Bryan Zaragoza,12000000.0
2023-24,ESP1,fc-granada,,Myrto Uzuni,8000000.0
2023-24,ESP1,fc-granada,,Kamil Jóźwiak,2000000.0
2023-24,ESP1,fc-granada,,Alberto Perea,450000.0
2023-24,ESP1,fc-granada,,Sergio Rodelas,200000.0
2023-24,ESP1,fc-granada,,Facundo Pellistri,8000000.0
2023-24,ESP1,fc-granada,,Antonio Puertas,2000000.0
2023-24,ESP1,fc-granada,,Theo Corbeanu,1500000.0
2023-24,ESP1,fc-granada,,José Callejón,800000.0
2023-24,ESP1,fc-granada,,Pablo Sáenz,150000.0
2023-24,ESP1,fc-granada,,Samu Aghehowa,35000000.0
2023-24,ESP1,fc-granada,,Lucas Boyé,7000000.0
2023-24,ESP1,fc-granada,,Matías Arezo,7000000.0
2023-24,ESP1,fc-granada,,Shon Weissman,1700000.0
2023-24,ESP1,fc-granada,,Famara Diédhiou,500000.0
2023-24,ESP1,fc-granada,,Eghosa Bello,50000.0
2023-24,ESP1,fc-sevilla,,Yassine Bounou,9000000.0
2023-24,ESP1,fc-sevilla,,Ørjan Nyland,1400000.0
2023-24,ESP1,fc-sevilla,,Marko Dmitrovic,900000.0
2023-24,ESP1,fc-sevilla,,Alberto Flores,300000.0
2023-24,ESP1,fc-sevilla,,Matías Árbol,100000.0
2023-24,ESP1,fc-sevilla,,Loïc Badé,14000000.0
2023-24,ESP1,fc-sevilla,,Kike Salas,10000000.0
2023-24,ESP1,fc-sevilla,,Marcão,4000000.0
2023-24,ESP1,fc-sevilla,,Federico Gattoni,3500000.0
2023-24,ESP1,fc-sevilla,,Tanguy Nianzou,3000000.0
2023-24,ESP1,fc-sevilla,,Sergio Ramos,2500000.0
2023-24,ESP1,fc-sevilla,,Xavi Sintes,200000.0
2023-24,ESP1,fc-sevilla,,Adrià Pedrosa,6000000.0
2023-24,ESP1,fc-sevilla,,Marcos Acuña,4000000.0
2023-24,ESP1,fc-sevilla,,Diego Hormigo,200000.0
2023-24,ESP1,fc-sevilla,,Juanlu Sánchez,15000000.0
2023-24,ESP1,fc-sevilla,,Gonzalo Montiel,10000000.0
2023-24,ESP1,fc-sevilla,,Darío Benavides,150000.0
2023-24,ESP1,fc-sevilla,,Boubakary Soumaré,14000000.0
2023-24,ESP1,fc-sevilla,,Lucien Agoumé,6000000.0
2023-24,ESP1,fc-sevilla,,Nemanja Gudelj,3500000.0
2023-24,ESP1,fc-sevilla,,Fernando,2000000.0
2023-24,ESP1,fc-sevilla,,Djibril Sow,9000000.0
2023-24,ESP1,fc-sevilla,,Óliver Torres,6000000.0
2023-24,ESP1,fc-sevilla,,Joan Jordán,3500000.0
2023-24,ESP1,fc-sevilla,,Ivan Rakitic,3500000.0
2023-24,ESP1,fc-sevilla,,Manu Bueno,300000.0
2023-24,ESP1,fc-sevilla,,Lulo Dasilva,150000.0
2023-24,ESP1,fc-sevilla,,Jesús Navas,2500000.0
2023-24,ESP1,fc-sevilla,,Hannibal,9000000.0
2023-24,ESP1,fc-sevilla,,Stanis Idumbo,800000.0
2023-24,ESP1,fc-sevilla,,Miguel Capitas,200000.0
2023-24,ESP1,fc-sevilla,,Lucas Ocampos,9000000.0
2023-24,ESP1,fc-sevilla,,Oso,200000.0
2023-24,ESP1,fc-sevilla,,Isra Domínguez,150000.0
2023-24,ESP1,fc-sevilla,,Dodi Lukébakio,12000000.0
2023-24,ESP1,fc-sevilla,,Suso,4000000.0
2023-24,ESP1,fc-sevilla,,Jesús Corona,3500000.0
2023-24,ESP1,fc-sevilla,,Erik Lamela,2000000.0
2023-24,ESP1,fc-sevilla,,Adnan Januzaj,2000000.0
2023-24,ESP1,fc-sevilla,,Youssef En-Nesyri,20000000.0
2023-24,ESP1,fc-sevilla,,Isaac Romero,18000000.0
2023-24,ESP1,fc-sevilla,,Alejo Veliz,9000000.0
2023-24,ESP1,fc-sevilla,,Rafa Mir,2500000.0
2023-24,ESP1,fc-sevilla,,Mariano Díaz,1500000.0
2023-24,ESP1,fc-sevilla,,Ibra Sow,200000.0
2023-24,ESP1,fc-valencia,,Giorgi Mamardashvili,35000000.0
2023-24,ESP1,fc-valencia,,Jaume Doménech,800000.0
2023-24,ESP1,fc-valencia,,Cristian Rivero,200000.0
2023-24,ESP1,fc-valencia,,Cristhian Mosquera,30000000.0
2023-24,ESP1,fc-valencia,,Yarek Gasiorowski,15000000.0
2023-24,ESP1,fc-valencia,,Cenk Özkacar,4000000.0
2023-24,ESP1,fc-valencia,,Mouctar Diakhaby,2000000.0
2023-24,ESP1,fc-valencia,,Gabriel Paulista,2000000.0
2023-24,ESP1,fc-valencia,,César Tárrega,1500000.0
2023-24,ESP1,fc-valencia,,Rubén Iranzo,300000.0
2023-24,ESP1,fc-valencia,,José Gayà,25000000.0
2023-24,ESP1,fc-valencia,,Jesús Vázquez,3000000.0
2023-24,ESP1,fc-valencia,,Thierry Correia,6000000.0
2023-24,ESP1,fc-valencia,,Dimitri Foulquier,2500000.0
2023-24,ESP1,fc-valencia,,Pepelu,22000000.0
2023-24,ESP1,fc-valencia,,Hugo Guillamón,8000000.0
2023-24,ESP1,fc-valencia,,Javi Guerra,20000000.0
2023-24,ESP1,fc-valencia,,Ali Fadal,100000.0
2023-24,ESP1,fc-valencia,,Javi Navarro,25000.0
2023-24,ESP1,fc-valencia,,André Almeida,15000000.0
2023-24,ESP1,fc-valencia,,Selim Amallah,1500000.0
2023-24,ESP1,fc-valencia,,Pablo Gozálbez,800000.0
2023-24,ESP1,fc-valencia,,Sergi Canós,2500000.0
2023-24,ESP1,fc-valencia,,Marco Camus,300000.0
2023-24,ESP1,fc-valencia,,Martín Tejón,100000.0
2023-24,ESP1,fc-valencia,,Diego López,14000000.0
2023-24,ESP1,fc-valencia,,Fran Pérez,8000000.0
2023-24,ESP1,fc-valencia,,Peter Federico,3000000.0
2023-24,ESP1,fc-valencia,,David Otorbi,500000.0
2023-24,ESP1,fc-valencia,,Hugo González,300000.0
2023-24,ESP1,fc-valencia,,Hugo Duro,16000000.0
2023-24,ESP1,fc-valencia,,Roman Yaremchuk,3500000.0
2023-24,ESP1,fc-valencia,,Alberto Marí,1500000.0
2023-24,ESP1,fc-valencia,,Mario Domínguez,200000.0
2023-24,ESP1,fc-valencia,,Joselu Pérez,100000.0
2023-24,ESP1,fc-villarreal,,Filip Jørgensen,20000000.0
2023-24,ESP1,fc-villarreal,,Iker Álvarez,800000.0
2023-24,ESP1,fc-villarreal,,Pepe Reina,600000.0
2023-24,ESP1,fc-villarreal,,Juan Foyth,15000000.0
2023-24,ESP1,fc-villarreal,,Matteo Gabbia,8000000.0
2023-24,ESP1,fc-villarreal,,Yerson Mosquera,6000000.0
2023-24,ESP1,fc-villarreal,,Jorge Cuenca,6000000.0
2023-24,ESP1,fc-villarreal,,Eric Bailly,3000000.0
2023-24,ESP1,fc-villarreal,,Stefan Lekovic,1800000.0
2023-24,ESP1,fc-villarreal,,Aïssa Mandi,1800000.0
2023-24,ESP1,fc-villarreal,,Raúl Albiol,1500000.0
2023-24,ESP1,fc-villarreal,,Antonio Espigares,500000.0
2023-24,ESP1,fc-villarreal,,Alfonso Pedraza,5000000.0
2023-24,ESP1,fc-villarreal,,Alberto Moreno,1800000.0
2023-24,ESP1,fc-villarreal,,Carlos Romero,1500000.0
2023-24,ESP1,fc-villarreal,,Abraham del Moral,100000.0
2023-24,ESP1,fc-villarreal,,Adrià Altimira,2000000.0
2023-24,ESP1,fc-villarreal,,Kiko Femenía,1400000.0
2023-24,ESP1,fc-villarreal,,Étienne Capoue,1500000.0
2023-24,ESP1,fc-villarreal,,Francis Coquelin,1500000.0
2023-24,ESP1,fc-villarreal,,Santi Comesaña,6000000.0
2023-24,ESP1,fc-villarreal,,Ramón Terrats,4000000.0
2023-24,ESP1,fc-villarreal,,Dani Parejo,2500000.0
2023-24,ESP1,fc-villarreal,,Manu Trigueros,1500000.0
2023-24,ESP1,fc-villarreal,,Dani Requena,400000.0
2023-24,ESP1,fc-villarreal,,Denis Suárez,1500000.0
2023-24,ESP1,fc-villarreal,,Álex Baena,40000000.0
2023-24,ESP1,fc-villarreal,,Yéremy Pino,30000000.0
2023-24,ESP1,fc-villarreal,,Gonçalo Guedes,15000000.0
2023-24,ESP1,fc-villarreal,,Diego Collado,800000.0
2023-24,ESP1,fc-villarreal,,Ilias Akhomach,15000000.0
2023-24,ESP1,fc-villarreal,,Bertrand Traoré,9000000.0
2023-24,ESP1,fc-villarreal,,Alexander Sørloth,25000000.0
2023-24,ESP1,fc-villarreal,,Gerard Moreno,10000000.0
2023-24,ESP1,fc-villarreal,,Ben Brereton Díaz,8000000.0
2023-24,ESP1,fc-villarreal,,Álex Forés,1500000.0
2023-24,ESP1,fc-villarreal,,José Luis Morales,1500000.0
2023-24,ESP1,fc-villarreal,,Jorge Pascual,1000000.0
2023-24,ESP1,rayo-vallecano,,Stole Dimitrievski,4000000.0
2023-24,ESP1,rayo-vallecano,,Dani Cárdenas,1800000.0
2023-24,ESP1,rayo-vallecano,,Miguel Morro,600000.0
2023-24,ESP1,rayo-vallecano,,Florian Lejeune,3000000.0
2023-24,ESP1,rayo-vallecano,,Abdul Mumin,2500000.0
2023-24,ESP1,rayo-vallecano,,Aridane Hernández,800000.0
2023-24,ESP1,rayo-vallecano,,Jorge Moreno,500000.0
2023-24,ESP1,rayo-vallecano,,Martín Pascual,300000.0
2023-24,ESP1,rayo-vallecano,,Alfonso Espino,2400000.0
2023-24,ESP1,rayo-vallecano,,Pep Chavarría,2000000.0
2023-24,ESP1,rayo-vallecano,,Iván Balliu,2000000.0
2023-24,ESP1,rayo-vallecano,,Andrei Rațiu,1400000.0
2023-24,ESP1,rayo-vallecano,,Miguel Crespo,4000000.0
2023-24,ESP1,rayo-vallecano,,Óscar Valentín,4000000.0
2023-24,ESP1,rayo-vallecano,,Kike Pérez,3000000.0
2023-24,ESP1,rayo-vallecano,,Unai López,3000000.0
2023-24,ESP1,rayo-vallecano,,Pathé Ciss,2500000.0
2023-24,ESP1,rayo-vallecano,,Randy Nteka,1500000.0
2023-24,ESP1,rayo-vallecano,,José Pozo,1000000.0
2023-24,ESP1,rayo-vallecano,,Óscar Trejo,1000000.0
2023-24,ESP1,rayo-vallecano,,Álvaro García,3000000.0
2023-24,ESP1,rayo-vallecano,,Bebé,600000.0
2023-24,ESP1,rayo-vallecano,,Pablo Muñoz,50000.0
2023-24,ESP1,rayo-vallecano,,Jorge de Frutos,4000000.0
2023-24,ESP1,rayo-vallecano,,Salvi Sánchez,1200000.0
2023-24,ESP1,rayo-vallecano,,Isi Palazón,8000000.0
2023-24,ESP1,rayo-vallecano,,Sergio Camello,3000000.0
2023-24,ESP1,rayo-vallecano,,Raúl de Tomás,2000000.0
2023-24,ESP1,rayo-vallecano,,Radamel Falcao,800000.0
2023-24,ESP1,rcd-mallorca,,Predrag Rajković,10000000.0
2023-24,ESP1,rcd-mallorca,,Dominik Greif,2500000.0
2023-24,ESP1,rcd-mallorca,,Iván Cuéllar,100000.0
2023-24,ESP1,rcd-mallorca,,Pere García,50000.0
2023-24,ESP1,rcd-mallorca,,Martin Valjent,6000000.0
2023-24,ESP1,rcd-mallorca,,José Copete,2800000.0
2023-24,ESP1,rcd-mallorca,,Siebe Van der Heyden,2000000.0
2023-24,ESP1,rcd-mallorca,,Antonio Raíllo,2000000.0
2023-24,ESP1,rcd-mallorca,,Matija Nastasić,1500000.0
2023-24,ESP1,rcd-mallorca,,David López,100000.0
2023-24,ESP1,rcd-mallorca,,Toni Lato,3500000.0
2023-24,ESP1,rcd-mallorca,,Jaume Costa,900000.0
2023-24,ESP1,rcd-mallorca,,Marcos Fernández,50000.0
2023-24,ESP1,rcd-mallorca,,Pablo Maffeo,5000000.0
2023-24,ESP1,rcd-mallorca,,Giovanni González,3000000.0
2023-24,ESP1,rcd-mallorca,,Nacho Vidal,2000000.0
2023-24,ESP1,rcd-mallorca,,Samú Costa,10000000.0
2023-24,ESP1,rcd-mallorca,,Omar Mascarell,1000000.0
2023-24,ESP1,rcd-mallorca,,Sergi Darder,6000000.0
2023-24,ESP1,rcd-mallorca,,Manu Morlanes,2500000.0
2023-24,ESP1,rcd-mallorca,,Antonio Sánchez,2500000.0
2023-24,ESP1,rcd-mallorca,,Rubén Quintanilla,50000.0
2023-24,ESP1,rcd-mallorca,,Dani Rodríguez,1000000.0
2023-24,ESP1,rcd-mallorca,,Nemanja Radonjic,2800000.0
2023-24,ESP1,rcd-mallorca,,Javi Llabrés,700000.0
2023-24,ESP1,rcd-mallorca,,Amath Ndiaye,1500000.0
2023-24,ESP1,rcd-mallorca,,Daniel Luna,300000.0
2023-24,ESP1,rcd-mallorca,,Miguelito,50000.0
2023-24,ESP1,rcd-mallorca,,Vedat Muriqi,12000000.0
2023-24,ESP1,rcd-mallorca,,Cyle Larin,4000000.0
2023-24,ESP1,rcd-mallorca,,Abdón Prats,1800000.0
2023-24,ESP1,real-betis-sevilla,234811,rui silva,8000000.0
2023-24,ESP1,real-betis-sevilla,40423,claudio bravo,800000.0
2023-24,ESP1,real-betis-sevilla,551182,fran vieites,500000.0
2023-24,ESP1,real-betis-sevilla,567504,guilherme fernandes,150000.0
2023-24,ESP1,real-betis-sevilla,1061277,german garcia,25000.0
2023-24,ESP1,real-betis-sevilla,689637,chadi riad,15000000.0
2023-24,ESP1,real-betis-sevilla,457931,luiz felipe,13000000.0
2023-24,ESP1,real-betis-sevilla,113133,german pezzella,3000000.0
2023-24,ESP1,real-betis-sevilla,1034853,nobel mendy,1000000.0
2023-24,ESP1,real-betis-sevilla,99922,marc bartra,1000000.0
2023-24,ESP1,real-betis-sevilla,34322,sokratis papastathopoulos,700000.0
2023-24,ESP1,real-betis-sevilla,630989,ricardo visus,150000.0
2023-24,ESP1,real-betis-sevilla,341227,juan miranda,9000000.0
2023-24,ESP1,real-betis-sevilla,646402,abner,7000000.0
2023-24,ESP1,real-betis-sevilla,971774,xavi pleguezuelo,100000.0
2023-24,ESP1,real-betis-sevilla,191217,hector bellerin,4000000.0
2023-24,ESP1,real-betis-sevilla,135492,youssouf sabaly,2500000.0
2023-24,ESP1,real-betis-sevilla,1054909,pablo busto,500000.0
2023-24,ESP1,real-betis-sevilla,342385,guido rodriguez,20000000.0
2023-24,ESP1,real-betis-sevilla,336869,marc roca,9000000.0
2023-24,ESP1,real-betis-sevilla,100131,william carvalho,3000000.0
2023-24,ESP1,real-betis-sevilla,466801,sergi altimira,2500000.0
2023-24,ESP1,real-betis-sevilla,429901,paul akouokou,1500000.0
2023-24,ESP1,real-betis-sevilla,689505,johnny cardoso,25000000.0
2023-24,ESP1,real-betis-sevilla,357885,pablo fornals,14000000.0
2023-24,ESP1,real-betis-sevilla,20506,andres guardado,1000000.0
2023-24,ESP1,real-betis-sevilla,961944,gines sorroche,300000.0
2023-24,ESP1,real-betis-sevilla,668184,quique fernandez,150000.0
2023-24,ESP1,real-betis-sevilla,203496,nabil fekir,10000000.0
2023-24,ESP1,real-betis-sevilla,85288,isco,8000000.0
2023-24,ESP1,real-betis-sevilla,895331,dani perez,500000.0
2023-24,ESP1,real-betis-sevilla,1061282,assane diao,12000000.0
2023-24,ESP1,real-betis-sevilla,724520,abde ezzalzouli,9000000.0
2023-24,ESP1,real-betis-sevilla,585700,juan cruz,1500000.0
2023-24,ESP1,real-betis-sevilla,800175,luiz henrique,12000000.0
2023-24,ESP1,real-betis-sevilla,378139,aitor ruibal,3500000.0
2023-24,ESP1,real-betis-sevilla,630995,rodri sanchez,3000000.0
2023-24,ESP1,real-betis-sevilla,246968,ayoze perez,7000000.0
2023-24,ESP1,real-betis-sevilla,278359,borja iglesias,5000000.0
2023-24,ESP1,real-betis-sevilla,122155,willian jose,5000000.0
2023-24,ESP1,real-betis-sevilla,167721,chimy avila,3000000.0
2023-24,ESP1,real-betis-sevilla,127048,cedric bakambu,2500000.0
2023-24,ESP1,real-madrid,,Thibaut Courtois,28000000.0
2023-24,ESP1,real-madrid,,Andriy Lunin,25000000.0
2023-24,ESP1,real-madrid,,Kepa Arrizabalaga,12000000.0
2023-24,ESP1,real-madrid,,Lucas Cañizares,400000.0
2023-24,ESP1,real-madrid,,Mario de Luis,400000.0
2023-24,ESP1,real-madrid,,Diego Piñeiro,50000.0
2023-24,ESP1,real-madrid,,Éder Militão,60000000.0
2023-24,ESP1,real-madrid,,Antonio Rüdiger,25000000.0
2023-24,ESP1,real-madrid,,David Alaba,20000000.0
2023-24,ESP1,real-madrid,,Nacho Fernández,3000000.0
2023-24,ESP1,real-madrid,,Álvaro Carrillo,300000.0
2023-24,ESP1,real-madrid,,Edgar Pujol,250000.0
2023-24,ESP1,real-madrid,,Jacobo Ramón,100000.0
2023-24,ESP1,real-madrid,,Ferland Mendy,22000000.0
2023-24,ESP1,real-madrid,,Fran García,15000000.0
2023-24,ESP1,real-madrid,,Daniel Carvajal,12000000.0
2023-24,ESP1,real-madrid,,Lucas Vázquez,4000000.0
2023-24,ESP1,real-madrid,,Vinícius Tobias,3000000.0
2023-24,ESP1,real-madrid,,Álvaro Odriozola,2500000.0
2023-24,ESP1,real-madrid,,Aurélien Tchouaméni,100000000.0
2023-24,ESP1,real-madrid,,Mario Martín,300000.0
2023-24,ESP1,real-madrid,,Federico Valverde,120000000.0
2023-24,ESP1,real-madrid,,Eduardo Camavinga,100000000.0
2023-24,ESP1,real-madrid,,Toni Kroos,10000000.0
2023-24,ESP1,real-madrid,,Luka Modrić,6000000.0
2023-24,ESP1,real-madrid,,Dani Ceballos,6000000.0
2023-24,ESP1,real-madrid,,Théo Zidane,300000.0
2023-24,ESP1,real-madrid,,Jude Bellingham,180000000.0
2023-24,ESP1,real-madrid,,Arda Güler,30000000.0
2023-24,ESP1,real-madrid,,Nico Paz,10000000.0
2023-24,ESP1,real-madrid,,Vinicius Junior,180000000.0
2023-24,ESP1,real-madrid,,Rodrygo,110000000.0
2023-24,ESP1,real-madrid,,Brahim Díaz,40000000.0
2023-24,ESP1,real-madrid,,Joselu,5000000.0
2023-24,ESP1,real-madrid,,Álvaro Rodríguez,3500000.0
2023-24,ESP1,real-madrid,,Gonzalo García,1000000.0
2023-24,ESP1,real-sociedad-san-sebastian,212862,alex remiro,25000000.0
2023-24,ESP1,real-sociedad-san-sebastian,561702,gaizka ayesa,300000.0
2023-24,ESP1,real-sociedad-san-sebastian,625657,unai marrero,300000.0
2023-24,ESP1,real-sociedad-san-sebastian,668313,aitor fraga,200000.0
2023-24,ESP1,real-sociedad-san-sebastian,351809,robin le normand,40000000.0
2023-24,ESP1,real-sociedad-san-sebastian,355628,igor zubeldia,22000000.0
2023-24,ESP1,real-sociedad-san-sebastian,580560,jon pacheco,15000000.0
2023-24,ESP1,real-sociedad-san-sebastian,229804,aritz elustondo,5000000.0
2023-24,ESP1,real-sociedad-san-sebastian,1018938,jon martin,2000000.0
2023-24,ESP1,real-sociedad-san-sebastian,300716,kieran tierney,12000000.0
2023-24,ESP1,real-sociedad-san-sebastian,517842,aihen munoz,8000000.0
2023-24,ESP1,real-sociedad-san-sebastian,448628,javi galan,7000000.0
2023-24,ESP1,real-sociedad-san-sebastian,249513,diego rico,1500000.0
2023-24,ESP1,real-sociedad-san-sebastian,297070,hamari traore,6000000.0
2023-24,ESP1,real-sociedad-san-sebastian,661145,jon aramburu,2500000.0
2023-24,ESP1,real-sociedad-san-sebastian,280730,alvaro odriozola,2500000.0
2023-24,ESP1,real-sociedad-san-sebastian,711377,alberto dadie,250000.0
2023-24,ESP1,real-sociedad-san-sebastian,1055860,inaki ruperez,150000.0
2023-24,ESP1,real-sociedad-san-sebastian,423440,martin zubimendi,50000000.0
2023-24,ESP1,real-sociedad-san-sebastian,625651,urko gonzalez de zarate,1200000.0
2023-24,ESP1,real-sociedad-san-sebastian,338424,mikel merino,50000000.0
2023-24,ESP1,real-sociedad-san-sebastian,634431,benat turrientes,20000000.0
2023-24,ESP1,real-sociedad-san-sebastian,625660,jon ander olasagasti,1200000.0
2023-24,ESP1,real-sociedad-san-sebastian,309110,brais mendez,40000000.0
2023-24,ESP1,real-sociedad-san-sebastian,555143,arsen zakharyan,18000000.0
2023-24,ESP1,real-sociedad-san-sebastian,907813,pablo marin,1500000.0
2023-24,ESP1,real-sociedad-san-sebastian,625655,jon magunazelaia,1000000.0
2023-24,ESP1,real-sociedad-san-sebastian,616369,ander barrenetxea,20000000.0
2023-24,ESP1,real-sociedad-san-sebastian,188888,sheraldo becker,10000000.0
2023-24,ESP1,real-sociedad-san-sebastian,289272,martin merquelanz,600000.0
2023-24,ESP1,real-sociedad-san-sebastian,405398,takefusa kubo,50000000.0
2023-24,ESP1,real-sociedad-san-sebastian,670847,mohamed ali cho,10000000.0
2023-24,ESP1,real-sociedad-san-sebastian,563137,robert navarro,6000000.0
2023-24,ESP1,real-sociedad-san-sebastian,434990,alex sola,4000000.0
2023-24,ESP1,real-sociedad-san-sebastian,351478,mikel oyarzabal,45000000.0
2023-24,ESP1,real-sociedad-san-sebastian,337715,umar sadiq,10000000.0
2023-24,ESP1,real-sociedad-san-sebastian,198008,andre silva,6000000.0
2023-24,ESP1,real-sociedad-san-sebastian,711382,jon karrikaburu,2500000.0
2023-24,ESP1,real-sociedad-san-sebastian,216464,carlos fernandez,1500000.0
2023-24,ESP1,real-sociedad-san-sebastian,581113,bryan fiabema,300000.0
2023-24,ESP1,ud-almeria,,Luís Maximiano,5000000.0
2023-24,ESP1,ud-almeria,,Fernando Martínez,700000.0
2023-24,ESP1,ud-almeria,,Diego Mariño,300000.0
2023-24,ESP1,ud-almeria,,Srdjan Babic,4000000.0
2023-24,ESP1,ud-almeria,,Marc Pubill,4000000.0
2023-24,ESP1,ud-almeria,,Edgar González,3000000.0
2023-24,ESP1,ud-almeria,,César Montes,3000000.0
2023-24,ESP1,ud-almeria,,Kaiky,2000000.0
2023-24,ESP1,ud-almeria,,Chumi,2000000.0
2023-24,ESP1,ud-almeria,,Aleksandar Radovanovic,900000.0
2023-24,ESP1,ud-almeria,,Sergio Akieme,7000000.0
2023-24,ESP1,ud-almeria,,Bruno Langa,1500000.0
2023-24,ESP1,ud-almeria,,Álex Centelles,1200000.0
2023-24,ESP1,ud-almeria,,Arvin Appiah,400000.0
2023-24,ESP1,ud-almeria,,Houboulang Mendes,700000.0
2023-24,ESP1,ud-almeria,,Dion Lopy,10000000.0
2023-24,ESP1,ud-almeria,,Lucas Robertone,7000000.0
2023-24,ESP1,ud-almeria,,Iddrisu Baba,2200000.0
2023-24,ESP1,ud-almeria,,Gonzalo Melero,1800000.0
2023-24,ESP1,ud-almeria,,Marcos Peña,1000000.0
2023-24,ESP1,ud-almeria,,Gui Guedes,900000.0
2023-24,ESP1,ud-almeria,,Martin Svidersky,300000.0
2023-24,ESP1,ud-almeria,,Sergio Arribas,10000000.0
2023-24,ESP1,ud-almeria,,Jonathan Viera,1000000.0
2023-24,ESP1,ud-almeria,,Largie Ramazani,5000000.0
2023-24,ESP1,ud-almeria,,Luka Romero,5000000.0
2023-24,ESP1,ud-almeria,,Álex Pozo,2000000.0
2023-24,ESP1,ud-almeria,,Arnau Puigmal,1800000.0
2023-24,ESP1,ud-almeria,,Adrián Embarba,1800000.0
2023-24,ESP1,ud-almeria,,Léo Baptistão,1500000.0
2023-24,ESP1,ud-almeria,,Luis Suárez,3500000.0
2023-24,ESP1,ud-almeria,,Lázaro,3500000.0
2023-24,ESP1,ud-almeria,,Ibrahima Koné,2500000.0
2023-24,ESP1,ud-almeria,,Choco Lozano,1200000.0
2023-24,ESP1,ud-almeria,,Marko Milovanović,900000.0
2023-24,ESP1,ud-almeria,,Marciano Sanca,800000.0
2023-24,ESP1,ud-las-palmas,,Álvaro Valles,12000000.0
2023-24,ESP1,ud-las-palmas,,Aarón Escandell,1000000.0
2023-24,ESP1,ud-las-palmas,,Mika Mármol,15000000.0
2023-24,ESP1,ud-las-palmas,,Saúl Coco,8000000.0
2023-24,ESP1,ud-las-palmas,,Álex Suárez,1200000.0
2023-24,ESP1,ud-las-palmas,,Juanma Herzog,1000000.0
2023-24,ESP1,ud-las-palmas,,Eric Curbelo,800000.0
2023-24,ESP1,ud-las-palmas,,Sergi Cardona,6000000.0
2023-24,ESP1,ud-las-palmas,,Daley Sinkgraven,1000000.0
2023-24,ESP1,ud-las-palmas,,Julián Araujo,8000000.0
2023-24,ESP1,ud-las-palmas,,Marvin Park,2000000.0
2023-24,ESP1,ud-las-palmas,,Álvaro Lemos,700000.0
2023-24,ESP1,ud-las-palmas,,Máximo Perrone,9000000.0
2023-24,ESP1,ud-las-palmas,,Enzo Loiodice,4000000.0
2023-24,ESP1,ud-las-palmas,,Javi Muñoz,3000000.0
2023-24,ESP1,ud-las-palmas,,José Campaña,1500000.0
2023-24,ESP1,ud-las-palmas,,Nuke Mfulu,700000.0
2023-24,ESP1,ud-las-palmas,,Fabio González,500000.0
2023-24,ESP1,ud-las-palmas,,Kirian Rodríguez,12000000.0
2023-24,ESP1,ud-las-palmas,,Jonathan Viera,1000000.0
2023-24,ESP1,ud-las-palmas,,Alberto Moleiro,15000000.0
2023-24,ESP1,ud-las-palmas,,Benito Ramírez,600000.0
2023-24,ESP1,ud-las-palmas,,Munir El Haddadi,2500000.0
2023-24,ESP1,ud-las-palmas,,Pejiño,1200000.0
2023-24,ESP1,ud-las-palmas,,Sandro Ramírez,1500000.0
2023-24,ESP1,ud-las-palmas,,Sory Kaba,1500000.0
2023-24,ESP1,ud-las-palmas,,Marc Cardona,1400000.0
2023-24,ESP1,ud-las-palmas,,Cristian Herrera,300000.0
2024-25,ESP1,athletic-bilbao,262396,unai simon,28000000.0
2024-25,ESP1,athletic-bilbao,625014,julen agirrezabala,15000000.0
2024-25,ESP1,athletic-bilbao,834483,alex padilla,3000000.0
2024-25,ESP1,athletic-bilbao,938722,oier gastesi,150000.0
2024-25,ESP1,athletic-bilbao,524000,dani vivian,40000000.0
2024-25,ESP1,athletic-bilbao,591916,aitor paredes,22000000.0
2024-25,ESP1,athletic-bilbao,255488,yeray alvarez,7000000.0
2024-25,ESP1,athletic-bilbao,338285,unai nunez,3000000.0
2024-25,ESP1,athletic-bilbao,834485,unai egiluz,600000.0
2024-25,ESP1,athletic-bilbao,834488,aimar dunabeitia,150000.0
2024-25,ESP1,athletic-bilbao,1189292,ander izagirre,50000.0
2024-25,ESP1,athletic-bilbao,710671,adama boiro,2500000.0
2024-25,ESP1,athletic-bilbao,61812,yuri berchiche,1400000.0
2024-25,ESP1,athletic-bilbao,289255,andoni gorosabel,5000000.0
2024-25,ESP1,athletic-bilbao,255501,inigo lekue,2000000.0
2024-25,ESP1,athletic-bilbao,96718,oscar de marcos,1500000.0
2024-25,ESP1,athletic-bilbao,300168,mikel vesga,2500000.0
2024-25,ESP1,athletic-bilbao,938729,mikel jauregizar,30000000.0
2024-25,ESP1,athletic-bilbao,625047,benat prados,18000000.0
2024-25,ESP1,athletic-bilbao,126751,inigo ruiz de galarreta,3000000.0
2024-25,ESP1,athletic-bilbao,99343,ander herrera,800000.0
2024-25,ESP1,athletic-bilbao,834491,alejandro rego,300000.0
2024-25,ESP1,athletic-bilbao,571020,oihan sancet,60000000.0
2024-25,ESP1,athletic-bilbao,834752,unai gomez,6000000.0
2024-25,ESP1,athletic-bilbao,1056966,peio canales,1000000.0
2024-25,ESP1,athletic-bilbao,709187,nico williams,70000000.0
2024-25,ESP1,athletic-bilbao,338425,alex berenguer,9000000.0
2024-25,ESP1,athletic-bilbao,671649,alvaro djalo,5000000.0
2024-25,ESP1,athletic-bilbao,668183,nico serrano,1200000.0
2024-25,ESP1,athletic-bilbao,834492,iker varela,300000.0
2024-25,ESP1,athletic-bilbao,255508,inaki williams,15000000.0
2024-25,ESP1,athletic-bilbao,895480,adu ares,1600000.0
2024-25,ESP1,athletic-bilbao,1056971,aingeru olabarrieta,500000.0
2024-25,ESP1,athletic-bilbao,1120228,endika bujan,300000.0
2024-25,ESP1,athletic-bilbao,1054934,maroan sannadi,10000000.0
2024-25,ESP1,athletic-bilbao,340205,gorka guruzeta,9000000.0
2024-25,ESP1,athletic-bilbao,711394,javi marton,500000.0
2024-25,ESP1,atletico-madrid,121483,jan oblak,20000000.0
2024-25,ESP1,atletico-madrid,242359,juan musso,3500000.0
2024-25,ESP1,atletico-madrid,525438,horatiu moldovan,2200000.0
2024-25,ESP1,atletico-madrid,618801,alejandro iturbe,2000000.0
2024-25,ESP1,atletico-madrid,930415,antonio gomis,150000.0
2024-25,ESP1,atletico-madrid,351809,robin le normand,40000000.0
2024-25,ESP1,atletico-madrid,250845,jose maria gimenez,20000000.0
2024-25,ESP1,atletico-madrid,182904,clement lenglet,7500000.0
2024-25,ESP1,atletico-madrid,614988,ilias kostis,500000.0
2024-25,ESP1,atletico-madrid,1158985,geronimo spina,200000.0
2024-25,ESP1,atletico-madrid,240692,reinildo mandava,5000000.0
2024-25,ESP1,atletico-madrid,448628,javi galan,4000000.0
2024-25,ESP1,atletico-madrid,282411,marcos llorente,25000000.0
2024-25,ESP1,atletico-madrid,424042,nahuel molina,20000000.0
2024-25,ESP1,atletico-madrid,953901,santiago mourino,3000000.0
2024-25,ESP1,atletico-madrid,57500,cesar azpilicueta,1500000.0
2024-25,ESP1,atletico-madrid,856136,carlos gimenez,250000.0
2024-25,ESP1,atletico-madrid,926694,arthur vermeeren,22000000.0
2024-25,ESP1,atletico-madrid,35047,axel witsel,2000000.0
2024-25,ESP1,atletico-madrid,775605,pablo barrios,55000000.0
2024-25,ESP1,atletico-madrid,488362,conor gallagher,40000000.0
2024-25,ESP1,atletico-madrid,255901,rodrigo de paul,25000000.0
2024-25,ESP1,atletico-madrid,74229,koke,8000000.0
2024-25,ESP1,atletico-madrid,668177,javi serrano,700000.0
2024-25,ESP1,atletico-madrid,646735,aitor gismera,250000.0
2024-25,ESP1,atletico-madrid,205562,thomas lemar,5000000.0
2024-25,ESP1,atletico-madrid,945500,rayane belaid,600000.0
2024-25,ESP1,atletico-madrid,694928,samuel lino,22000000.0
2024-25,ESP1,atletico-madrid,461617,rodrigo riquelme,12000000.0
2024-25,ESP1,atletico-madrid,548188,german valera,1500000.0
2024-25,ESP1,atletico-madrid,612496,marcos paulo,450000.0
2024-25,ESP1,atletico-madrid,742201,giuliano simeone,35000000.0
2024-25,ESP1,atletico-madrid,618813,carlos martin,2800000.0
2024-25,ESP1,atletico-madrid,505673,victor mollejo,300000.0
2024-25,ESP1,atletico-madrid,125781,antoine griezmann,18000000.0
2024-25,ESP1,atletico-madrid,266807,angel correa,10000000.0
2024-25,ESP1,atletico-madrid,576024,julian alvarez,100000000.0
2024-25,ESP1,atletico-madrid,238407,alexander sorloth,25000000.0
2024-25,ESP1,atletico-madrid,1060454,omar janneh,1000000.0
2024-25,ESP1,atletico-madrid,926849,adrian nino,800000.0
2024-25,ESP1,atletico-madrid,566036,borja garces,300000.0
2024-25,ESP1,ca-osasuna,248738,sergio herrera,3000000.0
2024-25,ESP1,ca-osasuna,118997,aitor fernandez,700000.0
2024-25,ESP1,ca-osasuna,634117,pablo valencia,200000.0
2024-25,ESP1,ca-osasuna,890817,dimitrios stamatakis,200000.0
2024-25,ESP1,ca-osasuna,929864,rafa fernandez,25000.0
2024-25,ESP1,ca-osasuna,541555,enzo boyomo,20000000.0
2024-25,ESP1,ca-osasuna,555500,jorge herrando,4000000.0
2024-25,ESP1,ca-osasuna,449796,alejandro catena,3000000.0
2024-25,ESP1,ca-osasuna,197122,unai garcia,800000.0
2024-25,ESP1,ca-osasuna,718195,ismael sierra,200000.0
2024-25,ESP1,ca-osasuna,658115,abel bretones,4000000.0
2024-25,ESP1,ca-osasuna,169497,juan cruz,1500000.0
2024-25,ESP1,ca-osasuna,488626,jesus areso,12000000.0
2024-25,ESP1,ca-osasuna,216870,nacho vidal,1800000.0
2024-25,ESP1,ca-osasuna,238868,ruben pena,1200000.0
2024-25,ESP1,ca-osasuna,1065442,inigo arguibide,200000.0
2024-25,ESP1,ca-osasuna,213670,lucas torro,3000000.0
2024-25,ESP1,ca-osasuna,710677,iker munoz,3000000.0
2024-25,ESP1,ca-osasuna,552425,jon moncayola,7000000.0
2024-25,ESP1,ca-osasuna,785353,pablo ibanez,2000000.0
2024-25,ESP1,ca-osasuna,1038512,asier osambela,500000.0
2024-25,ESP1,ca-osasuna,941080,jon garcia,300000.0
2024-25,ESP1,ca-osasuna,634131,aimar oroz,15000000.0
2024-25,ESP1,ca-osasuna,175449,moi gomez,2000000.0
2024-25,ESP1,ca-osasuna,471474,javi martinez,800000.0
2024-25,ESP1,ca-osasuna,713644,bryan zaragoza,12000000.0
2024-25,ESP1,ca-osasuna,364603,jose manuel arnaiz,1500000.0
2024-25,ESP1,ca-osasuna,213260,ruben garcia,2000000.0
2024-25,ESP1,ca-osasuna,710679,iker benito,1500000.0
2024-25,ESP1,ca-osasuna,298575,kike barja,1500000.0
2024-25,ESP1,ca-osasuna,46413,ante budimir,5000000.0
2024-25,ESP1,ca-osasuna,631002,raul garcia,3000000.0
2024-25,ESP1,ca-osasuna,1230201,sixtus ogbuehi,200000.0
2024-25,ESP1,ca-osasuna,1065441,carlos lumbreras,150000.0
2024-25,ESP1,cd-leganes,,Juan Soriano,1000000.0
2024-25,ESP1,cd-leganes,,Marko Dmitrovic,800000.0
2024-25,ESP1,cd-leganes,,Alvin Abajas,100000.0
2024-25,ESP1,cd-leganes,,Jackson Porozo,2000000.0
2024-25,ESP1,cd-leganes,,Jorge Sáenz,1500000.0
2024-25,ESP1,cd-leganes,,Sergio González,800000.0
2024-25,ESP1,cd-leganes,,Matija Nastasić,800000.0
2024-25,ESP1,cd-leganes,,Aritz Arambarri,600000.0
2024-25,ESP1,cd-leganes,,Lalo Aguilar,300000.0
2024-25,ESP1,cd-leganes,,Javi Hernández,2500000.0
2024-25,ESP1,cd-leganes,,Enric Franquesa,1500000.0
2024-25,ESP1,cd-leganes,,Borna Barisic,800000.0
2024-25,ESP1,cd-leganes,,Iker Bachiller,25000.0
2024-25,ESP1,cd-leganes,,Valentin Rosier,3000000.0
2024-25,ESP1,cd-leganes,,Adrià Altimira,1500000.0
2024-25,ESP1,cd-leganes,,Joao Urbáez,50000.0
2024-25,ESP1,cd-leganes,,Yvan Neyou,3000000.0
2024-25,ESP1,cd-leganes,,Renato Tapia,2000000.0
2024-25,ESP1,cd-leganes,,Julián Chicco,500000.0
2024-25,ESP1,cd-leganes,,Carlos Guirao,300000.0
2024-25,ESP1,cd-leganes,,Seydouba Cissé,3000000.0
2024-25,ESP1,cd-leganes,,Darko Brasanac,500000.0
2024-25,ESP1,cd-leganes,,Álex Gil,100000.0
2024-25,ESP1,cd-leganes,,Óscar Rodríguez,2000000.0
2024-25,ESP1,cd-leganes,,Roberto López,1000000.0
2024-25,ESP1,cd-leganes,,Juan Cruz,5000000.0
2024-25,ESP1,cd-leganes,,Duk,1000000.0
2024-25,ESP1,cd-leganes,,Munir El Haddadi,1500000.0
2024-25,ESP1,cd-leganes,,Yan Diomande,1500000.0
2024-25,ESP1,cd-leganes,,Naim García,300000.0
2024-25,ESP1,cd-leganes,,Dani Raba,2500000.0
2024-25,ESP1,cd-leganes,,Sébastien Haller,3000000.0
2024-25,ESP1,cd-leganes,,Miguel de la Fuente,2000000.0
2024-25,ESP1,cd-leganes,,Diego García,1500000.0
2024-25,ESP1,celta-vigo,297194,ivan villar,900000.0
2024-25,ESP1,celta-vigo,64399,vicente guaita,700000.0
2024-25,ESP1,celta-vigo,541621,marc vidal,300000.0
2024-25,ESP1,celta-vigo,581640,coke carrillo,200000.0
2024-25,ESP1,celta-vigo,646741,cesar fernandez,200000.0
2024-25,ESP1,celta-vigo,1076815,javi rodriguez,15000000.0
2024-25,ESP1,celta-vigo,258987,carl starfelt,6000000.0
2024-25,ESP1,celta-vigo,636093,carlos dominguez,3000000.0
2024-25,ESP1,celta-vigo,112515,marcos alonso,1500000.0
2024-25,ESP1,celta-vigo,358250,joseph aidoo,1200000.0
2024-25,ESP1,celta-vigo,939374,yoel lago,1000000.0
2024-25,ESP1,celta-vigo,271455,mihailo ristic,900000.0
2024-25,ESP1,celta-vigo,933350,tincho conde,300000.0
2024-25,ESP1,celta-vigo,331505,oscar mingueza,20000000.0
2024-25,ESP1,celta-vigo,545647,sergio carreira,4000000.0
2024-25,ESP1,celta-vigo,162029,javier manquillo,1000000.0
2024-25,ESP1,celta-vigo,715628,damian rodriguez,3000000.0
2024-25,ESP1,celta-vigo,366948,jailson,1000000.0
2024-25,ESP1,celta-vigo,423444,fran beltran,8000000.0
2024-25,ESP1,celta-vigo,617074,ilaix moriba,6000000.0
2024-25,ESP1,celta-vigo,892221,hugo sotelo,4000000.0
2024-25,ESP1,celta-vigo,315762,luca de la torre,2000000.0
2024-25,ESP1,celta-vigo,892932,miguel roman,400000.0
2024-25,ESP1,celta-vigo,1064471,fer lopez,5000000.0
2024-25,ESP1,celta-vigo,892929,hugo alvarez,7500000.0
2024-25,ESP1,celta-vigo,357628,alfon gonzalez,5000000.0
2024-25,ESP1,celta-vigo,764859,williot swedberg,5000000.0
2024-25,ESP1,celta-vigo,292818,jonathan bamba,3500000.0
2024-25,ESP1,celta-vigo,341110,franco cervi,800000.0
2024-25,ESP1,celta-vigo,872184,tadeo allende,2000000.0
2024-25,ESP1,celta-vigo,960571,jones el abdellaoui,1500000.0
2024-25,ESP1,celta-vigo,632741,iker losada,1500000.0
2024-25,ESP1,celta-vigo,523318,anastasios douvikas,10000000.0
2024-25,ESP1,celta-vigo,905997,pablo duran,3500000.0
2024-25,ESP1,celta-vigo,278359,borja iglesias,3000000.0
2024-25,ESP1,celta-vigo,72047,iago aspas,2000000.0
2024-25,ESP1,deportivo-alaves,298197,antonio sivera,6000000.0
2024-25,ESP1,deportivo-alaves,631693,jesus owono,900000.0
2024-25,ESP1,deportivo-alaves,608382,adrian rodriguez,200000.0
2024-25,ESP1,deportivo-alaves,1063990,gregoire swiderski,150000.0
2024-25,ESP1,deportivo-alaves,559979,abdel abqar,7500000.0
2024-25,ESP1,deportivo-alaves,533354,facundo garces,2000000.0
2024-25,ESP1,deportivo-alaves,694509,moussa diarra,1800000.0
2024-25,ESP1,deportivo-alaves,895458,adrian pica,1200000.0
2024-25,ESP1,deportivo-alaves,237499,aleksandar sedlar,300000.0
2024-25,ESP1,deportivo-alaves,892217,eneko ortiz,150000.0
2024-25,ESP1,deportivo-alaves,618809,manu sanchez,6000000.0
2024-25,ESP1,deportivo-alaves,953901,santiago mourino,3000000.0
2024-25,ESP1,deportivo-alaves,533568,nahuel tenaglia,3000000.0
2024-25,ESP1,deportivo-alaves,668276,hugo novoa,1500000.0
2024-25,ESP1,deportivo-alaves,1064391,egoitz munoz,200000.0
2024-25,ESP1,deportivo-alaves,708534,alejandro jay,150000.0
2024-25,ESP1,deportivo-alaves,495621,antonio blanco,10000000.0
2024-25,ESP1,deportivo-alaves,431190,carlos protesoni,1200000.0
2024-25,ESP1,deportivo-alaves,465967,ander guevara,3500000.0
2024-25,ESP1,deportivo-alaves,289257,jon guridi,3000000.0
2024-25,ESP1,deportivo-alaves,284854,carles alena,2500000.0
2024-25,ESP1,deportivo-alaves,263727,joan jordan,2500000.0
2024-25,ESP1,deportivo-alaves,1054933,daouda doumbia,200000.0
2024-25,ESP1,deportivo-alaves,895591,lander pinillos,150000.0
2024-25,ESP1,deportivo-alaves,401571,tomas conechny,1800000.0
2024-25,ESP1,deportivo-alaves,718034,abde rebbach,700000.0
2024-25,ESP1,deportivo-alaves,540536,carlos vicente,10000000.0
2024-25,ESP1,deportivo-alaves,769063,luka romero,4000000.0
2024-25,ESP1,deportivo-alaves,618813,carlos martin,2800000.0
2024-25,ESP1,deportivo-alaves,278837,luis rioja,2000000.0
2024-25,ESP1,deportivo-alaves,834756,julen lartitegi,50000.0
2024-25,ESP1,deportivo-alaves,271021,stoichkov,1500000.0
2024-25,ESP1,deportivo-alaves,1064871,joaquin panichelli,7000000.0
2024-25,ESP1,deportivo-alaves,302371,toni martinez,2500000.0
2024-25,ESP1,deportivo-alaves,251897,asier villalibre,1200000.0
2024-25,ESP1,deportivo-alaves,93936,kike garcia,900000.0
2024-25,ESP1,deportivo-alaves,1063553,pau cabanes,800000.0
2024-25,ESP1,espanyol-barcelona,561613,joan garcia,25000000.0
2024-25,ESP1,espanyol-barcelona,172015,fernando pacheco,800000.0
2024-25,ESP1,espanyol-barcelona,628487,angel fortuno,300000.0
2024-25,ESP1,espanyol-barcelona,605528,pol tristan,100000.0
2024-25,ESP1,espanyol-barcelona,1141128,llorenc serred,25000.0
2024-25,ESP1,espanyol-barcelona,371371,marash kumbulla,7500000.0
2024-25,ESP1,espanyol-barcelona,357884,fernando calero,1500000.0
2024-25,ESP1,espanyol-barcelona,102423,leandro cabrera,1000000.0
2024-25,ESP1,espanyol-barcelona,92947,sergi gomez,600000.0
2024-25,ESP1,espanyol-barcelona,1060821,jose luis catala,150000.0
2024-25,ESP1,espanyol-barcelona,629511,pablo ramon,100000.0
2024-25,ESP1,espanyol-barcelona,709372,carlos romero,5000000.0
2024-25,ESP1,espanyol-barcelona,166677,brian olivan,1800000.0
2024-25,ESP1,espanyol-barcelona,1204959,roger hinojo,50000.0
2024-25,ESP1,espanyol-barcelona,822331,omar el hilali,15000000.0
2024-25,ESP1,espanyol-barcelona,290273,alvaro tejero,1800000.0
2024-25,ESP1,espanyol-barcelona,1258838,jose angel lopez,150000.0
2024-25,ESP1,espanyol-barcelona,625651,urko gonzalez de zarate,5000000.0
2024-25,ESP1,espanyol-barcelona,337333,alex kral,6000000.0
2024-25,ESP1,espanyol-barcelona,412045,pol lozano,5000000.0
2024-25,ESP1,espanyol-barcelona,506248,edu exposito,3000000.0
2024-25,ESP1,espanyol-barcelona,557147,jose gragera,2000000.0
2024-25,ESP1,espanyol-barcelona,449496,alvaro aguado,1800000.0
2024-25,ESP1,espanyol-barcelona,904712,justin smith,300000.0
2024-25,ESP1,espanyol-barcelona,1178721,rafel bauza,200000.0
2024-25,ESP1,espanyol-barcelona,408471,javi puado,10000000.0
2024-25,ESP1,espanyol-barcelona,508639,naci unuvar,2000000.0
2024-25,ESP1,espanyol-barcelona,225593,pere milla,1200000.0
2024-25,ESP1,espanyol-barcelona,946269,alex almansa,200000.0
2024-25,ESP1,espanyol-barcelona,628498,jofre carreras,3000000.0
2024-25,ESP1,espanyol-barcelona,342226,irvin cardona,2500000.0
2024-25,ESP1,espanyol-barcelona,834744,antoniu roca,1800000.0
2024-25,ESP1,espanyol-barcelona,246204,salvi sanchez,600000.0
2024-25,ESP1,espanyol-barcelona,720518,roberto fernandez,6000000.0
2024-25,ESP1,espanyol-barcelona,888493,alejo veliz,2500000.0
2024-25,ESP1,espanyol-barcelona,521407,walid cheddira,2500000.0
2024-25,ESP1,espanyol-barcelona,869458,omar sadik,500000.0
2024-25,ESP1,fc-barcelona,74857,marc ter stegen,12000000.0
2024-25,ESP1,fc-barcelona,283170,inaki pena,8000000.0
2024-25,ESP1,fc-barcelona,44058,wojciech szczesny,1000000.0
2024-25,ESP1,fc-barcelona,709955,ander astralaga,800000.0
2024-25,ESP1,fc-barcelona,938144,diego kochen,500000.0
2024-25,ESP1,fc-barcelona,938145,aron yaakobishvili,300000.0
2024-25,ESP1,fc-barcelona,962110,pau cubarsi,80000000.0
2024-25,ESP1,fc-barcelona,480267,ronald araujo,35000000.0
2024-25,ESP1,fc-barcelona,466794,eric garcia,18000000.0
2024-25,ESP1,fc-barcelona,196948,andreas christensen,12000000.0
2024-25,ESP1,fc-barcelona,705395,gerard martin,12000000.0
2024-25,ESP1,fc-barcelona,158863,inigo martinez,5000000.0
2024-25,ESP1,fc-barcelona,741258,sergi dominguez,1000000.0
2024-25,ESP1,fc-barcelona,938150,alexis olmedo,200000.0
2024-25,ESP1,fc-barcelona,962111,andres cuenca,200000.0
2024-25,ESP1,fc-barcelona,924610,alvaro cortes,150000.0
2024-25,ESP1,fc-barcelona,636688,alejandro balde,60000000.0
2024-25,ESP1,fc-barcelona,709957,alex valle,6000000.0
2024-25,ESP1,fc-barcelona,411975,jules kounde,65000000.0
2024-25,ESP1,fc-barcelona,937955,hector fort,10000000.0
2024-25,ESP1,fc-barcelona,938148,landry farre,300000.0
2024-25,ESP1,fc-barcelona,636695,marc casado,30000000.0
2024-25,ESP1,fc-barcelona,1018920,marc bernal,5000000.0
2024-25,ESP1,fc-barcelona,683840,pedri,140000000.0
2024-25,ESP1,fc-barcelona,646740,gavi,60000000.0
2024-25,ESP1,fc-barcelona,326330,frenkie de jong,45000000.0
2024-25,ESP1,fc-barcelona,1050120,guille fernandez,3000000.0
2024-25,ESP1,fc-barcelona,293385,dani olmo,60000000.0
2024-25,ESP1,fc-barcelona,636703,fermin lopez,50000000.0
2024-25,ESP1,fc-barcelona,720038,pablo torre,6000000.0
2024-25,ESP1,fc-barcelona,1066206,toni fernandez,3000000.0
2024-25,ESP1,fc-barcelona,897480,noah darvich,2000000.0
2024-25,ESP1,fc-barcelona,411295,raphinha,90000000.0
2024-25,ESP1,fc-barcelona,466810,ansu fati,5000000.0
2024-25,ESP1,fc-barcelona,937958,lamine yamal,200000000.0
2024-25,ESP1,fc-barcelona,834470,dani rodriguez,200000.0
2024-25,ESP1,fc-barcelona,398184,ferran torres,40000000.0
2024-25,ESP1,fc-barcelona,38253,robert lewandowski,12000000.0
2024-25,ESP1,fc-barcelona,707572,pau victor,4000000.0
2024-25,ESP1,fc-getafe,,David Soria,3000000.0
2024-25,ESP1,fc-getafe,,Jiri Letacek,2000000.0
2024-25,ESP1,fc-getafe,,Jorge Benito,25000.0
2024-25,ESP1,fc-getafe,,Omar Alderete,8000000.0
2024-25,ESP1,fc-getafe,,Dakonam Djené,1800000.0
2024-25,ESP1,fc-getafe,,Juan Berrocal,1500000.0
2024-25,ESP1,fc-getafe,,Domingos Duarte,800000.0
2024-25,ESP1,fc-getafe,,Nabil Aberdin,700000.0
2024-25,ESP1,fc-getafe,,Luca Lohr,150000.0
2024-25,ESP1,fc-getafe,,Guillem Trilla,25000.0
2024-25,ESP1,fc-getafe,,Juan Bernat,2000000.0
2024-25,ESP1,fc-getafe,,Diego Rico,1200000.0
2024-25,ESP1,fc-getafe,,David Argüelles,100000.0
2024-25,ESP1,fc-getafe,,Gorka Rivera,100000.0
2024-25,ESP1,fc-getafe,,Juan Iglesias,3500000.0
2024-25,ESP1,fc-getafe,,Allan Nyom,300000.0
2024-25,ESP1,fc-getafe,,Ismael Bekhoucha,300000.0
2024-25,ESP1,fc-getafe,,Mauro Arambarri,12000000.0
2024-25,ESP1,fc-getafe,,Ramón Terrats,4000000.0
2024-25,ESP1,fc-getafe,,Luis Milla,3500000.0
2024-25,ESP1,fc-getafe,,Carles Aleñá,2500000.0
2024-25,ESP1,fc-getafe,,John Patrick,1200000.0
2024-25,ESP1,fc-getafe,,Yellu Santiago,900000.0
2024-25,ESP1,fc-getafe,,Alberto Risco,200000.0
2024-25,ESP1,fc-getafe,,Coba da Costa,3000000.0
2024-25,ESP1,fc-getafe,,Juanmi,2000000.0
2024-25,ESP1,fc-getafe,,Abdoulaye Keita,200000.0
2024-25,ESP1,fc-getafe,,Álex Sola,2500000.0
2024-25,ESP1,fc-getafe,,Carles Pérez,2000000.0
2024-25,ESP1,fc-getafe,,Peter Federico,1200000.0
2024-25,ESP1,fc-getafe,,Christantus Uche,15000000.0
2024-25,ESP1,fc-getafe,,Borja Mayoral,7500000.0
2024-25,ESP1,fc-getafe,,Álvaro Rodríguez,2500000.0
2024-25,ESP1,fc-getafe,,Bertuğ Yıldırım,2000000.0
2024-25,ESP1,fc-girona,,Pau López,2500000.0
2024-25,ESP1,fc-girona,,Paulo Gazzaniga,2500000.0
2024-25,ESP1,fc-girona,,Vladyslav Krapyvtsov,200000.0
2024-25,ESP1,fc-girona,,Juan Carlos,100000.0
2024-25,ESP1,fc-girona,,Ladislav Krejci,12000000.0
2024-25,ESP1,fc-girona,,Alejandro Francés,2000000.0
2024-25,ESP1,fc-girona,,Daley Blind,1500000.0
2024-25,ESP1,fc-girona,,David López,1000000.0
2024-25,ESP1,fc-girona,,Juanpe,600000.0
2024-25,ESP1,fc-girona,,Miguel Gutiérrez,20000000.0
2024-25,ESP1,fc-girona,,Arnau Martínez,10000000.0
2024-25,ESP1,fc-girona,,Arthur Melo,5000000.0
2024-25,ESP1,fc-girona,,Oriol Romeu,1200000.0
2024-25,ESP1,fc-girona,,Selvi Clua,300000.0
2024-25,ESP1,fc-girona,,Yangel Herrera,15000000.0
2024-25,ESP1,fc-girona,,Iván Martín,6000000.0
2024-25,ESP1,fc-girona,,Donny van de Beek,5000000.0
2024-25,ESP1,fc-girona,,Jhon Solís,2500000.0
2024-25,ESP1,fc-girona,,Gabriel Misehouy,1000000.0
2024-25,ESP1,fc-girona,,Bryan Gil,15000000.0
2024-25,ESP1,fc-girona,,Arnaut Danjuma,4000000.0
2024-25,ESP1,fc-girona,,Joel Roca,1000000.0
2024-25,ESP1,fc-girona,,Toni Villa,800000.0
2024-25,ESP1,fc-girona,,Min-su Kim,300000.0
2024-25,ESP1,fc-girona,,Viktor Tsygankov,18000000.0
2024-25,ESP1,fc-girona,,Yáser Asprilla,15000000.0
2024-25,ESP1,fc-girona,,Portu,1800000.0
2024-25,ESP1,fc-girona,,Iker Almena,1300000.0
2024-25,ESP1,fc-girona,,Abel Ruiz,4000000.0
2024-25,ESP1,fc-girona,,Bojan Miovski,2500000.0
2024-25,ESP1,fc-girona,,Cristhian Stuani,1000000.0
2024-25,ESP1,fc-sevilla,,Álvaro Ferllo,2000000.0
2024-25,ESP1,fc-sevilla,,Ørjan Nyland,900000.0
2024-25,ESP1,fc-sevilla,,Alberto Flores,300000.0
2024-25,ESP1,fc-sevilla,,Matías Árbol,100000.0
2024-25,ESP1,fc-sevilla,,Loïc Badé,25000000.0
2024-25,ESP1,fc-sevilla,,Kike Salas,8000000.0
2024-25,ESP1,fc-sevilla,,Marcão,2000000.0
2024-25,ESP1,fc-sevilla,,Tanguy Nianzou,1500000.0
2024-25,ESP1,fc-sevilla,,Ramón Martínez,1000000.0
2024-25,ESP1,fc-sevilla,,Andrés Castrín,250000.0
2024-25,ESP1,fc-sevilla,,Adrià Pedrosa,7000000.0
2024-25,ESP1,fc-sevilla,,Diego Hormigo,300000.0
2024-25,ESP1,fc-sevilla,,José Ángel Carmona,12000000.0
2024-25,ESP1,fc-sevilla,,Juanlu Sánchez,12000000.0
2024-25,ESP1,fc-sevilla,,Gonzalo Montiel,5000000.0
2024-25,ESP1,fc-sevilla,,Darío Benavides,300000.0
2024-25,ESP1,fc-sevilla,,Lucien Agoumé,8000000.0
2024-25,ESP1,fc-sevilla,,Nemanja Gudelj,3000000.0
2024-25,ESP1,fc-sevilla,,Valentín Barco,12000000.0
2024-25,ESP1,fc-sevilla,,Albert Sambi Lokonga,8000000.0
2024-25,ESP1,fc-sevilla,,Djibril Sow,7500000.0
2024-25,ESP1,fc-sevilla,,Saúl Ñíguez,3000000.0
2024-25,ESP1,fc-sevilla,,Manu Bueno,1500000.0
2024-25,ESP1,fc-sevilla,,Pedro Ortiz,600000.0
2024-25,ESP1,fc-sevilla,,Pablo Rivera,200000.0
2024-25,ESP1,fc-sevilla,,Alberto Collado,200000.0
2024-25,ESP1,fc-sevilla,,Lulo Dasilva,150000.0
2024-25,ESP1,fc-sevilla,,Stanis Idumbo,2500000.0
2024-25,ESP1,fc-sevilla,,Rubén Vargas,7000000.0
2024-25,ESP1,fc-sevilla,,Lucas Ocampos,6000000.0
2024-25,ESP1,fc-sevilla,,Chidera Ejuke,4000000.0
2024-25,ESP1,fc-sevilla,,Isra Domínguez,200000.0
2024-25,ESP1,fc-sevilla,,Oso,200000.0
2024-25,ESP1,fc-sevilla,,Dodi Lukébakio,20000000.0
2024-25,ESP1,fc-sevilla,,Suso,1500000.0
2024-25,ESP1,fc-sevilla,,Peque Fernández,3500000.0
2024-25,ESP1,fc-sevilla,,Isaac Romero,6000000.0
2024-25,ESP1,fc-sevilla,,Akor Adams,5000000.0
2024-25,ESP1,fc-sevilla,,Kelechi Iheanacho,4500000.0
2024-25,ESP1,fc-sevilla,,Álvaro García Pascual,1000000.0
2024-25,ESP1,fc-sevilla,,Mateo Mejía,400000.0
2024-25,ESP1,fc-sevilla,,Leandro Antonetti,300000.0
2024-25,ESP1,fc-valencia,,Giorgi Mamardashvili,30000000.0
2024-25,ESP1,fc-valencia,,Stole Dimitrievski,2500000.0
2024-25,ESP1,fc-valencia,,Jaume Doménech,400000.0
2024-25,ESP1,fc-valencia,,Vicent Abril,200000.0
2024-25,ESP1,fc-valencia,,Cristhian Mosquera,30000000.0
2024-25,ESP1,fc-valencia,,César Tárrega,10000000.0
2024-25,ESP1,fc-valencia,,Yarek Gasiorowski,7500000.0
2024-25,ESP1,fc-valencia,,Mouctar Diakhaby,2000000.0
2024-25,ESP1,fc-valencia,,Cenk Özkacar,1200000.0
2024-25,ESP1,fc-valencia,,Maximiliano Caufriez,1000000.0
2024-25,ESP1,fc-valencia,,Rubén Iranzo,300000.0
2024-25,ESP1,fc-valencia,,Álex Serradell,150000.0
2024-25,ESP1,fc-valencia,,Iker Córdoba,100000.0
2024-25,ESP1,fc-valencia,,José Gayà,9000000.0
2024-25,ESP1,fc-valencia,,Jesús Vázquez,3000000.0
2024-25,ESP1,fc-valencia,,Ro Abajas,100000.0
2024-25,ESP1,fc-valencia,,Max Aarons,6000000.0
2024-25,ESP1,fc-valencia,,Thierry Correia,3000000.0
2024-25,ESP1,fc-valencia,,Dimitri Foulquier,1500000.0
2024-25,ESP1,fc-valencia,,Enzo Barrenechea,10000000.0
2024-25,ESP1,fc-valencia,,Pepelu,9000000.0
2024-25,ESP1,fc-valencia,,Hugo Guillamón,2500000.0
2024-25,ESP1,fc-valencia,,Javi Guerra,25000000.0
2024-25,ESP1,fc-valencia,,Pedro Alemañ,200000.0
2024-25,ESP1,fc-valencia,,Lucas Núñez,25000.0
2024-25,ESP1,fc-valencia,,André Almeida,10000000.0
2024-25,ESP1,fc-valencia,,Iván Jaime,5000000.0
2024-25,ESP1,fc-valencia,,Germán Valera,1500000.0
2024-25,ESP1,fc-valencia,,Sergi Canós,1000000.0
2024-25,ESP1,fc-valencia,,Martín Tejón,500000.0
2024-25,ESP1,fc-valencia,,Warren Madrigal,400000.0
2024-25,ESP1,fc-valencia,,Pablo López,50000.0
2024-25,ESP1,fc-valencia,,Diego López,15000000.0
2024-25,ESP1,fc-valencia,,Fran Pérez,3000000.0
2024-25,ESP1,fc-valencia,,Luis Rioja,2000000.0
2024-25,ESP1,fc-valencia,,David Otorbi,500000.0
2024-25,ESP1,fc-valencia,,Hamza Bellari,100000.0
2024-25,ESP1,fc-valencia,,Ismael Santana,25000.0
2024-25,ESP1,fc-valencia,,Hugo Duro,14000000.0
2024-25,ESP1,fc-valencia,,Umar Sadiq,5000000.0
2024-25,ESP1,fc-valencia,,Dani Gómez,1000000.0
2024-25,ESP1,fc-valencia,,Alberto Marí,1000000.0
2024-25,ESP1,fc-valencia,,Rafa Mir,800000.0
2024-25,ESP1,fc-villarreal,712107,luiz junior,10000000.0
2024-25,ESP1,fc-villarreal,341713,diego conde,7500000.0
2024-25,ESP1,fc-villarreal,547248,iker alvarez,800000.0
2024-25,ESP1,fc-villarreal,709336,ruben gomez,100000.0
2024-25,ESP1,fc-villarreal,484988,logan costa,18000000.0
2024-25,ESP1,fc-villarreal,480763,juan foyth,15000000.0
2024-25,ESP1,fc-villarreal,780630,willy kambwala,4000000.0
2024-25,ESP1,fc-villarreal,1061336,pau navarro,3000000.0
2024-25,ESP1,fc-villarreal,286384,eric bailly,2000000.0
2024-25,ESP1,fc-villarreal,15452,raul albiol,1000000.0
2024-25,ESP1,fc-villarreal,886047,antonio espigares,500000.0
2024-25,ESP1,fc-villarreal,1305564,jean ives valou,200000.0
2024-25,ESP1,fc-villarreal,678406,sergi cardona,10000000.0
2024-25,ESP1,fc-villarreal,356197,alfonso pedraza,2500000.0
2024-25,ESP1,fc-villarreal,126719,juan bernat,2000000.0
2024-25,ESP1,fc-villarreal,636697,arnau sola,400000.0
2024-25,ESP1,fc-villarreal,76467,kiko femenia,900000.0
2024-25,ESP1,fc-villarreal,485963,pape gueye,15000000.0
2024-25,ESP1,fc-villarreal,380598,santi comesana,8000000.0
2024-25,ESP1,fc-villarreal,783396,ramon terrats,4000000.0
2024-25,ESP1,fc-villarreal,59561,dani parejo,1500000.0
2024-25,ESP1,fc-villarreal,945709,dani requena,400000.0
2024-25,ESP1,fc-villarreal,1030425,thiago ojeda,250000.0
2024-25,ESP1,fc-villarreal,1249340,alassane diatta,200000.0
2024-25,ESP1,fc-villarreal,165007,denis suarez,1200000.0
2024-25,ESP1,fc-villarreal,548111,alex baena,55000000.0
2024-25,ESP1,fc-villarreal,568157,yeremy pino,30000000.0
2024-25,ESP1,fc-villarreal,355861,arnaut danjuma,4000000.0
2024-25,ESP1,fc-villarreal,709969,ilias akhomach,15000000.0
2024-25,ESP1,fc-villarreal,638793,tajon buchanan,6000000.0
2024-25,ESP1,fc-villarreal,343052,nicolas pepe,6000000.0
2024-25,ESP1,fc-villarreal,937941,thierno barry,20000000.0
2024-25,ESP1,fc-villarreal,246968,ayoze perez,10000000.0
2024-25,ESP1,fc-villarreal,1038950,karl etta eyong,5000000.0
2024-25,ESP1,fc-villarreal,177467,gerard moreno,4000000.0
2024-25,ESP1,fc-villarreal,1063553,pau cabanes,800000.0
2024-25,ESP1,rayo-vallecano,,Augusto Batalla,6000000.0
2024-25,ESP1,rayo-vallecano,,Dani Cárdenas,1800000.0
2024-25,ESP1,rayo-vallecano,,Miguel Morro,300000.0
2024-25,ESP1,rayo-vallecano,,Abdul Mumin,5000000.0
2024-25,ESP1,rayo-vallecano,,Florian Lejeune,2500000.0
2024-25,ESP1,rayo-vallecano,,Pelayo Fernández,500000.0
2024-25,ESP1,rayo-vallecano,,Aridane Hernández,300000.0
2024-25,ESP1,rayo-vallecano,,Pep Chavarría,5000000.0
2024-25,ESP1,rayo-vallecano,,Alfonso Espino,1200000.0
2024-25,ESP1,rayo-vallecano,,Andrei Rațiu,12000000.0
2024-25,ESP1,rayo-vallecano,,Iván Balliu,1400000.0
2024-25,ESP1,rayo-vallecano,,Gerard Gumbau,1500000.0
2024-25,ESP1,rayo-vallecano,,Pedro Díaz,3000000.0
2024-25,ESP1,rayo-vallecano,,Unai López,2500000.0
2024-25,ESP1,rayo-vallecano,,Óscar Valentín,2500000.0
2024-25,ESP1,rayo-vallecano,,Pathé Ciss,2000000.0
2024-25,ESP1,rayo-vallecano,,Diego Méndez,100000.0
2024-25,ESP1,rayo-vallecano,,James Rodríguez,2500000.0
2024-25,ESP1,rayo-vallecano,,Randy Nteka,1500000.0
2024-25,ESP1,rayo-vallecano,,Joni Montiel,800000.0
2024-25,ESP1,rayo-vallecano,,Óscar Trejo,500000.0
2024-25,ESP1,rayo-vallecano,,Álvaro García,2000000.0
2024-25,ESP1,rayo-vallecano,,Jorge de Frutos,4000000.0
2024-25,ESP1,rayo-vallecano,,Adrián Embarba,1200000.0
2024-25,ESP1,rayo-vallecano,,Isi Palazón,3500000.0
2024-25,ESP1,rayo-vallecano,,Sergio Camello,3000000.0
2024-25,ESP1,rayo-vallecano,,Raúl de Tomás,700000.0
2024-25,ESP1,rayo-vallecano,,Sergi Guardiola,500000.0
2024-25,ESP1,rayo-vallecano,,Etienne Eto'o,200000.0
2024-25,ESP1,rcd-mallorca,316884,dominik greif,6000000.0
2024-25,ESP1,rcd-mallorca,562742,leo roman,5000000.0
2024-25,ESP1,rcd-mallorca,27493,ivan cuellar,100000.0
2024-25,ESP1,rcd-mallorca,632913,pere garcia,50000.0
2024-25,ESP1,rcd-mallorca,277384,martin valjent,6000000.0
2024-25,ESP1,rcd-mallorca,520840,jose copete,3000000.0
2024-25,ESP1,rcd-mallorca,400131,siebe van der heyden,2500000.0
2024-25,ESP1,rcd-mallorca,278296,antonio raillo,1800000.0
2024-25,ESP1,rcd-mallorca,947431,david lopez,500000.0
2024-25,ESP1,rcd-mallorca,945702,sebastian wade,25000.0
2024-25,ESP1,rcd-mallorca,262939,johan mojica,2000000.0
2024-25,ESP1,rcd-mallorca,320271,toni lato,1800000.0
2024-25,ESP1,rcd-mallorca,251876,pablo maffeo,5000000.0
2024-25,ESP1,rcd-mallorca,388513,mateu morey,800000.0
2024-25,ESP1,rcd-mallorca,657430,samu costa,15000000.0
2024-25,ESP1,rcd-mallorca,142031,omar mascarell,900000.0
2024-25,ESP1,rcd-mallorca,142021,sergi darder,4000000.0
2024-25,ESP1,rcd-mallorca,335225,manu morlanes,2500000.0
2024-25,ESP1,rcd-mallorca,513031,antonio sanchez,2500000.0
2024-25,ESP1,rcd-mallorca,1063574,jan salas,100000.0
2024-25,ESP1,rcd-mallorca,139435,dani rodriguez,800000.0
2024-25,ESP1,rcd-mallorca,695454,chiquinho,2000000.0
2024-25,ESP1,rcd-mallorca,706138,javi llabres,800000.0
2024-25,ESP1,rcd-mallorca,563137,robert navarro,6000000.0
2024-25,ESP1,rcd-mallorca,245744,takuma asano,2500000.0
2024-25,ESP1,rcd-mallorca,331496,valery fernandez,2000000.0
2024-25,ESP1,rcd-mallorca,857830,daniel luna,500000.0
2024-25,ESP1,rcd-mallorca,256267,vedat muriqi,5000000.0
2024-25,ESP1,rcd-mallorca,343463,cyle larin,3500000.0
2024-25,ESP1,rcd-mallorca,177452,abdon prats,1200000.0
2024-25,ESP1,rcd-mallorca,1296876,marc domenech,1000000.0
2024-25,ESP1,real-betis-sevilla,,Rui Silva,7000000.0
2024-25,ESP1,real-betis-sevilla,,Fran Vieites,2000000.0
2024-25,ESP1,real-betis-sevilla,,Adrián San Miguel,500000.0
2024-25,ESP1,real-betis-sevilla,,Guilherme Fernandes,150000.0
2024-25,ESP1,real-betis-sevilla,,Germán García,50000.0
2024-25,ESP1,real-betis-sevilla,,Natan,9000000.0
2024-25,ESP1,real-betis-sevilla,,Diego Llorente,6000000.0
2024-25,ESP1,real-betis-sevilla,,Nobel Mendy,4000000.0
2024-25,ESP1,real-betis-sevilla,,Marc Bartra,1000000.0
2024-25,ESP1,real-betis-sevilla,,Sergio Arribas,400000.0
2024-25,ESP1,real-betis-sevilla,,Rudy Kohon,400000.0
2024-25,ESP1,real-betis-sevilla,,Romain Perraud,5000000.0
2024-25,ESP1,real-betis-sevilla,,Ricardo Rodríguez,2000000.0
2024-25,ESP1,real-betis-sevilla,,Lucas Alcázar,300000.0
2024-25,ESP1,real-betis-sevilla,,Xavi Pleguezuelo,100000.0
2024-25,ESP1,real-betis-sevilla,,Ángel Ortiz,2500000.0
2024-25,ESP1,real-betis-sevilla,,Héctor Bellerín,2000000.0
2024-25,ESP1,real-betis-sevilla,,Youssouf Sabaly,1800000.0
2024-25,ESP1,real-betis-sevilla,,Pablo Busto,300000.0
2024-25,ESP1,real-betis-sevilla,,Sergi Altimira,15000000.0
2024-25,ESP1,real-betis-sevilla,,Marc Roca,6000000.0
2024-25,ESP1,real-betis-sevilla,,William Carvalho,1500000.0
2024-25,ESP1,real-betis-sevilla,,Carlos Guirao,300000.0
2024-25,ESP1,real-betis-sevilla,,Johnny Cardoso,25000000.0
2024-25,ESP1,real-betis-sevilla,,Pablo Fornals,6000000.0
2024-25,ESP1,real-betis-sevilla,,Mateo Flores,1000000.0
2024-25,ESP1,real-betis-sevilla,,Giovani Lo Celso,15000000.0
2024-25,ESP1,real-betis-sevilla,,Nabil Fekir,7000000.0
2024-25,ESP1,real-betis-sevilla,,Isco,6000000.0
2024-25,ESP1,real-betis-sevilla,,Dani Pérez,500000.0
2024-25,ESP1,real-betis-sevilla,,Carlos Reina,300000.0
2024-25,ESP1,real-betis-sevilla,,Assane Diao,30000000.0
2024-25,ESP1,real-betis-sevilla,,Jesús Rodríguez,30000000.0
2024-25,ESP1,real-betis-sevilla,,Abde Ezzalzouli,12000000.0
2024-25,ESP1,real-betis-sevilla,,Juanmi,2000000.0
2024-25,ESP1,real-betis-sevilla,,Antony,35000000.0
2024-25,ESP1,real-betis-sevilla,,Pablo García,5000000.0
2024-25,ESP1,real-betis-sevilla,,Aitor Ruibal,3500000.0
2024-25,ESP1,real-betis-sevilla,,Rodri Sánchez,2700000.0
2024-25,ESP1,real-betis-sevilla,,Iker Losada,1500000.0
2024-25,ESP1,real-betis-sevilla,,Vitor Roque,20000000.0
2024-25,ESP1,real-betis-sevilla,,Cucho Hernández,18000000.0
2024-25,ESP1,real-betis-sevilla,,Chimy Ávila,2000000.0
2024-25,ESP1,real-betis-sevilla,,Cédric Bakambu,1500000.0
2024-25,ESP1,real-betis-sevilla,,Marcos Fernández,400000.0
2024-25,ESP1,real-madrid,108390,thibaut courtois,20000000.0
2024-25,ESP1,real-madrid,404839,andriy lunin,18000000.0
2024-25,ESP1,real-madrid,1055220,fran gonzalez,400000.0
2024-25,ESP1,real-madrid,973314,sergio mestre,50000.0
2024-25,ESP1,real-madrid,890290,dean huijsen,60000000.0
2024-25,ESP1,real-madrid,935245,raul asencio,40000000.0
2024-25,ESP1,real-madrid,401530,eder militao,30000000.0
2024-25,ESP1,real-madrid,86202,antonio rudiger,20000000.0
2024-25,ESP1,real-madrid,59016,david alaba,6000000.0
2024-25,ESP1,real-madrid,948278,jacobo ramon,1000000.0
2024-25,ESP1,real-madrid,1208520,diego aguado,1000000.0
2024-25,ESP1,real-madrid,251896,jesus vallejo,1000000.0
2024-25,ESP1,real-madrid,1186245,victor valdepenas,500000.0
2024-25,ESP1,real-madrid,1176520,mario rivas,300000.0
2024-25,ESP1,real-madrid,341264,fran garcia,18000000.0
2024-25,ESP1,real-madrid,291417,ferland mendy,14000000.0
2024-25,ESP1,real-madrid,741289,youssef enriquez,500000.0
2024-25,ESP1,real-madrid,314353,trent alexander arnold,75000000.0
2024-25,ESP1,real-madrid,138927,daniel carvajal,8000000.0
2024-25,ESP1,real-madrid,221316,lucas vazquez,3000000.0
2024-25,ESP1,real-madrid,935281,david jimenez,400000.0
2024-25,ESP1,real-madrid,937950,jesus fortea,200000.0
2024-25,ESP1,real-madrid,709997,lorenzo aguado,100000.0
2024-25,ESP1,real-madrid,413112,aurelien tchouameni,75000000.0
2024-25,ESP1,real-madrid,948273,mario martin,1500000.0
2024-25,ESP1,real-madrid,948279,chema andres,800000.0
2024-25,ESP1,real-madrid,369081,federico valverde,130000000.0
2024-25,ESP1,real-madrid,640428,eduardo camavinga,60000000.0
2024-25,ESP1,real-madrid,319745,dani ceballos,10000000.0
2024-25,ESP1,real-madrid,27992,luka modric,4000000.0
2024-25,ESP1,real-madrid,581678,jude bellingham,180000000.0
2024-25,ESP1,real-madrid,861410,arda guler,45000000.0
2024-25,ESP1,real-madrid,741293,pol fortuny,400000.0
2024-25,ESP1,real-madrid,371998,vinicius junior,170000000.0
2024-25,ESP1,real-madrid,935231,victor munoz,1000000.0
2024-25,ESP1,real-madrid,948260,hugo de llanos,200000.0
2024-25,ESP1,real-madrid,412363,rodrygo,90000000.0
2024-25,ESP1,real-madrid,314678,brahim diaz,40000000.0
2024-25,ESP1,real-madrid,962124,daniel yanez,150000.0
2024-25,ESP1,real-madrid,342229,kylian mbappe,180000000.0
2024-25,ESP1,real-madrid,971570,endrick,35000000.0
2024-25,ESP1,real-madrid,935230,gonzalo garcia,8000000.0
2024-25,ESP1,real-sociedad-san-sebastian,212862,alex remiro,18000000.0
2024-25,ESP1,real-sociedad-san-sebastian,625657,unai marrero,600000.0
2024-25,ESP1,real-sociedad-san-sebastian,668313,aitor fraga,500000.0
2024-25,ESP1,real-sociedad-san-sebastian,711367,egoitz arana,50000.0
2024-25,ESP1,real-sociedad-san-sebastian,361914,nayef aguerd,18000000.0
2024-25,ESP1,real-sociedad-san-sebastian,355628,igor zubeldia,12000000.0
2024-25,ESP1,real-sociedad-san-sebastian,1018938,jon martin,8000000.0
2024-25,ESP1,real-sociedad-san-sebastian,580560,jon pacheco,6000000.0
2024-25,ESP1,real-sociedad-san-sebastian,229804,aritz elustondo,3000000.0
2024-25,ESP1,real-sociedad-san-sebastian,964190,luken beitia,300000.0
2024-25,ESP1,real-sociedad-san-sebastian,366930,sergio gomez,20000000.0
2024-25,ESP1,real-sociedad-san-sebastian,568158,javi lopez,7500000.0
2024-25,ESP1,real-sociedad-san-sebastian,517842,aihen munoz,4000000.0
2024-25,ESP1,real-sociedad-san-sebastian,711380,jon balda,300000.0
2024-25,ESP1,real-sociedad-san-sebastian,661145,jon aramburu,15000000.0
2024-25,ESP1,real-sociedad-san-sebastian,297070,hamari traore,2000000.0
2024-25,ESP1,real-sociedad-san-sebastian,280730,alvaro odriozola,1000000.0
2024-25,ESP1,real-sociedad-san-sebastian,1055860,inaki ruperez,300000.0
2024-25,ESP1,real-sociedad-san-sebastian,423440,martin zubimendi,60000000.0
2024-25,ESP1,real-sociedad-san-sebastian,625651,urko gonzalez de zarate,5000000.0
2024-25,ESP1,real-sociedad-san-sebastian,502722,luka sucic,15000000.0
2024-25,ESP1,real-sociedad-san-sebastian,634431,benat turrientes,10000000.0
2024-25,ESP1,real-sociedad-san-sebastian,625660,jon ander olasagasti,4000000.0
2024-25,ESP1,real-sociedad-san-sebastian,721660,mikel rodriguez,250000.0
2024-25,ESP1,real-sociedad-san-sebastian,309110,brais mendez,22000000.0
2024-25,ESP1,real-sociedad-san-sebastian,555143,arsen zakharyan,9000000.0
2024-25,ESP1,real-sociedad-san-sebastian,907813,pablo marin,8000000.0
2024-25,ESP1,real-sociedad-san-sebastian,625655,jon magunazelaia,600000.0
2024-25,ESP1,real-sociedad-san-sebastian,709215,mikel goti,400000.0
2024-25,ESP1,real-sociedad-san-sebastian,616369,ander barrenetxea,15000000.0
2024-25,ESP1,real-sociedad-san-sebastian,188888,sheraldo becker,2500000.0
2024-25,ESP1,real-sociedad-san-sebastian,962145,arkaitz mariezkurrena,700000.0
2024-25,ESP1,real-sociedad-san-sebastian,1201530,alex marchal,500000.0
2024-25,ESP1,real-sociedad-san-sebastian,405398,takefusa kubo,30000000.0
2024-25,ESP1,real-sociedad-san-sebastian,937945,dani diaz,300000.0
2024-25,ESP1,real-sociedad-san-sebastian,351478,mikel oyarzabal,25000000.0
2024-25,ESP1,real-sociedad-san-sebastian,660438,orri oskarsson,15000000.0
2024-25,ESP1,real-sociedad-san-sebastian,337715,umar sadiq,5000000.0
2024-25,ESP1,real-sociedad-san-sebastian,982007,ekain orobengoa,250000.0
2024-25,ESP1,real-valladolid,493513,karl hein,3000000.0
2024-25,ESP1,real-valladolid,290346,andre ferreira,700000.0
2024-25,ESP1,real-valladolid,710474,alvaro aceves,400000.0
2024-25,ESP1,real-valladolid,636686,arnau rafus,200000.0
2024-25,ESP1,real-valladolid,541555,enzo boyomo,20000000.0
2024-25,ESP1,real-valladolid,1121298,juma bah,6000000.0
2024-25,ESP1,real-valladolid,298583,eray comert,2000000.0
2024-25,ESP1,real-valladolid,857832,david torres,1500000.0
2024-25,ESP1,real-valladolid,340853,javi sanchez,1500000.0
2024-25,ESP1,real-valladolid,615350,cenk ozkacar,1200000.0
2024-25,ESP1,real-valladolid,358250,joseph aidoo,1200000.0
2024-25,ESP1,real-valladolid,1061260,iago parente,150000.0
2024-25,ESP1,real-valladolid,938146,adam aznou,4000000.0
2024-25,ESP1,real-valladolid,204072,henrique silva,500000.0
2024-25,ESP1,real-valladolid,834486,raul chasco,150000.0
2024-25,ESP1,real-valladolid,468309,lucas rosa,3000000.0
2024-25,ESP1,real-valladolid,392881,antonio candela,1800000.0
2024-25,ESP1,real-valladolid,358115,luis perez,1400000.0
2024-25,ESP1,real-valladolid,895333,koke iglesias,200000.0
2024-25,ESP1,real-valladolid,195736,florian grillitsch,2000000.0
2024-25,ESP1,real-valladolid,948273,mario martin,1500000.0
2024-25,ESP1,real-valladolid,388125,stanko juric,1200000.0
2024-25,ESP1,real-valladolid,633056,tamas nikitscher,1000000.0
2024-25,ESP1,real-valladolid,226261,cesar de la hoz,350000.0
2024-25,ESP1,real-valladolid,527698,kike perez,2800000.0
2024-25,ESP1,real-valladolid,1367276,ibrahim alani,500000.0
2024-25,ESP1,real-valladolid,710484,mario maroto,200000.0
2024-25,ESP1,real-valladolid,702662,adrian verde,150000.0
2024-25,ESP1,real-valladolid,377219,selim amallah,1600000.0
2024-25,ESP1,real-valladolid,658269,victor meseguer,1500000.0
2024-25,ESP1,real-valladolid,926763,chuki,1500000.0
2024-25,ESP1,real-valladolid,624942,raul moro,7500000.0
2024-25,ESP1,real-valladolid,587520,stipe biuk,2500000.0
2024-25,ESP1,real-valladolid,211251,darwin machis,600000.0
2024-25,ESP1,real-valladolid,281404,kenedy,300000.0
2024-25,ESP1,real-valladolid,339820,amath ndiaye,900000.0
2024-25,ESP1,real-valladolid,327126,anuar,900000.0
2024-25,ESP1,real-valladolid,221311,ivan sanchez,600000.0
2024-25,ESP1,real-valladolid,709971,xavi moreno,250000.0
2024-25,ESP1,real-valladolid,623521,juanmi latasa,2000000.0
2024-25,ESP1,real-valladolid,166683,mamadou sylla,1200000.0
2024-25,ESP1,real-valladolid,481084,marcos andre,1000000.0
2024-25,ESP1,real-valladolid,1176519,adrian arnu,500000.0
2024-25,ESP1,ud-las-palmas,,Dinko Horkas,1200000.0
2024-25,ESP1,ud-las-palmas,,Jasper Cillessen,800000.0
2024-25,ESP1,ud-las-palmas,,Mika Mármol,10000000.0
2024-25,ESP1,ud-las-palmas,,Scott McKenna,4000000.0
2024-25,ESP1,ud-las-palmas,,Juanma Herzog,2500000.0
2024-25,ESP1,ud-las-palmas,,Andy Pelmard,2000000.0
2024-25,ESP1,ud-las-palmas,,Álex Suárez,1000000.0
2024-25,ESP1,ud-las-palmas,,Álex Muñoz,1000000.0
2024-25,ESP1,ud-las-palmas,,Daley Sinkgraven,600000.0
2024-25,ESP1,ud-las-palmas,,Viti Rozada,2000000.0
2024-25,ESP1,ud-las-palmas,,Marvin Park,1200000.0
2024-25,ESP1,ud-las-palmas,,Valentín Pezzolesi,100000.0
2024-25,ESP1,ud-las-palmas,,Dário Essugo,20000000.0
2024-25,ESP1,ud-las-palmas,,Stefan Bajcetic,9000000.0
2024-25,ESP1,ud-las-palmas,,Javi Muñoz,2000000.0
2024-25,ESP1,ud-las-palmas,,Enzo Loiodice,1200000.0
2024-25,ESP1,ud-las-palmas,,José Campaña,900000.0
2024-25,ESP1,ud-las-palmas,,Fabio González,500000.0
2024-25,ESP1,ud-las-palmas,,Aboubacar Bassinga,100000.0
2024-25,ESP1,ud-las-palmas,,Kirian Rodríguez,1000000.0
2024-25,ESP1,ud-las-palmas,,Iván Gil,800000.0
2024-25,ESP1,ud-las-palmas,,Alberto Moleiro,25000000.0
2024-25,ESP1,ud-las-palmas,,Benito Ramírez,700000.0
2024-25,ESP1,ud-las-palmas,,Manu Fuster,1500000.0
2024-25,ESP1,ud-las-palmas,,Adnan Januzaj,1200000.0
2024-25,ESP1,ud-las-palmas,,Pejiño,800000.0
2024-25,ESP1,ud-las-palmas,,Fábio Silva,20000000.0
2024-25,ESP1,ud-las-palmas,,Oli McBurnie,2500000.0
2024-25,ESP1,ud-las-palmas,,Sandro Ramírez,2500000.0
2024-25,ESP1,ud-las-palmas,,Marc Cardona,800000.0
2024-25,ESP1,ud-las-palmas,,Jaime Mata,400000.0
2025-26,ESP1,athletic-bilbao,262396,unai simon,22000000.0
2025-26,ESP1,athletic-bilbao,834483,alex padilla,3000000.0
2025-26,ESP1,athletic-bilbao,1056956,mikel santos,300000.0
2025-26,ESP1,athletic-bilbao,524000,dani vivian,20000000.0
2025-26,ESP1,athletic-bilbao,176553,aymeric laporte,8000000.0
2025-26,ESP1,athletic-bilbao,591916,aitor paredes,7500000.0
2025-26,ESP1,athletic-bilbao,1124051,iker monreal,1000000.0
2025-26,ESP1,athletic-bilbao,255488,yeray alvarez,900000.0
2025-26,ESP1,athletic-bilbao,905015,jon de luis,400000.0
2025-26,ESP1,athletic-bilbao,834485,unai egiluz,400000.0
2025-26,ESP1,athletic-bilbao,834488,aimar dunabeitia,200000.0
2025-26,ESP1,athletic-bilbao,1189292,ander izagirre,50000.0
2025-26,ESP1,athletic-bilbao,710671,adama boiro,2500000.0
2025-26,ESP1,athletic-bilbao,61812,yuri berchiche,1000000.0
2025-26,ESP1,athletic-bilbao,488626,jesus areso,5000000.0
2025-26,ESP1,athletic-bilbao,289255,andoni gorosabel,3000000.0
2025-26,ESP1,athletic-bilbao,255501,inigo lekue,1000000.0
2025-26,ESP1,athletic-bilbao,300168,mikel vesga,1200000.0
2025-26,ESP1,athletic-bilbao,938729,mikel jauregizar,30000000.0
2025-26,ESP1,athletic-bilbao,625047,benat prados,15000000.0
2025-26,ESP1,athletic-bilbao,834491,alejandro rego,5000000.0
2025-26,ESP1,athletic-bilbao,1312698,selton sanchez,2800000.0
2025-26,ESP1,athletic-bilbao,126751,inigo ruiz de galarreta,2000000.0
2025-26,ESP1,athletic-bilbao,610083,unai vencedor,1600000.0
2025-26,ESP1,athletic-bilbao,979324,eder garcia,1000000.0
2025-26,ESP1,athletic-bilbao,571020,oihan sancet,25000000.0
2025-26,ESP1,athletic-bilbao,834752,unai gomez,5000000.0
2025-26,ESP1,athletic-bilbao,1162017,adrian perez,1000000.0
2025-26,ESP1,athletic-bilbao,938730,ibon sanchez,600000.0
2025-26,ESP1,athletic-bilbao,709187,nico williams,40000000.0
2025-26,ESP1,athletic-bilbao,338425,alex berenguer,4000000.0
2025-26,ESP1,athletic-bilbao,668183,nico serrano,1500000.0
2025-26,ESP1,athletic-bilbao,1038182,elijah gift,1000000.0
2025-26,ESP1,athletic-bilbao,255508,inaki williams,8000000.0
2025-26,ESP1,athletic-bilbao,563137,robert navarro,6000000.0
2025-26,ESP1,athletic-bilbao,1120228,endika bujan,300000.0
2025-26,ESP1,athletic-bilbao,340205,gorka guruzeta,5000000.0
2025-26,ESP1,athletic-bilbao,1054934,maroan sannadi,3000000.0
2025-26,ESP1,athletic-bilbao,610622,urko izeta,1400000.0
2025-26,ESP1,athletic-bilbao,1056970,asier hierro,1000000.0
2025-26,ESP1,atletico-madrid,,Jan Oblak,15000000.0
2025-26,ESP1,atletico-madrid,,Juan Musso,3000000.0
2025-26,ESP1,atletico-madrid,,Salvi Esquivel,1000000.0
2025-26,ESP1,atletico-madrid,,Mario de Luis,300000.0
2025-26,ESP1,atletico-madrid,,Dávid Hancko,35000000.0
2025-26,ESP1,atletico-madrid,,Marc Pubill,35000000.0
2025-26,ESP1,atletico-madrid,,Robin Le Normand,20000000.0
2025-26,ESP1,atletico-madrid,,José María Giménez,9000000.0
2025-26,ESP1,atletico-madrid,,Clément Lenglet,4000000.0
2025-26,ESP1,atletico-madrid,,Aleksa Puric,1000000.0
2025-26,ESP1,atletico-madrid,,Dani Martinez,500000.0
2025-26,ESP1,atletico-madrid,,Ilias Kostis,300000.0
2025-26,ESP1,atletico-madrid,,Gerónimo Spina,200000.0
2025-26,ESP1,atletico-madrid,,Matteo Ruggeri,28000000.0
2025-26,ESP1,atletico-madrid,,Javi Galán,1800000.0
2025-26,ESP1,atletico-madrid,,Julio Díaz,1500000.0
2025-26,ESP1,atletico-madrid,,Marcos Llorente,20000000.0
2025-26,ESP1,atletico-madrid,,Nahuel Molina,15000000.0
2025-26,ESP1,atletico-madrid,,Javier Boñar,1500000.0
2025-26,ESP1,atletico-madrid,,Pablo Barrios,55000000.0
2025-26,ESP1,atletico-madrid,,Conor Gallagher,32000000.0
2025-26,ESP1,atletico-madrid,,Rodrigo Mendoza,20000000.0
2025-26,ESP1,atletico-madrid,,Johnny Cardoso,20000000.0
2025-26,ESP1,atletico-madrid,,Obed Vargas,10000000.0
2025-26,ESP1,atletico-madrid,,Koke,5000000.0
2025-26,ESP1,atletico-madrid,,Javi Serrano,700000.0
2025-26,ESP1,atletico-madrid,,Javi Morcillo,500000.0
2025-26,ESP1,atletico-madrid,,Thiago Almada,15000000.0
2025-26,ESP1,atletico-madrid,,Rayane Belaid,600000.0
2025-26,ESP1,atletico-madrid,,Jano Monserrate,500000.0
2025-26,ESP1,atletico-madrid,,Álex Baena,40000000.0
2025-26,ESP1,atletico-madrid,,Ademola Lookman,40000000.0
2025-26,ESP1,atletico-madrid,,Nico González,22000000.0
2025-26,ESP1,atletico-madrid,,Giuliano Simeone,40000000.0
2025-26,ESP1,atletico-madrid,,Iker Luque,2000000.0
2025-26,ESP1,atletico-madrid,,Carlos Martín,1500000.0
2025-26,ESP1,atletico-madrid,,Giacomo Raspadori,22000000.0
2025-26,ESP1,atletico-madrid,,Antoine Griezmann,8000000.0
2025-26,ESP1,atletico-madrid,,Julián Alvarez,100000000.0
2025-26,ESP1,atletico-madrid,,Alexander Sørloth,18000000.0
2025-26,ESP1,atletico-madrid,,Miguel Cubo,2000000.0
2025-26,ESP1,ca-osasuna,,Sergio Herrera,2800000.0
2025-26,ESP1,ca-osasuna,,Aitor Fernández,500000.0
2025-26,ESP1,ca-osasuna,,Dimitrios Stamatakis,150000.0
2025-26,ESP1,ca-osasuna,,Rafa Fernández,100000.0
2025-26,ESP1,ca-osasuna,,Enzo Boyomo,15000000.0
2025-26,ESP1,ca-osasuna,,Jorge Herrando,3500000.0
2025-26,ESP1,ca-osasuna,,Alejandro Catena,2600000.0
2025-26,ESP1,ca-osasuna,,Mikel Serrano,100000.0
2025-26,ESP1,ca-osasuna,,Unai Santos,100000.0
2025-26,ESP1,ca-osasuna,,Abel Bretones,3500000.0
2025-26,ESP1,ca-osasuna,,Javi Galán,1800000.0
2025-26,ESP1,ca-osasuna,,Juan Cruz,1000000.0
2025-26,ESP1,ca-osasuna,,Raúl Chasco,150000.0
2025-26,ESP1,ca-osasuna,,Valentin Rosier,3000000.0
2025-26,ESP1,ca-osasuna,,Iñigo Arguibide,800000.0
2025-26,ESP1,ca-osasuna,,Lucas Torró,2500000.0
2025-26,ESP1,ca-osasuna,,Iker Muñoz,2000000.0
2025-26,ESP1,ca-osasuna,,Jon Moncayola,7000000.0
2025-26,ESP1,ca-osasuna,,Asier Osambela,1000000.0
2025-26,ESP1,ca-osasuna,,Jon García,200000.0
2025-26,ESP1,ca-osasuna,,Mauro Echegoyen,200000.0
2025-26,ESP1,ca-osasuna,,Aimar Oroz,7500000.0
2025-26,ESP1,ca-osasuna,,Moi Gómez,1500000.0
2025-26,ESP1,ca-osasuna,,Víctor Muñoz,30000000.0
2025-26,ESP1,ca-osasuna,,Raúl Moro,3500000.0
2025-26,ESP1,ca-osasuna,,Sheraldo Becker,1500000.0
2025-26,ESP1,ca-osasuna,,Rubén García,1600000.0
2025-26,ESP1,ca-osasuna,,Kike Barja,1500000.0
2025-26,ESP1,ca-osasuna,,Iker Benito,1400000.0
2025-26,ESP1,ca-osasuna,,Raúl García,3000000.0
2025-26,ESP1,ca-osasuna,,Ante Budimir,2800000.0
2025-26,ESP1,ca-osasuna,,Roberto Arroyo,200000.0
2025-26,ESP1,ca-osasuna,,Martin Pedroarena,200000.0
2025-26,ESP1,celta-vigo,,Ionuț Radu,9000000.0
2025-26,ESP1,celta-vigo,,Iván Villar,900000.0
2025-26,ESP1,celta-vigo,,Marc Vidal,300000.0
2025-26,ESP1,celta-vigo,,Javi Rodríguez,18000000.0
2025-26,ESP1,celta-vigo,,Carl Starfelt,4500000.0
2025-26,ESP1,celta-vigo,,Yoel Lago,4000000.0
2025-26,ESP1,celta-vigo,,Carlos Domínguez,2000000.0
2025-26,ESP1,celta-vigo,,Manu Fernández,1500000.0
2025-26,ESP1,celta-vigo,,Marcos Alonso,1200000.0
2025-26,ESP1,celta-vigo,,Joseph Aidoo,1000000.0
2025-26,ESP1,celta-vigo,,Pablo Meixús,400000.0
2025-26,ESP1,celta-vigo,,Mihailo Ristic,800000.0
2025-26,ESP1,celta-vigo,,Óscar Mingueza,18000000.0
2025-26,ESP1,celta-vigo,,Sergio Carreira,12000000.0
2025-26,ESP1,celta-vigo,,Javi Rueda,6000000.0
2025-26,ESP1,celta-vigo,,Álvaro Núñez,4000000.0
2025-26,ESP1,celta-vigo,,Damián Rodríguez,2000000.0
2025-26,ESP1,celta-vigo,,Ilaix Moriba,15000000.0
2025-26,ESP1,celta-vigo,,Miguel Román,15000000.0
2025-26,ESP1,celta-vigo,,Hugo Sotelo,5000000.0
2025-26,ESP1,celta-vigo,,Fran Beltrán,4000000.0
2025-26,ESP1,celta-vigo,,Matías Vecino,1000000.0
2025-26,ESP1,celta-vigo,,Hugo Burcio,500000.0
2025-26,ESP1,celta-vigo,,Andrés Antañón,500000.0
2025-26,ESP1,celta-vigo,,Fer López,16000000.0
2025-26,ESP1,celta-vigo,,Óscar Marcos,800000.0
2025-26,ESP1,celta-vigo,,Williot Swedberg,20000000.0
2025-26,ESP1,celta-vigo,,Bryan Zaragoza,8000000.0
2025-26,ESP1,celta-vigo,,Hugo Álvarez,8000000.0
2025-26,ESP1,celta-vigo,,Franco Cervi,600000.0
2025-26,ESP1,celta-vigo,,Ángel Arcos,500000.0
2025-26,ESP1,celta-vigo,,Ferran Jutglà,10000000.0
2025-26,ESP1,celta-vigo,,Jones El-Abdellaoui,8000000.0
2025-26,ESP1,celta-vigo,,Hugo González,700000.0
2025-26,ESP1,celta-vigo,,Pablo Durán,4000000.0
2025-26,ESP1,celta-vigo,,Borja Iglesias,2800000.0
2025-26,ESP1,celta-vigo,,Iago Aspas,1600000.0
2025-26,ESP1,deportivo-alaves,,Antonio Sivera,6000000.0
2025-26,ESP1,deportivo-alaves,,Grégoire Swiderski,250000.0
2025-26,ESP1,deportivo-alaves,,Raúl Fernández,100000.0
2025-26,ESP1,deportivo-alaves,,Rubén Montero,25000.0
2025-26,ESP1,deportivo-alaves,,Jon Pacheco,5000000.0
2025-26,ESP1,deportivo-alaves,,Moussa Diarra,2000000.0
2025-26,ESP1,deportivo-alaves,,Ville Koski,1500000.0
2025-26,ESP1,deportivo-alaves,,Nikola Maras,600000.0
2025-26,ESP1,deportivo-alaves,,Xanet Oláiz,200000.0
2025-26,ESP1,deportivo-alaves,,Álvaro García,200000.0
2025-26,ESP1,deportivo-alaves,,Paco Sanz,150000.0
2025-26,ESP1,deportivo-alaves,,Youssef Enríquez,4000000.0
2025-26,ESP1,deportivo-alaves,,Victor Parada,4000000.0
2025-26,ESP1,deportivo-alaves,,Nahuel Tenaglia,3000000.0
2025-26,ESP1,deportivo-alaves,,Jonny Otto,2200000.0
2025-26,ESP1,deportivo-alaves,,Egoitz Muñoz,250000.0
2025-26,ESP1,deportivo-alaves,,Carlos Ballestero,100000.0
2025-26,ESP1,deportivo-alaves,,Antonio Blanco,10000000.0
2025-26,ESP1,deportivo-alaves,,Carlos Protesoni,1000000.0
2025-26,ESP1,deportivo-alaves,,Pablo Ibáñez,4000000.0
2025-26,ESP1,deportivo-alaves,,Carles Aleñá,3000000.0
2025-26,ESP1,deportivo-alaves,,Ander Guevara,2500000.0
2025-26,ESP1,deportivo-alaves,,Jon Guridi,1800000.0
2025-26,ESP1,deportivo-alaves,,Calebe,1800000.0
2025-26,ESP1,deportivo-alaves,,Denis Suárez,1000000.0
2025-26,ESP1,deportivo-alaves,,Lander Pinillos,200000.0
2025-26,ESP1,deportivo-alaves,,Abde Rebbach,2500000.0
2025-26,ESP1,deportivo-alaves,,Izei Hernández,200000.0
2025-26,ESP1,deportivo-alaves,,Carlos Vicente,7000000.0
2025-26,ESP1,deportivo-alaves,,Ángel Pérez,3000000.0
2025-26,ESP1,deportivo-alaves,,Toni Martínez,7500000.0
2025-26,ESP1,deportivo-alaves,,Lucas Boyé,5000000.0
2025-26,ESP1,deportivo-alaves,,Ibrahim Diabate,1500000.0
2025-26,ESP1,deportivo-alaves,,Aitor Mañas,600000.0
2025-26,ESP1,deportivo-alaves,,Mariano Díaz,300000.0
2025-26,ESP1,deportivo-alaves,,Diego Morcillo,200000.0
2025-26,ESP1,espanyol-barcelona,94308,marko dmitrovic,700000.0
2025-26,ESP1,espanyol-barcelona,628487,angel fortuno,300000.0
2025-26,ESP1,espanyol-barcelona,1141128,llorenc serred,200000.0
2025-26,ESP1,espanyol-barcelona,605528,pol tristan,50000.0
2025-26,ESP1,espanyol-barcelona,692070,clemens riedel,4000000.0
2025-26,ESP1,espanyol-barcelona,357884,fernando calero,2000000.0
2025-26,ESP1,espanyol-barcelona,583510,miguel rubio,1500000.0
2025-26,ESP1,espanyol-barcelona,629511,pablo ramon,1400000.0
2025-26,ESP1,espanyol-barcelona,102423,leandro cabrera,900000.0
2025-26,ESP1,espanyol-barcelona,1154003,adama timera,100000.0
2025-26,ESP1,espanyol-barcelona,709372,carlos romero,25000000.0
2025-26,ESP1,espanyol-barcelona,819590,jose salinas,2000000.0
2025-26,ESP1,espanyol-barcelona,1204959,roger hinojo,1000000.0
2025-26,ESP1,espanyol-barcelona,822331,omar el hilali,15000000.0
2025-26,ESP1,espanyol-barcelona,705813,ruben sanchez,1800000.0
2025-26,ESP1,espanyol-barcelona,1258838,jose angel lopez,150000.0
2025-26,ESP1,espanyol-barcelona,625651,urko gonzalez de zarate,12000000.0
2025-26,ESP1,espanyol-barcelona,243879,charles pickel,2500000.0
2025-26,ESP1,espanyol-barcelona,412045,pol lozano,6000000.0
2025-26,ESP1,espanyol-barcelona,506248,edu exposito,5000000.0
2025-26,ESP1,espanyol-barcelona,783396,ramon terrats,3000000.0
2025-26,ESP1,espanyol-barcelona,1178721,rafel bauza,1200000.0
2025-26,ESP1,espanyol-barcelona,1254170,ferran gomez,300000.0
2025-26,ESP1,espanyol-barcelona,1310047,miguel londono,200000.0
2025-26,ESP1,espanyol-barcelona,946279,javi hernandez,1500000.0
2025-26,ESP1,espanyol-barcelona,408471,javi puado,7500000.0
2025-26,ESP1,espanyol-barcelona,225593,pere milla,1000000.0
2025-26,ESP1,espanyol-barcelona,1101356,lluc castell,200000.0
2025-26,ESP1,espanyol-barcelona,946269,alex almansa,150000.0
2025-26,ESP1,espanyol-barcelona,647435,tyrhys dolan,10000000.0
2025-26,ESP1,espanyol-barcelona,358032,cyril ngonge,7000000.0
2025-26,ESP1,espanyol-barcelona,745461,luca koleosho,6000000.0
2025-26,ESP1,espanyol-barcelona,628498,jofre carreras,3000000.0
2025-26,ESP1,espanyol-barcelona,834744,antoniu roca,1800000.0
2025-26,ESP1,espanyol-barcelona,720518,roberto fernandez,10000000.0
2025-26,ESP1,espanyol-barcelona,93936,kike garcia,700000.0
2025-26,ESP1,fc-barcelona,561613,joan garcia,45000000.0
2025-26,ESP1,fc-barcelona,283170,inaki pena,4000000.0
2025-26,ESP1,fc-barcelona,74857,marc ter stegen,3000000.0
2025-26,ESP1,fc-barcelona,938144,diego kochen,1500000.0
2025-26,ESP1,fc-barcelona,44058,wojciech szczesny,800000.0
2025-26,ESP1,fc-barcelona,1066202,eder aller,50000.0
2025-26,ESP1,fc-barcelona,962110,pau cubarsi,80000000.0
2025-26,ESP1,fc-barcelona,466794,eric garcia,40000000.0
2025-26,ESP1,fc-barcelona,705395,gerard martin,35000000.0
2025-26,ESP1,fc-barcelona,480267,ronald araujo,20000000.0
2025-26,ESP1,fc-barcelona,196948,andreas christensen,8000000.0
2025-26,ESP1,fc-barcelona,924610,alvaro cortes,4000000.0
2025-26,ESP1,fc-barcelona,636688,alejandro balde,50000000.0
2025-26,ESP1,fc-barcelona,1009765,jofre torrents,1000000.0
2025-26,ESP1,fc-barcelona,411975,jules kounde,60000000.0
2025-26,ESP1,fc-barcelona,182712,joao cancelo,8000000.0
2025-26,ESP1,fc-barcelona,1018912,xavi espart,5000000.0
2025-26,ESP1,fc-barcelona,1018920,marc bernal,30000000.0
2025-26,ESP1,fc-barcelona,636695,marc casado,18000000.0
2025-26,ESP1,fc-barcelona,938156,tommy marques,3000000.0
2025-26,ESP1,fc-barcelona,683840,pedri,150000000.0
2025-26,ESP1,fc-barcelona,326330,frenkie de jong,35000000.0
2025-26,ESP1,fc-barcelona,646740,gavi,30000000.0
2025-26,ESP1,fc-barcelona,1050120,guille fernandez,3000000.0
2025-26,ESP1,fc-barcelona,636703,fermin lopez,100000000.0
2025-26,ESP1,fc-barcelona,293385,dani olmo,60000000.0
2025-26,ESP1,fc-barcelona,1071596,dro fernandez,10000000.0
2025-26,ESP1,fc-barcelona,1066206,toni fernandez,3000000.0
2025-26,ESP1,fc-barcelona,962118,juan hernandez,2000000.0
2025-26,ESP1,fc-barcelona,411295,raphinha,70000000.0
2025-26,ESP1,fc-barcelona,258923,marcus rashford,40000000.0
2025-26,ESP1,fc-barcelona,937958,lamine yamal,200000000.0
2025-26,ESP1,fc-barcelona,792331,roony bardghji,15000000.0
2025-26,ESP1,fc-barcelona,834470,dani rodriguez,1000000.0
2025-26,ESP1,fc-barcelona,398184,ferran torres,50000000.0
2025-26,ESP1,fc-barcelona,38253,robert lewandowski,7000000.0
2025-26,ESP1,fc-elche,,Iñaki Peña,4000000.0
2025-26,ESP1,fc-elche,,Alejandro Iturbe,1400000.0
2025-26,ESP1,fc-elche,,Matías Dituro,100000.0
2025-26,ESP1,fc-elche,,David Affengruber,20000000.0
2025-26,ESP1,fc-elche,,Víctor Chust,3500000.0
2025-26,ESP1,fc-elche,,Léo Pétrot,1500000.0
2025-26,ESP1,fc-elche,,John Donald,1000000.0
2025-26,ESP1,fc-elche,,Bambo Diaby,800000.0
2025-26,ESP1,fc-elche,,Pedro Bigas,300000.0
2025-26,ESP1,fc-elche,,David Delgado,200000.0
2025-26,ESP1,fc-elche,,Pablo Felipe,100000.0
2025-26,ESP1,fc-elche,,Bema Sina,50000.0
2025-26,ESP1,fc-elche,,Adrià Pedrosa,2800000.0
2025-26,ESP1,fc-elche,,Jairo Izquierdo,400000.0
2025-26,ESP1,fc-elche,,Nico Salvador,100000.0
2025-26,ESP1,fc-elche,,Héctor Fort,12000000.0
2025-26,ESP1,fc-elche,,Buba Sangaré,4500000.0
2025-26,ESP1,fc-elche,,Álvaro Núñez,4000000.0
2025-26,ESP1,fc-elche,,Alex Herráiz,100000.0
2025-26,ESP1,fc-elche,,Marc Aguado,3500000.0
2025-26,ESP1,fc-elche,,Federico Redondo,2500000.0
2025-26,ESP1,fc-elche,,Rodrigo Mendoza,20000000.0
2025-26,ESP1,fc-elche,,Aleix Febas,5000000.0
2025-26,ESP1,fc-elche,,Martim Neto,4000000.0
2025-26,ESP1,fc-elche,,Gonzalo Villar,1800000.0
2025-26,ESP1,fc-elche,,Antonio Martínez,50000.0
2025-26,ESP1,fc-elche,,Germán Valera,6000000.0
2025-26,ESP1,fc-elche,,Lucas Cepeda,2500000.0
2025-26,ESP1,fc-elche,,Tete Morente,1800000.0
2025-26,ESP1,fc-elche,,Yago Santiago,1000000.0
2025-26,ESP1,fc-elche,,Grady Diangana,2000000.0
2025-26,ESP1,fc-elche,,Piri,100000.0
2025-26,ESP1,fc-elche,,Nordin Al-Lal,100000.0
2025-26,ESP1,fc-elche,,Josan,100000.0
2025-26,ESP1,fc-elche,,Álex Sánchez,50000.0
2025-26,ESP1,fc-elche,,Adam Boayar,800000.0
2025-26,ESP1,fc-elche,,Ali Houary,300000.0
2025-26,ESP1,fc-elche,,Álvaro Rodríguez,10000000.0
2025-26,ESP1,fc-elche,,Rafa Mir,4000000.0
2025-26,ESP1,fc-elche,,André Silva,3000000.0
2025-26,ESP1,fc-elche,,Mourad El Ghezouani,2500000.0
2025-26,ESP1,fc-elche,,Juan Piera,100000.0
2025-26,ESP1,fc-getafe,226012,david soria,2800000.0
2025-26,ESP1,fc-getafe,339079,jiri letacek,2000000.0
2025-26,ESP1,fc-getafe,1298885,diego ferrer,100000.0
2025-26,ESP1,fc-getafe,1135452,jorge benito,50000.0
2025-26,ESP1,fc-getafe,559979,abdel abqar,3500000.0
2025-26,ESP1,fc-getafe,741142,zaid romero,2500000.0
2025-26,ESP1,fc-getafe,898352,sebastian boselli,1500000.0
2025-26,ESP1,fc-getafe,221150,dakonam djene,1400000.0
2025-26,ESP1,fc-getafe,257376,domingos duarte,800000.0
2025-26,ESP1,fc-getafe,735895,lucas laso,150000.0
2025-26,ESP1,fc-getafe,854056,marc vilaplana,150000.0
2025-26,ESP1,fc-getafe,1294868,alberto cordero,25000.0
2025-26,ESP1,fc-getafe,249513,diego rico,1000000.0
2025-26,ESP1,fc-getafe,1268764,davinchi,1000000.0
2025-26,ESP1,fc-getafe,1013810,jorge montes,50000.0
2025-26,ESP1,fc-getafe,390688,juan iglesias,5000000.0
2025-26,ESP1,fc-getafe,76467,kiko femenia,700000.0
2025-26,ESP1,fc-getafe,1164331,ismael bekhoucha,300000.0
2025-26,ESP1,fc-getafe,111508,allan nyom,100000.0
2025-26,ESP1,fc-getafe,948273,mario martin,10000000.0
2025-26,ESP1,fc-getafe,469669,yvan neyou,2000000.0
2025-26,ESP1,fc-getafe,290249,mauro arambarri,8000000.0
2025-26,ESP1,fc-getafe,281989,luis milla,3500000.0
2025-26,ESP1,fc-getafe,282421,javi munoz,1200000.0
2025-26,ESP1,fc-getafe,845638,damian caceres,200000.0
2025-26,ESP1,fc-getafe,945767,hugo solozabal,200000.0
2025-26,ESP1,fc-getafe,1313717,adrian riquelme,100000.0
2025-26,ESP1,fc-getafe,1118201,alejandro mestanza,250000.0
2025-26,ESP1,fc-getafe,1255616,alberto risco,200000.0
2025-26,ESP1,fc-getafe,419648,veljko birmancevic,3500000.0
2025-26,ESP1,fc-getafe,1061122,adrian liso,3000000.0
2025-26,ESP1,fc-getafe,1033005,coba da costa,1500000.0
2025-26,ESP1,fc-getafe,126737,juanmi,1000000.0
2025-26,ESP1,fc-getafe,1184137,yassin tallal,100000.0
2025-26,ESP1,fc-getafe,696764,abu kamara,2500000.0
2025-26,ESP1,fc-getafe,434990,alex sola,1500000.0
2025-26,ESP1,fc-getafe,710004,peter federico,1500000.0
2025-26,ESP1,fc-getafe,560705,alex sancris,1500000.0
2025-26,ESP1,fc-getafe,1124005,christantus uche,12000000.0
2025-26,ESP1,fc-getafe,640109,martin satriano,10000000.0
2025-26,ESP1,fc-getafe,298976,borja mayoral,6000000.0
2025-26,ESP1,fc-getafe,844516,luis vazquez,2500000.0
2025-26,ESP1,fc-getafe,1000135,joselu perez,200000.0
2025-26,ESP1,fc-getafe,1122007,mykyta aleksandrov,25000.0
2025-26,ESP1,fc-girona,,Dominik Livakovic,4000000.0
2025-26,ESP1,fc-girona,,Marc ter Stegen,3000000.0
2025-26,ESP1,fc-girona,,Paulo Gazzaniga,1800000.0
2025-26,ESP1,fc-girona,,Rubén Blanco,700000.0
2025-26,ESP1,fc-girona,,Vladyslav Krapyvtsov,300000.0
2025-26,ESP1,fc-girona,,Juan Carlos,100000.0
2025-26,ESP1,fc-girona,,Aleksandar Andreev,100000.0
2025-26,ESP1,fc-girona,,Vitor Reis,30000000.0
2025-26,ESP1,fc-girona,,Ladislav Krejci,22000000.0
2025-26,ESP1,fc-girona,,Alejandro Francés,3000000.0
2025-26,ESP1,fc-girona,,Daley Blind,1200000.0
2025-26,ESP1,fc-girona,,David López,600000.0
2025-26,ESP1,fc-girona,,Antonio Salguero,100000.0
2025-26,ESP1,fc-girona,,Álex Moreno,3000000.0
2025-26,ESP1,fc-girona,,Arnau Martínez,10000000.0
2025-26,ESP1,fc-girona,,Hugo Rincón,3500000.0
2025-26,ESP1,fc-girona,,Pol Arnau,100000.0
2025-26,ESP1,fc-girona,,Gibert Jordana,100000.0
2025-26,ESP1,fc-girona,,Axel Witsel,1200000.0
2025-26,ESP1,fc-girona,,Azzedine Ounahi,10000000.0
2025-26,ESP1,fc-girona,,Yangel Herrera,6000000.0
2025-26,ESP1,fc-girona,,Iván Martín,5000000.0
2025-26,ESP1,fc-girona,,Jhon Solís,4500000.0
2025-26,ESP1,fc-girona,,Fran Beltrán,4000000.0
2025-26,ESP1,fc-girona,,Donny van de Beek,1800000.0
2025-26,ESP1,fc-girona,,Lass Kourouma,500000.0
2025-26,ESP1,fc-girona,,Claudio Echeverri,15000000.0
2025-26,ESP1,fc-girona,,Thomas Lemar,1800000.0
2025-26,ESP1,fc-girona,,Javi Sarasa,100000.0
2025-26,ESP1,fc-girona,,Bryan Gil,8000000.0
2025-26,ESP1,fc-girona,,Joel Roca,6000000.0
2025-26,ESP1,fc-girona,,Juan Arango,100000.0
2025-26,ESP1,fc-girona,,Viktor Tsygankov,15000000.0
2025-26,ESP1,fc-girona,,Yáser Asprilla,14000000.0
2025-26,ESP1,fc-girona,,Portu,1200000.0
2025-26,ESP1,fc-girona,,Papa Ba,200000.0
2025-26,ESP1,fc-girona,,Vladyslav Vanat,15000000.0
2025-26,ESP1,fc-girona,,Bojan Miovski,2500000.0
2025-26,ESP1,fc-girona,,Abel Ruiz,2000000.0
2025-26,ESP1,fc-girona,,Dawda Camara,1000000.0
2025-26,ESP1,fc-girona,,Cristhian Stuani,700000.0
2025-26,ESP1,fc-sevilla,124419,odysseas vlachodimos,3000000.0
2025-26,ESP1,fc-sevilla,73517,orjan nyland,800000.0
2025-26,ESP1,fc-sevilla,766552,alberto flores,300000.0
2025-26,ESP1,fc-sevilla,833884,rafa romero,50000.0
2025-26,ESP1,fc-sevilla,1057001,loren luchino,50000.0
2025-26,ESP1,fc-sevilla,766583,kike salas,14000000.0
2025-26,ESP1,fc-sevilla,719999,andres castrin,6000000.0
2025-26,ESP1,fc-sevilla,439022,marcao,2500000.0
2025-26,ESP1,fc-sevilla,155025,fabio cardoso,1500000.0
2025-26,ESP1,fc-sevilla,538996,tanguy nianzou,1200000.0
2025-26,ESP1,fc-sevilla,882710,ramon martinez,1000000.0
2025-26,ESP1,fc-sevilla,660735,federico gattoni,800000.0
2025-26,ESP1,fc-sevilla,803003,iker munoz,200000.0
2025-26,ESP1,fc-sevilla,385105,gabriel suazo,6000000.0
2025-26,ESP1,fc-sevilla,501418,adria pedrosa,2800000.0
2025-26,ESP1,fc-sevilla,711625,jose angel carmona,12000000.0
2025-26,ESP1,fc-sevilla,676042,juanlu sanchez,10000000.0
2025-26,ESP1,fc-sevilla,57500,cesar azpilicueta,1000000.0
2025-26,ESP1,fc-sevilla,569384,lucien agoume,15000000.0
2025-26,ESP1,fc-sevilla,395234,batista mendy,7500000.0
2025-26,ESP1,fc-sevilla,74294,nemanja gudelj,2000000.0
2025-26,ESP1,fc-sevilla,212723,djibril sow,7500000.0
2025-26,ESP1,fc-sevilla,766723,manu bueno,1500000.0
2025-26,ESP1,fc-sevilla,1236856,nico guillen,1000000.0
2025-26,ESP1,fc-sevilla,263727,joan jordan,1000000.0
2025-26,ESP1,fc-sevilla,1056935,edu altozano,50000.0
2025-26,ESP1,fc-sevilla,743387,stanis idumbo,4000000.0
2025-26,ESP1,fc-sevilla,345886,ruben vargas,12000000.0
2025-26,ESP1,fc-sevilla,1032280,osotm,10000000.0
2025-26,ESP1,fc-sevilla,500067,chidera ejuke,4000000.0
2025-26,ESP1,fc-sevilla,357628,alfon gonzalez,3000000.0
2025-26,ESP1,fc-sevilla,303259,dodi lukebakio,15000000.0
2025-26,ESP1,fc-sevilla,177847,adnan januzaj,1000000.0
2025-26,ESP1,fc-sevilla,1064105,miguel sierra,300000.0
2025-26,ESP1,fc-sevilla,639733,peque fernandez,3000000.0
2025-26,ESP1,fc-sevilla,40433,alexis sanchez,1200000.0
2025-26,ESP1,fc-sevilla,607034,akor adams,15000000.0
2025-26,ESP1,fc-sevilla,687609,isaac romero,5000000.0
2025-26,ESP1,fc-sevilla,217115,neal maupay,4000000.0
2025-26,ESP1,fc-sevilla,1166534,alex costa,250000.0
2025-26,ESP1,fc-valencia,625014,julen agirrezabala,9000000.0
2025-26,ESP1,fc-valencia,165467,stole dimitrievski,2000000.0
2025-26,ESP1,fc-valencia,741251,vicent abril,200000.0
2025-26,ESP1,fc-valencia,398131,cristian rivero,100000.0
2025-26,ESP1,fc-valencia,632913,pere garcia,50000.0
2025-26,ESP1,fc-valencia,707274,cesar tarrega,9000000.0
2025-26,ESP1,fc-valencia,520840,jose copete,5000000.0
2025-26,ESP1,fc-valencia,338285,unai nunez,3500000.0
2025-26,ESP1,fc-valencia,298583,eray comert,2500000.0
2025-26,ESP1,fc-valencia,346289,mouctar diakhaby,1500000.0
2025-26,ESP1,fc-valencia,668212,ruben iranzo,600000.0
2025-26,ESP1,fc-valencia,1141157,alejandro panach,50000.0
2025-26,ESP1,fc-valencia,1353687,joel fontanet,25000.0
2025-26,ESP1,fc-valencia,221322,jose gaya,4000000.0
2025-26,ESP1,fc-valencia,623024,jesus vazquez,4000000.0
2025-26,ESP1,fc-valencia,1063331,marcos navarro,300000.0
2025-26,ESP1,fc-valencia,1364996,ruben munoz de morales,50000.0
2025-26,ESP1,fc-valencia,367466,thierry correia,2500000.0
2025-26,ESP1,fc-valencia,268642,renzo saravia,1400000.0
2025-26,ESP1,fc-valencia,170472,dimitri foulquier,900000.0
2025-26,ESP1,fc-valencia,328480,pepelu,8000000.0
2025-26,ESP1,fc-valencia,342385,guido rodriguez,4000000.0
2025-26,ESP1,fc-valencia,285323,baptiste santamaria,2500000.0
2025-26,ESP1,fc-valencia,834764,javi guerra,25000000.0
2025-26,ESP1,fc-valencia,394236,filip ugrinic,6000000.0
2025-26,ESP1,fc-valencia,646743,javi navarro,100000.0
2025-26,ESP1,fc-valencia,1200328,lucas nunez,100000.0
2025-26,ESP1,fc-valencia,1515724,aaron mayol,50000.0
2025-26,ESP1,fc-valencia,375382,andre almeida,6000000.0
2025-26,ESP1,fc-valencia,518644,largie ramazani,8000000.0
2025-26,ESP1,fc-valencia,355861,arnaut danjuma,3000000.0
2025-26,ESP1,fc-valencia,1000630,pablo lopez,300000.0
2025-26,ESP1,fc-valencia,617081,diego lopez,9000000.0
2025-26,ESP1,fc-valencia,278837,luis rioja,1800000.0
2025-26,ESP1,fc-valencia,1009766,david otorbi,500000.0
2025-26,ESP1,fc-valencia,1060658,marc jurado,300000.0
2025-26,ESP1,fc-valencia,413262,dani raba,1200000.0
2025-26,ESP1,fc-valencia,573775,hugo duro,12000000.0
2025-26,ESP1,fc-valencia,628366,lucas beltran,8000000.0
2025-26,ESP1,fc-valencia,337715,umar sadiq,4000000.0
2025-26,ESP1,fc-valencia,941867,mario dominguez,400000.0
2025-26,ESP1,fc-valencia,1254646,aimar blazquez,100000.0
2025-26,ESP1,fc-villarreal,712107,luiz junior,12000000.0
2025-26,ESP1,fc-villarreal,466783,arnau tenas,4000000.0
2025-26,ESP1,fc-villarreal,341713,diego conde,3000000.0
2025-26,ESP1,fc-villarreal,709336,ruben gomez,400000.0
2025-26,ESP1,fc-villarreal,805714,renato veiga,25000000.0
2025-26,ESP1,fc-villarreal,484988,logan costa,15000000.0
2025-26,ESP1,fc-villarreal,1061336,pau navarro,15000000.0
2025-26,ESP1,fc-villarreal,662261,rafa marin,12000000.0
2025-26,ESP1,fc-villarreal,480763,juan foyth,8000000.0
2025-26,ESP1,fc-villarreal,780630,willy kambwala,3000000.0
2025-26,ESP1,fc-villarreal,718195,ismael sierra,800000.0
2025-26,ESP1,fc-villarreal,1305564,jean ives valou,600000.0
2025-26,ESP1,fc-villarreal,678406,sergi cardona,9000000.0
2025-26,ESP1,fc-villarreal,356197,alfonso pedraza,2500000.0
2025-26,ESP1,fc-villarreal,953901,santiago mourino,20000000.0
2025-26,ESP1,fc-villarreal,985806,alex freeman,3500000.0
2025-26,ESP1,fc-villarreal,466807,adria altimira,1800000.0
2025-26,ESP1,fc-villarreal,937942,daniel budesca,1000000.0
2025-26,ESP1,fc-villarreal,230784,thomas partey,2000000.0
2025-26,ESP1,fc-villarreal,485963,pape gueye,40000000.0
2025-26,ESP1,fc-villarreal,380598,santi comesana,8000000.0
2025-26,ESP1,fc-villarreal,1453066,carlos macia,3000000.0
2025-26,ESP1,fc-villarreal,59561,dani parejo,1000000.0
2025-26,ESP1,fc-villarreal,1249340,alassane diatta,700000.0
2025-26,ESP1,fc-villarreal,165007,denis suarez,1000000.0
2025-26,ESP1,fc-villarreal,733576,alberto moleiro,50000000.0
2025-26,ESP1,fc-villarreal,568157,yeremy pino,30000000.0
2025-26,ESP1,fc-villarreal,396638,manor solomon,8000000.0
2025-26,ESP1,fc-villarreal,357628,alfon gonzalez,3000000.0
2025-26,ESP1,fc-villarreal,1176512,joselillo gaitan,800000.0
2025-26,ESP1,fc-villarreal,1132630,mahamoud barry,150000.0
2025-26,ESP1,fc-villarreal,709969,ilias akhomach,12000000.0
2025-26,ESP1,fc-villarreal,638793,tajon buchanan,12000000.0
2025-26,ESP1,fc-villarreal,343052,nicolas pepe,6000000.0
2025-26,ESP1,fc-villarreal,729814,georges mikautadze,30000000.0
2025-26,ESP1,fc-villarreal,1038950,karl etta eyong,15000000.0
2025-26,ESP1,fc-villarreal,972465,tani oluwaseyi,7000000.0
2025-26,ESP1,fc-villarreal,246968,ayoze perez,5000000.0
2025-26,ESP1,fc-villarreal,177467,gerard moreno,2500000.0
2025-26,ESP1,fc-villarreal,1331450,hugo lopez,1000000.0
2025-26,ESP1,fc-villarreal,1063553,pau cabanes,800000.0
2025-26,ESP1,rayo-vallecano,275218,augusto batalla,6000000.0
2025-26,ESP1,rayo-vallecano,397676,dani cardenas,1800000.0
2025-26,ESP1,rayo-vallecano,708370,juanpe gil,50000.0
2025-26,ESP1,rayo-vallecano,1322790,adrian molina,25000.0
2025-26,ESP1,rayo-vallecano,1034853,nobel mendy,7500000.0
2025-26,ESP1,rayo-vallecano,451801,abdul mumin,3000000.0
2025-26,ESP1,rayo-vallecano,457931,luiz felipe,2000000.0
2025-26,ESP1,rayo-vallecano,765467,jozhua vertrouwd,2000000.0
2025-26,ESP1,rayo-vallecano,127108,florian lejeune,1800000.0
2025-26,ESP1,rayo-vallecano,692208,pelayo fernandez,500000.0
2025-26,ESP1,rayo-vallecano,1384902,sergio lozano,50000.0
2025-26,ESP1,rayo-vallecano,596122,pep chavarria,10000000.0
2025-26,ESP1,rayo-vallecano,311044,alfonso espino,900000.0
2025-26,ESP1,rayo-vallecano,527966,andrei ratiu,18000000.0
2025-26,ESP1,rayo-vallecano,85295,ivan balliu,1000000.0
2025-26,ESP1,rayo-vallecano,948254,marco de las sias,150000.0
2025-26,ESP1,rayo-vallecano,268670,gerard gumbau,1200000.0
2025-26,ESP1,rayo-vallecano,363057,pedro diaz,3000000.0
2025-26,ESP1,rayo-vallecano,192009,unai lopez,2500000.0
2025-26,ESP1,rayo-vallecano,517753,oscar valentin,2000000.0
2025-26,ESP1,rayo-vallecano,525578,pathe ciss,1800000.0
2025-26,ESP1,rayo-vallecano,1384911,samu becerra,300000.0
2025-26,ESP1,rayo-vallecano,1429733,marco roman,25000.0
2025-26,ESP1,rayo-vallecano,560483,randy nteka,1000000.0
2025-26,ESP1,rayo-vallecano,30321,oscar trejo,300000.0
2025-26,ESP1,rayo-vallecano,257062,alvaro garcia,1500000.0
2025-26,ESP1,rayo-vallecano,709969,ilias akhomach,12000000.0
2025-26,ESP1,rayo-vallecano,455181,jorge de frutos,12000000.0
2025-26,ESP1,rayo-vallecano,622988,fran perez,2500000.0
2025-26,ESP1,rayo-vallecano,618813,carlos martin,1500000.0
2025-26,ESP1,rayo-vallecano,362086,isi palazon,2800000.0
2025-26,ESP1,rayo-vallecano,560417,alemao,4000000.0
2025-26,ESP1,rayo-vallecano,505674,sergio camello,3000000.0
2025-26,ESP1,rcd-mallorca,,Leo Román,6000000.0
2025-26,ESP1,rcd-mallorca,,Lucas Bergström,1400000.0
2025-26,ESP1,rcd-mallorca,,Iván Cuéllar,100000.0
2025-26,ESP1,rcd-mallorca,,Marash Kumbulla,3000000.0
2025-26,ESP1,rcd-mallorca,,Martin Valjent,3000000.0
2025-26,ESP1,rcd-mallorca,,David López,1200000.0
2025-26,ESP1,rcd-mallorca,,Antonio Raíllo,1000000.0
2025-26,ESP1,rcd-mallorca,,Johan Mojica,1500000.0
2025-26,ESP1,rcd-mallorca,,Toni Lato,1400000.0
2025-26,ESP1,rcd-mallorca,,Pablo Maffeo,3000000.0
2025-26,ESP1,rcd-mallorca,,Mateu Morey,1400000.0
2025-26,ESP1,rcd-mallorca,,Samú Costa,15000000.0
2025-26,ESP1,rcd-mallorca,,Omar Mascarell,700000.0
2025-26,ESP1,rcd-mallorca,,Sergi Darder,3000000.0
2025-26,ESP1,rcd-mallorca,,Manu Morlanes,2400000.0
2025-26,ESP1,rcd-mallorca,,Antonio Sánchez,2000000.0
2025-26,ESP1,rcd-mallorca,,Jan Salas,500000.0
2025-26,ESP1,rcd-mallorca,,Pablo Torre,5000000.0
2025-26,ESP1,rcd-mallorca,,Dani Rodríguez,100000.0
2025-26,ESP1,rcd-mallorca,,Jan Virgili,15000000.0
2025-26,ESP1,rcd-mallorca,,Javi Llabrés,800000.0
2025-26,ESP1,rcd-mallorca,,Zito Luvumbo,3000000.0
2025-26,ESP1,rcd-mallorca,,Takuma Asano,1500000.0
2025-26,ESP1,rcd-mallorca,,Justin Kalumba,800000.0
2025-26,ESP1,rcd-mallorca,,Daniel Luna,600000.0
2025-26,ESP1,rcd-mallorca,,Vedat Muriqi,4500000.0
2025-26,ESP1,rcd-mallorca,,Mateo Joseph,3500000.0
2025-26,ESP1,rcd-mallorca,,Marc Domènech,1000000.0
2025-26,ESP1,rcd-mallorca,,Abdón Prats,800000.0
2025-26,ESP1,real-betis-sevilla,417913,alvaro valles,7000000.0
2025-26,ESP1,real-betis-sevilla,286415,pau lopez,2500000.0
2025-26,ESP1,real-betis-sevilla,1225038,manu gonzalez,300000.0
2025-26,ESP1,real-betis-sevilla,71271,adrian san miguel,300000.0
2025-26,ESP1,real-betis-sevilla,1061277,german garcia,50000.0
2025-26,ESP1,real-betis-sevilla,735568,natan,25000000.0
2025-26,ESP1,real-betis-sevilla,985383,valentin gomez,12000000.0
2025-26,ESP1,real-betis-sevilla,246291,diego llorente,2500000.0
2025-26,ESP1,real-betis-sevilla,99922,marc bartra,900000.0
2025-26,ESP1,real-betis-sevilla,961945,felix garreta,200000.0
2025-26,ESP1,real-betis-sevilla,374139,junior firpo,3500000.0
2025-26,ESP1,real-betis-sevilla,86784,ricardo rodriguez,1400000.0
2025-26,ESP1,real-betis-sevilla,1052283,darling bladi,300000.0
2025-26,ESP1,real-betis-sevilla,1307658,carlos de roa,50000.0
2025-26,ESP1,real-betis-sevilla,933908,angel ortiz,4000000.0
2025-26,ESP1,real-betis-sevilla,191217,hector bellerin,2400000.0
2025-26,ESP1,real-betis-sevilla,1054909,pablo busto,200000.0
2025-26,ESP1,real-betis-sevilla,466801,sergi altimira,20000000.0
2025-26,ESP1,real-betis-sevilla,287579,sofyan amrabat,10000000.0
2025-26,ESP1,real-betis-sevilla,336869,marc roca,4000000.0
2025-26,ESP1,real-betis-sevilla,907559,nelson deossa,9000000.0
2025-26,ESP1,real-betis-sevilla,357885,pablo fornals,8000000.0
2025-26,ESP1,real-betis-sevilla,261503,alvaro fidalgo,6000000.0
2025-26,ESP1,real-betis-sevilla,972730,mawuli mensah,400000.0
2025-26,ESP1,real-betis-sevilla,348795,giovani lo celso,8000000.0
2025-26,ESP1,real-betis-sevilla,85288,isco,3500000.0
2025-26,ESP1,real-betis-sevilla,895331,dani perez,300000.0
2025-26,ESP1,real-betis-sevilla,1111831,ivan corralejo,50000.0
2025-26,ESP1,real-betis-sevilla,724520,abde ezzalzouli,40000000.0
2025-26,ESP1,real-betis-sevilla,461617,rodrigo riquelme,4000000.0
2025-26,ESP1,real-betis-sevilla,602105,antony,40000000.0
2025-26,ESP1,real-betis-sevilla,961087,pablo garcia,8000000.0
2025-26,ESP1,real-betis-sevilla,378139,aitor ruibal,4000000.0
2025-26,ESP1,real-betis-sevilla,1335870,jose antonio morante,1000000.0
2025-26,ESP1,real-betis-sevilla,632741,iker losada,1800000.0
2025-26,ESP1,real-betis-sevilla,459463,cucho hernandez,18000000.0
2025-26,ESP1,real-betis-sevilla,1061285,rodrigo marina,2000000.0
2025-26,ESP1,real-betis-sevilla,167721,chimy avila,1200000.0
2025-26,ESP1,real-betis-sevilla,127048,cedric bakambu,1200000.0
2025-26,ESP1,real-madrid,,Thibaut Courtois,15000000.0
2025-26,ESP1,real-madrid,,Andriy Lunin,12000000.0
2025-26,ESP1,real-madrid,,Fran González,3000000.0
2025-26,ESP1,real-madrid,,Sergio Mestre,200000.0
2025-26,ESP1,real-madrid,,Álvaro González,25000.0
2025-26,ESP1,real-madrid,,Dean Huijsen,60000000.0
2025-26,ESP1,real-madrid,,Éder Militão,20000000.0
2025-26,ESP1,real-madrid,,Raúl Asencio,20000000.0
2025-26,ESP1,real-madrid,,Antonio Rüdiger,6000000.0
2025-26,ESP1,real-madrid,,Joan Martínez,5000000.0
2025-26,ESP1,real-madrid,,Víctor Valdepeñas,5000000.0
2025-26,ESP1,real-madrid,,Diego Aguado,5000000.0
2025-26,ESP1,real-madrid,,Lamini Fati,3000000.0
2025-26,ESP1,real-madrid,,David Alaba,3000000.0
2025-26,ESP1,real-madrid,,Álvaro Carreras,50000000.0
2025-26,ESP1,real-madrid,,Fran García,10000000.0
2025-26,ESP1,real-madrid,,Ferland Mendy,4000000.0
2025-26,ESP1,real-madrid,,Manu Serrano,600000.0
2025-26,ESP1,real-madrid,,Trent Alexander-Arnold,60000000.0
2025-26,ESP1,real-madrid,,David Jiménez,5000000.0
2025-26,ESP1,real-madrid,,Daniel Carvajal,4000000.0
2025-26,ESP1,real-madrid,,Jesús Fortea,3000000.0
2025-26,ESP1,real-madrid,,Aurélien Tchouaméni,70000000.0
2025-26,ESP1,real-madrid,,Federico Valverde,90000000.0
2025-26,ESP1,real-madrid,,Eduardo Camavinga,50000000.0
2025-26,ESP1,real-madrid,,Thiago Pitarch,20000000.0
2025-26,ESP1,real-madrid,,Jorge Cestero,7500000.0
2025-26,ESP1,real-madrid,,Dani Ceballos,7000000.0
2025-26,ESP1,real-madrid,,Manuel Ángel,5000000.0
2025-26,ESP1,real-madrid,,Daniel Mesonero,400000.0
2025-26,ESP1,real-madrid,,Jude Bellingham,130000000.0
2025-26,ESP1,real-madrid,,Arda Güler,90000000.0
2025-26,ESP1,real-madrid,,César Palacios,7500000.0
2025-26,ESP1,real-madrid,,Pol Fortuny,5000000.0
2025-26,ESP1,real-madrid,,Vinicius Junior,140000000.0
2025-26,ESP1,real-madrid,,Rodrygo,45000000.0
2025-26,ESP1,real-madrid,,Franco Mastantuono,45000000.0
2025-26,ESP1,real-madrid,,Brahim Díaz,35000000.0
2025-26,ESP1,real-madrid,,Daniel Yáñez,4000000.0
2025-26,ESP1,real-madrid,,Álvaro Leiva,500000.0
2025-26,ESP1,real-madrid,,Kylian Mbappé,180000000.0
2025-26,ESP1,real-madrid,,Endrick,40000000.0
2025-26,ESP1,real-madrid,,Gonzalo García,30000000.0
2025-26,ESP1,real-oviedo,284430,aaron escandell,3000000.0
2025-26,ESP1,real-oviedo,525438,horatiu moldovan,1800000.0
2025-26,ESP1,real-oviedo,854158,miguel narvaez,200000.0
2025-26,ESP1,real-oviedo,498237,david carmo,5000000.0
2025-26,ESP1,real-oviedo,286384,eric bailly,1200000.0
2025-26,ESP1,real-oviedo,276111,david costas,1200000.0
2025-26,ESP1,real-oviedo,326416,dani calvo,900000.0
2025-26,ESP1,real-oviedo,447823,oier luengo,700000.0
2025-26,ESP1,real-oviedo,1065832,marco esteban,500000.0
2025-26,ESP1,real-oviedo,1094227,diego espinosa,250000.0
2025-26,ESP1,real-oviedo,568158,javi lopez,5000000.0
2025-26,ESP1,real-oviedo,929899,rahim alhassane,1500000.0
2025-26,ESP1,real-oviedo,1038133,omar falah,150000.0
2025-26,ESP1,real-oviedo,216870,nacho vidal,1200000.0
2025-26,ESP1,real-oviedo,349884,lucas ahijado,600000.0
2025-26,ESP1,real-oviedo,1065830,adrian fernandez,100000.0
2025-26,ESP1,real-oviedo,462070,nicolas fonseca,3000000.0
2025-26,ESP1,real-oviedo,395122,santiago colombatto,2500000.0
2025-26,ESP1,real-oviedo,168157,leander dendoncker,1800000.0
2025-26,ESP1,real-oviedo,603696,alberto reina,2000000.0
2025-26,ESP1,real-oviedo,538006,kwasi sibo,1400000.0
2025-26,ESP1,real-oviedo,15799,santi cazorla,200000.0
2025-26,ESP1,real-oviedo,1065837,diego menendez,150000.0
2025-26,ESP1,real-oviedo,1065836,cheli pereda,100000.0
2025-26,ESP1,real-oviedo,429790,luka ilic,1400000.0
2025-26,ESP1,real-oviedo,1081496,pablo agudin,1000000.0
2025-26,ESP1,real-oviedo,719737,alex cardero,400000.0
2025-26,ESP1,real-oviedo,1127730,thiago fernandez,4500000.0
2025-26,ESP1,real-oviedo,593412,ilyas chaira,4000000.0
2025-26,ESP1,real-oviedo,293169,josip brekalo,2000000.0
2025-26,ESP1,real-oviedo,804708,brandon domingues,500000.0
2025-26,ESP1,real-oviedo,337284,ovie ejaria,400000.0
2025-26,ESP1,real-oviedo,217155,borja sanchez,200000.0
2025-26,ESP1,real-oviedo,620164,haissem hassan,3500000.0
2025-26,ESP1,real-oviedo,1118685,lamine gueye,50000.0
2025-26,ESP1,real-oviedo,578419,federico vinas,4000000.0
2025-26,ESP1,real-oviedo,743951,thiago borbas,3500000.0
2025-26,ESP1,real-oviedo,709380,alex fores,700000.0
2025-26,ESP1,real-oviedo,80197,salomon rondon,350000.0
2025-26,ESP1,real-sociedad-san-sebastian,,Álex Remiro,9000000.0
2025-26,ESP1,real-sociedad-san-sebastian,,Aitor Fraga,1000000.0
2025-26,ESP1,real-sociedad-san-sebastian,,Unai Marrero,1000000.0
2025-26,ESP1,real-sociedad-san-sebastian,,Jon Martín,25000000.0
2025-26,ESP1,real-sociedad-san-sebastian,,Igor Zubeldia,6000000.0
2025-26,ESP1,real-sociedad-san-sebastian,,Jon Pacheco,5000000.0
2025-26,ESP1,real-sociedad-san-sebastian,,Duje Caleta-Car,2800000.0
2025-26,ESP1,real-sociedad-san-sebastian,,Kazunari Kita,2000000.0
2025-26,ESP1,real-sociedad-san-sebastian,,Aritz Elustondo,1500000.0
2025-26,ESP1,real-sociedad-san-sebastian,,Luken Beitia,1000000.0
2025-26,ESP1,real-sociedad-san-sebastian,,Sergio Gómez,15000000.0
2025-26,ESP1,real-sociedad-san-sebastian,,Aihen Muñoz,2500000.0
2025-26,ESP1,real-sociedad-san-sebastian,,Jon Aramburu,15000000.0
2025-26,ESP1,real-sociedad-san-sebastian,,Hamari Traoré,1500000.0
2025-26,ESP1,real-sociedad-san-sebastian,,Álvaro Odriozola,800000.0
2025-26,ESP1,real-sociedad-san-sebastian,,Iñaki Rupérez,200000.0
2025-26,ESP1,real-sociedad-san-sebastian,,Jon Gorrotxategi,25000000.0
2025-26,ESP1,real-sociedad-san-sebastian,,Urko González de Zárate,12000000.0
2025-26,ESP1,real-sociedad-san-sebastian,,Beñat Turrientes,10000000.0
2025-26,ESP1,real-sociedad-san-sebastian,,Luka Sucic,10000000.0
2025-26,ESP1,real-sociedad-san-sebastian,,Carlos Soler,7000000.0
2025-26,ESP1,real-sociedad-san-sebastian,,Yangel Herrera,6000000.0
2025-26,ESP1,real-sociedad-san-sebastian,,Tomy Carbonell,1000000.0
2025-26,ESP1,real-sociedad-san-sebastian,,Ibai Aguirre,1000000.0
2025-26,ESP1,real-sociedad-san-sebastian,,Alex Lebarbier,400000.0
2025-26,ESP1,real-sociedad-san-sebastian,,Arsen Zakharyan,9000000.0
2025-26,ESP1,real-sociedad-san-sebastian,,Brais Méndez,8000000.0
2025-26,ESP1,real-sociedad-san-sebastian,,Pablo Marín,7000000.0
2025-26,ESP1,real-sociedad-san-sebastian,,Mikel Goti,1000000.0
2025-26,ESP1,real-sociedad-san-sebastian,,Ander Barrenetxea,18000000.0
2025-26,ESP1,real-sociedad-san-sebastian,,Gonçalo Guedes,6000000.0
2025-26,ESP1,real-sociedad-san-sebastian,,Wesley,4000000.0
2025-26,ESP1,real-sociedad-san-sebastian,,Alex Marchal,2000000.0
2025-26,ESP1,real-sociedad-san-sebastian,,Arkaitz Mariezkurrena,1000000.0
2025-26,ESP1,real-sociedad-san-sebastian,,Takefusa Kubo,20000000.0
2025-26,ESP1,real-sociedad-san-sebastian,,Lander Astiazaran,2500000.0
2025-26,ESP1,real-sociedad-san-sebastian,,Dani Díaz,2000000.0
2025-26,ESP1,real-sociedad-san-sebastian,,Job Ochieng,2000000.0
2025-26,ESP1,real-sociedad-san-sebastian,,Mikel Oyarzabal,25000000.0
2025-26,ESP1,real-sociedad-san-sebastian,,Orri Óskarsson,20000000.0
2025-26,ESP1,real-sociedad-san-sebastian,,Umar Sadiq,4000000.0
2025-26,ESP1,real-sociedad-san-sebastian,,Gorka Carrera,4000000.0
2025-26,ESP1,real-sociedad-san-sebastian,,Jon Karrikaburu,1800000.0
2025-26,ESP1,ud-levante,,Mathew Ryan,1800000.0
2025-26,ESP1,ud-levante,,Pablo Campos,1500000.0
2025-26,ESP1,ud-levante,,Matías Moreno,6000000.0
2025-26,ESP1,ud-levante,,Alan Matturro,4000000.0
2025-26,ESP1,ud-levante,,Adrián Dela,4000000.0
2025-26,ESP1,ud-levante,,Jorge Cabello,900000.0
2025-26,ESP1,ud-levante,,Unai Elgezabal,500000.0
2025-26,ESP1,ud-levante,,Martín Krug,50000.0
2025-26,ESP1,ud-levante,,Manu Sánchez,6000000.0
2025-26,ESP1,ud-levante,,Diego Pampín,1000000.0
2025-26,ESP1,ud-levante,,Jeremy Toljan,2000000.0
2025-26,ESP1,ud-levante,,Nacho Pérez,300000.0
2025-26,ESP1,ud-levante,,Ugo Raghouber,3000000.0
2025-26,ESP1,ud-levante,,Kervin Arriaga,2000000.0
2025-26,ESP1,ud-levante,,Oriol Rey,1800000.0
2025-26,ESP1,ud-levante,,Pablo Martínez,3000000.0
2025-26,ESP1,ud-levante,,Jon Ander Olasagasti,2500000.0
2025-26,ESP1,ud-levante,,Unai Vencedor,1600000.0
2025-26,ESP1,ud-levante,,Carlos Álvarez,15000000.0
2025-26,ESP1,ud-levante,,Sergio Lozano,1500000.0
2025-26,ESP1,ud-levante,,Roger Brugué,2000000.0
2025-26,ESP1,ud-levante,,Paco Cortés,1500000.0
2025-26,ESP1,ud-levante,,Kareem Tunde,2000000.0
2025-26,ESP1,ud-levante,,Víctor García,1500000.0
2025-26,ESP1,ud-levante,,Tay Abed,1000000.0
2025-26,ESP1,ud-levante,,Iker Losada,1800000.0
2025-26,ESP1,ud-levante,,Carlos Espí,20000000.0
2025-26,ESP1,ud-levante,,Karl Etta Eyong,15000000.0
2025-26,ESP1,ud-levante,,Iván Romero,8000000.0
2025-26,ESP1,ud-levante,,Goduine Koyalipou,2500000.0
2025-26,ESP1,ud-levante,,José Luis Morales,200000.0
2023-24,GER1,1-fc-heidenheim-1846,43824,kevin muller,1000000.0
2023-24,GER1,1-fc-heidenheim-1846,57796,vitus eicher,250000.0
2023-24,GER1,1-fc-heidenheim-1846,806948,frank feller,200000.0
2023-24,GER1,1-fc-heidenheim-1846,519035,paul tschernuth,100000.0
2023-24,GER1,1-fc-heidenheim-1846,227084,benedikt gimber,2800000.0
2023-24,GER1,1-fc-heidenheim-1846,133731,patrick mainka,2500000.0
2023-24,GER1,1-fc-heidenheim-1846,337092,tim siersleben,1500000.0
2023-24,GER1,1-fc-heidenheim-1846,485747,thomas keller,350000.0
2023-24,GER1,1-fc-heidenheim-1846,192169,jonas fohrenbach,2000000.0
2023-24,GER1,1-fc-heidenheim-1846,824353,seedy jarju,200000.0
2023-24,GER1,1-fc-heidenheim-1846,388294,omar traore,2500000.0
2023-24,GER1,1-fc-heidenheim-1846,117478,marnon busch,1200000.0
2023-24,GER1,1-fc-heidenheim-1846,392710,lennard maloney,5000000.0
2023-24,GER1,1-fc-heidenheim-1846,31599,norman theuerkauf,300000.0
2023-24,GER1,1-fc-heidenheim-1846,825971,luka janes,200000.0
2023-24,GER1,1-fc-heidenheim-1846,581357,jan schoppner,3000000.0
2023-24,GER1,1-fc-heidenheim-1846,448028,kevin sessa,2500000.0
2023-24,GER1,1-fc-heidenheim-1846,273669,adrian beck,1500000.0
2023-24,GER1,1-fc-heidenheim-1846,94030,denis thomalla,750000.0
2023-24,GER1,1-fc-heidenheim-1846,184204,christian kuhlwetter,500000.0
2023-24,GER1,1-fc-heidenheim-1846,342967,niklas beste,15000000.0
2023-24,GER1,1-fc-heidenheim-1846,645774,eren dinkci,12000000.0
2023-24,GER1,1-fc-heidenheim-1846,191359,florian pick,700000.0
2023-24,GER1,1-fc-heidenheim-1846,120189,nikola dovedan,800000.0
2023-24,GER1,1-fc-heidenheim-1846,193033,tim kleindienst,6000000.0
2023-24,GER1,1-fc-heidenheim-1846,471055,marvin pieringer,3000000.0
2023-24,GER1,1-fc-heidenheim-1846,394033,stefan schimmer,500000.0
2023-24,GER1,1-fc-heidenheim-1846,741149,elidon qenaj,100000.0
2023-24,GER1,1-fc-koln,160929,marvin schwabe,4000000.0
2023-24,GER1,1-fc-koln,8246,philipp pentke,300000.0
2023-24,GER1,1-fc-koln,665971,jonas nickisch,200000.0
2023-24,GER1,1-fc-koln,227089,matthias kobbing,100000.0
2023-24,GER1,1-fc-koln,303219,jeff chabot,9000000.0
2023-24,GER1,1-fc-koln,236981,timo hubers,5500000.0
2023-24,GER1,1-fc-koln,384553,luca kilian,2000000.0
2023-24,GER1,1-fc-koln,110036,dominique heintz,800000.0
2023-24,GER1,1-fc-koln,795762,elias bakatukanda,250000.0
2023-24,GER1,1-fc-koln,810649,max finkgrafe,6000000.0
2023-24,GER1,1-fc-koln,107219,leart pacarada,1500000.0
2023-24,GER1,1-fc-koln,331779,kristian pedersen,800000.0
2023-24,GER1,1-fc-koln,469949,noah katterbach,600000.0
2023-24,GER1,1-fc-koln,597000,eric martel,7500000.0
2023-24,GER1,1-fc-koln,287188,dejan ljubicic,5000000.0
2023-24,GER1,1-fc-koln,160968,benno schmitz,1500000.0
2023-24,GER1,1-fc-koln,515017,jacob christensen,1500000.0
2023-24,GER1,1-fc-koln,490581,mathias olesen,1500000.0
2023-24,GER1,1-fc-koln,678479,denis huseinbasic,4000000.0
2023-24,GER1,1-fc-koln,542697,rasmus carstensen,2000000.0
2023-24,GER1,1-fc-koln,106270,florian kainz,2500000.0
2023-24,GER1,1-fc-koln,456492,faride alidou,2500000.0
2023-24,GER1,1-fc-koln,720162,justin diehl,2500000.0
2023-24,GER1,1-fc-koln,472249,jan thielmann,5000000.0
2023-24,GER1,1-fc-koln,335103,linton maina,3000000.0
2023-24,GER1,1-fc-koln,324344,dimitrios limnios,900000.0
2023-24,GER1,1-fc-koln,178459,davie selke,2800000.0
2023-24,GER1,1-fc-koln,196095,luca waldschmidt,2500000.0
2023-24,GER1,1-fc-koln,820241,damion downs,2000000.0
2023-24,GER1,1-fc-koln,296879,steffen tigges,1500000.0
2023-24,GER1,1-fc-koln,112935,mark uth,1000000.0
2023-24,GER1,1-fc-koln,125614,sargis adamyan,600000.0
2023-24,GER1,1-fc-koln,283871,florian dietz,600000.0
2023-24,GER1,1-fc-union-berlin,,Frederik Rönnow,4500000.0
2023-24,GER1,1-fc-union-berlin,,Alexander Schwolow,700000.0
2023-24,GER1,1-fc-union-berlin,,Jakob Busk,250000.0
2023-24,GER1,1-fc-union-berlin,,Yannic Stein,200000.0
2023-24,GER1,1-fc-union-berlin,,Danilho Doekhi,17000000.0
2023-24,GER1,1-fc-union-berlin,,Diogo Leite,15000000.0
2023-24,GER1,1-fc-union-berlin,,Robin Knoche,2500000.0
2023-24,GER1,1-fc-union-berlin,,Kevin Vogt,2000000.0
2023-24,GER1,1-fc-union-berlin,,Paul Jaeckel,2000000.0
2023-24,GER1,1-fc-union-berlin,,Leonardo Bonucci,1000000.0
2023-24,GER1,1-fc-union-berlin,,Robin Gosens,12000000.0
2023-24,GER1,1-fc-union-berlin,,Jérôme Roussillon,2500000.0
2023-24,GER1,1-fc-union-berlin,,Josip Juranovic,7500000.0
2023-24,GER1,1-fc-union-berlin,,Christopher Trimmel,600000.0
2023-24,GER1,1-fc-union-berlin,,Laurenz Dehl,200000.0
2023-24,GER1,1-fc-union-berlin,,Rani Khedira,5000000.0
2023-24,GER1,1-fc-union-berlin,,Aljoscha Kemlein,3000000.0
2023-24,GER1,1-fc-union-berlin,,Lucas Tousart,7000000.0
2023-24,GER1,1-fc-union-berlin,,Aïssa Laïdouni,6000000.0
2023-24,GER1,1-fc-union-berlin,,András Schäfer,5000000.0
2023-24,GER1,1-fc-union-berlin,,Alex Král,5000000.0
2023-24,GER1,1-fc-union-berlin,,Janik Haberer,3000000.0
2023-24,GER1,1-fc-union-berlin,,Brenden Aaronson,12000000.0
2023-24,GER1,1-fc-union-berlin,,Kevin Volland,4000000.0
2023-24,GER1,1-fc-union-berlin,,Milos Pantovic,800000.0
2023-24,GER1,1-fc-union-berlin,,Sheraldo Becker,10000000.0
2023-24,GER1,1-fc-union-berlin,,David Datro Fofana,12000000.0
2023-24,GER1,1-fc-union-berlin,,Yorbe Vertessen,5000000.0
2023-24,GER1,1-fc-union-berlin,,Jordan,4000000.0
2023-24,GER1,1-fc-union-berlin,,Benedict Hollerbach,4000000.0
2023-24,GER1,1-fc-union-berlin,,Mikkel Kaufmann,2700000.0
2023-24,GER1,1-fc-union-berlin,,Chris Bedia,2500000.0
2023-24,GER1,1-fc-union-berlin,,Kevin Behrens,2000000.0
2023-24,GER1,1-fsv-mainz-05,,Robin Zentner,3000000.0
2023-24,GER1,1-fsv-mainz-05,,Daniel Batz,350000.0
2023-24,GER1,1-fsv-mainz-05,,Lasse Rieß,200000.0
2023-24,GER1,1-fsv-mainz-05,,Sepp van den Berg,12000000.0
2023-24,GER1,1-fsv-mainz-05,,Andreas Hanche-Olsen,9000000.0
2023-24,GER1,1-fsv-mainz-05,,Dominik Kohr,3000000.0
2023-24,GER1,1-fsv-mainz-05,,Maxim Leitsch,1500000.0
2023-24,GER1,1-fsv-mainz-05,,Danny da Costa,1200000.0
2023-24,GER1,1-fsv-mainz-05,,Stefan Bell,800000.0
2023-24,GER1,1-fsv-mainz-05,,Lasse Wilhelm,225000.0
2023-24,GER1,1-fsv-mainz-05,,Phillipp Mwene,1800000.0
2023-24,GER1,1-fsv-mainz-05,,Tim Müller,150000.0
2023-24,GER1,1-fsv-mainz-05,,Anthony Caci,7000000.0
2023-24,GER1,1-fsv-mainz-05,,Silvan Widmer,3000000.0
2023-24,GER1,1-fsv-mainz-05,,Anton Stach,15000000.0
2023-24,GER1,1-fsv-mainz-05,,Tom Krauß,4000000.0
2023-24,GER1,1-fsv-mainz-05,,Edimilson Fernandes,3500000.0
2023-24,GER1,1-fsv-mainz-05,,Josuha Guilavogui,700000.0
2023-24,GER1,1-fsv-mainz-05,,Leandro Barreiro,17000000.0
2023-24,GER1,1-fsv-mainz-05,,Nadiem Amiri,7000000.0
2023-24,GER1,1-fsv-mainz-05,,Merveille Papela,1000000.0
2023-24,GER1,1-fsv-mainz-05,,Brajan Gruda,20000000.0
2023-24,GER1,1-fsv-mainz-05,,Jae-sung Lee,2500000.0
2023-24,GER1,1-fsv-mainz-05,,Marco Richter,2000000.0
2023-24,GER1,1-fsv-mainz-05,,Aymen Barkok,1000000.0
2023-24,GER1,1-fsv-mainz-05,,Anwar El Ghazi,2500000.0
2023-24,GER1,1-fsv-mainz-05,,David Mamutovic,250000.0
2023-24,GER1,1-fsv-mainz-05,,Jonathan Burkardt,12000000.0
2023-24,GER1,1-fsv-mainz-05,,Nelson Weiper,5000000.0
2023-24,GER1,1-fsv-mainz-05,,Ludovic Ajorque,3000000.0
2023-24,GER1,1-fsv-mainz-05,,Karim Onisiwo,1500000.0
2023-24,GER1,1-fsv-mainz-05,,Jessic Ngankam,1500000.0
2023-24,GER1,1-fsv-mainz-05,,Marcus Müller,200000.0
2023-24,GER1,bayer-04-leverkusen,,Matej Kovar,7000000.0
2023-24,GER1,bayer-04-leverkusen,,Patrick Pentz,3000000.0
2023-24,GER1,bayer-04-leverkusen,,Lukas Hradecky,2500000.0
2023-24,GER1,bayer-04-leverkusen,,Niklas Lomb,250000.0
2023-24,GER1,bayer-04-leverkusen,,Edmond Tapsoba,45000000.0
2023-24,GER1,bayer-04-leverkusen,,Piero Hincapié,40000000.0
2023-24,GER1,bayer-04-leverkusen,,Odilon Kossounou,35000000.0
2023-24,GER1,bayer-04-leverkusen,,Jonathan Tah,30000000.0
2023-24,GER1,bayer-04-leverkusen,,Alejandro Grimaldo,45000000.0
2023-24,GER1,bayer-04-leverkusen,,Jeremie Frimpong,50000000.0
2023-24,GER1,bayer-04-leverkusen,,Josip Stanisic,28000000.0
2023-24,GER1,bayer-04-leverkusen,,Arthur,5000000.0
2023-24,GER1,bayer-04-leverkusen,,Timothy Fosu-Mensah,800000.0
2023-24,GER1,bayer-04-leverkusen,,Granit Xhaka,20000000.0
2023-24,GER1,bayer-04-leverkusen,,Robert Andrich,17000000.0
2023-24,GER1,bayer-04-leverkusen,,Exequiel Palacios,45000000.0
2023-24,GER1,bayer-04-leverkusen,,Nadiem Amiri,7000000.0
2023-24,GER1,bayer-04-leverkusen,,Gustavo Puerta,3000000.0
2023-24,GER1,bayer-04-leverkusen,,Noah Mbamba,2500000.0
2023-24,GER1,bayer-04-leverkusen,,Florian Wirtz,130000000.0
2023-24,GER1,bayer-04-leverkusen,,Jonas Hofmann,10000000.0
2023-24,GER1,bayer-04-leverkusen,,Ayman Aourir,300000.0
2023-24,GER1,bayer-04-leverkusen,,Amine Adli,30000000.0
2023-24,GER1,bayer-04-leverkusen,,Nathan Tella,23000000.0
2023-24,GER1,bayer-04-leverkusen,,Victor Boniface,40000000.0
2023-24,GER1,bayer-04-leverkusen,,Patrik Schick,22000000.0
2023-24,GER1,bayer-04-leverkusen,,Adam Hlozek,12000000.0
2023-24,GER1,bayer-04-leverkusen,,Borja Iglesias,5000000.0
2023-24,GER1,borussia-dortmund,,Gregor Kobel,40000000.0
2023-24,GER1,borussia-dortmund,,Marcel Lotka,1300000.0
2023-24,GER1,borussia-dortmund,,Alexander Meyer,800000.0
2023-24,GER1,borussia-dortmund,,Nico Schlotterbeck,40000000.0
2023-24,GER1,borussia-dortmund,,Niklas Süle,15000000.0
2023-24,GER1,borussia-dortmund,,Emre Can,10000000.0
2023-24,GER1,borussia-dortmund,,Ramy Bensebaini,7000000.0
2023-24,GER1,borussia-dortmund,,Mats Hummels,5000000.0
2023-24,GER1,borussia-dortmund,,Hendry Blank,2500000.0
2023-24,GER1,borussia-dortmund,,Abdoulaye Kamara,1500000.0
2023-24,GER1,borussia-dortmund,,Antonios Papadopoulos,1000000.0
2023-24,GER1,borussia-dortmund,,Ian Maatsen,40000000.0
2023-24,GER1,borussia-dortmund,,Guille Bueno,600000.0
2023-24,GER1,borussia-dortmund,,Julian Ryerson,20000000.0
2023-24,GER1,borussia-dortmund,,Marius Wolf,3000000.0
2023-24,GER1,borussia-dortmund,,Thomas Meunier,2500000.0
2023-24,GER1,borussia-dortmund,,Mateu Morey,800000.0
2023-24,GER1,borussia-dortmund,,Salih Özcan,10000000.0
2023-24,GER1,borussia-dortmund,,Felix Nmecha,20000000.0
2023-24,GER1,borussia-dortmund,,Marcel Sabitzer,20000000.0
2023-24,GER1,borussia-dortmund,,Kjell Wätjen,2000000.0
2023-24,GER1,borussia-dortmund,,Julian Brandt,40000000.0
2023-24,GER1,borussia-dortmund,,Giovanni Reyna,18000000.0
2023-24,GER1,borussia-dortmund,,Thorgan Hazard,5000000.0
2023-24,GER1,borussia-dortmund,,Marco Reus,5000000.0
2023-24,GER1,borussia-dortmund,,Ole Pohlmann,1500000.0
2023-24,GER1,borussia-dortmund,,Jadon Sancho,30000000.0
2023-24,GER1,borussia-dortmund,,Jamie Gittens,28000000.0
2023-24,GER1,borussia-dortmund,,Julien Duranville,8500000.0
2023-24,GER1,borussia-dortmund,,Karim Adeyemi,28000000.0
2023-24,GER1,borussia-dortmund,,Samuel Bamba,800000.0
2023-24,GER1,borussia-dortmund,,Donyell Malen,40000000.0
2023-24,GER1,borussia-dortmund,,Youssoufa Moukoko,22000000.0
2023-24,GER1,borussia-dortmund,,Niclas Füllkrug,15000000.0
2023-24,GER1,borussia-dortmund,,Sébastien Haller,10000000.0
2023-24,GER1,borussia-monchengladbach,247915,jonas omlin,6000000.0
2023-24,GER1,borussia-monchengladbach,284270,moritz nicolas,2500000.0
2023-24,GER1,borussia-monchengladbach,455922,jan olschowsky,600000.0
2023-24,GER1,borussia-monchengladbach,31653,tobias sippel,300000.0
2023-24,GER1,borussia-monchengladbach,596103,maximilian brull,75000.0
2023-24,GER1,borussia-monchengladbach,355816,ko itakura,12000000.0
2023-24,GER1,borussia-monchengladbach,192635,nico elvedi,10000000.0
2023-24,GER1,borussia-monchengladbach,263361,maximilian wober,10000000.0
2023-24,GER1,borussia-monchengladbach,196231,marvin friedrich,3500000.0
2023-24,GER1,borussia-monchengladbach,724104,fabio chiarodia,2000000.0
2023-24,GER1,borussia-monchengladbach,340480,mamadou doucoure,100000.0
2023-24,GER1,borussia-monchengladbach,524285,luca netz,10000000.0
2023-24,GER1,borussia-monchengladbach,787151,lukas ullrich,750000.0
2023-24,GER1,borussia-monchengladbach,504153,joe scally,10000000.0
2023-24,GER1,borussia-monchengladbach,85791,stefan lainer,2500000.0
2023-24,GER1,borussia-monchengladbach,912455,simon walde,500000.0
2023-24,GER1,borussia-monchengladbach,47587,tony jantschke,400000.0
2023-24,GER1,borussia-monchengladbach,196792,julian weigl,6000000.0
2023-24,GER1,borussia-monchengladbach,82097,christoph kramer,1700000.0
2023-24,GER1,borussia-monchengladbach,624690,manu kone,20000000.0
2023-24,GER1,borussia-monchengladbach,467434,rocco reitz,10000000.0
2023-24,GER1,borussia-monchengladbach,278332,florian neuhaus,7000000.0
2023-24,GER1,borussia-monchengladbach,284010,robin hack,8000000.0
2023-24,GER1,borussia-monchengladbach,586659,yvandro borges sanches,1000000.0
2023-24,GER1,borussia-monchengladbach,229006,franck honorat,12000000.0
2023-24,GER1,borussia-monchengladbach,629588,nathan ngoumou,5000000.0
2023-24,GER1,borussia-monchengladbach,321070,hannes wolf,2000000.0
2023-24,GER1,borussia-monchengladbach,32711,patrick herrmann,1000000.0
2023-24,GER1,borussia-monchengladbach,544148,tomas cvancara,8000000.0
2023-24,GER1,borussia-monchengladbach,167329,alassane plea,7000000.0
2023-24,GER1,borussia-monchengladbach,355369,jordan,4000000.0
2023-24,GER1,borussia-monchengladbach,574201,grant leon ranos,1000000.0
2023-24,GER1,borussia-monchengladbach,1073997,shio fukuda,300000.0
2023-24,GER1,eintracht-frankfurt,,Kevin Trapp,4000000.0
2023-24,GER1,eintracht-frankfurt,,Kauã Santos,1500000.0
2023-24,GER1,eintracht-frankfurt,,Simon Simoni,500000.0
2023-24,GER1,eintracht-frankfurt,,Jens Grahl,200000.0
2023-24,GER1,eintracht-frankfurt,,Luke Gauer,100000.0
2023-24,GER1,eintracht-frankfurt,,Willian Pacho,35000000.0
2023-24,GER1,eintracht-frankfurt,,Robin Koch,18000000.0
2023-24,GER1,eintracht-frankfurt,,Tuta,12000000.0
2023-24,GER1,eintracht-frankfurt,,Hrvoje Smolcic,3000000.0
2023-24,GER1,eintracht-frankfurt,,Nnamdi Collins,1000000.0
2023-24,GER1,eintracht-frankfurt,,Dario Gebuhr,400000.0
2023-24,GER1,eintracht-frankfurt,,Davis Bautista,250000.0
2023-24,GER1,eintracht-frankfurt,,Niels Nkounkou,7500000.0
2023-24,GER1,eintracht-frankfurt,,Philipp Max,2000000.0
2023-24,GER1,eintracht-frankfurt,,Christopher Lenz,1500000.0
2023-24,GER1,eintracht-frankfurt,,Aurélio Buta,5000000.0
2023-24,GER1,eintracht-frankfurt,,Elias Baum,1000000.0
2023-24,GER1,eintracht-frankfurt,,Timothy Chandler,500000.0
2023-24,GER1,eintracht-frankfurt,,Ellyes Skhiri,11000000.0
2023-24,GER1,eintracht-frankfurt,,Kristijan Jakic,6500000.0
2023-24,GER1,eintracht-frankfurt,,Makoto Hasebe,500000.0
2023-24,GER1,eintracht-frankfurt,,Hugo Larsson,28000000.0
2023-24,GER1,eintracht-frankfurt,,Donny van de Beek,5000000.0
2023-24,GER1,eintracht-frankfurt,,Sebastian Rode,1000000.0
2023-24,GER1,eintracht-frankfurt,,Marcel Wenig,600000.0
2023-24,GER1,eintracht-frankfurt,,Sidney Raebiger,300000.0
2023-24,GER1,eintracht-frankfurt,,Mehdi Loune,300000.0
2023-24,GER1,eintracht-frankfurt,,Harpreet Ghotra,100000.0
2023-24,GER1,eintracht-frankfurt,,Junior Dina Ebimbe,12000000.0
2023-24,GER1,eintracht-frankfurt,,Farès Chaïbi,18000000.0
2023-24,GER1,eintracht-frankfurt,,Mario Götze,5500000.0
2023-24,GER1,eintracht-frankfurt,,Paxten Aaronson,4500000.0
2023-24,GER1,eintracht-frankfurt,,Marko Mladenovic,500000.0
2023-24,GER1,eintracht-frankfurt,,Jean-Mattéo Bahoya,7500000.0
2023-24,GER1,eintracht-frankfurt,,Jens Petter Hauge,2500000.0
2023-24,GER1,eintracht-frankfurt,,Jesper Lindstrøm,22000000.0
2023-24,GER1,eintracht-frankfurt,,Ansgar Knauff,10000000.0
2023-24,GER1,eintracht-frankfurt,,Randal Kolo Muani,45000000.0
2023-24,GER1,eintracht-frankfurt,,Omar Marmoush,22000000.0
2023-24,GER1,eintracht-frankfurt,,Hugo Ekitiké,20000000.0
2023-24,GER1,eintracht-frankfurt,,Sasa Kalajdzic,5000000.0
2023-24,GER1,eintracht-frankfurt,,Nacho Ferri,2000000.0
2023-24,GER1,eintracht-frankfurt,,Jessic Ngankam,1500000.0
2023-24,GER1,eintracht-frankfurt,,Lucas Alario,1500000.0
2023-24,GER1,eintracht-frankfurt,,Noel Futkeu,400000.0
2023-24,GER1,fc-augsburg,251299,finn dahmen,5000000.0
2023-24,GER1,fc-augsburg,146714,tomas koubek,800000.0
2023-24,GER1,fc-augsburg,656250,marcel lubik,300000.0
2023-24,GER1,fc-augsburg,278343,felix uduokhai,7000000.0
2023-24,GER1,fc-augsburg,388363,maximilian bauer,3000000.0
2023-24,GER1,fc-augsburg,391742,patric pfeiffer,2000000.0
2023-24,GER1,fc-augsburg,106405,jeffrey gouweleeuw,2000000.0
2023-24,GER1,fc-augsburg,346478,japhet tanganga,1800000.0
2023-24,GER1,fc-augsburg,314295,reece oxford,1500000.0
2023-24,GER1,fc-augsburg,569349,frederik winther,800000.0
2023-24,GER1,fc-augsburg,520468,iago,4000000.0
2023-24,GER1,fc-augsburg,288429,mads pedersen,2500000.0
2023-24,GER1,fc-augsburg,730484,aaron zehnter,1500000.0
2023-24,GER1,fc-augsburg,371000,david colina,1000000.0
2023-24,GER1,fc-augsburg,183321,kevin mbabu,4000000.0
2023-24,GER1,fc-augsburg,353826,robert gumny,2000000.0
2023-24,GER1,fc-augsburg,146163,raphael framberger,600000.0
2023-24,GER1,fc-augsburg,374954,kristijan jakic,6500000.0
2023-24,GER1,fc-augsburg,251302,niklas dorsch,4000000.0
2023-24,GER1,fc-augsburg,569457,tim breithaupt,3000000.0
2023-24,GER1,fc-augsburg,381260,david deger,100000.0
2023-24,GER1,fc-augsburg,730486,mahmut kucuksahin,100000.0
2023-24,GER1,fc-augsburg,565435,arne engels,9000000.0
2023-24,GER1,fc-augsburg,296397,arne maier,5000000.0
2023-24,GER1,fc-augsburg,280575,elvis rexhbecaj,3500000.0
2023-24,GER1,fc-augsburg,249157,fredrik jensen,3500000.0
2023-24,GER1,fc-augsburg,263804,pep biel,3000000.0
2023-24,GER1,fc-augsburg,777005,mert komur,2000000.0
2023-24,GER1,fc-augsburg,605572,daniel hausmann,100000.0
2023-24,GER1,fc-augsburg,345886,ruben vargas,7500000.0
2023-24,GER1,fc-augsburg,557614,nathanael mbuku,2000000.0
2023-24,GER1,fc-augsburg,307052,masaya okugawa,1500000.0
2023-24,GER1,fc-augsburg,342226,irvin cardona,2500000.0
2023-24,GER1,fc-augsburg,186988,sven michel,700000.0
2023-24,GER1,fc-augsburg,335457,ermedin demirovic,28000000.0
2023-24,GER1,fc-augsburg,307924,mergim berisha,10000000.0
2023-24,GER1,fc-augsburg,288340,phillip tietz,5000000.0
2023-24,GER1,fc-augsburg,618350,dion beljo,4000000.0
2023-24,GER1,fc-bayern-munchen,17259,manuel neuer,4000000.0
2023-24,GER1,fc-bayern-munchen,468539,daniel peretz,3000000.0
2023-24,GER1,fc-bayern-munchen,40680,sven ulreich,700000.0
2023-24,GER1,fc-bayern-munchen,937713,max schmitt,500000.0
2023-24,GER1,fc-bayern-munchen,639582,tom ritzy hulsmann,250000.0
2023-24,GER1,fc-bayern-munchen,326031,matthijs de ligt,65000000.0
2023-24,GER1,fc-bayern-munchen,353366,benjamin pavard,50000000.0
2023-24,GER1,fc-bayern-munchen,344695,dayot upamecano,45000000.0
2023-24,GER1,fc-bayern-munchen,503482,min jae kim,45000000.0
2023-24,GER1,fc-bayern-munchen,175722,eric dier,12000000.0
2023-24,GER1,fc-bayern-munchen,744729,tarek buchmann,500000.0
2023-24,GER1,fc-bayern-munchen,424204,alphonso davies,50000000.0
2023-24,GER1,fc-bayern-munchen,170986,raphael guerreiro,12000000.0
2023-24,GER1,fc-bayern-munchen,604320,frans kratzig,2000000.0
2023-24,GER1,fc-bayern-munchen,938146,adam aznou,900000.0
2023-24,GER1,fc-bayern-munchen,920283,matteo perez vinlof,600000.0
2023-24,GER1,fc-bayern-munchen,223967,konrad laimer,30000000.0
2023-24,GER1,fc-bayern-munchen,340456,noussair mazraoui,30000000.0
2023-24,GER1,fc-bayern-munchen,475413,sacha boey,18000000.0
2023-24,GER1,fc-bayern-munchen,190685,bouna sarr,1500000.0
2023-24,GER1,fc-bayern-munchen,707350,max scholze,700000.0
2023-24,GER1,fc-bayern-munchen,161056,joshua kimmich,50000000.0
2023-24,GER1,fc-bayern-munchen,478573,ryan gravenberch,35000000.0
2023-24,GER1,fc-bayern-munchen,792380,aleksandar pavlovic,30000000.0
2023-24,GER1,fc-bayern-munchen,904974,noel aseko,750000.0
2023-24,GER1,fc-bayern-munchen,522242,luca denk,250000.0
2023-24,GER1,fc-bayern-munchen,153084,leon goretzka,30000000.0
2023-24,GER1,fc-bayern-munchen,868622,taichi fukui,700000.0
2023-24,GER1,fc-bayern-munchen,580195,jamal musiala,120000000.0
2023-24,GER1,fc-bayern-munchen,892973,lovro zvonarek,3000000.0
2023-24,GER1,fc-bayern-munchen,856274,jonathan asp jensen,1300000.0
2023-24,GER1,fc-bayern-munchen,243714,kingsley coman,50000000.0
2023-24,GER1,fc-bayern-munchen,801734,mathys tel,40000000.0
2023-24,GER1,fc-bayern-munchen,713644,bryan zaragoza,12000000.0
2023-24,GER1,fc-bayern-munchen,192565,leroy sane,70000000.0
2023-24,GER1,fc-bayern-munchen,159471,serge gnabry,40000000.0
2023-24,GER1,fc-bayern-munchen,58358,thomas muller,8000000.0
2023-24,GER1,fc-bayern-munchen,132098,harry kane,100000000.0
2023-24,GER1,fc-bayern-munchen,45660,eric maxim choupo moting,2500000.0
2023-24,GER1,rasenballsport-leipzig,,Péter Gulácsi,3000000.0
2023-24,GER1,rasenballsport-leipzig,,Janis Blaswich,2000000.0
2023-24,GER1,rasenballsport-leipzig,,Timo Schlieck,500000.0
2023-24,GER1,rasenballsport-leipzig,,Leopold Zingerle,400000.0
2023-24,GER1,rasenballsport-leipzig,,Castello Lukeba,40000000.0
2023-24,GER1,rasenballsport-leipzig,,Mohamed Simakan,35000000.0
2023-24,GER1,rasenballsport-leipzig,,El Chadaille Bitshiabu,12000000.0
2023-24,GER1,rasenballsport-leipzig,,Willi Orbán,10000000.0
2023-24,GER1,rasenballsport-leipzig,,Lukas Klostermann,8000000.0
2023-24,GER1,rasenballsport-leipzig,,David Raum,20000000.0
2023-24,GER1,rasenballsport-leipzig,,Christopher Lenz,1500000.0
2023-24,GER1,rasenballsport-leipzig,,Benjamin Henrichs,20000000.0
2023-24,GER1,rasenballsport-leipzig,,Hugo Novoa,2500000.0
2023-24,GER1,rasenballsport-leipzig,,Nicolas Seiwald,16000000.0
2023-24,GER1,rasenballsport-leipzig,,Xaver Schlager,28000000.0
2023-24,GER1,rasenballsport-leipzig,,Amadou Haidara,20000000.0
2023-24,GER1,rasenballsport-leipzig,,Kevin Kampl,3500000.0
2023-24,GER1,rasenballsport-leipzig,,Ilaix Moriba,3000000.0
2023-24,GER1,rasenballsport-leipzig,,Xavi Simons,80000000.0
2023-24,GER1,rasenballsport-leipzig,,Dani Olmo,50000000.0
2023-24,GER1,rasenballsport-leipzig,,Eljif Elmas,20000000.0
2023-24,GER1,rasenballsport-leipzig,,Christoph Baumgartner,18000000.0
2023-24,GER1,rasenballsport-leipzig,,Fábio Carvalho,14000000.0
2023-24,GER1,rasenballsport-leipzig,,Emil Forsberg,5000000.0
2023-24,GER1,rasenballsport-leipzig,,Loïs Openda,60000000.0
2023-24,GER1,rasenballsport-leipzig,,Benjamin Sesko,50000000.0
2023-24,GER1,rasenballsport-leipzig,,Timo Werner,17000000.0
2023-24,GER1,rasenballsport-leipzig,,Yussuf Poulsen,6000000.0
2023-24,GER1,sc-freiburg,526845,noah atubolu,10000000.0
2023-24,GER1,sc-freiburg,284769,florian muller,1200000.0
2023-24,GER1,sc-freiburg,741578,jaaso jantunen,400000.0
2023-24,GER1,sc-freiburg,120296,benjamin uphoff,300000.0
2023-24,GER1,sc-freiburg,632147,niklas sauter,250000.0
2023-24,GER1,sc-freiburg,225657,philipp lienhart,15000000.0
2023-24,GER1,sc-freiburg,124502,matthias ginter,10000000.0
2023-24,GER1,sc-freiburg,413843,keven schlotterbeck,6000000.0
2023-24,GER1,sc-freiburg,263380,attila szalai,4000000.0
2023-24,GER1,sc-freiburg,527276,kenneth schmidt,2500000.0
2023-24,GER1,sc-freiburg,45683,manuel gulde,1500000.0
2023-24,GER1,sc-freiburg,599419,max rosenfelder,500000.0
2023-24,GER1,sc-freiburg,93707,christian gunter,5000000.0
2023-24,GER1,sc-freiburg,815078,jordy makengo,3500000.0
2023-24,GER1,sc-freiburg,332798,roland sallai,15000000.0
2023-24,GER1,sc-freiburg,548348,kiliann sildillia,15000000.0
2023-24,GER1,sc-freiburg,93604,lukas kubler,2000000.0
2023-24,GER1,sc-freiburg,342039,yannik keitel,5000000.0
2023-24,GER1,sc-freiburg,55099,nicolas hofler,2000000.0
2023-24,GER1,sc-freiburg,230818,fabian rudlin,350000.0
2023-24,GER1,sc-freiburg,190284,maximilian eggestein,10000000.0
2023-24,GER1,sc-freiburg,720948,mika baur,1800000.0
2023-24,GER1,sc-freiburg,608832,merlin rohl,12000000.0
2023-24,GER1,sc-freiburg,272587,daniel kofi kyereh,3500000.0
2023-24,GER1,sc-freiburg,185077,vincenzo grifo,9000000.0
2023-24,GER1,sc-freiburg,337036,florent muslija,2500000.0
2023-24,GER1,sc-freiburg,351071,ryan johansson,250000.0
2023-24,GER1,sc-freiburg,358504,ritsu doan,18000000.0
2023-24,GER1,sc-freiburg,392163,noah weisshaupt,5000000.0
2023-24,GER1,sc-freiburg,143891,maximilian philipp,2000000.0
2023-24,GER1,sc-freiburg,120205,michael gregoritsch,8000000.0
2023-24,GER1,sc-freiburg,248999,lucas holer,4000000.0
2023-24,GER1,sc-freiburg,452477,junior adamu,4000000.0
2023-24,GER1,sc-freiburg,584254,maximilian breunig,800000.0
2023-24,GER1,sv-darmstadt-98,,Marcel Schuhen,800000.0
2023-24,GER1,sv-darmstadt-98,,Alexander Brunst,400000.0
2023-24,GER1,sv-darmstadt-98,,Morten Behrens,250000.0
2023-24,GER1,sv-darmstadt-98,,Christoph Klarer,3000000.0
2023-24,GER1,sv-darmstadt-98,,Matej Maglica,2000000.0
2023-24,GER1,sv-darmstadt-98,,Clemens Riedel,2000000.0
2023-24,GER1,sv-darmstadt-98,,Bartol Franjic,1800000.0
2023-24,GER1,sv-darmstadt-98,,Christoph Zimmermann,1000000.0
2023-24,GER1,sv-darmstadt-98,,Jannik Müller,800000.0
2023-24,GER1,sv-darmstadt-98,,Thomas Isherwood,500000.0
2023-24,GER1,sv-darmstadt-98,,Fabian Nürnberger,2500000.0
2023-24,GER1,sv-darmstadt-98,,Emir Karić,1000000.0
2023-24,GER1,sv-darmstadt-98,,Fabian Holland,500000.0
2023-24,GER1,sv-darmstadt-98,,Matthias Bader,1800000.0
2023-24,GER1,sv-darmstadt-98,,Andreas Müller,800000.0
2023-24,GER1,sv-darmstadt-98,,Klaus Gjasula,400000.0
2023-24,GER1,sv-darmstadt-98,,Fabian Schnellhardt,1000000.0
2023-24,GER1,sv-darmstadt-98,,Tobias Kempe,500000.0
2023-24,GER1,sv-darmstadt-98,,Frank Ronstadt,550000.0
2023-24,GER1,sv-darmstadt-98,,Marvin Mehlem,2500000.0
2023-24,GER1,sv-darmstadt-98,,Julian Justvan,1500000.0
2023-24,GER1,sv-darmstadt-98,,Braydon Manu,1200000.0
2023-24,GER1,sv-darmstadt-98,,Mathias Honsak,1200000.0
2023-24,GER1,sv-darmstadt-98,,Gerrit Holtmann,1000000.0
2023-24,GER1,sv-darmstadt-98,,Fabio Torsiello,500000.0
2023-24,GER1,sv-darmstadt-98,,Tim Skarke,3000000.0
2023-24,GER1,sv-darmstadt-98,,Oscar Vilhelmsson,2000000.0
2023-24,GER1,sv-darmstadt-98,,Fraser Hornby,1200000.0
2023-24,GER1,sv-darmstadt-98,,Luca Pfeiffer,1200000.0
2023-24,GER1,sv-darmstadt-98,,Filip Stojilkovic,800000.0
2023-24,GER1,sv-darmstadt-98,,Aaron Seydel,500000.0
2023-24,GER1,sv-darmstadt-98,,Sebastian Polter,500000.0
2023-24,GER1,sv-werder-bremen,,Michael Zetterer,3000000.0
2023-24,GER1,sv-werder-bremen,,Jiri Pavlenka,1500000.0
2023-24,GER1,sv-werder-bremen,,Dudu,200000.0
2023-24,GER1,sv-werder-bremen,,Marco Friedl,7500000.0
2023-24,GER1,sv-werder-bremen,,Niklas Stark,5500000.0
2023-24,GER1,sv-werder-bremen,,Milos Veljkovic,4500000.0
2023-24,GER1,sv-werder-bremen,,Amos Pieper,4000000.0
2023-24,GER1,sv-werder-bremen,,Julián Malatini,2500000.0
2023-24,GER1,sv-werder-bremen,,Anthony Jung,1000000.0
2023-24,GER1,sv-werder-bremen,,Olivier Deman,5000000.0
2023-24,GER1,sv-werder-bremen,,Felix Agu,4000000.0
2023-24,GER1,sv-werder-bremen,,Mitchell Weiser,6000000.0
2023-24,GER1,sv-werder-bremen,,Senne Lynen,7000000.0
2023-24,GER1,sv-werder-bremen,,Ilia Gruev,5000000.0
2023-24,GER1,sv-werder-bremen,,Skelly Alvero,4000000.0
2023-24,GER1,sv-werder-bremen,,Nicolai Rapp,700000.0
2023-24,GER1,sv-werder-bremen,,Christian Groß,300000.0
2023-24,GER1,sv-werder-bremen,,Jens Stage,7500000.0
2023-24,GER1,sv-werder-bremen,,Leonardo Bittencourt,2500000.0
2023-24,GER1,sv-werder-bremen,,Naby Keïta,2000000.0
2023-24,GER1,sv-werder-bremen,,Isak Hansen-Aarøen,1500000.0
2023-24,GER1,sv-werder-bremen,,Jakob Löpping,125000.0
2023-24,GER1,sv-werder-bremen,,Leon Opitz,600000.0
2023-24,GER1,sv-werder-bremen,,Romano Schmid,10000000.0
2023-24,GER1,sv-werder-bremen,,Justin Njinmah,9000000.0
2023-24,GER1,sv-werder-bremen,,Niclas Füllkrug,15000000.0
2023-24,GER1,sv-werder-bremen,,Marvin Ducksch,9000000.0
2023-24,GER1,sv-werder-bremen,,Rafael Santos Borré,8000000.0
2023-24,GER1,sv-werder-bremen,,Nick Woltemade,4000000.0
2023-24,GER1,sv-werder-bremen,,Dawid Kownacki,2000000.0
2023-24,GER1,sv-werder-bremen,,Oliver Burke,2000000.0
2023-24,GER1,tsg-1899-hoffenheim,55089,oliver baumann,3000000.0
2023-24,GER1,tsg-1899-hoffenheim,600942,nahuel noll,500000.0
2023-24,GER1,tsg-1899-hoffenheim,432671,luca philipp,300000.0
2023-24,GER1,tsg-1899-hoffenheim,361260,ozan kabak,10000000.0
2023-24,GER1,tsg-1899-hoffenheim,263380,attila szalai,4000000.0
2023-24,GER1,tsg-1899-hoffenheim,160241,kevin akpoguma,3000000.0
2023-24,GER1,tsg-1899-hoffenheim,371141,stanley nsoki,2500000.0
2023-24,GER1,tsg-1899-hoffenheim,822958,tim drexler,2500000.0
2023-24,GER1,tsg-1899-hoffenheim,84435,kevin vogt,2000000.0
2023-24,GER1,tsg-1899-hoffenheim,124732,john brooks,2000000.0
2023-24,GER1,tsg-1899-hoffenheim,790918,joshua quarshie,800000.0
2023-24,GER1,tsg-1899-hoffenheim,263801,kasim adams,700000.0
2023-24,GER1,tsg-1899-hoffenheim,500054,david jurasek,8000000.0
2023-24,GER1,tsg-1899-hoffenheim,443710,angelo stiller,20000000.0
2023-24,GER1,tsg-1899-hoffenheim,344069,anton stach,15000000.0
2023-24,GER1,tsg-1899-hoffenheim,195736,florian grillitsch,6500000.0
2023-24,GER1,tsg-1899-hoffenheim,315604,diadie samassekou,2000000.0
2023-24,GER1,tsg-1899-hoffenheim,234029,grischa promel,7000000.0
2023-24,GER1,tsg-1899-hoffenheim,569031,umut tohumcu,7000000.0
2023-24,GER1,tsg-1899-hoffenheim,822959,tom bischof,3500000.0
2023-24,GER1,tsg-1899-hoffenheim,251309,dennis geiger,3000000.0
2023-24,GER1,tsg-1899-hoffenheim,334999,finn becker,2500000.0
2023-24,GER1,tsg-1899-hoffenheim,450234,marco john,1500000.0
2023-24,GER1,tsg-1899-hoffenheim,143798,pavel kaderabek,3000000.0
2023-24,GER1,tsg-1899-hoffenheim,270393,robert skov,5000000.0
2023-24,GER1,tsg-1899-hoffenheim,324861,julian justvan,1500000.0
2023-24,GER1,tsg-1899-hoffenheim,574193,bambase conte,700000.0
2023-24,GER1,tsg-1899-hoffenheim,116088,marius bulter,2500000.0
2023-24,GER1,tsg-1899-hoffenheim,46580,andrej kramaric,5000000.0
2023-24,GER1,tsg-1899-hoffenheim,578392,maximilian beier,30000000.0
2023-24,GER1,tsg-1899-hoffenheim,307924,mergim berisha,10000000.0
2023-24,GER1,tsg-1899-hoffenheim,228645,wout weghorst,6000000.0
2023-24,GER1,tsg-1899-hoffenheim,237164,ihlas bebou,4000000.0
2023-24,GER1,tsg-1899-hoffenheim,923595,max moerstedt,1000000.0
2023-24,GER1,vfb-stuttgart,195778,alexander nubel,12000000.0
2023-24,GER1,vfb-stuttgart,187624,fabian bredlow,1000000.0
2023-24,GER1,vfb-stuttgart,800946,dennis seimen,1000000.0
2023-24,GER1,vfb-stuttgart,470816,florian schock,200000.0
2023-24,GER1,vfb-stuttgart,353892,hiroki ito,30000000.0
2023-24,GER1,vfb-stuttgart,415912,konstantinos mavropanos,20000000.0
2023-24,GER1,vfb-stuttgart,193004,waldemar anton,20000000.0
2023-24,GER1,vfb-stuttgart,344598,dan axel zagadou,10000000.0
2023-24,GER1,vfb-stuttgart,690799,anthony rouault,7000000.0
2023-24,GER1,vfb-stuttgart,948537,anrie chase,350000.0
2023-24,GER1,vfb-stuttgart,282660,maximilian mittelstadt,17000000.0
2023-24,GER1,vfb-stuttgart,293194,borna sosa,7500000.0
2023-24,GER1,vfb-stuttgart,620312,moussa cisse,175000.0
2023-24,GER1,vfb-stuttgart,448258,josha vagnoman,10000000.0
2023-24,GER1,vfb-stuttgart,507345,leonidas stergiou,5000000.0
2023-24,GER1,vfb-stuttgart,195246,pascal stenzel,2500000.0
2023-24,GER1,vfb-stuttgart,443710,angelo stiller,20000000.0
2023-24,GER1,vfb-stuttgart,146310,wataru endo,13000000.0
2023-24,GER1,vfb-stuttgart,232320,atakan karazor,12000000.0
2023-24,GER1,vfb-stuttgart,191422,mahmoud dahoud,6000000.0
2023-24,GER1,vfb-stuttgart,400546,nikolas nartey,600000.0
2023-24,GER1,vfb-stuttgart,717465,laurin ulrich,500000.0
2023-24,GER1,vfb-stuttgart,826064,samuele di benedetto,450000.0
2023-24,GER1,vfb-stuttgart,569366,enzo millot,30000000.0
2023-24,GER1,vfb-stuttgart,297583,woo yeong jeong,3500000.0
2023-24,GER1,vfb-stuttgart,472243,lilian egloff,800000.0
2023-24,GER1,vfb-stuttgart,79377,genki haraguchi,500000.0
2023-24,GER1,vfb-stuttgart,716756,raul paula,350000.0
2023-24,GER1,vfb-stuttgart,272278,chris fuhrich,28000000.0
2023-24,GER1,vfb-stuttgart,612826,silas,10000000.0
2023-24,GER1,vfb-stuttgart,518505,jamie leweling,9000000.0
2023-24,GER1,vfb-stuttgart,431561,roberto massimo,800000.0
2023-24,GER1,vfb-stuttgart,907489,luca raimund,500000.0
2023-24,GER1,vfb-stuttgart,270541,serhou guirassy,40000000.0
2023-24,GER1,vfb-stuttgart,339314,deniz undav,25000000.0
2023-24,GER1,vfb-stuttgart,572919,mohamed sankoh,700000.0
2023-24,GER1,vfb-stuttgart,943795,jovan milosevic,700000.0
2023-24,GER1,vfb-stuttgart,675565,thomas kastanaras,500000.0
2023-24,GER1,vfl-bochum,,Manuel Riemann,600000.0
2023-24,GER1,vfl-bochum,,Niclas Thiede,350000.0
2023-24,GER1,vfl-bochum,,Andreas Luthe,300000.0
2023-24,GER1,vfl-bochum,,Michael Esser,300000.0
2023-24,GER1,vfl-bochum,,Keven Schlotterbeck,6000000.0
2023-24,GER1,vfl-bochum,,Erhan Masovic,5000000.0
2023-24,GER1,vfl-bochum,,Tim Oermann,4000000.0
2023-24,GER1,vfl-bochum,,Ivan Ordets,2500000.0
2023-24,GER1,vfl-bochum,,Noah Loosli,800000.0
2023-24,GER1,vfl-bochum,,Mohammed Tolba,200000.0
2023-24,GER1,vfl-bochum,,Bernardo,5500000.0
2023-24,GER1,vfl-bochum,,Maximilian Wittek,2000000.0
2023-24,GER1,vfl-bochum,,Danilo Soares,700000.0
2023-24,GER1,vfl-bochum,,Moritz Römling,150000.0
2023-24,GER1,vfl-bochum,,Felix Passlack,1800000.0
2023-24,GER1,vfl-bochum,,Cristian Gamboa,500000.0
2023-24,GER1,vfl-bochum,,Jordi Osei-Tutu,500000.0
2023-24,GER1,vfl-bochum,,Patrick Osterhage,7000000.0
2023-24,GER1,vfl-bochum,,Anthony Losilla,500000.0
2023-24,GER1,vfl-bochum,,Matus Bero,3500000.0
2023-24,GER1,vfl-bochum,,Agon Elezi,800000.0
2023-24,GER1,vfl-bochum,,Mats Pannewig,125000.0
2023-24,GER1,vfl-bochum,,Kevin Stöger,5000000.0
2023-24,GER1,vfl-bochum,,Philipp Förster,1800000.0
2023-24,GER1,vfl-bochum,,Lukas Daschner,1200000.0
2023-24,GER1,vfl-bochum,,Moritz-Broni Kwarteng,1200000.0
2023-24,GER1,vfl-bochum,,Christopher Antwi-Adjei,1200000.0
2023-24,GER1,vfl-bochum,,Takuma Asano,4000000.0
2023-24,GER1,vfl-bochum,,Moritz Broschinski,3000000.0
2023-24,GER1,vfl-bochum,,Philipp Hofmann,1800000.0
2023-24,GER1,vfl-bochum,,Gonçalo Paciência,1500000.0
2023-24,GER1,vfl-bochum,,Simon Zoller,350000.0
2023-24,GER1,vfl-bochum,,Lys Mousset,350000.0
2023-24,GER1,vfl-wolfsburg,,Koen Casteels,6000000.0
2023-24,GER1,vfl-wolfsburg,,Pavao Pervan,300000.0
2023-24,GER1,vfl-wolfsburg,,Philipp Schulze,225000.0
2023-24,GER1,vfl-wolfsburg,,Niklas Klinger,100000.0
2023-24,GER1,vfl-wolfsburg,,Maxence Lacroix,20000000.0
2023-24,GER1,vfl-wolfsburg,,Moritz Jenz,7500000.0
2023-24,GER1,vfl-wolfsburg,,Sebastiaan Bornauw,7000000.0
2023-24,GER1,vfl-wolfsburg,,Cédric Zesiger,5000000.0
2023-24,GER1,vfl-wolfsburg,,Nicolas Cozza,3500000.0
2023-24,GER1,vfl-wolfsburg,,Anders Børset,150000.0
2023-24,GER1,vfl-wolfsburg,,Felix Lange,75000.0
2023-24,GER1,vfl-wolfsburg,,Joakim Maehle,14000000.0
2023-24,GER1,vfl-wolfsburg,,Rogério,5000000.0
2023-24,GER1,vfl-wolfsburg,,Ridle Baku,7000000.0
2023-24,GER1,vfl-wolfsburg,,Kilian Fischer,1500000.0
2023-24,GER1,vfl-wolfsburg,,Kofi Amoako,400000.0
2023-24,GER1,vfl-wolfsburg,,Aster Vranckx,12000000.0
2023-24,GER1,vfl-wolfsburg,,Mattias Svanberg,12000000.0
2023-24,GER1,vfl-wolfsburg,,Maximilian Arnold,7000000.0
2023-24,GER1,vfl-wolfsburg,,Yannick Gerhardt,4000000.0
2023-24,GER1,vfl-wolfsburg,,Kevin Paredes,7500000.0
2023-24,GER1,vfl-wolfsburg,,Lovro Majer,20000000.0
2023-24,GER1,vfl-wolfsburg,,Jakub Kamiński,6000000.0
2023-24,GER1,vfl-wolfsburg,,Ulysses Llanez,200000.0
2023-24,GER1,vfl-wolfsburg,,Patrick Wimmer,15000000.0
2023-24,GER1,vfl-wolfsburg,,Vaclav Cerny,7000000.0
2023-24,GER1,vfl-wolfsburg,,Tiago Tomás,6000000.0
2023-24,GER1,vfl-wolfsburg,,Jonas Wind,20000000.0
2023-24,GER1,vfl-wolfsburg,,Lukas Nmecha,5000000.0
2023-24,GER1,vfl-wolfsburg,,Amin Sarr,4000000.0
2023-24,GER1,vfl-wolfsburg,,Kevin Behrens,2000000.0
2023-24,GER1,vfl-wolfsburg,,Dzenan Pejcinovic,1000000.0
2024-25,GER1,1-fc-heidenheim-1846,43824,kevin muller,700000.0
2024-25,GER1,1-fc-heidenheim-1846,806948,frank feller,500000.0
2024-25,GER1,1-fc-heidenheim-1846,57796,vitus eicher,250000.0
2024-25,GER1,1-fc-heidenheim-1846,519035,paul tschernuth,100000.0
2024-25,GER1,1-fc-heidenheim-1846,227084,benedikt gimber,3000000.0
2024-25,GER1,1-fc-heidenheim-1846,133731,patrick mainka,3000000.0
2024-25,GER1,1-fc-heidenheim-1846,337092,tim siersleben,2000000.0
2024-25,GER1,1-fc-heidenheim-1846,485747,thomas keller,500000.0
2024-25,GER1,1-fc-heidenheim-1846,604320,frans kratzig,3500000.0
2024-25,GER1,1-fc-heidenheim-1846,192169,jonas fohrenbach,1500000.0
2024-25,GER1,1-fc-heidenheim-1846,388294,omar traore,4000000.0
2024-25,GER1,1-fc-heidenheim-1846,117478,marnon busch,1200000.0
2024-25,GER1,1-fc-heidenheim-1846,392710,lennard maloney,3500000.0
2024-25,GER1,1-fc-heidenheim-1846,251302,niklas dorsch,3500000.0
2024-25,GER1,1-fc-heidenheim-1846,530173,julian niehues,1500000.0
2024-25,GER1,1-fc-heidenheim-1846,825971,luka janes,200000.0
2024-25,GER1,1-fc-heidenheim-1846,31599,norman theuerkauf,175000.0
2024-25,GER1,1-fc-heidenheim-1846,581357,jan schoppner,4000000.0
2024-25,GER1,1-fc-heidenheim-1846,809498,luca kerber,1500000.0
2024-25,GER1,1-fc-heidenheim-1846,900909,paul wanner,18000000.0
2024-25,GER1,1-fc-heidenheim-1846,273669,adrian beck,2000000.0
2024-25,GER1,1-fc-heidenheim-1846,94030,denis thomalla,450000.0
2024-25,GER1,1-fc-heidenheim-1846,804219,leo scienza,3000000.0
2024-25,GER1,1-fc-heidenheim-1846,283497,mathias honsak,2000000.0
2024-25,GER1,1-fc-heidenheim-1846,924339,christopher negele,250000.0
2024-25,GER1,1-fc-heidenheim-1846,307183,sirlord conteh,1500000.0
2024-25,GER1,1-fc-heidenheim-1846,471055,marvin pieringer,5500000.0
2024-25,GER1,1-fc-heidenheim-1846,187097,budu zivzivadze,2000000.0
2024-25,GER1,1-fc-heidenheim-1846,584254,maximilian breunig,1500000.0
2024-25,GER1,1-fc-heidenheim-1846,545332,mikkel kaufmann,1200000.0
2024-25,GER1,1-fc-heidenheim-1846,394033,stefan schimmer,500000.0
2024-25,GER1,1-fc-union-berlin,,Frederik Rönnow,3000000.0
2024-25,GER1,1-fc-union-berlin,,Alexander Schwolow,500000.0
2024-25,GER1,1-fc-union-berlin,,Carl Klaus,350000.0
2024-25,GER1,1-fc-union-berlin,,Diogo Leite,17000000.0
2024-25,GER1,1-fc-union-berlin,,Danilho Doekhi,13000000.0
2024-25,GER1,1-fc-union-berlin,,Leopold Querfeld,13000000.0
2024-25,GER1,1-fc-union-berlin,,Paul Jaeckel,1000000.0
2024-25,GER1,1-fc-union-berlin,,Kevin Vogt,1000000.0
2024-25,GER1,1-fc-union-berlin,,Tom Rothe,10000000.0
2024-25,GER1,1-fc-union-berlin,,Robin Gosens,8000000.0
2024-25,GER1,1-fc-union-berlin,,Jérôme Roussillon,800000.0
2024-25,GER1,1-fc-union-berlin,,David Preu,400000.0
2024-25,GER1,1-fc-union-berlin,,Josip Juranovic,4000000.0
2024-25,GER1,1-fc-union-berlin,,Christopher Trimmel,600000.0
2024-25,GER1,1-fc-union-berlin,,Aljoscha Kemlein,7000000.0
2024-25,GER1,1-fc-union-berlin,,Rani Khedira,2500000.0
2024-25,GER1,1-fc-union-berlin,,András Schäfer,5000000.0
2024-25,GER1,1-fc-union-berlin,,László Bénes,3000000.0
2024-25,GER1,1-fc-union-berlin,,Janik Haberer,2500000.0
2024-25,GER1,1-fc-union-berlin,,Lucas Tousart,2500000.0
2024-25,GER1,1-fc-union-berlin,,Robert Skov,4000000.0
2024-25,GER1,1-fc-union-berlin,,Woo-yeong Jeong,4000000.0
2024-25,GER1,1-fc-union-berlin,,Kevin Volland,700000.0
2024-25,GER1,1-fc-union-berlin,,Benedict Hollerbach,12000000.0
2024-25,GER1,1-fc-union-berlin,,Yorbe Vertessen,6000000.0
2024-25,GER1,1-fc-union-berlin,,Andrej Ilic,4000000.0
2024-25,GER1,1-fc-union-berlin,,Marin Ljubicic,4000000.0
2024-25,GER1,1-fc-union-berlin,,Jordan,3000000.0
2024-25,GER1,1-fc-union-berlin,,Tim Skarke,2000000.0
2024-25,GER1,1-fc-union-berlin,,Ivan Prtajin,1200000.0
2024-25,GER1,1-fsv-mainz-05,160963,robin zentner,4000000.0
2024-25,GER1,1-fsv-mainz-05,490609,lasse riess,400000.0
2024-25,GER1,1-fsv-mainz-05,90317,daniel batz,250000.0
2024-25,GER1,1-fsv-mainz-05,370683,andreas hanche olsen,6000000.0
2024-25,GER1,1-fsv-mainz-05,460245,moritz jenz,5000000.0
2024-25,GER1,1-fsv-mainz-05,118847,dominik kohr,3500000.0
2024-25,GER1,1-fsv-mainz-05,334207,maxim leitsch,1500000.0
2024-25,GER1,1-fsv-mainz-05,85906,danny da costa,1500000.0
2024-25,GER1,1-fsv-mainz-05,82350,stefan bell,800000.0
2024-25,GER1,1-fsv-mainz-05,934317,maxim dal,150000.0
2024-25,GER1,1-fsv-mainz-05,127573,phillipp mwene,1800000.0
2024-25,GER1,1-fsv-mainz-05,453016,anthony caci,12000000.0
2024-25,GER1,1-fsv-mainz-05,601143,nikolas veratschnig,1500000.0
2024-25,GER1,1-fsv-mainz-05,168989,silvan widmer,1200000.0
2024-25,GER1,1-fsv-mainz-05,643574,kaishu sano,20000000.0
2024-25,GER1,1-fsv-mainz-05,392710,lennard maloney,3500000.0
2024-25,GER1,1-fsv-mainz-05,247555,edimilson fernandes,3000000.0
2024-25,GER1,1-fsv-mainz-05,232454,nadiem amiri,20000000.0
2024-25,GER1,1-fsv-mainz-05,906969,daniel gleiber,225000.0
2024-25,GER1,1-fsv-mainz-05,503160,paul nebel,24000000.0
2024-25,GER1,1-fsv-mainz-05,562948,hyun seok hong,3500000.0
2024-25,GER1,1-fsv-mainz-05,314398,jae sung lee,2500000.0
2024-25,GER1,1-fsv-mainz-05,279009,marco richter,1500000.0
2024-25,GER1,1-fsv-mainz-05,315332,aymen barkok,500000.0
2024-25,GER1,1-fsv-mainz-05,604327,gabriel vidovic,3000000.0
2024-25,GER1,1-fsv-mainz-05,324811,arnaud nordin,5000000.0
2024-25,GER1,1-fsv-mainz-05,569033,armindo sieb,3000000.0
2024-25,GER1,1-fsv-mainz-05,333647,jonathan burkardt,35000000.0
2024-25,GER1,1-fsv-mainz-05,796213,nelson weiper,10000000.0
2024-25,GER1,1-fsv-mainz-05,119234,karim onisiwo,800000.0
2024-25,GER1,bayer-04-leverkusen,,Matej Kovar,5000000.0
2024-25,GER1,bayer-04-leverkusen,,Lukas Hradecky,2000000.0
2024-25,GER1,bayer-04-leverkusen,,Niklas Lomb,250000.0
2024-25,GER1,bayer-04-leverkusen,,Piero Hincapié,50000000.0
2024-25,GER1,bayer-04-leverkusen,,Edmond Tapsoba,35000000.0
2024-25,GER1,bayer-04-leverkusen,,Jonathan Tah,30000000.0
2024-25,GER1,bayer-04-leverkusen,,Odilon Kossounou,25000000.0
2024-25,GER1,bayer-04-leverkusen,,Jeanuël Belocian,15000000.0
2024-25,GER1,bayer-04-leverkusen,,Mario Hermoso,7000000.0
2024-25,GER1,bayer-04-leverkusen,,Alejandro Grimaldo,30000000.0
2024-25,GER1,bayer-04-leverkusen,,Jeremie Frimpong,50000000.0
2024-25,GER1,bayer-04-leverkusen,,Nordi Mukiele,10000000.0
2024-25,GER1,bayer-04-leverkusen,,Arthur,7000000.0
2024-25,GER1,bayer-04-leverkusen,,Granit Xhaka,12000000.0
2024-25,GER1,bayer-04-leverkusen,,Robert Andrich,9000000.0
2024-25,GER1,bayer-04-leverkusen,,Exequiel Palacios,40000000.0
2024-25,GER1,bayer-04-leverkusen,,Aleix García,20000000.0
2024-25,GER1,bayer-04-leverkusen,,Florian Wirtz,140000000.0
2024-25,GER1,bayer-04-leverkusen,,Emiliano Buendía,15000000.0
2024-25,GER1,bayer-04-leverkusen,,Jonas Hofmann,2000000.0
2024-25,GER1,bayer-04-leverkusen,,Francis Onyeka,500000.0
2024-25,GER1,bayer-04-leverkusen,,Amine Adli,18000000.0
2024-25,GER1,bayer-04-leverkusen,,Martin Terrier,17000000.0
2024-25,GER1,bayer-04-leverkusen,,Nathan Tella,15000000.0
2024-25,GER1,bayer-04-leverkusen,,Victor Boniface,40000000.0
2024-25,GER1,bayer-04-leverkusen,,Patrik Schick,27000000.0
2024-25,GER1,bayer-04-leverkusen,,Artem Stepanov,800000.0
2024-25,GER1,bayer-04-leverkusen,,Alejo Sarco,800000.0
2024-25,GER1,borussia-dortmund,,Gregor Kobel,40000000.0
2024-25,GER1,borussia-dortmund,,Alexander Meyer,800000.0
2024-25,GER1,borussia-dortmund,,Marcel Lotka,800000.0
2024-25,GER1,borussia-dortmund,,Silas Ostrzinski,200000.0
2024-25,GER1,borussia-dortmund,,Nico Schlotterbeck,40000000.0
2024-25,GER1,borussia-dortmund,,Waldemar Anton,18000000.0
2024-25,GER1,borussia-dortmund,,Niklas Süle,8000000.0
2024-25,GER1,borussia-dortmund,,Soumaïla Coulibaly,8000000.0
2024-25,GER1,borussia-dortmund,,Ramy Bensebaini,7000000.0
2024-25,GER1,borussia-dortmund,,Emre Can,7000000.0
2024-25,GER1,borussia-dortmund,,Almugera Kabar,1000000.0
2024-25,GER1,borussia-dortmund,,Yannik Lührs,600000.0
2024-25,GER1,borussia-dortmund,,Filippo Mane,600000.0
2024-25,GER1,borussia-dortmund,,David Lelle,200000.0
2024-25,GER1,borussia-dortmund,,Daniel Svensson,12000000.0
2024-25,GER1,borussia-dortmund,,Yan Couto,20000000.0
2024-25,GER1,borussia-dortmund,,Julian Ryerson,20000000.0
2024-25,GER1,borussia-dortmund,,Niklas Jessen,225000.0
2024-25,GER1,borussia-dortmund,,Salih Özcan,4000000.0
2024-25,GER1,borussia-dortmund,,Ayman Azhil,700000.0
2024-25,GER1,borussia-dortmund,,Felix Nmecha,28000000.0
2024-25,GER1,borussia-dortmund,,Jobe Bellingham,22000000.0
2024-25,GER1,borussia-dortmund,,Carney Chukwuemeka,18000000.0
2024-25,GER1,borussia-dortmund,,Marcel Sabitzer,8000000.0
2024-25,GER1,borussia-dortmund,,Pascal Groß,5000000.0
2024-25,GER1,borussia-dortmund,,Kjell Wätjen,2500000.0
2024-25,GER1,borussia-dortmund,,Julian Brandt,25000000.0
2024-25,GER1,borussia-dortmund,,Giovanni Reyna,7000000.0
2024-25,GER1,borussia-dortmund,,Jamie Gittens,50000000.0
2024-25,GER1,borussia-dortmund,,Julien Duranville,8500000.0
2024-25,GER1,borussia-dortmund,,Rodney Elongo-Yombo,400000.0
2024-25,GER1,borussia-dortmund,,Karim Adeyemi,45000000.0
2024-25,GER1,borussia-dortmund,,Cole Campbell,1500000.0
2024-25,GER1,borussia-dortmund,,Serhou Guirassy,45000000.0
2024-25,GER1,borussia-dortmund,,Donyell Malen,25000000.0
2024-25,GER1,borussia-dortmund,,Maximilian Beier,25000000.0
2024-25,GER1,borussia-dortmund,,Sébastien Haller,3000000.0
2024-25,GER1,borussia-dortmund,,Jordi Paulina,250000.0
2024-25,GER1,borussia-monchengladbach,284270,moritz nicolas,5000000.0
2024-25,GER1,borussia-monchengladbach,247915,jonas omlin,2500000.0
2024-25,GER1,borussia-monchengladbach,926301,tiago pereira cardoso,1500000.0
2024-25,GER1,borussia-monchengladbach,31653,tobias sippel,300000.0
2024-25,GER1,borussia-monchengladbach,355816,ko itakura,12000000.0
2024-25,GER1,borussia-monchengladbach,192635,nico elvedi,8000000.0
2024-25,GER1,borussia-monchengladbach,196231,marvin friedrich,3500000.0
2024-25,GER1,borussia-monchengladbach,724104,fabio chiarodia,2000000.0
2024-25,GER1,borussia-monchengladbach,787151,lukas ullrich,8000000.0
2024-25,GER1,borussia-monchengladbach,524285,luca netz,6000000.0
2024-25,GER1,borussia-monchengladbach,504153,joe scally,10000000.0
2024-25,GER1,borussia-monchengladbach,85791,stefan lainer,1200000.0
2024-25,GER1,borussia-monchengladbach,196792,julian weigl,6000000.0
2024-25,GER1,borussia-monchengladbach,388409,philipp sander,4000000.0
2024-25,GER1,borussia-monchengladbach,1009463,niklas swider,250000.0
2024-25,GER1,borussia-monchengladbach,787152,veit stange,150000.0
2024-25,GER1,borussia-monchengladbach,624690,manu kone,40000000.0
2024-25,GER1,borussia-monchengladbach,467434,rocco reitz,15000000.0
2024-25,GER1,borussia-monchengladbach,278332,florian neuhaus,3500000.0
2024-25,GER1,borussia-monchengladbach,106872,kevin stoger,3500000.0
2024-25,GER1,borussia-monchengladbach,696028,noah pesch,300000.0
2024-25,GER1,borussia-monchengladbach,284010,robin hack,12000000.0
2024-25,GER1,borussia-monchengladbach,586659,yvandro borges sanches,500000.0
2024-25,GER1,borussia-monchengladbach,229006,franck honorat,12000000.0
2024-25,GER1,borussia-monchengladbach,629588,nathan ngoumou,4000000.0
2024-25,GER1,borussia-monchengladbach,884822,charles herrmann,300000.0
2024-25,GER1,borussia-monchengladbach,193033,tim kleindienst,17000000.0
2024-25,GER1,borussia-monchengladbach,167329,alassane plea,5000000.0
2024-25,GER1,borussia-monchengladbach,544148,tomas cvancara,3000000.0
2024-25,GER1,borussia-monchengladbach,574201,grant leon ranos,500000.0
2024-25,GER1,borussia-monchengladbach,1073997,shio fukuda,500000.0
2024-25,GER1,eintracht-frankfurt,,Kevin Trapp,2500000.0
2024-25,GER1,eintracht-frankfurt,,Kauã Santos,2500000.0
2024-25,GER1,eintracht-frankfurt,,Nils Ramming,300000.0
2024-25,GER1,eintracht-frankfurt,,Jens Grahl,200000.0
2024-25,GER1,eintracht-frankfurt,,Yurij Obert,50000.0
2024-25,GER1,eintracht-frankfurt,,Arthur Theate,24000000.0
2024-25,GER1,eintracht-frankfurt,,Robin Koch,18000000.0
2024-25,GER1,eintracht-frankfurt,,Tuta,15000000.0
2024-25,GER1,eintracht-frankfurt,,Nnamdi Collins,10000000.0
2024-25,GER1,eintracht-frankfurt,,Aurèle Amenda,7500000.0
2024-25,GER1,eintracht-frankfurt,,Nathaniel Brown,22000000.0
2024-25,GER1,eintracht-frankfurt,,Niels Nkounkou,3500000.0
2024-25,GER1,eintracht-frankfurt,,Rasmus Nissen Kristensen,14000000.0
2024-25,GER1,eintracht-frankfurt,,Timothy Chandler,350000.0
2024-25,GER1,eintracht-frankfurt,,Ellyes Skhiri,7500000.0
2024-25,GER1,eintracht-frankfurt,,Ebu Bekir Is,500000.0
2024-25,GER1,eintracht-frankfurt,,Noah Fenyő,350000.0
2024-25,GER1,eintracht-frankfurt,,Hugo Larsson,40000000.0
2024-25,GER1,eintracht-frankfurt,,Oscar Højlund,7500000.0
2024-25,GER1,eintracht-frankfurt,,Mahmoud Dahoud,3500000.0
2024-25,GER1,eintracht-frankfurt,,Junior Dina Ebimbe,6000000.0
2024-25,GER1,eintracht-frankfurt,,Can Uzun,18000000.0
2024-25,GER1,eintracht-frankfurt,,Farès Chaïbi,9000000.0
2024-25,GER1,eintracht-frankfurt,,Mario Götze,4000000.0
2024-25,GER1,eintracht-frankfurt,,Krisztián Lisztes,2000000.0
2024-25,GER1,eintracht-frankfurt,,Jean-Mattéo Bahoya,17000000.0
2024-25,GER1,eintracht-frankfurt,,Ansgar Knauff,15000000.0
2024-25,GER1,eintracht-frankfurt,,Omar Marmoush,75000000.0
2024-25,GER1,eintracht-frankfurt,,Hugo Ekitiké,75000000.0
2024-25,GER1,eintracht-frankfurt,,Elye Wahi,22000000.0
2024-25,GER1,eintracht-frankfurt,,Igor Matanovic,5000000.0
2024-25,GER1,eintracht-frankfurt,,Michy Batshuayi,4000000.0
2024-25,GER1,fc-augsburg,251299,finn dahmen,9000000.0
2024-25,GER1,fc-augsburg,610190,nediljko labrovic,2500000.0
2024-25,GER1,fc-augsburg,392124,daniel klein,150000.0
2024-25,GER1,fc-augsburg,569383,chrislain matsima,22000000.0
2024-25,GER1,fc-augsburg,278343,felix uduokhai,7000000.0
2024-25,GER1,fc-augsburg,382478,cedric zesiger,7000000.0
2024-25,GER1,fc-augsburg,413843,keven schlotterbeck,6000000.0
2024-25,GER1,fc-augsburg,923945,noahkai banks,6000000.0
2024-25,GER1,fc-augsburg,388363,maximilian bauer,2000000.0
2024-25,GER1,fc-augsburg,106405,jeffrey gouweleeuw,1500000.0
2024-25,GER1,fc-augsburg,314295,reece oxford,500000.0
2024-25,GER1,fc-augsburg,1069641,felix meiser,150000.0
2024-25,GER1,fc-augsburg,295630,dimitrios giannoulis,3000000.0
2024-25,GER1,fc-augsburg,288429,mads pedersen,2000000.0
2024-25,GER1,fc-augsburg,193900,marius wolf,3000000.0
2024-25,GER1,fc-augsburg,515624,henri koudossou,2000000.0
2024-25,GER1,fc-augsburg,353826,robert gumny,1500000.0
2024-25,GER1,fc-augsburg,374954,kristijan jakic,6500000.0
2024-25,GER1,fc-augsburg,251302,niklas dorsch,3500000.0
2024-25,GER1,fc-augsburg,569457,tim breithaupt,2500000.0
2024-25,GER1,fc-augsburg,730486,mahmut kucuksahin,175000.0
2024-25,GER1,fc-augsburg,381260,david deger,100000.0
2024-25,GER1,fc-augsburg,565435,arne engels,12000000.0
2024-25,GER1,fc-augsburg,421637,frank onyeka,7000000.0
2024-25,GER1,fc-augsburg,296397,arne maier,4000000.0
2024-25,GER1,fc-augsburg,280575,elvis rexhbecaj,3500000.0
2024-25,GER1,fc-augsburg,384593,alexis claude maurice,12000000.0
2024-25,GER1,fc-augsburg,777005,mert komur,5000000.0
2024-25,GER1,fc-augsburg,249157,fredrik jensen,3500000.0
2024-25,GER1,fc-augsburg,654724,juan cabrera,300000.0
2024-25,GER1,fc-augsburg,345886,ruben vargas,7000000.0
2024-25,GER1,fc-augsburg,604359,yusuf kabadayi,1500000.0
2024-25,GER1,fc-augsburg,288340,phillip tietz,5000000.0
2024-25,GER1,fc-augsburg,395522,samuel essende,4500000.0
2024-25,GER1,fc-augsburg,307924,mergim berisha,3500000.0
2024-25,GER1,fc-augsburg,238639,steve mounie,2000000.0
2024-25,GER1,fc-bayern-munchen,,Jonas Urbig,12000000.0
2024-25,GER1,fc-bayern-munchen,,Manuel Neuer,4000000.0
2024-25,GER1,fc-bayern-munchen,,Daniel Peretz,3000000.0
2024-25,GER1,fc-bayern-munchen,,Max Schmitt,700000.0
2024-25,GER1,fc-bayern-munchen,,Sven Ulreich,500000.0
2024-25,GER1,fc-bayern-munchen,,Anthony Pavlesic,150000.0
2024-25,GER1,fc-bayern-munchen,,Dayot Upamecano,50000000.0
2024-25,GER1,fc-bayern-munchen,,Min-jae Kim,40000000.0
2024-25,GER1,fc-bayern-munchen,,Jonathan Tah,30000000.0
2024-25,GER1,fc-bayern-munchen,,Hiroki Ito,25000000.0
2024-25,GER1,fc-bayern-munchen,,Eric Dier,8000000.0
2024-25,GER1,fc-bayern-munchen,,Tarek Buchmann,500000.0
2024-25,GER1,fc-bayern-munchen,,Alphonso Davies,50000000.0
2024-25,GER1,fc-bayern-munchen,,Raphaël Guerreiro,8000000.0
2024-25,GER1,fc-bayern-munchen,,Adam Aznou,4000000.0
2024-25,GER1,fc-bayern-munchen,,Josip Stanisic,32000000.0
2024-25,GER1,fc-bayern-munchen,,Konrad Laimer,25000000.0
2024-25,GER1,fc-bayern-munchen,,Sacha Boey,18000000.0
2024-25,GER1,fc-bayern-munchen,,Aleksandar Pavlovic,55000000.0
2024-25,GER1,fc-bayern-munchen,,Joshua Kimmich,45000000.0
2024-25,GER1,fc-bayern-munchen,,João Palhinha,30000000.0
2024-25,GER1,fc-bayern-munchen,,Noël Aséko,700000.0
2024-25,GER1,fc-bayern-munchen,,Tom Bischof,30000000.0
2024-25,GER1,fc-bayern-munchen,,Leon Goretzka,22000000.0
2024-25,GER1,fc-bayern-munchen,,Jamal Musiala,140000000.0
2024-25,GER1,fc-bayern-munchen,,Jonathan Asp Jensen,1500000.0
2024-25,GER1,fc-bayern-munchen,,Lennart Karl,1500000.0
2024-25,GER1,fc-bayern-munchen,,Mathys Tel,35000000.0
2024-25,GER1,fc-bayern-munchen,,Kingsley Coman,30000000.0
2024-25,GER1,fc-bayern-munchen,,Arijon Ibrahimovic,4000000.0
2024-25,GER1,fc-bayern-munchen,,Nestory Irankunda,4000000.0
2024-25,GER1,fc-bayern-munchen,,Maurice Krattenmacher,3500000.0
2024-25,GER1,fc-bayern-munchen,,Gabriel Vidovic,3000000.0
2024-25,GER1,fc-bayern-munchen,,Michael Olise,100000000.0
2024-25,GER1,fc-bayern-munchen,,Leroy Sané,32000000.0
2024-25,GER1,fc-bayern-munchen,,Serge Gnabry,22000000.0
2024-25,GER1,fc-bayern-munchen,,Thomas Müller,6000000.0
2024-25,GER1,fc-bayern-munchen,,Harry Kane,75000000.0
2024-25,GER1,fc-bayern-munchen,,Jonah Kusi-Asare,2500000.0
2024-25,GER1,fc-st-pauli,248454,nikola vasilj,3500000.0
2024-25,GER1,fc-st-pauli,453742,ben voll,500000.0
2024-25,GER1,fc-st-pauli,152460,eric oelschlagel,300000.0
2024-25,GER1,fc-st-pauli,36898,sascha burchert,200000.0
2024-25,GER1,fc-st-pauli,915071,ronny seibt,75000.0
2024-25,GER1,fc-st-pauli,333074,soren ahlers,50000.0
2024-25,GER1,fc-st-pauli,292534,eric smith,5000000.0
2024-25,GER1,fc-st-pauli,451906,david nemeth,4000000.0
2024-25,GER1,fc-st-pauli,400131,siebe van der heyden,2500000.0
2024-25,GER1,fc-st-pauli,154147,hauke wahl,1500000.0
2024-25,GER1,fc-st-pauli,139304,karol mets,1300000.0
2024-25,GER1,fc-st-pauli,236966,adam dzwigala,600000.0
2024-25,GER1,fc-st-pauli,541595,emil staugaard,125000.0
2024-25,GER1,fc-st-pauli,914890,muhammad dahaba,125000.0
2024-25,GER1,fc-st-pauli,333903,lars ritzka,1000000.0
2024-25,GER1,fc-st-pauli,1137980,julien yanda,250000.0
2024-25,GER1,fc-st-pauli,335993,philipp treu,5000000.0
2024-25,GER1,fc-st-pauli,242661,manolis saliakas,3000000.0
2024-25,GER1,fc-st-pauli,587019,fin stevens,500000.0
2024-25,GER1,fc-st-pauli,393321,james sands,3000000.0
2024-25,GER1,fc-st-pauli,1003534,marwin schmitz,200000.0
2024-25,GER1,fc-st-pauli,690429,robert wagner,3000000.0
2024-25,GER1,fc-st-pauli,522223,connor metcalfe,2500000.0
2024-25,GER1,fc-st-pauli,192557,jackson irvine,2000000.0
2024-25,GER1,fc-st-pauli,501049,erik ahlstrand,500000.0
2024-25,GER1,fc-st-pauli,329373,carlo boukhalfa,2000000.0
2024-25,GER1,fc-st-pauli,346499,danel sinani,1500000.0
2024-25,GER1,fc-st-pauli,526466,elias saad,4000000.0
2024-25,GER1,fc-st-pauli,392163,noah weisshaupt,5000000.0
2024-25,GER1,fc-st-pauli,487850,oladapo afolayan,4000000.0
2024-25,GER1,fc-st-pauli,691786,morgan guilavogui,4000000.0
2024-25,GER1,fc-st-pauli,596821,scott banks,500000.0
2024-25,GER1,fc-st-pauli,795387,romeo aigbekaen,100000.0
2024-25,GER1,fc-st-pauli,251303,johannes eggestein,2500000.0
2024-25,GER1,fc-st-pauli,1280281,abdoulie ceesay,500000.0
2024-25,GER1,fc-st-pauli,227511,maurides,350000.0
2024-25,GER1,fc-st-pauli,88647,andreas albers,300000.0
2024-25,GER1,fc-st-pauli,79967,simon zoller,300000.0
2024-25,GER1,holstein-kiel,296428,timon weiner,1000000.0
2024-25,GER1,holstein-kiel,115979,thomas dahne,400000.0
2024-25,GER1,holstein-kiel,124080,marcel engelhardt,175000.0
2024-25,GER1,holstein-kiel,469709,david zec,2500000.0
2024-25,GER1,holstein-kiel,706024,marko ivezic,2000000.0
2024-25,GER1,holstein-kiel,471890,max geschwill,1500000.0
2024-25,GER1,holstein-kiel,282349,timo becker,1500000.0
2024-25,GER1,holstein-kiel,622722,colin kleine bekel,1500000.0
2024-25,GER1,holstein-kiel,335631,marco komenda,800000.0
2024-25,GER1,holstein-kiel,193859,patrick erras,800000.0
2024-25,GER1,holstein-kiel,464333,ivan nekic,800000.0
2024-25,GER1,holstein-kiel,225043,carl johansson,500000.0
2024-25,GER1,holstein-kiel,683812,john tolkin,2500000.0
2024-25,GER1,holstein-kiel,361575,tymoteusz puchacz,1500000.0
2024-25,GER1,holstein-kiel,610608,dominik javorcek,550000.0
2024-25,GER1,holstein-kiel,512352,lasse rosenboom,1500000.0
2024-25,GER1,holstein-kiel,592534,nicolai remberg,3000000.0
2024-25,GER1,holstein-kiel,651269,armin gigovic,3000000.0
2024-25,GER1,holstein-kiel,651735,magnus knudsen,2500000.0
2024-25,GER1,holstein-kiel,168678,marvin schulz,700000.0
2024-25,GER1,holstein-kiel,55508,lewis holtby,500000.0
2024-25,GER1,holstein-kiel,241307,finn porath,1700000.0
2024-25,GER1,holstein-kiel,747983,aurel wagbe,100000.0
2024-25,GER1,holstein-kiel,343337,fiete arp,800000.0
2024-25,GER1,holstein-kiel,719694,andu kelati,800000.0
2024-25,GER1,holstein-kiel,633454,alexander bernhardsson,3000000.0
2024-25,GER1,holstein-kiel,550580,shuto machino,5000000.0
2024-25,GER1,holstein-kiel,606119,phil harres,4000000.0
2024-25,GER1,holstein-kiel,331362,benedikt pichler,1500000.0
2024-25,GER1,holstein-kiel,93827,steven skrzybski,1000000.0
2024-25,GER1,rasenballsport-leipzig,,Maarten Vandevoordt,8000000.0
2024-25,GER1,rasenballsport-leipzig,,Péter Gulácsi,2000000.0
2024-25,GER1,rasenballsport-leipzig,,Leopold Zingerle,400000.0
2024-25,GER1,rasenballsport-leipzig,,Castello Lukeba,40000000.0
2024-25,GER1,rasenballsport-leipzig,,Mohamed Simakan,23000000.0
2024-25,GER1,rasenballsport-leipzig,,Lutsharel Geertruida,20000000.0
2024-25,GER1,rasenballsport-leipzig,,El Chadaille Bitshiabu,18000000.0
2024-25,GER1,rasenballsport-leipzig,,Willi Orbán,8000000.0
2024-25,GER1,rasenballsport-leipzig,,Lukas Klostermann,8000000.0
2024-25,GER1,rasenballsport-leipzig,,David Raum,20000000.0
2024-25,GER1,rasenballsport-leipzig,,Benjamin Henrichs,15000000.0
2024-25,GER1,rasenballsport-leipzig,,Kosta Nedeljkovic,10000000.0
2024-25,GER1,rasenballsport-leipzig,,Ridle Baku,9000000.0
2024-25,GER1,rasenballsport-leipzig,,Arthur Vermeeren,22000000.0
2024-25,GER1,rasenballsport-leipzig,,Nicolas Seiwald,18000000.0
2024-25,GER1,rasenballsport-leipzig,,Amadou Haidara,16000000.0
2024-25,GER1,rasenballsport-leipzig,,Xaver Schlager,10000000.0
2024-25,GER1,rasenballsport-leipzig,,Assan Ouédraogo,7000000.0
2024-25,GER1,rasenballsport-leipzig,,Kevin Kampl,2500000.0
2024-25,GER1,rasenballsport-leipzig,,Xavi Simons,70000000.0
2024-25,GER1,rasenballsport-leipzig,,Eljif Elmas,14000000.0
2024-25,GER1,rasenballsport-leipzig,,Christoph Baumgartner,12000000.0
2024-25,GER1,rasenballsport-leipzig,,Viggo Gebel,350000.0
2024-25,GER1,rasenballsport-leipzig,,Nuha Jatta,250000.0
2024-25,GER1,rasenballsport-leipzig,,Antonio Nusa,28000000.0
2024-25,GER1,rasenballsport-leipzig,,Tidiam Gomis,3000000.0
2024-25,GER1,rasenballsport-leipzig,,Faik Sakar,200000.0
2024-25,GER1,rasenballsport-leipzig,,Benjamin Sesko,70000000.0
2024-25,GER1,rasenballsport-leipzig,,Loïs Openda,50000000.0
2024-25,GER1,rasenballsport-leipzig,,Yussuf Poulsen,5000000.0
2024-25,GER1,rasenballsport-leipzig,,André Silva,4000000.0
2024-25,GER1,sc-freiburg,526845,noah atubolu,18000000.0
2024-25,GER1,sc-freiburg,284769,florian muller,1200000.0
2024-25,GER1,sc-freiburg,160954,jannik huth,400000.0
2024-25,GER1,sc-freiburg,225657,philipp lienhart,12000000.0
2024-25,GER1,sc-freiburg,599419,max rosenfelder,8000000.0
2024-25,GER1,sc-freiburg,124502,matthias ginter,7000000.0
2024-25,GER1,sc-freiburg,863759,bruno ogbus,1000000.0
2024-25,GER1,sc-freiburg,527276,kenneth schmidt,800000.0
2024-25,GER1,sc-freiburg,45683,manuel gulde,400000.0
2024-25,GER1,sc-freiburg,815078,jordy makengo,6000000.0
2024-25,GER1,sc-freiburg,93707,christian gunter,3500000.0
2024-25,GER1,sc-freiburg,332798,roland sallai,10000000.0
2024-25,GER1,sc-freiburg,548348,kiliann sildillia,10000000.0
2024-25,GER1,sc-freiburg,93604,lukas kubler,1500000.0
2024-25,GER1,sc-freiburg,443331,patrick osterhage,10000000.0
2024-25,GER1,sc-freiburg,55099,nicolas hofler,500000.0
2024-25,GER1,sc-freiburg,190284,maximilian eggestein,10000000.0
2024-25,GER1,sc-freiburg,608832,merlin rohl,12000000.0
2024-25,GER1,sc-freiburg,927353,johan manzambi,8000000.0
2024-25,GER1,sc-freiburg,272587,daniel kofi kyereh,800000.0
2024-25,GER1,sc-freiburg,185077,vincenzo grifo,6000000.0
2024-25,GER1,sc-freiburg,337036,florent muslija,1800000.0
2024-25,GER1,sc-freiburg,829820,yann sturm,500000.0
2024-25,GER1,sc-freiburg,358504,ritsu doan,25000000.0
2024-25,GER1,sc-freiburg,645774,eren dinkci,8000000.0
2024-25,GER1,sc-freiburg,342967,niklas beste,7000000.0
2024-25,GER1,sc-freiburg,392163,noah weisshaupt,5000000.0
2024-25,GER1,sc-freiburg,143891,maximilian philipp,800000.0
2024-25,GER1,sc-freiburg,452477,junior adamu,5000000.0
2024-25,GER1,sc-freiburg,248999,lucas holer,3000000.0
2024-25,GER1,sc-freiburg,120205,michael gregoritsch,3000000.0
2024-25,GER1,sv-werder-bremen,,Michael Zetterer,4500000.0
2024-25,GER1,sv-werder-bremen,,Mio Backhaus,2000000.0
2024-25,GER1,sv-werder-bremen,,Markus Kolke,300000.0
2024-25,GER1,sv-werder-bremen,,Marco Friedl,12000000.0
2024-25,GER1,sv-werder-bremen,,Niklas Stark,4000000.0
2024-25,GER1,sv-werder-bremen,,Amos Pieper,3500000.0
2024-25,GER1,sv-werder-bremen,,Milos Veljkovic,3000000.0
2024-25,GER1,sv-werder-bremen,,Julián Malatini,2500000.0
2024-25,GER1,sv-werder-bremen,,Anthony Jung,1000000.0
2024-25,GER1,sv-werder-bremen,,Felix Agu,8000000.0
2024-25,GER1,sv-werder-bremen,,Derrick Köhn,5000000.0
2024-25,GER1,sv-werder-bremen,,Olivier Deman,3000000.0
2024-25,GER1,sv-werder-bremen,,Mitchell Weiser,5000000.0
2024-25,GER1,sv-werder-bremen,,Issa Kaboré,4000000.0
2024-25,GER1,sv-werder-bremen,,Senne Lynen,9000000.0
2024-25,GER1,sv-werder-bremen,,Skelly Alvero,2500000.0
2024-25,GER1,sv-werder-bremen,,Jens Stage,14000000.0
2024-25,GER1,sv-werder-bremen,,Leonardo Bittencourt,1500000.0
2024-25,GER1,sv-werder-bremen,,Isak Hansen-Aarøen,1000000.0
2024-25,GER1,sv-werder-bremen,,Leon Opitz,600000.0
2024-25,GER1,sv-werder-bremen,,Romano Schmid,17000000.0
2024-25,GER1,sv-werder-bremen,,Marco Grüll,4000000.0
2024-25,GER1,sv-werder-bremen,,Abdenego Nankishi,450000.0
2024-25,GER1,sv-werder-bremen,,Justin Njinmah,7000000.0
2024-25,GER1,sv-werder-bremen,,Marvin Ducksch,6000000.0
2024-25,GER1,sv-werder-bremen,,André Silva,4000000.0
2024-25,GER1,sv-werder-bremen,,Keke Topp,4000000.0
2024-25,GER1,sv-werder-bremen,,Oliver Burke,3000000.0
2024-25,GER1,sv-werder-bremen,,Maik Lukowicz,150000.0
2024-25,GER1,tsg-1899-hoffenheim,,Oliver Baumann,3000000.0
2024-25,GER1,tsg-1899-hoffenheim,,Luca Philipp,750000.0
2024-25,GER1,tsg-1899-hoffenheim,,Jakob Busk,250000.0
2024-25,GER1,tsg-1899-hoffenheim,,Lúkas Petersson,250000.0
2024-25,GER1,tsg-1899-hoffenheim,,Leo Østigård,10000000.0
2024-25,GER1,tsg-1899-hoffenheim,,Ozan Kabak,5000000.0
2024-25,GER1,tsg-1899-hoffenheim,,Arthur Chaves,5000000.0
2024-25,GER1,tsg-1899-hoffenheim,,Robin Hranac,3500000.0
2024-25,GER1,tsg-1899-hoffenheim,,Tim Drexler,3000000.0
2024-25,GER1,tsg-1899-hoffenheim,,Kevin Akpoguma,2500000.0
2024-25,GER1,tsg-1899-hoffenheim,,Stanley Nsoki,2500000.0
2024-25,GER1,tsg-1899-hoffenheim,,Attila Szalai,1700000.0
2024-25,GER1,tsg-1899-hoffenheim,,Noah König,250000.0
2024-25,GER1,tsg-1899-hoffenheim,,David Jurásek,5000000.0
2024-25,GER1,tsg-1899-hoffenheim,,Christopher Lenz,500000.0
2024-25,GER1,tsg-1899-hoffenheim,,Hennes Behrens,350000.0
2024-25,GER1,tsg-1899-hoffenheim,,Valentin Gendrey,7000000.0
2024-25,GER1,tsg-1899-hoffenheim,,Luca Erlein,300000.0
2024-25,GER1,tsg-1899-hoffenheim,,Lars Strobl,25000.0
2024-25,GER1,tsg-1899-hoffenheim,,Anton Stach,14000000.0
2024-25,GER1,tsg-1899-hoffenheim,,Florian Grillitsch,2000000.0
2024-25,GER1,tsg-1899-hoffenheim,,Diadié Samassékou,1000000.0
2024-25,GER1,tsg-1899-hoffenheim,,Tom Bischof,30000000.0
2024-25,GER1,tsg-1899-hoffenheim,,Umut Tohumcu,6000000.0
2024-25,GER1,tsg-1899-hoffenheim,,Grischa Prömel,3000000.0
2024-25,GER1,tsg-1899-hoffenheim,,Dennis Geiger,2000000.0
2024-25,GER1,tsg-1899-hoffenheim,,Finn Becker,2000000.0
2024-25,GER1,tsg-1899-hoffenheim,,Luka Duric,250000.0
2024-25,GER1,tsg-1899-hoffenheim,,Pavel Kaderabek,1700000.0
2024-25,GER1,tsg-1899-hoffenheim,,Alexander Prass,5000000.0
2024-25,GER1,tsg-1899-hoffenheim,,Julian Justvan,2200000.0
2024-25,GER1,tsg-1899-hoffenheim,,Florian Micheler,500000.0
2024-25,GER1,tsg-1899-hoffenheim,,Bazoumana Touré,9000000.0
2024-25,GER1,tsg-1899-hoffenheim,,Jacob Bruun Larsen,5000000.0
2024-25,GER1,tsg-1899-hoffenheim,,Marius Bülter,2500000.0
2024-25,GER1,tsg-1899-hoffenheim,,Paul Hennrich,400000.0
2024-25,GER1,tsg-1899-hoffenheim,,Andrej Kramaric,4000000.0
2024-25,GER1,tsg-1899-hoffenheim,,Adam Hlozek,18000000.0
2024-25,GER1,tsg-1899-hoffenheim,,Gift Orban,10000000.0
2024-25,GER1,tsg-1899-hoffenheim,,Max Moerstedt,7000000.0
2024-25,GER1,tsg-1899-hoffenheim,,Mergim Berisha,3500000.0
2024-25,GER1,tsg-1899-hoffenheim,,Haris Tabakovic,2500000.0
2024-25,GER1,tsg-1899-hoffenheim,,Erencan Yardımcı,2500000.0
2024-25,GER1,tsg-1899-hoffenheim,,Ihlas Bebou,1000000.0
2024-25,GER1,tsg-1899-hoffenheim,,David Mokwa,1000000.0
2024-25,GER1,tsg-1899-hoffenheim,,Simon Kalambayi,175000.0
2024-25,GER1,vfb-stuttgart,195778,alexander nubel,12000000.0
2024-25,GER1,vfb-stuttgart,800946,dennis seimen,2500000.0
2024-25,GER1,vfb-stuttgart,187624,fabian bredlow,800000.0
2024-25,GER1,vfb-stuttgart,388067,stefan drljaca,325000.0
2024-25,GER1,vfb-stuttgart,924117,finn jeltsch,20000000.0
2024-25,GER1,vfb-stuttgart,303219,jeff chabot,12000000.0
2024-25,GER1,vfb-stuttgart,690799,anthony rouault,10000000.0
2024-25,GER1,vfb-stuttgart,620598,ameen al dakhil,7500000.0
2024-25,GER1,vfb-stuttgart,539798,luca jaquez,6000000.0
2024-25,GER1,vfb-stuttgart,436064,ramon hendriks,5000000.0
2024-25,GER1,vfb-stuttgart,948537,anrie chase,3000000.0
2024-25,GER1,vfb-stuttgart,344598,dan axel zagadou,2000000.0
2024-25,GER1,vfb-stuttgart,282660,maximilian mittelstadt,20000000.0
2024-25,GER1,vfb-stuttgart,604320,frans kratzig,3500000.0
2024-25,GER1,vfb-stuttgart,448258,josha vagnoman,10000000.0
2024-25,GER1,vfb-stuttgart,507345,leonidas stergiou,5000000.0
2024-25,GER1,vfb-stuttgart,195246,pascal stenzel,2000000.0
2024-25,GER1,vfb-stuttgart,842217,christopher olivier,500000.0
2024-25,GER1,vfb-stuttgart,443710,angelo stiller,45000000.0
2024-25,GER1,vfb-stuttgart,232320,atakan karazor,12000000.0
2024-25,GER1,vfb-stuttgart,342039,yannik keitel,3500000.0
2024-25,GER1,vfb-stuttgart,400546,nikolas nartey,400000.0
2024-25,GER1,vfb-stuttgart,569366,enzo millot,35000000.0
2024-25,GER1,vfb-stuttgart,507341,fabian rieder,6000000.0
2024-25,GER1,vfb-stuttgart,1031774,jarzinho malanga,1700000.0
2024-25,GER1,vfb-stuttgart,649016,el bilal toure,15000000.0
2024-25,GER1,vfb-stuttgart,272278,chris fuhrich,15000000.0
2024-25,GER1,vfb-stuttgart,293281,jacob bruun larsen,5000000.0
2024-25,GER1,vfb-stuttgart,720162,justin diehl,3000000.0
2024-25,GER1,vfb-stuttgart,800988,benjamin boakye,500000.0
2024-25,GER1,vfb-stuttgart,518505,jamie leweling,20000000.0
2024-25,GER1,vfb-stuttgart,612826,silas,7000000.0
2024-25,GER1,vfb-stuttgart,907489,luca raimund,400000.0
2024-25,GER1,vfb-stuttgart,455661,nick woltemade,30000000.0
2024-25,GER1,vfb-stuttgart,335457,ermedin demirovic,22000000.0
2024-25,GER1,vfb-stuttgart,339314,deniz undav,20000000.0
2024-25,GER1,vfb-stuttgart,610431,wahid faghir,700000.0
2024-25,GER1,vfb-stuttgart,907483,eliot bujupi,500000.0
2024-25,GER1,vfb-stuttgart,675565,thomas kastanaras,400000.0
2024-25,GER1,vfl-bochum,,Timo Horn,800000.0
2024-25,GER1,vfl-bochum,,Patrick Drewes,500000.0
2024-25,GER1,vfl-bochum,,Paul Grave,50000.0
2024-25,GER1,vfl-bochum,,Tim Oermann,5000000.0
2024-25,GER1,vfl-bochum,,Erhan Masovic,2000000.0
2024-25,GER1,vfl-bochum,,Jakov Medic,2000000.0
2024-25,GER1,vfl-bochum,,Ivan Ordets,1000000.0
2024-25,GER1,vfl-bochum,,Noah Loosli,600000.0
2024-25,GER1,vfl-bochum,,Mohammed Tolba,200000.0
2024-25,GER1,vfl-bochum,,Bernardo,5500000.0
2024-25,GER1,vfl-bochum,,Maximilian Wittek,1500000.0
2024-25,GER1,vfl-bochum,,Felix Passlack,2000000.0
2024-25,GER1,vfl-bochum,,Cristian Gamboa,500000.0
2024-25,GER1,vfl-bochum,,Ibrahima Sissoko,6000000.0
2024-25,GER1,vfl-bochum,,Tom Krauß,4000000.0
2024-25,GER1,vfl-bochum,,Anthony Losilla,500000.0
2024-25,GER1,vfl-bochum,,Niklas Jahn,200000.0
2024-25,GER1,vfl-bochum,,Matus Bero,3000000.0
2024-25,GER1,vfl-bochum,,Mats Pannewig,1000000.0
2024-25,GER1,vfl-bochum,,Agon Elezi,650000.0
2024-25,GER1,vfl-bochum,,Koji Miyoshi,1500000.0
2024-25,GER1,vfl-bochum,,Kacper Koscierski,200000.0
2024-25,GER1,vfl-bochum,,Dani de Wit,2500000.0
2024-25,GER1,vfl-bochum,,Moritz-Broni Kwarteng,1000000.0
2024-25,GER1,vfl-bochum,,Lukas Daschner,900000.0
2024-25,GER1,vfl-bochum,,Georgios Masouras,2000000.0
2024-25,GER1,vfl-bochum,,Gerrit Holtmann,700000.0
2024-25,GER1,vfl-bochum,,Samuel Bamba,500000.0
2024-25,GER1,vfl-bochum,,Myron Boadu,7000000.0
2024-25,GER1,vfl-bochum,,Moritz Broschinski,2000000.0
2024-25,GER1,vfl-bochum,,Philipp Hofmann,1000000.0
2024-25,GER1,vfl-bochum,,Aliou Baldé,800000.0
2024-25,GER1,vfl-wolfsburg,,Kamil Grabara,14000000.0
2024-25,GER1,vfl-wolfsburg,,Marius Müller,1500000.0
2024-25,GER1,vfl-wolfsburg,,Pavao Pervan,300000.0
2024-25,GER1,vfl-wolfsburg,,Niklas Klinger,100000.0
2024-25,GER1,vfl-wolfsburg,,Maxence Lacroix,25000000.0
2024-25,GER1,vfl-wolfsburg,,Konstantinos Koulierakis,25000000.0
2024-25,GER1,vfl-wolfsburg,,Cédric Zesiger,7000000.0
2024-25,GER1,vfl-wolfsburg,,Denis Vavro,7000000.0
2024-25,GER1,vfl-wolfsburg,,Sebastiaan Bornauw,6000000.0
2024-25,GER1,vfl-wolfsburg,,Moritz Jenz,5000000.0
2024-25,GER1,vfl-wolfsburg,,Nicolas Cozza,3500000.0
2024-25,GER1,vfl-wolfsburg,,David Odogu,1500000.0
2024-25,GER1,vfl-wolfsburg,,Mathys Angély,600000.0
2024-25,GER1,vfl-wolfsburg,,Joakim Maehle,14000000.0
2024-25,GER1,vfl-wolfsburg,,Rogério,2500000.0
2024-25,GER1,vfl-wolfsburg,,Ridle Baku,9000000.0
2024-25,GER1,vfl-wolfsburg,,Kilian Fischer,6000000.0
2024-25,GER1,vfl-wolfsburg,,Mads Roerslev,6000000.0
2024-25,GER1,vfl-wolfsburg,,Salih Özcan,4000000.0
2024-25,GER1,vfl-wolfsburg,,Mattias Svanberg,12000000.0
2024-25,GER1,vfl-wolfsburg,,Aster Vranckx,7000000.0
2024-25,GER1,vfl-wolfsburg,,Maximilian Arnold,5000000.0
2024-25,GER1,vfl-wolfsburg,,Yannick Gerhardt,2500000.0
2024-25,GER1,vfl-wolfsburg,,Bennit Bröger,500000.0
2024-25,GER1,vfl-wolfsburg,,Kevin Paredes,7500000.0
2024-25,GER1,vfl-wolfsburg,,Lovro Majer,17000000.0
2024-25,GER1,vfl-wolfsburg,,Bence Dárdai,12000000.0
2024-25,GER1,vfl-wolfsburg,,Jakub Kamiński,5000000.0
2024-25,GER1,vfl-wolfsburg,,Patrick Wimmer,15000000.0
2024-25,GER1,vfl-wolfsburg,,Andreas Skov Olsen,14000000.0
2024-25,GER1,vfl-wolfsburg,,Tiago Tomás,12000000.0
2024-25,GER1,vfl-wolfsburg,,Mohamed Amoura,32000000.0
2024-25,GER1,vfl-wolfsburg,,Jonas Wind,12000000.0
2024-25,GER1,vfl-wolfsburg,,Lukas Nmecha,3000000.0
2024-25,GER1,vfl-wolfsburg,,Kevin Behrens,1000000.0
2024-25,GER1,vfl-wolfsburg,,Bartosz Bialek,800000.0
2025-26,GER1,1-fc-heidenheim-1846,448705,diant ramaj,7000000.0
2025-26,GER1,1-fc-heidenheim-1846,806948,frank feller,800000.0
2025-26,GER1,1-fc-heidenheim-1846,43824,kevin muller,300000.0
2025-26,GER1,1-fc-heidenheim-1846,519035,paul tschernuth,100000.0
2025-26,GER1,1-fc-heidenheim-1846,133731,patrick mainka,2500000.0
2025-26,GER1,1-fc-heidenheim-1846,337092,tim siersleben,1800000.0
2025-26,GER1,1-fc-heidenheim-1846,227084,benedikt gimber,1500000.0
2025-26,GER1,1-fc-heidenheim-1846,485747,thomas keller,1200000.0
2025-26,GER1,1-fc-heidenheim-1846,921431,adam kolle,1000000.0
2025-26,GER1,1-fc-heidenheim-1846,829838,hennes behrens,5000000.0
2025-26,GER1,1-fc-heidenheim-1846,192169,jonas fohrenbach,1000000.0
2025-26,GER1,1-fc-heidenheim-1846,107219,leart pacarada,800000.0
2025-26,GER1,1-fc-heidenheim-1846,507345,leonidas stergiou,2500000.0
2025-26,GER1,1-fc-heidenheim-1846,388294,omar traore,2000000.0
2025-26,GER1,1-fc-heidenheim-1846,117478,marnon busch,1000000.0
2025-26,GER1,1-fc-heidenheim-1846,251302,niklas dorsch,2500000.0
2025-26,GER1,1-fc-heidenheim-1846,530173,julian niehues,1500000.0
2025-26,GER1,1-fc-heidenheim-1846,581357,jan schoppner,3000000.0
2025-26,GER1,1-fc-heidenheim-1846,809498,luca kerber,2000000.0
2025-26,GER1,1-fc-heidenheim-1846,1052350,nick rothweiler,250000.0
2025-26,GER1,1-fc-heidenheim-1846,273669,adrian beck,1500000.0
2025-26,GER1,1-fc-heidenheim-1846,804219,leo scienza,12000000.0
2025-26,GER1,1-fc-heidenheim-1846,744728,arijon ibrahimovic,10000000.0
2025-26,GER1,1-fc-heidenheim-1846,283497,mathias honsak,1700000.0
2025-26,GER1,1-fc-heidenheim-1846,1153628,yannik wagner,800000.0
2025-26,GER1,1-fc-heidenheim-1846,645774,eren dinkci,6000000.0
2025-26,GER1,1-fc-heidenheim-1846,530298,christian conteh,1500000.0
2025-26,GER1,1-fc-heidenheim-1846,307183,sirlord conteh,1200000.0
2025-26,GER1,1-fc-heidenheim-1846,1153630,tobias weigel,300000.0
2025-26,GER1,1-fc-heidenheim-1846,471055,marvin pieringer,3000000.0
2025-26,GER1,1-fc-heidenheim-1846,545332,mikkel kaufmann,1500000.0
2025-26,GER1,1-fc-heidenheim-1846,187097,budu zivzivadze,1200000.0
2025-26,GER1,1-fc-heidenheim-1846,394033,stefan schimmer,300000.0
2025-26,GER1,1-fc-koln,,Marvin Schwäbe,3000000.0
2025-26,GER1,1-fc-koln,,Ron-Robert Zieler,500000.0
2025-26,GER1,1-fc-koln,,Matthias Köbbing,100000.0
2025-26,GER1,1-fc-koln,,Jahmai Simpson-Pusey,9000000.0
2025-26,GER1,1-fc-koln,,Rav van den Berg,7000000.0
2025-26,GER1,1-fc-koln,,Cenk Özkacar,4000000.0
2025-26,GER1,1-fc-koln,,Joël Schmied,3000000.0
2025-26,GER1,1-fc-koln,,Timo Hübers,1500000.0
2025-26,GER1,1-fc-koln,,Dominique Heintz,600000.0
2025-26,GER1,1-fc-koln,,Luca Kilian,100000.0
2025-26,GER1,1-fc-koln,,Kristoffer Lund,4000000.0
2025-26,GER1,1-fc-koln,,Sebastian Sebulonsen,5500000.0
2025-26,GER1,1-fc-koln,,Alessio Castro-Montes,2500000.0
2025-26,GER1,1-fc-koln,,Jusuf Gazibegovic,2000000.0
2025-26,GER1,1-fc-koln,,Cenny Neumann,100000.0
2025-26,GER1,1-fc-koln,,Eric Martel,8000000.0
2025-26,GER1,1-fc-koln,,Tom Krauß,4500000.0
2025-26,GER1,1-fc-koln,,Fayssal Harchaoui,200000.0
2025-26,GER1,1-fc-koln,,Ísak Jóhannesson,8000000.0
2025-26,GER1,1-fc-koln,,Felipe Chávez,4000000.0
2025-26,GER1,1-fc-koln,,Denis Huseinbasic,2000000.0
2025-26,GER1,1-fc-koln,,Florian Kainz,1000000.0
2025-26,GER1,1-fc-koln,,Said El Mala,45000000.0
2025-26,GER1,1-fc-koln,,Jakub Kamiński,17000000.0
2025-26,GER1,1-fc-koln,,Marius Bülter,1800000.0
2025-26,GER1,1-fc-koln,,Jan Thielmann,5000000.0
2025-26,GER1,1-fc-koln,,Linton Maina,3000000.0
2025-26,GER1,1-fc-koln,,Youssoupha Niang,2000000.0
2025-26,GER1,1-fc-koln,,Ragnar Ache,9000000.0
2025-26,GER1,1-fc-koln,,Luca Waldschmidt,2000000.0
2025-26,GER1,1-fc-koln,,Fynn Schenten,1000000.0
2025-26,GER1,1-fc-koln,,Malek El Mala,250000.0
2025-26,GER1,1-fc-union-berlin,,Frederik Rönnow,2000000.0
2025-26,GER1,1-fc-union-berlin,,Matheo Raab,600000.0
2025-26,GER1,1-fc-union-berlin,,Carl Klaus,350000.0
2025-26,GER1,1-fc-union-berlin,,Leopold Querfeld,20000000.0
2025-26,GER1,1-fc-union-berlin,,Danilho Doekhi,13000000.0
2025-26,GER1,1-fc-union-berlin,,Diogo Leite,12000000.0
2025-26,GER1,1-fc-union-berlin,,Stanley Nsoki,2000000.0
2025-26,GER1,1-fc-union-berlin,,Oluwaseun Ogbemudia,800000.0
2025-26,GER1,1-fc-union-berlin,,Tom Rothe,10000000.0
2025-26,GER1,1-fc-union-berlin,,Derrick Köhn,4000000.0
2025-26,GER1,1-fc-union-berlin,,David Preu,400000.0
2025-26,GER1,1-fc-union-berlin,,Andrik Markgraf,300000.0
2025-26,GER1,1-fc-union-berlin,,Josip Juranovic,2000000.0
2025-26,GER1,1-fc-union-berlin,,Christopher Trimmel,600000.0
2025-26,GER1,1-fc-union-berlin,,Aljoscha Kemlein,12000000.0
2025-26,GER1,1-fc-union-berlin,,Rani Khedira,2000000.0
2025-26,GER1,1-fc-union-berlin,,András Schäfer,4500000.0
2025-26,GER1,1-fc-union-berlin,,Alex Král,2500000.0
2025-26,GER1,1-fc-union-berlin,,Janik Haberer,2000000.0
2025-26,GER1,1-fc-union-berlin,,Robert Skov,2000000.0
2025-26,GER1,1-fc-union-berlin,,Woo-yeong Jeong,3500000.0
2025-26,GER1,1-fc-union-berlin,,Livan Burcu,4000000.0
2025-26,GER1,1-fc-union-berlin,,Linus Güther,1000000.0
2025-26,GER1,1-fc-union-berlin,,Ilyas Ansah,12000000.0
2025-26,GER1,1-fc-union-berlin,,Andrej Ilic,9000000.0
2025-26,GER1,1-fc-union-berlin,,Oliver Burke,3000000.0
2025-26,GER1,1-fc-union-berlin,,Marin Ljubicic,2000000.0
2025-26,GER1,1-fc-union-berlin,,Tim Skarke,1500000.0
2025-26,GER1,1-fc-union-berlin,,Dmytro Bogdanov,800000.0
2025-26,GER1,1-fsv-mainz-05,,Robin Zentner,2500000.0
2025-26,GER1,1-fsv-mainz-05,,Lasse Rieß,500000.0
2025-26,GER1,1-fsv-mainz-05,,Daniel Batz,350000.0
2025-26,GER1,1-fsv-mainz-05,,Kacper Potulski,18000000.0
2025-26,GER1,1-fsv-mainz-05,,Stefan Posch,6000000.0
2025-26,GER1,1-fsv-mainz-05,,Andreas Hanche-Olsen,3500000.0
2025-26,GER1,1-fsv-mainz-05,,Dominik Kohr,2000000.0
2025-26,GER1,1-fsv-mainz-05,,Danny da Costa,1200000.0
2025-26,GER1,1-fsv-mainz-05,,Maxim Leitsch,800000.0
2025-26,GER1,1-fsv-mainz-05,,Konstantin Schopp,600000.0
2025-26,GER1,1-fsv-mainz-05,,Stefan Bell,600000.0
2025-26,GER1,1-fsv-mainz-05,,Maxim Dal,150000.0
2025-26,GER1,1-fsv-mainz-05,,Phillipp Mwene,1500000.0
2025-26,GER1,1-fsv-mainz-05,,Kasey Bos,400000.0
2025-26,GER1,1-fsv-mainz-05,,Anthony Caci,7000000.0
2025-26,GER1,1-fsv-mainz-05,,Nikolas Veratschnig,2500000.0
2025-26,GER1,1-fsv-mainz-05,,Silvan Widmer,800000.0
2025-26,GER1,1-fsv-mainz-05,,Kaishu Sano,40000000.0
2025-26,GER1,1-fsv-mainz-05,,Lennard Maloney,2500000.0
2025-26,GER1,1-fsv-mainz-05,,Sota Kawasaki,2000000.0
2025-26,GER1,1-fsv-mainz-05,,Niklas Tauer,350000.0
2025-26,GER1,1-fsv-mainz-05,,Nadiem Amiri,17000000.0
2025-26,GER1,1-fsv-mainz-05,,Daniel Gleiber,300000.0
2025-26,GER1,1-fsv-mainz-05,,Paul Nebel,18000000.0
2025-26,GER1,1-fsv-mainz-05,,Jae-sung Lee,2000000.0
2025-26,GER1,1-fsv-mainz-05,,Ben Bobzien,2000000.0
2025-26,GER1,1-fsv-mainz-05,,Sheraldo Becker,1500000.0
2025-26,GER1,1-fsv-mainz-05,,Arnaud Nordin,4000000.0
2025-26,GER1,1-fsv-mainz-05,,Silas,2000000.0
2025-26,GER1,1-fsv-mainz-05,,Armindo Sieb,2500000.0
2025-26,GER1,1-fsv-mainz-05,,Benedict Hollerbach,8000000.0
2025-26,GER1,1-fsv-mainz-05,,Nelson Weiper,7000000.0
2025-26,GER1,1-fsv-mainz-05,,Phillip Tietz,4000000.0
2025-26,GER1,1-fsv-mainz-05,,William Bøving,3500000.0
2025-26,GER1,1-fsv-mainz-05,,Fabio Moreno Fell,300000.0
2025-26,GER1,bayer-04-leverkusen,,Mark Flekken,6000000.0
2025-26,GER1,bayer-04-leverkusen,,Jonas Omlin,800000.0
2025-26,GER1,bayer-04-leverkusen,,Janis Blaswich,700000.0
2025-26,GER1,bayer-04-leverkusen,,Niklas Lomb,250000.0
2025-26,GER1,bayer-04-leverkusen,,Piero Hincapié,50000000.0
2025-26,GER1,bayer-04-leverkusen,,Jarell Quansah,45000000.0
2025-26,GER1,bayer-04-leverkusen,,Edmond Tapsoba,35000000.0
2025-26,GER1,bayer-04-leverkusen,,Loïc Badé,20000000.0
2025-26,GER1,bayer-04-leverkusen,,Jeanuël Belocian,12000000.0
2025-26,GER1,bayer-04-leverkusen,,Axel Tape,8000000.0
2025-26,GER1,bayer-04-leverkusen,,Tim Oermann,4000000.0
2025-26,GER1,bayer-04-leverkusen,,Issa Traoré,800000.0
2025-26,GER1,bayer-04-leverkusen,,Andrea Natali,400000.0
2025-26,GER1,bayer-04-leverkusen,,Alejandro Grimaldo,20000000.0
2025-26,GER1,bayer-04-leverkusen,,Arthur,8000000.0
2025-26,GER1,bayer-04-leverkusen,,Lucas Vázquez,1500000.0
2025-26,GER1,bayer-04-leverkusen,,Equi Fernández,20000000.0
2025-26,GER1,bayer-04-leverkusen,,Robert Andrich,6000000.0
2025-26,GER1,bayer-04-leverkusen,,Exequiel Palacios,25000000.0
2025-26,GER1,bayer-04-leverkusen,,Aleix García,20000000.0
2025-26,GER1,bayer-04-leverkusen,,Ibrahim Maza,45000000.0
2025-26,GER1,bayer-04-leverkusen,,Malik Tillman,30000000.0
2025-26,GER1,bayer-04-leverkusen,,Claudio Echeverri,15000000.0
2025-26,GER1,bayer-04-leverkusen,,Jeremiah Mensah,2000000.0
2025-26,GER1,bayer-04-leverkusen,,Jonas Hofmann,1500000.0
2025-26,GER1,bayer-04-leverkusen,,Amine Adli,20000000.0
2025-26,GER1,bayer-04-leverkusen,,Eliesse Ben Seghir,20000000.0
2025-26,GER1,bayer-04-leverkusen,,Martin Terrier,8000000.0
2025-26,GER1,bayer-04-leverkusen,,Ernest Poku,25000000.0
2025-26,GER1,bayer-04-leverkusen,,Nathan Tella,15000000.0
2025-26,GER1,bayer-04-leverkusen,,Montrell Culbreath,15000000.0
2025-26,GER1,bayer-04-leverkusen,,Farid Alfa-Ruprecht,3000000.0
2025-26,GER1,bayer-04-leverkusen,,Christian Kofane,40000000.0
2025-26,GER1,bayer-04-leverkusen,,Patrik Schick,18000000.0
2025-26,GER1,bayer-04-leverkusen,,Victor Boniface,5000000.0
2025-26,GER1,bayer-04-leverkusen,,Alejo Sarco,2000000.0
2025-26,GER1,bayer-04-leverkusen,,Ken Izekor,400000.0
2025-26,GER1,borussia-dortmund,257814,gregor kobel,40000000.0
2025-26,GER1,borussia-dortmund,76158,alexander meyer,500000.0
2025-26,GER1,borussia-dortmund,94192,patrick drewes,300000.0
2025-26,GER1,borussia-dortmund,684116,silas ostrzinski,200000.0
2025-26,GER1,borussia-dortmund,388198,nico schlotterbeck,55000000.0
2025-26,GER1,borussia-dortmund,193004,waldemar anton,18000000.0
2025-26,GER1,borussia-dortmund,1145504,aaron anselmino,10000000.0
2025-26,GER1,borussia-dortmund,1074990,luca reggiani,10000000.0
2025-26,GER1,borussia-dortmund,284732,ramy bensebaini,7000000.0
2025-26,GER1,borussia-dortmund,166601,niklas sule,4000000.0
2025-26,GER1,borussia-dortmund,119296,emre can,3000000.0
2025-26,GER1,borussia-dortmund,884820,almugera kabar,3000000.0
2025-26,GER1,borussia-dortmund,883007,filippo mane,2500000.0
2025-26,GER1,borussia-dortmund,627356,yannik luhrs,600000.0
2025-26,GER1,borussia-dortmund,931668,elias benkara,300000.0
2025-26,GER1,borussia-dortmund,579287,daniel svensson,22000000.0
2025-26,GER1,borussia-dortmund,370789,julian ryerson,25000000.0
2025-26,GER1,borussia-dortmund,627228,yan couto,17000000.0
2025-26,GER1,borussia-dortmund,244940,salih ozcan,3500000.0
2025-26,GER1,borussia-dortmund,1141179,mussa kaba,200000.0
2025-26,GER1,borussia-dortmund,406640,felix nmecha,50000000.0
2025-26,GER1,borussia-dortmund,796297,jobe bellingham,40000000.0
2025-26,GER1,borussia-dortmund,659459,carney chukwuemeka,20000000.0
2025-26,GER1,borussia-dortmund,106987,marcel sabitzer,6000000.0
2025-26,GER1,borussia-dortmund,82873,pascal gross,2500000.0
2025-26,GER1,borussia-dortmund,187492,julian brandt,15000000.0
2025-26,GER1,borussia-dortmund,504215,giovanni reyna,4000000.0
2025-26,GER1,borussia-dortmund,935019,danylo krevsun,500000.0
2025-26,GER1,borussia-dortmund,819215,julien duranville,6000000.0
2025-26,GER1,borussia-dortmund,1193849,mathis albert,300000.0
2025-26,GER1,borussia-dortmund,496094,karim adeyemi,40000000.0
2025-26,GER1,borussia-dortmund,866579,cole campbell,5000000.0
2025-26,GER1,borussia-dortmund,1058359,samuele inacio,15000000.0
2025-26,GER1,borussia-dortmund,578392,maximilian beier,40000000.0
2025-26,GER1,borussia-dortmund,270541,serhou guirassy,32000000.0
2025-26,GER1,borussia-dortmund,505653,fabio silva,22000000.0
2025-26,GER1,borussia-monchengladbach,284270,moritz nicolas,8000000.0
2025-26,GER1,borussia-monchengladbach,926301,tiago pereira cardoso,1500000.0
2025-26,GER1,borussia-monchengladbach,247915,jonas omlin,800000.0
2025-26,GER1,borussia-monchengladbach,455922,jan olschowsky,450000.0
2025-26,GER1,borussia-monchengladbach,31653,tobias sippel,300000.0
2025-26,GER1,borussia-monchengladbach,192635,nico elvedi,8000000.0
2025-26,GER1,borussia-monchengladbach,335209,kevin diks,5000000.0
2025-26,GER1,borussia-monchengladbach,671108,kota takai,5000000.0
2025-26,GER1,borussia-monchengladbach,724104,fabio chiarodia,3000000.0
2025-26,GER1,borussia-monchengladbach,196231,marvin friedrich,1800000.0
2025-26,GER1,borussia-monchengladbach,524285,luca netz,8000000.0
2025-26,GER1,borussia-monchengladbach,787151,lukas ullrich,6000000.0
2025-26,GER1,borussia-monchengladbach,504153,joe scally,7000000.0
2025-26,GER1,borussia-monchengladbach,405670,yannik engelhardt,7000000.0
2025-26,GER1,borussia-monchengladbach,196792,julian weigl,4500000.0
2025-26,GER1,borussia-monchengladbach,388409,philipp sander,4000000.0
2025-26,GER1,borussia-monchengladbach,1009463,niklas swider,250000.0
2025-26,GER1,borussia-monchengladbach,467434,rocco reitz,20000000.0
2025-26,GER1,borussia-monchengladbach,613192,jens castrop,10000000.0
2025-26,GER1,borussia-monchengladbach,610428,oscar fraulo,2500000.0
2025-26,GER1,borussia-monchengladbach,278332,florian neuhaus,2500000.0
2025-26,GER1,borussia-monchengladbach,1070979,wael mohya,17000000.0
2025-26,GER1,borussia-monchengladbach,504215,giovanni reyna,4000000.0
2025-26,GER1,borussia-monchengladbach,106872,kevin stoger,1800000.0
2025-26,GER1,borussia-monchengladbach,1067439,fritz fleck,300000.0
2025-26,GER1,borussia-monchengladbach,284010,robin hack,7000000.0
2025-26,GER1,borussia-monchengladbach,667251,hugo bolin,6000000.0
2025-26,GER1,borussia-monchengladbach,229006,franck honorat,7000000.0
2025-26,GER1,borussia-monchengladbach,629588,nathan ngoumou,3500000.0
2025-26,GER1,borussia-monchengladbach,884822,charles herrmann,800000.0
2025-26,GER1,borussia-monchengladbach,193033,tim kleindienst,8000000.0
2025-26,GER1,borussia-monchengladbach,550580,shuto machino,4000000.0
2025-26,GER1,borussia-monchengladbach,203123,haris tabakovic,3500000.0
2025-26,GER1,borussia-monchengladbach,1000675,alejo sarco,2000000.0
2025-26,GER1,borussia-monchengladbach,574201,grant leon ranos,600000.0
2025-26,GER1,borussia-monchengladbach,820723,jan urbich,300000.0
2025-26,GER1,eintracht-frankfurt,,Kauã Santos,7000000.0
2025-26,GER1,eintracht-frankfurt,,Michael Zetterer,4000000.0
2025-26,GER1,eintracht-frankfurt,,Jens Grahl,200000.0
2025-26,GER1,eintracht-frankfurt,,Nnamdi Collins,20000000.0
2025-26,GER1,eintracht-frankfurt,,Arthur Theate,17000000.0
2025-26,GER1,eintracht-frankfurt,,Robin Koch,10000000.0
2025-26,GER1,eintracht-frankfurt,,Aurèle Amenda,10000000.0
2025-26,GER1,eintracht-frankfurt,,Fousseny Doumbia,300000.0
2025-26,GER1,eintracht-frankfurt,,Nathaniel Brown,40000000.0
2025-26,GER1,eintracht-frankfurt,,Keita Kosugi,5000000.0
2025-26,GER1,eintracht-frankfurt,,Niels Nkounkou,2600000.0
2025-26,GER1,eintracht-frankfurt,,Rasmus Nissen Kristensen,10000000.0
2025-26,GER1,eintracht-frankfurt,,Elias Baum,4000000.0
2025-26,GER1,eintracht-frankfurt,,Aurélio Buta,2000000.0
2025-26,GER1,eintracht-frankfurt,,Timothy Chandler,350000.0
2025-26,GER1,eintracht-frankfurt,,Ellyes Skhiri,5000000.0
2025-26,GER1,eintracht-frankfurt,,Hugo Larsson,28000000.0
2025-26,GER1,eintracht-frankfurt,,Oscar Højlund,15000000.0
2025-26,GER1,eintracht-frankfurt,,Mahmoud Dahoud,2000000.0
2025-26,GER1,eintracht-frankfurt,,Can Uzun,45000000.0
2025-26,GER1,eintracht-frankfurt,,Farès Chaïbi,15000000.0
2025-26,GER1,eintracht-frankfurt,,Paxten Aaronson,6000000.0
2025-26,GER1,eintracht-frankfurt,,Love Arrhov,5000000.0
2025-26,GER1,eintracht-frankfurt,,Mario Götze,3000000.0
2025-26,GER1,eintracht-frankfurt,,Marvin Dills,800000.0
2025-26,GER1,eintracht-frankfurt,,Jean-Mattéo Bahoya,25000000.0
2025-26,GER1,eintracht-frankfurt,,Ritsu Doan,17000000.0
2025-26,GER1,eintracht-frankfurt,,Ansgar Knauff,15000000.0
2025-26,GER1,eintracht-frankfurt,,Ayoube Amaimouni-Echghouyab,10000000.0
2025-26,GER1,eintracht-frankfurt,,Jonathan Burkardt,30000000.0
2025-26,GER1,eintracht-frankfurt,,Arnaud Kalimuendo,25000000.0
2025-26,GER1,eintracht-frankfurt,,Elye Wahi,18000000.0
2025-26,GER1,eintracht-frankfurt,,Younes Ebnoutalib,8000000.0
2025-26,GER1,eintracht-frankfurt,,Michy Batshuayi,2000000.0
2025-26,GER1,eintracht-frankfurt,,Alexander Staff,1000000.0
2025-26,GER1,eintracht-frankfurt,,Jessic Ngankam,700000.0
2025-26,GER1,fc-augsburg,251299,finn dahmen,12000000.0
2025-26,GER1,fc-augsburg,610190,nediljko labrovic,2000000.0
2025-26,GER1,fc-augsburg,392124,daniel klein,150000.0
2025-26,GER1,fc-augsburg,569383,chrislain matsima,22000000.0
2025-26,GER1,fc-augsburg,923945,noahkai banks,20000000.0
2025-26,GER1,fc-augsburg,413843,keven schlotterbeck,6000000.0
2025-26,GER1,fc-augsburg,382478,cedric zesiger,5000000.0
2025-26,GER1,fc-augsburg,875332,arthur chaves,5000000.0
2025-26,GER1,fc-augsburg,106405,jeffrey gouweleeuw,1000000.0
2025-26,GER1,fc-augsburg,1069641,felix meiser,150000.0
2025-26,GER1,fc-augsburg,295630,dimitrios giannoulis,3000000.0
2025-26,GER1,fc-augsburg,288429,mads pedersen,800000.0
2025-26,GER1,fc-augsburg,960444,oliver sorg,400000.0
2025-26,GER1,fc-augsburg,193900,marius wolf,2500000.0
2025-26,GER1,fc-augsburg,374954,kristijan jakic,6000000.0
2025-26,GER1,fc-augsburg,264960,robin fellhauer,3500000.0
2025-26,GER1,fc-augsburg,342039,yannik keitel,2000000.0
2025-26,GER1,fc-augsburg,1162968,tim schnitzer,500000.0
2025-26,GER1,fc-augsburg,730486,mahmut kucuksahin,150000.0
2025-26,GER1,fc-augsburg,536508,han noah massengo,8000000.0
2025-26,GER1,fc-augsburg,280575,elvis rexhbecaj,3500000.0
2025-26,GER1,fc-augsburg,296397,arne maier,1500000.0
2025-26,GER1,fc-augsburg,384593,alexis claude maurice,15000000.0
2025-26,GER1,fc-augsburg,507341,fabian rieder,12000000.0
2025-26,GER1,fc-augsburg,777005,mert komur,12000000.0
2025-26,GER1,fc-augsburg,654234,anton kade,10000000.0
2025-26,GER1,fc-augsburg,810096,ismael gharbi,5000000.0
2025-26,GER1,fc-augsburg,526466,elias saad,2000000.0
2025-26,GER1,fc-augsburg,982863,kyliane dong,900000.0
2025-26,GER1,fc-augsburg,904723,aiman dardari,800000.0
2025-26,GER1,fc-augsburg,288340,phillip tietz,4000000.0
2025-26,GER1,fc-augsburg,726701,rodrigo ribeiro,4000000.0
2025-26,GER1,fc-augsburg,1309324,uchenna ogundu,4000000.0
2025-26,GER1,fc-augsburg,395522,samuel essende,2500000.0
2025-26,GER1,fc-augsburg,238639,steve mounie,1500000.0
2025-26,GER1,fc-augsburg,120205,michael gregoritsch,1500000.0
2025-26,GER1,fc-augsburg,675565,thomas kastanaras,300000.0
2025-26,GER1,fc-bayern-munchen,,Jonas Urbig,18000000.0
2025-26,GER1,fc-bayern-munchen,,Manuel Neuer,4000000.0
2025-26,GER1,fc-bayern-munchen,,Sven Ulreich,500000.0
2025-26,GER1,fc-bayern-munchen,,Leon Klanac,150000.0
2025-26,GER1,fc-bayern-munchen,,Jannis Bärtl,125000.0
2025-26,GER1,fc-bayern-munchen,,Dayot Upamecano,70000000.0
2025-26,GER1,fc-bayern-munchen,,Jonathan Tah,28000000.0
2025-26,GER1,fc-bayern-munchen,,Min-jae Kim,20000000.0
2025-26,GER1,fc-bayern-munchen,,Hiroki Ito,18000000.0
2025-26,GER1,fc-bayern-munchen,,Cassiano Kiala,2000000.0
2025-26,GER1,fc-bayern-munchen,,Filip Pavić,1000000.0
2025-26,GER1,fc-bayern-munchen,,Alphonso Davies,40000000.0
2025-26,GER1,fc-bayern-munchen,,Raphaël Guerreiro,5000000.0
2025-26,GER1,fc-bayern-munchen,,Deniz Ofli,2000000.0
2025-26,GER1,fc-bayern-munchen,,Josip Stanisic,40000000.0
2025-26,GER1,fc-bayern-munchen,,Konrad Laimer,32000000.0
2025-26,GER1,fc-bayern-munchen,,Sacha Boey,10000000.0
2025-26,GER1,fc-bayern-munchen,,Vincent Manuba,125000.0
2025-26,GER1,fc-bayern-munchen,,Aleksandar Pavlovic,90000000.0
2025-26,GER1,fc-bayern-munchen,,Joshua Kimmich,35000000.0
2025-26,GER1,fc-bayern-munchen,,David Santos Daiber,3000000.0
2025-26,GER1,fc-bayern-munchen,,Erblin Osmani,2000000.0
2025-26,GER1,fc-bayern-munchen,,Tom Bischof,40000000.0
2025-26,GER1,fc-bayern-munchen,,Leon Goretzka,12000000.0
2025-26,GER1,fc-bayern-munchen,,Felipe Chávez,4000000.0
2025-26,GER1,fc-bayern-munchen,,Bara Sapoko Ndiaye,4000000.0
2025-26,GER1,fc-bayern-munchen,,Javier Fernández,3000000.0
2025-26,GER1,fc-bayern-munchen,,Jamal Musiala,100000000.0
2025-26,GER1,fc-bayern-munchen,,Lennart Karl,60000000.0
2025-26,GER1,fc-bayern-munchen,,Guido Della Rovere,1500000.0
2025-26,GER1,fc-bayern-munchen,,Luis Díaz,70000000.0
2025-26,GER1,fc-bayern-munchen,,Wisdom Mike,5000000.0
2025-26,GER1,fc-bayern-munchen,,Maycon Cardozo,3000000.0
2025-26,GER1,fc-bayern-munchen,,Michael Olise,150000000.0
2025-26,GER1,fc-bayern-munchen,,Serge Gnabry,18000000.0
2025-26,GER1,fc-bayern-munchen,,Harry Kane,60000000.0
2025-26,GER1,fc-bayern-munchen,,Nicolas Jackson,40000000.0
2025-26,GER1,fc-bayern-munchen,,Jonah Kusi-Asare,3000000.0
2025-26,GER1,fc-st-pauli,248454,nikola vasilj,4500000.0
2025-26,GER1,fc-st-pauli,453742,ben voll,500000.0
2025-26,GER1,fc-st-pauli,527597,simon spari,350000.0
2025-26,GER1,fc-st-pauli,790733,emil gazdov,175000.0
2025-26,GER1,fc-st-pauli,292534,eric smith,5000000.0
2025-26,GER1,fc-st-pauli,610795,tomoya ando,3000000.0
2025-26,GER1,fc-st-pauli,451906,david nemeth,2500000.0
2025-26,GER1,fc-st-pauli,154147,hauke wahl,1500000.0
2025-26,GER1,fc-st-pauli,236966,adam dzwigala,800000.0
2025-26,GER1,fc-st-pauli,139304,karol mets,600000.0
2025-26,GER1,fc-st-pauli,909860,jannik robatsch,500000.0
2025-26,GER1,fc-st-pauli,605265,louis oppie,2500000.0
2025-26,GER1,fc-st-pauli,333903,lars ritzka,1000000.0
2025-26,GER1,fc-st-pauli,599733,arkadiusz pyrka,3500000.0
2025-26,GER1,fc-st-pauli,242661,manolis saliakas,2000000.0
2025-26,GER1,fc-st-pauli,587019,fin stevens,500000.0
2025-26,GER1,fc-st-pauli,393321,james sands,5000000.0
2025-26,GER1,fc-st-pauli,1003534,marwin schmitz,200000.0
2025-26,GER1,fc-st-pauli,697277,joel chima fujita,10000000.0
2025-26,GER1,fc-st-pauli,268327,mathias rasmussen,2000000.0
2025-26,GER1,fc-st-pauli,522223,connor metcalfe,1500000.0
2025-26,GER1,fc-st-pauli,192557,jackson irvine,1000000.0
2025-26,GER1,fc-st-pauli,501049,erik ahlstrand,400000.0
2025-26,GER1,fc-st-pauli,1152232,nick schmidt,125000.0
2025-26,GER1,fc-st-pauli,346499,danel sinani,3000000.0
2025-26,GER1,fc-st-pauli,424072,mathias pereira lage,2500000.0
2025-26,GER1,fc-st-pauli,487850,oladapo afolayan,1300000.0
2025-26,GER1,fc-st-pauli,596821,scott banks,400000.0
2025-26,GER1,fc-st-pauli,795387,romeo aigbekaen,100000.0
2025-26,GER1,fc-st-pauli,377729,martijn kaars,3000000.0
2025-26,GER1,fc-st-pauli,704155,andreas hountondji,3000000.0
2025-26,GER1,fc-st-pauli,677935,ricky jade jones,1200000.0
2025-26,GER1,fc-st-pauli,1280281,abdoulie ceesay,1000000.0
2025-26,GER1,fc-st-pauli,495752,taichi hara,1000000.0
2025-26,GER1,hamburger-sv,468539,daniel peretz,4000000.0
2025-26,GER1,hamburger-sv,549378,sander tangvik,3000000.0
2025-26,GER1,hamburger-sv,84993,daniel heuer fernandes,1200000.0
2025-26,GER1,hamburger-sv,1048715,fernando dickes,300000.0
2025-26,GER1,hamburger-sv,894692,hannes hermann,150000.0
2025-26,GER1,hamburger-sv,892160,luka vuskovic,60000000.0
2025-26,GER1,hamburger-sv,649672,nicolas capaldo,8000000.0
2025-26,GER1,hamburger-sv,711996,warmed omari,4000000.0
2025-26,GER1,hamburger-sv,227110,jordan torunarigha,4000000.0
2025-26,GER1,hamburger-sv,529895,daniel elfadli,3000000.0
2025-26,GER1,hamburger-sv,1052420,aboubaka soumahoro,1200000.0
2025-26,GER1,hamburger-sv,340521,gui ramos,750000.0
2025-26,GER1,hamburger-sv,1125079,shafiq nandja,500000.0
2025-26,GER1,hamburger-sv,298603,miro muheim,5000000.0
2025-26,GER1,hamburger-sv,469949,noah katterbach,600000.0
2025-26,GER1,hamburger-sv,1294853,louis lemke,300000.0
2025-26,GER1,hamburger-sv,743500,william mikelbrencis,3000000.0
2025-26,GER1,hamburger-sv,540056,giorgi gocholeishvili,2000000.0
2025-26,GER1,hamburger-sv,592534,nicolai remberg,9000000.0
2025-26,GER1,hamburger-sv,107574,jonas meffert,700000.0
2025-26,GER1,hamburger-sv,381967,albert sambi lokonga,12000000.0
2025-26,GER1,hamburger-sv,415194,bakery jatta,1000000.0
2025-26,GER1,hamburger-sv,537598,fabio vieira,18000000.0
2025-26,GER1,hamburger-sv,503866,albert gronbaek,5000000.0
2025-26,GER1,hamburger-sv,412935,immanuel pherai,1500000.0
2025-26,GER1,hamburger-sv,910582,omar megeed,150000.0
2025-26,GER1,hamburger-sv,1213681,alexander rossing lelesiit,5000000.0
2025-26,GER1,hamburger-sv,910541,fabio balde,5000000.0
2025-26,GER1,hamburger-sv,678655,philip otele,4000000.0
2025-26,GER1,hamburger-sv,291222,jean luc dompe,2500000.0
2025-26,GER1,hamburger-sv,694507,rayan philippe,4000000.0
2025-26,GER1,hamburger-sv,403177,emir sahiti,1700000.0
2025-26,GER1,hamburger-sv,470038,ransford konigsdorffer,5000000.0
2025-26,GER1,hamburger-sv,820241,damion downs,4000000.0
2025-26,GER1,hamburger-sv,1058520,otto stange,4000000.0
2025-26,GER1,hamburger-sv,196139,robert glatzel,1500000.0
2025-26,GER1,hamburger-sv,157635,yussuf poulsen,1000000.0
2025-26,GER1,rasenballsport-leipzig,,Maarten Vandevoordt,15000000.0
2025-26,GER1,rasenballsport-leipzig,,Péter Gulácsi,1000000.0
2025-26,GER1,rasenballsport-leipzig,,Leopold Zingerle,300000.0
2025-26,GER1,rasenballsport-leipzig,,Castello Lukeba,50000000.0
2025-26,GER1,rasenballsport-leipzig,,Lutsharel Geertruida,20000000.0
2025-26,GER1,rasenballsport-leipzig,,El Chadaille Bitshiabu,18000000.0
2025-26,GER1,rasenballsport-leipzig,,Willi Orbán,5000000.0
2025-26,GER1,rasenballsport-leipzig,,Lukas Klostermann,3500000.0
2025-26,GER1,rasenballsport-leipzig,,David Raum,25000000.0
2025-26,GER1,rasenballsport-leipzig,,Max Finkgräfe,5000000.0
2025-26,GER1,rasenballsport-leipzig,,Joyeux Masanka Bungi,400000.0
2025-26,GER1,rasenballsport-leipzig,,Ridle Baku,12000000.0
2025-26,GER1,rasenballsport-leipzig,,Benjamin Henrichs,7000000.0
2025-26,GER1,rasenballsport-leipzig,,Kosta Nedeljkovic,6000000.0
2025-26,GER1,rasenballsport-leipzig,,Nicolas Seiwald,25000000.0
2025-26,GER1,rasenballsport-leipzig,,Arthur Vermeeren,20000000.0
2025-26,GER1,rasenballsport-leipzig,,Assan Ouédraogo,28000000.0
2025-26,GER1,rasenballsport-leipzig,,Ezechiel Banzuzi,16000000.0
2025-26,GER1,rasenballsport-leipzig,,Xaver Schlager,10000000.0
2025-26,GER1,rasenballsport-leipzig,,Amadou Haidara,5000000.0
2025-26,GER1,rasenballsport-leipzig,,Xavi Simons,40000000.0
2025-26,GER1,rasenballsport-leipzig,,Christoph Baumgartner,40000000.0
2025-26,GER1,rasenballsport-leipzig,,Brajan Gruda,28000000.0
2025-26,GER1,rasenballsport-leipzig,,Andrija Maksimovic,9000000.0
2025-26,GER1,rasenballsport-leipzig,,Antonio Nusa,32000000.0
2025-26,GER1,rasenballsport-leipzig,,Suleman Sani,5000000.0
2025-26,GER1,rasenballsport-leipzig,,Tidiam Gomis,5000000.0
2025-26,GER1,rasenballsport-leipzig,,Dele Thomas,1000000.0
2025-26,GER1,rasenballsport-leipzig,,Yan Diomande,90000000.0
2025-26,GER1,rasenballsport-leipzig,,Johan Bakayoko,20000000.0
2025-26,GER1,rasenballsport-leipzig,,Rômulo,30000000.0
2025-26,GER1,rasenballsport-leipzig,,Loïs Openda,25000000.0
2025-26,GER1,rasenballsport-leipzig,,Conrad Harder,17000000.0
2025-26,GER1,rasenballsport-leipzig,,Timo Werner,3500000.0
2025-26,GER1,rasenballsport-leipzig,,Samba Konaté,1000000.0
2025-26,GER1,sc-freiburg,526845,noah atubolu,25000000.0
2025-26,GER1,sc-freiburg,284769,florian muller,1200000.0
2025-26,GER1,sc-freiburg,160954,jannik huth,400000.0
2025-26,GER1,sc-freiburg,863759,bruno ogbus,15000000.0
2025-26,GER1,sc-freiburg,225657,philipp lienhart,10000000.0
2025-26,GER1,sc-freiburg,599419,max rosenfelder,6000000.0
2025-26,GER1,sc-freiburg,124502,matthias ginter,5000000.0
2025-26,GER1,sc-freiburg,58995,anthony jung,600000.0
2025-26,GER1,sc-freiburg,815078,jordy makengo,6000000.0
2025-26,GER1,sc-freiburg,93707,christian gunter,2000000.0
2025-26,GER1,sc-freiburg,335993,philipp treu,15000000.0
2025-26,GER1,sc-freiburg,93604,lukas kubler,1500000.0
2025-26,GER1,sc-freiburg,443331,patrick osterhage,12000000.0
2025-26,GER1,sc-freiburg,55099,nicolas hofler,500000.0
2025-26,GER1,sc-freiburg,190284,maximilian eggestein,10000000.0
2025-26,GER1,sc-freiburg,1159439,rouven tarnutzer,400000.0
2025-26,GER1,sc-freiburg,907082,karl steinmann,150000.0
2025-26,GER1,sc-freiburg,927353,johan manzambi,50000000.0
2025-26,GER1,sc-freiburg,608832,merlin rohl,16000000.0
2025-26,GER1,sc-freiburg,272587,daniel kofi kyereh,100000.0
2025-26,GER1,sc-freiburg,820957,derry scherhant,7500000.0
2025-26,GER1,sc-freiburg,185077,vincenzo grifo,4000000.0
2025-26,GER1,sc-freiburg,342967,niklas beste,10000000.0
2025-26,GER1,sc-freiburg,1145064,cyriaque irie,8000000.0
2025-26,GER1,sc-freiburg,645774,eren dinkci,6000000.0
2025-26,GER1,sc-freiburg,668606,yuito suzuki,24000000.0
2025-26,GER1,sc-freiburg,143891,maximilian philipp,500000.0
2025-26,GER1,sc-freiburg,605268,igor matanovic,22000000.0
2025-26,GER1,sc-freiburg,452477,junior adamu,3000000.0
2025-26,GER1,sc-freiburg,248999,lucas holer,3000000.0
2025-26,GER1,sv-werder-bremen,620295,mio backhaus,15000000.0
2025-26,GER1,sv-werder-bremen,196813,michael zetterer,4000000.0
2025-26,GER1,sv-werder-bremen,493513,karl hein,3000000.0
2025-26,GER1,sv-werder-bremen,99451,markus kolke,300000.0
2025-26,GER1,sv-werder-bremen,1025989,stefan smarkalev,150000.0
2025-26,GER1,sv-werder-bremen,1084638,karim coulibaly,28000000.0
2025-26,GER1,sv-werder-bremen,156990,marco friedl,10000000.0
2025-26,GER1,sv-werder-bremen,334221,amos pieper,4000000.0
2025-26,GER1,sv-werder-bremen,263361,maximilian wober,3000000.0
2025-26,GER1,sv-werder-bremen,162434,niklas stark,2500000.0
2025-26,GER1,sv-werder-bremen,830108,julian malatini,2000000.0
2025-26,GER1,sv-werder-bremen,1045986,mick schmetgens,700000.0
2025-26,GER1,sv-werder-bremen,1032924,mats heitmann,125000.0
2025-26,GER1,sv-werder-bremen,393512,felix agu,4500000.0
2025-26,GER1,sv-werder-bremen,621802,olivier deman,3500000.0
2025-26,GER1,sv-werder-bremen,405385,yukinari sugawara,5500000.0
2025-26,GER1,sv-werder-bremen,119211,mitchell weiser,3000000.0
2025-26,GER1,sv-werder-bremen,449597,isaac schmidt,2200000.0
2025-26,GER1,sv-werder-bremen,338668,senne lynen,8000000.0
2025-26,GER1,sv-werder-bremen,855134,skelly alvero,2000000.0
2025-26,GER1,sv-werder-bremen,1074523,wesley adeh,250000.0
2025-26,GER1,sv-werder-bremen,289835,jens stage,14000000.0
2025-26,GER1,sv-werder-bremen,449592,cameron puertas,7000000.0
2025-26,GER1,sv-werder-bremen,93844,leonardo bittencourt,900000.0
2025-26,GER1,sv-werder-bremen,670116,isak hansen aaroen,600000.0
2025-26,GER1,sv-werder-bremen,825073,leon opitz,600000.0
2025-26,GER1,sv-werder-bremen,346853,romano schmid,15000000.0
2025-26,GER1,sv-werder-bremen,1114155,patrice covic,4000000.0
2025-26,GER1,sv-werder-bremen,654991,samuel mbangula,8000000.0
2025-26,GER1,sv-werder-bremen,391766,marco grull,4000000.0
2025-26,GER1,sv-werder-bremen,596153,justin njinmah,5000000.0
2025-26,GER1,sv-werder-bremen,943795,jovan milosevic,7000000.0
2025-26,GER1,sv-werder-bremen,656681,victor boniface,5000000.0
2025-26,GER1,sv-werder-bremen,701757,keke topp,3000000.0
2025-26,GER1,sv-werder-bremen,1042472,salim musah,2000000.0
2025-26,GER1,tsg-1899-hoffenheim,55089,oliver baumann,2500000.0
2025-26,GER1,tsg-1899-hoffenheim,432671,luca philipp,750000.0
2025-26,GER1,tsg-1899-hoffenheim,718460,lukas petersson,600000.0
2025-26,GER1,tsg-1899-hoffenheim,579459,albian hajdari,25000000.0
2025-26,GER1,tsg-1899-hoffenheim,361260,ozan kabak,15000000.0
2025-26,GER1,tsg-1899-hoffenheim,620217,robin hranac,10000000.0
2025-26,GER1,tsg-1899-hoffenheim,415035,koki machida,6000000.0
2025-26,GER1,tsg-1899-hoffenheim,875332,arthur chaves,5000000.0
2025-26,GER1,tsg-1899-hoffenheim,160241,kevin akpoguma,1500000.0
2025-26,GER1,tsg-1899-hoffenheim,553539,valentin lassig,800000.0
2025-26,GER1,tsg-1899-hoffenheim,934529,kelven frees,500000.0
2025-26,GER1,tsg-1899-hoffenheim,364258,bernardo,4000000.0
2025-26,GER1,tsg-1899-hoffenheim,569387,valentin gendrey,6000000.0
2025-26,GER1,tsg-1899-hoffenheim,157672,vladimir coufal,2500000.0
2025-26,GER1,tsg-1899-hoffenheim,1009442,luca erlein,2000000.0
2025-26,GER1,tsg-1899-hoffenheim,667457,leon avdullahu,30000000.0
2025-26,GER1,tsg-1899-hoffenheim,412953,wouter burger,20000000.0
2025-26,GER1,tsg-1899-hoffenheim,1116191,luis engelns,4000000.0
2025-26,GER1,tsg-1899-hoffenheim,569031,umut tohumcu,3500000.0
2025-26,GER1,tsg-1899-hoffenheim,234029,grischa promel,3500000.0
2025-26,GER1,tsg-1899-hoffenheim,685484,luka duric,800000.0
2025-26,GER1,tsg-1899-hoffenheim,434116,alexander prass,9000000.0
2025-26,GER1,tsg-1899-hoffenheim,789898,muhammed damar,5000000.0
2025-26,GER1,tsg-1899-hoffenheim,1067904,bazoumana toure,40000000.0
2025-26,GER1,tsg-1899-hoffenheim,1108022,deniz zeitler,4000000.0
2025-26,GER1,tsg-1899-hoffenheim,866579,cole campbell,5000000.0
2025-26,GER1,tsg-1899-hoffenheim,46580,andrej kramaric,2500000.0
2025-26,GER1,tsg-1899-hoffenheim,524290,fisnik asllani,35000000.0
2025-26,GER1,tsg-1899-hoffenheim,553285,tim lemperle,17000000.0
2025-26,GER1,tsg-1899-hoffenheim,552057,adam hlozek,10000000.0
2025-26,GER1,tsg-1899-hoffenheim,923595,max moerstedt,7000000.0
2025-26,GER1,tsg-1899-hoffenheim,974894,david mokwa,4000000.0
2025-26,GER1,tsg-1899-hoffenheim,930998,yannick eduardo,2500000.0
2025-26,GER1,tsg-1899-hoffenheim,237164,ihlas bebou,600000.0
2025-26,GER1,tsg-1899-hoffenheim,1363814,precious benjamin,250000.0
2025-26,GER1,vfb-stuttgart,195778,alexander nubel,12000000.0
2025-26,GER1,vfb-stuttgart,1009438,florian hellstern,4000000.0
2025-26,GER1,vfb-stuttgart,187624,fabian bredlow,700000.0
2025-26,GER1,vfb-stuttgart,388067,stefan drljaca,300000.0
2025-26,GER1,vfb-stuttgart,924117,finn jeltsch,35000000.0
2025-26,GER1,vfb-stuttgart,436064,ramon hendriks,25000000.0
2025-26,GER1,vfb-stuttgart,303219,jeff chabot,15000000.0
2025-26,GER1,vfb-stuttgart,539798,luca jaquez,10000000.0
2025-26,GER1,vfb-stuttgart,620598,ameen al dakhil,3000000.0
2025-26,GER1,vfb-stuttgart,344598,dan axel zagadou,2000000.0
2025-26,GER1,vfb-stuttgart,989613,maximilian herwerth,800000.0
2025-26,GER1,vfb-stuttgart,282660,maximilian mittelstadt,18000000.0
2025-26,GER1,vfb-stuttgart,448258,josha vagnoman,10000000.0
2025-26,GER1,vfb-stuttgart,711969,lorenz assignon,9000000.0
2025-26,GER1,vfb-stuttgart,507345,leonidas stergiou,2500000.0
2025-26,GER1,vfb-stuttgart,842217,christopher olivier,1200000.0
2025-26,GER1,vfb-stuttgart,195246,pascal stenzel,1200000.0
2025-26,GER1,vfb-stuttgart,443710,angelo stiller,45000000.0
2025-26,GER1,vfb-stuttgart,948279,chema andres,20000000.0
2025-26,GER1,vfb-stuttgart,232320,atakan karazor,8000000.0
2025-26,GER1,vfb-stuttgart,1131117,mirza catovic,4000000.0
2025-26,GER1,vfb-stuttgart,400546,nikolas nartey,10000000.0
2025-26,GER1,vfb-stuttgart,960462,yanik spalt,750000.0
2025-26,GER1,vfb-stuttgart,654982,bilal el khannouss,35000000.0
2025-26,GER1,vfb-stuttgart,897480,noah darvich,4000000.0
2025-26,GER1,vfb-stuttgart,272278,chris fuhrich,12000000.0
2025-26,GER1,vfb-stuttgart,720162,justin diehl,1200000.0
2025-26,GER1,vfb-stuttgart,518505,jamie leweling,40000000.0
2025-26,GER1,vfb-stuttgart,616344,tiago tomas,15000000.0
2025-26,GER1,vfb-stuttgart,707242,badredine bouanani,10000000.0
2025-26,GER1,vfb-stuttgart,897505,lazar jovanovic,3500000.0
2025-26,GER1,vfb-stuttgart,1031773,lauri penna,400000.0
2025-26,GER1,vfb-stuttgart,455661,nick woltemade,55000000.0
2025-26,GER1,vfb-stuttgart,335457,ermedin demirovic,22000000.0
2025-26,GER1,vfb-stuttgart,339314,deniz undav,22000000.0
2025-26,GER1,vfb-stuttgart,971663,jeremy arevalo,7000000.0
2025-26,GER1,vfl-wolfsburg,,Kamil Grabara,12000000.0
2025-26,GER1,vfl-wolfsburg,,Marius Müller,700000.0
2025-26,GER1,vfl-wolfsburg,,Jakub Zieliński,500000.0
2025-26,GER1,vfl-wolfsburg,,Pavao Pervan,300000.0
2025-26,GER1,vfl-wolfsburg,,Konstantinos Koulierakis,25000000.0
2025-26,GER1,vfl-wolfsburg,,Jeanuël Belocian,12000000.0
2025-26,GER1,vfl-wolfsburg,,Jonas Adjetey,6000000.0
2025-26,GER1,vfl-wolfsburg,,David Odogu,5000000.0
2025-26,GER1,vfl-wolfsburg,,Denis Vavro,5000000.0
2025-26,GER1,vfl-wolfsburg,,Jenson Seelt,5000000.0
2025-26,GER1,vfl-wolfsburg,,Moritz Jenz,5000000.0
2025-26,GER1,vfl-wolfsburg,,Mathys Angély,1000000.0
2025-26,GER1,vfl-wolfsburg,,Cleiton,800000.0
2025-26,GER1,vfl-wolfsburg,,Joakim Maehle,7000000.0
2025-26,GER1,vfl-wolfsburg,,Aaron Zehnter,5000000.0
2025-26,GER1,vfl-wolfsburg,,Rogério,1000000.0
2025-26,GER1,vfl-wolfsburg,,Saël Kumbedi,12000000.0
2025-26,GER1,vfl-wolfsburg,,Kilian Fischer,4000000.0
2025-26,GER1,vfl-wolfsburg,,Jan Bürger,3000000.0
2025-26,GER1,vfl-wolfsburg,,Vini Souza,7000000.0
2025-26,GER1,vfl-wolfsburg,,Mattias Svanberg,8000000.0
2025-26,GER1,vfl-wolfsburg,,Maximilian Arnold,3000000.0
2025-26,GER1,vfl-wolfsburg,,Pharell Hensel,3000000.0
2025-26,GER1,vfl-wolfsburg,,Yannick Gerhardt,1800000.0
2025-26,GER1,vfl-wolfsburg,,Kevin Paredes,2000000.0
2025-26,GER1,vfl-wolfsburg,,Lovro Majer,8000000.0
2025-26,GER1,vfl-wolfsburg,,Bence Dárdai,5000000.0
2025-26,GER1,vfl-wolfsburg,,Christian Eriksen,2500000.0
2025-26,GER1,vfl-wolfsburg,,Patrick Wimmer,12000000.0
2025-26,GER1,vfl-wolfsburg,,Adam Daghim,7500000.0
2025-26,GER1,vfl-wolfsburg,,Vaclav Cerny,7000000.0
2025-26,GER1,vfl-wolfsburg,,Andreas Skov Olsen,6000000.0
2025-26,GER1,vfl-wolfsburg,,Jesper Lindstrøm,4000000.0
2025-26,GER1,vfl-wolfsburg,,Mohamed Amoura,20000000.0
2025-26,GER1,vfl-wolfsburg,,Dzenan Pejcinovic,15000000.0
2025-26,GER1,vfl-wolfsburg,,Kento Shiogai,8000000.0
2025-26,GER1,vfl-wolfsburg,,Jonas Wind,4000000.0
